animal_id,group,project,experiment,cluster,time_bin,percentage,seconds,time_min
11.4,Control,"Sanguino-Gomez and Krugers, 2024",1,Inaccurate tracking,t_030s,20.133333333333333,30.0,0.5
11.4,Control,"Sanguino-Gomez and Krugers, 2024",1,Inaccurate tracking,t_060s,32.0,60.0,1.0
11.4,Control,"Sanguino-Gomez and Krugers, 2024",1,Inaccurate tracking,t_090s,18.799999999999997,90.0,1.5
11.4,Control,"Sanguino-Gomez and Krugers, 2024",1,Inaccurate tracking,t_120s,27.866666666666664,120.0,2.0
11.4,Control,"Sanguino-Gomez and Krugers, 2024",1,Inaccurate tracking,t_150s,4.933333333333334,150.0,2.5
11.4,Control,"Sanguino-Gomez and Krugers, 2024",1,Inaccurate tracking,t_180s,2.1333333333333333,180.0,3.0
11.4,Control,"Sanguino-Gomez and Krugers, 2024",1,Inaccurate tracking,t_210s,24.133333333333333,210.0,3.5
11.4,Control,"Sanguino-Gomez and Krugers, 2024",1,Inaccurate tracking,t_240s,66.93333333333332,240.0,4.0
11.4,Control,"Sanguino-Gomez and Krugers, 2024",1,Inaccurate tracking,t_270s,1.3333333333333335,270.0,4.5
11.4,Control,"Sanguino-Gomez and Krugers, 2024",1,Inaccurate tracking,t_300s,7.2,300.0,5.0
11.4,Control,"Sanguino-Gomez and Krugers, 2024",1,Inaccurate tracking,t_330s,41.2,330.0,5.5
11.4,Control,"Sanguino-Gomez and Krugers, 2024",1,Inaccurate tracking,t_360s,41.2,360.0,6.0
11.4,Control,"Sanguino-Gomez and Krugers, 2024",1,Inaccurate tracking,t_390s,21.733333333333334,390.0,6.5
11.4,Control,"Sanguino-Gomez and Krugers, 2024",1,Inaccurate tracking,t_420s,1.0666666666666669,420.0,7.0
11.4,Control,"Sanguino-Gomez and Krugers, 2024",1,Inaccurate tracking,t_450s,0.0,450.0,7.5
11.4,Control,"Sanguino-Gomez and Krugers, 2024",1,Mix behaviors,t_030s,7.733333333333334,30.0,0.5
11.4,Control,"Sanguino-Gomez and Krugers, 2024",1,Mix behaviors,t_060s,1.7333333333333334,60.0,1.0
11.4,Control,"Sanguino-Gomez and Krugers, 2024",1,Mix behaviors,t_090s,14.4,90.0,1.5
11.4,Control,"Sanguino-Gomez and Krugers, 2024",1,Mix behaviors,t_120s,4.266666666666667,120.0,2.0
11.4,Control,"Sanguino-Gomez and Krugers, 2024",1,Mix behaviors,t_150s,4.0,150.0,2.5
11.4,Control,"Sanguino-Gomez and Krugers, 2024",1,Mix behaviors,t_180s,13.866666666666664,180.0,3.0
11.4,Control,"Sanguino-Gomez and Krugers, 2024",1,Mix behaviors,t_210s,8.133333333333333,210.0,3.5
11.4,Control,"Sanguino-Gomez and Krugers, 2024",1,Mix behaviors,t_240s,5.466666666666667,240.0,4.0
11.4,Control,"Sanguino-Gomez and Krugers, 2024",1,Mix behaviors,t_270s,7.866666666666667,270.0,4.5
11.4,Control,"Sanguino-Gomez and Krugers, 2024",1,Mix behaviors,t_300s,0.0,300.0,5.0
11.4,Control,"Sanguino-Gomez and Krugers, 2024",1,Mix behaviors,t_330s,0.0,330.0,5.5
11.4,Control,"Sanguino-Gomez and Krugers, 2024",1,Mix behaviors,t_360s,2.533333333333333,360.0,6.0
11.4,Control,"Sanguino-Gomez and Krugers, 2024",1,Mix behaviors,t_390s,0.0,390.0,6.5
11.4,Control,"Sanguino-Gomez and Krugers, 2024",1,Mix behaviors,t_420s,4.266666666666667,420.0,7.0
11.4,Control,"Sanguino-Gomez and Krugers, 2024",1,Mix behaviors,t_450s,0.0,450.0,7.5
11.6,Control,"Sanguino-Gomez and Krugers, 2024",1,Inaccurate tracking,t_030s,23.06666666666667,30.0,0.5
11.6,Control,"Sanguino-Gomez and Krugers, 2024",1,Inaccurate tracking,t_060s,25.73333333333333,60.0,1.0
11.6,Control,"Sanguino-Gomez and Krugers, 2024",1,Inaccurate tracking,t_090s,13.333333333333332,90.0,1.5
11.6,Control,"Sanguino-Gomez and Krugers, 2024",1,Inaccurate tracking,t_120s,20.133333333333333,120.0,2.0
11.6,Control,"Sanguino-Gomez and Krugers, 2024",1,Inaccurate tracking,t_150s,12.266666666666667,150.0,2.5
11.6,Control,"Sanguino-Gomez and Krugers, 2024",1,Inaccurate tracking,t_180s,27.46666666666666,180.0,3.0
11.6,Control,"Sanguino-Gomez and Krugers, 2024",1,Inaccurate tracking,t_210s,8.133333333333333,210.0,3.5
11.6,Control,"Sanguino-Gomez and Krugers, 2024",1,Inaccurate tracking,t_240s,63.733333333333334,240.0,4.0
11.6,Control,"Sanguino-Gomez and Krugers, 2024",1,Inaccurate tracking,t_270s,27.2,270.0,4.5
11.6,Control,"Sanguino-Gomez and Krugers, 2024",1,Inaccurate tracking,t_300s,37.333333333333336,300.0,5.0
11.6,Control,"Sanguino-Gomez and Krugers, 2024",1,Inaccurate tracking,t_330s,1.2,330.0,5.5
11.6,Control,"Sanguino-Gomez and Krugers, 2024",1,Inaccurate tracking,t_360s,9.733333333333333,360.0,6.0
11.6,Control,"Sanguino-Gomez and Krugers, 2024",1,Inaccurate tracking,t_390s,22.266666666666666,390.0,6.5
11.6,Control,"Sanguino-Gomez and Krugers, 2024",1,Inaccurate tracking,t_420s,5.733333333333333,420.0,7.0
11.6,Control,"Sanguino-Gomez and Krugers, 2024",1,Inaccurate tracking,t_450s,8.266666666666666,450.0,7.5
11.6,Control,"Sanguino-Gomez and Krugers, 2024",1,Mix behaviors,t_030s,1.866666666666667,30.0,0.5
11.6,Control,"Sanguino-Gomez and Krugers, 2024",1,Mix behaviors,t_060s,41.73333333333333,60.0,1.0
11.6,Control,"Sanguino-Gomez and Krugers, 2024",1,Mix behaviors,t_090s,0.0,90.0,1.5
11.6,Control,"Sanguino-Gomez and Krugers, 2024",1,Mix behaviors,t_120s,8.399999999999999,120.0,2.0
11.6,Control,"Sanguino-Gomez and Krugers, 2024",1,Mix behaviors,t_150s,12.0,150.0,2.5
11.6,Control,"Sanguino-Gomez and Krugers, 2024",1,Mix behaviors,t_180s,4.0,180.0,3.0
11.6,Control,"Sanguino-Gomez and Krugers, 2024",1,Mix behaviors,t_210s,5.066666666666666,210.0,3.5
11.6,Control,"Sanguino-Gomez and Krugers, 2024",1,Mix behaviors,t_240s,2.5333333333333337,240.0,4.0
11.6,Control,"Sanguino-Gomez and Krugers, 2024",1,Mix behaviors,t_270s,0.0,270.0,4.5
11.6,Control,"Sanguino-Gomez and Krugers, 2024",1,Mix behaviors,t_300s,0.0,300.0,5.0
11.6,Control,"Sanguino-Gomez and Krugers, 2024",1,Mix behaviors,t_330s,0.0,330.0,5.5
11.6,Control,"Sanguino-Gomez and Krugers, 2024",1,Mix behaviors,t_360s,5.866666666666666,360.0,6.0
11.6,Control,"Sanguino-Gomez and Krugers, 2024",1,Mix behaviors,t_390s,5.466666666666667,390.0,6.5
11.6,Control,"Sanguino-Gomez and Krugers, 2024",1,Mix behaviors,t_420s,0.0,420.0,7.0
11.6,Control,"Sanguino-Gomez and Krugers, 2024",1,Mix behaviors,t_450s,0.6666666666666667,450.0,7.5
123.1,ELS,"Sanguino-Gomez et al., 2024",3,Inaccurate tracking,t_030s,1.2,30.0,0.5
123.1,ELS,"Sanguino-Gomez et al., 2024",3,Inaccurate tracking,t_060s,9.466666666666667,60.0,1.0
123.1,ELS,"Sanguino-Gomez et al., 2024",3,Inaccurate tracking,t_090s,6.0,90.0,1.5
123.1,ELS,"Sanguino-Gomez et al., 2024",3,Inaccurate tracking,t_120s,0.0,120.0,2.0
123.1,ELS,"Sanguino-Gomez et al., 2024",3,Inaccurate tracking,t_150s,16.133333333333333,150.0,2.5
123.1,ELS,"Sanguino-Gomez et al., 2024",3,Inaccurate tracking,t_180s,13.066666666666665,180.0,3.0
123.1,ELS,"Sanguino-Gomez et al., 2024",3,Inaccurate tracking,t_210s,4.000000000000001,210.0,3.5
123.1,ELS,"Sanguino-Gomez et al., 2024",3,Inaccurate tracking,t_240s,0.0,240.0,4.0
123.1,ELS,"Sanguino-Gomez et al., 2024",3,Inaccurate tracking,t_270s,0.0,270.0,4.5
123.1,ELS,"Sanguino-Gomez et al., 2024",3,Inaccurate tracking,t_300s,2.1333333333333333,300.0,5.0
123.1,ELS,"Sanguino-Gomez et al., 2024",3,Inaccurate tracking,t_330s,0.0,330.0,5.5
123.1,ELS,"Sanguino-Gomez et al., 2024",3,Inaccurate tracking,t_360s,0.0,360.0,6.0
123.1,ELS,"Sanguino-Gomez et al., 2024",3,Inaccurate tracking,t_390s,1.8666666666666665,390.0,6.5
123.1,ELS,"Sanguino-Gomez et al., 2024",3,Inaccurate tracking,t_420s,0.6666666666666667,420.0,7.0
123.1,ELS,"Sanguino-Gomez et al., 2024",3,Inaccurate tracking,t_450s,0.0,450.0,7.5
123.1,ELS,"Sanguino-Gomez et al., 2024",3,Mix behaviors,t_030s,20.53333333333333,30.0,0.5
123.1,ELS,"Sanguino-Gomez et al., 2024",3,Mix behaviors,t_060s,15.066666666666666,60.0,1.0
123.1,ELS,"Sanguino-Gomez et al., 2024",3,Mix behaviors,t_090s,0.0,90.0,1.5
123.1,ELS,"Sanguino-Gomez et al., 2024",3,Mix behaviors,t_120s,4.0,120.0,2.0
123.1,ELS,"Sanguino-Gomez et al., 2024",3,Mix behaviors,t_150s,31.2,150.0,2.5
123.1,ELS,"Sanguino-Gomez et al., 2024",3,Mix behaviors,t_180s,8.933333333333334,180.0,3.0
123.1,ELS,"Sanguino-Gomez et al., 2024",3,Mix behaviors,t_210s,2.933333333333333,210.0,3.5
123.1,ELS,"Sanguino-Gomez et al., 2024",3,Mix behaviors,t_240s,2.0,240.0,4.0
123.1,ELS,"Sanguino-Gomez et al., 2024",3,Mix behaviors,t_270s,0.6666666666666667,270.0,4.5
123.1,ELS,"Sanguino-Gomez et al., 2024",3,Mix behaviors,t_300s,0.5333333333333333,300.0,5.0
123.1,ELS,"Sanguino-Gomez et al., 2024",3,Mix behaviors,t_330s,0.0,330.0,5.5
123.1,ELS,"Sanguino-Gomez et al., 2024",3,Mix behaviors,t_360s,4.8,360.0,6.0
123.1,ELS,"Sanguino-Gomez et al., 2024",3,Mix behaviors,t_390s,18.799999999999997,390.0,6.5
123.1,ELS,"Sanguino-Gomez et al., 2024",3,Mix behaviors,t_420s,8.933333333333334,420.0,7.0
123.1,ELS,"Sanguino-Gomez et al., 2024",3,Mix behaviors,t_450s,22.933333333333334,450.0,7.5
123.3,ELS,"Sanguino-Gomez et al., 2024",3,Inaccurate tracking,t_030s,24.0,30.0,0.5
123.3,ELS,"Sanguino-Gomez et al., 2024",3,Inaccurate tracking,t_060s,11.333333333333334,60.0,1.0
123.3,ELS,"Sanguino-Gomez et al., 2024",3,Inaccurate tracking,t_090s,27.733333333333334,90.0,1.5
123.3,ELS,"Sanguino-Gomez et al., 2024",3,Inaccurate tracking,t_120s,43.73333333333333,120.0,2.0
123.3,ELS,"Sanguino-Gomez et al., 2024",3,Inaccurate tracking,t_150s,26.8,150.0,2.5
123.3,ELS,"Sanguino-Gomez et al., 2024",3,Inaccurate tracking,t_180s,7.466666666666667,180.0,3.0
123.3,ELS,"Sanguino-Gomez et al., 2024",3,Inaccurate tracking,t_210s,21.066666666666666,210.0,3.5
123.3,ELS,"Sanguino-Gomez et al., 2024",3,Inaccurate tracking,t_240s,3.333333333333333,240.0,4.0
123.3,ELS,"Sanguino-Gomez et al., 2024",3,Inaccurate tracking,t_270s,0.0,270.0,4.5
123.3,ELS,"Sanguino-Gomez et al., 2024",3,Inaccurate tracking,t_300s,2.0,300.0,5.0
123.3,ELS,"Sanguino-Gomez et al., 2024",3,Inaccurate tracking,t_330s,8.533333333333333,330.0,5.5
123.3,ELS,"Sanguino-Gomez et al., 2024",3,Inaccurate tracking,t_360s,10.799999999999999,360.0,6.0
123.3,ELS,"Sanguino-Gomez et al., 2024",3,Inaccurate tracking,t_390s,2.0,390.0,6.5
123.3,ELS,"Sanguino-Gomez et al., 2024",3,Inaccurate tracking,t_420s,0.8,420.0,7.0
123.3,ELS,"Sanguino-Gomez et al., 2024",3,Inaccurate tracking,t_450s,0.0,450.0,7.5
123.3,ELS,"Sanguino-Gomez et al., 2024",3,Mix behaviors,t_030s,9.733333333333333,30.0,0.5
123.3,ELS,"Sanguino-Gomez et al., 2024",3,Mix behaviors,t_060s,7.066666666666667,60.0,1.0
123.3,ELS,"Sanguino-Gomez et al., 2024",3,Mix behaviors,t_090s,3.733333333333334,90.0,1.5
123.3,ELS,"Sanguino-Gomez et al., 2024",3,Mix behaviors,t_120s,6.2666666666666675,120.0,2.0
123.3,ELS,"Sanguino-Gomez et al., 2024",3,Mix behaviors,t_150s,14.266666666666666,150.0,2.5
123.3,ELS,"Sanguino-Gomez et al., 2024",3,Mix behaviors,t_180s,4.133333333333333,180.0,3.0
123.3,ELS,"Sanguino-Gomez et al., 2024",3,Mix behaviors,t_210s,4.133333333333333,210.0,3.5
123.3,ELS,"Sanguino-Gomez et al., 2024",3,Mix behaviors,t_240s,0.0,240.0,4.0
123.3,ELS,"Sanguino-Gomez et al., 2024",3,Mix behaviors,t_270s,0.0,270.0,4.5
123.3,ELS,"Sanguino-Gomez et al., 2024",3,Mix behaviors,t_300s,2.8,300.0,5.0
123.3,ELS,"Sanguino-Gomez et al., 2024",3,Mix behaviors,t_330s,0.0,330.0,5.5
123.3,ELS,"Sanguino-Gomez et al., 2024",3,Mix behaviors,t_360s,0.8,360.0,6.0
123.3,ELS,"Sanguino-Gomez et al., 2024",3,Mix behaviors,t_390s,0.0,390.0,6.5
123.3,ELS,"Sanguino-Gomez et al., 2024",3,Mix behaviors,t_420s,0.0,420.0,7.0
123.3,ELS,"Sanguino-Gomez et al., 2024",3,Mix behaviors,t_450s,0.0,450.0,7.5
128.4,ELS,"Sanguino-Gomez et al., 2024",3,Inaccurate tracking,t_030s,2.533333333333333,30.0,0.5
128.4,ELS,"Sanguino-Gomez et al., 2024",3,Inaccurate tracking,t_060s,1.3333333333333337,60.0,1.0
128.4,ELS,"Sanguino-Gomez et al., 2024",3,Inaccurate tracking,t_090s,0.0,90.0,1.5
128.4,ELS,"Sanguino-Gomez et al., 2024",3,Inaccurate tracking,t_120s,0.4,120.0,2.0
128.4,ELS,"Sanguino-Gomez et al., 2024",3,Inaccurate tracking,t_150s,6.933333333333333,150.0,2.5
128.4,ELS,"Sanguino-Gomez et al., 2024",3,Inaccurate tracking,t_180s,0.4,180.0,3.0
128.4,ELS,"Sanguino-Gomez et al., 2024",3,Inaccurate tracking,t_210s,0.1333333333333333,210.0,3.5
128.4,ELS,"Sanguino-Gomez et al., 2024",3,Inaccurate tracking,t_240s,0.0,240.0,4.0
128.4,ELS,"Sanguino-Gomez et al., 2024",3,Inaccurate tracking,t_270s,0.0,270.0,4.5
128.4,ELS,"Sanguino-Gomez et al., 2024",3,Inaccurate tracking,t_300s,18.666666666666664,300.0,5.0
128.4,ELS,"Sanguino-Gomez et al., 2024",3,Inaccurate tracking,t_330s,0.0,330.0,5.5
128.4,ELS,"Sanguino-Gomez et al., 2024",3,Inaccurate tracking,t_360s,0.0,360.0,6.0
128.4,ELS,"Sanguino-Gomez et al., 2024",3,Inaccurate tracking,t_390s,0.0,390.0,6.5
128.4,ELS,"Sanguino-Gomez et al., 2024",3,Inaccurate tracking,t_420s,0.0,420.0,7.0
128.4,ELS,"Sanguino-Gomez et al., 2024",3,Inaccurate tracking,t_450s,0.0,450.0,7.5
128.4,ELS,"Sanguino-Gomez et al., 2024",3,Mix behaviors,t_030s,2.0,30.0,0.5
128.4,ELS,"Sanguino-Gomez et al., 2024",3,Mix behaviors,t_060s,6.666666666666667,60.0,1.0
128.4,ELS,"Sanguino-Gomez et al., 2024",3,Mix behaviors,t_090s,21.999999999999996,90.0,1.5
128.4,ELS,"Sanguino-Gomez et al., 2024",3,Mix behaviors,t_120s,17.733333333333334,120.0,2.0
128.4,ELS,"Sanguino-Gomez et al., 2024",3,Mix behaviors,t_150s,1.0666666666666669,150.0,2.5
128.4,ELS,"Sanguino-Gomez et al., 2024",3,Mix behaviors,t_180s,1.7333333333333332,180.0,3.0
128.4,ELS,"Sanguino-Gomez et al., 2024",3,Mix behaviors,t_210s,1.4666666666666666,210.0,3.5
128.4,ELS,"Sanguino-Gomez et al., 2024",3,Mix behaviors,t_240s,13.466666666666663,240.0,4.0
128.4,ELS,"Sanguino-Gomez et al., 2024",3,Mix behaviors,t_270s,0.0,270.0,4.5
128.4,ELS,"Sanguino-Gomez et al., 2024",3,Mix behaviors,t_300s,1.0666666666666669,300.0,5.0
128.4,ELS,"Sanguino-Gomez et al., 2024",3,Mix behaviors,t_330s,0.8,330.0,5.5
128.4,ELS,"Sanguino-Gomez et al., 2024",3,Mix behaviors,t_360s,8.133333333333333,360.0,6.0
128.4,ELS,"Sanguino-Gomez et al., 2024",3,Mix behaviors,t_390s,6.266666666666667,390.0,6.5
128.4,ELS,"Sanguino-Gomez et al., 2024",3,Mix behaviors,t_420s,26.666666666666668,420.0,7.0
128.4,ELS,"Sanguino-Gomez et al., 2024",3,Mix behaviors,t_450s,6.533333333333332,450.0,7.5
129.1,Control,"Sanguino-Gomez et al., 2024",3,Inaccurate tracking,t_030s,8.133333333333333,30.0,0.5
129.1,Control,"Sanguino-Gomez et al., 2024",3,Inaccurate tracking,t_060s,0.9333333333333336,60.0,1.0
129.1,Control,"Sanguino-Gomez et al., 2024",3,Inaccurate tracking,t_090s,0.0,90.0,1.5
129.1,Control,"Sanguino-Gomez et al., 2024",3,Inaccurate tracking,t_120s,0.0,120.0,2.0
129.1,Control,"Sanguino-Gomez et al., 2024",3,Inaccurate tracking,t_150s,0.0,150.0,2.5
129.1,Control,"Sanguino-Gomez et al., 2024",3,Inaccurate tracking,t_180s,0.0,180.0,3.0
129.1,Control,"Sanguino-Gomez et al., 2024",3,Inaccurate tracking,t_210s,3.1999999999999997,210.0,3.5
129.1,Control,"Sanguino-Gomez et al., 2024",3,Inaccurate tracking,t_240s,2.1333333333333333,240.0,4.0
129.1,Control,"Sanguino-Gomez et al., 2024",3,Inaccurate tracking,t_270s,0.0,270.0,4.5
129.1,Control,"Sanguino-Gomez et al., 2024",3,Inaccurate tracking,t_300s,0.6666666666666667,300.0,5.0
129.1,Control,"Sanguino-Gomez et al., 2024",3,Inaccurate tracking,t_330s,0.0,330.0,5.5
129.1,Control,"Sanguino-Gomez et al., 2024",3,Inaccurate tracking,t_360s,0.0,360.0,6.0
129.1,Control,"Sanguino-Gomez et al., 2024",3,Inaccurate tracking,t_390s,2.933333333333333,390.0,6.5
129.1,Control,"Sanguino-Gomez et al., 2024",3,Inaccurate tracking,t_420s,0.6666666666666667,420.0,7.0
129.1,Control,"Sanguino-Gomez et al., 2024",3,Inaccurate tracking,t_450s,0.0,450.0,7.5
129.1,Control,"Sanguino-Gomez et al., 2024",3,Mix behaviors,t_030s,2.2666666666666666,30.0,0.5
129.1,Control,"Sanguino-Gomez et al., 2024",3,Mix behaviors,t_060s,4.133333333333333,60.0,1.0
129.1,Control,"Sanguino-Gomez et al., 2024",3,Mix behaviors,t_090s,0.0,90.0,1.5
129.1,Control,"Sanguino-Gomez et al., 2024",3,Mix behaviors,t_120s,1.0666666666666669,120.0,2.0
129.1,Control,"Sanguino-Gomez et al., 2024",3,Mix behaviors,t_150s,0.0,150.0,2.5
129.1,Control,"Sanguino-Gomez et al., 2024",3,Mix behaviors,t_180s,7.066666666666666,180.0,3.0
129.1,Control,"Sanguino-Gomez et al., 2024",3,Mix behaviors,t_210s,1.2,210.0,3.5
129.1,Control,"Sanguino-Gomez et al., 2024",3,Mix behaviors,t_240s,26.266666666666666,240.0,4.0
129.1,Control,"Sanguino-Gomez et al., 2024",3,Mix behaviors,t_270s,45.46666666666667,270.0,4.5
129.1,Control,"Sanguino-Gomez et al., 2024",3,Mix behaviors,t_300s,31.333333333333336,300.0,5.0
129.1,Control,"Sanguino-Gomez et al., 2024",3,Mix behaviors,t_330s,44.13333333333333,330.0,5.5
129.1,Control,"Sanguino-Gomez et al., 2024",3,Mix behaviors,t_360s,14.533333333333337,360.0,6.0
129.1,Control,"Sanguino-Gomez et al., 2024",3,Mix behaviors,t_390s,0.0,390.0,6.5
129.1,Control,"Sanguino-Gomez et al., 2024",3,Mix behaviors,t_420s,3.2,420.0,7.0
129.1,Control,"Sanguino-Gomez et al., 2024",3,Mix behaviors,t_450s,21.333333333333336,450.0,7.5
129.4,Control,"Sanguino-Gomez et al., 2024",3,Inaccurate tracking,t_030s,2.533333333333333,30.0,0.5
129.4,Control,"Sanguino-Gomez et al., 2024",3,Inaccurate tracking,t_060s,0.0,60.0,1.0
129.4,Control,"Sanguino-Gomez et al., 2024",3,Inaccurate tracking,t_090s,0.0,90.0,1.5
129.4,Control,"Sanguino-Gomez et al., 2024",3,Inaccurate tracking,t_120s,0.0,120.0,2.0
129.4,Control,"Sanguino-Gomez et al., 2024",3,Inaccurate tracking,t_150s,0.0,150.0,2.5
129.4,Control,"Sanguino-Gomez et al., 2024",3,Inaccurate tracking,t_180s,0.0,180.0,3.0
129.4,Control,"Sanguino-Gomez et al., 2024",3,Inaccurate tracking,t_210s,2.4,210.0,3.5
129.4,Control,"Sanguino-Gomez et al., 2024",3,Inaccurate tracking,t_240s,0.0,240.0,4.0
129.4,Control,"Sanguino-Gomez et al., 2024",3,Inaccurate tracking,t_270s,9.866666666666667,270.0,4.5
129.4,Control,"Sanguino-Gomez et al., 2024",3,Inaccurate tracking,t_300s,6.0,300.0,5.0
129.4,Control,"Sanguino-Gomez et al., 2024",3,Inaccurate tracking,t_330s,20.133333333333333,330.0,5.5
129.4,Control,"Sanguino-Gomez et al., 2024",3,Inaccurate tracking,t_360s,16.933333333333334,360.0,6.0
129.4,Control,"Sanguino-Gomez et al., 2024",3,Inaccurate tracking,t_390s,2.1333333333333333,390.0,6.5
129.4,Control,"Sanguino-Gomez et al., 2024",3,Inaccurate tracking,t_420s,3.466666666666667,420.0,7.0
129.4,Control,"Sanguino-Gomez et al., 2024",3,Inaccurate tracking,t_450s,0.0,450.0,7.5
129.4,Control,"Sanguino-Gomez et al., 2024",3,Mix behaviors,t_030s,2.1333333333333333,30.0,0.5
129.4,Control,"Sanguino-Gomez et al., 2024",3,Mix behaviors,t_060s,1.6,60.0,1.0
129.4,Control,"Sanguino-Gomez et al., 2024",3,Mix behaviors,t_090s,32.93333333333333,90.0,1.5
129.4,Control,"Sanguino-Gomez et al., 2024",3,Mix behaviors,t_120s,5.733333333333333,120.0,2.0
129.4,Control,"Sanguino-Gomez et al., 2024",3,Mix behaviors,t_150s,4.666666666666667,150.0,2.5
129.4,Control,"Sanguino-Gomez et al., 2024",3,Mix behaviors,t_180s,0.0,180.0,3.0
129.4,Control,"Sanguino-Gomez et al., 2024",3,Mix behaviors,t_210s,12.0,210.0,3.5
129.4,Control,"Sanguino-Gomez et al., 2024",3,Mix behaviors,t_240s,0.0,240.0,4.0
129.4,Control,"Sanguino-Gomez et al., 2024",3,Mix behaviors,t_270s,1.6,270.0,4.5
129.4,Control,"Sanguino-Gomez et al., 2024",3,Mix behaviors,t_300s,8.4,300.0,5.0
129.4,Control,"Sanguino-Gomez et al., 2024",3,Mix behaviors,t_330s,5.733333333333333,330.0,5.5
129.4,Control,"Sanguino-Gomez et al., 2024",3,Mix behaviors,t_360s,38.53333333333334,360.0,6.0
129.4,Control,"Sanguino-Gomez et al., 2024",3,Mix behaviors,t_390s,26.93333333333333,390.0,6.5
129.4,Control,"Sanguino-Gomez et al., 2024",3,Mix behaviors,t_420s,29.46666666666667,420.0,7.0
129.4,Control,"Sanguino-Gomez et al., 2024",3,Mix behaviors,t_450s,10.0,450.0,7.5
133.3,ELS,"Sanguino-Gomez et al., 2024",3,Inaccurate tracking,t_030s,22.000000000000004,30.0,0.5
133.3,ELS,"Sanguino-Gomez et al., 2024",3,Inaccurate tracking,t_060s,15.6,60.0,1.0
133.3,ELS,"Sanguino-Gomez et al., 2024",3,Inaccurate tracking,t_090s,6.133333333333334,90.0,1.5
133.3,ELS,"Sanguino-Gomez et al., 2024",3,Inaccurate tracking,t_120s,13.866666666666667,120.0,2.0
133.3,ELS,"Sanguino-Gomez et al., 2024",3,Inaccurate tracking,t_150s,0.0,150.0,2.5
133.3,ELS,"Sanguino-Gomez et al., 2024",3,Inaccurate tracking,t_180s,4.666666666666667,180.0,3.0
133.3,ELS,"Sanguino-Gomez et al., 2024",3,Inaccurate tracking,t_210s,0.2666666666666666,210.0,3.5
133.3,ELS,"Sanguino-Gomez et al., 2024",3,Inaccurate tracking,t_240s,0.0,240.0,4.0
133.3,ELS,"Sanguino-Gomez et al., 2024",3,Inaccurate tracking,t_270s,2.533333333333333,270.0,4.5
133.3,ELS,"Sanguino-Gomez et al., 2024",3,Inaccurate tracking,t_300s,0.7999999999999999,300.0,5.0
133.3,ELS,"Sanguino-Gomez et al., 2024",3,Inaccurate tracking,t_330s,2.4,330.0,5.5
133.3,ELS,"Sanguino-Gomez et al., 2024",3,Inaccurate tracking,t_360s,0.0,360.0,6.0
133.3,ELS,"Sanguino-Gomez et al., 2024",3,Inaccurate tracking,t_390s,3.8666666666666663,390.0,6.5
133.3,ELS,"Sanguino-Gomez et al., 2024",3,Inaccurate tracking,t_420s,5.866666666666666,420.0,7.0
133.3,ELS,"Sanguino-Gomez et al., 2024",3,Inaccurate tracking,t_450s,4.266666666666667,450.0,7.5
133.3,ELS,"Sanguino-Gomez et al., 2024",3,Mix behaviors,t_030s,20.666666666666664,30.0,0.5
133.3,ELS,"Sanguino-Gomez et al., 2024",3,Mix behaviors,t_060s,7.066666666666666,60.0,1.0
133.3,ELS,"Sanguino-Gomez et al., 2024",3,Mix behaviors,t_090s,29.46666666666667,90.0,1.5
133.3,ELS,"Sanguino-Gomez et al., 2024",3,Mix behaviors,t_120s,43.73333333333333,120.0,2.0
133.3,ELS,"Sanguino-Gomez et al., 2024",3,Mix behaviors,t_150s,46.400000000000006,150.0,2.5
133.3,ELS,"Sanguino-Gomez et al., 2024",3,Mix behaviors,t_180s,10.8,180.0,3.0
133.3,ELS,"Sanguino-Gomez et al., 2024",3,Mix behaviors,t_210s,9.333333333333334,210.0,3.5
133.3,ELS,"Sanguino-Gomez et al., 2024",3,Mix behaviors,t_240s,0.0,240.0,4.0
133.3,ELS,"Sanguino-Gomez et al., 2024",3,Mix behaviors,t_270s,2.4,270.0,4.5
133.3,ELS,"Sanguino-Gomez et al., 2024",3,Mix behaviors,t_300s,0.0,300.0,5.0
133.3,ELS,"Sanguino-Gomez et al., 2024",3,Mix behaviors,t_330s,7.466666666666668,330.0,5.5
133.3,ELS,"Sanguino-Gomez et al., 2024",3,Mix behaviors,t_360s,0.0,360.0,6.0
133.3,ELS,"Sanguino-Gomez et al., 2024",3,Mix behaviors,t_390s,3.866666666666667,390.0,6.5
133.3,ELS,"Sanguino-Gomez et al., 2024",3,Mix behaviors,t_420s,0.0,420.0,7.0
133.3,ELS,"Sanguino-Gomez et al., 2024",3,Mix behaviors,t_450s,1.7333333333333332,450.0,7.5
134.2,ELS,"Sanguino-Gomez et al., 2024",3,Inaccurate tracking,t_030s,28.666666666666668,30.0,0.5
134.2,ELS,"Sanguino-Gomez et al., 2024",3,Inaccurate tracking,t_060s,16.53333333333333,60.0,1.0
134.2,ELS,"Sanguino-Gomez et al., 2024",3,Inaccurate tracking,t_090s,10.533333333333333,90.0,1.5
134.2,ELS,"Sanguino-Gomez et al., 2024",3,Inaccurate tracking,t_120s,22.933333333333334,120.0,2.0
134.2,ELS,"Sanguino-Gomez et al., 2024",3,Inaccurate tracking,t_150s,30.266666666666666,150.0,2.5
134.2,ELS,"Sanguino-Gomez et al., 2024",3,Inaccurate tracking,t_180s,22.533333333333335,180.0,3.0
134.2,ELS,"Sanguino-Gomez et al., 2024",3,Inaccurate tracking,t_210s,9.200000000000001,210.0,3.5
134.2,ELS,"Sanguino-Gomez et al., 2024",3,Inaccurate tracking,t_240s,5.333333333333334,240.0,4.0
134.2,ELS,"Sanguino-Gomez et al., 2024",3,Inaccurate tracking,t_270s,4.4,270.0,4.5
134.2,ELS,"Sanguino-Gomez et al., 2024",3,Inaccurate tracking,t_300s,11.6,300.0,5.0
134.2,ELS,"Sanguino-Gomez et al., 2024",3,Inaccurate tracking,t_330s,1.4666666666666666,330.0,5.5
134.2,ELS,"Sanguino-Gomez et al., 2024",3,Inaccurate tracking,t_360s,0.0,360.0,6.0
134.2,ELS,"Sanguino-Gomez et al., 2024",3,Inaccurate tracking,t_390s,0.0,390.0,6.5
134.2,ELS,"Sanguino-Gomez et al., 2024",3,Inaccurate tracking,t_420s,5.466666666666667,420.0,7.0
134.2,ELS,"Sanguino-Gomez et al., 2024",3,Inaccurate tracking,t_450s,22.133333333333336,450.0,7.5
134.2,ELS,"Sanguino-Gomez et al., 2024",3,Mix behaviors,t_030s,6.533333333333332,30.0,0.5
134.2,ELS,"Sanguino-Gomez et al., 2024",3,Mix behaviors,t_060s,5.733333333333333,60.0,1.0
134.2,ELS,"Sanguino-Gomez et al., 2024",3,Mix behaviors,t_090s,6.4,90.0,1.5
134.2,ELS,"Sanguino-Gomez et al., 2024",3,Mix behaviors,t_120s,2.4,120.0,2.0
134.2,ELS,"Sanguino-Gomez et al., 2024",3,Mix behaviors,t_150s,0.0,150.0,2.5
134.2,ELS,"Sanguino-Gomez et al., 2024",3,Mix behaviors,t_180s,13.066666666666665,180.0,3.0
134.2,ELS,"Sanguino-Gomez et al., 2024",3,Mix behaviors,t_210s,7.466666666666668,210.0,3.5
134.2,ELS,"Sanguino-Gomez et al., 2024",3,Mix behaviors,t_240s,0.0,240.0,4.0
134.2,ELS,"Sanguino-Gomez et al., 2024",3,Mix behaviors,t_270s,0.0,270.0,4.5
134.2,ELS,"Sanguino-Gomez et al., 2024",3,Mix behaviors,t_300s,25.466666666666665,300.0,5.0
134.2,ELS,"Sanguino-Gomez et al., 2024",3,Mix behaviors,t_330s,5.866666666666666,330.0,5.5
134.2,ELS,"Sanguino-Gomez et al., 2024",3,Mix behaviors,t_360s,0.0,360.0,6.0
134.2,ELS,"Sanguino-Gomez et al., 2024",3,Mix behaviors,t_390s,7.6,390.0,6.5
134.2,ELS,"Sanguino-Gomez et al., 2024",3,Mix behaviors,t_420s,0.0,420.0,7.0
134.2,ELS,"Sanguino-Gomez et al., 2024",3,Mix behaviors,t_450s,0.0,450.0,7.5
134.4,ELS,"Sanguino-Gomez et al., 2024",3,Inaccurate tracking,t_030s,19.466666666666665,30.0,0.5
134.4,ELS,"Sanguino-Gomez et al., 2024",3,Inaccurate tracking,t_060s,15.466666666666667,60.0,1.0
134.4,ELS,"Sanguino-Gomez et al., 2024",3,Inaccurate tracking,t_090s,38.13333333333334,90.0,1.5
134.4,ELS,"Sanguino-Gomez et al., 2024",3,Inaccurate tracking,t_120s,4.8,120.0,2.0
134.4,ELS,"Sanguino-Gomez et al., 2024",3,Inaccurate tracking,t_150s,38.53333333333334,150.0,2.5
134.4,ELS,"Sanguino-Gomez et al., 2024",3,Inaccurate tracking,t_180s,17.2,180.0,3.0
134.4,ELS,"Sanguino-Gomez et al., 2024",3,Inaccurate tracking,t_210s,11.333333333333334,210.0,3.5
134.4,ELS,"Sanguino-Gomez et al., 2024",3,Inaccurate tracking,t_240s,0.0,240.0,4.0
134.4,ELS,"Sanguino-Gomez et al., 2024",3,Inaccurate tracking,t_270s,1.866666666666667,270.0,4.5
134.4,ELS,"Sanguino-Gomez et al., 2024",3,Inaccurate tracking,t_300s,4.933333333333334,300.0,5.0
134.4,ELS,"Sanguino-Gomez et al., 2024",3,Inaccurate tracking,t_330s,0.0,330.0,5.5
134.4,ELS,"Sanguino-Gomez et al., 2024",3,Inaccurate tracking,t_360s,0.0,360.0,6.0
134.4,ELS,"Sanguino-Gomez et al., 2024",3,Inaccurate tracking,t_390s,4.4,390.0,6.5
134.4,ELS,"Sanguino-Gomez et al., 2024",3,Inaccurate tracking,t_420s,5.066666666666666,420.0,7.0
134.4,ELS,"Sanguino-Gomez et al., 2024",3,Inaccurate tracking,t_450s,0.0,450.0,7.5
134.4,ELS,"Sanguino-Gomez et al., 2024",3,Mix behaviors,t_030s,11.333333333333332,30.0,0.5
134.4,ELS,"Sanguino-Gomez et al., 2024",3,Mix behaviors,t_060s,2.933333333333333,60.0,1.0
134.4,ELS,"Sanguino-Gomez et al., 2024",3,Mix behaviors,t_090s,2.0,90.0,1.5
134.4,ELS,"Sanguino-Gomez et al., 2024",3,Mix behaviors,t_120s,3.2,120.0,2.0
134.4,ELS,"Sanguino-Gomez et al., 2024",3,Mix behaviors,t_150s,4.8,150.0,2.5
134.4,ELS,"Sanguino-Gomez et al., 2024",3,Mix behaviors,t_180s,21.199999999999996,180.0,3.0
134.4,ELS,"Sanguino-Gomez et al., 2024",3,Mix behaviors,t_210s,1.866666666666667,210.0,3.5
134.4,ELS,"Sanguino-Gomez et al., 2024",3,Mix behaviors,t_240s,0.0,240.0,4.0
134.4,ELS,"Sanguino-Gomez et al., 2024",3,Mix behaviors,t_270s,4.533333333333333,270.0,4.5
134.4,ELS,"Sanguino-Gomez et al., 2024",3,Mix behaviors,t_300s,1.6,300.0,5.0
134.4,ELS,"Sanguino-Gomez et al., 2024",3,Mix behaviors,t_330s,0.0,330.0,5.5
134.4,ELS,"Sanguino-Gomez et al., 2024",3,Mix behaviors,t_360s,13.066666666666665,360.0,6.0
134.4,ELS,"Sanguino-Gomez et al., 2024",3,Mix behaviors,t_390s,0.0,390.0,6.5
134.4,ELS,"Sanguino-Gomez et al., 2024",3,Mix behaviors,t_420s,0.0,420.0,7.0
134.4,ELS,"Sanguino-Gomez et al., 2024",3,Mix behaviors,t_450s,0.0,450.0,7.5
136.2,Control,"Sanguino-Gomez et al., 2024",3,Inaccurate tracking,t_030s,0.8,30.0,0.5
136.2,Control,"Sanguino-Gomez et al., 2024",3,Inaccurate tracking,t_060s,0.0,60.0,1.0
136.2,Control,"Sanguino-Gomez et al., 2024",3,Inaccurate tracking,t_090s,4.533333333333333,90.0,1.5
136.2,Control,"Sanguino-Gomez et al., 2024",3,Inaccurate tracking,t_120s,0.0,120.0,2.0
136.2,Control,"Sanguino-Gomez et al., 2024",3,Inaccurate tracking,t_150s,11.2,150.0,2.5
136.2,Control,"Sanguino-Gomez et al., 2024",3,Inaccurate tracking,t_180s,5.733333333333333,180.0,3.0
136.2,Control,"Sanguino-Gomez et al., 2024",3,Inaccurate tracking,t_210s,10.8,210.0,3.5
136.2,Control,"Sanguino-Gomez et al., 2024",3,Inaccurate tracking,t_240s,0.0,240.0,4.0
136.2,Control,"Sanguino-Gomez et al., 2024",3,Inaccurate tracking,t_270s,0.0,270.0,4.5
136.2,Control,"Sanguino-Gomez et al., 2024",3,Inaccurate tracking,t_300s,0.0,300.0,5.0
136.2,Control,"Sanguino-Gomez et al., 2024",3,Inaccurate tracking,t_330s,2.0,330.0,5.5
136.2,Control,"Sanguino-Gomez et al., 2024",3,Inaccurate tracking,t_360s,0.0,360.0,6.0
136.2,Control,"Sanguino-Gomez et al., 2024",3,Inaccurate tracking,t_390s,1.2000000000000002,390.0,6.5
136.2,Control,"Sanguino-Gomez et al., 2024",3,Inaccurate tracking,t_420s,8.266666666666666,420.0,7.0
136.2,Control,"Sanguino-Gomez et al., 2024",3,Inaccurate tracking,t_450s,8.799999999999999,450.0,7.5
136.2,Control,"Sanguino-Gomez et al., 2024",3,Mix behaviors,t_030s,0.0,30.0,0.5
136.2,Control,"Sanguino-Gomez et al., 2024",3,Mix behaviors,t_060s,1.2,60.0,1.0
136.2,Control,"Sanguino-Gomez et al., 2024",3,Mix behaviors,t_090s,18.8,90.0,1.5
136.2,Control,"Sanguino-Gomez et al., 2024",3,Mix behaviors,t_120s,9.733333333333333,120.0,2.0
136.2,Control,"Sanguino-Gomez et al., 2024",3,Mix behaviors,t_150s,12.133333333333335,150.0,2.5
136.2,Control,"Sanguino-Gomez et al., 2024",3,Mix behaviors,t_180s,0.0,180.0,3.0
136.2,Control,"Sanguino-Gomez et al., 2024",3,Mix behaviors,t_210s,8.266666666666666,210.0,3.5
136.2,Control,"Sanguino-Gomez et al., 2024",3,Mix behaviors,t_240s,0.0,240.0,4.0
136.2,Control,"Sanguino-Gomez et al., 2024",3,Mix behaviors,t_270s,2.6666666666666665,270.0,4.5
136.2,Control,"Sanguino-Gomez et al., 2024",3,Mix behaviors,t_300s,6.266666666666667,300.0,5.0
136.2,Control,"Sanguino-Gomez et al., 2024",3,Mix behaviors,t_330s,0.6666666666666667,330.0,5.5
136.2,Control,"Sanguino-Gomez et al., 2024",3,Mix behaviors,t_360s,20.133333333333333,360.0,6.0
136.2,Control,"Sanguino-Gomez et al., 2024",3,Mix behaviors,t_390s,5.6000000000000005,390.0,6.5
136.2,Control,"Sanguino-Gomez et al., 2024",3,Mix behaviors,t_420s,7.866666666666666,420.0,7.0
136.2,Control,"Sanguino-Gomez et al., 2024",3,Mix behaviors,t_450s,17.866666666666667,450.0,7.5
136.3,Control,"Sanguino-Gomez et al., 2024",3,Inaccurate tracking,t_030s,6.3999999999999995,30.0,0.5
136.3,Control,"Sanguino-Gomez et al., 2024",3,Inaccurate tracking,t_060s,0.0,60.0,1.0
136.3,Control,"Sanguino-Gomez et al., 2024",3,Inaccurate tracking,t_090s,1.4666666666666668,90.0,1.5
136.3,Control,"Sanguino-Gomez et al., 2024",3,Inaccurate tracking,t_120s,0.0,120.0,2.0
136.3,Control,"Sanguino-Gomez et al., 2024",3,Inaccurate tracking,t_150s,0.0,150.0,2.5
136.3,Control,"Sanguino-Gomez et al., 2024",3,Inaccurate tracking,t_180s,5.2,180.0,3.0
136.3,Control,"Sanguino-Gomez et al., 2024",3,Inaccurate tracking,t_210s,3.8666666666666667,210.0,3.5
136.3,Control,"Sanguino-Gomez et al., 2024",3,Inaccurate tracking,t_240s,0.0,240.0,4.0
136.3,Control,"Sanguino-Gomez et al., 2024",3,Inaccurate tracking,t_270s,0.0,270.0,4.5
136.3,Control,"Sanguino-Gomez et al., 2024",3,Inaccurate tracking,t_300s,2.0,300.0,5.0
136.3,Control,"Sanguino-Gomez et al., 2024",3,Inaccurate tracking,t_330s,1.2,330.0,5.5
136.3,Control,"Sanguino-Gomez et al., 2024",3,Inaccurate tracking,t_360s,0.0,360.0,6.0
136.3,Control,"Sanguino-Gomez et al., 2024",3,Inaccurate tracking,t_390s,0.0,390.0,6.5
136.3,Control,"Sanguino-Gomez et al., 2024",3,Inaccurate tracking,t_420s,2.2666666666666666,420.0,7.0
136.3,Control,"Sanguino-Gomez et al., 2024",3,Inaccurate tracking,t_450s,0.0,450.0,7.5
136.3,Control,"Sanguino-Gomez et al., 2024",3,Mix behaviors,t_030s,5.866666666666667,30.0,0.5
136.3,Control,"Sanguino-Gomez et al., 2024",3,Mix behaviors,t_060s,47.73333333333333,60.0,1.0
136.3,Control,"Sanguino-Gomez et al., 2024",3,Mix behaviors,t_090s,19.73333333333333,90.0,1.5
136.3,Control,"Sanguino-Gomez et al., 2024",3,Mix behaviors,t_120s,33.2,120.0,2.0
136.3,Control,"Sanguino-Gomez et al., 2024",3,Mix behaviors,t_150s,4.4,150.0,2.5
136.3,Control,"Sanguino-Gomez et al., 2024",3,Mix behaviors,t_180s,12.133333333333333,180.0,3.0
136.3,Control,"Sanguino-Gomez et al., 2024",3,Mix behaviors,t_210s,17.333333333333336,210.0,3.5
136.3,Control,"Sanguino-Gomez et al., 2024",3,Mix behaviors,t_240s,0.2666666666666666,240.0,4.0
136.3,Control,"Sanguino-Gomez et al., 2024",3,Mix behaviors,t_270s,54.266666666666666,270.0,4.5
136.3,Control,"Sanguino-Gomez et al., 2024",3,Mix behaviors,t_300s,7.6,300.0,5.0
136.3,Control,"Sanguino-Gomez et al., 2024",3,Mix behaviors,t_330s,0.0,330.0,5.5
136.3,Control,"Sanguino-Gomez et al., 2024",3,Mix behaviors,t_360s,26.266666666666666,360.0,6.0
136.3,Control,"Sanguino-Gomez et al., 2024",3,Mix behaviors,t_390s,0.0,390.0,6.5
136.3,Control,"Sanguino-Gomez et al., 2024",3,Mix behaviors,t_420s,18.666666666666668,420.0,7.0
136.3,Control,"Sanguino-Gomez et al., 2024",3,Mix behaviors,t_450s,19.6,450.0,7.5
136.5,Control,"Sanguino-Gomez et al., 2024",3,Inaccurate tracking,t_030s,1.6,30.0,0.5
136.5,Control,"Sanguino-Gomez et al., 2024",3,Inaccurate tracking,t_060s,0.0,60.0,1.0
136.5,Control,"Sanguino-Gomez et al., 2024",3,Inaccurate tracking,t_090s,0.0,90.0,1.5
136.5,Control,"Sanguino-Gomez et al., 2024",3,Inaccurate tracking,t_120s,0.0,120.0,2.0
136.5,Control,"Sanguino-Gomez et al., 2024",3,Inaccurate tracking,t_150s,6.666666666666668,150.0,2.5
136.5,Control,"Sanguino-Gomez et al., 2024",3,Inaccurate tracking,t_180s,1.0666666666666667,180.0,3.0
136.5,Control,"Sanguino-Gomez et al., 2024",3,Inaccurate tracking,t_210s,4.266666666666667,210.0,3.5
136.5,Control,"Sanguino-Gomez et al., 2024",3,Inaccurate tracking,t_240s,0.0,240.0,4.0
136.5,Control,"Sanguino-Gomez et al., 2024",3,Inaccurate tracking,t_270s,0.0,270.0,4.5
136.5,Control,"Sanguino-Gomez et al., 2024",3,Inaccurate tracking,t_300s,0.0,300.0,5.0
136.5,Control,"Sanguino-Gomez et al., 2024",3,Inaccurate tracking,t_330s,0.0,330.0,5.5
136.5,Control,"Sanguino-Gomez et al., 2024",3,Inaccurate tracking,t_360s,0.0,360.0,6.0
136.5,Control,"Sanguino-Gomez et al., 2024",3,Inaccurate tracking,t_390s,2.533333333333333,390.0,6.5
136.5,Control,"Sanguino-Gomez et al., 2024",3,Inaccurate tracking,t_420s,4.2666666666666675,420.0,7.0
136.5,Control,"Sanguino-Gomez et al., 2024",3,Inaccurate tracking,t_450s,0.0,450.0,7.5
136.5,Control,"Sanguino-Gomez et al., 2024",3,Mix behaviors,t_030s,41.333333333333336,30.0,0.5
136.5,Control,"Sanguino-Gomez et al., 2024",3,Mix behaviors,t_060s,61.73333333333333,60.0,1.0
136.5,Control,"Sanguino-Gomez et al., 2024",3,Mix behaviors,t_090s,93.06666666666666,90.0,1.5
136.5,Control,"Sanguino-Gomez et al., 2024",3,Mix behaviors,t_120s,53.33333333333334,120.0,2.0
136.5,Control,"Sanguino-Gomez et al., 2024",3,Mix behaviors,t_150s,28.8,150.0,2.5
136.5,Control,"Sanguino-Gomez et al., 2024",3,Mix behaviors,t_180s,28.8,180.0,3.0
136.5,Control,"Sanguino-Gomez et al., 2024",3,Mix behaviors,t_210s,10.4,210.0,3.5
136.5,Control,"Sanguino-Gomez et al., 2024",3,Mix behaviors,t_240s,0.5333333333333333,240.0,4.0
136.5,Control,"Sanguino-Gomez et al., 2024",3,Mix behaviors,t_270s,16.666666666666664,270.0,4.5
136.5,Control,"Sanguino-Gomez et al., 2024",3,Mix behaviors,t_300s,0.0,300.0,5.0
136.5,Control,"Sanguino-Gomez et al., 2024",3,Mix behaviors,t_330s,10.933333333333334,330.0,5.5
136.5,Control,"Sanguino-Gomez et al., 2024",3,Mix behaviors,t_360s,20.8,360.0,6.0
136.5,Control,"Sanguino-Gomez et al., 2024",3,Mix behaviors,t_390s,27.6,390.0,6.5
136.5,Control,"Sanguino-Gomez et al., 2024",3,Mix behaviors,t_420s,10.133333333333333,420.0,7.0
136.5,Control,"Sanguino-Gomez et al., 2024",3,Mix behaviors,t_450s,5.733333333333333,450.0,7.5
137.3,Control,"Sanguino-Gomez et al., 2024",3,Inaccurate tracking,t_030s,15.066666666666666,30.0,0.5
137.3,Control,"Sanguino-Gomez et al., 2024",3,Inaccurate tracking,t_060s,8.133333333333333,60.0,1.0
137.3,Control,"Sanguino-Gomez et al., 2024",3,Inaccurate tracking,t_090s,9.466666666666669,90.0,1.5
137.3,Control,"Sanguino-Gomez et al., 2024",3,Inaccurate tracking,t_120s,29.73333333333333,120.0,2.0
137.3,Control,"Sanguino-Gomez et al., 2024",3,Inaccurate tracking,t_150s,25.73333333333333,150.0,2.5
137.3,Control,"Sanguino-Gomez et al., 2024",3,Inaccurate tracking,t_180s,8.666666666666666,180.0,3.0
137.3,Control,"Sanguino-Gomez et al., 2024",3,Inaccurate tracking,t_210s,8.533333333333333,210.0,3.5
137.3,Control,"Sanguino-Gomez et al., 2024",3,Inaccurate tracking,t_240s,5.866666666666666,240.0,4.0
137.3,Control,"Sanguino-Gomez et al., 2024",3,Inaccurate tracking,t_270s,0.0,270.0,4.5
137.3,Control,"Sanguino-Gomez et al., 2024",3,Inaccurate tracking,t_300s,1.0666666666666669,300.0,5.0
137.3,Control,"Sanguino-Gomez et al., 2024",3,Inaccurate tracking,t_330s,0.0,330.0,5.5
137.3,Control,"Sanguino-Gomez et al., 2024",3,Inaccurate tracking,t_360s,15.6,360.0,6.0
137.3,Control,"Sanguino-Gomez et al., 2024",3,Inaccurate tracking,t_390s,2.8000000000000003,390.0,6.5
137.3,Control,"Sanguino-Gomez et al., 2024",3,Inaccurate tracking,t_420s,3.733333333333334,420.0,7.0
137.3,Control,"Sanguino-Gomez et al., 2024",3,Inaccurate tracking,t_450s,0.0,450.0,7.5
137.3,Control,"Sanguino-Gomez et al., 2024",3,Mix behaviors,t_030s,3.2,30.0,0.5
137.3,Control,"Sanguino-Gomez et al., 2024",3,Mix behaviors,t_060s,8.133333333333333,60.0,1.0
137.3,Control,"Sanguino-Gomez et al., 2024",3,Mix behaviors,t_090s,7.866666666666666,90.0,1.5
137.3,Control,"Sanguino-Gomez et al., 2024",3,Mix behaviors,t_120s,6.533333333333332,120.0,2.0
137.3,Control,"Sanguino-Gomez et al., 2024",3,Mix behaviors,t_150s,3.6,150.0,2.5
137.3,Control,"Sanguino-Gomez et al., 2024",3,Mix behaviors,t_180s,4.2666666666666675,180.0,3.0
137.3,Control,"Sanguino-Gomez et al., 2024",3,Mix behaviors,t_210s,14.133333333333333,210.0,3.5
137.3,Control,"Sanguino-Gomez et al., 2024",3,Mix behaviors,t_240s,0.8,240.0,4.0
137.3,Control,"Sanguino-Gomez et al., 2024",3,Mix behaviors,t_270s,0.0,270.0,4.5
137.3,Control,"Sanguino-Gomez et al., 2024",3,Mix behaviors,t_300s,2.666666666666667,300.0,5.0
137.3,Control,"Sanguino-Gomez et al., 2024",3,Mix behaviors,t_330s,0.0,330.0,5.5
137.3,Control,"Sanguino-Gomez et al., 2024",3,Mix behaviors,t_360s,4.133333333333334,360.0,6.0
137.3,Control,"Sanguino-Gomez et al., 2024",3,Mix behaviors,t_390s,21.73333333333333,390.0,6.5
137.3,Control,"Sanguino-Gomez et al., 2024",3,Mix behaviors,t_420s,1.3333333333333337,420.0,7.0
137.3,Control,"Sanguino-Gomez et al., 2024",3,Mix behaviors,t_450s,30.666666666666664,450.0,7.5
144.3,ELS,"Sanguino-Gomez et al., 2024",3,Inaccurate tracking,t_030s,2.666666666666667,30.0,0.5
144.3,ELS,"Sanguino-Gomez et al., 2024",3,Inaccurate tracking,t_060s,0.0,60.0,1.0
144.3,ELS,"Sanguino-Gomez et al., 2024",3,Inaccurate tracking,t_090s,0.0,90.0,1.5
144.3,ELS,"Sanguino-Gomez et al., 2024",3,Inaccurate tracking,t_120s,15.2,120.0,2.0
144.3,ELS,"Sanguino-Gomez et al., 2024",3,Inaccurate tracking,t_150s,19.73333333333333,150.0,2.5
144.3,ELS,"Sanguino-Gomez et al., 2024",3,Inaccurate tracking,t_180s,0.0,180.0,3.0
144.3,ELS,"Sanguino-Gomez et al., 2024",3,Inaccurate tracking,t_210s,0.6666666666666667,210.0,3.5
144.3,ELS,"Sanguino-Gomez et al., 2024",3,Inaccurate tracking,t_240s,5.733333333333333,240.0,4.0
144.3,ELS,"Sanguino-Gomez et al., 2024",3,Inaccurate tracking,t_270s,4.0,270.0,4.5
144.3,ELS,"Sanguino-Gomez et al., 2024",3,Inaccurate tracking,t_300s,0.0,300.0,5.0
144.3,ELS,"Sanguino-Gomez et al., 2024",3,Inaccurate tracking,t_330s,0.0,330.0,5.5
144.3,ELS,"Sanguino-Gomez et al., 2024",3,Inaccurate tracking,t_360s,0.2666666666666666,360.0,6.0
144.3,ELS,"Sanguino-Gomez et al., 2024",3,Inaccurate tracking,t_390s,2.6666666666666665,390.0,6.5
144.3,ELS,"Sanguino-Gomez et al., 2024",3,Inaccurate tracking,t_420s,0.0,420.0,7.0
144.3,ELS,"Sanguino-Gomez et al., 2024",3,Inaccurate tracking,t_450s,0.0,450.0,7.5
144.3,ELS,"Sanguino-Gomez et al., 2024",3,Mix behaviors,t_030s,3.6,30.0,0.5
144.3,ELS,"Sanguino-Gomez et al., 2024",3,Mix behaviors,t_060s,10.4,60.0,1.0
144.3,ELS,"Sanguino-Gomez et al., 2024",3,Mix behaviors,t_090s,1.2,90.0,1.5
144.3,ELS,"Sanguino-Gomez et al., 2024",3,Mix behaviors,t_120s,8.4,120.0,2.0
144.3,ELS,"Sanguino-Gomez et al., 2024",3,Mix behaviors,t_150s,15.066666666666666,150.0,2.5
144.3,ELS,"Sanguino-Gomez et al., 2024",3,Mix behaviors,t_180s,6.133333333333333,180.0,3.0
144.3,ELS,"Sanguino-Gomez et al., 2024",3,Mix behaviors,t_210s,0.0,210.0,3.5
144.3,ELS,"Sanguino-Gomez et al., 2024",3,Mix behaviors,t_240s,5.333333333333334,240.0,4.0
144.3,ELS,"Sanguino-Gomez et al., 2024",3,Mix behaviors,t_270s,1.7333333333333332,270.0,4.5
144.3,ELS,"Sanguino-Gomez et al., 2024",3,Mix behaviors,t_300s,2.533333333333333,300.0,5.0
144.3,ELS,"Sanguino-Gomez et al., 2024",3,Mix behaviors,t_330s,6.933333333333333,330.0,5.5
144.3,ELS,"Sanguino-Gomez et al., 2024",3,Mix behaviors,t_360s,16.133333333333333,360.0,6.0
144.3,ELS,"Sanguino-Gomez et al., 2024",3,Mix behaviors,t_390s,1.6,390.0,6.5
144.3,ELS,"Sanguino-Gomez et al., 2024",3,Mix behaviors,t_420s,4.0,420.0,7.0
144.3,ELS,"Sanguino-Gomez et al., 2024",3,Mix behaviors,t_450s,10.0,450.0,7.5
144.5,ELS,"Sanguino-Gomez et al., 2024",3,Inaccurate tracking,t_030s,8.0,30.0,0.5
144.5,ELS,"Sanguino-Gomez et al., 2024",3,Inaccurate tracking,t_060s,0.8,60.0,1.0
144.5,ELS,"Sanguino-Gomez et al., 2024",3,Inaccurate tracking,t_090s,0.0,90.0,1.5
144.5,ELS,"Sanguino-Gomez et al., 2024",3,Inaccurate tracking,t_120s,2.666666666666667,120.0,2.0
144.5,ELS,"Sanguino-Gomez et al., 2024",3,Inaccurate tracking,t_150s,21.6,150.0,2.5
144.5,ELS,"Sanguino-Gomez et al., 2024",3,Inaccurate tracking,t_180s,3.4666666666666663,180.0,3.0
144.5,ELS,"Sanguino-Gomez et al., 2024",3,Inaccurate tracking,t_210s,0.0,210.0,3.5
144.5,ELS,"Sanguino-Gomez et al., 2024",3,Inaccurate tracking,t_240s,1.8666666666666665,240.0,4.0
144.5,ELS,"Sanguino-Gomez et al., 2024",3,Inaccurate tracking,t_270s,0.0,270.0,4.5
144.5,ELS,"Sanguino-Gomez et al., 2024",3,Inaccurate tracking,t_300s,24.133333333333333,300.0,5.0
144.5,ELS,"Sanguino-Gomez et al., 2024",3,Inaccurate tracking,t_330s,2.2666666666666666,330.0,5.5
144.5,ELS,"Sanguino-Gomez et al., 2024",3,Inaccurate tracking,t_360s,0.0,360.0,6.0
144.5,ELS,"Sanguino-Gomez et al., 2024",3,Inaccurate tracking,t_390s,2.6666666666666665,390.0,6.5
144.5,ELS,"Sanguino-Gomez et al., 2024",3,Inaccurate tracking,t_420s,1.866666666666667,420.0,7.0
144.5,ELS,"Sanguino-Gomez et al., 2024",3,Inaccurate tracking,t_450s,0.0,450.0,7.5
144.5,ELS,"Sanguino-Gomez et al., 2024",3,Mix behaviors,t_030s,0.0,30.0,0.5
144.5,ELS,"Sanguino-Gomez et al., 2024",3,Mix behaviors,t_060s,2.4,60.0,1.0
144.5,ELS,"Sanguino-Gomez et al., 2024",3,Mix behaviors,t_090s,16.933333333333334,90.0,1.5
144.5,ELS,"Sanguino-Gomez et al., 2024",3,Mix behaviors,t_120s,0.9333333333333336,120.0,2.0
144.5,ELS,"Sanguino-Gomez et al., 2024",3,Mix behaviors,t_150s,0.6666666666666667,150.0,2.5
144.5,ELS,"Sanguino-Gomez et al., 2024",3,Mix behaviors,t_180s,2.0,180.0,3.0
144.5,ELS,"Sanguino-Gomez et al., 2024",3,Mix behaviors,t_210s,0.0,210.0,3.5
144.5,ELS,"Sanguino-Gomez et al., 2024",3,Mix behaviors,t_240s,29.6,240.0,4.0
144.5,ELS,"Sanguino-Gomez et al., 2024",3,Mix behaviors,t_270s,16.266666666666666,270.0,4.5
144.5,ELS,"Sanguino-Gomez et al., 2024",3,Mix behaviors,t_300s,3.2,300.0,5.0
144.5,ELS,"Sanguino-Gomez et al., 2024",3,Mix behaviors,t_330s,10.266666666666667,330.0,5.5
144.5,ELS,"Sanguino-Gomez et al., 2024",3,Mix behaviors,t_360s,1.2,360.0,6.0
144.5,ELS,"Sanguino-Gomez et al., 2024",3,Mix behaviors,t_390s,7.6,390.0,6.5
144.5,ELS,"Sanguino-Gomez et al., 2024",3,Mix behaviors,t_420s,33.33333333333333,420.0,7.0
144.5,ELS,"Sanguino-Gomez et al., 2024",3,Mix behaviors,t_450s,33.06666666666666,450.0,7.5
145.5,Control,"Sanguino-Gomez et al., 2024",3,Inaccurate tracking,t_030s,9.066666666666666,30.0,0.5
145.5,Control,"Sanguino-Gomez et al., 2024",3,Inaccurate tracking,t_060s,23.333333333333332,60.0,1.0
145.5,Control,"Sanguino-Gomez et al., 2024",3,Inaccurate tracking,t_090s,14.133333333333333,90.0,1.5
145.5,Control,"Sanguino-Gomez et al., 2024",3,Inaccurate tracking,t_120s,20.13333333333333,120.0,2.0
145.5,Control,"Sanguino-Gomez et al., 2024",3,Inaccurate tracking,t_150s,13.2,150.0,2.5
145.5,Control,"Sanguino-Gomez et al., 2024",3,Inaccurate tracking,t_180s,15.599999999999998,180.0,3.0
145.5,Control,"Sanguino-Gomez et al., 2024",3,Inaccurate tracking,t_210s,3.4666666666666663,210.0,3.5
145.5,Control,"Sanguino-Gomez et al., 2024",3,Inaccurate tracking,t_240s,0.0,240.0,4.0
145.5,Control,"Sanguino-Gomez et al., 2024",3,Inaccurate tracking,t_270s,0.0,270.0,4.5
145.5,Control,"Sanguino-Gomez et al., 2024",3,Inaccurate tracking,t_300s,0.0,300.0,5.0
145.5,Control,"Sanguino-Gomez et al., 2024",3,Inaccurate tracking,t_330s,11.2,330.0,5.5
145.5,Control,"Sanguino-Gomez et al., 2024",3,Inaccurate tracking,t_360s,13.733333333333333,360.0,6.0
145.5,Control,"Sanguino-Gomez et al., 2024",3,Inaccurate tracking,t_390s,3.0666666666666664,390.0,6.5
145.5,Control,"Sanguino-Gomez et al., 2024",3,Inaccurate tracking,t_420s,2.533333333333333,420.0,7.0
145.5,Control,"Sanguino-Gomez et al., 2024",3,Inaccurate tracking,t_450s,13.333333333333332,450.0,7.5
145.5,Control,"Sanguino-Gomez et al., 2024",3,Mix behaviors,t_030s,12.266666666666667,30.0,0.5
145.5,Control,"Sanguino-Gomez et al., 2024",3,Mix behaviors,t_060s,15.333333333333332,60.0,1.0
145.5,Control,"Sanguino-Gomez et al., 2024",3,Mix behaviors,t_090s,9.733333333333333,90.0,1.5
145.5,Control,"Sanguino-Gomez et al., 2024",3,Mix behaviors,t_120s,14.533333333333333,120.0,2.0
145.5,Control,"Sanguino-Gomez et al., 2024",3,Mix behaviors,t_150s,15.466666666666669,150.0,2.5
145.5,Control,"Sanguino-Gomez et al., 2024",3,Mix behaviors,t_180s,3.066666666666667,180.0,3.0
145.5,Control,"Sanguino-Gomez et al., 2024",3,Mix behaviors,t_210s,0.0,210.0,3.5
145.5,Control,"Sanguino-Gomez et al., 2024",3,Mix behaviors,t_240s,1.7333333333333332,240.0,4.0
145.5,Control,"Sanguino-Gomez et al., 2024",3,Mix behaviors,t_270s,5.066666666666666,270.0,4.5
145.5,Control,"Sanguino-Gomez et al., 2024",3,Mix behaviors,t_300s,2.8000000000000003,300.0,5.0
145.5,Control,"Sanguino-Gomez et al., 2024",3,Mix behaviors,t_330s,1.4666666666666666,330.0,5.5
145.5,Control,"Sanguino-Gomez et al., 2024",3,Mix behaviors,t_360s,2.933333333333333,360.0,6.0
145.5,Control,"Sanguino-Gomez et al., 2024",3,Mix behaviors,t_390s,1.7333333333333332,390.0,6.5
145.5,Control,"Sanguino-Gomez et al., 2024",3,Mix behaviors,t_420s,0.0,420.0,7.0
145.5,Control,"Sanguino-Gomez et al., 2024",3,Mix behaviors,t_450s,0.6666666666666667,450.0,7.5
146.6,Control,"Sanguino-Gomez et al., 2024",3,Inaccurate tracking,t_030s,14.933333333333334,30.0,0.5
146.6,Control,"Sanguino-Gomez et al., 2024",3,Inaccurate tracking,t_060s,17.866666666666667,60.0,1.0
146.6,Control,"Sanguino-Gomez et al., 2024",3,Inaccurate tracking,t_090s,9.2,90.0,1.5
146.6,Control,"Sanguino-Gomez et al., 2024",3,Inaccurate tracking,t_120s,36.8,120.0,2.0
146.6,Control,"Sanguino-Gomez et al., 2024",3,Inaccurate tracking,t_150s,13.333333333333332,150.0,2.5
146.6,Control,"Sanguino-Gomez et al., 2024",3,Inaccurate tracking,t_180s,15.333333333333336,180.0,3.0
146.6,Control,"Sanguino-Gomez et al., 2024",3,Inaccurate tracking,t_210s,0.6666666666666667,210.0,3.5
146.6,Control,"Sanguino-Gomez et al., 2024",3,Inaccurate tracking,t_240s,0.0,240.0,4.0
146.6,Control,"Sanguino-Gomez et al., 2024",3,Inaccurate tracking,t_270s,7.466666666666667,270.0,4.5
146.6,Control,"Sanguino-Gomez et al., 2024",3,Inaccurate tracking,t_300s,11.733333333333333,300.0,5.0
146.6,Control,"Sanguino-Gomez et al., 2024",3,Inaccurate tracking,t_330s,0.9333333333333336,330.0,5.5
146.6,Control,"Sanguino-Gomez et al., 2024",3,Inaccurate tracking,t_360s,30.933333333333334,360.0,6.0
146.6,Control,"Sanguino-Gomez et al., 2024",3,Inaccurate tracking,t_390s,6.8,390.0,6.5
146.6,Control,"Sanguino-Gomez et al., 2024",3,Inaccurate tracking,t_420s,8.933333333333334,420.0,7.0
146.6,Control,"Sanguino-Gomez et al., 2024",3,Inaccurate tracking,t_450s,0.0,450.0,7.5
146.6,Control,"Sanguino-Gomez et al., 2024",3,Mix behaviors,t_030s,20.666666666666668,30.0,0.5
146.6,Control,"Sanguino-Gomez et al., 2024",3,Mix behaviors,t_060s,3.866666666666667,60.0,1.0
146.6,Control,"Sanguino-Gomez et al., 2024",3,Mix behaviors,t_090s,4.8,90.0,1.5
146.6,Control,"Sanguino-Gomez et al., 2024",3,Mix behaviors,t_120s,5.2,120.0,2.0
146.6,Control,"Sanguino-Gomez et al., 2024",3,Mix behaviors,t_150s,0.0,150.0,2.5
146.6,Control,"Sanguino-Gomez et al., 2024",3,Mix behaviors,t_180s,9.333333333333334,180.0,3.0
146.6,Control,"Sanguino-Gomez et al., 2024",3,Mix behaviors,t_210s,0.8,210.0,3.5
146.6,Control,"Sanguino-Gomez et al., 2024",3,Mix behaviors,t_240s,0.0,240.0,4.0
146.6,Control,"Sanguino-Gomez et al., 2024",3,Mix behaviors,t_270s,2.6666666666666665,270.0,4.5
146.6,Control,"Sanguino-Gomez et al., 2024",3,Mix behaviors,t_300s,1.0666666666666669,300.0,5.0
146.6,Control,"Sanguino-Gomez et al., 2024",3,Mix behaviors,t_330s,0.0,330.0,5.5
146.6,Control,"Sanguino-Gomez et al., 2024",3,Mix behaviors,t_360s,1.0666666666666669,360.0,6.0
146.6,Control,"Sanguino-Gomez et al., 2024",3,Mix behaviors,t_390s,0.0,390.0,6.5
146.6,Control,"Sanguino-Gomez et al., 2024",3,Mix behaviors,t_420s,0.0,420.0,7.0
146.6,Control,"Sanguino-Gomez et al., 2024",3,Mix behaviors,t_450s,1.2,450.0,7.5
147.4,Control,"Sanguino-Gomez et al., 2024",3,Inaccurate tracking,t_030s,21.2,30.0,0.5
147.4,Control,"Sanguino-Gomez et al., 2024",3,Inaccurate tracking,t_060s,13.733333333333334,60.0,1.0
147.4,Control,"Sanguino-Gomez et al., 2024",3,Inaccurate tracking,t_090s,28.53333333333333,90.0,1.5
147.4,Control,"Sanguino-Gomez et al., 2024",3,Inaccurate tracking,t_120s,23.46666666666667,120.0,2.0
147.4,Control,"Sanguino-Gomez et al., 2024",3,Inaccurate tracking,t_150s,6.3999999999999995,150.0,2.5
147.4,Control,"Sanguino-Gomez et al., 2024",3,Inaccurate tracking,t_180s,19.333333333333332,180.0,3.0
147.4,Control,"Sanguino-Gomez et al., 2024",3,Inaccurate tracking,t_210s,24.133333333333333,210.0,3.5
147.4,Control,"Sanguino-Gomez et al., 2024",3,Inaccurate tracking,t_240s,8.0,240.0,4.0
147.4,Control,"Sanguino-Gomez et al., 2024",3,Inaccurate tracking,t_270s,22.133333333333333,270.0,4.5
147.4,Control,"Sanguino-Gomez et al., 2024",3,Inaccurate tracking,t_300s,20.0,300.0,5.0
147.4,Control,"Sanguino-Gomez et al., 2024",3,Inaccurate tracking,t_330s,23.46666666666667,330.0,5.5
147.4,Control,"Sanguino-Gomez et al., 2024",3,Inaccurate tracking,t_360s,9.866666666666667,360.0,6.0
147.4,Control,"Sanguino-Gomez et al., 2024",3,Inaccurate tracking,t_390s,25.333333333333332,390.0,6.5
147.4,Control,"Sanguino-Gomez et al., 2024",3,Inaccurate tracking,t_420s,4.933333333333334,420.0,7.0
147.4,Control,"Sanguino-Gomez et al., 2024",3,Inaccurate tracking,t_450s,14.4,450.0,7.5
147.4,Control,"Sanguino-Gomez et al., 2024",3,Mix behaviors,t_030s,17.066666666666666,30.0,0.5
147.4,Control,"Sanguino-Gomez et al., 2024",3,Mix behaviors,t_060s,1.6,60.0,1.0
147.4,Control,"Sanguino-Gomez et al., 2024",3,Mix behaviors,t_090s,15.600000000000001,90.0,1.5
147.4,Control,"Sanguino-Gomez et al., 2024",3,Mix behaviors,t_120s,6.933333333333333,120.0,2.0
147.4,Control,"Sanguino-Gomez et al., 2024",3,Mix behaviors,t_150s,0.9333333333333336,150.0,2.5
147.4,Control,"Sanguino-Gomez et al., 2024",3,Mix behaviors,t_180s,3.066666666666667,180.0,3.0
147.4,Control,"Sanguino-Gomez et al., 2024",3,Mix behaviors,t_210s,2.0,210.0,3.5
147.4,Control,"Sanguino-Gomez et al., 2024",3,Mix behaviors,t_240s,2.0,240.0,4.0
147.4,Control,"Sanguino-Gomez et al., 2024",3,Mix behaviors,t_270s,0.0,270.0,4.5
147.4,Control,"Sanguino-Gomez et al., 2024",3,Mix behaviors,t_300s,6.8,300.0,5.0
147.4,Control,"Sanguino-Gomez et al., 2024",3,Mix behaviors,t_330s,2.8000000000000003,330.0,5.5
147.4,Control,"Sanguino-Gomez et al., 2024",3,Mix behaviors,t_360s,9.2,360.0,6.0
147.4,Control,"Sanguino-Gomez et al., 2024",3,Mix behaviors,t_390s,5.066666666666666,390.0,6.5
147.4,Control,"Sanguino-Gomez et al., 2024",3,Mix behaviors,t_420s,6.800000000000001,420.0,7.0
147.4,Control,"Sanguino-Gomez et al., 2024",3,Mix behaviors,t_450s,1.6,450.0,7.5
148.4,ELS,"Sanguino-Gomez et al., 2024",3,Inaccurate tracking,t_030s,47.733333333333334,30.0,0.5
148.4,ELS,"Sanguino-Gomez et al., 2024",3,Inaccurate tracking,t_060s,29.333333333333336,60.0,1.0
148.4,ELS,"Sanguino-Gomez et al., 2024",3,Inaccurate tracking,t_090s,38.0,90.0,1.5
148.4,ELS,"Sanguino-Gomez et al., 2024",3,Inaccurate tracking,t_120s,12.8,120.0,2.0
148.4,ELS,"Sanguino-Gomez et al., 2024",3,Inaccurate tracking,t_150s,14.53333333333333,150.0,2.5
148.4,ELS,"Sanguino-Gomez et al., 2024",3,Inaccurate tracking,t_180s,11.066666666666666,180.0,3.0
148.4,ELS,"Sanguino-Gomez et al., 2024",3,Inaccurate tracking,t_210s,3.466666666666667,210.0,3.5
148.4,ELS,"Sanguino-Gomez et al., 2024",3,Inaccurate tracking,t_240s,15.466666666666667,240.0,4.0
148.4,ELS,"Sanguino-Gomez et al., 2024",3,Inaccurate tracking,t_270s,3.6000000000000005,270.0,4.5
148.4,ELS,"Sanguino-Gomez et al., 2024",3,Inaccurate tracking,t_300s,6.799999999999999,300.0,5.0
148.4,ELS,"Sanguino-Gomez et al., 2024",3,Inaccurate tracking,t_330s,0.0,330.0,5.5
148.4,ELS,"Sanguino-Gomez et al., 2024",3,Inaccurate tracking,t_360s,7.6,360.0,6.0
148.4,ELS,"Sanguino-Gomez et al., 2024",3,Inaccurate tracking,t_390s,14.399999999999999,390.0,6.5
148.4,ELS,"Sanguino-Gomez et al., 2024",3,Inaccurate tracking,t_420s,11.600000000000001,420.0,7.0
148.4,ELS,"Sanguino-Gomez et al., 2024",3,Inaccurate tracking,t_450s,0.0,450.0,7.5
148.4,ELS,"Sanguino-Gomez et al., 2024",3,Mix behaviors,t_030s,9.866666666666667,30.0,0.5
148.4,ELS,"Sanguino-Gomez et al., 2024",3,Mix behaviors,t_060s,3.2,60.0,1.0
148.4,ELS,"Sanguino-Gomez et al., 2024",3,Mix behaviors,t_090s,3.6,90.0,1.5
148.4,ELS,"Sanguino-Gomez et al., 2024",3,Mix behaviors,t_120s,4.4,120.0,2.0
148.4,ELS,"Sanguino-Gomez et al., 2024",3,Mix behaviors,t_150s,7.733333333333333,150.0,2.5
148.4,ELS,"Sanguino-Gomez et al., 2024",3,Mix behaviors,t_180s,8.799999999999999,180.0,3.0
148.4,ELS,"Sanguino-Gomez et al., 2024",3,Mix behaviors,t_210s,0.0,210.0,3.5
148.4,ELS,"Sanguino-Gomez et al., 2024",3,Mix behaviors,t_240s,1.0666666666666669,240.0,4.0
148.4,ELS,"Sanguino-Gomez et al., 2024",3,Mix behaviors,t_270s,6.9333333333333345,270.0,4.5
148.4,ELS,"Sanguino-Gomez et al., 2024",3,Mix behaviors,t_300s,6.533333333333333,300.0,5.0
148.4,ELS,"Sanguino-Gomez et al., 2024",3,Mix behaviors,t_330s,0.0,330.0,5.5
148.4,ELS,"Sanguino-Gomez et al., 2024",3,Mix behaviors,t_360s,0.5333333333333333,360.0,6.0
148.4,ELS,"Sanguino-Gomez et al., 2024",3,Mix behaviors,t_390s,1.2,390.0,6.5
148.4,ELS,"Sanguino-Gomez et al., 2024",3,Mix behaviors,t_420s,0.0,420.0,7.0
148.4,ELS,"Sanguino-Gomez et al., 2024",3,Mix behaviors,t_450s,0.0,450.0,7.5
15.4,ELS,"Sanguino-Gomez and Krugers, 2024",1,Inaccurate tracking,t_030s,50.66666666666667,30.0,0.5
15.4,ELS,"Sanguino-Gomez and Krugers, 2024",1,Inaccurate tracking,t_060s,31.866666666666667,60.0,1.0
15.4,ELS,"Sanguino-Gomez and Krugers, 2024",1,Inaccurate tracking,t_090s,2.9333333333333336,90.0,1.5
15.4,ELS,"Sanguino-Gomez and Krugers, 2024",1,Inaccurate tracking,t_120s,18.933333333333334,120.0,2.0
15.4,ELS,"Sanguino-Gomez and Krugers, 2024",1,Inaccurate tracking,t_150s,31.866666666666664,150.0,2.5
15.4,ELS,"Sanguino-Gomez and Krugers, 2024",1,Inaccurate tracking,t_180s,10.533333333333333,180.0,3.0
15.4,ELS,"Sanguino-Gomez and Krugers, 2024",1,Inaccurate tracking,t_210s,15.600000000000001,210.0,3.5
15.4,ELS,"Sanguino-Gomez and Krugers, 2024",1,Inaccurate tracking,t_240s,19.733333333333334,240.0,4.0
15.4,ELS,"Sanguino-Gomez and Krugers, 2024",1,Inaccurate tracking,t_270s,33.733333333333334,270.0,4.5
15.4,ELS,"Sanguino-Gomez and Krugers, 2024",1,Inaccurate tracking,t_300s,28.4,300.0,5.0
15.4,ELS,"Sanguino-Gomez and Krugers, 2024",1,Inaccurate tracking,t_330s,2.4,330.0,5.5
15.4,ELS,"Sanguino-Gomez and Krugers, 2024",1,Inaccurate tracking,t_360s,0.0,360.0,6.0
15.4,ELS,"Sanguino-Gomez and Krugers, 2024",1,Inaccurate tracking,t_390s,0.0,390.0,6.5
15.4,ELS,"Sanguino-Gomez and Krugers, 2024",1,Inaccurate tracking,t_420s,10.933333333333332,420.0,7.0
15.4,ELS,"Sanguino-Gomez and Krugers, 2024",1,Inaccurate tracking,t_450s,5.066666666666666,450.0,7.5
15.4,ELS,"Sanguino-Gomez and Krugers, 2024",1,Mix behaviors,t_030s,9.6,30.0,0.5
15.4,ELS,"Sanguino-Gomez and Krugers, 2024",1,Mix behaviors,t_060s,0.0,60.0,1.0
15.4,ELS,"Sanguino-Gomez and Krugers, 2024",1,Mix behaviors,t_090s,4.133333333333333,90.0,1.5
15.4,ELS,"Sanguino-Gomez and Krugers, 2024",1,Mix behaviors,t_120s,9.333333333333332,120.0,2.0
15.4,ELS,"Sanguino-Gomez and Krugers, 2024",1,Mix behaviors,t_150s,2.1333333333333333,150.0,2.5
15.4,ELS,"Sanguino-Gomez and Krugers, 2024",1,Mix behaviors,t_180s,1.866666666666667,180.0,3.0
15.4,ELS,"Sanguino-Gomez and Krugers, 2024",1,Mix behaviors,t_210s,10.133333333333333,210.0,3.5
15.4,ELS,"Sanguino-Gomez and Krugers, 2024",1,Mix behaviors,t_240s,0.0,240.0,4.0
15.4,ELS,"Sanguino-Gomez and Krugers, 2024",1,Mix behaviors,t_270s,0.0,270.0,4.5
15.4,ELS,"Sanguino-Gomez and Krugers, 2024",1,Mix behaviors,t_300s,0.5333333333333333,300.0,5.0
15.4,ELS,"Sanguino-Gomez and Krugers, 2024",1,Mix behaviors,t_330s,0.0,330.0,5.5
15.4,ELS,"Sanguino-Gomez and Krugers, 2024",1,Mix behaviors,t_360s,18.266666666666666,360.0,6.0
15.4,ELS,"Sanguino-Gomez and Krugers, 2024",1,Mix behaviors,t_390s,8.133333333333333,390.0,6.5
15.4,ELS,"Sanguino-Gomez and Krugers, 2024",1,Mix behaviors,t_420s,11.333333333333332,420.0,7.0
15.4,ELS,"Sanguino-Gomez and Krugers, 2024",1,Mix behaviors,t_450s,0.0,450.0,7.5
15.6,ELS,"Sanguino-Gomez and Krugers, 2024",1,Inaccurate tracking,t_030s,17.733333333333334,30.0,0.5
15.6,ELS,"Sanguino-Gomez and Krugers, 2024",1,Inaccurate tracking,t_060s,6.533333333333333,60.0,1.0
15.6,ELS,"Sanguino-Gomez and Krugers, 2024",1,Inaccurate tracking,t_090s,17.2,90.0,1.5
15.6,ELS,"Sanguino-Gomez and Krugers, 2024",1,Inaccurate tracking,t_120s,5.466666666666667,120.0,2.0
15.6,ELS,"Sanguino-Gomez and Krugers, 2024",1,Inaccurate tracking,t_150s,37.46666666666667,150.0,2.5
15.6,ELS,"Sanguino-Gomez and Krugers, 2024",1,Inaccurate tracking,t_180s,5.866666666666666,180.0,3.0
15.6,ELS,"Sanguino-Gomez and Krugers, 2024",1,Inaccurate tracking,t_210s,20.400000000000002,210.0,3.5
15.6,ELS,"Sanguino-Gomez and Krugers, 2024",1,Inaccurate tracking,t_240s,49.6,240.0,4.0
15.6,ELS,"Sanguino-Gomez and Krugers, 2024",1,Inaccurate tracking,t_270s,17.6,270.0,4.5
15.6,ELS,"Sanguino-Gomez and Krugers, 2024",1,Inaccurate tracking,t_300s,15.733333333333333,300.0,5.0
15.6,ELS,"Sanguino-Gomez and Krugers, 2024",1,Inaccurate tracking,t_330s,7.066666666666667,330.0,5.5
15.6,ELS,"Sanguino-Gomez and Krugers, 2024",1,Inaccurate tracking,t_360s,2.2666666666666666,360.0,6.0
15.6,ELS,"Sanguino-Gomez and Krugers, 2024",1,Inaccurate tracking,t_390s,0.0,390.0,6.5
15.6,ELS,"Sanguino-Gomez and Krugers, 2024",1,Inaccurate tracking,t_420s,6.4,420.0,7.0
15.6,ELS,"Sanguino-Gomez and Krugers, 2024",1,Inaccurate tracking,t_450s,3.2,450.0,7.5
15.6,ELS,"Sanguino-Gomez and Krugers, 2024",1,Mix behaviors,t_030s,23.2,30.0,0.5
15.6,ELS,"Sanguino-Gomez and Krugers, 2024",1,Mix behaviors,t_060s,2.666666666666667,60.0,1.0
15.6,ELS,"Sanguino-Gomez and Krugers, 2024",1,Mix behaviors,t_090s,2.0,90.0,1.5
15.6,ELS,"Sanguino-Gomez and Krugers, 2024",1,Mix behaviors,t_120s,9.600000000000001,120.0,2.0
15.6,ELS,"Sanguino-Gomez and Krugers, 2024",1,Mix behaviors,t_150s,2.533333333333333,150.0,2.5
15.6,ELS,"Sanguino-Gomez and Krugers, 2024",1,Mix behaviors,t_180s,4.0,180.0,3.0
15.6,ELS,"Sanguino-Gomez and Krugers, 2024",1,Mix behaviors,t_210s,3.733333333333334,210.0,3.5
15.6,ELS,"Sanguino-Gomez and Krugers, 2024",1,Mix behaviors,t_240s,1.7333333333333334,240.0,4.0
15.6,ELS,"Sanguino-Gomez and Krugers, 2024",1,Mix behaviors,t_270s,15.866666666666665,270.0,4.5
15.6,ELS,"Sanguino-Gomez and Krugers, 2024",1,Mix behaviors,t_300s,25.333333333333332,300.0,5.0
15.6,ELS,"Sanguino-Gomez and Krugers, 2024",1,Mix behaviors,t_330s,7.333333333333334,330.0,5.5
15.6,ELS,"Sanguino-Gomez and Krugers, 2024",1,Mix behaviors,t_360s,0.0,360.0,6.0
15.6,ELS,"Sanguino-Gomez and Krugers, 2024",1,Mix behaviors,t_390s,13.066666666666665,390.0,6.5
15.6,ELS,"Sanguino-Gomez and Krugers, 2024",1,Mix behaviors,t_420s,8.799999999999999,420.0,7.0
15.6,ELS,"Sanguino-Gomez and Krugers, 2024",1,Mix behaviors,t_450s,7.2,450.0,7.5
150.3,ELS,"Sanguino-Gomez et al., 2024",3,Inaccurate tracking,t_030s,0.0,30.0,0.5
150.3,ELS,"Sanguino-Gomez et al., 2024",3,Inaccurate tracking,t_060s,0.0,60.0,1.0
150.3,ELS,"Sanguino-Gomez et al., 2024",3,Inaccurate tracking,t_090s,1.0666666666666669,90.0,1.5
150.3,ELS,"Sanguino-Gomez et al., 2024",3,Inaccurate tracking,t_120s,0.0,120.0,2.0
150.3,ELS,"Sanguino-Gomez et al., 2024",3,Inaccurate tracking,t_150s,5.866666666666666,150.0,2.5
150.3,ELS,"Sanguino-Gomez et al., 2024",3,Inaccurate tracking,t_180s,0.0,180.0,3.0
150.3,ELS,"Sanguino-Gomez et al., 2024",3,Inaccurate tracking,t_210s,0.0,210.0,3.5
150.3,ELS,"Sanguino-Gomez et al., 2024",3,Inaccurate tracking,t_240s,0.0,240.0,4.0
150.3,ELS,"Sanguino-Gomez et al., 2024",3,Inaccurate tracking,t_270s,0.5333333333333333,270.0,4.5
150.3,ELS,"Sanguino-Gomez et al., 2024",3,Inaccurate tracking,t_300s,0.0,300.0,5.0
150.3,ELS,"Sanguino-Gomez et al., 2024",3,Inaccurate tracking,t_330s,0.5333333333333333,330.0,5.5
150.3,ELS,"Sanguino-Gomez et al., 2024",3,Inaccurate tracking,t_360s,0.0,360.0,6.0
150.3,ELS,"Sanguino-Gomez et al., 2024",3,Inaccurate tracking,t_390s,0.5333333333333332,390.0,6.5
150.3,ELS,"Sanguino-Gomez et al., 2024",3,Inaccurate tracking,t_420s,3.333333333333334,420.0,7.0
150.3,ELS,"Sanguino-Gomez et al., 2024",3,Inaccurate tracking,t_450s,0.0,450.0,7.5
150.3,ELS,"Sanguino-Gomez et al., 2024",3,Mix behaviors,t_030s,2.933333333333333,30.0,0.5
150.3,ELS,"Sanguino-Gomez et al., 2024",3,Mix behaviors,t_060s,12.4,60.0,1.0
150.3,ELS,"Sanguino-Gomez et al., 2024",3,Mix behaviors,t_090s,0.0,90.0,1.5
150.3,ELS,"Sanguino-Gomez et al., 2024",3,Mix behaviors,t_120s,1.7333333333333332,120.0,2.0
150.3,ELS,"Sanguino-Gomez et al., 2024",3,Mix behaviors,t_150s,3.3333333333333335,150.0,2.5
150.3,ELS,"Sanguino-Gomez et al., 2024",3,Mix behaviors,t_180s,0.0,180.0,3.0
150.3,ELS,"Sanguino-Gomez et al., 2024",3,Mix behaviors,t_210s,9.333333333333334,210.0,3.5
150.3,ELS,"Sanguino-Gomez et al., 2024",3,Mix behaviors,t_240s,19.73333333333333,240.0,4.0
150.3,ELS,"Sanguino-Gomez et al., 2024",3,Mix behaviors,t_270s,0.0,270.0,4.5
150.3,ELS,"Sanguino-Gomez et al., 2024",3,Mix behaviors,t_300s,10.666666666666668,300.0,5.0
150.3,ELS,"Sanguino-Gomez et al., 2024",3,Mix behaviors,t_330s,0.0,330.0,5.5
150.3,ELS,"Sanguino-Gomez et al., 2024",3,Mix behaviors,t_360s,23.866666666666667,360.0,6.0
150.3,ELS,"Sanguino-Gomez et al., 2024",3,Mix behaviors,t_390s,5.333333333333334,390.0,6.5
150.3,ELS,"Sanguino-Gomez et al., 2024",3,Mix behaviors,t_420s,0.0,420.0,7.0
150.3,ELS,"Sanguino-Gomez et al., 2024",3,Mix behaviors,t_450s,0.0,450.0,7.5
150.5,ELS,"Sanguino-Gomez et al., 2024",3,Inaccurate tracking,t_030s,1.2,30.0,0.5
150.5,ELS,"Sanguino-Gomez et al., 2024",3,Inaccurate tracking,t_060s,14.000000000000002,60.0,1.0
150.5,ELS,"Sanguino-Gomez et al., 2024",3,Inaccurate tracking,t_090s,33.733333333333334,90.0,1.5
150.5,ELS,"Sanguino-Gomez et al., 2024",3,Inaccurate tracking,t_120s,0.2666666666666666,120.0,2.0
150.5,ELS,"Sanguino-Gomez et al., 2024",3,Inaccurate tracking,t_150s,6.800000000000001,150.0,2.5
150.5,ELS,"Sanguino-Gomez et al., 2024",3,Inaccurate tracking,t_180s,16.666666666666668,180.0,3.0
150.5,ELS,"Sanguino-Gomez et al., 2024",3,Inaccurate tracking,t_210s,21.2,210.0,3.5
150.5,ELS,"Sanguino-Gomez et al., 2024",3,Inaccurate tracking,t_240s,0.7999999999999999,240.0,4.0
150.5,ELS,"Sanguino-Gomez et al., 2024",3,Inaccurate tracking,t_270s,0.0,270.0,4.5
150.5,ELS,"Sanguino-Gomez et al., 2024",3,Inaccurate tracking,t_300s,1.6,300.0,5.0
150.5,ELS,"Sanguino-Gomez et al., 2024",3,Inaccurate tracking,t_330s,13.066666666666666,330.0,5.5
150.5,ELS,"Sanguino-Gomez et al., 2024",3,Inaccurate tracking,t_360s,5.466666666666667,360.0,6.0
150.5,ELS,"Sanguino-Gomez et al., 2024",3,Inaccurate tracking,t_390s,1.2000000000000002,390.0,6.5
150.5,ELS,"Sanguino-Gomez et al., 2024",3,Inaccurate tracking,t_420s,1.4666666666666666,420.0,7.0
150.5,ELS,"Sanguino-Gomez et al., 2024",3,Inaccurate tracking,t_450s,0.0,450.0,7.5
150.5,ELS,"Sanguino-Gomez et al., 2024",3,Mix behaviors,t_030s,0.0,30.0,0.5
150.5,ELS,"Sanguino-Gomez et al., 2024",3,Mix behaviors,t_060s,0.0,60.0,1.0
150.5,ELS,"Sanguino-Gomez et al., 2024",3,Mix behaviors,t_090s,0.0,90.0,1.5
150.5,ELS,"Sanguino-Gomez et al., 2024",3,Mix behaviors,t_120s,3.0666666666666664,120.0,2.0
150.5,ELS,"Sanguino-Gomez et al., 2024",3,Mix behaviors,t_150s,1.2,150.0,2.5
150.5,ELS,"Sanguino-Gomez et al., 2024",3,Mix behaviors,t_180s,1.0666666666666669,180.0,3.0
150.5,ELS,"Sanguino-Gomez et al., 2024",3,Mix behaviors,t_210s,0.0,210.0,3.5
150.5,ELS,"Sanguino-Gomez et al., 2024",3,Mix behaviors,t_240s,13.066666666666666,240.0,4.0
150.5,ELS,"Sanguino-Gomez et al., 2024",3,Mix behaviors,t_270s,2.666666666666667,270.0,4.5
150.5,ELS,"Sanguino-Gomez et al., 2024",3,Mix behaviors,t_300s,22.266666666666666,300.0,5.0
150.5,ELS,"Sanguino-Gomez et al., 2024",3,Mix behaviors,t_330s,0.0,330.0,5.5
150.5,ELS,"Sanguino-Gomez et al., 2024",3,Mix behaviors,t_360s,0.0,360.0,6.0
150.5,ELS,"Sanguino-Gomez et al., 2024",3,Mix behaviors,t_390s,11.866666666666667,390.0,6.5
150.5,ELS,"Sanguino-Gomez et al., 2024",3,Mix behaviors,t_420s,22.133333333333333,420.0,7.0
150.5,ELS,"Sanguino-Gomez et al., 2024",3,Mix behaviors,t_450s,18.133333333333333,450.0,7.5
152.3,Control,"Sanguino-Gomez et al., 2024",3,Inaccurate tracking,t_030s,13.200000000000001,30.0,0.5
152.3,Control,"Sanguino-Gomez et al., 2024",3,Inaccurate tracking,t_060s,18.26666666666667,60.0,1.0
152.3,Control,"Sanguino-Gomez et al., 2024",3,Inaccurate tracking,t_090s,10.8,90.0,1.5
152.3,Control,"Sanguino-Gomez et al., 2024",3,Inaccurate tracking,t_120s,34.8,120.0,2.0
152.3,Control,"Sanguino-Gomez et al., 2024",3,Inaccurate tracking,t_150s,19.733333333333334,150.0,2.5
152.3,Control,"Sanguino-Gomez et al., 2024",3,Inaccurate tracking,t_180s,30.533333333333328,180.0,3.0
152.3,Control,"Sanguino-Gomez et al., 2024",3,Inaccurate tracking,t_210s,13.599999999999998,210.0,3.5
152.3,Control,"Sanguino-Gomez et al., 2024",3,Inaccurate tracking,t_240s,10.0,240.0,4.0
152.3,Control,"Sanguino-Gomez et al., 2024",3,Inaccurate tracking,t_270s,4.133333333333334,270.0,4.5
152.3,Control,"Sanguino-Gomez et al., 2024",3,Inaccurate tracking,t_300s,7.466666666666667,300.0,5.0
152.3,Control,"Sanguino-Gomez et al., 2024",3,Inaccurate tracking,t_330s,14.533333333333335,330.0,5.5
152.3,Control,"Sanguino-Gomez et al., 2024",3,Inaccurate tracking,t_360s,11.200000000000001,360.0,6.0
152.3,Control,"Sanguino-Gomez et al., 2024",3,Inaccurate tracking,t_390s,7.6000000000000005,390.0,6.5
152.3,Control,"Sanguino-Gomez et al., 2024",3,Inaccurate tracking,t_420s,22.666666666666668,420.0,7.0
152.3,Control,"Sanguino-Gomez et al., 2024",3,Inaccurate tracking,t_450s,0.0,450.0,7.5
152.3,Control,"Sanguino-Gomez et al., 2024",3,Mix behaviors,t_030s,3.333333333333333,30.0,0.5
152.3,Control,"Sanguino-Gomez et al., 2024",3,Mix behaviors,t_060s,5.866666666666666,60.0,1.0
152.3,Control,"Sanguino-Gomez et al., 2024",3,Mix behaviors,t_090s,21.066666666666663,90.0,1.5
152.3,Control,"Sanguino-Gomez et al., 2024",3,Mix behaviors,t_120s,18.666666666666668,120.0,2.0
152.3,Control,"Sanguino-Gomez et al., 2024",3,Mix behaviors,t_150s,12.0,150.0,2.5
152.3,Control,"Sanguino-Gomez et al., 2024",3,Mix behaviors,t_180s,11.066666666666666,180.0,3.0
152.3,Control,"Sanguino-Gomez et al., 2024",3,Mix behaviors,t_210s,6.133333333333333,210.0,3.5
152.3,Control,"Sanguino-Gomez et al., 2024",3,Mix behaviors,t_240s,1.3333333333333337,240.0,4.0
152.3,Control,"Sanguino-Gomez et al., 2024",3,Mix behaviors,t_270s,2.2666666666666666,270.0,4.5
152.3,Control,"Sanguino-Gomez et al., 2024",3,Mix behaviors,t_300s,5.2,300.0,5.0
152.3,Control,"Sanguino-Gomez et al., 2024",3,Mix behaviors,t_330s,0.0,330.0,5.5
152.3,Control,"Sanguino-Gomez et al., 2024",3,Mix behaviors,t_360s,10.266666666666667,360.0,6.0
152.3,Control,"Sanguino-Gomez et al., 2024",3,Mix behaviors,t_390s,0.0,390.0,6.5
152.3,Control,"Sanguino-Gomez et al., 2024",3,Mix behaviors,t_420s,1.8666666666666667,420.0,7.0
152.3,Control,"Sanguino-Gomez et al., 2024",3,Mix behaviors,t_450s,0.0,450.0,7.5
152.5,Control,"Sanguino-Gomez et al., 2024",3,Inaccurate tracking,t_030s,12.4,30.0,0.5
152.5,Control,"Sanguino-Gomez et al., 2024",3,Inaccurate tracking,t_060s,7.333333333333334,60.0,1.0
152.5,Control,"Sanguino-Gomez et al., 2024",3,Inaccurate tracking,t_090s,21.333333333333332,90.0,1.5
152.5,Control,"Sanguino-Gomez et al., 2024",3,Inaccurate tracking,t_120s,26.4,120.0,2.0
152.5,Control,"Sanguino-Gomez et al., 2024",3,Inaccurate tracking,t_150s,10.4,150.0,2.5
152.5,Control,"Sanguino-Gomez et al., 2024",3,Inaccurate tracking,t_180s,5.733333333333333,180.0,3.0
152.5,Control,"Sanguino-Gomez et al., 2024",3,Inaccurate tracking,t_210s,8.000000000000002,210.0,3.5
152.5,Control,"Sanguino-Gomez et al., 2024",3,Inaccurate tracking,t_240s,7.466666666666668,240.0,4.0
152.5,Control,"Sanguino-Gomez et al., 2024",3,Inaccurate tracking,t_270s,6.0,270.0,4.5
152.5,Control,"Sanguino-Gomez et al., 2024",3,Inaccurate tracking,t_300s,5.2,300.0,5.0
152.5,Control,"Sanguino-Gomez et al., 2024",3,Inaccurate tracking,t_330s,20.133333333333333,330.0,5.5
152.5,Control,"Sanguino-Gomez et al., 2024",3,Inaccurate tracking,t_360s,0.0,360.0,6.0
152.5,Control,"Sanguino-Gomez et al., 2024",3,Inaccurate tracking,t_390s,1.4666666666666666,390.0,6.5
152.5,Control,"Sanguino-Gomez et al., 2024",3,Inaccurate tracking,t_420s,4.4,420.0,7.0
152.5,Control,"Sanguino-Gomez et al., 2024",3,Inaccurate tracking,t_450s,0.0,450.0,7.5
152.5,Control,"Sanguino-Gomez et al., 2024",3,Mix behaviors,t_030s,7.066666666666667,30.0,0.5
152.5,Control,"Sanguino-Gomez et al., 2024",3,Mix behaviors,t_060s,6.8,60.0,1.0
152.5,Control,"Sanguino-Gomez et al., 2024",3,Mix behaviors,t_090s,10.0,90.0,1.5
152.5,Control,"Sanguino-Gomez et al., 2024",3,Mix behaviors,t_120s,4.933333333333334,120.0,2.0
152.5,Control,"Sanguino-Gomez et al., 2024",3,Mix behaviors,t_150s,0.8,150.0,2.5
152.5,Control,"Sanguino-Gomez et al., 2024",3,Mix behaviors,t_180s,10.933333333333334,180.0,3.0
152.5,Control,"Sanguino-Gomez et al., 2024",3,Mix behaviors,t_210s,0.0,210.0,3.5
152.5,Control,"Sanguino-Gomez et al., 2024",3,Mix behaviors,t_240s,1.866666666666667,240.0,4.0
152.5,Control,"Sanguino-Gomez et al., 2024",3,Mix behaviors,t_270s,0.0,270.0,4.5
152.5,Control,"Sanguino-Gomez et al., 2024",3,Mix behaviors,t_300s,0.0,300.0,5.0
152.5,Control,"Sanguino-Gomez et al., 2024",3,Mix behaviors,t_330s,0.0,330.0,5.5
152.5,Control,"Sanguino-Gomez et al., 2024",3,Mix behaviors,t_360s,0.2666666666666666,360.0,6.0
152.5,Control,"Sanguino-Gomez et al., 2024",3,Mix behaviors,t_390s,0.0,390.0,6.5
152.5,Control,"Sanguino-Gomez et al., 2024",3,Mix behaviors,t_420s,1.0666666666666669,420.0,7.0
152.5,Control,"Sanguino-Gomez et al., 2024",3,Mix behaviors,t_450s,7.066666666666667,450.0,7.5
153.4,ELS,"Sanguino-Gomez et al., 2024",3,Inaccurate tracking,t_030s,7.066666666666666,30.0,0.5
153.4,ELS,"Sanguino-Gomez et al., 2024",3,Inaccurate tracking,t_060s,22.933333333333334,60.0,1.0
153.4,ELS,"Sanguino-Gomez et al., 2024",3,Inaccurate tracking,t_090s,0.0,90.0,1.5
153.4,ELS,"Sanguino-Gomez et al., 2024",3,Inaccurate tracking,t_120s,4.533333333333333,120.0,2.0
153.4,ELS,"Sanguino-Gomez et al., 2024",3,Inaccurate tracking,t_150s,9.066666666666666,150.0,2.5
153.4,ELS,"Sanguino-Gomez et al., 2024",3,Inaccurate tracking,t_180s,4.933333333333334,180.0,3.0
153.4,ELS,"Sanguino-Gomez et al., 2024",3,Inaccurate tracking,t_210s,1.466666666666667,210.0,3.5
153.4,ELS,"Sanguino-Gomez et al., 2024",3,Inaccurate tracking,t_240s,0.0,240.0,4.0
153.4,ELS,"Sanguino-Gomez et al., 2024",3,Inaccurate tracking,t_270s,0.0,270.0,4.5
153.4,ELS,"Sanguino-Gomez et al., 2024",3,Inaccurate tracking,t_300s,2.9333333333333336,300.0,5.0
153.4,ELS,"Sanguino-Gomez et al., 2024",3,Inaccurate tracking,t_330s,3.6,330.0,5.5
153.4,ELS,"Sanguino-Gomez et al., 2024",3,Inaccurate tracking,t_360s,5.2,360.0,6.0
153.4,ELS,"Sanguino-Gomez et al., 2024",3,Inaccurate tracking,t_390s,0.0,390.0,6.5
153.4,ELS,"Sanguino-Gomez et al., 2024",3,Inaccurate tracking,t_420s,7.066666666666667,420.0,7.0
153.4,ELS,"Sanguino-Gomez et al., 2024",3,Inaccurate tracking,t_450s,8.266666666666666,450.0,7.5
153.4,ELS,"Sanguino-Gomez et al., 2024",3,Mix behaviors,t_030s,1.2,30.0,0.5
153.4,ELS,"Sanguino-Gomez et al., 2024",3,Mix behaviors,t_060s,9.066666666666668,60.0,1.0
153.4,ELS,"Sanguino-Gomez et al., 2024",3,Mix behaviors,t_090s,4.133333333333333,90.0,1.5
153.4,ELS,"Sanguino-Gomez et al., 2024",3,Mix behaviors,t_120s,2.0,120.0,2.0
153.4,ELS,"Sanguino-Gomez et al., 2024",3,Mix behaviors,t_150s,11.466666666666665,150.0,2.5
153.4,ELS,"Sanguino-Gomez et al., 2024",3,Mix behaviors,t_180s,1.866666666666667,180.0,3.0
153.4,ELS,"Sanguino-Gomez et al., 2024",3,Mix behaviors,t_210s,1.0666666666666669,210.0,3.5
153.4,ELS,"Sanguino-Gomez et al., 2024",3,Mix behaviors,t_240s,0.4,240.0,4.0
153.4,ELS,"Sanguino-Gomez et al., 2024",3,Mix behaviors,t_270s,34.8,270.0,4.5
153.4,ELS,"Sanguino-Gomez et al., 2024",3,Mix behaviors,t_300s,12.8,300.0,5.0
153.4,ELS,"Sanguino-Gomez et al., 2024",3,Mix behaviors,t_330s,10.133333333333333,330.0,5.5
153.4,ELS,"Sanguino-Gomez et al., 2024",3,Mix behaviors,t_360s,0.0,360.0,6.0
153.4,ELS,"Sanguino-Gomez et al., 2024",3,Mix behaviors,t_390s,0.6666666666666667,390.0,6.5
153.4,ELS,"Sanguino-Gomez et al., 2024",3,Mix behaviors,t_420s,0.0,420.0,7.0
153.4,ELS,"Sanguino-Gomez et al., 2024",3,Mix behaviors,t_450s,12.8,450.0,7.5
154.4,ELS,"Sanguino-Gomez et al., 2024",3,Inaccurate tracking,t_030s,39.6,30.0,0.5
154.4,ELS,"Sanguino-Gomez et al., 2024",3,Inaccurate tracking,t_060s,1.7333333333333332,60.0,1.0
154.4,ELS,"Sanguino-Gomez et al., 2024",3,Inaccurate tracking,t_090s,6.933333333333334,90.0,1.5
154.4,ELS,"Sanguino-Gomez et al., 2024",3,Inaccurate tracking,t_120s,20.666666666666664,120.0,2.0
154.4,ELS,"Sanguino-Gomez et al., 2024",3,Inaccurate tracking,t_150s,14.933333333333335,150.0,2.5
154.4,ELS,"Sanguino-Gomez et al., 2024",3,Inaccurate tracking,t_180s,25.46666666666666,180.0,3.0
154.4,ELS,"Sanguino-Gomez et al., 2024",3,Inaccurate tracking,t_210s,0.2666666666666666,210.0,3.5
154.4,ELS,"Sanguino-Gomez et al., 2024",3,Inaccurate tracking,t_240s,8.266666666666667,240.0,4.0
154.4,ELS,"Sanguino-Gomez et al., 2024",3,Inaccurate tracking,t_270s,0.0,270.0,4.5
154.4,ELS,"Sanguino-Gomez et al., 2024",3,Inaccurate tracking,t_300s,18.8,300.0,5.0
154.4,ELS,"Sanguino-Gomez et al., 2024",3,Inaccurate tracking,t_330s,16.8,330.0,5.5
154.4,ELS,"Sanguino-Gomez et al., 2024",3,Inaccurate tracking,t_360s,2.933333333333333,360.0,6.0
154.4,ELS,"Sanguino-Gomez et al., 2024",3,Inaccurate tracking,t_390s,1.7333333333333332,390.0,6.5
154.4,ELS,"Sanguino-Gomez et al., 2024",3,Inaccurate tracking,t_420s,1.0666666666666669,420.0,7.0
154.4,ELS,"Sanguino-Gomez et al., 2024",3,Inaccurate tracking,t_450s,0.0,450.0,7.5
154.4,ELS,"Sanguino-Gomez et al., 2024",3,Mix behaviors,t_030s,6.0,30.0,0.5
154.4,ELS,"Sanguino-Gomez et al., 2024",3,Mix behaviors,t_060s,11.466666666666669,60.0,1.0
154.4,ELS,"Sanguino-Gomez et al., 2024",3,Mix behaviors,t_090s,0.8,90.0,1.5
154.4,ELS,"Sanguino-Gomez et al., 2024",3,Mix behaviors,t_120s,2.666666666666667,120.0,2.0
154.4,ELS,"Sanguino-Gomez et al., 2024",3,Mix behaviors,t_150s,3.3333333333333335,150.0,2.5
154.4,ELS,"Sanguino-Gomez et al., 2024",3,Mix behaviors,t_180s,0.0,180.0,3.0
154.4,ELS,"Sanguino-Gomez et al., 2024",3,Mix behaviors,t_210s,0.0,210.0,3.5
154.4,ELS,"Sanguino-Gomez et al., 2024",3,Mix behaviors,t_240s,2.266666666666667,240.0,4.0
154.4,ELS,"Sanguino-Gomez et al., 2024",3,Mix behaviors,t_270s,4.533333333333333,270.0,4.5
154.4,ELS,"Sanguino-Gomez et al., 2024",3,Mix behaviors,t_300s,0.0,300.0,5.0
154.4,ELS,"Sanguino-Gomez et al., 2024",3,Mix behaviors,t_330s,0.2666666666666666,330.0,5.5
154.4,ELS,"Sanguino-Gomez et al., 2024",3,Mix behaviors,t_360s,16.000000000000004,360.0,6.0
154.4,ELS,"Sanguino-Gomez et al., 2024",3,Mix behaviors,t_390s,0.0,390.0,6.5
154.4,ELS,"Sanguino-Gomez et al., 2024",3,Mix behaviors,t_420s,8.266666666666666,420.0,7.0
154.4,ELS,"Sanguino-Gomez et al., 2024",3,Mix behaviors,t_450s,14.8,450.0,7.5
157.1,Control,"Sanguino-Gomez et al., 2024",3,Inaccurate tracking,t_030s,33.333333333333336,30.0,0.5
157.1,Control,"Sanguino-Gomez et al., 2024",3,Inaccurate tracking,t_060s,35.2,60.0,1.0
157.1,Control,"Sanguino-Gomez et al., 2024",3,Inaccurate tracking,t_090s,42.93333333333334,90.0,1.5
157.1,Control,"Sanguino-Gomez et al., 2024",3,Inaccurate tracking,t_120s,43.06666666666666,120.0,2.0
157.1,Control,"Sanguino-Gomez et al., 2024",3,Inaccurate tracking,t_150s,20.133333333333333,150.0,2.5
157.1,Control,"Sanguino-Gomez et al., 2024",3,Inaccurate tracking,t_180s,39.86666666666667,180.0,3.0
157.1,Control,"Sanguino-Gomez et al., 2024",3,Inaccurate tracking,t_210s,11.066666666666666,210.0,3.5
157.1,Control,"Sanguino-Gomez et al., 2024",3,Inaccurate tracking,t_240s,25.333333333333336,240.0,4.0
157.1,Control,"Sanguino-Gomez et al., 2024",3,Inaccurate tracking,t_270s,7.866666666666666,270.0,4.5
157.1,Control,"Sanguino-Gomez et al., 2024",3,Inaccurate tracking,t_300s,16.666666666666668,300.0,5.0
157.1,Control,"Sanguino-Gomez et al., 2024",3,Inaccurate tracking,t_330s,0.8,330.0,5.5
157.1,Control,"Sanguino-Gomez et al., 2024",3,Inaccurate tracking,t_360s,14.666666666666668,360.0,6.0
157.1,Control,"Sanguino-Gomez et al., 2024",3,Inaccurate tracking,t_390s,11.066666666666666,390.0,6.5
157.1,Control,"Sanguino-Gomez et al., 2024",3,Inaccurate tracking,t_420s,6.266666666666667,420.0,7.0
157.1,Control,"Sanguino-Gomez et al., 2024",3,Inaccurate tracking,t_450s,0.0,450.0,7.5
157.1,Control,"Sanguino-Gomez et al., 2024",3,Mix behaviors,t_030s,20.666666666666668,30.0,0.5
157.1,Control,"Sanguino-Gomez et al., 2024",3,Mix behaviors,t_060s,9.866666666666665,60.0,1.0
157.1,Control,"Sanguino-Gomez et al., 2024",3,Mix behaviors,t_090s,8.666666666666668,90.0,1.5
157.1,Control,"Sanguino-Gomez et al., 2024",3,Mix behaviors,t_120s,11.466666666666667,120.0,2.0
157.1,Control,"Sanguino-Gomez et al., 2024",3,Mix behaviors,t_150s,4.266666666666667,150.0,2.5
157.1,Control,"Sanguino-Gomez et al., 2024",3,Mix behaviors,t_180s,13.6,180.0,3.0
157.1,Control,"Sanguino-Gomez et al., 2024",3,Mix behaviors,t_210s,6.133333333333333,210.0,3.5
157.1,Control,"Sanguino-Gomez et al., 2024",3,Mix behaviors,t_240s,6.0,240.0,4.0
157.1,Control,"Sanguino-Gomez et al., 2024",3,Mix behaviors,t_270s,18.53333333333333,270.0,4.5
157.1,Control,"Sanguino-Gomez et al., 2024",3,Mix behaviors,t_300s,13.866666666666667,300.0,5.0
157.1,Control,"Sanguino-Gomez et al., 2024",3,Mix behaviors,t_330s,0.8,330.0,5.5
157.1,Control,"Sanguino-Gomez et al., 2024",3,Mix behaviors,t_360s,1.0666666666666669,360.0,6.0
157.1,Control,"Sanguino-Gomez et al., 2024",3,Mix behaviors,t_390s,2.4000000000000004,390.0,6.5
157.1,Control,"Sanguino-Gomez et al., 2024",3,Mix behaviors,t_420s,4.8,420.0,7.0
157.1,Control,"Sanguino-Gomez et al., 2024",3,Mix behaviors,t_450s,27.33333333333333,450.0,7.5
157.4,Control,"Sanguino-Gomez et al., 2024",3,Inaccurate tracking,t_030s,24.666666666666668,30.0,0.5
157.4,Control,"Sanguino-Gomez et al., 2024",3,Inaccurate tracking,t_060s,16.8,60.0,1.0
157.4,Control,"Sanguino-Gomez et al., 2024",3,Inaccurate tracking,t_090s,32.800000000000004,90.0,1.5
157.4,Control,"Sanguino-Gomez et al., 2024",3,Inaccurate tracking,t_120s,18.4,120.0,2.0
157.4,Control,"Sanguino-Gomez et al., 2024",3,Inaccurate tracking,t_150s,20.8,150.0,2.5
157.4,Control,"Sanguino-Gomez et al., 2024",3,Inaccurate tracking,t_180s,34.93333333333334,180.0,3.0
157.4,Control,"Sanguino-Gomez et al., 2024",3,Inaccurate tracking,t_210s,17.333333333333336,210.0,3.5
157.4,Control,"Sanguino-Gomez et al., 2024",3,Inaccurate tracking,t_240s,21.466666666666665,240.0,4.0
157.4,Control,"Sanguino-Gomez et al., 2024",3,Inaccurate tracking,t_270s,15.2,270.0,4.5
157.4,Control,"Sanguino-Gomez et al., 2024",3,Inaccurate tracking,t_300s,15.466666666666667,300.0,5.0
157.4,Control,"Sanguino-Gomez et al., 2024",3,Inaccurate tracking,t_330s,0.5333333333333333,330.0,5.5
157.4,Control,"Sanguino-Gomez et al., 2024",3,Inaccurate tracking,t_360s,0.0,360.0,6.0
157.4,Control,"Sanguino-Gomez et al., 2024",3,Inaccurate tracking,t_390s,1.3333333333333335,390.0,6.5
157.4,Control,"Sanguino-Gomez et al., 2024",3,Inaccurate tracking,t_420s,1.0666666666666669,420.0,7.0
157.4,Control,"Sanguino-Gomez et al., 2024",3,Inaccurate tracking,t_450s,0.0,450.0,7.5
157.4,Control,"Sanguino-Gomez et al., 2024",3,Mix behaviors,t_030s,4.266666666666667,30.0,0.5
157.4,Control,"Sanguino-Gomez et al., 2024",3,Mix behaviors,t_060s,5.333333333333333,60.0,1.0
157.4,Control,"Sanguino-Gomez et al., 2024",3,Mix behaviors,t_090s,4.266666666666667,90.0,1.5
157.4,Control,"Sanguino-Gomez et al., 2024",3,Mix behaviors,t_120s,2.2666666666666666,120.0,2.0
157.4,Control,"Sanguino-Gomez et al., 2024",3,Mix behaviors,t_150s,8.933333333333334,150.0,2.5
157.4,Control,"Sanguino-Gomez et al., 2024",3,Mix behaviors,t_180s,8.133333333333333,180.0,3.0
157.4,Control,"Sanguino-Gomez et al., 2024",3,Mix behaviors,t_210s,6.933333333333334,210.0,3.5
157.4,Control,"Sanguino-Gomez et al., 2024",3,Mix behaviors,t_240s,8.533333333333333,240.0,4.0
157.4,Control,"Sanguino-Gomez et al., 2024",3,Mix behaviors,t_270s,1.4666666666666668,270.0,4.5
157.4,Control,"Sanguino-Gomez et al., 2024",3,Mix behaviors,t_300s,0.9333333333333336,300.0,5.0
157.4,Control,"Sanguino-Gomez et al., 2024",3,Mix behaviors,t_330s,4.0,330.0,5.5
157.4,Control,"Sanguino-Gomez et al., 2024",3,Mix behaviors,t_360s,0.0,360.0,6.0
157.4,Control,"Sanguino-Gomez et al., 2024",3,Mix behaviors,t_390s,1.2,390.0,6.5
157.4,Control,"Sanguino-Gomez et al., 2024",3,Mix behaviors,t_420s,29.199999999999996,420.0,7.0
157.4,Control,"Sanguino-Gomez et al., 2024",3,Mix behaviors,t_450s,9.333333333333334,450.0,7.5
158.5,Control,"Sanguino-Gomez et al., 2024",3,Inaccurate tracking,t_030s,0.0,30.0,0.5
158.5,Control,"Sanguino-Gomez et al., 2024",3,Inaccurate tracking,t_060s,34.4,60.0,1.0
158.5,Control,"Sanguino-Gomez et al., 2024",3,Inaccurate tracking,t_090s,15.466666666666665,90.0,1.5
158.5,Control,"Sanguino-Gomez et al., 2024",3,Inaccurate tracking,t_120s,15.6,120.0,2.0
158.5,Control,"Sanguino-Gomez et al., 2024",3,Inaccurate tracking,t_150s,11.733333333333334,150.0,2.5
158.5,Control,"Sanguino-Gomez et al., 2024",3,Inaccurate tracking,t_180s,32.53333333333333,180.0,3.0
158.5,Control,"Sanguino-Gomez et al., 2024",3,Inaccurate tracking,t_210s,14.266666666666666,210.0,3.5
158.5,Control,"Sanguino-Gomez et al., 2024",3,Inaccurate tracking,t_240s,4.666666666666667,240.0,4.0
158.5,Control,"Sanguino-Gomez et al., 2024",3,Inaccurate tracking,t_270s,9.333333333333334,270.0,4.5
158.5,Control,"Sanguino-Gomez et al., 2024",3,Inaccurate tracking,t_300s,14.533333333333337,300.0,5.0
158.5,Control,"Sanguino-Gomez et al., 2024",3,Inaccurate tracking,t_330s,0.0,330.0,5.5
158.5,Control,"Sanguino-Gomez et al., 2024",3,Inaccurate tracking,t_360s,2.1333333333333333,360.0,6.0
158.5,Control,"Sanguino-Gomez et al., 2024",3,Inaccurate tracking,t_390s,11.600000000000001,390.0,6.5
158.5,Control,"Sanguino-Gomez et al., 2024",3,Inaccurate tracking,t_420s,1.3333333333333337,420.0,7.0
158.5,Control,"Sanguino-Gomez et al., 2024",3,Inaccurate tracking,t_450s,1.7333333333333332,450.0,7.5
158.5,Control,"Sanguino-Gomez et al., 2024",3,Mix behaviors,t_030s,10.133333333333333,30.0,0.5
158.5,Control,"Sanguino-Gomez et al., 2024",3,Mix behaviors,t_060s,1.866666666666667,60.0,1.0
158.5,Control,"Sanguino-Gomez et al., 2024",3,Mix behaviors,t_090s,4.0,90.0,1.5
158.5,Control,"Sanguino-Gomez et al., 2024",3,Mix behaviors,t_120s,6.533333333333334,120.0,2.0
158.5,Control,"Sanguino-Gomez et al., 2024",3,Mix behaviors,t_150s,0.4,150.0,2.5
158.5,Control,"Sanguino-Gomez et al., 2024",3,Mix behaviors,t_180s,1.7333333333333332,180.0,3.0
158.5,Control,"Sanguino-Gomez et al., 2024",3,Mix behaviors,t_210s,0.9333333333333336,210.0,3.5
158.5,Control,"Sanguino-Gomez et al., 2024",3,Mix behaviors,t_240s,3.8666666666666663,240.0,4.0
158.5,Control,"Sanguino-Gomez et al., 2024",3,Mix behaviors,t_270s,2.6666666666666665,270.0,4.5
158.5,Control,"Sanguino-Gomez et al., 2024",3,Mix behaviors,t_300s,1.866666666666667,300.0,5.0
158.5,Control,"Sanguino-Gomez et al., 2024",3,Mix behaviors,t_330s,13.733333333333334,330.0,5.5
158.5,Control,"Sanguino-Gomez et al., 2024",3,Mix behaviors,t_360s,4.666666666666667,360.0,6.0
158.5,Control,"Sanguino-Gomez et al., 2024",3,Mix behaviors,t_390s,5.066666666666666,390.0,6.5
158.5,Control,"Sanguino-Gomez et al., 2024",3,Mix behaviors,t_420s,0.0,420.0,7.0
158.5,Control,"Sanguino-Gomez et al., 2024",3,Mix behaviors,t_450s,0.0,450.0,7.5
159.3,ELS,"Sanguino-Gomez et al., 2024",3,Inaccurate tracking,t_030s,0.0,30.0,0.5
159.3,ELS,"Sanguino-Gomez et al., 2024",3,Inaccurate tracking,t_060s,0.0,60.0,1.0
159.3,ELS,"Sanguino-Gomez et al., 2024",3,Inaccurate tracking,t_090s,7.466666666666668,90.0,1.5
159.3,ELS,"Sanguino-Gomez et al., 2024",3,Inaccurate tracking,t_120s,0.0,120.0,2.0
159.3,ELS,"Sanguino-Gomez et al., 2024",3,Inaccurate tracking,t_150s,0.0,150.0,2.5
159.3,ELS,"Sanguino-Gomez et al., 2024",3,Inaccurate tracking,t_180s,4.266666666666667,180.0,3.0
159.3,ELS,"Sanguino-Gomez et al., 2024",3,Inaccurate tracking,t_210s,1.6,210.0,3.5
159.3,ELS,"Sanguino-Gomez et al., 2024",3,Inaccurate tracking,t_240s,3.333333333333333,240.0,4.0
159.3,ELS,"Sanguino-Gomez et al., 2024",3,Inaccurate tracking,t_270s,0.0,270.0,4.5
159.3,ELS,"Sanguino-Gomez et al., 2024",3,Inaccurate tracking,t_300s,6.533333333333332,300.0,5.0
159.3,ELS,"Sanguino-Gomez et al., 2024",3,Inaccurate tracking,t_330s,1.4666666666666666,330.0,5.5
159.3,ELS,"Sanguino-Gomez et al., 2024",3,Inaccurate tracking,t_360s,6.8,360.0,6.0
159.3,ELS,"Sanguino-Gomez et al., 2024",3,Inaccurate tracking,t_390s,0.0,390.0,6.5
159.3,ELS,"Sanguino-Gomez et al., 2024",3,Inaccurate tracking,t_420s,10.133333333333333,420.0,7.0
159.3,ELS,"Sanguino-Gomez et al., 2024",3,Inaccurate tracking,t_450s,0.0,450.0,7.5
159.3,ELS,"Sanguino-Gomez et al., 2024",3,Mix behaviors,t_030s,0.0,30.0,0.5
159.3,ELS,"Sanguino-Gomez et al., 2024",3,Mix behaviors,t_060s,0.0,60.0,1.0
159.3,ELS,"Sanguino-Gomez et al., 2024",3,Mix behaviors,t_090s,2.8000000000000003,90.0,1.5
159.3,ELS,"Sanguino-Gomez et al., 2024",3,Mix behaviors,t_120s,15.066666666666666,120.0,2.0
159.3,ELS,"Sanguino-Gomez et al., 2024",3,Mix behaviors,t_150s,2.533333333333333,150.0,2.5
159.3,ELS,"Sanguino-Gomez et al., 2024",3,Mix behaviors,t_180s,4.8,180.0,3.0
159.3,ELS,"Sanguino-Gomez et al., 2024",3,Mix behaviors,t_210s,0.0,210.0,3.5
159.3,ELS,"Sanguino-Gomez et al., 2024",3,Mix behaviors,t_240s,0.0,240.0,4.0
159.3,ELS,"Sanguino-Gomez et al., 2024",3,Mix behaviors,t_270s,16.266666666666666,270.0,4.5
159.3,ELS,"Sanguino-Gomez et al., 2024",3,Mix behaviors,t_300s,21.2,300.0,5.0
159.3,ELS,"Sanguino-Gomez et al., 2024",3,Mix behaviors,t_330s,5.6000000000000005,330.0,5.5
159.3,ELS,"Sanguino-Gomez et al., 2024",3,Mix behaviors,t_360s,3.6,360.0,6.0
159.3,ELS,"Sanguino-Gomez et al., 2024",3,Mix behaviors,t_390s,0.0,390.0,6.5
159.3,ELS,"Sanguino-Gomez et al., 2024",3,Mix behaviors,t_420s,16.8,420.0,7.0
159.3,ELS,"Sanguino-Gomez et al., 2024",3,Mix behaviors,t_450s,7.866666666666666,450.0,7.5
159.4,ELS,"Sanguino-Gomez et al., 2024",3,Inaccurate tracking,t_030s,0.0,30.0,0.5
159.4,ELS,"Sanguino-Gomez et al., 2024",3,Inaccurate tracking,t_060s,0.0,60.0,1.0
159.4,ELS,"Sanguino-Gomez et al., 2024",3,Inaccurate tracking,t_090s,0.0,90.0,1.5
159.4,ELS,"Sanguino-Gomez et al., 2024",3,Inaccurate tracking,t_120s,0.0,120.0,2.0
159.4,ELS,"Sanguino-Gomez et al., 2024",3,Inaccurate tracking,t_150s,0.0,150.0,2.5
159.4,ELS,"Sanguino-Gomez et al., 2024",3,Inaccurate tracking,t_180s,0.0,180.0,3.0
159.4,ELS,"Sanguino-Gomez et al., 2024",3,Inaccurate tracking,t_210s,2.5333333333333337,210.0,3.5
159.4,ELS,"Sanguino-Gomez et al., 2024",3,Inaccurate tracking,t_240s,0.0,240.0,4.0
159.4,ELS,"Sanguino-Gomez et al., 2024",3,Inaccurate tracking,t_270s,4.533333333333333,270.0,4.5
159.4,ELS,"Sanguino-Gomez et al., 2024",3,Inaccurate tracking,t_300s,0.5333333333333333,300.0,5.0
159.4,ELS,"Sanguino-Gomez et al., 2024",3,Inaccurate tracking,t_330s,0.0,330.0,5.5
159.4,ELS,"Sanguino-Gomez et al., 2024",3,Inaccurate tracking,t_360s,0.0,360.0,6.0
159.4,ELS,"Sanguino-Gomez et al., 2024",3,Inaccurate tracking,t_390s,0.0,390.0,6.5
159.4,ELS,"Sanguino-Gomez et al., 2024",3,Inaccurate tracking,t_420s,1.4666666666666666,420.0,7.0
159.4,ELS,"Sanguino-Gomez et al., 2024",3,Inaccurate tracking,t_450s,0.0,450.0,7.5
159.4,ELS,"Sanguino-Gomez et al., 2024",3,Mix behaviors,t_030s,5.466666666666667,30.0,0.5
159.4,ELS,"Sanguino-Gomez et al., 2024",3,Mix behaviors,t_060s,35.46666666666667,60.0,1.0
159.4,ELS,"Sanguino-Gomez et al., 2024",3,Mix behaviors,t_090s,34.66666666666667,90.0,1.5
159.4,ELS,"Sanguino-Gomez et al., 2024",3,Mix behaviors,t_120s,19.2,120.0,2.0
159.4,ELS,"Sanguino-Gomez et al., 2024",3,Mix behaviors,t_150s,14.133333333333336,150.0,2.5
159.4,ELS,"Sanguino-Gomez et al., 2024",3,Mix behaviors,t_180s,0.0,180.0,3.0
159.4,ELS,"Sanguino-Gomez et al., 2024",3,Mix behaviors,t_210s,6.133333333333333,210.0,3.5
159.4,ELS,"Sanguino-Gomez et al., 2024",3,Mix behaviors,t_240s,8.666666666666668,240.0,4.0
159.4,ELS,"Sanguino-Gomez et al., 2024",3,Mix behaviors,t_270s,7.733333333333333,270.0,4.5
159.4,ELS,"Sanguino-Gomez et al., 2024",3,Mix behaviors,t_300s,6.0,300.0,5.0
159.4,ELS,"Sanguino-Gomez et al., 2024",3,Mix behaviors,t_330s,9.6,330.0,5.5
159.4,ELS,"Sanguino-Gomez et al., 2024",3,Mix behaviors,t_360s,1.0666666666666669,360.0,6.0
159.4,ELS,"Sanguino-Gomez et al., 2024",3,Mix behaviors,t_390s,23.33333333333333,390.0,6.5
159.4,ELS,"Sanguino-Gomez et al., 2024",3,Mix behaviors,t_420s,1.2,420.0,7.0
159.4,ELS,"Sanguino-Gomez et al., 2024",3,Mix behaviors,t_450s,4.8,450.0,7.5
159.5,ELS,"Sanguino-Gomez et al., 2024",3,Inaccurate tracking,t_030s,0.8,30.0,0.5
159.5,ELS,"Sanguino-Gomez et al., 2024",3,Inaccurate tracking,t_060s,0.0,60.0,1.0
159.5,ELS,"Sanguino-Gomez et al., 2024",3,Inaccurate tracking,t_090s,14.399999999999999,90.0,1.5
159.5,ELS,"Sanguino-Gomez et al., 2024",3,Inaccurate tracking,t_120s,0.5333333333333333,120.0,2.0
159.5,ELS,"Sanguino-Gomez et al., 2024",3,Inaccurate tracking,t_150s,1.4666666666666666,150.0,2.5
159.5,ELS,"Sanguino-Gomez et al., 2024",3,Inaccurate tracking,t_180s,8.266666666666666,180.0,3.0
159.5,ELS,"Sanguino-Gomez et al., 2024",3,Inaccurate tracking,t_210s,8.133333333333333,210.0,3.5
159.5,ELS,"Sanguino-Gomez et al., 2024",3,Inaccurate tracking,t_240s,0.0,240.0,4.0
159.5,ELS,"Sanguino-Gomez et al., 2024",3,Inaccurate tracking,t_270s,0.0,270.0,4.5
159.5,ELS,"Sanguino-Gomez et al., 2024",3,Inaccurate tracking,t_300s,1.7333333333333332,300.0,5.0
159.5,ELS,"Sanguino-Gomez et al., 2024",3,Inaccurate tracking,t_330s,3.0666666666666664,330.0,5.5
159.5,ELS,"Sanguino-Gomez et al., 2024",3,Inaccurate tracking,t_360s,8.533333333333333,360.0,6.0
159.5,ELS,"Sanguino-Gomez et al., 2024",3,Inaccurate tracking,t_390s,0.4,390.0,6.5
159.5,ELS,"Sanguino-Gomez et al., 2024",3,Inaccurate tracking,t_420s,0.8,420.0,7.0
159.5,ELS,"Sanguino-Gomez et al., 2024",3,Inaccurate tracking,t_450s,0.0,450.0,7.5
159.5,ELS,"Sanguino-Gomez et al., 2024",3,Mix behaviors,t_030s,6.0,30.0,0.5
159.5,ELS,"Sanguino-Gomez et al., 2024",3,Mix behaviors,t_060s,16.400000000000002,60.0,1.0
159.5,ELS,"Sanguino-Gomez et al., 2024",3,Mix behaviors,t_090s,7.866666666666666,90.0,1.5
159.5,ELS,"Sanguino-Gomez et al., 2024",3,Mix behaviors,t_120s,10.133333333333335,120.0,2.0
159.5,ELS,"Sanguino-Gomez et al., 2024",3,Mix behaviors,t_150s,1.8666666666666671,150.0,2.5
159.5,ELS,"Sanguino-Gomez et al., 2024",3,Mix behaviors,t_180s,4.666666666666667,180.0,3.0
159.5,ELS,"Sanguino-Gomez et al., 2024",3,Mix behaviors,t_210s,0.0,210.0,3.5
159.5,ELS,"Sanguino-Gomez et al., 2024",3,Mix behaviors,t_240s,0.2666666666666666,240.0,4.0
159.5,ELS,"Sanguino-Gomez et al., 2024",3,Mix behaviors,t_270s,4.533333333333333,270.0,4.5
159.5,ELS,"Sanguino-Gomez et al., 2024",3,Mix behaviors,t_300s,1.2,300.0,5.0
159.5,ELS,"Sanguino-Gomez et al., 2024",3,Mix behaviors,t_330s,8.133333333333333,330.0,5.5
159.5,ELS,"Sanguino-Gomez et al., 2024",3,Mix behaviors,t_360s,1.866666666666667,360.0,6.0
159.5,ELS,"Sanguino-Gomez et al., 2024",3,Mix behaviors,t_390s,18.53333333333333,390.0,6.5
159.5,ELS,"Sanguino-Gomez et al., 2024",3,Mix behaviors,t_420s,12.0,420.0,7.0
159.5,ELS,"Sanguino-Gomez et al., 2024",3,Mix behaviors,t_450s,3.6,450.0,7.5
161.1,Control,"Sanguino-Gomez et al., 2024",3,Inaccurate tracking,t_030s,0.6666666666666667,30.0,0.5
161.1,Control,"Sanguino-Gomez et al., 2024",3,Inaccurate tracking,t_060s,22.53333333333333,60.0,1.0
161.1,Control,"Sanguino-Gomez et al., 2024",3,Inaccurate tracking,t_090s,24.4,90.0,1.5
161.1,Control,"Sanguino-Gomez et al., 2024",3,Inaccurate tracking,t_120s,6.533333333333332,120.0,2.0
161.1,Control,"Sanguino-Gomez et al., 2024",3,Inaccurate tracking,t_150s,11.866666666666667,150.0,2.5
161.1,Control,"Sanguino-Gomez et al., 2024",3,Inaccurate tracking,t_180s,19.2,180.0,3.0
161.1,Control,"Sanguino-Gomez et al., 2024",3,Inaccurate tracking,t_210s,0.6666666666666667,210.0,3.5
161.1,Control,"Sanguino-Gomez et al., 2024",3,Inaccurate tracking,t_240s,0.0,240.0,4.0
161.1,Control,"Sanguino-Gomez et al., 2024",3,Inaccurate tracking,t_270s,0.0,270.0,4.5
161.1,Control,"Sanguino-Gomez et al., 2024",3,Inaccurate tracking,t_300s,24.000000000000004,300.0,5.0
161.1,Control,"Sanguino-Gomez et al., 2024",3,Inaccurate tracking,t_330s,1.0666666666666669,330.0,5.5
161.1,Control,"Sanguino-Gomez et al., 2024",3,Inaccurate tracking,t_360s,0.0,360.0,6.0
161.1,Control,"Sanguino-Gomez et al., 2024",3,Inaccurate tracking,t_390s,0.0,390.0,6.5
161.1,Control,"Sanguino-Gomez et al., 2024",3,Inaccurate tracking,t_420s,4.266666666666666,420.0,7.0
161.1,Control,"Sanguino-Gomez et al., 2024",3,Inaccurate tracking,t_450s,0.0,450.0,7.5
161.1,Control,"Sanguino-Gomez et al., 2024",3,Mix behaviors,t_030s,6.0,30.0,0.5
161.1,Control,"Sanguino-Gomez et al., 2024",3,Mix behaviors,t_060s,2.4,60.0,1.0
161.1,Control,"Sanguino-Gomez et al., 2024",3,Mix behaviors,t_090s,0.0,90.0,1.5
161.1,Control,"Sanguino-Gomez et al., 2024",3,Mix behaviors,t_120s,7.2,120.0,2.0
161.1,Control,"Sanguino-Gomez et al., 2024",3,Mix behaviors,t_150s,6.266666666666667,150.0,2.5
161.1,Control,"Sanguino-Gomez et al., 2024",3,Mix behaviors,t_180s,3.8666666666666663,180.0,3.0
161.1,Control,"Sanguino-Gomez et al., 2024",3,Mix behaviors,t_210s,2.4,210.0,3.5
161.1,Control,"Sanguino-Gomez et al., 2024",3,Mix behaviors,t_240s,0.0,240.0,4.0
161.1,Control,"Sanguino-Gomez et al., 2024",3,Mix behaviors,t_270s,5.733333333333333,270.0,4.5
161.1,Control,"Sanguino-Gomez et al., 2024",3,Mix behaviors,t_300s,0.0,300.0,5.0
161.1,Control,"Sanguino-Gomez et al., 2024",3,Mix behaviors,t_330s,9.866666666666667,330.0,5.5
161.1,Control,"Sanguino-Gomez et al., 2024",3,Mix behaviors,t_360s,5.866666666666666,360.0,6.0
161.1,Control,"Sanguino-Gomez et al., 2024",3,Mix behaviors,t_390s,7.333333333333333,390.0,6.5
161.1,Control,"Sanguino-Gomez et al., 2024",3,Mix behaviors,t_420s,0.0,420.0,7.0
161.1,Control,"Sanguino-Gomez et al., 2024",3,Mix behaviors,t_450s,20.8,450.0,7.5
161.3,Control,"Sanguino-Gomez et al., 2024",3,Inaccurate tracking,t_030s,24.666666666666664,30.0,0.5
161.3,Control,"Sanguino-Gomez et al., 2024",3,Inaccurate tracking,t_060s,35.199999999999996,60.0,1.0
161.3,Control,"Sanguino-Gomez et al., 2024",3,Inaccurate tracking,t_090s,18.8,90.0,1.5
161.3,Control,"Sanguino-Gomez et al., 2024",3,Inaccurate tracking,t_120s,18.26666666666667,120.0,2.0
161.3,Control,"Sanguino-Gomez et al., 2024",3,Inaccurate tracking,t_150s,0.0,150.0,2.5
161.3,Control,"Sanguino-Gomez et al., 2024",3,Inaccurate tracking,t_180s,14.266666666666667,180.0,3.0
161.3,Control,"Sanguino-Gomez et al., 2024",3,Inaccurate tracking,t_210s,1.2000000000000002,210.0,3.5
161.3,Control,"Sanguino-Gomez et al., 2024",3,Inaccurate tracking,t_240s,4.800000000000001,240.0,4.0
161.3,Control,"Sanguino-Gomez et al., 2024",3,Inaccurate tracking,t_270s,6.266666666666667,270.0,4.5
161.3,Control,"Sanguino-Gomez et al., 2024",3,Inaccurate tracking,t_300s,9.733333333333334,300.0,5.0
161.3,Control,"Sanguino-Gomez et al., 2024",3,Inaccurate tracking,t_330s,8.933333333333334,330.0,5.5
161.3,Control,"Sanguino-Gomez et al., 2024",3,Inaccurate tracking,t_360s,13.600000000000001,360.0,6.0
161.3,Control,"Sanguino-Gomez et al., 2024",3,Inaccurate tracking,t_390s,1.6,390.0,6.5
161.3,Control,"Sanguino-Gomez et al., 2024",3,Inaccurate tracking,t_420s,1.4666666666666666,420.0,7.0
161.3,Control,"Sanguino-Gomez et al., 2024",3,Inaccurate tracking,t_450s,2.2666666666666666,450.0,7.5
161.3,Control,"Sanguino-Gomez et al., 2024",3,Mix behaviors,t_030s,0.0,30.0,0.5
161.3,Control,"Sanguino-Gomez et al., 2024",3,Mix behaviors,t_060s,2.533333333333333,60.0,1.0
161.3,Control,"Sanguino-Gomez et al., 2024",3,Mix behaviors,t_090s,0.0,90.0,1.5
161.3,Control,"Sanguino-Gomez et al., 2024",3,Mix behaviors,t_120s,0.0,120.0,2.0
161.3,Control,"Sanguino-Gomez et al., 2024",3,Mix behaviors,t_150s,5.2,150.0,2.5
161.3,Control,"Sanguino-Gomez et al., 2024",3,Mix behaviors,t_180s,7.999999999999999,180.0,3.0
161.3,Control,"Sanguino-Gomez et al., 2024",3,Mix behaviors,t_210s,1.866666666666667,210.0,3.5
161.3,Control,"Sanguino-Gomez et al., 2024",3,Mix behaviors,t_240s,0.0,240.0,4.0
161.3,Control,"Sanguino-Gomez et al., 2024",3,Mix behaviors,t_270s,4.0,270.0,4.5
161.3,Control,"Sanguino-Gomez et al., 2024",3,Mix behaviors,t_300s,0.0,300.0,5.0
161.3,Control,"Sanguino-Gomez et al., 2024",3,Mix behaviors,t_330s,0.0,330.0,5.5
161.3,Control,"Sanguino-Gomez et al., 2024",3,Mix behaviors,t_360s,0.0,360.0,6.0
161.3,Control,"Sanguino-Gomez et al., 2024",3,Mix behaviors,t_390s,0.0,390.0,6.5
161.3,Control,"Sanguino-Gomez et al., 2024",3,Mix behaviors,t_420s,4.4,420.0,7.0
161.3,Control,"Sanguino-Gomez et al., 2024",3,Mix behaviors,t_450s,0.0,450.0,7.5
2.4,ELS,"Sanguino-Gomez and Krugers, 2024",1,Inaccurate tracking,t_030s,41.06666666666667,30.0,0.5
2.4,ELS,"Sanguino-Gomez and Krugers, 2024",1,Inaccurate tracking,t_060s,22.8,60.0,1.0
2.4,ELS,"Sanguino-Gomez and Krugers, 2024",1,Inaccurate tracking,t_090s,19.599999999999998,90.0,1.5
2.4,ELS,"Sanguino-Gomez and Krugers, 2024",1,Inaccurate tracking,t_120s,30.533333333333335,120.0,2.0
2.4,ELS,"Sanguino-Gomez and Krugers, 2024",1,Inaccurate tracking,t_150s,39.86666666666667,150.0,2.5
2.4,ELS,"Sanguino-Gomez and Krugers, 2024",1,Inaccurate tracking,t_180s,26.266666666666666,180.0,3.0
2.4,ELS,"Sanguino-Gomez and Krugers, 2024",1,Inaccurate tracking,t_210s,34.13333333333333,210.0,3.5
2.4,ELS,"Sanguino-Gomez and Krugers, 2024",1,Inaccurate tracking,t_240s,16.933333333333334,240.0,4.0
2.4,ELS,"Sanguino-Gomez and Krugers, 2024",1,Inaccurate tracking,t_270s,10.666666666666666,270.0,4.5
2.4,ELS,"Sanguino-Gomez and Krugers, 2024",1,Inaccurate tracking,t_300s,3.9999999999999996,300.0,5.0
2.4,ELS,"Sanguino-Gomez and Krugers, 2024",1,Inaccurate tracking,t_330s,7.733333333333333,330.0,5.5
2.4,ELS,"Sanguino-Gomez and Krugers, 2024",1,Inaccurate tracking,t_360s,2.1333333333333333,360.0,6.0
2.4,ELS,"Sanguino-Gomez and Krugers, 2024",1,Inaccurate tracking,t_390s,4.533333333333333,390.0,6.5
2.4,ELS,"Sanguino-Gomez and Krugers, 2024",1,Inaccurate tracking,t_420s,13.866666666666667,420.0,7.0
2.4,ELS,"Sanguino-Gomez and Krugers, 2024",1,Inaccurate tracking,t_450s,25.46666666666667,450.0,7.5
2.4,ELS,"Sanguino-Gomez and Krugers, 2024",1,Mix behaviors,t_030s,9.066666666666666,30.0,0.5
2.4,ELS,"Sanguino-Gomez and Krugers, 2024",1,Mix behaviors,t_060s,4.533333333333333,60.0,1.0
2.4,ELS,"Sanguino-Gomez and Krugers, 2024",1,Mix behaviors,t_090s,8.0,90.0,1.5
2.4,ELS,"Sanguino-Gomez and Krugers, 2024",1,Mix behaviors,t_120s,7.200000000000001,120.0,2.0
2.4,ELS,"Sanguino-Gomez and Krugers, 2024",1,Mix behaviors,t_150s,15.466666666666669,150.0,2.5
2.4,ELS,"Sanguino-Gomez and Krugers, 2024",1,Mix behaviors,t_180s,7.733333333333333,180.0,3.0
2.4,ELS,"Sanguino-Gomez and Krugers, 2024",1,Mix behaviors,t_210s,2.6666666666666665,210.0,3.5
2.4,ELS,"Sanguino-Gomez and Krugers, 2024",1,Mix behaviors,t_240s,1.6,240.0,4.0
2.4,ELS,"Sanguino-Gomez and Krugers, 2024",1,Mix behaviors,t_270s,2.1333333333333333,270.0,4.5
2.4,ELS,"Sanguino-Gomez and Krugers, 2024",1,Mix behaviors,t_300s,5.066666666666666,300.0,5.0
2.4,ELS,"Sanguino-Gomez and Krugers, 2024",1,Mix behaviors,t_330s,4.933333333333334,330.0,5.5
2.4,ELS,"Sanguino-Gomez and Krugers, 2024",1,Mix behaviors,t_360s,0.0,360.0,6.0
2.4,ELS,"Sanguino-Gomez and Krugers, 2024",1,Mix behaviors,t_390s,0.6666666666666667,390.0,6.5
2.4,ELS,"Sanguino-Gomez and Krugers, 2024",1,Mix behaviors,t_420s,17.066666666666666,420.0,7.0
2.4,ELS,"Sanguino-Gomez and Krugers, 2024",1,Mix behaviors,t_450s,0.0,450.0,7.5
23.4,ELS,"Sanguino-Gomez and Krugers, 2024",1,Inaccurate tracking,t_030s,47.6,30.0,0.5
23.4,ELS,"Sanguino-Gomez and Krugers, 2024",1,Inaccurate tracking,t_060s,17.599999999999998,60.0,1.0
23.4,ELS,"Sanguino-Gomez and Krugers, 2024",1,Inaccurate tracking,t_090s,8.666666666666666,90.0,1.5
23.4,ELS,"Sanguino-Gomez and Krugers, 2024",1,Inaccurate tracking,t_120s,34.93333333333334,120.0,2.0
23.4,ELS,"Sanguino-Gomez and Krugers, 2024",1,Inaccurate tracking,t_150s,26.0,150.0,2.5
23.4,ELS,"Sanguino-Gomez and Krugers, 2024",1,Inaccurate tracking,t_180s,7.199999999999999,180.0,3.0
23.4,ELS,"Sanguino-Gomez and Krugers, 2024",1,Inaccurate tracking,t_210s,20.533333333333335,210.0,3.5
23.4,ELS,"Sanguino-Gomez and Krugers, 2024",1,Inaccurate tracking,t_240s,25.333333333333332,240.0,4.0
23.4,ELS,"Sanguino-Gomez and Krugers, 2024",1,Inaccurate tracking,t_270s,3.0666666666666664,270.0,4.5
23.4,ELS,"Sanguino-Gomez and Krugers, 2024",1,Inaccurate tracking,t_300s,11.2,300.0,5.0
23.4,ELS,"Sanguino-Gomez and Krugers, 2024",1,Inaccurate tracking,t_330s,2.666666666666667,330.0,5.5
23.4,ELS,"Sanguino-Gomez and Krugers, 2024",1,Inaccurate tracking,t_360s,33.733333333333334,360.0,6.0
23.4,ELS,"Sanguino-Gomez and Krugers, 2024",1,Inaccurate tracking,t_390s,0.8,390.0,6.5
23.4,ELS,"Sanguino-Gomez and Krugers, 2024",1,Inaccurate tracking,t_420s,17.333333333333332,420.0,7.0
23.4,ELS,"Sanguino-Gomez and Krugers, 2024",1,Inaccurate tracking,t_450s,6.666666666666666,450.0,7.5
23.4,ELS,"Sanguino-Gomez and Krugers, 2024",1,Mix behaviors,t_030s,0.0,30.0,0.5
23.4,ELS,"Sanguino-Gomez and Krugers, 2024",1,Mix behaviors,t_060s,1.3333333333333337,60.0,1.0
23.4,ELS,"Sanguino-Gomez and Krugers, 2024",1,Mix behaviors,t_090s,3.866666666666667,90.0,1.5
23.4,ELS,"Sanguino-Gomez and Krugers, 2024",1,Mix behaviors,t_120s,2.4,120.0,2.0
23.4,ELS,"Sanguino-Gomez and Krugers, 2024",1,Mix behaviors,t_150s,9.333333333333334,150.0,2.5
23.4,ELS,"Sanguino-Gomez and Krugers, 2024",1,Mix behaviors,t_180s,2.4,180.0,3.0
23.4,ELS,"Sanguino-Gomez and Krugers, 2024",1,Mix behaviors,t_210s,5.466666666666667,210.0,3.5
23.4,ELS,"Sanguino-Gomez and Krugers, 2024",1,Mix behaviors,t_240s,5.733333333333333,240.0,4.0
23.4,ELS,"Sanguino-Gomez and Krugers, 2024",1,Mix behaviors,t_270s,3.0666666666666664,270.0,4.5
23.4,ELS,"Sanguino-Gomez and Krugers, 2024",1,Mix behaviors,t_300s,18.933333333333334,300.0,5.0
23.4,ELS,"Sanguino-Gomez and Krugers, 2024",1,Mix behaviors,t_330s,1.8666666666666671,330.0,5.5
23.4,ELS,"Sanguino-Gomez and Krugers, 2024",1,Mix behaviors,t_360s,3.7333333333333334,360.0,6.0
23.4,ELS,"Sanguino-Gomez and Krugers, 2024",1,Mix behaviors,t_390s,4.533333333333333,390.0,6.5
23.4,ELS,"Sanguino-Gomez and Krugers, 2024",1,Mix behaviors,t_420s,6.0,420.0,7.0
23.4,ELS,"Sanguino-Gomez and Krugers, 2024",1,Mix behaviors,t_450s,13.200000000000001,450.0,7.5
25.1,ELS,"Sanguino-Gomez and Krugers, 2024",1,Inaccurate tracking,t_030s,17.599999999999998,30.0,0.5
25.1,ELS,"Sanguino-Gomez and Krugers, 2024",1,Inaccurate tracking,t_060s,11.600000000000001,60.0,1.0
25.1,ELS,"Sanguino-Gomez and Krugers, 2024",1,Inaccurate tracking,t_090s,28.799999999999997,90.0,1.5
25.1,ELS,"Sanguino-Gomez and Krugers, 2024",1,Inaccurate tracking,t_120s,14.399999999999999,120.0,2.0
25.1,ELS,"Sanguino-Gomez and Krugers, 2024",1,Inaccurate tracking,t_150s,23.066666666666666,150.0,2.5
25.1,ELS,"Sanguino-Gomez and Krugers, 2024",1,Inaccurate tracking,t_180s,11.200000000000003,180.0,3.0
25.1,ELS,"Sanguino-Gomez and Krugers, 2024",1,Inaccurate tracking,t_210s,21.599999999999998,210.0,3.5
25.1,ELS,"Sanguino-Gomez and Krugers, 2024",1,Inaccurate tracking,t_240s,13.73333333333333,240.0,4.0
25.1,ELS,"Sanguino-Gomez and Krugers, 2024",1,Inaccurate tracking,t_270s,20.933333333333334,270.0,4.5
25.1,ELS,"Sanguino-Gomez and Krugers, 2024",1,Inaccurate tracking,t_300s,18.400000000000002,300.0,5.0
25.1,ELS,"Sanguino-Gomez and Krugers, 2024",1,Inaccurate tracking,t_330s,3.0666666666666664,330.0,5.5
25.1,ELS,"Sanguino-Gomez and Krugers, 2024",1,Inaccurate tracking,t_360s,22.266666666666666,360.0,6.0
25.1,ELS,"Sanguino-Gomez and Krugers, 2024",1,Inaccurate tracking,t_390s,34.0,390.0,6.5
25.1,ELS,"Sanguino-Gomez and Krugers, 2024",1,Inaccurate tracking,t_420s,16.666666666666664,420.0,7.0
25.1,ELS,"Sanguino-Gomez and Krugers, 2024",1,Inaccurate tracking,t_450s,2.8000000000000003,450.0,7.5
25.1,ELS,"Sanguino-Gomez and Krugers, 2024",1,Mix behaviors,t_030s,1.7333333333333332,30.0,0.5
25.1,ELS,"Sanguino-Gomez and Krugers, 2024",1,Mix behaviors,t_060s,9.333333333333334,60.0,1.0
25.1,ELS,"Sanguino-Gomez and Krugers, 2024",1,Mix behaviors,t_090s,0.0,90.0,1.5
25.1,ELS,"Sanguino-Gomez and Krugers, 2024",1,Mix behaviors,t_120s,2.1333333333333333,120.0,2.0
25.1,ELS,"Sanguino-Gomez and Krugers, 2024",1,Mix behaviors,t_150s,24.0,150.0,2.5
25.1,ELS,"Sanguino-Gomez and Krugers, 2024",1,Mix behaviors,t_180s,1.7333333333333332,180.0,3.0
25.1,ELS,"Sanguino-Gomez and Krugers, 2024",1,Mix behaviors,t_210s,1.7333333333333332,210.0,3.5
25.1,ELS,"Sanguino-Gomez and Krugers, 2024",1,Mix behaviors,t_240s,3.0666666666666664,240.0,4.0
25.1,ELS,"Sanguino-Gomez and Krugers, 2024",1,Mix behaviors,t_270s,6.933333333333334,270.0,4.5
25.1,ELS,"Sanguino-Gomez and Krugers, 2024",1,Mix behaviors,t_300s,2.1333333333333333,300.0,5.0
25.1,ELS,"Sanguino-Gomez and Krugers, 2024",1,Mix behaviors,t_330s,4.533333333333333,330.0,5.5
25.1,ELS,"Sanguino-Gomez and Krugers, 2024",1,Mix behaviors,t_360s,7.733333333333333,360.0,6.0
25.1,ELS,"Sanguino-Gomez and Krugers, 2024",1,Mix behaviors,t_390s,2.8,390.0,6.5
25.1,ELS,"Sanguino-Gomez and Krugers, 2024",1,Mix behaviors,t_420s,19.066666666666666,420.0,7.0
25.1,ELS,"Sanguino-Gomez and Krugers, 2024",1,Mix behaviors,t_450s,0.0,450.0,7.5
26.4,ELS,"Sanguino-Gomez and Krugers, 2024",1,Inaccurate tracking,t_030s,59.06666666666666,30.0,0.5
26.4,ELS,"Sanguino-Gomez and Krugers, 2024",1,Inaccurate tracking,t_060s,8.799999999999999,60.0,1.0
26.4,ELS,"Sanguino-Gomez and Krugers, 2024",1,Inaccurate tracking,t_090s,29.86666666666667,90.0,1.5
26.4,ELS,"Sanguino-Gomez and Krugers, 2024",1,Inaccurate tracking,t_120s,10.666666666666668,120.0,2.0
26.4,ELS,"Sanguino-Gomez and Krugers, 2024",1,Inaccurate tracking,t_150s,4.4,150.0,2.5
26.4,ELS,"Sanguino-Gomez and Krugers, 2024",1,Inaccurate tracking,t_180s,26.0,180.0,3.0
26.4,ELS,"Sanguino-Gomez and Krugers, 2024",1,Inaccurate tracking,t_210s,20.53333333333333,210.0,3.5
26.4,ELS,"Sanguino-Gomez and Krugers, 2024",1,Inaccurate tracking,t_240s,0.9333333333333336,240.0,4.0
26.4,ELS,"Sanguino-Gomez and Krugers, 2024",1,Inaccurate tracking,t_270s,6.266666666666667,270.0,4.5
26.4,ELS,"Sanguino-Gomez and Krugers, 2024",1,Inaccurate tracking,t_300s,9.733333333333333,300.0,5.0
26.4,ELS,"Sanguino-Gomez and Krugers, 2024",1,Inaccurate tracking,t_330s,0.5333333333333333,330.0,5.5
26.4,ELS,"Sanguino-Gomez and Krugers, 2024",1,Inaccurate tracking,t_360s,0.0,360.0,6.0
26.4,ELS,"Sanguino-Gomez and Krugers, 2024",1,Inaccurate tracking,t_390s,1.4666666666666666,390.0,6.5
26.4,ELS,"Sanguino-Gomez and Krugers, 2024",1,Inaccurate tracking,t_420s,6.266666666666667,420.0,7.0
26.4,ELS,"Sanguino-Gomez and Krugers, 2024",1,Inaccurate tracking,t_450s,0.0,450.0,7.5
26.4,ELS,"Sanguino-Gomez and Krugers, 2024",1,Mix behaviors,t_030s,0.0,30.0,0.5
26.4,ELS,"Sanguino-Gomez and Krugers, 2024",1,Mix behaviors,t_060s,1.2,60.0,1.0
26.4,ELS,"Sanguino-Gomez and Krugers, 2024",1,Mix behaviors,t_090s,0.0,90.0,1.5
26.4,ELS,"Sanguino-Gomez and Krugers, 2024",1,Mix behaviors,t_120s,0.0,120.0,2.0
26.4,ELS,"Sanguino-Gomez and Krugers, 2024",1,Mix behaviors,t_150s,1.4666666666666666,150.0,2.5
26.4,ELS,"Sanguino-Gomez and Krugers, 2024",1,Mix behaviors,t_180s,5.066666666666666,180.0,3.0
26.4,ELS,"Sanguino-Gomez and Krugers, 2024",1,Mix behaviors,t_210s,0.0,210.0,3.5
26.4,ELS,"Sanguino-Gomez and Krugers, 2024",1,Mix behaviors,t_240s,0.0,240.0,4.0
26.4,ELS,"Sanguino-Gomez and Krugers, 2024",1,Mix behaviors,t_270s,15.866666666666665,270.0,4.5
26.4,ELS,"Sanguino-Gomez and Krugers, 2024",1,Mix behaviors,t_300s,0.0,300.0,5.0
26.4,ELS,"Sanguino-Gomez and Krugers, 2024",1,Mix behaviors,t_330s,3.333333333333333,330.0,5.5
26.4,ELS,"Sanguino-Gomez and Krugers, 2024",1,Mix behaviors,t_360s,23.866666666666667,360.0,6.0
26.4,ELS,"Sanguino-Gomez and Krugers, 2024",1,Mix behaviors,t_390s,0.0,390.0,6.5
26.4,ELS,"Sanguino-Gomez and Krugers, 2024",1,Mix behaviors,t_420s,10.8,420.0,7.0
26.4,ELS,"Sanguino-Gomez and Krugers, 2024",1,Mix behaviors,t_450s,0.0,450.0,7.5
32.2,ELS,"Sanguino-Gomez and Krugers, 2024",1,Inaccurate tracking,t_030s,23.2,30.0,0.5
32.2,ELS,"Sanguino-Gomez and Krugers, 2024",1,Inaccurate tracking,t_060s,49.06666666666666,60.0,1.0
32.2,ELS,"Sanguino-Gomez and Krugers, 2024",1,Inaccurate tracking,t_090s,9.6,90.0,1.5
32.2,ELS,"Sanguino-Gomez and Krugers, 2024",1,Inaccurate tracking,t_120s,29.866666666666664,120.0,2.0
32.2,ELS,"Sanguino-Gomez and Krugers, 2024",1,Inaccurate tracking,t_150s,10.0,150.0,2.5
32.2,ELS,"Sanguino-Gomez and Krugers, 2024",1,Inaccurate tracking,t_180s,5.333333333333334,180.0,3.0
32.2,ELS,"Sanguino-Gomez and Krugers, 2024",1,Inaccurate tracking,t_210s,13.6,210.0,3.5
32.2,ELS,"Sanguino-Gomez and Krugers, 2024",1,Inaccurate tracking,t_240s,10.133333333333335,240.0,4.0
32.2,ELS,"Sanguino-Gomez and Krugers, 2024",1,Inaccurate tracking,t_270s,17.466666666666665,270.0,4.5
32.2,ELS,"Sanguino-Gomez and Krugers, 2024",1,Inaccurate tracking,t_300s,8.4,300.0,5.0
32.2,ELS,"Sanguino-Gomez and Krugers, 2024",1,Inaccurate tracking,t_330s,23.599999999999998,330.0,5.5
32.2,ELS,"Sanguino-Gomez and Krugers, 2024",1,Inaccurate tracking,t_360s,18.266666666666666,360.0,6.0
32.2,ELS,"Sanguino-Gomez and Krugers, 2024",1,Inaccurate tracking,t_390s,0.0,390.0,6.5
32.2,ELS,"Sanguino-Gomez and Krugers, 2024",1,Inaccurate tracking,t_420s,1.6,420.0,7.0
32.2,ELS,"Sanguino-Gomez and Krugers, 2024",1,Inaccurate tracking,t_450s,0.0,450.0,7.5
32.2,ELS,"Sanguino-Gomez and Krugers, 2024",1,Mix behaviors,t_030s,0.8,30.0,0.5
32.2,ELS,"Sanguino-Gomez and Krugers, 2024",1,Mix behaviors,t_060s,0.0,60.0,1.0
32.2,ELS,"Sanguino-Gomez and Krugers, 2024",1,Mix behaviors,t_090s,6.533333333333332,90.0,1.5
32.2,ELS,"Sanguino-Gomez and Krugers, 2024",1,Mix behaviors,t_120s,16.666666666666664,120.0,2.0
32.2,ELS,"Sanguino-Gomez and Krugers, 2024",1,Mix behaviors,t_150s,6.266666666666667,150.0,2.5
32.2,ELS,"Sanguino-Gomez and Krugers, 2024",1,Mix behaviors,t_180s,4.0,180.0,3.0
32.2,ELS,"Sanguino-Gomez and Krugers, 2024",1,Mix behaviors,t_210s,0.8,210.0,3.5
32.2,ELS,"Sanguino-Gomez and Krugers, 2024",1,Mix behaviors,t_240s,4.666666666666667,240.0,4.0
32.2,ELS,"Sanguino-Gomez and Krugers, 2024",1,Mix behaviors,t_270s,4.266666666666667,270.0,4.5
32.2,ELS,"Sanguino-Gomez and Krugers, 2024",1,Mix behaviors,t_300s,1.3333333333333337,300.0,5.0
32.2,ELS,"Sanguino-Gomez and Krugers, 2024",1,Mix behaviors,t_330s,6.266666666666667,330.0,5.5
32.2,ELS,"Sanguino-Gomez and Krugers, 2024",1,Mix behaviors,t_360s,8.0,360.0,6.0
32.2,ELS,"Sanguino-Gomez and Krugers, 2024",1,Mix behaviors,t_390s,22.266666666666666,390.0,6.5
32.2,ELS,"Sanguino-Gomez and Krugers, 2024",1,Mix behaviors,t_420s,25.2,420.0,7.0
32.2,ELS,"Sanguino-Gomez and Krugers, 2024",1,Mix behaviors,t_450s,23.066666666666666,450.0,7.5
32.4,ELS,"Sanguino-Gomez and Krugers, 2024",1,Inaccurate tracking,t_030s,37.06666666666667,30.0,0.5
32.4,ELS,"Sanguino-Gomez and Krugers, 2024",1,Inaccurate tracking,t_060s,27.866666666666667,60.0,1.0
32.4,ELS,"Sanguino-Gomez and Krugers, 2024",1,Inaccurate tracking,t_090s,21.333333333333336,90.0,1.5
32.4,ELS,"Sanguino-Gomez and Krugers, 2024",1,Inaccurate tracking,t_120s,11.333333333333332,120.0,2.0
32.4,ELS,"Sanguino-Gomez and Krugers, 2024",1,Inaccurate tracking,t_150s,2.4,150.0,2.5
32.4,ELS,"Sanguino-Gomez and Krugers, 2024",1,Inaccurate tracking,t_180s,16.4,180.0,3.0
32.4,ELS,"Sanguino-Gomez and Krugers, 2024",1,Inaccurate tracking,t_210s,18.0,210.0,3.5
32.4,ELS,"Sanguino-Gomez and Krugers, 2024",1,Inaccurate tracking,t_240s,18.266666666666666,240.0,4.0
32.4,ELS,"Sanguino-Gomez and Krugers, 2024",1,Inaccurate tracking,t_270s,35.86666666666666,270.0,4.5
32.4,ELS,"Sanguino-Gomez and Krugers, 2024",1,Inaccurate tracking,t_300s,5.066666666666666,300.0,5.0
32.4,ELS,"Sanguino-Gomez and Krugers, 2024",1,Inaccurate tracking,t_330s,0.5333333333333333,330.0,5.5
32.4,ELS,"Sanguino-Gomez and Krugers, 2024",1,Inaccurate tracking,t_360s,0.0,360.0,6.0
32.4,ELS,"Sanguino-Gomez and Krugers, 2024",1,Inaccurate tracking,t_390s,7.6,390.0,6.5
32.4,ELS,"Sanguino-Gomez and Krugers, 2024",1,Inaccurate tracking,t_420s,17.066666666666666,420.0,7.0
32.4,ELS,"Sanguino-Gomez and Krugers, 2024",1,Inaccurate tracking,t_450s,25.599999999999998,450.0,7.5
32.4,ELS,"Sanguino-Gomez and Krugers, 2024",1,Mix behaviors,t_030s,12.133333333333333,30.0,0.5
32.4,ELS,"Sanguino-Gomez and Krugers, 2024",1,Mix behaviors,t_060s,3.333333333333333,60.0,1.0
32.4,ELS,"Sanguino-Gomez and Krugers, 2024",1,Mix behaviors,t_090s,29.199999999999996,90.0,1.5
32.4,ELS,"Sanguino-Gomez and Krugers, 2024",1,Mix behaviors,t_120s,7.333333333333333,120.0,2.0
32.4,ELS,"Sanguino-Gomez and Krugers, 2024",1,Mix behaviors,t_150s,0.8,150.0,2.5
32.4,ELS,"Sanguino-Gomez and Krugers, 2024",1,Mix behaviors,t_180s,4.133333333333333,180.0,3.0
32.4,ELS,"Sanguino-Gomez and Krugers, 2024",1,Mix behaviors,t_210s,5.6,210.0,3.5
32.4,ELS,"Sanguino-Gomez and Krugers, 2024",1,Mix behaviors,t_240s,2.4000000000000004,240.0,4.0
32.4,ELS,"Sanguino-Gomez and Krugers, 2024",1,Mix behaviors,t_270s,6.266666666666667,270.0,4.5
32.4,ELS,"Sanguino-Gomez and Krugers, 2024",1,Mix behaviors,t_300s,1.7333333333333332,300.0,5.0
32.4,ELS,"Sanguino-Gomez and Krugers, 2024",1,Mix behaviors,t_330s,9.066666666666666,330.0,5.5
32.4,ELS,"Sanguino-Gomez and Krugers, 2024",1,Mix behaviors,t_360s,3.4666666666666663,360.0,6.0
32.4,ELS,"Sanguino-Gomez and Krugers, 2024",1,Mix behaviors,t_390s,13.066666666666668,390.0,6.5
32.4,ELS,"Sanguino-Gomez and Krugers, 2024",1,Mix behaviors,t_420s,13.6,420.0,7.0
32.4,ELS,"Sanguino-Gomez and Krugers, 2024",1,Mix behaviors,t_450s,8.0,450.0,7.5
34.4,Control,"Sanguino-Gomez and Krugers, 2024",1,Inaccurate tracking,t_030s,32.93333333333333,30.0,0.5
34.4,Control,"Sanguino-Gomez and Krugers, 2024",1,Inaccurate tracking,t_060s,26.666666666666668,60.0,1.0
34.4,Control,"Sanguino-Gomez and Krugers, 2024",1,Inaccurate tracking,t_090s,9.466666666666667,90.0,1.5
34.4,Control,"Sanguino-Gomez and Krugers, 2024",1,Inaccurate tracking,t_120s,18.8,120.0,2.0
34.4,Control,"Sanguino-Gomez and Krugers, 2024",1,Inaccurate tracking,t_150s,20.266666666666666,150.0,2.5
34.4,Control,"Sanguino-Gomez and Krugers, 2024",1,Inaccurate tracking,t_180s,16.133333333333333,180.0,3.0
34.4,Control,"Sanguino-Gomez and Krugers, 2024",1,Inaccurate tracking,t_210s,18.666666666666664,210.0,3.5
34.4,Control,"Sanguino-Gomez and Krugers, 2024",1,Inaccurate tracking,t_240s,10.666666666666664,240.0,4.0
34.4,Control,"Sanguino-Gomez and Krugers, 2024",1,Inaccurate tracking,t_270s,11.333333333333332,270.0,4.5
34.4,Control,"Sanguino-Gomez and Krugers, 2024",1,Inaccurate tracking,t_300s,11.600000000000001,300.0,5.0
34.4,Control,"Sanguino-Gomez and Krugers, 2024",1,Inaccurate tracking,t_330s,4.4,330.0,5.5
34.4,Control,"Sanguino-Gomez and Krugers, 2024",1,Inaccurate tracking,t_360s,0.0,360.0,6.0
34.4,Control,"Sanguino-Gomez and Krugers, 2024",1,Inaccurate tracking,t_390s,15.733333333333334,390.0,6.5
34.4,Control,"Sanguino-Gomez and Krugers, 2024",1,Inaccurate tracking,t_420s,14.533333333333335,420.0,7.0
34.4,Control,"Sanguino-Gomez and Krugers, 2024",1,Inaccurate tracking,t_450s,19.46666666666667,450.0,7.5
34.4,Control,"Sanguino-Gomez and Krugers, 2024",1,Mix behaviors,t_030s,1.3333333333333337,30.0,0.5
34.4,Control,"Sanguino-Gomez and Krugers, 2024",1,Mix behaviors,t_060s,0.9333333333333336,60.0,1.0
34.4,Control,"Sanguino-Gomez and Krugers, 2024",1,Mix behaviors,t_090s,1.866666666666667,90.0,1.5
34.4,Control,"Sanguino-Gomez and Krugers, 2024",1,Mix behaviors,t_120s,0.0,120.0,2.0
34.4,Control,"Sanguino-Gomez and Krugers, 2024",1,Mix behaviors,t_150s,4.933333333333334,150.0,2.5
34.4,Control,"Sanguino-Gomez and Krugers, 2024",1,Mix behaviors,t_180s,9.866666666666667,180.0,3.0
34.4,Control,"Sanguino-Gomez and Krugers, 2024",1,Mix behaviors,t_210s,1.0666666666666669,210.0,3.5
34.4,Control,"Sanguino-Gomez and Krugers, 2024",1,Mix behaviors,t_240s,5.2,240.0,4.0
34.4,Control,"Sanguino-Gomez and Krugers, 2024",1,Mix behaviors,t_270s,14.533333333333333,270.0,4.5
34.4,Control,"Sanguino-Gomez and Krugers, 2024",1,Mix behaviors,t_300s,6.8,300.0,5.0
34.4,Control,"Sanguino-Gomez and Krugers, 2024",1,Mix behaviors,t_330s,2.1333333333333333,330.0,5.5
34.4,Control,"Sanguino-Gomez and Krugers, 2024",1,Mix behaviors,t_360s,0.8,360.0,6.0
34.4,Control,"Sanguino-Gomez and Krugers, 2024",1,Mix behaviors,t_390s,11.733333333333334,390.0,6.5
34.4,Control,"Sanguino-Gomez and Krugers, 2024",1,Mix behaviors,t_420s,16.266666666666666,420.0,7.0
34.4,Control,"Sanguino-Gomez and Krugers, 2024",1,Mix behaviors,t_450s,1.7333333333333332,450.0,7.5
34.5,Control,"Sanguino-Gomez and Krugers, 2024",1,Inaccurate tracking,t_030s,51.733333333333334,30.0,0.5
34.5,Control,"Sanguino-Gomez and Krugers, 2024",1,Inaccurate tracking,t_060s,35.733333333333334,60.0,1.0
34.5,Control,"Sanguino-Gomez and Krugers, 2024",1,Inaccurate tracking,t_090s,40.13333333333334,90.0,1.5
34.5,Control,"Sanguino-Gomez and Krugers, 2024",1,Inaccurate tracking,t_120s,16.8,120.0,2.0
34.5,Control,"Sanguino-Gomez and Krugers, 2024",1,Inaccurate tracking,t_150s,12.533333333333331,150.0,2.5
34.5,Control,"Sanguino-Gomez and Krugers, 2024",1,Inaccurate tracking,t_180s,32.800000000000004,180.0,3.0
34.5,Control,"Sanguino-Gomez and Krugers, 2024",1,Inaccurate tracking,t_210s,16.8,210.0,3.5
34.5,Control,"Sanguino-Gomez and Krugers, 2024",1,Inaccurate tracking,t_240s,2.2666666666666666,240.0,4.0
34.5,Control,"Sanguino-Gomez and Krugers, 2024",1,Inaccurate tracking,t_270s,10.8,270.0,4.5
34.5,Control,"Sanguino-Gomez and Krugers, 2024",1,Inaccurate tracking,t_300s,15.600000000000001,300.0,5.0
34.5,Control,"Sanguino-Gomez and Krugers, 2024",1,Inaccurate tracking,t_330s,0.0,330.0,5.5
34.5,Control,"Sanguino-Gomez and Krugers, 2024",1,Inaccurate tracking,t_360s,2.1333333333333333,360.0,6.0
34.5,Control,"Sanguino-Gomez and Krugers, 2024",1,Inaccurate tracking,t_390s,7.7333333333333325,390.0,6.5
34.5,Control,"Sanguino-Gomez and Krugers, 2024",1,Inaccurate tracking,t_420s,18.666666666666668,420.0,7.0
34.5,Control,"Sanguino-Gomez and Krugers, 2024",1,Inaccurate tracking,t_450s,0.0,450.0,7.5
34.5,Control,"Sanguino-Gomez and Krugers, 2024",1,Mix behaviors,t_030s,0.0,30.0,0.5
34.5,Control,"Sanguino-Gomez and Krugers, 2024",1,Mix behaviors,t_060s,3.333333333333333,60.0,1.0
34.5,Control,"Sanguino-Gomez and Krugers, 2024",1,Mix behaviors,t_090s,0.0,90.0,1.5
34.5,Control,"Sanguino-Gomez and Krugers, 2024",1,Mix behaviors,t_120s,5.866666666666667,120.0,2.0
34.5,Control,"Sanguino-Gomez and Krugers, 2024",1,Mix behaviors,t_150s,1.7333333333333332,150.0,2.5
34.5,Control,"Sanguino-Gomez and Krugers, 2024",1,Mix behaviors,t_180s,0.0,180.0,3.0
34.5,Control,"Sanguino-Gomez and Krugers, 2024",1,Mix behaviors,t_210s,9.200000000000001,210.0,3.5
34.5,Control,"Sanguino-Gomez and Krugers, 2024",1,Mix behaviors,t_240s,1.3333333333333337,240.0,4.0
34.5,Control,"Sanguino-Gomez and Krugers, 2024",1,Mix behaviors,t_270s,16.933333333333334,270.0,4.5
34.5,Control,"Sanguino-Gomez and Krugers, 2024",1,Mix behaviors,t_300s,0.4,300.0,5.0
34.5,Control,"Sanguino-Gomez and Krugers, 2024",1,Mix behaviors,t_330s,5.733333333333333,330.0,5.5
34.5,Control,"Sanguino-Gomez and Krugers, 2024",1,Mix behaviors,t_360s,0.4,360.0,6.0
34.5,Control,"Sanguino-Gomez and Krugers, 2024",1,Mix behaviors,t_390s,0.0,390.0,6.5
34.5,Control,"Sanguino-Gomez and Krugers, 2024",1,Mix behaviors,t_420s,7.7333333333333325,420.0,7.0
34.5,Control,"Sanguino-Gomez and Krugers, 2024",1,Mix behaviors,t_450s,1.866666666666667,450.0,7.5
40.4,Control,"Sanguino-Gomez and Krugers, 2024",1,Inaccurate tracking,t_030s,58.39999999999999,30.0,0.5
40.4,Control,"Sanguino-Gomez and Krugers, 2024",1,Inaccurate tracking,t_060s,35.199999999999996,60.0,1.0
40.4,Control,"Sanguino-Gomez and Krugers, 2024",1,Inaccurate tracking,t_090s,40.8,90.0,1.5
40.4,Control,"Sanguino-Gomez and Krugers, 2024",1,Inaccurate tracking,t_120s,35.06666666666667,120.0,2.0
40.4,Control,"Sanguino-Gomez and Krugers, 2024",1,Inaccurate tracking,t_150s,42.66666666666667,150.0,2.5
40.4,Control,"Sanguino-Gomez and Krugers, 2024",1,Inaccurate tracking,t_180s,32.0,180.0,3.0
40.4,Control,"Sanguino-Gomez and Krugers, 2024",1,Inaccurate tracking,t_210s,18.266666666666666,210.0,3.5
40.4,Control,"Sanguino-Gomez and Krugers, 2024",1,Inaccurate tracking,t_240s,41.733333333333334,240.0,4.0
40.4,Control,"Sanguino-Gomez and Krugers, 2024",1,Inaccurate tracking,t_270s,17.333333333333332,270.0,4.5
40.4,Control,"Sanguino-Gomez and Krugers, 2024",1,Inaccurate tracking,t_300s,23.06666666666667,300.0,5.0
40.4,Control,"Sanguino-Gomez and Krugers, 2024",1,Inaccurate tracking,t_330s,31.866666666666667,330.0,5.5
40.4,Control,"Sanguino-Gomez and Krugers, 2024",1,Inaccurate tracking,t_360s,14.8,360.0,6.0
40.4,Control,"Sanguino-Gomez and Krugers, 2024",1,Inaccurate tracking,t_390s,9.2,390.0,6.5
40.4,Control,"Sanguino-Gomez and Krugers, 2024",1,Inaccurate tracking,t_420s,42.8,420.0,7.0
40.4,Control,"Sanguino-Gomez and Krugers, 2024",1,Inaccurate tracking,t_450s,37.2,450.0,7.5
40.4,Control,"Sanguino-Gomez and Krugers, 2024",1,Mix behaviors,t_030s,5.6000000000000005,30.0,0.5
40.4,Control,"Sanguino-Gomez and Krugers, 2024",1,Mix behaviors,t_060s,14.0,60.0,1.0
40.4,Control,"Sanguino-Gomez and Krugers, 2024",1,Mix behaviors,t_090s,3.4666666666666663,90.0,1.5
40.4,Control,"Sanguino-Gomez and Krugers, 2024",1,Mix behaviors,t_120s,2.533333333333333,120.0,2.0
40.4,Control,"Sanguino-Gomez and Krugers, 2024",1,Mix behaviors,t_150s,1.6,150.0,2.5
40.4,Control,"Sanguino-Gomez and Krugers, 2024",1,Mix behaviors,t_180s,9.2,180.0,3.0
40.4,Control,"Sanguino-Gomez and Krugers, 2024",1,Mix behaviors,t_210s,5.466666666666667,210.0,3.5
40.4,Control,"Sanguino-Gomez and Krugers, 2024",1,Mix behaviors,t_240s,13.333333333333332,240.0,4.0
40.4,Control,"Sanguino-Gomez and Krugers, 2024",1,Mix behaviors,t_270s,4.0,270.0,4.5
40.4,Control,"Sanguino-Gomez and Krugers, 2024",1,Mix behaviors,t_300s,8.666666666666666,300.0,5.0
40.4,Control,"Sanguino-Gomez and Krugers, 2024",1,Mix behaviors,t_330s,0.0,330.0,5.5
40.4,Control,"Sanguino-Gomez and Krugers, 2024",1,Mix behaviors,t_360s,4.666666666666666,360.0,6.0
40.4,Control,"Sanguino-Gomez and Krugers, 2024",1,Mix behaviors,t_390s,11.600000000000001,390.0,6.5
40.4,Control,"Sanguino-Gomez and Krugers, 2024",1,Mix behaviors,t_420s,3.2,420.0,7.0
40.4,Control,"Sanguino-Gomez and Krugers, 2024",1,Mix behaviors,t_450s,0.6666666666666667,450.0,7.5
40.6,Control,"Sanguino-Gomez and Krugers, 2024",1,Inaccurate tracking,t_030s,36.4,30.0,0.5
40.6,Control,"Sanguino-Gomez and Krugers, 2024",1,Inaccurate tracking,t_060s,34.66666666666667,60.0,1.0
40.6,Control,"Sanguino-Gomez and Krugers, 2024",1,Inaccurate tracking,t_090s,30.266666666666666,90.0,1.5
40.6,Control,"Sanguino-Gomez and Krugers, 2024",1,Inaccurate tracking,t_120s,14.4,120.0,2.0
40.6,Control,"Sanguino-Gomez and Krugers, 2024",1,Inaccurate tracking,t_150s,25.2,150.0,2.5
40.6,Control,"Sanguino-Gomez and Krugers, 2024",1,Inaccurate tracking,t_180s,2.0000000000000004,180.0,3.0
40.6,Control,"Sanguino-Gomez and Krugers, 2024",1,Inaccurate tracking,t_210s,0.9333333333333333,210.0,3.5
40.6,Control,"Sanguino-Gomez and Krugers, 2024",1,Inaccurate tracking,t_240s,20.266666666666666,240.0,4.0
40.6,Control,"Sanguino-Gomez and Krugers, 2024",1,Inaccurate tracking,t_270s,8.8,270.0,4.5
40.6,Control,"Sanguino-Gomez and Krugers, 2024",1,Inaccurate tracking,t_300s,30.533333333333335,300.0,5.0
40.6,Control,"Sanguino-Gomez and Krugers, 2024",1,Inaccurate tracking,t_330s,22.000000000000004,330.0,5.5
40.6,Control,"Sanguino-Gomez and Krugers, 2024",1,Inaccurate tracking,t_360s,19.866666666666664,360.0,6.0
40.6,Control,"Sanguino-Gomez and Krugers, 2024",1,Inaccurate tracking,t_390s,17.06666666666667,390.0,6.5
40.6,Control,"Sanguino-Gomez and Krugers, 2024",1,Inaccurate tracking,t_420s,15.333333333333334,420.0,7.0
40.6,Control,"Sanguino-Gomez and Krugers, 2024",1,Inaccurate tracking,t_450s,17.599999999999998,450.0,7.5
40.6,Control,"Sanguino-Gomez and Krugers, 2024",1,Mix behaviors,t_030s,6.799999999999999,30.0,0.5
40.6,Control,"Sanguino-Gomez and Krugers, 2024",1,Mix behaviors,t_060s,2.933333333333333,60.0,1.0
40.6,Control,"Sanguino-Gomez and Krugers, 2024",1,Mix behaviors,t_090s,2.533333333333333,90.0,1.5
40.6,Control,"Sanguino-Gomez and Krugers, 2024",1,Mix behaviors,t_120s,15.066666666666666,120.0,2.0
40.6,Control,"Sanguino-Gomez and Krugers, 2024",1,Mix behaviors,t_150s,7.066666666666667,150.0,2.5
40.6,Control,"Sanguino-Gomez and Krugers, 2024",1,Mix behaviors,t_180s,5.6000000000000005,180.0,3.0
40.6,Control,"Sanguino-Gomez and Krugers, 2024",1,Mix behaviors,t_210s,0.0,210.0,3.5
40.6,Control,"Sanguino-Gomez and Krugers, 2024",1,Mix behaviors,t_240s,13.066666666666666,240.0,4.0
40.6,Control,"Sanguino-Gomez and Krugers, 2024",1,Mix behaviors,t_270s,5.6,270.0,4.5
40.6,Control,"Sanguino-Gomez and Krugers, 2024",1,Mix behaviors,t_300s,10.666666666666668,300.0,5.0
40.6,Control,"Sanguino-Gomez and Krugers, 2024",1,Mix behaviors,t_330s,4.933333333333334,330.0,5.5
40.6,Control,"Sanguino-Gomez and Krugers, 2024",1,Mix behaviors,t_360s,4.8,360.0,6.0
40.6,Control,"Sanguino-Gomez and Krugers, 2024",1,Mix behaviors,t_390s,8.933333333333334,390.0,6.5
40.6,Control,"Sanguino-Gomez and Krugers, 2024",1,Mix behaviors,t_420s,0.0,420.0,7.0
40.6,Control,"Sanguino-Gomez and Krugers, 2024",1,Mix behaviors,t_450s,4.133333333333334,450.0,7.5
41.4,Control,"Sanguino-Gomez and Krugers, 2024",1,Inaccurate tracking,t_030s,40.53333333333333,30.0,0.5
41.4,Control,"Sanguino-Gomez and Krugers, 2024",1,Inaccurate tracking,t_060s,32.400000000000006,60.0,1.0
41.4,Control,"Sanguino-Gomez and Krugers, 2024",1,Inaccurate tracking,t_090s,28.666666666666664,90.0,1.5
41.4,Control,"Sanguino-Gomez and Krugers, 2024",1,Inaccurate tracking,t_120s,24.533333333333335,120.0,2.0
41.4,Control,"Sanguino-Gomez and Krugers, 2024",1,Inaccurate tracking,t_150s,8.8,150.0,2.5
41.4,Control,"Sanguino-Gomez and Krugers, 2024",1,Inaccurate tracking,t_180s,13.6,180.0,3.0
41.4,Control,"Sanguino-Gomez and Krugers, 2024",1,Inaccurate tracking,t_210s,33.333333333333336,210.0,3.5
41.4,Control,"Sanguino-Gomez and Krugers, 2024",1,Inaccurate tracking,t_240s,24.8,240.0,4.0
41.4,Control,"Sanguino-Gomez and Krugers, 2024",1,Inaccurate tracking,t_270s,13.199999999999998,270.0,4.5
41.4,Control,"Sanguino-Gomez and Krugers, 2024",1,Inaccurate tracking,t_300s,21.2,300.0,5.0
41.4,Control,"Sanguino-Gomez and Krugers, 2024",1,Inaccurate tracking,t_330s,18.4,330.0,5.5
41.4,Control,"Sanguino-Gomez and Krugers, 2024",1,Inaccurate tracking,t_360s,45.86666666666667,360.0,6.0
41.4,Control,"Sanguino-Gomez and Krugers, 2024",1,Inaccurate tracking,t_390s,19.599999999999998,390.0,6.5
41.4,Control,"Sanguino-Gomez and Krugers, 2024",1,Inaccurate tracking,t_420s,1.4666666666666666,420.0,7.0
41.4,Control,"Sanguino-Gomez and Krugers, 2024",1,Inaccurate tracking,t_450s,6.533333333333332,450.0,7.5
41.4,Control,"Sanguino-Gomez and Krugers, 2024",1,Mix behaviors,t_030s,0.0,30.0,0.5
41.4,Control,"Sanguino-Gomez and Krugers, 2024",1,Mix behaviors,t_060s,3.333333333333333,60.0,1.0
41.4,Control,"Sanguino-Gomez and Krugers, 2024",1,Mix behaviors,t_090s,12.399999999999999,90.0,1.5
41.4,Control,"Sanguino-Gomez and Krugers, 2024",1,Mix behaviors,t_120s,13.2,120.0,2.0
41.4,Control,"Sanguino-Gomez and Krugers, 2024",1,Mix behaviors,t_150s,2.4,150.0,2.5
41.4,Control,"Sanguino-Gomez and Krugers, 2024",1,Mix behaviors,t_180s,4.266666666666667,180.0,3.0
41.4,Control,"Sanguino-Gomez and Krugers, 2024",1,Mix behaviors,t_210s,2.9333333333333336,210.0,3.5
41.4,Control,"Sanguino-Gomez and Krugers, 2024",1,Mix behaviors,t_240s,3.6,240.0,4.0
41.4,Control,"Sanguino-Gomez and Krugers, 2024",1,Mix behaviors,t_270s,2.8000000000000003,270.0,4.5
41.4,Control,"Sanguino-Gomez and Krugers, 2024",1,Mix behaviors,t_300s,2.8000000000000003,300.0,5.0
41.4,Control,"Sanguino-Gomez and Krugers, 2024",1,Mix behaviors,t_330s,10.4,330.0,5.5
41.4,Control,"Sanguino-Gomez and Krugers, 2024",1,Mix behaviors,t_360s,2.933333333333333,360.0,6.0
41.4,Control,"Sanguino-Gomez and Krugers, 2024",1,Mix behaviors,t_390s,0.0,390.0,6.5
41.4,Control,"Sanguino-Gomez and Krugers, 2024",1,Mix behaviors,t_420s,0.0,420.0,7.0
41.4,Control,"Sanguino-Gomez and Krugers, 2024",1,Mix behaviors,t_450s,0.0,450.0,7.5
41.5,Control,"Sanguino-Gomez and Krugers, 2024",1,Inaccurate tracking,t_030s,40.800000000000004,30.0,0.5
41.5,Control,"Sanguino-Gomez and Krugers, 2024",1,Inaccurate tracking,t_060s,34.0,60.0,1.0
41.5,Control,"Sanguino-Gomez and Krugers, 2024",1,Inaccurate tracking,t_090s,36.53333333333334,90.0,1.5
41.5,Control,"Sanguino-Gomez and Krugers, 2024",1,Inaccurate tracking,t_120s,24.133333333333333,120.0,2.0
41.5,Control,"Sanguino-Gomez and Krugers, 2024",1,Inaccurate tracking,t_150s,15.333333333333332,150.0,2.5
41.5,Control,"Sanguino-Gomez and Krugers, 2024",1,Inaccurate tracking,t_180s,12.133333333333333,180.0,3.0
41.5,Control,"Sanguino-Gomez and Krugers, 2024",1,Inaccurate tracking,t_210s,36.4,210.0,3.5
41.5,Control,"Sanguino-Gomez and Krugers, 2024",1,Inaccurate tracking,t_240s,14.533333333333333,240.0,4.0
41.5,Control,"Sanguino-Gomez and Krugers, 2024",1,Inaccurate tracking,t_270s,4.0,270.0,4.5
41.5,Control,"Sanguino-Gomez and Krugers, 2024",1,Inaccurate tracking,t_300s,24.666666666666664,300.0,5.0
41.5,Control,"Sanguino-Gomez and Krugers, 2024",1,Inaccurate tracking,t_330s,9.333333333333334,330.0,5.5
41.5,Control,"Sanguino-Gomez and Krugers, 2024",1,Inaccurate tracking,t_360s,4.133333333333333,360.0,6.0
41.5,Control,"Sanguino-Gomez and Krugers, 2024",1,Inaccurate tracking,t_390s,9.200000000000001,390.0,6.5
41.5,Control,"Sanguino-Gomez and Krugers, 2024",1,Inaccurate tracking,t_420s,9.066666666666666,420.0,7.0
41.5,Control,"Sanguino-Gomez and Krugers, 2024",1,Inaccurate tracking,t_450s,5.733333333333334,450.0,7.5
41.5,Control,"Sanguino-Gomez and Krugers, 2024",1,Mix behaviors,t_030s,14.533333333333333,30.0,0.5
41.5,Control,"Sanguino-Gomez and Krugers, 2024",1,Mix behaviors,t_060s,2.533333333333333,60.0,1.0
41.5,Control,"Sanguino-Gomez and Krugers, 2024",1,Mix behaviors,t_090s,0.0,90.0,1.5
41.5,Control,"Sanguino-Gomez and Krugers, 2024",1,Mix behaviors,t_120s,0.0,120.0,2.0
41.5,Control,"Sanguino-Gomez and Krugers, 2024",1,Mix behaviors,t_150s,1.866666666666667,150.0,2.5
41.5,Control,"Sanguino-Gomez and Krugers, 2024",1,Mix behaviors,t_180s,2.4,180.0,3.0
41.5,Control,"Sanguino-Gomez and Krugers, 2024",1,Mix behaviors,t_210s,0.0,210.0,3.5
41.5,Control,"Sanguino-Gomez and Krugers, 2024",1,Mix behaviors,t_240s,7.333333333333333,240.0,4.0
41.5,Control,"Sanguino-Gomez and Krugers, 2024",1,Mix behaviors,t_270s,2.2666666666666666,270.0,4.5
41.5,Control,"Sanguino-Gomez and Krugers, 2024",1,Mix behaviors,t_300s,0.8,300.0,5.0
41.5,Control,"Sanguino-Gomez and Krugers, 2024",1,Mix behaviors,t_330s,1.6,330.0,5.5
41.5,Control,"Sanguino-Gomez and Krugers, 2024",1,Mix behaviors,t_360s,0.0,360.0,6.0
41.5,Control,"Sanguino-Gomez and Krugers, 2024",1,Mix behaviors,t_390s,10.133333333333333,390.0,6.5
41.5,Control,"Sanguino-Gomez and Krugers, 2024",1,Mix behaviors,t_420s,0.0,420.0,7.0
41.5,Control,"Sanguino-Gomez and Krugers, 2024",1,Mix behaviors,t_450s,0.0,450.0,7.5
41.6,Control,"Sanguino-Gomez and Krugers, 2024",1,Inaccurate tracking,t_030s,40.93333333333333,30.0,0.5
41.6,Control,"Sanguino-Gomez and Krugers, 2024",1,Inaccurate tracking,t_060s,32.13333333333333,60.0,1.0
41.6,Control,"Sanguino-Gomez and Krugers, 2024",1,Inaccurate tracking,t_090s,34.266666666666666,90.0,1.5
41.6,Control,"Sanguino-Gomez and Krugers, 2024",1,Inaccurate tracking,t_120s,6.4,120.0,2.0
41.6,Control,"Sanguino-Gomez and Krugers, 2024",1,Inaccurate tracking,t_150s,20.933333333333334,150.0,2.5
41.6,Control,"Sanguino-Gomez and Krugers, 2024",1,Inaccurate tracking,t_180s,32.666666666666664,180.0,3.0
41.6,Control,"Sanguino-Gomez and Krugers, 2024",1,Inaccurate tracking,t_210s,17.733333333333334,210.0,3.5
41.6,Control,"Sanguino-Gomez and Krugers, 2024",1,Inaccurate tracking,t_240s,23.333333333333332,240.0,4.0
41.6,Control,"Sanguino-Gomez and Krugers, 2024",1,Inaccurate tracking,t_270s,11.2,270.0,4.5
41.6,Control,"Sanguino-Gomez and Krugers, 2024",1,Inaccurate tracking,t_300s,15.866666666666665,300.0,5.0
41.6,Control,"Sanguino-Gomez and Krugers, 2024",1,Inaccurate tracking,t_330s,6.266666666666667,330.0,5.5
41.6,Control,"Sanguino-Gomez and Krugers, 2024",1,Inaccurate tracking,t_360s,4.4,360.0,6.0
41.6,Control,"Sanguino-Gomez and Krugers, 2024",1,Inaccurate tracking,t_390s,10.8,390.0,6.5
41.6,Control,"Sanguino-Gomez and Krugers, 2024",1,Inaccurate tracking,t_420s,6.133333333333333,420.0,7.0
41.6,Control,"Sanguino-Gomez and Krugers, 2024",1,Inaccurate tracking,t_450s,7.333333333333333,450.0,7.5
41.6,Control,"Sanguino-Gomez and Krugers, 2024",1,Mix behaviors,t_030s,0.0,30.0,0.5
41.6,Control,"Sanguino-Gomez and Krugers, 2024",1,Mix behaviors,t_060s,4.4,60.0,1.0
41.6,Control,"Sanguino-Gomez and Krugers, 2024",1,Mix behaviors,t_090s,2.533333333333333,90.0,1.5
41.6,Control,"Sanguino-Gomez and Krugers, 2024",1,Mix behaviors,t_120s,5.066666666666666,120.0,2.0
41.6,Control,"Sanguino-Gomez and Krugers, 2024",1,Mix behaviors,t_150s,1.866666666666667,150.0,2.5
41.6,Control,"Sanguino-Gomez and Krugers, 2024",1,Mix behaviors,t_180s,3.8666666666666663,180.0,3.0
41.6,Control,"Sanguino-Gomez and Krugers, 2024",1,Mix behaviors,t_210s,6.133333333333333,210.0,3.5
41.6,Control,"Sanguino-Gomez and Krugers, 2024",1,Mix behaviors,t_240s,11.6,240.0,4.0
41.6,Control,"Sanguino-Gomez and Krugers, 2024",1,Mix behaviors,t_270s,0.0,270.0,4.5
41.6,Control,"Sanguino-Gomez and Krugers, 2024",1,Mix behaviors,t_300s,0.0,300.0,5.0
41.6,Control,"Sanguino-Gomez and Krugers, 2024",1,Mix behaviors,t_330s,0.5333333333333333,330.0,5.5
41.6,Control,"Sanguino-Gomez and Krugers, 2024",1,Mix behaviors,t_360s,1.0666666666666669,360.0,6.0
41.6,Control,"Sanguino-Gomez and Krugers, 2024",1,Mix behaviors,t_390s,2.0,390.0,6.5
41.6,Control,"Sanguino-Gomez and Krugers, 2024",1,Mix behaviors,t_420s,2.533333333333333,420.0,7.0
41.6,Control,"Sanguino-Gomez and Krugers, 2024",1,Mix behaviors,t_450s,2.2666666666666666,450.0,7.5
43.3,ELS,"Sanguino-Gomez and Krugers, 2024",1,Inaccurate tracking,t_030s,30.133333333333333,30.0,0.5
43.3,ELS,"Sanguino-Gomez and Krugers, 2024",1,Inaccurate tracking,t_060s,29.333333333333336,60.0,1.0
43.3,ELS,"Sanguino-Gomez and Krugers, 2024",1,Inaccurate tracking,t_090s,18.133333333333336,90.0,1.5
43.3,ELS,"Sanguino-Gomez and Krugers, 2024",1,Inaccurate tracking,t_120s,12.933333333333334,120.0,2.0
43.3,ELS,"Sanguino-Gomez and Krugers, 2024",1,Inaccurate tracking,t_150s,9.2,150.0,2.5
43.3,ELS,"Sanguino-Gomez and Krugers, 2024",1,Inaccurate tracking,t_180s,32.93333333333333,180.0,3.0
43.3,ELS,"Sanguino-Gomez and Krugers, 2024",1,Inaccurate tracking,t_210s,28.8,210.0,3.5
43.3,ELS,"Sanguino-Gomez and Krugers, 2024",1,Inaccurate tracking,t_240s,24.266666666666666,240.0,4.0
43.3,ELS,"Sanguino-Gomez and Krugers, 2024",1,Inaccurate tracking,t_270s,25.866666666666664,270.0,4.5
43.3,ELS,"Sanguino-Gomez and Krugers, 2024",1,Inaccurate tracking,t_300s,14.133333333333335,300.0,5.0
43.3,ELS,"Sanguino-Gomez and Krugers, 2024",1,Inaccurate tracking,t_330s,7.866666666666666,330.0,5.5
43.3,ELS,"Sanguino-Gomez and Krugers, 2024",1,Inaccurate tracking,t_360s,26.666666666666668,360.0,6.0
43.3,ELS,"Sanguino-Gomez and Krugers, 2024",1,Inaccurate tracking,t_390s,5.733333333333333,390.0,6.5
43.3,ELS,"Sanguino-Gomez and Krugers, 2024",1,Inaccurate tracking,t_420s,2.4000000000000004,420.0,7.0
43.3,ELS,"Sanguino-Gomez and Krugers, 2024",1,Inaccurate tracking,t_450s,1.7333333333333334,450.0,7.5
43.3,ELS,"Sanguino-Gomez and Krugers, 2024",1,Mix behaviors,t_030s,13.733333333333334,30.0,0.5
43.3,ELS,"Sanguino-Gomez and Krugers, 2024",1,Mix behaviors,t_060s,0.0,60.0,1.0
43.3,ELS,"Sanguino-Gomez and Krugers, 2024",1,Mix behaviors,t_090s,5.866666666666667,90.0,1.5
43.3,ELS,"Sanguino-Gomez and Krugers, 2024",1,Mix behaviors,t_120s,0.0,120.0,2.0
43.3,ELS,"Sanguino-Gomez and Krugers, 2024",1,Mix behaviors,t_150s,6.4,150.0,2.5
43.3,ELS,"Sanguino-Gomez and Krugers, 2024",1,Mix behaviors,t_180s,2.6666666666666665,180.0,3.0
43.3,ELS,"Sanguino-Gomez and Krugers, 2024",1,Mix behaviors,t_210s,0.5333333333333333,210.0,3.5
43.3,ELS,"Sanguino-Gomez and Krugers, 2024",1,Mix behaviors,t_240s,0.0,240.0,4.0
43.3,ELS,"Sanguino-Gomez and Krugers, 2024",1,Mix behaviors,t_270s,0.0,270.0,4.5
43.3,ELS,"Sanguino-Gomez and Krugers, 2024",1,Mix behaviors,t_300s,6.533333333333333,300.0,5.0
43.3,ELS,"Sanguino-Gomez and Krugers, 2024",1,Mix behaviors,t_330s,5.333333333333334,330.0,5.5
43.3,ELS,"Sanguino-Gomez and Krugers, 2024",1,Mix behaviors,t_360s,6.666666666666667,360.0,6.0
43.3,ELS,"Sanguino-Gomez and Krugers, 2024",1,Mix behaviors,t_390s,10.666666666666668,390.0,6.5
43.3,ELS,"Sanguino-Gomez and Krugers, 2024",1,Mix behaviors,t_420s,9.2,420.0,7.0
43.3,ELS,"Sanguino-Gomez and Krugers, 2024",1,Mix behaviors,t_450s,10.933333333333334,450.0,7.5
43.5,ELS,"Sanguino-Gomez and Krugers, 2024",1,Inaccurate tracking,t_030s,35.33333333333333,30.0,0.5
43.5,ELS,"Sanguino-Gomez and Krugers, 2024",1,Inaccurate tracking,t_060s,43.2,60.0,1.0
43.5,ELS,"Sanguino-Gomez and Krugers, 2024",1,Inaccurate tracking,t_090s,15.466666666666667,90.0,1.5
43.5,ELS,"Sanguino-Gomez and Krugers, 2024",1,Inaccurate tracking,t_120s,13.333333333333334,120.0,2.0
43.5,ELS,"Sanguino-Gomez and Krugers, 2024",1,Inaccurate tracking,t_150s,41.199999999999996,150.0,2.5
43.5,ELS,"Sanguino-Gomez and Krugers, 2024",1,Inaccurate tracking,t_180s,11.466666666666669,180.0,3.0
43.5,ELS,"Sanguino-Gomez and Krugers, 2024",1,Inaccurate tracking,t_210s,13.333333333333332,210.0,3.5
43.5,ELS,"Sanguino-Gomez and Krugers, 2024",1,Inaccurate tracking,t_240s,30.266666666666666,240.0,4.0
43.5,ELS,"Sanguino-Gomez and Krugers, 2024",1,Inaccurate tracking,t_270s,6.0,270.0,4.5
43.5,ELS,"Sanguino-Gomez and Krugers, 2024",1,Inaccurate tracking,t_300s,27.2,300.0,5.0
43.5,ELS,"Sanguino-Gomez and Krugers, 2024",1,Inaccurate tracking,t_330s,8.666666666666668,330.0,5.5
43.5,ELS,"Sanguino-Gomez and Krugers, 2024",1,Inaccurate tracking,t_360s,26.8,360.0,6.0
43.5,ELS,"Sanguino-Gomez and Krugers, 2024",1,Inaccurate tracking,t_390s,4.800000000000001,390.0,6.5
43.5,ELS,"Sanguino-Gomez and Krugers, 2024",1,Inaccurate tracking,t_420s,5.066666666666667,420.0,7.0
43.5,ELS,"Sanguino-Gomez and Krugers, 2024",1,Inaccurate tracking,t_450s,13.333333333333332,450.0,7.5
43.5,ELS,"Sanguino-Gomez and Krugers, 2024",1,Mix behaviors,t_030s,4.533333333333333,30.0,0.5
43.5,ELS,"Sanguino-Gomez and Krugers, 2024",1,Mix behaviors,t_060s,2.0,60.0,1.0
43.5,ELS,"Sanguino-Gomez and Krugers, 2024",1,Mix behaviors,t_090s,13.6,90.0,1.5
43.5,ELS,"Sanguino-Gomez and Krugers, 2024",1,Mix behaviors,t_120s,3.3333333333333335,120.0,2.0
43.5,ELS,"Sanguino-Gomez and Krugers, 2024",1,Mix behaviors,t_150s,0.0,150.0,2.5
43.5,ELS,"Sanguino-Gomez and Krugers, 2024",1,Mix behaviors,t_180s,8.799999999999999,180.0,3.0
43.5,ELS,"Sanguino-Gomez and Krugers, 2024",1,Mix behaviors,t_210s,5.066666666666666,210.0,3.5
43.5,ELS,"Sanguino-Gomez and Krugers, 2024",1,Mix behaviors,t_240s,1.2,240.0,4.0
43.5,ELS,"Sanguino-Gomez and Krugers, 2024",1,Mix behaviors,t_270s,6.133333333333333,270.0,4.5
43.5,ELS,"Sanguino-Gomez and Krugers, 2024",1,Mix behaviors,t_300s,0.2666666666666666,300.0,5.0
43.5,ELS,"Sanguino-Gomez and Krugers, 2024",1,Mix behaviors,t_330s,11.2,330.0,5.5
43.5,ELS,"Sanguino-Gomez and Krugers, 2024",1,Mix behaviors,t_360s,0.0,360.0,6.0
43.5,ELS,"Sanguino-Gomez and Krugers, 2024",1,Mix behaviors,t_390s,4.8,390.0,6.5
43.5,ELS,"Sanguino-Gomez and Krugers, 2024",1,Mix behaviors,t_420s,0.0,420.0,7.0
43.5,ELS,"Sanguino-Gomez and Krugers, 2024",1,Mix behaviors,t_450s,1.3333333333333337,450.0,7.5
47.5,Control,"Sanguino-Gomez and Krugers, 2024",1,Inaccurate tracking,t_030s,40.8,30.0,0.5
47.5,Control,"Sanguino-Gomez and Krugers, 2024",1,Inaccurate tracking,t_060s,38.666666666666664,60.0,1.0
47.5,Control,"Sanguino-Gomez and Krugers, 2024",1,Inaccurate tracking,t_090s,30.0,90.0,1.5
47.5,Control,"Sanguino-Gomez and Krugers, 2024",1,Inaccurate tracking,t_120s,20.666666666666668,120.0,2.0
47.5,Control,"Sanguino-Gomez and Krugers, 2024",1,Inaccurate tracking,t_150s,22.799999999999997,150.0,2.5
47.5,Control,"Sanguino-Gomez and Krugers, 2024",1,Inaccurate tracking,t_180s,31.46666666666667,180.0,3.0
47.5,Control,"Sanguino-Gomez and Krugers, 2024",1,Inaccurate tracking,t_210s,7.199999999999999,210.0,3.5
47.5,Control,"Sanguino-Gomez and Krugers, 2024",1,Inaccurate tracking,t_240s,6.933333333333334,240.0,4.0
47.5,Control,"Sanguino-Gomez and Krugers, 2024",1,Inaccurate tracking,t_270s,17.733333333333334,270.0,4.5
47.5,Control,"Sanguino-Gomez and Krugers, 2024",1,Inaccurate tracking,t_300s,4.4,300.0,5.0
47.5,Control,"Sanguino-Gomez and Krugers, 2024",1,Inaccurate tracking,t_330s,3.6,330.0,5.5
47.5,Control,"Sanguino-Gomez and Krugers, 2024",1,Inaccurate tracking,t_360s,7.866666666666667,360.0,6.0
47.5,Control,"Sanguino-Gomez and Krugers, 2024",1,Inaccurate tracking,t_390s,11.066666666666666,390.0,6.5
47.5,Control,"Sanguino-Gomez and Krugers, 2024",1,Inaccurate tracking,t_420s,64.26666666666667,420.0,7.0
47.5,Control,"Sanguino-Gomez and Krugers, 2024",1,Inaccurate tracking,t_450s,21.333333333333336,450.0,7.5
47.5,Control,"Sanguino-Gomez and Krugers, 2024",1,Mix behaviors,t_030s,5.6000000000000005,30.0,0.5
47.5,Control,"Sanguino-Gomez and Krugers, 2024",1,Mix behaviors,t_060s,8.399999999999999,60.0,1.0
47.5,Control,"Sanguino-Gomez and Krugers, 2024",1,Mix behaviors,t_090s,4.133333333333333,90.0,1.5
47.5,Control,"Sanguino-Gomez and Krugers, 2024",1,Mix behaviors,t_120s,2.933333333333333,120.0,2.0
47.5,Control,"Sanguino-Gomez and Krugers, 2024",1,Mix behaviors,t_150s,11.333333333333334,150.0,2.5
47.5,Control,"Sanguino-Gomez and Krugers, 2024",1,Mix behaviors,t_180s,1.3333333333333337,180.0,3.0
47.5,Control,"Sanguino-Gomez and Krugers, 2024",1,Mix behaviors,t_210s,16.799999999999997,210.0,3.5
47.5,Control,"Sanguino-Gomez and Krugers, 2024",1,Mix behaviors,t_240s,2.933333333333333,240.0,4.0
47.5,Control,"Sanguino-Gomez and Krugers, 2024",1,Mix behaviors,t_270s,1.4666666666666666,270.0,4.5
47.5,Control,"Sanguino-Gomez and Krugers, 2024",1,Mix behaviors,t_300s,0.0,300.0,5.0
47.5,Control,"Sanguino-Gomez and Krugers, 2024",1,Mix behaviors,t_330s,10.133333333333333,330.0,5.5
47.5,Control,"Sanguino-Gomez and Krugers, 2024",1,Mix behaviors,t_360s,9.2,360.0,6.0
47.5,Control,"Sanguino-Gomez and Krugers, 2024",1,Mix behaviors,t_390s,6.0,390.0,6.5
47.5,Control,"Sanguino-Gomez and Krugers, 2024",1,Mix behaviors,t_420s,2.8000000000000003,420.0,7.0
47.5,Control,"Sanguino-Gomez and Krugers, 2024",1,Mix behaviors,t_450s,1.0666666666666669,450.0,7.5
49.5,ELS,"Sanguino-Gomez and Krugers, 2024",1,Inaccurate tracking,t_030s,60.13333333333333,30.0,0.5
49.5,ELS,"Sanguino-Gomez and Krugers, 2024",1,Inaccurate tracking,t_060s,9.733333333333333,60.0,1.0
49.5,ELS,"Sanguino-Gomez and Krugers, 2024",1,Inaccurate tracking,t_090s,23.333333333333332,90.0,1.5
49.5,ELS,"Sanguino-Gomez and Krugers, 2024",1,Inaccurate tracking,t_120s,27.866666666666664,120.0,2.0
49.5,ELS,"Sanguino-Gomez and Krugers, 2024",1,Inaccurate tracking,t_150s,24.4,150.0,2.5
49.5,ELS,"Sanguino-Gomez and Krugers, 2024",1,Inaccurate tracking,t_180s,41.599999999999994,180.0,3.0
49.5,ELS,"Sanguino-Gomez and Krugers, 2024",1,Inaccurate tracking,t_210s,35.46666666666667,210.0,3.5
49.5,ELS,"Sanguino-Gomez and Krugers, 2024",1,Inaccurate tracking,t_240s,25.733333333333338,240.0,4.0
49.5,ELS,"Sanguino-Gomez and Krugers, 2024",1,Inaccurate tracking,t_270s,13.733333333333334,270.0,4.5
49.5,ELS,"Sanguino-Gomez and Krugers, 2024",1,Inaccurate tracking,t_300s,22.266666666666666,300.0,5.0
49.5,ELS,"Sanguino-Gomez and Krugers, 2024",1,Inaccurate tracking,t_330s,0.0,330.0,5.5
49.5,ELS,"Sanguino-Gomez and Krugers, 2024",1,Inaccurate tracking,t_360s,18.666666666666668,360.0,6.0
49.5,ELS,"Sanguino-Gomez and Krugers, 2024",1,Inaccurate tracking,t_390s,2.0000000000000004,390.0,6.5
49.5,ELS,"Sanguino-Gomez and Krugers, 2024",1,Inaccurate tracking,t_420s,13.466666666666667,420.0,7.0
49.5,ELS,"Sanguino-Gomez and Krugers, 2024",1,Inaccurate tracking,t_450s,31.333333333333332,450.0,7.5
49.5,ELS,"Sanguino-Gomez and Krugers, 2024",1,Mix behaviors,t_030s,0.0,30.0,0.5
49.5,ELS,"Sanguino-Gomez and Krugers, 2024",1,Mix behaviors,t_060s,4.0,60.0,1.0
49.5,ELS,"Sanguino-Gomez and Krugers, 2024",1,Mix behaviors,t_090s,8.4,90.0,1.5
49.5,ELS,"Sanguino-Gomez and Krugers, 2024",1,Mix behaviors,t_120s,7.466666666666667,120.0,2.0
49.5,ELS,"Sanguino-Gomez and Krugers, 2024",1,Mix behaviors,t_150s,9.6,150.0,2.5
49.5,ELS,"Sanguino-Gomez and Krugers, 2024",1,Mix behaviors,t_180s,0.0,180.0,3.0
49.5,ELS,"Sanguino-Gomez and Krugers, 2024",1,Mix behaviors,t_210s,0.0,210.0,3.5
49.5,ELS,"Sanguino-Gomez and Krugers, 2024",1,Mix behaviors,t_240s,0.0,240.0,4.0
49.5,ELS,"Sanguino-Gomez and Krugers, 2024",1,Mix behaviors,t_270s,0.0,270.0,4.5
49.5,ELS,"Sanguino-Gomez and Krugers, 2024",1,Mix behaviors,t_300s,7.733333333333333,300.0,5.0
49.5,ELS,"Sanguino-Gomez and Krugers, 2024",1,Mix behaviors,t_330s,15.600000000000001,330.0,5.5
49.5,ELS,"Sanguino-Gomez and Krugers, 2024",1,Mix behaviors,t_360s,5.199999999999999,360.0,6.0
49.5,ELS,"Sanguino-Gomez and Krugers, 2024",1,Mix behaviors,t_390s,1.4666666666666666,390.0,6.5
49.5,ELS,"Sanguino-Gomez and Krugers, 2024",1,Mix behaviors,t_420s,2.4,420.0,7.0
49.5,ELS,"Sanguino-Gomez and Krugers, 2024",1,Mix behaviors,t_450s,10.666666666666666,450.0,7.5
49.6,ELS,"Sanguino-Gomez and Krugers, 2024",1,Inaccurate tracking,t_030s,33.86666666666667,30.0,0.5
49.6,ELS,"Sanguino-Gomez and Krugers, 2024",1,Inaccurate tracking,t_060s,0.0,60.0,1.0
49.6,ELS,"Sanguino-Gomez and Krugers, 2024",1,Inaccurate tracking,t_090s,4.666666666666667,90.0,1.5
49.6,ELS,"Sanguino-Gomez and Krugers, 2024",1,Inaccurate tracking,t_120s,26.666666666666664,120.0,2.0
49.6,ELS,"Sanguino-Gomez and Krugers, 2024",1,Inaccurate tracking,t_150s,31.333333333333336,150.0,2.5
49.6,ELS,"Sanguino-Gomez and Krugers, 2024",1,Inaccurate tracking,t_180s,17.333333333333332,180.0,3.0
49.6,ELS,"Sanguino-Gomez and Krugers, 2024",1,Inaccurate tracking,t_210s,0.2666666666666666,210.0,3.5
49.6,ELS,"Sanguino-Gomez and Krugers, 2024",1,Inaccurate tracking,t_240s,20.799999999999997,240.0,4.0
49.6,ELS,"Sanguino-Gomez and Krugers, 2024",1,Inaccurate tracking,t_270s,16.133333333333333,270.0,4.5
49.6,ELS,"Sanguino-Gomez and Krugers, 2024",1,Inaccurate tracking,t_300s,3.7333333333333334,300.0,5.0
49.6,ELS,"Sanguino-Gomez and Krugers, 2024",1,Inaccurate tracking,t_330s,8.933333333333334,330.0,5.5
49.6,ELS,"Sanguino-Gomez and Krugers, 2024",1,Inaccurate tracking,t_360s,0.2666666666666666,360.0,6.0
49.6,ELS,"Sanguino-Gomez and Krugers, 2024",1,Inaccurate tracking,t_390s,1.0666666666666669,390.0,6.5
49.6,ELS,"Sanguino-Gomez and Krugers, 2024",1,Inaccurate tracking,t_420s,2.1333333333333333,420.0,7.0
49.6,ELS,"Sanguino-Gomez and Krugers, 2024",1,Inaccurate tracking,t_450s,1.3333333333333337,450.0,7.5
49.6,ELS,"Sanguino-Gomez and Krugers, 2024",1,Mix behaviors,t_030s,4.133333333333333,30.0,0.5
49.6,ELS,"Sanguino-Gomez and Krugers, 2024",1,Mix behaviors,t_060s,5.733333333333334,60.0,1.0
49.6,ELS,"Sanguino-Gomez and Krugers, 2024",1,Mix behaviors,t_090s,2.4,90.0,1.5
49.6,ELS,"Sanguino-Gomez and Krugers, 2024",1,Mix behaviors,t_120s,6.933333333333334,120.0,2.0
49.6,ELS,"Sanguino-Gomez and Krugers, 2024",1,Mix behaviors,t_150s,1.3333333333333337,150.0,2.5
49.6,ELS,"Sanguino-Gomez and Krugers, 2024",1,Mix behaviors,t_180s,4.4,180.0,3.0
49.6,ELS,"Sanguino-Gomez and Krugers, 2024",1,Mix behaviors,t_210s,6.0,210.0,3.5
49.6,ELS,"Sanguino-Gomez and Krugers, 2024",1,Mix behaviors,t_240s,1.3333333333333337,240.0,4.0
49.6,ELS,"Sanguino-Gomez and Krugers, 2024",1,Mix behaviors,t_270s,8.0,270.0,4.5
49.6,ELS,"Sanguino-Gomez and Krugers, 2024",1,Mix behaviors,t_300s,3.6,300.0,5.0
49.6,ELS,"Sanguino-Gomez and Krugers, 2024",1,Mix behaviors,t_330s,2.4,330.0,5.5
49.6,ELS,"Sanguino-Gomez and Krugers, 2024",1,Mix behaviors,t_360s,0.1333333333333333,360.0,6.0
49.6,ELS,"Sanguino-Gomez and Krugers, 2024",1,Mix behaviors,t_390s,0.9333333333333336,390.0,6.5
49.6,ELS,"Sanguino-Gomez and Krugers, 2024",1,Mix behaviors,t_420s,0.2666666666666666,420.0,7.0
49.6,ELS,"Sanguino-Gomez and Krugers, 2024",1,Mix behaviors,t_450s,0.0,450.0,7.5
5.4,Control,"Sanguino-Gomez and Krugers, 2024",1,Inaccurate tracking,t_030s,21.2,30.0,0.5
5.4,Control,"Sanguino-Gomez and Krugers, 2024",1,Inaccurate tracking,t_060s,20.666666666666664,60.0,1.0
5.4,Control,"Sanguino-Gomez and Krugers, 2024",1,Inaccurate tracking,t_090s,37.733333333333334,90.0,1.5
5.4,Control,"Sanguino-Gomez and Krugers, 2024",1,Inaccurate tracking,t_120s,13.2,120.0,2.0
5.4,Control,"Sanguino-Gomez and Krugers, 2024",1,Inaccurate tracking,t_150s,0.0,150.0,2.5
5.4,Control,"Sanguino-Gomez and Krugers, 2024",1,Inaccurate tracking,t_180s,3.6,180.0,3.0
5.4,Control,"Sanguino-Gomez and Krugers, 2024",1,Inaccurate tracking,t_210s,46.666666666666664,210.0,3.5
5.4,Control,"Sanguino-Gomez and Krugers, 2024",1,Inaccurate tracking,t_240s,4.4,240.0,4.0
5.4,Control,"Sanguino-Gomez and Krugers, 2024",1,Inaccurate tracking,t_270s,0.0,270.0,4.5
5.4,Control,"Sanguino-Gomez and Krugers, 2024",1,Inaccurate tracking,t_300s,8.133333333333333,300.0,5.0
5.4,Control,"Sanguino-Gomez and Krugers, 2024",1,Inaccurate tracking,t_330s,6.133333333333333,330.0,5.5
5.4,Control,"Sanguino-Gomez and Krugers, 2024",1,Inaccurate tracking,t_360s,0.0,360.0,6.0
5.4,Control,"Sanguino-Gomez and Krugers, 2024",1,Inaccurate tracking,t_390s,2.9333333333333336,390.0,6.5
5.4,Control,"Sanguino-Gomez and Krugers, 2024",1,Inaccurate tracking,t_420s,1.2000000000000002,420.0,7.0
5.4,Control,"Sanguino-Gomez and Krugers, 2024",1,Inaccurate tracking,t_450s,11.066666666666668,450.0,7.5
5.4,Control,"Sanguino-Gomez and Krugers, 2024",1,Mix behaviors,t_030s,8.8,30.0,0.5
5.4,Control,"Sanguino-Gomez and Krugers, 2024",1,Mix behaviors,t_060s,11.866666666666667,60.0,1.0
5.4,Control,"Sanguino-Gomez and Krugers, 2024",1,Mix behaviors,t_090s,2.8000000000000003,90.0,1.5
5.4,Control,"Sanguino-Gomez and Krugers, 2024",1,Mix behaviors,t_120s,1.6,120.0,2.0
5.4,Control,"Sanguino-Gomez and Krugers, 2024",1,Mix behaviors,t_150s,0.0,150.0,2.5
5.4,Control,"Sanguino-Gomez and Krugers, 2024",1,Mix behaviors,t_180s,0.0,180.0,3.0
5.4,Control,"Sanguino-Gomez and Krugers, 2024",1,Mix behaviors,t_210s,0.9333333333333336,210.0,3.5
5.4,Control,"Sanguino-Gomez and Krugers, 2024",1,Mix behaviors,t_240s,10.266666666666666,240.0,4.0
5.4,Control,"Sanguino-Gomez and Krugers, 2024",1,Mix behaviors,t_270s,10.266666666666667,270.0,4.5
5.4,Control,"Sanguino-Gomez and Krugers, 2024",1,Mix behaviors,t_300s,6.533333333333332,300.0,5.0
5.4,Control,"Sanguino-Gomez and Krugers, 2024",1,Mix behaviors,t_330s,0.0,330.0,5.5
5.4,Control,"Sanguino-Gomez and Krugers, 2024",1,Mix behaviors,t_360s,19.33333333333333,360.0,6.0
5.4,Control,"Sanguino-Gomez and Krugers, 2024",1,Mix behaviors,t_390s,1.0666666666666669,390.0,6.5
5.4,Control,"Sanguino-Gomez and Krugers, 2024",1,Mix behaviors,t_420s,17.733333333333334,420.0,7.0
5.4,Control,"Sanguino-Gomez and Krugers, 2024",1,Mix behaviors,t_450s,15.733333333333333,450.0,7.5
50.5,Control,"Sanguino-Gomez and Krugers, 2024",1,Inaccurate tracking,t_030s,43.333333333333336,30.0,0.5
50.5,Control,"Sanguino-Gomez and Krugers, 2024",1,Inaccurate tracking,t_060s,30.266666666666666,60.0,1.0
50.5,Control,"Sanguino-Gomez and Krugers, 2024",1,Inaccurate tracking,t_090s,25.6,90.0,1.5
50.5,Control,"Sanguino-Gomez and Krugers, 2024",1,Inaccurate tracking,t_120s,3.8666666666666667,120.0,2.0
50.5,Control,"Sanguino-Gomez and Krugers, 2024",1,Inaccurate tracking,t_150s,10.0,150.0,2.5
50.5,Control,"Sanguino-Gomez and Krugers, 2024",1,Inaccurate tracking,t_180s,5.333333333333333,180.0,3.0
50.5,Control,"Sanguino-Gomez and Krugers, 2024",1,Inaccurate tracking,t_210s,27.733333333333334,210.0,3.5
50.5,Control,"Sanguino-Gomez and Krugers, 2024",1,Inaccurate tracking,t_240s,25.066666666666666,240.0,4.0
50.5,Control,"Sanguino-Gomez and Krugers, 2024",1,Inaccurate tracking,t_270s,8.4,270.0,4.5
50.5,Control,"Sanguino-Gomez and Krugers, 2024",1,Inaccurate tracking,t_300s,11.466666666666665,300.0,5.0
50.5,Control,"Sanguino-Gomez and Krugers, 2024",1,Inaccurate tracking,t_330s,4.800000000000001,330.0,5.5
50.5,Control,"Sanguino-Gomez and Krugers, 2024",1,Inaccurate tracking,t_360s,0.0,360.0,6.0
50.5,Control,"Sanguino-Gomez and Krugers, 2024",1,Inaccurate tracking,t_390s,0.0,390.0,6.5
50.5,Control,"Sanguino-Gomez and Krugers, 2024",1,Inaccurate tracking,t_420s,4.666666666666666,420.0,7.0
50.5,Control,"Sanguino-Gomez and Krugers, 2024",1,Inaccurate tracking,t_450s,6.3999999999999995,450.0,7.5
50.5,Control,"Sanguino-Gomez and Krugers, 2024",1,Mix behaviors,t_030s,0.0,30.0,0.5
50.5,Control,"Sanguino-Gomez and Krugers, 2024",1,Mix behaviors,t_060s,2.666666666666667,60.0,1.0
50.5,Control,"Sanguino-Gomez and Krugers, 2024",1,Mix behaviors,t_090s,2.933333333333333,90.0,1.5
50.5,Control,"Sanguino-Gomez and Krugers, 2024",1,Mix behaviors,t_120s,15.733333333333333,120.0,2.0
50.5,Control,"Sanguino-Gomez and Krugers, 2024",1,Mix behaviors,t_150s,9.6,150.0,2.5
50.5,Control,"Sanguino-Gomez and Krugers, 2024",1,Mix behaviors,t_180s,0.0,180.0,3.0
50.5,Control,"Sanguino-Gomez and Krugers, 2024",1,Mix behaviors,t_210s,10.8,210.0,3.5
50.5,Control,"Sanguino-Gomez and Krugers, 2024",1,Mix behaviors,t_240s,1.6,240.0,4.0
50.5,Control,"Sanguino-Gomez and Krugers, 2024",1,Mix behaviors,t_270s,7.066666666666667,270.0,4.5
50.5,Control,"Sanguino-Gomez and Krugers, 2024",1,Mix behaviors,t_300s,1.4666666666666666,300.0,5.0
50.5,Control,"Sanguino-Gomez and Krugers, 2024",1,Mix behaviors,t_330s,10.4,330.0,5.5
50.5,Control,"Sanguino-Gomez and Krugers, 2024",1,Mix behaviors,t_360s,0.0,360.0,6.0
50.5,Control,"Sanguino-Gomez and Krugers, 2024",1,Mix behaviors,t_390s,0.0,390.0,6.5
50.5,Control,"Sanguino-Gomez and Krugers, 2024",1,Mix behaviors,t_420s,0.0,420.0,7.0
50.5,Control,"Sanguino-Gomez and Krugers, 2024",1,Mix behaviors,t_450s,6.266666666666667,450.0,7.5
53.5,Control,"Sanguino-Gomez and Krugers, 2024",1,Inaccurate tracking,t_030s,35.733333333333334,30.0,0.5
53.5,Control,"Sanguino-Gomez and Krugers, 2024",1,Inaccurate tracking,t_060s,29.599999999999998,60.0,1.0
53.5,Control,"Sanguino-Gomez and Krugers, 2024",1,Inaccurate tracking,t_090s,18.933333333333334,90.0,1.5
53.5,Control,"Sanguino-Gomez and Krugers, 2024",1,Inaccurate tracking,t_120s,31.73333333333333,120.0,2.0
53.5,Control,"Sanguino-Gomez and Krugers, 2024",1,Inaccurate tracking,t_150s,25.333333333333336,150.0,2.5
53.5,Control,"Sanguino-Gomez and Krugers, 2024",1,Inaccurate tracking,t_180s,37.733333333333334,180.0,3.0
53.5,Control,"Sanguino-Gomez and Krugers, 2024",1,Inaccurate tracking,t_210s,14.933333333333334,210.0,3.5
53.5,Control,"Sanguino-Gomez and Krugers, 2024",1,Inaccurate tracking,t_240s,29.466666666666665,240.0,4.0
53.5,Control,"Sanguino-Gomez and Krugers, 2024",1,Inaccurate tracking,t_270s,23.73333333333333,270.0,4.5
53.5,Control,"Sanguino-Gomez and Krugers, 2024",1,Inaccurate tracking,t_300s,10.933333333333334,300.0,5.0
53.5,Control,"Sanguino-Gomez and Krugers, 2024",1,Inaccurate tracking,t_330s,12.933333333333334,330.0,5.5
53.5,Control,"Sanguino-Gomez and Krugers, 2024",1,Inaccurate tracking,t_360s,0.0,360.0,6.0
53.5,Control,"Sanguino-Gomez and Krugers, 2024",1,Inaccurate tracking,t_390s,7.6,390.0,6.5
53.5,Control,"Sanguino-Gomez and Krugers, 2024",1,Inaccurate tracking,t_420s,9.200000000000001,420.0,7.0
53.5,Control,"Sanguino-Gomez and Krugers, 2024",1,Inaccurate tracking,t_450s,7.066666666666667,450.0,7.5
53.5,Control,"Sanguino-Gomez and Krugers, 2024",1,Mix behaviors,t_030s,0.0,30.0,0.5
53.5,Control,"Sanguino-Gomez and Krugers, 2024",1,Mix behaviors,t_060s,10.666666666666668,60.0,1.0
53.5,Control,"Sanguino-Gomez and Krugers, 2024",1,Mix behaviors,t_090s,1.866666666666667,90.0,1.5
53.5,Control,"Sanguino-Gomez and Krugers, 2024",1,Mix behaviors,t_120s,8.533333333333333,120.0,2.0
53.5,Control,"Sanguino-Gomez and Krugers, 2024",1,Mix behaviors,t_150s,1.866666666666667,150.0,2.5
53.5,Control,"Sanguino-Gomez and Krugers, 2024",1,Mix behaviors,t_180s,0.0,180.0,3.0
53.5,Control,"Sanguino-Gomez and Krugers, 2024",1,Mix behaviors,t_210s,0.8,210.0,3.5
53.5,Control,"Sanguino-Gomez and Krugers, 2024",1,Mix behaviors,t_240s,6.4,240.0,4.0
53.5,Control,"Sanguino-Gomez and Krugers, 2024",1,Mix behaviors,t_270s,2.933333333333333,270.0,4.5
53.5,Control,"Sanguino-Gomez and Krugers, 2024",1,Mix behaviors,t_300s,4.933333333333334,300.0,5.0
53.5,Control,"Sanguino-Gomez and Krugers, 2024",1,Mix behaviors,t_330s,0.8,330.0,5.5
53.5,Control,"Sanguino-Gomez and Krugers, 2024",1,Mix behaviors,t_360s,0.0,360.0,6.0
53.5,Control,"Sanguino-Gomez and Krugers, 2024",1,Mix behaviors,t_390s,2.8000000000000003,390.0,6.5
53.5,Control,"Sanguino-Gomez and Krugers, 2024",1,Mix behaviors,t_420s,2.6666666666666665,420.0,7.0
53.5,Control,"Sanguino-Gomez and Krugers, 2024",1,Mix behaviors,t_450s,0.0,450.0,7.5
54.3,Control,"Sanguino-Gomez and Krugers, 2024",1,Inaccurate tracking,t_030s,69.60000000000001,30.0,0.5
54.3,Control,"Sanguino-Gomez and Krugers, 2024",1,Inaccurate tracking,t_060s,24.533333333333335,60.0,1.0
54.3,Control,"Sanguino-Gomez and Krugers, 2024",1,Inaccurate tracking,t_090s,32.666666666666664,90.0,1.5
54.3,Control,"Sanguino-Gomez and Krugers, 2024",1,Inaccurate tracking,t_120s,39.733333333333334,120.0,2.0
54.3,Control,"Sanguino-Gomez and Krugers, 2024",1,Inaccurate tracking,t_150s,33.86666666666667,150.0,2.5
54.3,Control,"Sanguino-Gomez and Krugers, 2024",1,Inaccurate tracking,t_180s,24.133333333333333,180.0,3.0
54.3,Control,"Sanguino-Gomez and Krugers, 2024",1,Inaccurate tracking,t_210s,9.066666666666666,210.0,3.5
54.3,Control,"Sanguino-Gomez and Krugers, 2024",1,Inaccurate tracking,t_240s,0.0,240.0,4.0
54.3,Control,"Sanguino-Gomez and Krugers, 2024",1,Inaccurate tracking,t_270s,5.333333333333334,270.0,4.5
54.3,Control,"Sanguino-Gomez and Krugers, 2024",1,Inaccurate tracking,t_300s,8.933333333333334,300.0,5.0
54.3,Control,"Sanguino-Gomez and Krugers, 2024",1,Inaccurate tracking,t_330s,15.066666666666666,330.0,5.5
54.3,Control,"Sanguino-Gomez and Krugers, 2024",1,Inaccurate tracking,t_360s,12.933333333333334,360.0,6.0
54.3,Control,"Sanguino-Gomez and Krugers, 2024",1,Inaccurate tracking,t_390s,21.866666666666667,390.0,6.5
54.3,Control,"Sanguino-Gomez and Krugers, 2024",1,Inaccurate tracking,t_420s,5.333333333333333,420.0,7.0
54.3,Control,"Sanguino-Gomez and Krugers, 2024",1,Inaccurate tracking,t_450s,0.0,450.0,7.5
54.3,Control,"Sanguino-Gomez and Krugers, 2024",1,Mix behaviors,t_030s,1.3333333333333337,30.0,0.5
54.3,Control,"Sanguino-Gomez and Krugers, 2024",1,Mix behaviors,t_060s,4.4,60.0,1.0
54.3,Control,"Sanguino-Gomez and Krugers, 2024",1,Mix behaviors,t_090s,4.133333333333333,90.0,1.5
54.3,Control,"Sanguino-Gomez and Krugers, 2024",1,Mix behaviors,t_120s,1.866666666666667,120.0,2.0
54.3,Control,"Sanguino-Gomez and Krugers, 2024",1,Mix behaviors,t_150s,4.4,150.0,2.5
54.3,Control,"Sanguino-Gomez and Krugers, 2024",1,Mix behaviors,t_180s,0.0,180.0,3.0
54.3,Control,"Sanguino-Gomez and Krugers, 2024",1,Mix behaviors,t_210s,5.6,210.0,3.5
54.3,Control,"Sanguino-Gomez and Krugers, 2024",1,Mix behaviors,t_240s,0.5333333333333333,240.0,4.0
54.3,Control,"Sanguino-Gomez and Krugers, 2024",1,Mix behaviors,t_270s,0.0,270.0,4.5
54.3,Control,"Sanguino-Gomez and Krugers, 2024",1,Mix behaviors,t_300s,0.2666666666666666,300.0,5.0
54.3,Control,"Sanguino-Gomez and Krugers, 2024",1,Mix behaviors,t_330s,12.0,330.0,5.5
54.3,Control,"Sanguino-Gomez and Krugers, 2024",1,Mix behaviors,t_360s,11.066666666666666,360.0,6.0
54.3,Control,"Sanguino-Gomez and Krugers, 2024",1,Mix behaviors,t_390s,13.733333333333334,390.0,6.5
54.3,Control,"Sanguino-Gomez and Krugers, 2024",1,Mix behaviors,t_420s,5.466666666666667,420.0,7.0
54.3,Control,"Sanguino-Gomez and Krugers, 2024",1,Mix behaviors,t_450s,12.933333333333334,450.0,7.5
54.4,Control,"Sanguino-Gomez and Krugers, 2024",1,Inaccurate tracking,t_030s,17.333333333333336,30.0,0.5
54.4,Control,"Sanguino-Gomez and Krugers, 2024",1,Inaccurate tracking,t_060s,14.399999999999999,60.0,1.0
54.4,Control,"Sanguino-Gomez and Krugers, 2024",1,Inaccurate tracking,t_090s,8.666666666666668,90.0,1.5
54.4,Control,"Sanguino-Gomez and Krugers, 2024",1,Inaccurate tracking,t_120s,3.7333333333333334,120.0,2.0
54.4,Control,"Sanguino-Gomez and Krugers, 2024",1,Inaccurate tracking,t_150s,18.133333333333336,150.0,2.5
54.4,Control,"Sanguino-Gomez and Krugers, 2024",1,Inaccurate tracking,t_180s,0.0,180.0,3.0
54.4,Control,"Sanguino-Gomez and Krugers, 2024",1,Inaccurate tracking,t_210s,17.066666666666666,210.0,3.5
54.4,Control,"Sanguino-Gomez and Krugers, 2024",1,Inaccurate tracking,t_240s,6.3999999999999995,240.0,4.0
54.4,Control,"Sanguino-Gomez and Krugers, 2024",1,Inaccurate tracking,t_270s,0.0,270.0,4.5
54.4,Control,"Sanguino-Gomez and Krugers, 2024",1,Inaccurate tracking,t_300s,14.0,300.0,5.0
54.4,Control,"Sanguino-Gomez and Krugers, 2024",1,Inaccurate tracking,t_330s,0.0,330.0,5.5
54.4,Control,"Sanguino-Gomez and Krugers, 2024",1,Inaccurate tracking,t_360s,6.133333333333334,360.0,6.0
54.4,Control,"Sanguino-Gomez and Krugers, 2024",1,Inaccurate tracking,t_390s,11.6,390.0,6.5
54.4,Control,"Sanguino-Gomez and Krugers, 2024",1,Inaccurate tracking,t_420s,2.533333333333333,420.0,7.0
54.4,Control,"Sanguino-Gomez and Krugers, 2024",1,Inaccurate tracking,t_450s,2.4,450.0,7.5
54.4,Control,"Sanguino-Gomez and Krugers, 2024",1,Mix behaviors,t_030s,5.2,30.0,0.5
54.4,Control,"Sanguino-Gomez and Krugers, 2024",1,Mix behaviors,t_060s,4.4,60.0,1.0
54.4,Control,"Sanguino-Gomez and Krugers, 2024",1,Mix behaviors,t_090s,13.2,90.0,1.5
54.4,Control,"Sanguino-Gomez and Krugers, 2024",1,Mix behaviors,t_120s,1.7333333333333332,120.0,2.0
54.4,Control,"Sanguino-Gomez and Krugers, 2024",1,Mix behaviors,t_150s,13.333333333333334,150.0,2.5
54.4,Control,"Sanguino-Gomez and Krugers, 2024",1,Mix behaviors,t_180s,0.2666666666666666,180.0,3.0
54.4,Control,"Sanguino-Gomez and Krugers, 2024",1,Mix behaviors,t_210s,0.0,210.0,3.5
54.4,Control,"Sanguino-Gomez and Krugers, 2024",1,Mix behaviors,t_240s,0.0,240.0,4.0
54.4,Control,"Sanguino-Gomez and Krugers, 2024",1,Mix behaviors,t_270s,4.0,270.0,4.5
54.4,Control,"Sanguino-Gomez and Krugers, 2024",1,Mix behaviors,t_300s,4.0,300.0,5.0
54.4,Control,"Sanguino-Gomez and Krugers, 2024",1,Mix behaviors,t_330s,1.2,330.0,5.5
54.4,Control,"Sanguino-Gomez and Krugers, 2024",1,Mix behaviors,t_360s,17.333333333333336,360.0,6.0
54.4,Control,"Sanguino-Gomez and Krugers, 2024",1,Mix behaviors,t_390s,8.533333333333333,390.0,6.5
54.4,Control,"Sanguino-Gomez and Krugers, 2024",1,Mix behaviors,t_420s,18.4,420.0,7.0
54.4,Control,"Sanguino-Gomez and Krugers, 2024",1,Mix behaviors,t_450s,0.0,450.0,7.5
54.6,Control,"Sanguino-Gomez and Krugers, 2024",1,Inaccurate tracking,t_030s,19.866666666666664,30.0,0.5
54.6,Control,"Sanguino-Gomez and Krugers, 2024",1,Inaccurate tracking,t_060s,12.4,60.0,1.0
54.6,Control,"Sanguino-Gomez and Krugers, 2024",1,Inaccurate tracking,t_090s,11.600000000000001,90.0,1.5
54.6,Control,"Sanguino-Gomez and Krugers, 2024",1,Inaccurate tracking,t_120s,10.933333333333334,120.0,2.0
54.6,Control,"Sanguino-Gomez and Krugers, 2024",1,Inaccurate tracking,t_150s,0.0,150.0,2.5
54.6,Control,"Sanguino-Gomez and Krugers, 2024",1,Inaccurate tracking,t_180s,22.933333333333334,180.0,3.0
54.6,Control,"Sanguino-Gomez and Krugers, 2024",1,Inaccurate tracking,t_210s,1.866666666666667,210.0,3.5
54.6,Control,"Sanguino-Gomez and Krugers, 2024",1,Inaccurate tracking,t_240s,3.733333333333334,240.0,4.0
54.6,Control,"Sanguino-Gomez and Krugers, 2024",1,Inaccurate tracking,t_270s,7.466666666666668,270.0,4.5
54.6,Control,"Sanguino-Gomez and Krugers, 2024",1,Inaccurate tracking,t_300s,2.4000000000000004,300.0,5.0
54.6,Control,"Sanguino-Gomez and Krugers, 2024",1,Inaccurate tracking,t_330s,6.4,330.0,5.5
54.6,Control,"Sanguino-Gomez and Krugers, 2024",1,Inaccurate tracking,t_360s,10.266666666666666,360.0,6.0
54.6,Control,"Sanguino-Gomez and Krugers, 2024",1,Inaccurate tracking,t_390s,1.7333333333333332,390.0,6.5
54.6,Control,"Sanguino-Gomez and Krugers, 2024",1,Inaccurate tracking,t_420s,13.333333333333334,420.0,7.0
54.6,Control,"Sanguino-Gomez and Krugers, 2024",1,Inaccurate tracking,t_450s,5.066666666666666,450.0,7.5
54.6,Control,"Sanguino-Gomez and Krugers, 2024",1,Mix behaviors,t_030s,0.0,30.0,0.5
54.6,Control,"Sanguino-Gomez and Krugers, 2024",1,Mix behaviors,t_060s,5.6000000000000005,60.0,1.0
54.6,Control,"Sanguino-Gomez and Krugers, 2024",1,Mix behaviors,t_090s,5.733333333333333,90.0,1.5
54.6,Control,"Sanguino-Gomez and Krugers, 2024",1,Mix behaviors,t_120s,0.0,120.0,2.0
54.6,Control,"Sanguino-Gomez and Krugers, 2024",1,Mix behaviors,t_150s,1.4666666666666666,150.0,2.5
54.6,Control,"Sanguino-Gomez and Krugers, 2024",1,Mix behaviors,t_180s,1.7333333333333332,180.0,3.0
54.6,Control,"Sanguino-Gomez and Krugers, 2024",1,Mix behaviors,t_210s,1.7333333333333332,210.0,3.5
54.6,Control,"Sanguino-Gomez and Krugers, 2024",1,Mix behaviors,t_240s,0.2666666666666666,240.0,4.0
54.6,Control,"Sanguino-Gomez and Krugers, 2024",1,Mix behaviors,t_270s,6.0,270.0,4.5
54.6,Control,"Sanguino-Gomez and Krugers, 2024",1,Mix behaviors,t_300s,6.0,300.0,5.0
54.6,Control,"Sanguino-Gomez and Krugers, 2024",1,Mix behaviors,t_330s,8.933333333333334,330.0,5.5
54.6,Control,"Sanguino-Gomez and Krugers, 2024",1,Mix behaviors,t_360s,0.0,360.0,6.0
54.6,Control,"Sanguino-Gomez and Krugers, 2024",1,Mix behaviors,t_390s,5.2,390.0,6.5
54.6,Control,"Sanguino-Gomez and Krugers, 2024",1,Mix behaviors,t_420s,0.0,420.0,7.0
54.6,Control,"Sanguino-Gomez and Krugers, 2024",1,Mix behaviors,t_450s,15.6,450.0,7.5
55.3,ELS,"Sanguino-Gomez and Krugers, 2024",1,Inaccurate tracking,t_030s,39.06666666666666,30.0,0.5
55.3,ELS,"Sanguino-Gomez and Krugers, 2024",1,Inaccurate tracking,t_060s,27.599999999999994,60.0,1.0
55.3,ELS,"Sanguino-Gomez and Krugers, 2024",1,Inaccurate tracking,t_090s,30.400000000000002,90.0,1.5
55.3,ELS,"Sanguino-Gomez and Krugers, 2024",1,Inaccurate tracking,t_120s,22.93333333333333,120.0,2.0
55.3,ELS,"Sanguino-Gomez and Krugers, 2024",1,Inaccurate tracking,t_150s,23.06666666666667,150.0,2.5
55.3,ELS,"Sanguino-Gomez and Krugers, 2024",1,Inaccurate tracking,t_180s,12.533333333333335,180.0,3.0
55.3,ELS,"Sanguino-Gomez and Krugers, 2024",1,Inaccurate tracking,t_210s,9.866666666666665,210.0,3.5
55.3,ELS,"Sanguino-Gomez and Krugers, 2024",1,Inaccurate tracking,t_240s,24.4,240.0,4.0
55.3,ELS,"Sanguino-Gomez and Krugers, 2024",1,Inaccurate tracking,t_270s,18.4,270.0,4.5
55.3,ELS,"Sanguino-Gomez and Krugers, 2024",1,Inaccurate tracking,t_300s,6.533333333333333,300.0,5.0
55.3,ELS,"Sanguino-Gomez and Krugers, 2024",1,Inaccurate tracking,t_330s,10.933333333333334,330.0,5.5
55.3,ELS,"Sanguino-Gomez and Krugers, 2024",1,Inaccurate tracking,t_360s,20.133333333333333,360.0,6.0
55.3,ELS,"Sanguino-Gomez and Krugers, 2024",1,Inaccurate tracking,t_390s,15.200000000000001,390.0,6.5
55.3,ELS,"Sanguino-Gomez and Krugers, 2024",1,Inaccurate tracking,t_420s,12.266666666666666,420.0,7.0
55.3,ELS,"Sanguino-Gomez and Krugers, 2024",1,Inaccurate tracking,t_450s,9.466666666666667,450.0,7.5
55.3,ELS,"Sanguino-Gomez and Krugers, 2024",1,Mix behaviors,t_030s,9.600000000000001,30.0,0.5
55.3,ELS,"Sanguino-Gomez and Krugers, 2024",1,Mix behaviors,t_060s,5.866666666666667,60.0,1.0
55.3,ELS,"Sanguino-Gomez and Krugers, 2024",1,Mix behaviors,t_090s,3.733333333333334,90.0,1.5
55.3,ELS,"Sanguino-Gomez and Krugers, 2024",1,Mix behaviors,t_120s,0.8,120.0,2.0
55.3,ELS,"Sanguino-Gomez and Krugers, 2024",1,Mix behaviors,t_150s,6.933333333333334,150.0,2.5
55.3,ELS,"Sanguino-Gomez and Krugers, 2024",1,Mix behaviors,t_180s,9.600000000000001,180.0,3.0
55.3,ELS,"Sanguino-Gomez and Krugers, 2024",1,Mix behaviors,t_210s,5.333333333333334,210.0,3.5
55.3,ELS,"Sanguino-Gomez and Krugers, 2024",1,Mix behaviors,t_240s,8.666666666666666,240.0,4.0
55.3,ELS,"Sanguino-Gomez and Krugers, 2024",1,Mix behaviors,t_270s,10.133333333333333,270.0,4.5
55.3,ELS,"Sanguino-Gomez and Krugers, 2024",1,Mix behaviors,t_300s,10.533333333333333,300.0,5.0
55.3,ELS,"Sanguino-Gomez and Krugers, 2024",1,Mix behaviors,t_330s,4.266666666666667,330.0,5.5
55.3,ELS,"Sanguino-Gomez and Krugers, 2024",1,Mix behaviors,t_360s,2.1333333333333337,360.0,6.0
55.3,ELS,"Sanguino-Gomez and Krugers, 2024",1,Mix behaviors,t_390s,0.0,390.0,6.5
55.3,ELS,"Sanguino-Gomez and Krugers, 2024",1,Mix behaviors,t_420s,1.0666666666666669,420.0,7.0
55.3,ELS,"Sanguino-Gomez and Krugers, 2024",1,Mix behaviors,t_450s,0.0,450.0,7.5
55.5,ELS,"Sanguino-Gomez and Krugers, 2024",1,Inaccurate tracking,t_030s,24.933333333333334,30.0,0.5
55.5,ELS,"Sanguino-Gomez and Krugers, 2024",1,Inaccurate tracking,t_060s,38.0,60.0,1.0
55.5,ELS,"Sanguino-Gomez and Krugers, 2024",1,Inaccurate tracking,t_090s,24.133333333333333,90.0,1.5
55.5,ELS,"Sanguino-Gomez and Krugers, 2024",1,Inaccurate tracking,t_120s,23.733333333333334,120.0,2.0
55.5,ELS,"Sanguino-Gomez and Krugers, 2024",1,Inaccurate tracking,t_150s,50.93333333333333,150.0,2.5
55.5,ELS,"Sanguino-Gomez and Krugers, 2024",1,Inaccurate tracking,t_180s,15.200000000000001,180.0,3.0
55.5,ELS,"Sanguino-Gomez and Krugers, 2024",1,Inaccurate tracking,t_210s,18.400000000000002,210.0,3.5
55.5,ELS,"Sanguino-Gomez and Krugers, 2024",1,Inaccurate tracking,t_240s,21.46666666666667,240.0,4.0
55.5,ELS,"Sanguino-Gomez and Krugers, 2024",1,Inaccurate tracking,t_270s,6.533333333333332,270.0,4.5
55.5,ELS,"Sanguino-Gomez and Krugers, 2024",1,Inaccurate tracking,t_300s,12.666666666666668,300.0,5.0
55.5,ELS,"Sanguino-Gomez and Krugers, 2024",1,Inaccurate tracking,t_330s,11.733333333333334,330.0,5.5
55.5,ELS,"Sanguino-Gomez and Krugers, 2024",1,Inaccurate tracking,t_360s,9.333333333333334,360.0,6.0
55.5,ELS,"Sanguino-Gomez and Krugers, 2024",1,Inaccurate tracking,t_390s,9.733333333333334,390.0,6.5
55.5,ELS,"Sanguino-Gomez and Krugers, 2024",1,Inaccurate tracking,t_420s,7.199999999999999,420.0,7.0
55.5,ELS,"Sanguino-Gomez and Krugers, 2024",1,Inaccurate tracking,t_450s,19.46666666666667,450.0,7.5
55.5,ELS,"Sanguino-Gomez and Krugers, 2024",1,Mix behaviors,t_030s,6.133333333333333,30.0,0.5
55.5,ELS,"Sanguino-Gomez and Krugers, 2024",1,Mix behaviors,t_060s,0.0,60.0,1.0
55.5,ELS,"Sanguino-Gomez and Krugers, 2024",1,Mix behaviors,t_090s,2.666666666666667,90.0,1.5
55.5,ELS,"Sanguino-Gomez and Krugers, 2024",1,Mix behaviors,t_120s,0.0,120.0,2.0
55.5,ELS,"Sanguino-Gomez and Krugers, 2024",1,Mix behaviors,t_150s,4.0,150.0,2.5
55.5,ELS,"Sanguino-Gomez and Krugers, 2024",1,Mix behaviors,t_180s,5.2,180.0,3.0
55.5,ELS,"Sanguino-Gomez and Krugers, 2024",1,Mix behaviors,t_210s,9.2,210.0,3.5
55.5,ELS,"Sanguino-Gomez and Krugers, 2024",1,Mix behaviors,t_240s,8.666666666666668,240.0,4.0
55.5,ELS,"Sanguino-Gomez and Krugers, 2024",1,Mix behaviors,t_270s,4.933333333333334,270.0,4.5
55.5,ELS,"Sanguino-Gomez and Krugers, 2024",1,Mix behaviors,t_300s,4.133333333333333,300.0,5.0
55.5,ELS,"Sanguino-Gomez and Krugers, 2024",1,Mix behaviors,t_330s,1.7333333333333332,330.0,5.5
55.5,ELS,"Sanguino-Gomez and Krugers, 2024",1,Mix behaviors,t_360s,4.4,360.0,6.0
55.5,ELS,"Sanguino-Gomez and Krugers, 2024",1,Mix behaviors,t_390s,1.2,390.0,6.5
55.5,ELS,"Sanguino-Gomez and Krugers, 2024",1,Mix behaviors,t_420s,6.4,420.0,7.0
55.5,ELS,"Sanguino-Gomez and Krugers, 2024",1,Mix behaviors,t_450s,2.4000000000000004,450.0,7.5
56.3,ELS,"Sanguino-Gomez and Krugers, 2024",1,Inaccurate tracking,t_030s,30.4,30.0,0.5
56.3,ELS,"Sanguino-Gomez and Krugers, 2024",1,Inaccurate tracking,t_060s,29.73333333333333,60.0,1.0
56.3,ELS,"Sanguino-Gomez and Krugers, 2024",1,Inaccurate tracking,t_090s,10.4,90.0,1.5
56.3,ELS,"Sanguino-Gomez and Krugers, 2024",1,Inaccurate tracking,t_120s,9.466666666666667,120.0,2.0
56.3,ELS,"Sanguino-Gomez and Krugers, 2024",1,Inaccurate tracking,t_150s,17.866666666666667,150.0,2.5
56.3,ELS,"Sanguino-Gomez and Krugers, 2024",1,Inaccurate tracking,t_180s,9.066666666666666,180.0,3.0
56.3,ELS,"Sanguino-Gomez and Krugers, 2024",1,Inaccurate tracking,t_210s,14.8,210.0,3.5
56.3,ELS,"Sanguino-Gomez and Krugers, 2024",1,Inaccurate tracking,t_240s,7.333333333333334,240.0,4.0
56.3,ELS,"Sanguino-Gomez and Krugers, 2024",1,Inaccurate tracking,t_270s,13.733333333333334,270.0,4.5
56.3,ELS,"Sanguino-Gomez and Krugers, 2024",1,Inaccurate tracking,t_300s,0.0,300.0,5.0
56.3,ELS,"Sanguino-Gomez and Krugers, 2024",1,Inaccurate tracking,t_330s,0.0,330.0,5.5
56.3,ELS,"Sanguino-Gomez and Krugers, 2024",1,Inaccurate tracking,t_360s,0.2666666666666666,360.0,6.0
56.3,ELS,"Sanguino-Gomez and Krugers, 2024",1,Inaccurate tracking,t_390s,1.2000000000000002,390.0,6.5
56.3,ELS,"Sanguino-Gomez and Krugers, 2024",1,Inaccurate tracking,t_420s,4.933333333333334,420.0,7.0
56.3,ELS,"Sanguino-Gomez and Krugers, 2024",1,Inaccurate tracking,t_450s,2.0,450.0,7.5
56.3,ELS,"Sanguino-Gomez and Krugers, 2024",1,Mix behaviors,t_030s,0.6666666666666667,30.0,0.5
56.3,ELS,"Sanguino-Gomez and Krugers, 2024",1,Mix behaviors,t_060s,0.0,60.0,1.0
56.3,ELS,"Sanguino-Gomez and Krugers, 2024",1,Mix behaviors,t_090s,0.0,90.0,1.5
56.3,ELS,"Sanguino-Gomez and Krugers, 2024",1,Mix behaviors,t_120s,3.466666666666667,120.0,2.0
56.3,ELS,"Sanguino-Gomez and Krugers, 2024",1,Mix behaviors,t_150s,4.266666666666667,150.0,2.5
56.3,ELS,"Sanguino-Gomez and Krugers, 2024",1,Mix behaviors,t_180s,0.0,180.0,3.0
56.3,ELS,"Sanguino-Gomez and Krugers, 2024",1,Mix behaviors,t_210s,1.7333333333333332,210.0,3.5
56.3,ELS,"Sanguino-Gomez and Krugers, 2024",1,Mix behaviors,t_240s,0.0,240.0,4.0
56.3,ELS,"Sanguino-Gomez and Krugers, 2024",1,Mix behaviors,t_270s,1.8666666666666667,270.0,4.5
56.3,ELS,"Sanguino-Gomez and Krugers, 2024",1,Mix behaviors,t_300s,1.2,300.0,5.0
56.3,ELS,"Sanguino-Gomez and Krugers, 2024",1,Mix behaviors,t_330s,10.666666666666666,330.0,5.5
56.3,ELS,"Sanguino-Gomez and Krugers, 2024",1,Mix behaviors,t_360s,0.0,360.0,6.0
56.3,ELS,"Sanguino-Gomez and Krugers, 2024",1,Mix behaviors,t_390s,11.866666666666667,390.0,6.5
56.3,ELS,"Sanguino-Gomez and Krugers, 2024",1,Mix behaviors,t_420s,0.0,420.0,7.0
56.3,ELS,"Sanguino-Gomez and Krugers, 2024",1,Mix behaviors,t_450s,1.0666666666666669,450.0,7.5
58.5,Control,"Sanguino-Gomez and Krugers, 2024",1,Inaccurate tracking,t_030s,18.800000000000004,30.0,0.5
58.5,Control,"Sanguino-Gomez and Krugers, 2024",1,Inaccurate tracking,t_060s,44.666666666666664,60.0,1.0
58.5,Control,"Sanguino-Gomez and Krugers, 2024",1,Inaccurate tracking,t_090s,17.2,90.0,1.5
58.5,Control,"Sanguino-Gomez and Krugers, 2024",1,Inaccurate tracking,t_120s,33.86666666666667,120.0,2.0
58.5,Control,"Sanguino-Gomez and Krugers, 2024",1,Inaccurate tracking,t_150s,5.866666666666667,150.0,2.5
58.5,Control,"Sanguino-Gomez and Krugers, 2024",1,Inaccurate tracking,t_180s,26.53333333333333,180.0,3.0
58.5,Control,"Sanguino-Gomez and Krugers, 2024",1,Inaccurate tracking,t_210s,27.866666666666667,210.0,3.5
58.5,Control,"Sanguino-Gomez and Krugers, 2024",1,Inaccurate tracking,t_240s,14.266666666666667,240.0,4.0
58.5,Control,"Sanguino-Gomez and Krugers, 2024",1,Inaccurate tracking,t_270s,11.466666666666667,270.0,4.5
58.5,Control,"Sanguino-Gomez and Krugers, 2024",1,Inaccurate tracking,t_300s,26.133333333333333,300.0,5.0
58.5,Control,"Sanguino-Gomez and Krugers, 2024",1,Inaccurate tracking,t_330s,16.133333333333333,330.0,5.5
58.5,Control,"Sanguino-Gomez and Krugers, 2024",1,Inaccurate tracking,t_360s,19.2,360.0,6.0
58.5,Control,"Sanguino-Gomez and Krugers, 2024",1,Inaccurate tracking,t_390s,32.4,390.0,6.5
58.5,Control,"Sanguino-Gomez and Krugers, 2024",1,Inaccurate tracking,t_420s,5.066666666666666,420.0,7.0
58.5,Control,"Sanguino-Gomez and Krugers, 2024",1,Inaccurate tracking,t_450s,14.4,450.0,7.5
58.5,Control,"Sanguino-Gomez and Krugers, 2024",1,Mix behaviors,t_030s,4.933333333333333,30.0,0.5
58.5,Control,"Sanguino-Gomez and Krugers, 2024",1,Mix behaviors,t_060s,3.0666666666666664,60.0,1.0
58.5,Control,"Sanguino-Gomez and Krugers, 2024",1,Mix behaviors,t_090s,2.266666666666667,90.0,1.5
58.5,Control,"Sanguino-Gomez and Krugers, 2024",1,Mix behaviors,t_120s,0.0,120.0,2.0
58.5,Control,"Sanguino-Gomez and Krugers, 2024",1,Mix behaviors,t_150s,6.0,150.0,2.5
58.5,Control,"Sanguino-Gomez and Krugers, 2024",1,Mix behaviors,t_180s,0.0,180.0,3.0
58.5,Control,"Sanguino-Gomez and Krugers, 2024",1,Mix behaviors,t_210s,11.6,210.0,3.5
58.5,Control,"Sanguino-Gomez and Krugers, 2024",1,Mix behaviors,t_240s,6.266666666666667,240.0,4.0
58.5,Control,"Sanguino-Gomez and Krugers, 2024",1,Mix behaviors,t_270s,0.0,270.0,4.5
58.5,Control,"Sanguino-Gomez and Krugers, 2024",1,Mix behaviors,t_300s,5.199999999999999,300.0,5.0
58.5,Control,"Sanguino-Gomez and Krugers, 2024",1,Mix behaviors,t_330s,4.266666666666667,330.0,5.5
58.5,Control,"Sanguino-Gomez and Krugers, 2024",1,Mix behaviors,t_360s,4.533333333333333,360.0,6.0
58.5,Control,"Sanguino-Gomez and Krugers, 2024",1,Mix behaviors,t_390s,3.6,390.0,6.5
58.5,Control,"Sanguino-Gomez and Krugers, 2024",1,Mix behaviors,t_420s,0.0,420.0,7.0
58.5,Control,"Sanguino-Gomez and Krugers, 2024",1,Mix behaviors,t_450s,0.0,450.0,7.5
62.1,Control,"Sanguino-Gomez and Krugers, 2024",1,Inaccurate tracking,t_030s,65.46666666666667,30.0,0.5
62.1,Control,"Sanguino-Gomez and Krugers, 2024",1,Inaccurate tracking,t_060s,30.266666666666666,60.0,1.0
62.1,Control,"Sanguino-Gomez and Krugers, 2024",1,Inaccurate tracking,t_090s,31.866666666666667,90.0,1.5
62.1,Control,"Sanguino-Gomez and Krugers, 2024",1,Inaccurate tracking,t_120s,37.06666666666666,120.0,2.0
62.1,Control,"Sanguino-Gomez and Krugers, 2024",1,Inaccurate tracking,t_150s,35.6,150.0,2.5
62.1,Control,"Sanguino-Gomez and Krugers, 2024",1,Inaccurate tracking,t_180s,42.53333333333334,180.0,3.0
62.1,Control,"Sanguino-Gomez and Krugers, 2024",1,Inaccurate tracking,t_210s,32.13333333333333,210.0,3.5
62.1,Control,"Sanguino-Gomez and Krugers, 2024",1,Inaccurate tracking,t_240s,25.2,240.0,4.0
62.1,Control,"Sanguino-Gomez and Krugers, 2024",1,Inaccurate tracking,t_270s,22.0,270.0,4.5
62.1,Control,"Sanguino-Gomez and Krugers, 2024",1,Inaccurate tracking,t_300s,8.933333333333334,300.0,5.0
62.1,Control,"Sanguino-Gomez and Krugers, 2024",1,Inaccurate tracking,t_330s,21.6,330.0,5.5
62.1,Control,"Sanguino-Gomez and Krugers, 2024",1,Inaccurate tracking,t_360s,17.6,360.0,6.0
62.1,Control,"Sanguino-Gomez and Krugers, 2024",1,Inaccurate tracking,t_390s,23.066666666666666,390.0,6.5
62.1,Control,"Sanguino-Gomez and Krugers, 2024",1,Inaccurate tracking,t_420s,0.9333333333333336,420.0,7.0
62.1,Control,"Sanguino-Gomez and Krugers, 2024",1,Inaccurate tracking,t_450s,13.866666666666667,450.0,7.5
62.1,Control,"Sanguino-Gomez and Krugers, 2024",1,Mix behaviors,t_030s,0.9333333333333336,30.0,0.5
62.1,Control,"Sanguino-Gomez and Krugers, 2024",1,Mix behaviors,t_060s,8.266666666666666,60.0,1.0
62.1,Control,"Sanguino-Gomez and Krugers, 2024",1,Mix behaviors,t_090s,5.2,90.0,1.5
62.1,Control,"Sanguino-Gomez and Krugers, 2024",1,Mix behaviors,t_120s,10.133333333333335,120.0,2.0
62.1,Control,"Sanguino-Gomez and Krugers, 2024",1,Mix behaviors,t_150s,2.8000000000000003,150.0,2.5
62.1,Control,"Sanguino-Gomez and Krugers, 2024",1,Mix behaviors,t_180s,0.0,180.0,3.0
62.1,Control,"Sanguino-Gomez and Krugers, 2024",1,Mix behaviors,t_210s,0.0,210.0,3.5
62.1,Control,"Sanguino-Gomez and Krugers, 2024",1,Mix behaviors,t_240s,6.266666666666667,240.0,4.0
62.1,Control,"Sanguino-Gomez and Krugers, 2024",1,Mix behaviors,t_270s,3.8666666666666663,270.0,4.5
62.1,Control,"Sanguino-Gomez and Krugers, 2024",1,Mix behaviors,t_300s,13.333333333333334,300.0,5.0
62.1,Control,"Sanguino-Gomez and Krugers, 2024",1,Mix behaviors,t_330s,4.8,330.0,5.5
62.1,Control,"Sanguino-Gomez and Krugers, 2024",1,Mix behaviors,t_360s,3.2,360.0,6.0
62.1,Control,"Sanguino-Gomez and Krugers, 2024",1,Mix behaviors,t_390s,0.0,390.0,6.5
62.1,Control,"Sanguino-Gomez and Krugers, 2024",1,Mix behaviors,t_420s,0.0,420.0,7.0
62.1,Control,"Sanguino-Gomez and Krugers, 2024",1,Mix behaviors,t_450s,4.800000000000001,450.0,7.5
62.2,Control,"Sanguino-Gomez and Krugers, 2024",1,Inaccurate tracking,t_030s,20.4,30.0,0.5
62.2,Control,"Sanguino-Gomez and Krugers, 2024",1,Inaccurate tracking,t_060s,7.199999999999999,60.0,1.0
62.2,Control,"Sanguino-Gomez and Krugers, 2024",1,Inaccurate tracking,t_090s,7.733333333333333,90.0,1.5
62.2,Control,"Sanguino-Gomez and Krugers, 2024",1,Inaccurate tracking,t_120s,34.4,120.0,2.0
62.2,Control,"Sanguino-Gomez and Krugers, 2024",1,Inaccurate tracking,t_150s,8.0,150.0,2.5
62.2,Control,"Sanguino-Gomez and Krugers, 2024",1,Inaccurate tracking,t_180s,9.466666666666669,180.0,3.0
62.2,Control,"Sanguino-Gomez and Krugers, 2024",1,Inaccurate tracking,t_210s,2.9333333333333336,210.0,3.5
62.2,Control,"Sanguino-Gomez and Krugers, 2024",1,Inaccurate tracking,t_240s,0.0,240.0,4.0
62.2,Control,"Sanguino-Gomez and Krugers, 2024",1,Inaccurate tracking,t_270s,6.266666666666667,270.0,4.5
62.2,Control,"Sanguino-Gomez and Krugers, 2024",1,Inaccurate tracking,t_300s,4.533333333333334,300.0,5.0
62.2,Control,"Sanguino-Gomez and Krugers, 2024",1,Inaccurate tracking,t_330s,5.066666666666666,330.0,5.5
62.2,Control,"Sanguino-Gomez and Krugers, 2024",1,Inaccurate tracking,t_360s,23.6,360.0,6.0
62.2,Control,"Sanguino-Gomez and Krugers, 2024",1,Inaccurate tracking,t_390s,11.733333333333334,390.0,6.5
62.2,Control,"Sanguino-Gomez and Krugers, 2024",1,Inaccurate tracking,t_420s,8.533333333333333,420.0,7.0
62.2,Control,"Sanguino-Gomez and Krugers, 2024",1,Inaccurate tracking,t_450s,7.866666666666667,450.0,7.5
62.2,Control,"Sanguino-Gomez and Krugers, 2024",1,Mix behaviors,t_030s,13.733333333333334,30.0,0.5
62.2,Control,"Sanguino-Gomez and Krugers, 2024",1,Mix behaviors,t_060s,18.53333333333333,60.0,1.0
62.2,Control,"Sanguino-Gomez and Krugers, 2024",1,Mix behaviors,t_090s,16.666666666666664,90.0,1.5
62.2,Control,"Sanguino-Gomez and Krugers, 2024",1,Mix behaviors,t_120s,5.6,120.0,2.0
62.2,Control,"Sanguino-Gomez and Krugers, 2024",1,Mix behaviors,t_150s,2.1333333333333333,150.0,2.5
62.2,Control,"Sanguino-Gomez and Krugers, 2024",1,Mix behaviors,t_180s,0.0,180.0,3.0
62.2,Control,"Sanguino-Gomez and Krugers, 2024",1,Mix behaviors,t_210s,0.0,210.0,3.5
62.2,Control,"Sanguino-Gomez and Krugers, 2024",1,Mix behaviors,t_240s,7.6,240.0,4.0
62.2,Control,"Sanguino-Gomez and Krugers, 2024",1,Mix behaviors,t_270s,0.8,270.0,4.5
62.2,Control,"Sanguino-Gomez and Krugers, 2024",1,Mix behaviors,t_300s,4.4,300.0,5.0
62.2,Control,"Sanguino-Gomez and Krugers, 2024",1,Mix behaviors,t_330s,7.199999999999999,330.0,5.5
62.2,Control,"Sanguino-Gomez and Krugers, 2024",1,Mix behaviors,t_360s,0.4,360.0,6.0
62.2,Control,"Sanguino-Gomez and Krugers, 2024",1,Mix behaviors,t_390s,0.0,390.0,6.5
62.2,Control,"Sanguino-Gomez and Krugers, 2024",1,Mix behaviors,t_420s,0.0,420.0,7.0
62.2,Control,"Sanguino-Gomez and Krugers, 2024",1,Mix behaviors,t_450s,6.4,450.0,7.5
62.3,Control,"Sanguino-Gomez and Krugers, 2024",1,Inaccurate tracking,t_030s,25.6,30.0,0.5
62.3,Control,"Sanguino-Gomez and Krugers, 2024",1,Inaccurate tracking,t_060s,29.599999999999994,60.0,1.0
62.3,Control,"Sanguino-Gomez and Krugers, 2024",1,Inaccurate tracking,t_090s,22.933333333333334,90.0,1.5
62.3,Control,"Sanguino-Gomez and Krugers, 2024",1,Inaccurate tracking,t_120s,8.666666666666666,120.0,2.0
62.3,Control,"Sanguino-Gomez and Krugers, 2024",1,Inaccurate tracking,t_150s,6.666666666666667,150.0,2.5
62.3,Control,"Sanguino-Gomez and Krugers, 2024",1,Inaccurate tracking,t_180s,14.66666666666667,180.0,3.0
62.3,Control,"Sanguino-Gomez and Krugers, 2024",1,Inaccurate tracking,t_210s,4.666666666666667,210.0,3.5
62.3,Control,"Sanguino-Gomez and Krugers, 2024",1,Inaccurate tracking,t_240s,17.599999999999998,240.0,4.0
62.3,Control,"Sanguino-Gomez and Krugers, 2024",1,Inaccurate tracking,t_270s,13.866666666666664,270.0,4.5
62.3,Control,"Sanguino-Gomez and Krugers, 2024",1,Inaccurate tracking,t_300s,12.133333333333333,300.0,5.0
62.3,Control,"Sanguino-Gomez and Krugers, 2024",1,Inaccurate tracking,t_330s,0.4,330.0,5.5
62.3,Control,"Sanguino-Gomez and Krugers, 2024",1,Inaccurate tracking,t_360s,0.5333333333333332,360.0,6.0
62.3,Control,"Sanguino-Gomez and Krugers, 2024",1,Inaccurate tracking,t_390s,16.666666666666668,390.0,6.5
62.3,Control,"Sanguino-Gomez and Krugers, 2024",1,Inaccurate tracking,t_420s,11.333333333333334,420.0,7.0
62.3,Control,"Sanguino-Gomez and Krugers, 2024",1,Inaccurate tracking,t_450s,0.0,450.0,7.5
62.3,Control,"Sanguino-Gomez and Krugers, 2024",1,Mix behaviors,t_030s,2.8000000000000003,30.0,0.5
62.3,Control,"Sanguino-Gomez and Krugers, 2024",1,Mix behaviors,t_060s,6.533333333333332,60.0,1.0
62.3,Control,"Sanguino-Gomez and Krugers, 2024",1,Mix behaviors,t_090s,0.5333333333333333,90.0,1.5
62.3,Control,"Sanguino-Gomez and Krugers, 2024",1,Mix behaviors,t_120s,1.3333333333333337,120.0,2.0
62.3,Control,"Sanguino-Gomez and Krugers, 2024",1,Mix behaviors,t_150s,7.733333333333333,150.0,2.5
62.3,Control,"Sanguino-Gomez and Krugers, 2024",1,Mix behaviors,t_180s,2.1333333333333333,180.0,3.0
62.3,Control,"Sanguino-Gomez and Krugers, 2024",1,Mix behaviors,t_210s,4.533333333333333,210.0,3.5
62.3,Control,"Sanguino-Gomez and Krugers, 2024",1,Mix behaviors,t_240s,3.333333333333333,240.0,4.0
62.3,Control,"Sanguino-Gomez and Krugers, 2024",1,Mix behaviors,t_270s,1.7333333333333332,270.0,4.5
62.3,Control,"Sanguino-Gomez and Krugers, 2024",1,Mix behaviors,t_300s,0.0,300.0,5.0
62.3,Control,"Sanguino-Gomez and Krugers, 2024",1,Mix behaviors,t_330s,2.2666666666666666,330.0,5.5
62.3,Control,"Sanguino-Gomez and Krugers, 2024",1,Mix behaviors,t_360s,6.533333333333332,360.0,6.0
62.3,Control,"Sanguino-Gomez and Krugers, 2024",1,Mix behaviors,t_390s,0.0,390.0,6.5
62.3,Control,"Sanguino-Gomez and Krugers, 2024",1,Mix behaviors,t_420s,0.8,420.0,7.0
62.3,Control,"Sanguino-Gomez and Krugers, 2024",1,Mix behaviors,t_450s,3.0666666666666664,450.0,7.5
62.4,Control,"Sanguino-Gomez and Krugers, 2024",1,Inaccurate tracking,t_030s,25.46666666666667,30.0,0.5
62.4,Control,"Sanguino-Gomez and Krugers, 2024",1,Inaccurate tracking,t_060s,31.46666666666667,60.0,1.0
62.4,Control,"Sanguino-Gomez and Krugers, 2024",1,Inaccurate tracking,t_090s,28.4,90.0,1.5
62.4,Control,"Sanguino-Gomez and Krugers, 2024",1,Inaccurate tracking,t_120s,20.0,120.0,2.0
62.4,Control,"Sanguino-Gomez and Krugers, 2024",1,Inaccurate tracking,t_150s,14.399999999999999,150.0,2.5
62.4,Control,"Sanguino-Gomez and Krugers, 2024",1,Inaccurate tracking,t_180s,42.93333333333334,180.0,3.0
62.4,Control,"Sanguino-Gomez and Krugers, 2024",1,Inaccurate tracking,t_210s,28.799999999999997,210.0,3.5
62.4,Control,"Sanguino-Gomez and Krugers, 2024",1,Inaccurate tracking,t_240s,13.066666666666666,240.0,4.0
62.4,Control,"Sanguino-Gomez and Krugers, 2024",1,Inaccurate tracking,t_270s,12.0,270.0,4.5
62.4,Control,"Sanguino-Gomez and Krugers, 2024",1,Inaccurate tracking,t_300s,14.933333333333334,300.0,5.0
62.4,Control,"Sanguino-Gomez and Krugers, 2024",1,Inaccurate tracking,t_330s,0.9333333333333336,330.0,5.5
62.4,Control,"Sanguino-Gomez and Krugers, 2024",1,Inaccurate tracking,t_360s,1.2000000000000002,360.0,6.0
62.4,Control,"Sanguino-Gomez and Krugers, 2024",1,Inaccurate tracking,t_390s,1.6,390.0,6.5
62.4,Control,"Sanguino-Gomez and Krugers, 2024",1,Inaccurate tracking,t_420s,7.199999999999999,420.0,7.0
62.4,Control,"Sanguino-Gomez and Krugers, 2024",1,Inaccurate tracking,t_450s,25.599999999999998,450.0,7.5
62.4,Control,"Sanguino-Gomez and Krugers, 2024",1,Mix behaviors,t_030s,6.0,30.0,0.5
62.4,Control,"Sanguino-Gomez and Krugers, 2024",1,Mix behaviors,t_060s,5.066666666666667,60.0,1.0
62.4,Control,"Sanguino-Gomez and Krugers, 2024",1,Mix behaviors,t_090s,0.0,90.0,1.5
62.4,Control,"Sanguino-Gomez and Krugers, 2024",1,Mix behaviors,t_120s,0.0,120.0,2.0
62.4,Control,"Sanguino-Gomez and Krugers, 2024",1,Mix behaviors,t_150s,2.0,150.0,2.5
62.4,Control,"Sanguino-Gomez and Krugers, 2024",1,Mix behaviors,t_180s,15.866666666666667,180.0,3.0
62.4,Control,"Sanguino-Gomez and Krugers, 2024",1,Mix behaviors,t_210s,3.4666666666666663,210.0,3.5
62.4,Control,"Sanguino-Gomez and Krugers, 2024",1,Mix behaviors,t_240s,5.866666666666666,240.0,4.0
62.4,Control,"Sanguino-Gomez and Krugers, 2024",1,Mix behaviors,t_270s,0.0,270.0,4.5
62.4,Control,"Sanguino-Gomez and Krugers, 2024",1,Mix behaviors,t_300s,0.0,300.0,5.0
62.4,Control,"Sanguino-Gomez and Krugers, 2024",1,Mix behaviors,t_330s,0.0,330.0,5.5
62.4,Control,"Sanguino-Gomez and Krugers, 2024",1,Mix behaviors,t_360s,7.333333333333332,360.0,6.0
62.4,Control,"Sanguino-Gomez and Krugers, 2024",1,Mix behaviors,t_390s,18.133333333333333,390.0,6.5
62.4,Control,"Sanguino-Gomez and Krugers, 2024",1,Mix behaviors,t_420s,0.8,420.0,7.0
62.4,Control,"Sanguino-Gomez and Krugers, 2024",1,Mix behaviors,t_450s,0.0,450.0,7.5
62.5,Control,"Sanguino-Gomez and Krugers, 2024",1,Inaccurate tracking,t_030s,29.466666666666665,30.0,0.5
62.5,Control,"Sanguino-Gomez and Krugers, 2024",1,Inaccurate tracking,t_060s,31.733333333333334,60.0,1.0
62.5,Control,"Sanguino-Gomez and Krugers, 2024",1,Inaccurate tracking,t_090s,16.133333333333333,90.0,1.5
62.5,Control,"Sanguino-Gomez and Krugers, 2024",1,Inaccurate tracking,t_120s,25.73333333333333,120.0,2.0
62.5,Control,"Sanguino-Gomez and Krugers, 2024",1,Inaccurate tracking,t_150s,25.2,150.0,2.5
62.5,Control,"Sanguino-Gomez and Krugers, 2024",1,Inaccurate tracking,t_180s,26.0,180.0,3.0
62.5,Control,"Sanguino-Gomez and Krugers, 2024",1,Inaccurate tracking,t_210s,19.06666666666667,210.0,3.5
62.5,Control,"Sanguino-Gomez and Krugers, 2024",1,Inaccurate tracking,t_240s,6.0,240.0,4.0
62.5,Control,"Sanguino-Gomez and Krugers, 2024",1,Inaccurate tracking,t_270s,26.133333333333333,270.0,4.5
62.5,Control,"Sanguino-Gomez and Krugers, 2024",1,Inaccurate tracking,t_300s,27.733333333333334,300.0,5.0
62.5,Control,"Sanguino-Gomez and Krugers, 2024",1,Inaccurate tracking,t_330s,1.3333333333333337,330.0,5.5
62.5,Control,"Sanguino-Gomez and Krugers, 2024",1,Inaccurate tracking,t_360s,0.0,360.0,6.0
62.5,Control,"Sanguino-Gomez and Krugers, 2024",1,Inaccurate tracking,t_390s,0.0,390.0,6.5
62.5,Control,"Sanguino-Gomez and Krugers, 2024",1,Inaccurate tracking,t_420s,4.8,420.0,7.0
62.5,Control,"Sanguino-Gomez and Krugers, 2024",1,Inaccurate tracking,t_450s,1.4666666666666666,450.0,7.5
62.5,Control,"Sanguino-Gomez and Krugers, 2024",1,Mix behaviors,t_030s,4.133333333333333,30.0,0.5
62.5,Control,"Sanguino-Gomez and Krugers, 2024",1,Mix behaviors,t_060s,1.0666666666666669,60.0,1.0
62.5,Control,"Sanguino-Gomez and Krugers, 2024",1,Mix behaviors,t_090s,2.933333333333333,90.0,1.5
62.5,Control,"Sanguino-Gomez and Krugers, 2024",1,Mix behaviors,t_120s,0.0,120.0,2.0
62.5,Control,"Sanguino-Gomez and Krugers, 2024",1,Mix behaviors,t_150s,2.533333333333333,150.0,2.5
62.5,Control,"Sanguino-Gomez and Krugers, 2024",1,Mix behaviors,t_180s,0.5333333333333333,180.0,3.0
62.5,Control,"Sanguino-Gomez and Krugers, 2024",1,Mix behaviors,t_210s,7.466666666666667,210.0,3.5
62.5,Control,"Sanguino-Gomez and Krugers, 2024",1,Mix behaviors,t_240s,9.466666666666669,240.0,4.0
62.5,Control,"Sanguino-Gomez and Krugers, 2024",1,Mix behaviors,t_270s,0.0,270.0,4.5
62.5,Control,"Sanguino-Gomez and Krugers, 2024",1,Mix behaviors,t_300s,0.0,300.0,5.0
62.5,Control,"Sanguino-Gomez and Krugers, 2024",1,Mix behaviors,t_330s,6.4,330.0,5.5
62.5,Control,"Sanguino-Gomez and Krugers, 2024",1,Mix behaviors,t_360s,15.2,360.0,6.0
62.5,Control,"Sanguino-Gomez and Krugers, 2024",1,Mix behaviors,t_390s,12.266666666666666,390.0,6.5
62.5,Control,"Sanguino-Gomez and Krugers, 2024",1,Mix behaviors,t_420s,9.333333333333334,420.0,7.0
62.5,Control,"Sanguino-Gomez and Krugers, 2024",1,Mix behaviors,t_450s,39.46666666666667,450.0,7.5
63.3,ELS,"Sanguino-Gomez and Krugers, 2024",1,Inaccurate tracking,t_030s,40.266666666666666,30.0,0.5
63.3,ELS,"Sanguino-Gomez and Krugers, 2024",1,Inaccurate tracking,t_060s,22.799999999999997,60.0,1.0
63.3,ELS,"Sanguino-Gomez and Krugers, 2024",1,Inaccurate tracking,t_090s,23.33333333333333,90.0,1.5
63.3,ELS,"Sanguino-Gomez and Krugers, 2024",1,Inaccurate tracking,t_120s,37.733333333333334,120.0,2.0
63.3,ELS,"Sanguino-Gomez and Krugers, 2024",1,Inaccurate tracking,t_150s,9.066666666666666,150.0,2.5
63.3,ELS,"Sanguino-Gomez and Krugers, 2024",1,Inaccurate tracking,t_180s,16.4,180.0,3.0
63.3,ELS,"Sanguino-Gomez and Krugers, 2024",1,Inaccurate tracking,t_210s,9.866666666666665,210.0,3.5
63.3,ELS,"Sanguino-Gomez and Krugers, 2024",1,Inaccurate tracking,t_240s,13.466666666666663,240.0,4.0
63.3,ELS,"Sanguino-Gomez and Krugers, 2024",1,Inaccurate tracking,t_270s,28.799999999999997,270.0,4.5
63.3,ELS,"Sanguino-Gomez and Krugers, 2024",1,Inaccurate tracking,t_300s,2.4,300.0,5.0
63.3,ELS,"Sanguino-Gomez and Krugers, 2024",1,Inaccurate tracking,t_330s,5.2,330.0,5.5
63.3,ELS,"Sanguino-Gomez and Krugers, 2024",1,Inaccurate tracking,t_360s,0.0,360.0,6.0
63.3,ELS,"Sanguino-Gomez and Krugers, 2024",1,Inaccurate tracking,t_390s,4.4,390.0,6.5
63.3,ELS,"Sanguino-Gomez and Krugers, 2024",1,Inaccurate tracking,t_420s,1.6,420.0,7.0
63.3,ELS,"Sanguino-Gomez and Krugers, 2024",1,Inaccurate tracking,t_450s,8.799999999999999,450.0,7.5
63.3,ELS,"Sanguino-Gomez and Krugers, 2024",1,Mix behaviors,t_030s,12.666666666666668,30.0,0.5
63.3,ELS,"Sanguino-Gomez and Krugers, 2024",1,Mix behaviors,t_060s,2.9333333333333336,60.0,1.0
63.3,ELS,"Sanguino-Gomez and Krugers, 2024",1,Mix behaviors,t_090s,4.533333333333333,90.0,1.5
63.3,ELS,"Sanguino-Gomez and Krugers, 2024",1,Mix behaviors,t_120s,6.266666666666666,120.0,2.0
63.3,ELS,"Sanguino-Gomez and Krugers, 2024",1,Mix behaviors,t_150s,12.666666666666668,150.0,2.5
63.3,ELS,"Sanguino-Gomez and Krugers, 2024",1,Mix behaviors,t_180s,0.0,180.0,3.0
63.3,ELS,"Sanguino-Gomez and Krugers, 2024",1,Mix behaviors,t_210s,14.133333333333333,210.0,3.5
63.3,ELS,"Sanguino-Gomez and Krugers, 2024",1,Mix behaviors,t_240s,8.266666666666666,240.0,4.0
63.3,ELS,"Sanguino-Gomez and Krugers, 2024",1,Mix behaviors,t_270s,0.0,270.0,4.5
63.3,ELS,"Sanguino-Gomez and Krugers, 2024",1,Mix behaviors,t_300s,3.0666666666666664,300.0,5.0
63.3,ELS,"Sanguino-Gomez and Krugers, 2024",1,Mix behaviors,t_330s,0.0,330.0,5.5
63.3,ELS,"Sanguino-Gomez and Krugers, 2024",1,Mix behaviors,t_360s,0.0,360.0,6.0
63.3,ELS,"Sanguino-Gomez and Krugers, 2024",1,Mix behaviors,t_390s,11.866666666666667,390.0,6.5
63.3,ELS,"Sanguino-Gomez and Krugers, 2024",1,Mix behaviors,t_420s,5.199999999999999,420.0,7.0
63.3,ELS,"Sanguino-Gomez and Krugers, 2024",1,Mix behaviors,t_450s,0.9333333333333336,450.0,7.5
68.1,Control,"Sanguino-Gomez and Krugers, 2024",1,Inaccurate tracking,t_030s,31.733333333333334,30.0,0.5
68.1,Control,"Sanguino-Gomez and Krugers, 2024",1,Inaccurate tracking,t_060s,37.333333333333336,60.0,1.0
68.1,Control,"Sanguino-Gomez and Krugers, 2024",1,Inaccurate tracking,t_090s,12.133333333333333,90.0,1.5
68.1,Control,"Sanguino-Gomez and Krugers, 2024",1,Inaccurate tracking,t_120s,26.26666666666667,120.0,2.0
68.1,Control,"Sanguino-Gomez and Krugers, 2024",1,Inaccurate tracking,t_150s,11.6,150.0,2.5
68.1,Control,"Sanguino-Gomez and Krugers, 2024",1,Inaccurate tracking,t_180s,21.066666666666666,180.0,3.0
68.1,Control,"Sanguino-Gomez and Krugers, 2024",1,Inaccurate tracking,t_210s,12.133333333333333,210.0,3.5
68.1,Control,"Sanguino-Gomez and Krugers, 2024",1,Inaccurate tracking,t_240s,0.0,240.0,4.0
68.1,Control,"Sanguino-Gomez and Krugers, 2024",1,Inaccurate tracking,t_270s,12.133333333333333,270.0,4.5
68.1,Control,"Sanguino-Gomez and Krugers, 2024",1,Inaccurate tracking,t_300s,10.266666666666667,300.0,5.0
68.1,Control,"Sanguino-Gomez and Krugers, 2024",1,Inaccurate tracking,t_330s,9.466666666666667,330.0,5.5
68.1,Control,"Sanguino-Gomez and Krugers, 2024",1,Inaccurate tracking,t_360s,0.0,360.0,6.0
68.1,Control,"Sanguino-Gomez and Krugers, 2024",1,Inaccurate tracking,t_390s,1.4666666666666668,390.0,6.5
68.1,Control,"Sanguino-Gomez and Krugers, 2024",1,Inaccurate tracking,t_420s,1.0666666666666669,420.0,7.0
68.1,Control,"Sanguino-Gomez and Krugers, 2024",1,Inaccurate tracking,t_450s,0.0,450.0,7.5
68.1,Control,"Sanguino-Gomez and Krugers, 2024",1,Mix behaviors,t_030s,2.0,30.0,0.5
68.1,Control,"Sanguino-Gomez and Krugers, 2024",1,Mix behaviors,t_060s,16.266666666666666,60.0,1.0
68.1,Control,"Sanguino-Gomez and Krugers, 2024",1,Mix behaviors,t_090s,3.733333333333334,90.0,1.5
68.1,Control,"Sanguino-Gomez and Krugers, 2024",1,Mix behaviors,t_120s,0.0,120.0,2.0
68.1,Control,"Sanguino-Gomez and Krugers, 2024",1,Mix behaviors,t_150s,0.0,150.0,2.5
68.1,Control,"Sanguino-Gomez and Krugers, 2024",1,Mix behaviors,t_180s,4.0,180.0,3.0
68.1,Control,"Sanguino-Gomez and Krugers, 2024",1,Mix behaviors,t_210s,2.8000000000000003,210.0,3.5
68.1,Control,"Sanguino-Gomez and Krugers, 2024",1,Mix behaviors,t_240s,8.533333333333333,240.0,4.0
68.1,Control,"Sanguino-Gomez and Krugers, 2024",1,Mix behaviors,t_270s,5.333333333333334,270.0,4.5
68.1,Control,"Sanguino-Gomez and Krugers, 2024",1,Mix behaviors,t_300s,2.4,300.0,5.0
68.1,Control,"Sanguino-Gomez and Krugers, 2024",1,Mix behaviors,t_330s,0.4,330.0,5.5
68.1,Control,"Sanguino-Gomez and Krugers, 2024",1,Mix behaviors,t_360s,6.0,360.0,6.0
68.1,Control,"Sanguino-Gomez and Krugers, 2024",1,Mix behaviors,t_390s,35.733333333333334,390.0,6.5
68.1,Control,"Sanguino-Gomez and Krugers, 2024",1,Mix behaviors,t_420s,24.8,420.0,7.0
68.1,Control,"Sanguino-Gomez and Krugers, 2024",1,Mix behaviors,t_450s,41.86666666666667,450.0,7.5
69.1,ELS,"Sanguino-Gomez and Krugers, 2024",1,Inaccurate tracking,t_030s,20.933333333333334,30.0,0.5
69.1,ELS,"Sanguino-Gomez and Krugers, 2024",1,Inaccurate tracking,t_060s,60.13333333333333,60.0,1.0
69.1,ELS,"Sanguino-Gomez and Krugers, 2024",1,Inaccurate tracking,t_090s,19.866666666666667,90.0,1.5
69.1,ELS,"Sanguino-Gomez and Krugers, 2024",1,Inaccurate tracking,t_120s,16.933333333333337,120.0,2.0
69.1,ELS,"Sanguino-Gomez and Krugers, 2024",1,Inaccurate tracking,t_150s,16.666666666666668,150.0,2.5
69.1,ELS,"Sanguino-Gomez and Krugers, 2024",1,Inaccurate tracking,t_180s,8.799999999999999,180.0,3.0
69.1,ELS,"Sanguino-Gomez and Krugers, 2024",1,Inaccurate tracking,t_210s,8.666666666666668,210.0,3.5
69.1,ELS,"Sanguino-Gomez and Krugers, 2024",1,Inaccurate tracking,t_240s,13.333333333333334,240.0,4.0
69.1,ELS,"Sanguino-Gomez and Krugers, 2024",1,Inaccurate tracking,t_270s,6.933333333333334,270.0,4.5
69.1,ELS,"Sanguino-Gomez and Krugers, 2024",1,Inaccurate tracking,t_300s,7.733333333333333,300.0,5.0
69.1,ELS,"Sanguino-Gomez and Krugers, 2024",1,Inaccurate tracking,t_330s,0.0,330.0,5.5
69.1,ELS,"Sanguino-Gomez and Krugers, 2024",1,Inaccurate tracking,t_360s,0.0,360.0,6.0
69.1,ELS,"Sanguino-Gomez and Krugers, 2024",1,Inaccurate tracking,t_390s,27.866666666666667,390.0,6.5
69.1,ELS,"Sanguino-Gomez and Krugers, 2024",1,Inaccurate tracking,t_420s,1.0666666666666667,420.0,7.0
69.1,ELS,"Sanguino-Gomez and Krugers, 2024",1,Inaccurate tracking,t_450s,0.0,450.0,7.5
69.1,ELS,"Sanguino-Gomez and Krugers, 2024",1,Mix behaviors,t_030s,0.8,30.0,0.5
69.1,ELS,"Sanguino-Gomez and Krugers, 2024",1,Mix behaviors,t_060s,16.8,60.0,1.0
69.1,ELS,"Sanguino-Gomez and Krugers, 2024",1,Mix behaviors,t_090s,3.8666666666666663,90.0,1.5
69.1,ELS,"Sanguino-Gomez and Krugers, 2024",1,Mix behaviors,t_120s,6.133333333333333,120.0,2.0
69.1,ELS,"Sanguino-Gomez and Krugers, 2024",1,Mix behaviors,t_150s,0.0,150.0,2.5
69.1,ELS,"Sanguino-Gomez and Krugers, 2024",1,Mix behaviors,t_180s,12.800000000000002,180.0,3.0
69.1,ELS,"Sanguino-Gomez and Krugers, 2024",1,Mix behaviors,t_210s,4.800000000000001,210.0,3.5
69.1,ELS,"Sanguino-Gomez and Krugers, 2024",1,Mix behaviors,t_240s,4.8,240.0,4.0
69.1,ELS,"Sanguino-Gomez and Krugers, 2024",1,Mix behaviors,t_270s,6.133333333333333,270.0,4.5
69.1,ELS,"Sanguino-Gomez and Krugers, 2024",1,Mix behaviors,t_300s,4.133333333333333,300.0,5.0
69.1,ELS,"Sanguino-Gomez and Krugers, 2024",1,Mix behaviors,t_330s,2.4,330.0,5.5
69.1,ELS,"Sanguino-Gomez and Krugers, 2024",1,Mix behaviors,t_360s,6.933333333333334,360.0,6.0
69.1,ELS,"Sanguino-Gomez and Krugers, 2024",1,Mix behaviors,t_390s,0.0,390.0,6.5
69.1,ELS,"Sanguino-Gomez and Krugers, 2024",1,Mix behaviors,t_420s,10.4,420.0,7.0
69.1,ELS,"Sanguino-Gomez and Krugers, 2024",1,Mix behaviors,t_450s,2.533333333333333,450.0,7.5
69.2,ELS,"Sanguino-Gomez and Krugers, 2024",1,Inaccurate tracking,t_030s,36.93333333333333,30.0,0.5
69.2,ELS,"Sanguino-Gomez and Krugers, 2024",1,Inaccurate tracking,t_060s,21.200000000000003,60.0,1.0
69.2,ELS,"Sanguino-Gomez and Krugers, 2024",1,Inaccurate tracking,t_090s,31.466666666666672,90.0,1.5
69.2,ELS,"Sanguino-Gomez and Krugers, 2024",1,Inaccurate tracking,t_120s,44.13333333333333,120.0,2.0
69.2,ELS,"Sanguino-Gomez and Krugers, 2024",1,Inaccurate tracking,t_150s,38.13333333333333,150.0,2.5
69.2,ELS,"Sanguino-Gomez and Krugers, 2024",1,Inaccurate tracking,t_180s,37.33333333333333,180.0,3.0
69.2,ELS,"Sanguino-Gomez and Krugers, 2024",1,Inaccurate tracking,t_210s,16.799999999999997,210.0,3.5
69.2,ELS,"Sanguino-Gomez and Krugers, 2024",1,Inaccurate tracking,t_240s,18.4,240.0,4.0
69.2,ELS,"Sanguino-Gomez and Krugers, 2024",1,Inaccurate tracking,t_270s,7.333333333333334,270.0,4.5
69.2,ELS,"Sanguino-Gomez and Krugers, 2024",1,Inaccurate tracking,t_300s,6.8,300.0,5.0
69.2,ELS,"Sanguino-Gomez and Krugers, 2024",1,Inaccurate tracking,t_330s,7.7333333333333325,330.0,5.5
69.2,ELS,"Sanguino-Gomez and Krugers, 2024",1,Inaccurate tracking,t_360s,25.333333333333332,360.0,6.0
69.2,ELS,"Sanguino-Gomez and Krugers, 2024",1,Inaccurate tracking,t_390s,0.4,390.0,6.5
69.2,ELS,"Sanguino-Gomez and Krugers, 2024",1,Inaccurate tracking,t_420s,6.266666666666667,420.0,7.0
69.2,ELS,"Sanguino-Gomez and Krugers, 2024",1,Inaccurate tracking,t_450s,3.333333333333333,450.0,7.5
69.2,ELS,"Sanguino-Gomez and Krugers, 2024",1,Mix behaviors,t_030s,0.0,30.0,0.5
69.2,ELS,"Sanguino-Gomez and Krugers, 2024",1,Mix behaviors,t_060s,1.2,60.0,1.0
69.2,ELS,"Sanguino-Gomez and Krugers, 2024",1,Mix behaviors,t_090s,3.0666666666666664,90.0,1.5
69.2,ELS,"Sanguino-Gomez and Krugers, 2024",1,Mix behaviors,t_120s,1.7333333333333332,120.0,2.0
69.2,ELS,"Sanguino-Gomez and Krugers, 2024",1,Mix behaviors,t_150s,0.0,150.0,2.5
69.2,ELS,"Sanguino-Gomez and Krugers, 2024",1,Mix behaviors,t_180s,3.7333333333333334,180.0,3.0
69.2,ELS,"Sanguino-Gomez and Krugers, 2024",1,Mix behaviors,t_210s,1.3333333333333337,210.0,3.5
69.2,ELS,"Sanguino-Gomez and Krugers, 2024",1,Mix behaviors,t_240s,14.8,240.0,4.0
69.2,ELS,"Sanguino-Gomez and Krugers, 2024",1,Mix behaviors,t_270s,1.2,270.0,4.5
69.2,ELS,"Sanguino-Gomez and Krugers, 2024",1,Mix behaviors,t_300s,0.0,300.0,5.0
69.2,ELS,"Sanguino-Gomez and Krugers, 2024",1,Mix behaviors,t_330s,6.0,330.0,5.5
69.2,ELS,"Sanguino-Gomez and Krugers, 2024",1,Mix behaviors,t_360s,2.8000000000000003,360.0,6.0
69.2,ELS,"Sanguino-Gomez and Krugers, 2024",1,Mix behaviors,t_390s,0.0,390.0,6.5
69.2,ELS,"Sanguino-Gomez and Krugers, 2024",1,Mix behaviors,t_420s,20.666666666666668,420.0,7.0
69.2,ELS,"Sanguino-Gomez and Krugers, 2024",1,Mix behaviors,t_450s,7.6,450.0,7.5
69.3,ELS,"Sanguino-Gomez and Krugers, 2024",1,Inaccurate tracking,t_030s,5.733333333333333,30.0,0.5
69.3,ELS,"Sanguino-Gomez and Krugers, 2024",1,Inaccurate tracking,t_060s,13.333333333333334,60.0,1.0
69.3,ELS,"Sanguino-Gomez and Krugers, 2024",1,Inaccurate tracking,t_090s,22.666666666666668,90.0,1.5
69.3,ELS,"Sanguino-Gomez and Krugers, 2024",1,Inaccurate tracking,t_120s,33.46666666666667,120.0,2.0
69.3,ELS,"Sanguino-Gomez and Krugers, 2024",1,Inaccurate tracking,t_150s,19.46666666666667,150.0,2.5
69.3,ELS,"Sanguino-Gomez and Krugers, 2024",1,Inaccurate tracking,t_180s,16.0,180.0,3.0
69.3,ELS,"Sanguino-Gomez and Krugers, 2024",1,Inaccurate tracking,t_210s,11.066666666666668,210.0,3.5
69.3,ELS,"Sanguino-Gomez and Krugers, 2024",1,Inaccurate tracking,t_240s,22.533333333333335,240.0,4.0
69.3,ELS,"Sanguino-Gomez and Krugers, 2024",1,Inaccurate tracking,t_270s,16.400000000000002,270.0,4.5
69.3,ELS,"Sanguino-Gomez and Krugers, 2024",1,Inaccurate tracking,t_300s,22.4,300.0,5.0
69.3,ELS,"Sanguino-Gomez and Krugers, 2024",1,Inaccurate tracking,t_330s,3.0666666666666664,330.0,5.5
69.3,ELS,"Sanguino-Gomez and Krugers, 2024",1,Inaccurate tracking,t_360s,2.1333333333333333,360.0,6.0
69.3,ELS,"Sanguino-Gomez and Krugers, 2024",1,Inaccurate tracking,t_390s,2.1333333333333333,390.0,6.5
69.3,ELS,"Sanguino-Gomez and Krugers, 2024",1,Inaccurate tracking,t_420s,0.4,420.0,7.0
69.3,ELS,"Sanguino-Gomez and Krugers, 2024",1,Inaccurate tracking,t_450s,4.666666666666667,450.0,7.5
69.3,ELS,"Sanguino-Gomez and Krugers, 2024",1,Mix behaviors,t_030s,5.2,30.0,0.5
69.3,ELS,"Sanguino-Gomez and Krugers, 2024",1,Mix behaviors,t_060s,16.8,60.0,1.0
69.3,ELS,"Sanguino-Gomez and Krugers, 2024",1,Mix behaviors,t_090s,0.6666666666666667,90.0,1.5
69.3,ELS,"Sanguino-Gomez and Krugers, 2024",1,Mix behaviors,t_120s,20.4,120.0,2.0
69.3,ELS,"Sanguino-Gomez and Krugers, 2024",1,Mix behaviors,t_150s,10.266666666666667,150.0,2.5
69.3,ELS,"Sanguino-Gomez and Krugers, 2024",1,Mix behaviors,t_180s,0.0,180.0,3.0
69.3,ELS,"Sanguino-Gomez and Krugers, 2024",1,Mix behaviors,t_210s,0.5333333333333333,210.0,3.5
69.3,ELS,"Sanguino-Gomez and Krugers, 2024",1,Mix behaviors,t_240s,3.333333333333333,240.0,4.0
69.3,ELS,"Sanguino-Gomez and Krugers, 2024",1,Mix behaviors,t_270s,15.733333333333334,270.0,4.5
69.3,ELS,"Sanguino-Gomez and Krugers, 2024",1,Mix behaviors,t_300s,1.7333333333333332,300.0,5.0
69.3,ELS,"Sanguino-Gomez and Krugers, 2024",1,Mix behaviors,t_330s,0.0,330.0,5.5
69.3,ELS,"Sanguino-Gomez and Krugers, 2024",1,Mix behaviors,t_360s,13.333333333333334,360.0,6.0
69.3,ELS,"Sanguino-Gomez and Krugers, 2024",1,Mix behaviors,t_390s,0.0,390.0,6.5
69.3,ELS,"Sanguino-Gomez and Krugers, 2024",1,Mix behaviors,t_420s,7.7333333333333325,420.0,7.0
69.3,ELS,"Sanguino-Gomez and Krugers, 2024",1,Mix behaviors,t_450s,5.2,450.0,7.5
69.5,ELS,"Sanguino-Gomez and Krugers, 2024",1,Inaccurate tracking,t_030s,12.8,30.0,0.5
69.5,ELS,"Sanguino-Gomez and Krugers, 2024",1,Inaccurate tracking,t_060s,31.46666666666667,60.0,1.0
69.5,ELS,"Sanguino-Gomez and Krugers, 2024",1,Inaccurate tracking,t_090s,7.866666666666667,90.0,1.5
69.5,ELS,"Sanguino-Gomez and Krugers, 2024",1,Inaccurate tracking,t_120s,25.599999999999998,120.0,2.0
69.5,ELS,"Sanguino-Gomez and Krugers, 2024",1,Inaccurate tracking,t_150s,25.066666666666666,150.0,2.5
69.5,ELS,"Sanguino-Gomez and Krugers, 2024",1,Inaccurate tracking,t_180s,7.466666666666667,180.0,3.0
69.5,ELS,"Sanguino-Gomez and Krugers, 2024",1,Inaccurate tracking,t_210s,12.533333333333333,210.0,3.5
69.5,ELS,"Sanguino-Gomez and Krugers, 2024",1,Inaccurate tracking,t_240s,0.2666666666666666,240.0,4.0
69.5,ELS,"Sanguino-Gomez and Krugers, 2024",1,Inaccurate tracking,t_270s,0.2666666666666666,270.0,4.5
69.5,ELS,"Sanguino-Gomez and Krugers, 2024",1,Inaccurate tracking,t_300s,15.466666666666669,300.0,5.0
69.5,ELS,"Sanguino-Gomez and Krugers, 2024",1,Inaccurate tracking,t_330s,1.2000000000000002,330.0,5.5
69.5,ELS,"Sanguino-Gomez and Krugers, 2024",1,Inaccurate tracking,t_360s,0.0,360.0,6.0
69.5,ELS,"Sanguino-Gomez and Krugers, 2024",1,Inaccurate tracking,t_390s,2.0,390.0,6.5
69.5,ELS,"Sanguino-Gomez and Krugers, 2024",1,Inaccurate tracking,t_420s,6.3999999999999995,420.0,7.0
69.5,ELS,"Sanguino-Gomez and Krugers, 2024",1,Inaccurate tracking,t_450s,0.5333333333333333,450.0,7.5
69.5,ELS,"Sanguino-Gomez and Krugers, 2024",1,Mix behaviors,t_030s,3.1999999999999997,30.0,0.5
69.5,ELS,"Sanguino-Gomez and Krugers, 2024",1,Mix behaviors,t_060s,2.8,60.0,1.0
69.5,ELS,"Sanguino-Gomez and Krugers, 2024",1,Mix behaviors,t_090s,6.4,90.0,1.5
69.5,ELS,"Sanguino-Gomez and Krugers, 2024",1,Mix behaviors,t_120s,2.2666666666666666,120.0,2.0
69.5,ELS,"Sanguino-Gomez and Krugers, 2024",1,Mix behaviors,t_150s,2.4,150.0,2.5
69.5,ELS,"Sanguino-Gomez and Krugers, 2024",1,Mix behaviors,t_180s,7.2,180.0,3.0
69.5,ELS,"Sanguino-Gomez and Krugers, 2024",1,Mix behaviors,t_210s,1.7333333333333336,210.0,3.5
69.5,ELS,"Sanguino-Gomez and Krugers, 2024",1,Mix behaviors,t_240s,2.533333333333333,240.0,4.0
69.5,ELS,"Sanguino-Gomez and Krugers, 2024",1,Mix behaviors,t_270s,14.133333333333336,270.0,4.5
69.5,ELS,"Sanguino-Gomez and Krugers, 2024",1,Mix behaviors,t_300s,0.0,300.0,5.0
69.5,ELS,"Sanguino-Gomez and Krugers, 2024",1,Mix behaviors,t_330s,0.2666666666666666,330.0,5.5
69.5,ELS,"Sanguino-Gomez and Krugers, 2024",1,Mix behaviors,t_360s,55.2,360.0,6.0
69.5,ELS,"Sanguino-Gomez and Krugers, 2024",1,Mix behaviors,t_390s,7.733333333333333,390.0,6.5
69.5,ELS,"Sanguino-Gomez and Krugers, 2024",1,Mix behaviors,t_420s,23.466666666666665,420.0,7.0
69.5,ELS,"Sanguino-Gomez and Krugers, 2024",1,Mix behaviors,t_450s,1.3333333333333337,450.0,7.5
73.1,ELS,"Sanguino-Gomez and Krugers, 2024",1,Inaccurate tracking,t_030s,8.133333333333333,30.0,0.5
73.1,ELS,"Sanguino-Gomez and Krugers, 2024",1,Inaccurate tracking,t_060s,0.0,60.0,1.0
73.1,ELS,"Sanguino-Gomez and Krugers, 2024",1,Inaccurate tracking,t_090s,7.333333333333333,90.0,1.5
73.1,ELS,"Sanguino-Gomez and Krugers, 2024",1,Inaccurate tracking,t_120s,0.0,120.0,2.0
73.1,ELS,"Sanguino-Gomez and Krugers, 2024",1,Inaccurate tracking,t_150s,0.0,150.0,2.5
73.1,ELS,"Sanguino-Gomez and Krugers, 2024",1,Inaccurate tracking,t_180s,0.5333333333333333,180.0,3.0
73.1,ELS,"Sanguino-Gomez and Krugers, 2024",1,Inaccurate tracking,t_210s,6.0,210.0,3.5
73.1,ELS,"Sanguino-Gomez and Krugers, 2024",1,Inaccurate tracking,t_240s,0.0,240.0,4.0
73.1,ELS,"Sanguino-Gomez and Krugers, 2024",1,Inaccurate tracking,t_270s,8.266666666666666,270.0,4.5
73.1,ELS,"Sanguino-Gomez and Krugers, 2024",1,Inaccurate tracking,t_300s,7.866666666666666,300.0,5.0
73.1,ELS,"Sanguino-Gomez and Krugers, 2024",1,Inaccurate tracking,t_330s,0.0,330.0,5.5
73.1,ELS,"Sanguino-Gomez and Krugers, 2024",1,Inaccurate tracking,t_360s,0.0,360.0,6.0
73.1,ELS,"Sanguino-Gomez and Krugers, 2024",1,Inaccurate tracking,t_390s,0.2666666666666666,390.0,6.5
73.1,ELS,"Sanguino-Gomez and Krugers, 2024",1,Inaccurate tracking,t_420s,0.8,420.0,7.0
73.1,ELS,"Sanguino-Gomez and Krugers, 2024",1,Inaccurate tracking,t_450s,0.0,450.0,7.5
73.1,ELS,"Sanguino-Gomez and Krugers, 2024",1,Mix behaviors,t_030s,1.6,30.0,0.5
73.1,ELS,"Sanguino-Gomez and Krugers, 2024",1,Mix behaviors,t_060s,6.133333333333333,60.0,1.0
73.1,ELS,"Sanguino-Gomez and Krugers, 2024",1,Mix behaviors,t_090s,2.666666666666667,90.0,1.5
73.1,ELS,"Sanguino-Gomez and Krugers, 2024",1,Mix behaviors,t_120s,11.333333333333332,120.0,2.0
73.1,ELS,"Sanguino-Gomez and Krugers, 2024",1,Mix behaviors,t_150s,12.533333333333331,150.0,2.5
73.1,ELS,"Sanguino-Gomez and Krugers, 2024",1,Mix behaviors,t_180s,9.866666666666667,180.0,3.0
73.1,ELS,"Sanguino-Gomez and Krugers, 2024",1,Mix behaviors,t_210s,10.666666666666668,210.0,3.5
73.1,ELS,"Sanguino-Gomez and Krugers, 2024",1,Mix behaviors,t_240s,8.533333333333333,240.0,4.0
73.1,ELS,"Sanguino-Gomez and Krugers, 2024",1,Mix behaviors,t_270s,0.0,270.0,4.5
73.1,ELS,"Sanguino-Gomez and Krugers, 2024",1,Mix behaviors,t_300s,0.9333333333333336,300.0,5.0
73.1,ELS,"Sanguino-Gomez and Krugers, 2024",1,Mix behaviors,t_330s,0.0,330.0,5.5
73.1,ELS,"Sanguino-Gomez and Krugers, 2024",1,Mix behaviors,t_360s,23.066666666666663,360.0,6.0
73.1,ELS,"Sanguino-Gomez and Krugers, 2024",1,Mix behaviors,t_390s,25.2,390.0,6.5
73.1,ELS,"Sanguino-Gomez and Krugers, 2024",1,Mix behaviors,t_420s,11.2,420.0,7.0
73.1,ELS,"Sanguino-Gomez and Krugers, 2024",1,Mix behaviors,t_450s,8.266666666666666,450.0,7.5
73.4,ELS,"Sanguino-Gomez and Krugers, 2024",1,Inaccurate tracking,t_030s,2.4,30.0,0.5
73.4,ELS,"Sanguino-Gomez and Krugers, 2024",1,Inaccurate tracking,t_060s,5.866666666666666,60.0,1.0
73.4,ELS,"Sanguino-Gomez and Krugers, 2024",1,Inaccurate tracking,t_090s,24.4,90.0,1.5
73.4,ELS,"Sanguino-Gomez and Krugers, 2024",1,Inaccurate tracking,t_120s,3.0666666666666664,120.0,2.0
73.4,ELS,"Sanguino-Gomez and Krugers, 2024",1,Inaccurate tracking,t_150s,16.666666666666668,150.0,2.5
73.4,ELS,"Sanguino-Gomez and Krugers, 2024",1,Inaccurate tracking,t_180s,10.933333333333334,180.0,3.0
73.4,ELS,"Sanguino-Gomez and Krugers, 2024",1,Inaccurate tracking,t_210s,3.0666666666666664,210.0,3.5
73.4,ELS,"Sanguino-Gomez and Krugers, 2024",1,Inaccurate tracking,t_240s,0.5333333333333333,240.0,4.0
73.4,ELS,"Sanguino-Gomez and Krugers, 2024",1,Inaccurate tracking,t_270s,0.0,270.0,4.5
73.4,ELS,"Sanguino-Gomez and Krugers, 2024",1,Inaccurate tracking,t_300s,6.666666666666667,300.0,5.0
73.4,ELS,"Sanguino-Gomez and Krugers, 2024",1,Inaccurate tracking,t_330s,8.266666666666666,330.0,5.5
73.4,ELS,"Sanguino-Gomez and Krugers, 2024",1,Inaccurate tracking,t_360s,0.0,360.0,6.0
73.4,ELS,"Sanguino-Gomez and Krugers, 2024",1,Inaccurate tracking,t_390s,0.0,390.0,6.5
73.4,ELS,"Sanguino-Gomez and Krugers, 2024",1,Inaccurate tracking,t_420s,0.8,420.0,7.0
73.4,ELS,"Sanguino-Gomez and Krugers, 2024",1,Inaccurate tracking,t_450s,0.0,450.0,7.5
73.4,ELS,"Sanguino-Gomez and Krugers, 2024",1,Mix behaviors,t_030s,12.133333333333333,30.0,0.5
73.4,ELS,"Sanguino-Gomez and Krugers, 2024",1,Mix behaviors,t_060s,0.6666666666666667,60.0,1.0
73.4,ELS,"Sanguino-Gomez and Krugers, 2024",1,Mix behaviors,t_090s,6.0,90.0,1.5
73.4,ELS,"Sanguino-Gomez and Krugers, 2024",1,Mix behaviors,t_120s,11.333333333333334,120.0,2.0
73.4,ELS,"Sanguino-Gomez and Krugers, 2024",1,Mix behaviors,t_150s,0.9333333333333336,150.0,2.5
73.4,ELS,"Sanguino-Gomez and Krugers, 2024",1,Mix behaviors,t_180s,6.0,180.0,3.0
73.4,ELS,"Sanguino-Gomez and Krugers, 2024",1,Mix behaviors,t_210s,4.133333333333334,210.0,3.5
73.4,ELS,"Sanguino-Gomez and Krugers, 2024",1,Mix behaviors,t_240s,0.0,240.0,4.0
73.4,ELS,"Sanguino-Gomez and Krugers, 2024",1,Mix behaviors,t_270s,0.0,270.0,4.5
73.4,ELS,"Sanguino-Gomez and Krugers, 2024",1,Mix behaviors,t_300s,20.799999999999997,300.0,5.0
73.4,ELS,"Sanguino-Gomez and Krugers, 2024",1,Mix behaviors,t_330s,22.8,330.0,5.5
73.4,ELS,"Sanguino-Gomez and Krugers, 2024",1,Mix behaviors,t_360s,17.733333333333334,360.0,6.0
73.4,ELS,"Sanguino-Gomez and Krugers, 2024",1,Mix behaviors,t_390s,0.6666666666666667,390.0,6.5
73.4,ELS,"Sanguino-Gomez and Krugers, 2024",1,Mix behaviors,t_420s,1.866666666666667,420.0,7.0
73.4,ELS,"Sanguino-Gomez and Krugers, 2024",1,Mix behaviors,t_450s,0.0,450.0,7.5
74.1,Control,"Sanguino-Gomez and Krugers, 2024",1,Inaccurate tracking,t_030s,9.600000000000001,30.0,0.5
74.1,Control,"Sanguino-Gomez and Krugers, 2024",1,Inaccurate tracking,t_060s,0.0,60.0,1.0
74.1,Control,"Sanguino-Gomez and Krugers, 2024",1,Inaccurate tracking,t_090s,12.933333333333334,90.0,1.5
74.1,Control,"Sanguino-Gomez and Krugers, 2024",1,Inaccurate tracking,t_120s,7.066666666666667,120.0,2.0
74.1,Control,"Sanguino-Gomez and Krugers, 2024",1,Inaccurate tracking,t_150s,0.0,150.0,2.5
74.1,Control,"Sanguino-Gomez and Krugers, 2024",1,Inaccurate tracking,t_180s,11.866666666666667,180.0,3.0
74.1,Control,"Sanguino-Gomez and Krugers, 2024",1,Inaccurate tracking,t_210s,38.133333333333326,210.0,3.5
74.1,Control,"Sanguino-Gomez and Krugers, 2024",1,Inaccurate tracking,t_240s,0.6666666666666667,240.0,4.0
74.1,Control,"Sanguino-Gomez and Krugers, 2024",1,Inaccurate tracking,t_270s,0.0,270.0,4.5
74.1,Control,"Sanguino-Gomez and Krugers, 2024",1,Inaccurate tracking,t_300s,9.733333333333333,300.0,5.0
74.1,Control,"Sanguino-Gomez and Krugers, 2024",1,Inaccurate tracking,t_330s,6.133333333333333,330.0,5.5
74.1,Control,"Sanguino-Gomez and Krugers, 2024",1,Inaccurate tracking,t_360s,6.133333333333333,360.0,6.0
74.1,Control,"Sanguino-Gomez and Krugers, 2024",1,Inaccurate tracking,t_390s,2.933333333333333,390.0,6.5
74.1,Control,"Sanguino-Gomez and Krugers, 2024",1,Inaccurate tracking,t_420s,0.6666666666666667,420.0,7.0
74.1,Control,"Sanguino-Gomez and Krugers, 2024",1,Inaccurate tracking,t_450s,2.666666666666667,450.0,7.5
74.1,Control,"Sanguino-Gomez and Krugers, 2024",1,Mix behaviors,t_030s,1.2,30.0,0.5
74.1,Control,"Sanguino-Gomez and Krugers, 2024",1,Mix behaviors,t_060s,27.866666666666664,60.0,1.0
74.1,Control,"Sanguino-Gomez and Krugers, 2024",1,Mix behaviors,t_090s,3.6,90.0,1.5
74.1,Control,"Sanguino-Gomez and Krugers, 2024",1,Mix behaviors,t_120s,2.533333333333333,120.0,2.0
74.1,Control,"Sanguino-Gomez and Krugers, 2024",1,Mix behaviors,t_150s,19.866666666666667,150.0,2.5
74.1,Control,"Sanguino-Gomez and Krugers, 2024",1,Mix behaviors,t_180s,3.2000000000000006,180.0,3.0
74.1,Control,"Sanguino-Gomez and Krugers, 2024",1,Mix behaviors,t_210s,0.0,210.0,3.5
74.1,Control,"Sanguino-Gomez and Krugers, 2024",1,Mix behaviors,t_240s,0.0,240.0,4.0
74.1,Control,"Sanguino-Gomez and Krugers, 2024",1,Mix behaviors,t_270s,0.6666666666666667,270.0,4.5
74.1,Control,"Sanguino-Gomez and Krugers, 2024",1,Mix behaviors,t_300s,12.266666666666667,300.0,5.0
74.1,Control,"Sanguino-Gomez and Krugers, 2024",1,Mix behaviors,t_330s,3.333333333333333,330.0,5.5
74.1,Control,"Sanguino-Gomez and Krugers, 2024",1,Mix behaviors,t_360s,12.933333333333334,360.0,6.0
74.1,Control,"Sanguino-Gomez and Krugers, 2024",1,Mix behaviors,t_390s,0.2666666666666666,390.0,6.5
74.1,Control,"Sanguino-Gomez and Krugers, 2024",1,Mix behaviors,t_420s,5.2,420.0,7.0
74.1,Control,"Sanguino-Gomez and Krugers, 2024",1,Mix behaviors,t_450s,1.2,450.0,7.5
75.1,ELS,"Sanguino-Gomez and Krugers, 2024",1,Inaccurate tracking,t_030s,13.733333333333334,30.0,0.5
75.1,ELS,"Sanguino-Gomez and Krugers, 2024",1,Inaccurate tracking,t_060s,28.400000000000002,60.0,1.0
75.1,ELS,"Sanguino-Gomez and Krugers, 2024",1,Inaccurate tracking,t_090s,22.666666666666664,90.0,1.5
75.1,ELS,"Sanguino-Gomez and Krugers, 2024",1,Inaccurate tracking,t_120s,23.999999999999996,120.0,2.0
75.1,ELS,"Sanguino-Gomez and Krugers, 2024",1,Inaccurate tracking,t_150s,28.133333333333333,150.0,2.5
75.1,ELS,"Sanguino-Gomez and Krugers, 2024",1,Inaccurate tracking,t_180s,26.799999999999997,180.0,3.0
75.1,ELS,"Sanguino-Gomez and Krugers, 2024",1,Inaccurate tracking,t_210s,37.199999999999996,210.0,3.5
75.1,ELS,"Sanguino-Gomez and Krugers, 2024",1,Inaccurate tracking,t_240s,0.0,240.0,4.0
75.1,ELS,"Sanguino-Gomez and Krugers, 2024",1,Inaccurate tracking,t_270s,19.066666666666663,270.0,4.5
75.1,ELS,"Sanguino-Gomez and Krugers, 2024",1,Inaccurate tracking,t_300s,5.6,300.0,5.0
75.1,ELS,"Sanguino-Gomez and Krugers, 2024",1,Inaccurate tracking,t_330s,6.0,330.0,5.5
75.1,ELS,"Sanguino-Gomez and Krugers, 2024",1,Inaccurate tracking,t_360s,0.0,360.0,6.0
75.1,ELS,"Sanguino-Gomez and Krugers, 2024",1,Inaccurate tracking,t_390s,4.000000000000001,390.0,6.5
75.1,ELS,"Sanguino-Gomez and Krugers, 2024",1,Inaccurate tracking,t_420s,0.4,420.0,7.0
75.1,ELS,"Sanguino-Gomez and Krugers, 2024",1,Inaccurate tracking,t_450s,17.066666666666666,450.0,7.5
75.1,ELS,"Sanguino-Gomez and Krugers, 2024",1,Mix behaviors,t_030s,8.0,30.0,0.5
75.1,ELS,"Sanguino-Gomez and Krugers, 2024",1,Mix behaviors,t_060s,4.933333333333334,60.0,1.0
75.1,ELS,"Sanguino-Gomez and Krugers, 2024",1,Mix behaviors,t_090s,9.733333333333333,90.0,1.5
75.1,ELS,"Sanguino-Gomez and Krugers, 2024",1,Mix behaviors,t_120s,3.6,120.0,2.0
75.1,ELS,"Sanguino-Gomez and Krugers, 2024",1,Mix behaviors,t_150s,0.0,150.0,2.5
75.1,ELS,"Sanguino-Gomez and Krugers, 2024",1,Mix behaviors,t_180s,10.666666666666664,180.0,3.0
75.1,ELS,"Sanguino-Gomez and Krugers, 2024",1,Mix behaviors,t_210s,0.0,210.0,3.5
75.1,ELS,"Sanguino-Gomez and Krugers, 2024",1,Mix behaviors,t_240s,13.733333333333333,240.0,4.0
75.1,ELS,"Sanguino-Gomez and Krugers, 2024",1,Mix behaviors,t_270s,0.0,270.0,4.5
75.1,ELS,"Sanguino-Gomez and Krugers, 2024",1,Mix behaviors,t_300s,4.533333333333333,300.0,5.0
75.1,ELS,"Sanguino-Gomez and Krugers, 2024",1,Mix behaviors,t_330s,8.933333333333334,330.0,5.5
75.1,ELS,"Sanguino-Gomez and Krugers, 2024",1,Mix behaviors,t_360s,2.8,360.0,6.0
75.1,ELS,"Sanguino-Gomez and Krugers, 2024",1,Mix behaviors,t_390s,1.7333333333333336,390.0,6.5
75.1,ELS,"Sanguino-Gomez and Krugers, 2024",1,Mix behaviors,t_420s,12.133333333333335,420.0,7.0
75.1,ELS,"Sanguino-Gomez and Krugers, 2024",1,Mix behaviors,t_450s,9.466666666666669,450.0,7.5
80.3,Control,"Sanguino-Gomez and Krugers, 2024",1,Inaccurate tracking,t_030s,14.8,30.0,0.5
80.3,Control,"Sanguino-Gomez and Krugers, 2024",1,Inaccurate tracking,t_060s,0.0,60.0,1.0
80.3,Control,"Sanguino-Gomez and Krugers, 2024",1,Inaccurate tracking,t_090s,6.266666666666667,90.0,1.5
80.3,Control,"Sanguino-Gomez and Krugers, 2024",1,Inaccurate tracking,t_120s,17.46666666666667,120.0,2.0
80.3,Control,"Sanguino-Gomez and Krugers, 2024",1,Inaccurate tracking,t_150s,24.26666666666667,150.0,2.5
80.3,Control,"Sanguino-Gomez and Krugers, 2024",1,Inaccurate tracking,t_180s,7.733333333333333,180.0,3.0
80.3,Control,"Sanguino-Gomez and Krugers, 2024",1,Inaccurate tracking,t_210s,22.53333333333333,210.0,3.5
80.3,Control,"Sanguino-Gomez and Krugers, 2024",1,Inaccurate tracking,t_240s,3.466666666666667,240.0,4.0
80.3,Control,"Sanguino-Gomez and Krugers, 2024",1,Inaccurate tracking,t_270s,0.0,270.0,4.5
80.3,Control,"Sanguino-Gomez and Krugers, 2024",1,Inaccurate tracking,t_300s,0.0,300.0,5.0
80.3,Control,"Sanguino-Gomez and Krugers, 2024",1,Inaccurate tracking,t_330s,10.0,330.0,5.5
80.3,Control,"Sanguino-Gomez and Krugers, 2024",1,Inaccurate tracking,t_360s,0.0,360.0,6.0
80.3,Control,"Sanguino-Gomez and Krugers, 2024",1,Inaccurate tracking,t_390s,0.0,390.0,6.5
80.3,Control,"Sanguino-Gomez and Krugers, 2024",1,Inaccurate tracking,t_420s,8.133333333333335,420.0,7.0
80.3,Control,"Sanguino-Gomez and Krugers, 2024",1,Inaccurate tracking,t_450s,0.0,450.0,7.5
80.3,Control,"Sanguino-Gomez and Krugers, 2024",1,Mix behaviors,t_030s,0.0,30.0,0.5
80.3,Control,"Sanguino-Gomez and Krugers, 2024",1,Mix behaviors,t_060s,0.5333333333333333,60.0,1.0
80.3,Control,"Sanguino-Gomez and Krugers, 2024",1,Mix behaviors,t_090s,7.733333333333333,90.0,1.5
80.3,Control,"Sanguino-Gomez and Krugers, 2024",1,Mix behaviors,t_120s,0.1333333333333333,120.0,2.0
80.3,Control,"Sanguino-Gomez and Krugers, 2024",1,Mix behaviors,t_150s,0.0,150.0,2.5
80.3,Control,"Sanguino-Gomez and Krugers, 2024",1,Mix behaviors,t_180s,0.9333333333333336,180.0,3.0
80.3,Control,"Sanguino-Gomez and Krugers, 2024",1,Mix behaviors,t_210s,2.4000000000000004,210.0,3.5
80.3,Control,"Sanguino-Gomez and Krugers, 2024",1,Mix behaviors,t_240s,5.466666666666667,240.0,4.0
80.3,Control,"Sanguino-Gomez and Krugers, 2024",1,Mix behaviors,t_270s,32.0,270.0,4.5
80.3,Control,"Sanguino-Gomez and Krugers, 2024",1,Mix behaviors,t_300s,0.0,300.0,5.0
80.3,Control,"Sanguino-Gomez and Krugers, 2024",1,Mix behaviors,t_330s,7.466666666666668,330.0,5.5
80.3,Control,"Sanguino-Gomez and Krugers, 2024",1,Mix behaviors,t_360s,95.06666666666666,360.0,6.0
80.3,Control,"Sanguino-Gomez and Krugers, 2024",1,Mix behaviors,t_390s,7.866666666666666,390.0,6.5
80.3,Control,"Sanguino-Gomez and Krugers, 2024",1,Mix behaviors,t_420s,13.333333333333332,420.0,7.0
80.3,Control,"Sanguino-Gomez and Krugers, 2024",1,Mix behaviors,t_450s,33.86666666666667,450.0,7.5
88.2,ELS,"Sanguino-Gomez and Krugers, 2024",1,Inaccurate tracking,t_030s,21.73333333333333,30.0,0.5
88.2,ELS,"Sanguino-Gomez and Krugers, 2024",1,Inaccurate tracking,t_060s,33.86666666666667,60.0,1.0
88.2,ELS,"Sanguino-Gomez and Krugers, 2024",1,Inaccurate tracking,t_090s,12.933333333333334,90.0,1.5
88.2,ELS,"Sanguino-Gomez and Krugers, 2024",1,Inaccurate tracking,t_120s,23.866666666666664,120.0,2.0
88.2,ELS,"Sanguino-Gomez and Krugers, 2024",1,Inaccurate tracking,t_150s,42.66666666666667,150.0,2.5
88.2,ELS,"Sanguino-Gomez and Krugers, 2024",1,Inaccurate tracking,t_180s,33.733333333333334,180.0,3.0
88.2,ELS,"Sanguino-Gomez and Krugers, 2024",1,Inaccurate tracking,t_210s,19.46666666666667,210.0,3.5
88.2,ELS,"Sanguino-Gomez and Krugers, 2024",1,Inaccurate tracking,t_240s,18.0,240.0,4.0
88.2,ELS,"Sanguino-Gomez and Krugers, 2024",1,Inaccurate tracking,t_270s,11.6,270.0,4.5
88.2,ELS,"Sanguino-Gomez and Krugers, 2024",1,Inaccurate tracking,t_300s,10.4,300.0,5.0
88.2,ELS,"Sanguino-Gomez and Krugers, 2024",1,Inaccurate tracking,t_330s,5.333333333333334,330.0,5.5
88.2,ELS,"Sanguino-Gomez and Krugers, 2024",1,Inaccurate tracking,t_360s,2.2666666666666666,360.0,6.0
88.2,ELS,"Sanguino-Gomez and Krugers, 2024",1,Inaccurate tracking,t_390s,0.0,390.0,6.5
88.2,ELS,"Sanguino-Gomez and Krugers, 2024",1,Inaccurate tracking,t_420s,5.066666666666667,420.0,7.0
88.2,ELS,"Sanguino-Gomez and Krugers, 2024",1,Inaccurate tracking,t_450s,7.866666666666666,450.0,7.5
88.2,ELS,"Sanguino-Gomez and Krugers, 2024",1,Mix behaviors,t_030s,4.133333333333333,30.0,0.5
88.2,ELS,"Sanguino-Gomez and Krugers, 2024",1,Mix behaviors,t_060s,1.0666666666666669,60.0,1.0
88.2,ELS,"Sanguino-Gomez and Krugers, 2024",1,Mix behaviors,t_090s,8.133333333333333,90.0,1.5
88.2,ELS,"Sanguino-Gomez and Krugers, 2024",1,Mix behaviors,t_120s,0.0,120.0,2.0
88.2,ELS,"Sanguino-Gomez and Krugers, 2024",1,Mix behaviors,t_150s,4.933333333333334,150.0,2.5
88.2,ELS,"Sanguino-Gomez and Krugers, 2024",1,Mix behaviors,t_180s,8.4,180.0,3.0
88.2,ELS,"Sanguino-Gomez and Krugers, 2024",1,Mix behaviors,t_210s,9.466666666666667,210.0,3.5
88.2,ELS,"Sanguino-Gomez and Krugers, 2024",1,Mix behaviors,t_240s,10.0,240.0,4.0
88.2,ELS,"Sanguino-Gomez and Krugers, 2024",1,Mix behaviors,t_270s,0.0,270.0,4.5
88.2,ELS,"Sanguino-Gomez and Krugers, 2024",1,Mix behaviors,t_300s,0.0,300.0,5.0
88.2,ELS,"Sanguino-Gomez and Krugers, 2024",1,Mix behaviors,t_330s,2.666666666666667,330.0,5.5
88.2,ELS,"Sanguino-Gomez and Krugers, 2024",1,Mix behaviors,t_360s,2.2666666666666666,360.0,6.0
88.2,ELS,"Sanguino-Gomez and Krugers, 2024",1,Mix behaviors,t_390s,5.6000000000000005,390.0,6.5
88.2,ELS,"Sanguino-Gomez and Krugers, 2024",1,Mix behaviors,t_420s,2.0,420.0,7.0
88.2,ELS,"Sanguino-Gomez and Krugers, 2024",1,Mix behaviors,t_450s,0.0,450.0,7.5
88.3,ELS,"Sanguino-Gomez and Krugers, 2024",1,Inaccurate tracking,t_030s,9.466666666666665,30.0,0.5
88.3,ELS,"Sanguino-Gomez and Krugers, 2024",1,Inaccurate tracking,t_060s,30.133333333333333,60.0,1.0
88.3,ELS,"Sanguino-Gomez and Krugers, 2024",1,Inaccurate tracking,t_090s,22.133333333333333,90.0,1.5
88.3,ELS,"Sanguino-Gomez and Krugers, 2024",1,Inaccurate tracking,t_120s,16.799999999999997,120.0,2.0
88.3,ELS,"Sanguino-Gomez and Krugers, 2024",1,Inaccurate tracking,t_150s,9.066666666666666,150.0,2.5
88.3,ELS,"Sanguino-Gomez and Krugers, 2024",1,Inaccurate tracking,t_180s,11.466666666666667,180.0,3.0
88.3,ELS,"Sanguino-Gomez and Krugers, 2024",1,Inaccurate tracking,t_210s,8.666666666666668,210.0,3.5
88.3,ELS,"Sanguino-Gomez and Krugers, 2024",1,Inaccurate tracking,t_240s,3.066666666666667,240.0,4.0
88.3,ELS,"Sanguino-Gomez and Krugers, 2024",1,Inaccurate tracking,t_270s,4.4,270.0,4.5
88.3,ELS,"Sanguino-Gomez and Krugers, 2024",1,Inaccurate tracking,t_300s,21.599999999999998,300.0,5.0
88.3,ELS,"Sanguino-Gomez and Krugers, 2024",1,Inaccurate tracking,t_330s,6.933333333333334,330.0,5.5
88.3,ELS,"Sanguino-Gomez and Krugers, 2024",1,Inaccurate tracking,t_360s,0.0,360.0,6.0
88.3,ELS,"Sanguino-Gomez and Krugers, 2024",1,Inaccurate tracking,t_390s,0.0,390.0,6.5
88.3,ELS,"Sanguino-Gomez and Krugers, 2024",1,Inaccurate tracking,t_420s,6.0,420.0,7.0
88.3,ELS,"Sanguino-Gomez and Krugers, 2024",1,Inaccurate tracking,t_450s,0.0,450.0,7.5
88.3,ELS,"Sanguino-Gomez and Krugers, 2024",1,Mix behaviors,t_030s,1.866666666666667,30.0,0.5
88.3,ELS,"Sanguino-Gomez and Krugers, 2024",1,Mix behaviors,t_060s,7.466666666666668,60.0,1.0
88.3,ELS,"Sanguino-Gomez and Krugers, 2024",1,Mix behaviors,t_090s,2.1333333333333333,90.0,1.5
88.3,ELS,"Sanguino-Gomez and Krugers, 2024",1,Mix behaviors,t_120s,1.7333333333333332,120.0,2.0
88.3,ELS,"Sanguino-Gomez and Krugers, 2024",1,Mix behaviors,t_150s,8.0,150.0,2.5
88.3,ELS,"Sanguino-Gomez and Krugers, 2024",1,Mix behaviors,t_180s,9.066666666666666,180.0,3.0
88.3,ELS,"Sanguino-Gomez and Krugers, 2024",1,Mix behaviors,t_210s,1.4666666666666666,210.0,3.5
88.3,ELS,"Sanguino-Gomez and Krugers, 2024",1,Mix behaviors,t_240s,6.0,240.0,4.0
88.3,ELS,"Sanguino-Gomez and Krugers, 2024",1,Mix behaviors,t_270s,3.8666666666666663,270.0,4.5
88.3,ELS,"Sanguino-Gomez and Krugers, 2024",1,Mix behaviors,t_300s,10.0,300.0,5.0
88.3,ELS,"Sanguino-Gomez and Krugers, 2024",1,Mix behaviors,t_330s,3.733333333333334,330.0,5.5
88.3,ELS,"Sanguino-Gomez and Krugers, 2024",1,Mix behaviors,t_360s,12.133333333333333,360.0,6.0
88.3,ELS,"Sanguino-Gomez and Krugers, 2024",1,Mix behaviors,t_390s,0.0,390.0,6.5
88.3,ELS,"Sanguino-Gomez and Krugers, 2024",1,Mix behaviors,t_420s,8.666666666666668,420.0,7.0
88.3,ELS,"Sanguino-Gomez and Krugers, 2024",1,Mix behaviors,t_450s,0.0,450.0,7.5
