behavior,rank,feature,mean_abs_shap
Climbing,1,dist_H1R_nose_roll_std,0.28369635343551636
Climbing,2,dist_B2R_S2_roll_mean,0.23023080825805664
Climbing,3,dist_H1L_nose_roll_std,0.22232168912887573
Climbing,4,dist_H1L_H1R_roll_std,0.1996113806962967
Climbing,5,dist_B2L_B2R,0.19015657901763916
Climbing,6,dist_H1L_H1R_roll_mean,0.18295049667358398
Climbing,7,dist_H1R_H2L,0.16111432015895844
Climbing,8,dist_H1R_H2L_roll_sum,0.1416274905204773
Climbing,9,dist_H2L_H2R_roll_std,0.13899771869182587
Climbing,10,dist_B1L_H2R_roll_std,0.1173238456249237
Climbing,11,dist_B2R_B3L_roll_mean,0.08917509019374847
Climbing,12,dist_B2L_B2R_roll_mean,0.08807239681482315
Climbing,13,dist_B1R_H2L_roll_std,0.08607203513383865
Climbing,14,dist_B2R_S2,0.07840073108673096
Climbing,15,dist_B2R_S2_roll_std,0.07316805422306061
Climbing,16,dist_H2L_nose_roll_sum,0.07191311568021774
Climbing,17,dist_B2L_B3L,0.0669686421751976
Climbing,18,dist_B1R_H2R_roll_mean,0.06448476761579514
Climbing,19,dist_B2R_H2L_roll_std,0.06291938573122025
Climbing,20,dist_B1L_H2R,0.062099020928144455
Climbing,21,dist_H2L_H2R,0.05964143946766853
Climbing,22,dist_H2L_S2_roll_sum,0.059127409011125565
Climbing,23,dist_H1L_H1R,0.05786224082112312
Climbing,24,dist_B2L_B3L_roll_mean,0.05501658096909523
Climbing,25,dist_B1L_S1_roll_std,0.054672326892614365
Climbing,26,dist_B1L_H2R_roll_mean,0.05441931262612343
Climbing,27,dist_B3R_S2_roll_mean,0.0539553165435791
Climbing,28,dist_B2R_B3R,0.05360832437872887
Climbing,29,dist_H1R_nose_roll_sum,0.052861426025629044
Climbing,30,dist_B1R_B2R_roll_sum,0.05276840925216675
Climbing,31,dist_B1R_H2L,0.0525081492960453
Climbing,32,dist_S1_tail,0.051253728568553925
Climbing,33,dist_B1R_H2R,0.05098937824368477
Climbing,34,dist_H1L_H2R,0.050497666001319885
Climbing,35,nose_x_roll_std,0.04925517365336418
Climbing,36,dist_B2L_S1_roll_mean,0.04844314977526665
Climbing,37,dist_B1L_B1R,0.047166790813207626
Climbing,38,dist_H1L_H2L_roll_std,0.04708733782172203
Climbing,39,S2_x_t-1,0.04661908373236656
Climbing,40,dist_B2R_S2_roll_sum,0.04501020535826683
Climbing,41,dist_B2R_B3L,0.04496834799647331
Climbing,42,dist_B1R_B3R,0.04476160183548927
Climbing,43,S2_x,0.044331688433885574
Climbing,44,dist_B1R_B2L,0.04317062720656395
Climbing,45,dist_B3R_H1L_roll_std,0.04253062233328819
Climbing,46,dist_B2L_B2R_roll_std,0.04202982410788536
Climbing,47,dist_B3L_S1_roll_std,0.042011190205812454
Climbing,48,dist_B2R_B3R_roll_mean,0.04091349244117737
Climbing,49,dist_B1L_H1R,0.04075811803340912
Climbing,50,dist_B3L_tail_roll_std,0.0405661016702652
Climbing,51,dist_H1R_H2L_roll_mean,0.040424712002277374
Climbing,52,dist_B2R_B3L_roll_std,0.04013894870877266
Climbing,53,dist_H1L_H2L,0.039280734956264496
Climbing,54,dist_B2L_S1,0.039186879992485046
Climbing,55,dist_B3L_H2R,0.0391157902777195
Climbing,56,dist_B2L_S2,0.03836895897984505
Climbing,57,dist_B2L_B3R_roll_mean,0.03826737776398659
Climbing,58,dist_B3R_S2,0.03803246095776558
Climbing,59,B1L_velocity,0.03742784261703491
Climbing,60,tail_velocity_roll_mean,0.036865174770355225
Climbing,61,dist_B2L_B3L_roll_std,0.03669312596321106
Climbing,62,dist_B3R_tail,0.03652716428041458
Climbing,63,dist_B1L_B2R_roll_std,0.035483893007040024
Climbing,64,B1R_velocity,0.03428332880139351
Climbing,65,B3L_x,0.03406090661883354
Climbing,66,S1_y_t-4,0.03386302292346954
Climbing,67,global_body_angular_velocity,0.033380791544914246
Climbing,68,dist_H2L_nose_roll_mean,0.032962922006845474
Climbing,69,dist_B2L_B3R_roll_std,0.03287150710821152
Climbing,70,dist_H2R_S1_roll_std,0.03247027099132538
Climbing,71,dist_S2_tail,0.03206486627459526
Climbing,72,dist_B2L_S2_roll_mean,0.031939078122377396
Climbing,73,H2L_x,0.031456634402275085
Climbing,74,dist_B1L_H1L,0.03101297654211521
Climbing,75,global_body_angle_t-2,0.030714690685272217
Climbing,76,S1_y,0.030649421736598015
Climbing,77,dist_B1R_H2R_roll_std,0.0300248172134161
Climbing,78,dist_B1R_B3R_roll_mean,0.02903924323618412
Climbing,79,dist_B3R_tail_roll_mean,0.028896216303110123
Climbing,80,dist_H1R_nose,0.028142016381025314
Climbing,81,dist_B1R_H1R_roll_mean,0.028014816343784332
Climbing,82,dist_B1R_S1_roll_mean,0.027815548703074455
Climbing,83,dist_B2R_H2L_roll_sum,0.02778088115155697
Climbing,84,dist_B1L_S1_roll_mean,0.02721472643315792
Climbing,85,dist_H2R_S2_roll_std,0.02717229351401329
Climbing,86,angular_velocity_roll_mean,0.02653259038925171
Climbing,87,dist_B3R_tail_roll_std,0.02648564800620079
Climbing,88,dist_H1R_H2R_roll_std,0.026313021779060364
Climbing,89,dist_B2R_S1,0.025983793660998344
Climbing,90,dist_H2L_H2R_roll_mean,0.025865018367767334
Climbing,91,dist_B2R_tail,0.025771884247660637
Climbing,92,dist_B1R_B2L_roll_std,0.025718549266457558
Climbing,93,nose_velocity_roll_mean,0.025645911693572998
Climbing,94,B3L_velocity_roll_mean,0.025494107976555824
Climbing,95,S1_velocity_roll_std,0.02545778639614582
Climbing,96,dist_B3R_H2L_roll_std,0.025146998465061188
Climbing,97,dist_B3L_H2L_roll_std,0.0250572357326746
Climbing,98,dist_B2L_S2_roll_sum,0.024827519431710243
Climbing,99,dist_B3R_tail_roll_sum,0.024250945076346397
Climbing,100,dist_B3R_H1R_roll_std,0.02410612814128399
Climbing,101,B2R_x,0.02409322001039982
Climbing,102,dist_H2L_nose_roll_std,0.023810304701328278
Climbing,103,dist_H2L_S1_roll_std,0.02375071682035923
Climbing,104,dist_B2L_nose_roll_std,0.023591039702296257
Climbing,105,dist_B2L_H2R_roll_std,0.023034976795315742
Climbing,106,dist_B2R_nose_roll_std,0.02287956140935421
Climbing,107,dist_H1R_nose_roll_mean,0.022866204380989075
Climbing,108,global_body_angle,0.02252277173101902
Climbing,109,dist_H2L_tail_roll_std,0.02226361818611622
Climbing,110,dist_B1L_B2L,0.022023888304829597
Climbing,111,dist_H2R_nose_roll_mean,0.021853996440768242
Climbing,112,dist_B1R_B3L,0.02161708101630211
Climbing,113,B3R_velocity_roll_mean,0.021497132256627083
Climbing,114,B3L_x_t-2,0.021445991471409798
Climbing,115,dist_B2L_H2L,0.021429408341646194
Climbing,116,B1L_y_t-5,0.021325208246707916
Climbing,117,B1R_x_roll_std,0.02105453796684742
Climbing,118,dist_B1R_nose_roll_std,0.021052800118923187
Climbing,119,dist_B1R_B2R_roll_std,0.020329466089606285
Climbing,120,dist_B1L_H1R_roll_sum,0.02024427428841591
Climbing,121,dist_B1R_H1R_roll_std,0.020206749439239502
Climbing,122,dist_B2L_tail_roll_mean,0.01971081644296646
Climbing,123,tail_velocity_roll_sum,0.018786795437335968
Climbing,124,dist_B3L_tail,0.01867821253836155
Climbing,125,B1L_y_roll_mean,0.018637441098690033
Climbing,126,dist_B1R_B2R_roll_mean,0.018635351210832596
Climbing,127,B2L_x_t-2,0.018458815291523933
Climbing,128,dist_B1R_tail,0.018380777910351753
Climbing,129,dist_B1R_H1L,0.018121453002095222
Climbing,130,dist_B2L_S1_roll_std,0.017932629212737083
Climbing,131,dist_B1R_B2R,0.017847876995801926
Climbing,132,dist_S1_S2_roll_sum,0.01784607768058777
Climbing,133,dist_B1R_nose_roll_sum,0.017635827884078026
Climbing,134,dist_H1L_H2R_roll_std,0.017610501497983932
Climbing,135,S1_y_t-3,0.01760038733482361
Climbing,136,dist_H2L_S2_roll_std,0.017529813572764397
Climbing,137,H1R_x_roll_std,0.0174510907381773
Climbing,138,dist_B3L_S2_roll_std,0.017391858622431755
Climbing,139,dist_B3L_H2L,0.017167842015624046
Climbing,140,dist_B1L_B1R_roll_std,0.017096538096666336
Climbing,141,angular_velocity_t-3,0.01692231185734272
Climbing,142,S1_y_t-5,0.01687338575720787
Climbing,143,dist_B3L_tail_roll_sum,0.01675436645746231
Climbing,144,dist_B1L_H2L,0.016752321273088455
Climbing,145,dist_B1L_nose,0.016731325536966324
Climbing,146,H2L_velocity_roll_mean,0.016716549172997475
Climbing,147,dist_S2_nose_roll_sum,0.016435232013463974
Climbing,148,dist_B3R_S2_roll_sum,0.016428513452410698
Climbing,149,B1L_x_roll_sum,0.016130756586790085
Climbing,150,dist_B1L_B3L_roll_mean,0.016109304502606392
Climbing,151,dist_B2R_tail_roll_std,0.016077790409326553
Climbing,152,H2L_velocity,0.016068648546934128
Climbing,153,dist_H1L_nose_roll_sum,0.016063738614320755
Climbing,154,dist_B2R_tail_roll_mean,0.01605057343840599
Climbing,155,dist_H2L_H2R_roll_sum,0.016041425988078117
Climbing,156,dist_B1R_H1L_roll_mean,0.015868201851844788
Climbing,157,dist_B1R_B2L_roll_mean,0.015785448253154755
Climbing,158,dist_H1L_H2L_roll_sum,0.01574569009244442
Climbing,159,dist_B1L_S1_roll_sum,0.015634139999747276
Climbing,160,dist_S2_tail_roll_mean,0.015613553114235401
Climbing,161,dist_B2R_S1_roll_std,0.015592379495501518
Climbing,162,H2L_y_t-5,0.015569004230201244
Climbing,163,B1R_x_t-5,0.015549208968877792
Climbing,164,dist_B2L_tail,0.01554539892822504
Climbing,165,dist_H2L_nose,0.015472173690795898
Climbing,166,B1L_x,0.015323790721595287
Climbing,167,dist_H2R_nose_roll_sum,0.015246604569256306
Climbing,168,B3R_x_roll_std,0.01520843431353569
Climbing,169,dist_B1L_H2L_roll_std,0.015166597440838814
Climbing,170,B1R_velocity_roll_std,0.015159624628722668
Climbing,171,dist_H1R_tail_roll_std,0.015090670436620712
Climbing,172,B1L_velocity_roll_mean,0.01478197518736124
Climbing,173,dist_B1L_H1R_roll_mean,0.01470255944877863
Climbing,174,dist_B1L_nose_roll_mean,0.01469107624143362
Climbing,175,dist_H1R_H2L_roll_std,0.01468724850565195
Climbing,176,B3R_y,0.014619356021285057
Climbing,177,dist_B1L_B1R_roll_mean,0.014415903948247433
Climbing,178,dist_B2R_B3R_roll_std,0.014393125660717487
Climbing,179,dist_nose_tail_roll_std,0.014360886067152023
Climbing,180,B3R_x_t-1,0.014315232634544373
Climbing,181,B3L_y,0.014105292968451977
Climbing,182,dist_B3R_S2_roll_std,0.013943509198725224
Climbing,183,B2L_x_t-3,0.013618077151477337
Climbing,184,dist_B1R_nose,0.013578341342508793
Climbing,185,dist_H1R_H2R,0.013494527898728848
Climbing,186,dist_B1L_B2R,0.013491420075297356
Climbing,187,global_body_angle_t-5,0.013411187566816807
Climbing,188,B2L_x_t-1,0.01339807827025652
Climbing,189,B3L_velocity,0.013333865441381931
Climbing,190,B2R_x_roll_std,0.01328625250607729
Climbing,191,dist_B2R_S1_roll_sum,0.013281122781336308
Climbing,192,B1R_velocity_roll_sum,0.013166998513042927
Climbing,193,dist_B2R_S1_roll_mean,0.013112641870975494
Climbing,194,angular_velocity_t-5,0.013106771744787693
Climbing,195,dist_B2L_H2R,0.013065618462860584
Climbing,196,B2R_y_t-1,0.013039235025644302
Climbing,197,dist_B2R_H2R_roll_std,0.013014668598771095
Climbing,198,dist_B1R_tail_roll_std,0.012844190932810307
Climbing,199,dist_B1L_H1L_roll_std,0.012835755944252014
Climbing,200,dist_H2R_nose_roll_std,0.012814483605325222
Climbing,201,dist_B3R_S1_roll_mean,0.012507550418376923
Climbing,202,S1_x_t-4,0.012402130290865898
Climbing,203,centroid_y_roll_std,0.012376627884805202
Climbing,204,dist_S1_S2,0.012330279685556889
Climbing,205,dist_B2R_H1R_roll_std,0.012327872216701508
Climbing,206,orientation_angle_t-1,0.012321555987000465
Climbing,207,S1_y_t-2,0.012238181196153164
Climbing,208,dist_B1L_B2L_roll_std,0.012142541818320751
Climbing,209,dist_B1L_B3L_roll_std,0.012072027660906315
Climbing,210,B3L_x_t-1,0.012013970874249935
Climbing,211,dist_H1L_S1,0.012005237862467766
Climbing,212,B3L_x_t-3,0.011970949359238148
Climbing,213,dist_B1R_B3R_roll_sum,0.011884713545441628
Climbing,214,S1_x_t-1,0.011876127682626247
Climbing,215,dist_B1R_B3L_roll_std,0.011822262778878212
Climbing,216,S1_x,0.011765140108764172
Climbing,217,S1_x_t-5,0.01170118898153305
Climbing,218,dist_B1L_H2L_roll_sum,0.011614033952355385
Climbing,219,B1L_velocity_roll_sum,0.011558003723621368
Climbing,220,tail_x,0.011244313791394234
Climbing,221,B2R_velocity,0.011242630891501904
Climbing,222,dist_H1R_H2R_roll_mean,0.011164560914039612
Climbing,223,dist_B2L_H1L_roll_std,0.011158699169754982
Climbing,224,orientation_angle_t-5,0.011075499467551708
Climbing,225,dist_H2R_nose,0.011033717542886734
Climbing,226,dist_S1_tail_roll_std,0.011020286940038204
Climbing,227,dist_H2R_S1_roll_mean,0.011008234694600105
Climbing,228,H2L_y,0.01100175641477108
Climbing,229,dist_H1L_nose_roll_mean,0.010972111485898495
Climbing,230,dist_B2L_H2L_roll_std,0.010934007354080677
Climbing,231,dist_B2L_nose,0.010858233086764812
Climbing,232,dist_B1L_H2L_roll_mean,0.010770599357783794
Climbing,233,dist_S1_S2_roll_mean,0.010529451072216034
Climbing,234,dist_H1L_S1_roll_sum,0.010510149411857128
Climbing,235,dist_H2R_S2_roll_mean,0.010483482852578163
Climbing,236,dist_B3L_S1,0.010459432378411293
Climbing,237,B2R_y_roll_std,0.010449976660311222
Climbing,238,H2L_y_roll_std,0.010403535328805447
Climbing,239,dist_B1L_nose_roll_sum,0.010371948592364788
Climbing,240,dist_B1L_tail,0.010364667512476444
Climbing,241,dist_B1R_B3R_roll_std,0.01035750936716795
Climbing,242,H2L_x_t-2,0.010333873331546783
Climbing,243,dist_B1L_tail_roll_mean,0.010323459282517433
Climbing,244,dist_H2L_S2,0.010187936015427113
Climbing,245,dist_B3L_H1R_roll_std,0.010175839997828007
Climbing,246,dist_B1R_S1_roll_std,0.010155325755476952
Climbing,247,dist_B1L_nose_roll_std,0.01015379186719656
Climbing,248,dist_B1L_H2R_roll_sum,0.010096937417984009
Climbing,249,dist_B3L_nose_roll_std,0.010036374442279339
Climbing,250,dist_H1L_tail_roll_std,0.010010668076574802
Climbing,251,dist_B1R_H2R_roll_sum,0.009977086447179317
Climbing,252,H2L_x_t-5,0.00997551903128624
Climbing,253,dist_B1L_B3L,0.00996819045394659
Climbing,254,dist_H2L_S1_roll_sum,0.00988086313009262
Climbing,255,dist_B1L_B3R_roll_mean,0.009870853275060654
Climbing,256,tail_x_t-4,0.00982024148106575
Climbing,257,dist_B1L_S2_roll_std,0.00977987702935934
Climbing,258,dist_B1L_H1R_roll_std,0.009691810235381126
Climbing,259,dist_B2L_B3R,0.009661882184445858
Climbing,260,dist_H1L_nose,0.009632918983697891
Climbing,261,dist_B1L_H1L_roll_sum,0.009613081812858582
Climbing,262,orientation_angle,0.009591449983417988
Climbing,263,H1R_velocity_roll_std,0.009509090334177017
Climbing,264,S1_y_roll_std,0.009492364712059498
Climbing,265,S1_x_roll_std,0.009414282627403736
Climbing,266,B1L_x_t-4,0.009323752485215664
Climbing,267,dist_B3L_H2L_roll_mean,0.009287912398576736
Climbing,268,dist_B3L_B3R_roll_mean,0.009266074746847153
Climbing,269,dist_B1R_H2L_roll_mean,0.009265496395528316
Climbing,270,dist_H2R_S2,0.009258782491087914
Climbing,271,S1_velocity,0.009194652549922466
Climbing,272,dist_B2L_tail_roll_sum,0.009189856238663197
Climbing,273,dist_S2_nose,0.009158396162092686
Climbing,274,dist_S1_nose_roll_mean,0.009124768897891045
Climbing,275,B3L_y_roll_std,0.009096785448491573
Climbing,276,H2L_x_roll_std,0.009077498689293861
Climbing,277,B2R_y_t-2,0.009063930250704288
Climbing,278,dist_B3L_S2_roll_mean,0.00902711320668459
Climbing,279,S2_x_roll_std,0.00900681596249342
Climbing,280,dist_H1L_H2R_roll_mean,0.009003104642033577
Climbing,281,S2_y_t-4,0.00898788869380951
Climbing,282,nose_x,0.008920345455408096
Climbing,283,dist_B3L_B3R_roll_sum,0.008920315653085709
Climbing,284,H1L_y_roll_std,0.00888240896165371
Climbing,285,dist_H1L_S1_roll_mean,0.00884381402283907
Climbing,286,B1R_velocity_roll_mean,0.008808232843875885
Climbing,287,H2L_x_roll_sum,0.008749252185225487
Climbing,288,dist_B1R_H1L_roll_std,0.008733540773391724
Climbing,289,B1R_x_roll_mean,0.008717427961528301
Climbing,290,dist_H1L_S2,0.008673271164298058
Climbing,291,B3R_velocity_roll_std,0.008622633293271065
Climbing,292,dist_B1L_B2L_roll_mean,0.008611399680376053
Climbing,293,B3R_y_t-1,0.008609157986938953
Climbing,294,nose_y_t-1,0.008582337759435177
Climbing,295,H1L_x_roll_std,0.008578648790717125
Climbing,296,H2R_velocity,0.008454770781099796
Climbing,297,dist_B2L_H2L_roll_mean,0.008450574241578579
Climbing,298,nose_y_t-4,0.008425315842032433
Climbing,299,dist_H2L_S2_roll_mean,0.008421014063060284
Climbing,300,dist_B1R_H1R_roll_sum,0.00842040590941906
Climbing,301,global_body_angular_velocity_t-5,0.008409482426941395
Climbing,302,H2L_y_t-4,0.008403866551816463
Climbing,303,centroid_x_roll_std,0.008308260701596737
Climbing,304,global_body_angular_velocity_roll_mean,0.008308175951242447
Climbing,305,dist_B1R_B3L_roll_mean,0.008259542286396027
Climbing,306,H1L_x_t-1,0.008245338685810566
Climbing,307,dist_S1_S2_roll_std,0.008193380199372768
Climbing,308,dist_H2L_tail_roll_mean,0.008151693269610405
Climbing,309,dist_B3L_S2,0.0081448620185256
Climbing,310,dist_B2L_H2R_roll_mean,0.008114528842270374
Climbing,311,B2L_y_t-5,0.008061514236032963
Climbing,312,global_body_angular_velocity_t-3,0.008056595921516418
Climbing,313,nose_x_roll_mean,0.008030164055526257
Climbing,314,dist_B1R_H1L_roll_sum,0.007963095791637897
Climbing,315,dist_B2R_H2R_roll_mean,0.007959430105984211
Climbing,316,dist_B1R_S2_roll_std,0.007942372933030128
Climbing,317,B3L_velocity_roll_std,0.007921512238681316
Climbing,318,H1L_x_roll_mean,0.007894124835729599
Climbing,319,B1L_x_t-3,0.007877092808485031
Climbing,320,S2_velocity,0.007870558649301529
Climbing,321,dist_B3L_B3R_roll_std,0.007858161814510822
Climbing,322,S2_x_t-5,0.007846219465136528
Climbing,323,dist_H1L_S2_roll_sum,0.007831019349396229
Climbing,324,H1L_y_t-4,0.0078088813461363316
Climbing,325,dist_B3R_H2R_roll_std,0.007785741239786148
Climbing,326,S1_y_t-1,0.00776252057403326
Climbing,327,B1L_x_t-2,0.007744087837636471
Climbing,328,nose_x_t-1,0.007721285801380873
Climbing,329,dist_H2R_S1,0.007708345539867878
Climbing,330,dist_B1L_tail_roll_sum,0.007708003744482994
Climbing,331,dist_H1L_tail_roll_sum,0.007641289848834276
Climbing,332,B1L_y_t-3,0.007612947840243578
Climbing,333,B1R_y_t-4,0.00757484370842576
Climbing,334,tail_velocity,0.00755930645391345
Climbing,335,dist_H1R_S2,0.007547205779701471
Climbing,336,S1_x_t-3,0.0075391968712210655
Climbing,337,nose_y_t-5,0.007499391213059425
Climbing,338,B2L_x_roll_std,0.007488640490919352
Climbing,339,H1L_x_t-4,0.007454937789589167
Climbing,340,B3R_y_t-5,0.007414923515170813
Climbing,341,dist_H1L_H2R_roll_sum,0.007398512214422226
Climbing,342,B2R_y,0.00732213631272316
Climbing,343,dist_S1_nose,0.007316628936678171
Climbing,344,dist_H2L_S1,0.007310678716748953
Climbing,345,B3R_y_t-4,0.007275799755007029
Climbing,346,angular_velocity,0.007228908594697714
Climbing,347,global_body_angular_velocity_t-4,0.007183312904089689
Climbing,348,B2R_velocity_roll_std,0.007175206206738949
Climbing,349,B1L_x_t-1,0.007160709705203772
Climbing,350,tail_y_roll_std,0.007091459818184376
Climbing,351,dist_B2L_tail_roll_std,0.0069768247194588184
Climbing,352,S2_velocity_roll_mean,0.006950610317289829
Climbing,353,H1L_y_t-5,0.006894678343087435
Climbing,354,dist_B1L_H1L_roll_mean,0.006821009796112776
Climbing,355,dist_H1L_S1_roll_std,0.006817527115345001
Climbing,356,dist_S2_nose_roll_std,0.006789890117943287
Climbing,357,dist_B3R_S1,0.00674878153949976
Climbing,358,dist_B3L_H1L_roll_std,0.0067441221326589584
Climbing,359,B1L_velocity_roll_std,0.006731437519192696
Climbing,360,H1L_y_t-3,0.006718592718243599
Climbing,361,B2L_x_t-4,0.006667643785476685
Climbing,362,B2R_x_t-2,0.0066397287882864475
Climbing,363,S2_x_roll_mean,0.00663265585899353
Climbing,364,dist_H1L_tail,0.006568376440554857
Climbing,365,angular_velocity_t-2,0.006525745149701834
Climbing,366,tail_x_t-1,0.0064552659168839455
Climbing,367,S1_velocity_roll_mean,0.00645432248711586
Climbing,368,B1R_y_roll_std,0.006449509412050247
Climbing,369,dist_H1R_S1,0.006393848918378353
Climbing,370,dist_B1L_S1,0.006370691116899252
Climbing,371,B1R_y_t-5,0.006312783341854811
Climbing,372,S2_y_t-2,0.006296937819570303
Climbing,373,dist_B1R_B2L_roll_sum,0.006210092920809984
Climbing,374,B1L_x_t-5,0.006128815934062004
Climbing,375,dist_H1L_H2L_roll_mean,0.006122224498540163
Climbing,376,dist_S1_tail_roll_mean,0.0061162179335951805
Climbing,377,dist_B1L_B3R_roll_sum,0.006089911796152592
Climbing,378,B2L_x,0.006027533672749996
Climbing,379,H2R_y_roll_std,0.006021001376211643
Climbing,380,H1R_velocity_roll_mean,0.0059922137297689915
Climbing,381,B2L_y_roll_std,0.005988037679344416
Climbing,382,dist_B3L_S1_roll_sum,0.005953201092779636
Climbing,383,dist_B2R_nose_roll_sum,0.005873685237020254
Climbing,384,B2L_y_t-2,0.005866571795195341
Climbing,385,centroid_y_roll_mean,0.00582775566726923
Climbing,386,H2R_x_roll_sum,0.005825914908200502
Climbing,387,H2L_y_t-2,0.005820441525429487
Climbing,388,dist_B1R_S1,0.005807004403322935
Climbing,389,centroid_displacement_5,0.005759212654083967
Climbing,390,dist_B1L_B2R_roll_sum,0.005644346121698618
Climbing,391,dist_B3L_B3R,0.005602651741355658
Climbing,392,B2L_y_t-1,0.005579566117376089
Climbing,393,dist_B1R_S2,0.00557674840092659
Climbing,394,H1L_y_t-1,0.00557229109108448
Climbing,395,H1L_x_roll_sum,0.0055519272573292255
Climbing,396,H1L_x,0.005544869229197502
Climbing,397,S2_y_roll_std,0.005496566649526358
Climbing,398,B3R_x,0.0054855868220329285
Climbing,399,dist_B2L_B2R_roll_sum,0.0054803527891635895
Climbing,400,dist_B2R_H1L_roll_std,0.005447490140795708
Climbing,401,angular_velocity_t-4,0.005328959785401821
Climbing,402,dist_B3L_H1R,0.005316530354321003
Climbing,403,angular_velocity_t-1,0.005300774704664946
Climbing,404,dist_B3L_H1R_roll_mean,0.005208053160458803
Climbing,405,B1L_y,0.005173471290618181
Climbing,406,tail_x_t-2,0.005162832792848349
Climbing,407,global_body_angle_roll_sum,0.005156565457582474
Climbing,408,H2R_y_roll_mean,0.005129145924001932
Climbing,409,B1R_y_t-3,0.005043334327638149
Climbing,410,dist_B1L_B2L_roll_sum,0.005027806852012873
Climbing,411,H2L_x_t-1,0.005017454270273447
Climbing,412,B2R_y_t-4,0.005005296319723129
Climbing,413,centroid_velocity,0.004955688491463661
Climbing,414,dist_H1R_H2R_roll_sum,0.004921203013509512
Climbing,415,S1_x_roll_mean,0.004917333368211985
Climbing,416,H1R_y_t-3,0.004912885837256908
Climbing,417,dist_B2R_H1L_roll_mean,0.004905387293547392
Climbing,418,tail_x_t-3,0.004869129043072462
Climbing,419,S2_x_t-3,0.004855475854128599
Climbing,420,dist_H1R_S2_roll_std,0.004828972741961479
Climbing,421,dist_B1L_S2,0.0048180315643548965
Climbing,422,H2R_x_t-4,0.004807809833437204
Climbing,423,tail_y_roll_mean,0.004795433022081852
Climbing,424,tail_x_roll_std,0.00478534447029233
Climbing,425,B2L_y,0.004724200814962387
Climbing,426,dist_H1R_S1_roll_std,0.004710412584245205
Climbing,427,dist_B2R_H2R,0.004643293097615242
Climbing,428,H1L_velocity_roll_std,0.004636804573237896
Climbing,429,tail_y,0.004632275085896254
Climbing,430,H2L_y_t-1,0.004623092245310545
Climbing,431,S2_y_t-1,0.004592842422425747
Climbing,432,dist_B1L_S2_roll_mean,0.004589600954204798
Climbing,433,B3R_velocity,0.004584692884236574
Climbing,434,dist_B2L_H1R_roll_mean,0.004577237647026777
Climbing,435,dist_B1L_B3R_roll_std,0.004563086666166782
Climbing,436,B3L_x_t-4,0.004525513853877783
Climbing,437,H2R_y_t-5,0.00451960414648056
Climbing,438,angular_velocity_roll_std,0.004515286535024643
Climbing,439,dist_S1_nose_roll_std,0.004511035047471523
Climbing,440,S2_y,0.004505113232880831
Climbing,441,dist_B3R_H2R_roll_mean,0.004483869764953852
Climbing,442,H2R_x,0.004475070629268885
Climbing,443,dist_B3L_tail_roll_mean,0.004474029876291752
Climbing,444,dist_B2R_H1R_roll_sum,0.004406107123941183
Climbing,445,B1L_y_roll_std,0.004371646326035261
Climbing,446,dist_B1R_H1R,0.004342179745435715
Climbing,447,H2R_x_roll_std,0.004308654461055994
Climbing,448,centroid_velocity_roll_mean,0.0043023074977099895
Climbing,449,dist_B3R_S1_roll_std,0.004289535339921713
Climbing,450,dist_B3L_S1_roll_mean,0.00423034792765975
Climbing,451,H2L_velocity_roll_std,0.004229308571666479
Climbing,452,tail_y_t-2,0.004216975066810846
Climbing,453,global_body_angle_roll_std,0.0042105019092559814
Climbing,454,dist_B2L_S2_roll_std,0.004187417682260275
Climbing,455,B1R_y_t-2,0.004181188531219959
Climbing,456,global_body_angle_t-4,0.004172186832875013
Climbing,457,B1R_x_t-2,0.004151289816945791
Climbing,458,dist_B1L_tail_roll_std,0.004061720333993435
Climbing,459,H2R_y_t-2,0.004042936488986015
Climbing,460,dist_B2R_tail_roll_sum,0.00404167827218771
Climbing,461,dist_H1R_S1_roll_mean,0.0040129926055669785
Climbing,462,B1R_x_t-1,0.004004540387541056
Climbing,463,dist_B1R_H2L_roll_sum,0.0039933305233716965
Climbing,464,H1R_x_t-3,0.003986116964370012
Climbing,465,dist_H1R_tail_roll_sum,0.003959267865866423
Climbing,466,tail_x_roll_sum,0.003911915700882673
Climbing,467,dist_B3R_nose_roll_mean,0.003880331991240382
Climbing,468,H2R_x_roll_mean,0.0038675612304359674
Climbing,469,B3R_x_roll_mean,0.0038563378620892763
Climbing,470,H2R_y_t-4,0.0038554128259420395
Climbing,471,B1L_x_roll_mean,0.0038497988134622574
Climbing,472,B3L_y_t-2,0.003824979066848755
Climbing,473,dist_B3L_H1L,0.0037152189761400223
Climbing,474,B2R_x_t-5,0.003698687767609954
Climbing,475,H1R_y_t-1,0.003693035803735256
Climbing,476,B3R_y_roll_std,0.0036872292403131723
Climbing,477,B2R_y_roll_sum,0.0036765937693417072
Climbing,478,dist_B2L_H1L_roll_mean,0.0036268115509301424
Climbing,479,H2R_x_t-3,0.0036148959770798683
Climbing,480,dist_B2R_H2L,0.0036035990342497826
Climbing,481,B2L_velocity_roll_sum,0.0035999498795717955
Climbing,482,B2R_x_t-4,0.0035971750039607286
Climbing,483,H2R_y_t-3,0.0035668550990521908
Climbing,484,S2_velocity_roll_std,0.0035667712800204754
Climbing,485,B2L_y_t-3,0.003527193097397685
Climbing,486,dist_B3R_nose_roll_sum,0.0035261805169284344
Climbing,487,B3L_y_t-5,0.0035135559737682343
Climbing,488,dist_B3R_H2L,0.0035037517081946135
Climbing,489,H2R_velocity_roll_mean,0.0034963316284120083
Climbing,490,H1L_y,0.003481565974652767
Climbing,491,dist_B2L_H1R_roll_sum,0.003464006120339036
Climbing,492,dist_H1L_H1R_roll_sum,0.003462330438196659
Climbing,493,B1L_x_roll_std,0.00342021812684834
Climbing,494,dist_B2L_H1L,0.0033005268778651953
Climbing,495,dist_B1L_S2_roll_sum,0.003276231000199914
Climbing,496,global_body_angle_roll_mean,0.0032667021732777357
Climbing,497,nose_y,0.0032598250545561314
Climbing,498,dist_H2R_tail_roll_std,0.0032449718564748764
Climbing,499,H1L_velocity,0.0032294983975589275
Climbing,500,nose_x_t-3,0.0032105478458106518
Climbing,501,global_body_angular_velocity_t-1,0.003136981977149844
Climbing,502,dist_nose_tail_roll_mean,0.003135492792353034
Climbing,503,B1L_y_t-4,0.003122430993244052
Climbing,504,dist_B2L_B3R_roll_sum,0.0030677844770252705
Climbing,505,B3L_x_roll_mean,0.0030282465741038322
Climbing,506,dist_B2R_H1R_roll_mean,0.00302686239592731
Climbing,507,centroid_velocity_roll_std,0.0030115051195025444
Climbing,508,dist_B1R_S2_roll_mean,0.003006010316312313
Climbing,509,dist_B2R_H1R,0.00300280237570405
Climbing,510,B1R_x_t-4,0.0029896311461925507
Climbing,511,centroid_y,0.002959819743409753
Climbing,512,global_body_angular_velocity_t-2,0.002927459077909589
Climbing,513,H1R_x_t-2,0.00289699318818748
Climbing,514,B3R_x_t-2,0.002855221973732114
Climbing,515,dist_H1R_tail_roll_mean,0.0028494701255112886
Climbing,516,nose_y_roll_mean,0.0027813147753477097
Climbing,517,dist_B3L_nose_roll_mean,0.0027581218164414167
Climbing,518,B1R_x_t-3,0.002685858402401209
Climbing,519,H1R_velocity,0.0026786469388753176
Climbing,520,orientation_angle_t-4,0.0026637823320925236
Climbing,521,dist_B2R_H2L_roll_mean,0.0026600765995681286
Climbing,522,H2L_x_roll_mean,0.002653994830325246
Climbing,523,dist_H2R_S2_roll_sum,0.0026464960537850857
Climbing,524,B3L_x_roll_std,0.0026445079129189253
Climbing,525,B3R_y_t-3,0.002637025900185108
Climbing,526,global_body_angular_velocity_roll_sum,0.0026339602191001177
Climbing,527,B2L_velocity_roll_std,0.002630318747833371
Climbing,528,dist_nose_tail_roll_sum,0.0026170259807258844
Climbing,529,dist_S2_tail_roll_std,0.0025825065094977617
Climbing,530,dist_B1R_nose_roll_mean,0.002579612424597144
Climbing,531,dist_H2R_tail,0.002561656991019845
Climbing,532,H1R_x_t-5,0.00250632525421679
Climbing,533,dist_H2R_tail_roll_mean,0.00248895725235343
Climbing,534,B2R_y_t-5,0.0024878338444978
Climbing,535,orientation_angle_t-2,0.0024799415841698647
Climbing,536,B2L_y_roll_mean,0.0024539490696042776
Climbing,537,B1L_y_t-1,0.0024347270373255014
Climbing,538,H1R_y_t-5,0.0024233520962297916
Climbing,539,dist_B2R_nose_roll_mean,0.002420282457023859
Climbing,540,dist_H1L_S2_roll_std,0.0024147166404873133
Climbing,541,nose_x_t-4,0.0024123615585267544
Climbing,542,dist_B2L_S1_roll_sum,0.0023660697042942047
Climbing,543,H2R_x_t-2,0.002341942861676216
Climbing,544,nose_velocity_roll_std,0.002340393839403987
Climbing,545,tail_y_t-5,0.0023346252273768187
Climbing,546,global_body_angular_velocity_roll_std,0.00233133090659976
Climbing,547,B3L_x_t-5,0.002330982591956854
Climbing,548,H1L_y_t-2,0.0023228900972753763
Climbing,549,B2L_velocity_roll_mean,0.0022983415983617306
Climbing,550,B2L_velocity,0.0022823887411504984
Climbing,551,dist_H2L_S1_roll_mean,0.002237211214378476
Climbing,552,tail_x_t-5,0.0022327532060444355
Climbing,553,H2R_y_t-1,0.0022234690841287374
Climbing,554,H1R_x_t-4,0.0022043539211153984
Climbing,555,tail_y_t-3,0.002197851659730077
Climbing,556,H1R_y_t-4,0.002183771226555109
Climbing,557,dist_B3R_H1L_roll_mean,0.0021329752635210752
Climbing,558,nose_y_t-2,0.0021323855035007
Climbing,559,B3R_y_t-2,0.0021061738952994347
Climbing,560,S2_y_t-5,0.0020968925673514605
Climbing,561,dist_H2R_S1_roll_sum,0.002096381038427353
Climbing,562,global_body_angle_t-1,0.002094097901135683
Climbing,563,B2L_y_t-4,0.002081560902297497
Climbing,564,dist_B1R_tail_roll_mean,0.00206500431522727
Climbing,565,dist_B3R_H1L,0.0020584396552294493
Climbing,566,dist_B1R_B3L_roll_sum,0.0020112174097448587
Climbing,567,H2L_y_roll_sum,0.0020004117395728827
Climbing,568,centroid_x_roll_mean,0.001982863061130047
Climbing,569,dist_B2L_H1L_roll_sum,0.0019786038901656866
Climbing,570,dist_B2L_nose_roll_mean,0.0019500604830682278
Climbing,571,dist_B2L_H1R_roll_std,0.00194682483561337
Climbing,572,H1R_x_roll_sum,0.0019281613640487194
Climbing,573,dist_B2R_H1L_roll_sum,0.0018456861143931746
Climbing,574,tail_y_t-4,0.0017736501758918166
Climbing,575,S1_x_t-2,0.0017654356779530644
Climbing,576,B3L_y_t-4,0.0017539095133543015
Climbing,577,nose_x_t-2,0.0017019478837028146
Climbing,578,dist_B3L_H2R_roll_std,0.0016691492637619376
Climbing,579,dist_B3R_H2L_roll_mean,0.0016364132752642035
Climbing,580,B2L_x_roll_mean,0.0016351577360183
Climbing,581,H2R_y,0.0015962186735123396
Climbing,582,dist_H1R_S2_roll_sum,0.0015902071027085185
Climbing,583,H1R_y_roll_std,0.001589756109751761
Climbing,584,B2R_y_roll_mean,0.0015883465530350804
Climbing,585,dist_H1R_tail,0.0015828553587198257
Climbing,586,dist_H1R_S1_roll_sum,0.0015670295106247067
Climbing,587,H1L_x_t-5,0.001562857418321073
Climbing,588,tail_x_roll_mean,0.0015356590738520026
Climbing,589,H2L_x_t-4,0.0015267286216840148
Climbing,590,dist_B1L_B2R_roll_mean,0.0015264558605849743
Climbing,591,nose_velocity,0.0015039942227303982
Climbing,592,dist_S2_nose_roll_mean,0.00149723666254431
Climbing,593,dist_B3R_H2L_roll_sum,0.0014736064476892352
Climbing,594,B3L_y_roll_mean,0.0014718223828822374
Climbing,595,dist_H1L_S2_roll_mean,0.001429748605005443
Climbing,596,dist_H1R_S2_roll_mean,0.0014151858631521463
Climbing,597,orientation_angle_t-3,0.0014076018705964088
Climbing,598,dist_B3R_H1R,0.001384150586090982
Climbing,599,dist_B3R_nose,0.0013433671556413174
Climbing,600,H2R_velocity_roll_std,0.001310838619247079
Climbing,601,nose_y_t-3,0.0012736227363348007
Climbing,602,B3R_x_t-5,0.001266118953935802
Climbing,603,B1R_y_roll_sum,0.001263071084395051
Climbing,604,S1_x_roll_sum,0.0012554358690977097
Climbing,605,B1R_y_t-1,0.0012551078107208014
Climbing,606,dist_B3R_H1R_roll_mean,0.0012345004361122847
Climbing,607,S1_y_roll_mean,0.0012223724042996764
Climbing,608,B1R_y,0.0012207821710035205
Climbing,609,nose_y_roll_std,0.0011299565667286515
Climbing,610,B3L_y_t-3,0.0011276771547272801
Climbing,611,tail_velocity_roll_std,0.0011124210432171822
Climbing,612,dist_B3L_nose,0.001106219831854105
Climbing,613,dist_B1L_B3R,0.0010786682832986116
Climbing,614,H2R_x_t-5,0.0010367516661062837
Climbing,615,H1L_velocity_roll_mean,0.0010335937840864062
Climbing,616,S2_x_t-4,0.0010198052041232586
Climbing,617,B2R_x_t-1,0.000981799908913672
Climbing,618,dist_B2L_H1R,0.0009530751267448068
Climbing,619,H1L_y_roll_mean,0.0009520941530354321
Climbing,620,B3R_x_t-3,0.000929759000428021
Climbing,621,H1R_y_roll_mean,0.0009260913939215243
Climbing,622,dist_B3R_H2R,0.0009233562159352005
Climbing,623,dist_B3R_nose_roll_std,0.0008949811453931034
Climbing,624,H2L_y_roll_mean,0.0008611642988398671
Climbing,625,B1L_y_t-2,0.000849342264700681
Climbing,626,centroid_y_roll_sum,0.0008448204025626183
Climbing,627,centroid_x,0.0008439497905783355
Climbing,628,tail_y_t-1,0.0008261865586973727
Climbing,629,S1_y_roll_sum,0.0008107549510896206
Climbing,630,nose_x_t-5,0.0008092871285043657
Climbing,631,B2R_x_t-3,0.0007966485572978854
Climbing,632,B2R_velocity_roll_mean,0.0007570782909169793
Climbing,633,orientation_change_5,0.0006803367868997157
Climbing,634,H2L_y_t-3,0.0006787594174966216
Climbing,635,H1R_x_t-1,0.0006701984093524516
Climbing,636,H1R_y_t-2,0.0006701796664856374
Climbing,637,H1L_velocity_roll_sum,0.0006395262316800654
Climbing,638,B2L_x_t-5,0.0005866768769919872
Climbing,639,centroid_x_roll_sum,0.0005814915057271719
Climbing,640,H1R_y,0.0005794353201054037
Climbing,641,H1R_y_roll_sum,0.0005609714426100254
Climbing,642,S2_y_roll_mean,0.0005375719047151506
Climbing,643,nose_velocity_roll_sum,0.0005135296960361302
Climbing,644,B1R_y_roll_mean,0.00046449841465801
Climbing,645,H1L_x_t-3,0.0004047149559482932
Climbing,646,H2R_x_t-1,0.00032938391086645424
Climbing,647,global_body_angle_t-3,0.0002779332862701267
Climbing,648,dist_H2L_tail,0.00025499332696199417
Climbing,649,dist_H1L_tail_roll_mean,0.00025300783454440534
Climbing,650,B1R_x,0.00023947285080794245
Climbing,651,dist_B3L_H2R_roll_mean,0.00022152127348817885
Climbing,652,S2_x_t-2,0.00019175541820004582
Climbing,653,B3R_x_t-4,0.00017044899868778884
Climbing,654,B3R_y_roll_mean,6.636783655267209e-05
Climbing,655,dist_B3L_H1L_roll_mean,3.64932966476772e-05
Climbing,656,dist_B2L_nose_roll_sum,0.0
Climbing,657,dist_B2L_H2L_roll_sum,0.0
Climbing,658,dist_B2L_H2R_roll_sum,0.0
Climbing,659,dist_B2R_H1L,0.0
Climbing,660,dist_B2R_nose,0.0
Climbing,661,B2L_x_roll_sum,0.0
Climbing,662,B2L_y_roll_sum,0.0
Climbing,663,B2R_x_roll_mean,0.0
Climbing,664,dist_S1_tail_roll_sum,0.0
Climbing,665,dist_S1_nose_roll_sum,0.0
Climbing,666,dist_S2_tail_roll_sum,0.0
Climbing,667,dist_H2R_tail_roll_sum,0.0
Climbing,668,dist_H2L_tail_roll_sum,0.0
Climbing,669,dist_B1L_B3L_roll_sum,0.0
Climbing,670,dist_B2R_B3R_roll_sum,0.0
Climbing,671,dist_B1R_tail_roll_sum,0.0
Climbing,672,dist_B1R_S1_roll_sum,0.0
Climbing,673,tail_y_roll_sum,0.0
Climbing,674,nose_y_roll_sum,0.0
Climbing,675,S2_x_roll_sum,0.0
Climbing,676,dist_B1R_S2_roll_sum,0.0
Climbing,677,S2_y_t-3,0.0
Climbing,678,H2L_x_t-3,0.0
Climbing,679,B2R_y_t-3,0.0
Climbing,680,H1L_x_t-2,0.0
Climbing,681,B2R_velocity_roll_sum,0.0
Climbing,682,B3L_velocity_roll_sum,0.0
Climbing,683,dist_B2R_H2R_roll_sum,0.0
Climbing,684,B3R_y_roll_sum,0.0
Climbing,685,dist_B2R_B3L_roll_sum,0.0
Climbing,686,H1R_velocity_roll_sum,0.0
Climbing,687,H2L_velocity_roll_sum,0.0
Climbing,688,H2R_velocity_roll_sum,0.0
Climbing,689,B3R_velocity_roll_sum,0.0
Climbing,690,H1L_y_roll_sum,0.0
Climbing,691,H1R_x_roll_mean,0.0
Climbing,692,B3L_y_roll_sum,0.0
Climbing,693,B3R_x_roll_sum,0.0
Climbing,694,dist_B3R_S1_roll_sum,0.0
Climbing,695,dist_B3R_H1L_roll_sum,0.0
Climbing,696,dist_B3R_H1R_roll_sum,0.0
Climbing,697,dist_B3L_S2_roll_sum,0.0
Climbing,698,dist_B3L_nose_roll_sum,0.0
Climbing,699,dist_B3L_H2L_roll_sum,0.0
Climbing,700,nose_x_roll_sum,0.0
Climbing,701,H2R_y_roll_sum,0.0
Climbing,702,dist_B3R_H2R_roll_sum,0.0
Climbing,703,angular_velocity_roll_sum,0.0
Climbing,704,S1_velocity_roll_sum,0.0
Climbing,705,S2_velocity_roll_sum,0.0
Climbing,706,B3L_y_t-1,0.0
Climbing,707,dist_nose_tail,0.0
Climbing,708,dist_B1L_B1R_roll_sum,0.0
Climbing,709,centroid_velocity_roll_sum,0.0
Climbing,710,B1R_x_roll_sum,0.0
Climbing,711,B3L_x_roll_sum,0.0
Climbing,712,dist_B3L_H2R_roll_sum,0.0
Climbing,713,dist_B3L_H1L_roll_sum,0.0
Climbing,714,dist_B3L_H1R_roll_sum,0.0
Climbing,715,S2_y_roll_sum,0.0
Climbing,716,B1L_y_roll_sum,0.0
Climbing,717,dist_B2L_B3L_roll_sum,0.0
Climbing,718,B2R_x_roll_sum,0.0
Climbing,719,H1R_x,0.0
Freezing,1,global_body_angular_velocity,0.38197851181030273
Freezing,2,S2_velocity,0.3442194163799286
Freezing,3,angular_velocity,0.27845707535743713
Freezing,4,tail_velocity,0.25746777653694153
Freezing,5,tail_velocity_roll_mean,0.2507973313331604
Freezing,6,nose_velocity_roll_mean,0.24530915915966034
Freezing,7,H2L_velocity_roll_mean,0.2403351366519928
Freezing,8,H1L_velocity,0.14189603924751282
Freezing,9,dist_B2R_H2L_roll_std,0.14014264941215515
Freezing,10,nose_velocity,0.12798386812210083
Freezing,11,H2L_velocity,0.11327317357063293
Freezing,12,H2R_velocity,0.09876927733421326
Freezing,13,H2R_velocity_roll_mean,0.09876882284879684
Freezing,14,dist_B1R_H2L_roll_std,0.09299437701702118
Freezing,15,dist_B3L_S2_roll_std,0.08894392848014832
Freezing,16,B1R_velocity_roll_mean,0.08585838973522186
Freezing,17,dist_B1L_S2_roll_std,0.08337240666151047
Freezing,18,dist_B2L_H1L_roll_std,0.08192238956689835
Freezing,19,dist_S1_tail_roll_std,0.08137255907058716
Freezing,20,S2_velocity_roll_mean,0.07844332605600357
Freezing,21,B3L_velocity,0.06973487883806229
Freezing,22,dist_B1R_H2R_roll_std,0.06825482100248337
Freezing,23,dist_B2L_H2R_roll_std,0.06539405882358551
Freezing,24,B1R_velocity,0.06278868764638901
Freezing,25,dist_B1R_B3L_roll_std,0.06271566450595856
Freezing,26,dist_H1L_S2_roll_std,0.06112607941031456
Freezing,27,dist_B1R_S2_roll_std,0.060656990855932236
Freezing,28,dist_B1L_B2R_roll_std,0.059946078807115555
Freezing,29,B3L_velocity_roll_mean,0.057336870580911636
Freezing,30,dist_B3R_S2_roll_std,0.057178426533937454
Freezing,31,dist_H1L_H1R,0.05699921399354935
Freezing,32,dist_H2L_nose_roll_std,0.05353222042322159
Freezing,33,B2R_velocity,0.053035132586956024
Freezing,34,B3R_velocity_roll_mean,0.05008695274591446
Freezing,35,dist_B1R_B2L_roll_std,0.04929245263338089
Freezing,36,dist_B3R_S1_roll_std,0.04606010764837265
Freezing,37,dist_B3R_H1L_roll_std,0.04424120485782623
Freezing,38,dist_B2R_tail_roll_std,0.04338911175727844
Freezing,39,dist_B2R_S2_roll_std,0.04331895709037781
Freezing,40,dist_H1L_H2R_roll_mean,0.042730607092380524
Freezing,41,H2L_y_t-3,0.042341865599155426
Freezing,42,B3R_velocity,0.04204102233052254
Freezing,43,dist_B2L_B2R,0.04174401983618736
Freezing,44,dist_B1R_S1,0.041710011661052704
Freezing,45,dist_H1L_H2L,0.04148833081126213
Freezing,46,B3L_velocity_roll_std,0.041098702698946
Freezing,47,dist_B1L_B1R,0.04063029587268829
Freezing,48,dist_H2R_nose_roll_std,0.03952707350254059
Freezing,49,dist_B3L_H2L_roll_std,0.039501916617155075
Freezing,50,dist_B2R_S2_roll_sum,0.03847774490714073
Freezing,51,dist_H2L_S2_roll_mean,0.0384029895067215
Freezing,52,dist_B1L_H1L_roll_std,0.03771432861685753
Freezing,53,dist_B2L_B3R,0.037378158420324326
Freezing,54,dist_B2R_S1_roll_std,0.03654617443680763
Freezing,55,dist_B3L_H2R_roll_std,0.035844940692186356
Freezing,56,dist_B3L_H1R_roll_std,0.035338375717401505
Freezing,57,H1R_velocity_roll_std,0.03532570227980614
Freezing,58,angular_velocity_roll_std,0.03462008386850357
Freezing,59,dist_B1L_H1R_roll_sum,0.03413980454206467
Freezing,60,dist_B3L_tail,0.033478956669569016
Freezing,61,B1L_velocity_roll_mean,0.03344929590821266
Freezing,62,B2L_velocity_roll_mean,0.03321341425180435
Freezing,63,dist_B2R_S2,0.03311784937977791
Freezing,64,angular_velocity_t-1,0.03307196497917175
Freezing,65,B3R_velocity_roll_std,0.032510027289390564
Freezing,66,dist_B2L_B3L_roll_std,0.03202657774090767
Freezing,67,dist_H1L_tail_roll_std,0.03195634111762047
Freezing,68,dist_B1L_B1R_roll_std,0.031941451132297516
Freezing,69,centroid_velocity_roll_sum,0.03190741315484047
Freezing,70,global_body_angular_velocity_t-1,0.0314396396279335
Freezing,71,dist_B1R_nose_roll_std,0.03104313835501671
Freezing,72,dist_B1L_H2R,0.030971575528383255
Freezing,73,B1R_velocity_roll_std,0.03087501972913742
Freezing,74,H1R_velocity,0.030872417613863945
Freezing,75,S1_x_t-3,0.03055434860289097
Freezing,76,dist_H1R_H2L,0.03038426861166954
Freezing,77,dist_B2R_H2L,0.030022485181689262
Freezing,78,angular_velocity_t-5,0.02972419001162052
Freezing,79,dist_B3L_nose_roll_std,0.029560759663581848
Freezing,80,dist_H1R_nose_roll_std,0.029171597212553024
Freezing,81,dist_B1L_H2R_roll_std,0.028759295120835304
Freezing,82,dist_B2L_H2L_roll_std,0.02802092395722866
Freezing,83,global_body_angular_velocity_roll_std,0.027839258313179016
Freezing,84,dist_H2R_tail_roll_std,0.027657151222229004
Freezing,85,B2R_velocity_roll_mean,0.027502628043293953
Freezing,86,B1L_x_roll_std,0.02736513502895832
Freezing,87,dist_H1R_S1_roll_std,0.02711448259651661
Freezing,88,dist_B3R_H2R_roll_std,0.02668461762368679
Freezing,89,dist_B2R_H1R_roll_std,0.02660316415131092
Freezing,90,dist_H1L_H2L_roll_std,0.0264865905046463
Freezing,91,H2L_y_t-2,0.026286324486136436
Freezing,92,dist_B2L_tail_roll_std,0.026103204116225243
Freezing,93,B2L_y_roll_std,0.025938324630260468
Freezing,94,dist_B1R_B2L_roll_sum,0.025708146393299103
Freezing,95,dist_B2R_H1L_roll_std,0.025565290823578835
Freezing,96,dist_B1R_B2R_roll_std,0.025426847860217094
Freezing,97,dist_H1L_nose_roll_mean,0.025383567437529564
Freezing,98,dist_B1L_nose,0.02521890588104725
Freezing,99,dist_H2R_S2_roll_std,0.025218497961759567
Freezing,100,angular_velocity_t-2,0.025186074897646904
Freezing,101,dist_B3R_tail_roll_std,0.02469388023018837
Freezing,102,dist_B3L_tail_roll_std,0.0244609322398901
Freezing,103,global_body_angular_velocity_t-5,0.02426290698349476
Freezing,104,B1L_velocity,0.0232942383736372
Freezing,105,H2R_x_roll_std,0.023079590871930122
Freezing,106,dist_H1R_S1,0.022851377725601196
Freezing,107,dist_B1L_B1R_roll_sum,0.022628195583820343
Freezing,108,dist_B3L_H1L_roll_std,0.02258455380797386
Freezing,109,dist_H1R_H2L_roll_mean,0.021896744146943092
Freezing,110,dist_H2L_S1,0.02165396325290203
Freezing,111,B2L_velocity,0.021394427865743637
Freezing,112,dist_B2L_S2_roll_std,0.021365895867347717
Freezing,113,H1L_velocity_roll_mean,0.02122564986348152
Freezing,114,dist_B1L_H2L_roll_mean,0.021163534373044968
Freezing,115,dist_B2R_H2R_roll_std,0.021095434203743935
Freezing,116,dist_B1R_H2R,0.02104654721915722
Freezing,117,dist_B1L_B3L_roll_std,0.02067548595368862
Freezing,118,dist_B1L_S1,0.020622283220291138
Freezing,119,dist_B3R_S1,0.02058778889477253
Freezing,120,dist_B2L_tail,0.02041628398001194
Freezing,121,H1L_y_roll_mean,0.0203112605959177
Freezing,122,dist_B3R_S2,0.02005060203373432
Freezing,123,nose_y_roll_std,0.019803335890173912
Freezing,124,dist_B2L_B2R_roll_sum,0.019403034821152687
Freezing,125,nose_velocity_roll_std,0.019279567524790764
Freezing,126,H1L_y_roll_std,0.01910076104104519
Freezing,127,H1L_x_roll_std,0.019001562148332596
Freezing,128,dist_H2R_nose,0.018990280106663704
Freezing,129,dist_B1L_B2L,0.018847525119781494
Freezing,130,dist_H2L_tail,0.018781399354338646
Freezing,131,dist_B2L_nose_roll_std,0.018668904900550842
Freezing,132,dist_B3L_S1_roll_std,0.018617451190948486
Freezing,133,dist_B1L_S1_roll_std,0.018493201583623886
Freezing,134,dist_H2L_H2R_roll_std,0.01810450479388237
Freezing,135,dist_H2L_nose_roll_sum,0.01807353086769581
Freezing,136,dist_S2_tail_roll_std,0.018050430342555046
Freezing,137,dist_B2L_B2R_roll_std,0.017889080569148064
Freezing,138,dist_B2R_tail,0.01775597780942917
Freezing,139,centroid_velocity_roll_std,0.017728541046380997
Freezing,140,dist_B1L_S1_roll_mean,0.01764453761279583
Freezing,141,H1L_x_t-1,0.017548177391290665
Freezing,142,S2_y_roll_std,0.01743832603096962
Freezing,143,S2_x,0.017132343724370003
Freezing,144,dist_B1L_H2L,0.017074674367904663
Freezing,145,dist_B1R_B3R_roll_std,0.017033636569976807
Freezing,146,S1_x,0.01701732724905014
Freezing,147,dist_H1R_H2R,0.016754839569330215
Freezing,148,dist_B1R_S1_roll_sum,0.016663098707795143
Freezing,149,H1L_y_t-5,0.016379456967115402
Freezing,150,dist_B2R_tail_roll_mean,0.016372818499803543
Freezing,151,dist_B1R_H1L_roll_std,0.016280341893434525
Freezing,152,dist_B2L_B3R_roll_std,0.016181612387299538
Freezing,153,orientation_change_5,0.016144340857863426
Freezing,154,centroid_x_roll_mean,0.01607000268995762
Freezing,155,S1_y_t-5,0.01605730503797531
Freezing,156,dist_H1R_S2_roll_mean,0.016047362238168716
Freezing,157,H1L_velocity_roll_std,0.01602645218372345
Freezing,158,S1_y_t-2,0.01601109839975834
Freezing,159,dist_B2L_H1R_roll_std,0.015966948121786118
Freezing,160,dist_B3L_B3R_roll_sum,0.015850787982344627
Freezing,161,dist_H2L_S2_roll_std,0.015767836943268776
Freezing,162,S1_x_t-1,0.01574680209159851
Freezing,163,S1_y_t-1,0.015744298696517944
Freezing,164,dist_B2L_B3R_roll_sum,0.015716107562184334
Freezing,165,dist_B1L_H1R_roll_std,0.01558119896799326
Freezing,166,tail_x_t-4,0.015556663274765015
Freezing,167,dist_S1_S2_roll_mean,0.015547442249953747
Freezing,168,dist_B2R_B3R_roll_std,0.015458098612725735
Freezing,169,dist_B3R_nose_roll_std,0.015401533804833889
Freezing,170,dist_B3L_H1R,0.01514106709510088
Freezing,171,dist_B1L_B2L_roll_std,0.015041754581034184
Freezing,172,dist_H1L_H2R,0.014767913147807121
Freezing,173,dist_B2R_B3L,0.014712599106132984
Freezing,174,dist_B2L_S2,0.014672430232167244
Freezing,175,dist_B1R_nose,0.014652825891971588
Freezing,176,H1L_y_t-2,0.01456308551132679
Freezing,177,dist_B2R_S1,0.014501678757369518
Freezing,178,dist_H2R_S1_roll_std,0.014314860105514526
Freezing,179,H1L_y_t-3,0.014288385398685932
Freezing,180,angular_velocity_t-4,0.014207329601049423
Freezing,181,angular_velocity_t-3,0.014156974852085114
Freezing,182,B1R_y_roll_std,0.01401751022785902
Freezing,183,H1R_velocity_roll_mean,0.01390516571700573
Freezing,184,dist_B1R_tail_roll_std,0.013883370906114578
Freezing,185,dist_B1L_H1R,0.013839999213814735
Freezing,186,dist_H1L_H2R_roll_std,0.013656956143677235
Freezing,187,S1_velocity,0.013534681871533394
Freezing,188,dist_S2_tail_roll_mean,0.013525210320949554
Freezing,189,dist_B1L_B3R_roll_std,0.013388566672801971
Freezing,190,dist_B1R_H1R_roll_std,0.013349205255508423
Freezing,191,H2L_y_roll_std,0.013320582918822765
Freezing,192,dist_B3R_S1_roll_mean,0.013263409957289696
Freezing,193,dist_H2R_S1_roll_mean,0.013259310275316238
Freezing,194,S2_x_t-3,0.01312935072928667
Freezing,195,B2R_y_t-5,0.01306087151169777
Freezing,196,S1_x_roll_mean,0.012968701310455799
Freezing,197,S2_y_t-4,0.012767689302563667
Freezing,198,H2R_x_t-4,0.012588921934366226
Freezing,199,B2R_velocity_roll_std,0.01251358911395073
Freezing,200,tail_y_roll_std,0.0124944057315588
Freezing,201,dist_S2_tail_roll_sum,0.01217226218432188
Freezing,202,dist_B2L_H2R_roll_mean,0.012157541699707508
Freezing,203,dist_H1L_nose_roll_std,0.012116948142647743
Freezing,204,dist_B2L_S1_roll_mean,0.012071036733686924
Freezing,205,dist_B2R_H1R,0.012059254571795464
Freezing,206,centroid_y,0.012058999389410019
Freezing,207,dist_H1L_S1,0.012040468864142895
Freezing,208,nose_x_roll_std,0.012001359835267067
Freezing,209,dist_B2L_B3L,0.011953766457736492
Freezing,210,dist_H1R_S1_roll_sum,0.011939112097024918
Freezing,211,dist_B2R_B3L_roll_mean,0.011851050890982151
Freezing,212,B1R_x_roll_std,0.011831804178655148
Freezing,213,H2R_y_roll_std,0.011722000315785408
Freezing,214,dist_B2L_S1,0.011665352620184422
Freezing,215,dist_B1L_B1R_roll_mean,0.011622521094977856
Freezing,216,dist_B2L_S2_roll_mean,0.011595802381634712
Freezing,217,dist_H2L_H2R,0.01136962603777647
Freezing,218,dist_S1_nose,0.011349344626069069
Freezing,219,dist_S2_nose,0.011339171789586544
Freezing,220,H2R_y,0.01129166316241026
Freezing,221,B2R_x,0.011289174668490887
Freezing,222,dist_H1L_S2_roll_mean,0.011227298527956009
Freezing,223,dist_B2R_nose_roll_mean,0.011207904666662216
Freezing,224,dist_S1_nose_roll_std,0.011178109794855118
Freezing,225,dist_B3L_H2L,0.01117218192666769
Freezing,226,dist_B2L_nose,0.011122406460344791
Freezing,227,global_body_angular_velocity_t-2,0.011093240231275558
Freezing,228,S1_x_roll_std,0.011070539243519306
Freezing,229,H1L_y,0.011069132015109062
Freezing,230,dist_B1R_H2L,0.011023555882275105
Freezing,231,B1R_y_t-3,0.010960505343973637
Freezing,232,dist_B3L_S1_roll_sum,0.01092996634542942
Freezing,233,dist_B2L_H2L,0.01092175766825676
Freezing,234,global_body_angle_t-4,0.01090564951300621
Freezing,235,tail_x_t-2,0.010894033126533031
Freezing,236,B1L_velocity_roll_sum,0.010865500196814537
Freezing,237,S1_x_t-2,0.010804884135723114
Freezing,238,B1R_y_t-2,0.010729176923632622
Freezing,239,dist_S2_tail,0.010500330477952957
Freezing,240,dist_B2L_S1_roll_std,0.01048163790255785
Freezing,241,dist_B3L_S2,0.010477024130523205
Freezing,242,dist_B2R_B3L_roll_std,0.010370566509664059
Freezing,243,B2L_x_t-5,0.010289816185832024
Freezing,244,nose_x_t-4,0.010261298157274723
Freezing,245,dist_B1L_nose_roll_std,0.01019969116896391
Freezing,246,dist_H1R_nose,0.010151013731956482
Freezing,247,B1R_y_t-5,0.010145037434995174
Freezing,248,B1L_velocity_roll_std,0.010088729672133923
Freezing,249,dist_H1L_H2R_roll_sum,0.010088072158396244
Freezing,250,dist_B3L_tail_roll_mean,0.010072287172079086
Freezing,251,dist_B2L_tail_roll_mean,0.009983220137655735
Freezing,252,dist_H1R_H2L_roll_std,0.009924163110554218
Freezing,253,global_body_angle_t-2,0.009922522120177746
Freezing,254,dist_H1L_H2L_roll_mean,0.00991738960146904
Freezing,255,dist_B2R_H2R,0.009813688695430756
Freezing,256,dist_B3L_H2L_roll_mean,0.009811426512897015
Freezing,257,dist_H1R_S2_roll_std,0.0097920261323452
Freezing,258,dist_B3R_tail_roll_mean,0.009759370237588882
Freezing,259,dist_B2L_B3L_roll_sum,0.009618284180760384
Freezing,260,dist_H2L_H2R_roll_mean,0.009578787721693516
Freezing,261,B3R_y_roll_std,0.009550914168357849
Freezing,262,dist_H1R_S2,0.009466608986258507
Freezing,263,dist_H1L_nose,0.009432187303900719
Freezing,264,dist_B2R_B3L_roll_sum,0.009385412558913231
Freezing,265,centroid_y_roll_std,0.009248370304703712
Freezing,266,dist_B3L_B3R,0.009221482090651989
Freezing,267,dist_S1_S2_roll_std,0.009158184751868248
Freezing,268,dist_H1L_S1_roll_std,0.009151948615908623
Freezing,269,dist_B2R_nose_roll_std,0.009128178469836712
Freezing,270,global_body_angular_velocity_t-3,0.009095607325434685
Freezing,271,H1R_x_roll_std,0.00906198937445879
Freezing,272,dist_B1L_H1L,0.008967475034296513
Freezing,273,B2L_x_t-1,0.008883698843419552
Freezing,274,nose_x,0.008747927844524384
Freezing,275,dist_H1R_H2R_roll_std,0.008744988590478897
Freezing,276,S1_y,0.008732001297175884
Freezing,277,B2R_y_t-3,0.008630169555544853
Freezing,278,dist_B1L_B2R_roll_mean,0.008554386906325817
Freezing,279,centroid_velocity_roll_mean,0.00854495633393526
Freezing,280,dist_H1R_H2R_roll_sum,0.008540483191609383
Freezing,281,S1_x_t-5,0.008539400063455105
Freezing,282,dist_B1L_B2L_roll_mean,0.008519326336681843
Freezing,283,dist_B1R_S2_roll_mean,0.008514092303812504
Freezing,284,dist_B3R_S2_roll_sum,0.00851358100771904
Freezing,285,dist_S1_tail_roll_mean,0.008463473059237003
Freezing,286,nose_y_roll_mean,0.008447779342532158
Freezing,287,dist_S1_tail_roll_sum,0.0084353843703866
Freezing,288,dist_B1L_H2L_roll_std,0.008423314429819584
Freezing,289,B3R_x_t-5,0.008414735086262226
Freezing,290,dist_B3R_H2L_roll_std,0.008397900499403477
Freezing,291,dist_B2R_B3R,0.008312034420669079
Freezing,292,dist_H2R_S2_roll_sum,0.008288544602692127
Freezing,293,H1R_x,0.008249232545495033
Freezing,294,B2R_y_t-2,0.008217822760343552
Freezing,295,dist_B2R_B3R_roll_mean,0.008212117478251457
Freezing,296,dist_B1R_B2R,0.008131733164191246
Freezing,297,dist_H2L_nose,0.008124835789203644
Freezing,298,B2R_x_t-1,0.008108196780085564
Freezing,299,tail_velocity_roll_std,0.008065150119364262
Freezing,300,B1R_y,0.008038382977247238
Freezing,301,S2_x_t-4,0.00801694393157959
Freezing,302,B2R_y,0.007990413345396519
Freezing,303,dist_B1R_H1R,0.007982425391674042
Freezing,304,S1_x_t-4,0.007959922775626183
Freezing,305,dist_H1R_nose_roll_mean,0.00794683676213026
Freezing,306,B3L_x_t-3,0.007882814854383469
Freezing,307,dist_H1L_H1R_roll_mean,0.007863175123929977
Freezing,308,H1R_x_t-3,0.007856597192585468
Freezing,309,H1L_y_t-4,0.007734793238341808
Freezing,310,global_body_angle_t-1,0.007721486035734415
Freezing,311,dist_H2L_nose_roll_mean,0.0076581561006605625
Freezing,312,dist_B3R_H1L,0.0076388465240597725
Freezing,313,dist_B1L_B3L_roll_mean,0.007554106879979372
Freezing,314,dist_B2R_nose,0.007543697487562895
Freezing,315,dist_B1R_H1L,0.007518684957176447
Freezing,316,B2R_x_roll_std,0.007459563668817282
Freezing,317,H1L_x_t-3,0.007416229695081711
Freezing,318,dist_B2L_S2_roll_sum,0.007375752553343773
Freezing,319,H2L_x_t-1,0.0073573957197368145
Freezing,320,dist_H2L_S1_roll_std,0.007275949232280254
Freezing,321,dist_S1_S2,0.0072698225267231464
Freezing,322,S2_velocity_roll_std,0.007205367553979158
Freezing,323,B3L_y_roll_std,0.007177499122917652
Freezing,324,S2_x_t-1,0.007147935219109058
Freezing,325,B1L_x,0.007107233628630638
Freezing,326,dist_B1R_S1_roll_mean,0.007083310279995203
Freezing,327,B2L_x_roll_std,0.007065601646900177
Freezing,328,centroid_displacement_5,0.0069841560907661915
Freezing,329,dist_H1R_H2R_roll_mean,0.0068696062080562115
Freezing,330,dist_B2L_B3L_roll_mean,0.006806198041886091
Freezing,331,dist_B2R_H1L,0.00680555822327733
Freezing,332,dist_B3R_tail_roll_sum,0.0068044764921069145
Freezing,333,dist_S2_nose_roll_std,0.006758728064596653
Freezing,334,dist_B2R_H2L_roll_mean,0.00673756143078208
Freezing,335,dist_B1R_B2L,0.006703370250761509
Freezing,336,B2L_x_t-3,0.0066698333248496056
Freezing,337,tail_x,0.006663378793746233
Freezing,338,dist_B1L_B2R_roll_sum,0.006581753958016634
Freezing,339,dist_B1L_S2_roll_mean,0.006565899588167667
Freezing,340,S2_x_roll_std,0.0065577682107687
Freezing,341,S1_y_roll_std,0.0065523614175617695
Freezing,342,dist_H1L_H1R_roll_std,0.006544461008161306
Freezing,343,dist_B1L_B3R_roll_mean,0.006522129289805889
Freezing,344,dist_B1L_B2R,0.006497346330434084
Freezing,345,B2R_x_t-2,0.006485494319349527
Freezing,346,S2_x_roll_mean,0.006479838863015175
Freezing,347,dist_B2L_H2R,0.006449611391872168
Freezing,348,H2L_velocity_roll_std,0.006423903163522482
Freezing,349,B2R_velocity_roll_sum,0.006402929779142141
Freezing,350,dist_B1R_tail_roll_sum,0.006351066753268242
Freezing,351,H2R_velocity_roll_std,0.006341729778796434
Freezing,352,dist_B2L_S1_roll_sum,0.0063136364333331585
Freezing,353,dist_B3R_tail,0.006301261484622955
Freezing,354,dist_H1L_S2,0.006270987913012505
Freezing,355,dist_B2L_B2R_roll_mean,0.006240494549274445
Freezing,356,dist_H2R_S1,0.006218884140253067
Freezing,357,dist_B1R_H2R_roll_sum,0.006206338293850422
Freezing,358,S1_velocity_roll_std,0.006205431651324034
Freezing,359,dist_B2L_H1R,0.006128576584160328
Freezing,360,B2R_y_t-1,0.006096897181123495
Freezing,361,global_body_angle_t-3,0.006081638857722282
Freezing,362,dist_B1R_nose_roll_mean,0.006062529515475035
Freezing,363,B3R_x_roll_std,0.006044473499059677
Freezing,364,S2_y_t-5,0.006030573975294828
Freezing,365,B2L_velocity_roll_std,0.005977311637252569
Freezing,366,dist_B3L_B3R_roll_std,0.005976838059723377
Freezing,367,dist_B1R_H2R_roll_mean,0.005959070287644863
Freezing,368,centroid_x,0.0059298621490597725
Freezing,369,B1L_x_t-5,0.005925727542489767
Freezing,370,global_body_angular_velocity_roll_mean,0.005877193063497543
Freezing,371,dist_H1L_S1_roll_mean,0.005853618960827589
Freezing,372,B2L_y_t-3,0.005802750121802092
Freezing,373,dist_B3R_H2L,0.005799527745693922
Freezing,374,B1L_x_t-4,0.005781042389571667
Freezing,375,B2L_y_t-5,0.005764894653111696
Freezing,376,dist_H2L_tail_roll_std,0.005764354020357132
Freezing,377,B3R_x_t-4,0.005749794654548168
Freezing,378,dist_H2R_S1_roll_sum,0.005736303515732288
Freezing,379,dist_B2L_tail_roll_sum,0.005734473466873169
Freezing,380,B1L_y,0.005683492869138718
Freezing,381,centroid_y_roll_sum,0.00567798875272274
Freezing,382,dist_B1L_B3L_roll_sum,0.0056775459088385105
Freezing,383,dist_B1L_S2,0.00565297482535243
Freezing,384,H2R_x_t-3,0.0056395148858428
Freezing,385,dist_B2R_S1_roll_mean,0.005616607144474983
Freezing,386,dist_B2R_H2L_roll_sum,0.005611840635538101
Freezing,387,B3R_y_t-1,0.005593546666204929
Freezing,388,B1R_x_t-3,0.0055734021589159966
Freezing,389,B3L_x_roll_std,0.005570181645452976
Freezing,390,dist_B1R_H2L_roll_sum,0.00556193245574832
Freezing,391,B2L_y_roll_mean,0.0055545056238770485
Freezing,392,B2L_y_t-1,0.005536461714655161
Freezing,393,nose_y_t-2,0.005485136993229389
Freezing,394,dist_B1L_tail_roll_std,0.005477461032569408
Freezing,395,nose_y,0.005363354925066233
Freezing,396,B3R_y_t-4,0.0053582447580993176
Freezing,397,dist_B2L_B3R_roll_mean,0.005322827957570553
Freezing,398,B1L_y_t-4,0.005296136252582073
Freezing,399,global_body_angle_roll_std,0.005278805736452341
Freezing,400,centroid_y_roll_mean,0.005257925949990749
Freezing,401,dist_B1L_S2_roll_sum,0.005183954257518053
Freezing,402,B2L_y,0.005137159954756498
Freezing,403,H2L_x,0.005088741425424814
Freezing,404,dist_B1L_H1R_roll_mean,0.005072237458080053
Freezing,405,dist_B3R_H1L_roll_mean,0.005054041743278503
Freezing,406,B2L_x_t-2,0.005038631148636341
Freezing,407,tail_y_t-1,0.005032537505030632
Freezing,408,centroid_x_roll_std,0.005007551051676273
Freezing,409,global_body_angle_t-5,0.004966645501554012
Freezing,410,H1R_x_roll_mean,0.004948948044329882
Freezing,411,H1R_x_t-1,0.0049336315132677555
Freezing,412,dist_H2R_nose_roll_mean,0.004929004702717066
Freezing,413,dist_B2R_H2R_roll_mean,0.004926808178424835
Freezing,414,tail_y_t-3,0.00489830831065774
Freezing,415,global_body_angle_roll_mean,0.004882933106273413
Freezing,416,B1L_y_roll_std,0.004877299070358276
Freezing,417,dist_H2L_S2,0.004786836914718151
Freezing,418,B3R_x_t-1,0.00477614626288414
Freezing,419,dist_B1L_H2L_roll_sum,0.004755930043756962
Freezing,420,H2L_x_t-5,0.004733701702207327
Freezing,421,dist_B2R_S2_roll_mean,0.004612480290234089
Freezing,422,dist_B3L_B3R_roll_mean,0.0045885141007602215
Freezing,423,S1_velocity_roll_mean,0.004557963460683823
Freezing,424,B2R_x_t-5,0.004456261172890663
Freezing,425,dist_B3L_S1,0.004423370119184256
Freezing,426,dist_B3R_H2L_roll_mean,0.004406045190989971
Freezing,427,centroid_x_roll_sum,0.004370950628072023
Freezing,428,dist_B2L_H1L_roll_mean,0.004333051387220621
Freezing,429,tail_x_roll_std,0.004310836084187031
Freezing,430,B1L_x_t-1,0.00429615518078208
Freezing,431,H2L_y_t-1,0.004264120012521744
Freezing,432,dist_B2R_tail_roll_sum,0.004254740662872791
Freezing,433,dist_B1R_H1R_roll_mean,0.004230070859193802
Freezing,434,dist_B1R_S1_roll_std,0.004205674864351749
Freezing,435,B3R_y_t-5,0.00416939053684473
Freezing,436,B1R_x_roll_mean,0.004163145553320646
Freezing,437,dist_B1L_B3L,0.0041350144892930984
Freezing,438,tail_x_t-3,0.004102509468793869
Freezing,439,B3R_x_t-2,0.0040984489023685455
Freezing,440,dist_B3R_H1R,0.004097949713468552
Freezing,441,dist_H2R_tail,0.004088316112756729
Freezing,442,dist_S1_nose_roll_mean,0.004057603422552347
Freezing,443,dist_B1L_nose_roll_mean,0.004044245928525925
Freezing,444,H1R_y_t-5,0.004019615706056356
Freezing,445,dist_B3R_S2_roll_mean,0.004012871999293566
Freezing,446,angular_velocity_roll_mean,0.004008987452834845
Freezing,447,dist_S1_tail,0.003932297229766846
Freezing,448,dist_B2L_H1L,0.003918435890227556
Freezing,449,H2L_x_roll_std,0.0039046676829457283
Freezing,450,dist_H1R_tail_roll_std,0.003870925633236766
Freezing,451,dist_H1R_tail_roll_mean,0.003831618232652545
Freezing,452,B3L_x_t-2,0.003827675711363554
Freezing,453,B3L_x,0.0038128977175801992
Freezing,454,global_body_angle,0.0037686286959797144
Freezing,455,dist_B3L_S2_roll_mean,0.0037640270311385393
Freezing,456,dist_B1R_H2L_roll_mean,0.0037442680913954973
Freezing,457,B3R_y,0.003732906188815832
Freezing,458,dist_B1R_B3L,0.0037203808315098286
Freezing,459,global_body_angular_velocity_t-4,0.0036746799014508724
Freezing,460,S1_x_roll_sum,0.003635552478954196
Freezing,461,orientation_angle,0.0036306984256953
Freezing,462,dist_B1R_S2_roll_sum,0.0036159688606858253
Freezing,463,H2R_y_t-3,0.003594179404899478
Freezing,464,tail_y_t-4,0.0035618478432297707
Freezing,465,B3L_y,0.0035504039842635393
Freezing,466,H2R_y_t-2,0.003544808831065893
Freezing,467,dist_B2L_H2L_roll_mean,0.0035000790376216173
Freezing,468,dist_nose_tail_roll_std,0.0034956238232553005
Freezing,469,B2R_y_roll_std,0.0034943032078444958
Freezing,470,tail_y,0.003464143257588148
Freezing,471,dist_B1R_B3R,0.003450434422120452
Freezing,472,H1R_y_t-1,0.0034382417798042297
Freezing,473,B2R_x_t-4,0.003436535131186247
Freezing,474,dist_B1R_B2R_roll_mean,0.0033970812801271677
Freezing,475,B2R_x_t-3,0.0033869410399347544
Freezing,476,H2R_x,0.003371292492374778
Freezing,477,dist_B3R_H1R_roll_std,0.00336816580966115
Freezing,478,dist_B2R_H1L_roll_mean,0.003294469090178609
Freezing,479,H2R_y_roll_mean,0.003241135971620679
Freezing,480,tail_x_t-5,0.0032342567574232817
Freezing,481,dist_H1R_S1_roll_mean,0.0031909761019051075
Freezing,482,H1R_y_roll_mean,0.003188258269801736
Freezing,483,nose_x_t-2,0.003093486651778221
Freezing,484,dist_H2L_S1_roll_mean,0.0030900435522198677
Freezing,485,S2_y,0.0030833627097308636
Freezing,486,dist_B3L_H1L_roll_mean,0.0029501845128834248
Freezing,487,B2L_y_t-4,0.0029424824751913548
Freezing,488,dist_H1L_H1R_roll_sum,0.002934498945251107
Freezing,489,S1_y_t-3,0.0029228320345282555
Freezing,490,B1R_y_roll_mean,0.0029118764214217663
Freezing,491,S2_x_t-5,0.0028141529764980078
Freezing,492,B1R_y_t-4,0.0028031212277710438
Freezing,493,dist_H2L_tail_roll_mean,0.002802264178171754
Freezing,494,dist_B1L_H2R_roll_sum,0.002775009023025632
Freezing,495,H2L_y_roll_mean,0.0027540128212422132
Freezing,496,H1R_x_t-5,0.002738564508035779
Freezing,497,orientation_angle_t-5,0.0027352895122021437
Freezing,498,dist_B1R_S2,0.0026616198010742664
Freezing,499,dist_B1R_H1L_roll_mean,0.002643443876877427
Freezing,500,dist_B1L_H2R_roll_mean,0.0026190862990915775
Freezing,501,dist_H2R_S2_roll_mean,0.0025873875711113214
Freezing,502,H1R_y_t-4,0.0025378214195370674
Freezing,503,dist_B3L_H1R_roll_mean,0.002528564305976033
Freezing,504,dist_H2L_H2R_roll_sum,0.0024830102920532227
Freezing,505,dist_B1L_tail,0.002454229397699237
Freezing,506,H1R_x_t-4,0.002442440250888467
Freezing,507,global_body_angular_velocity_roll_sum,0.0024323314428329468
Freezing,508,dist_B2L_nose_roll_mean,0.002422093879431486
Freezing,509,S2_x_t-2,0.002416006987914443
Freezing,510,H1R_y_roll_std,0.0023461123928427696
Freezing,511,S1_y_roll_mean,0.002298030536621809
Freezing,512,dist_S2_nose_roll_mean,0.0022529831621795893
Freezing,513,B1L_y_roll_mean,0.0022263173013925552
Freezing,514,dist_H1R_tail,0.0022104415111243725
Freezing,515,dist_B1R_B3L_roll_sum,0.0021914152894169092
Freezing,516,H2L_y_roll_sum,0.002186330733820796
Freezing,517,H1R_y_t-3,0.002172989770770073
Freezing,518,centroid_velocity,0.0021682525984942913
Freezing,519,B3R_y_t-3,0.0021581724286079407
Freezing,520,B3L_x_t-5,0.002135154325515032
Freezing,521,B3L_x_t-1,0.002112480578944087
Freezing,522,B1L_y_t-5,0.002097031334415078
Freezing,523,B1L_y_t-1,0.0020926196593791246
Freezing,524,dist_B3L_tail_roll_sum,0.002050926210358739
Freezing,525,dist_B3L_S2_roll_sum,0.002038882579654455
Freezing,526,dist_B3R_nose_roll_mean,0.0020384930539876223
Freezing,527,S1_y_t-4,0.001988636329770088
Freezing,528,B3L_x_roll_mean,0.0019663749262690544
Freezing,529,tail_y_t-5,0.0019661448895931244
Freezing,530,dist_B1R_B2L_roll_mean,0.0019647758454084396
Freezing,531,B2L_x_t-4,0.0018996915314346552
Freezing,532,B1R_x_t-2,0.001829560729674995
Freezing,533,dist_B3R_S1_roll_sum,0.0018107953947037458
Freezing,534,dist_S1_nose_roll_sum,0.001783689484000206
Freezing,535,B1R_x_t-5,0.0017472206382080913
Freezing,536,S2_y_t-1,0.0017414083704352379
Freezing,537,orientation_angle_t-2,0.0016824620543047786
Freezing,538,B1L_x_t-3,0.0016726992325857282
Freezing,539,B3L_y_t-2,0.001631876453757286
Freezing,540,dist_B3L_H1L,0.0016270229825749993
Freezing,541,dist_B1L_nose_roll_sum,0.0016154268523678184
Freezing,542,dist_B3R_nose,0.0016150677110999823
Freezing,543,dist_B1R_nose_roll_sum,0.0015882831066846848
Freezing,544,B1L_x_t-2,0.0015754284104332328
Freezing,545,dist_B3L_S1_roll_mean,0.0015424147713929415
Freezing,546,H1L_x_t-5,0.0015422434080392122
Freezing,547,B1R_x_t-1,0.0015302224783226848
Freezing,548,B3L_x_t-4,0.0015242904191836715
Freezing,549,H2R_x_t-5,0.0015214052982628345
Freezing,550,dist_B3L_H2R,0.0015089844819158316
Freezing,551,B3R_x,0.0014849574072286487
Freezing,552,dist_H2R_tail_roll_mean,0.0014678341103717685
Freezing,553,B1R_y_t-1,0.001436296384781599
Freezing,554,dist_B2L_H2R_roll_sum,0.0014150835340842605
Freezing,555,B1R_x_t-4,0.0013968130806460977
Freezing,556,nose_x_t-3,0.0013892084825783968
Freezing,557,tail_x_roll_sum,0.0013623411068692803
Freezing,558,dist_B1R_B3L_roll_mean,0.001327437232248485
Freezing,559,B2L_y_t-2,0.0012797652743756771
Freezing,560,tail_y_t-2,0.0012477480340749025
Freezing,561,dist_B3R_H2R_roll_mean,0.0012294474290683866
Freezing,562,B2R_y_t-4,0.0011691722320392728
Freezing,563,dist_B1R_B3R_roll_sum,0.0011617961572483182
Freezing,564,B2L_x_roll_mean,0.0011554340599104762
Freezing,565,dist_H1L_nose_roll_sum,0.0011440502712503076
Freezing,566,nose_y_t-1,0.0011189935030415654
Freezing,567,H1R_y,0.0010727966437116265
Freezing,568,dist_B1L_H1L_roll_sum,0.0010607034200802445
Freezing,569,H2L_x_t-2,0.0010414677672088146
Freezing,570,dist_B3R_H2R,0.0010131471790373325
Freezing,571,dist_B2R_S1_roll_sum,0.0010046912357211113
Freezing,572,nose_x_t-1,0.0009803620632737875
Freezing,573,B2L_x,0.000974365568254143
Freezing,574,H2R_y_t-1,0.0009595221490599215
Freezing,575,H2R_y_t-4,0.0009535158169455826
Freezing,576,dist_B3R_H2L_roll_sum,0.0009405463933944702
Freezing,577,B3L_y_roll_mean,0.0009012724040076137
Freezing,578,dist_H1L_tail,0.0008928247261792421
Freezing,579,dist_B1L_S1_roll_sum,0.0008856283384375274
Freezing,580,dist_H2R_S2,0.0008364507229998708
Freezing,581,nose_y_t-5,0.0008067971793934703
Freezing,582,H2L_x_roll_mean,0.0007751474040560424
Freezing,583,dist_H2L_S1_roll_sum,0.0007540936348959804
Freezing,584,H2L_x_t-4,0.0007464447407983243
Freezing,585,H2L_y_t-5,0.000740460236556828
Freezing,586,H1R_x_t-2,0.0007279532146640122
Freezing,587,B1R_x,0.0006384025909937918
Freezing,588,dist_B1R_tail,0.0006264688563533127
Freezing,589,S2_y_t-3,0.0006143093924038112
Freezing,590,dist_B2L_H1L_roll_sum,0.0006120494799688458
Freezing,591,B3L_y_t-5,0.0006078683654777706
Freezing,592,S2_y_t-2,0.0006044403999112546
Freezing,593,B1L_y_roll_sum,0.0005582697340287268
Freezing,594,orientation_angle_t-4,0.0005314801819622517
Freezing,595,dist_H1L_tail_roll_sum,0.0005204953486099839
Freezing,596,H2L_y,0.00036897161044180393
Freezing,597,H1L_x_roll_mean,0.0003405718307476491
Freezing,598,dist_H1R_tail_roll_sum,0.0002632011310197413
Freezing,599,H2R_y_t-5,0.0002593732497189194
Freezing,600,dist_B1L_tail_roll_mean,0.00025436346186324954
Freezing,601,dist_B1R_tail_roll_mean,0.0002399849472567439
Freezing,602,dist_B2R_H1L_roll_sum,0.00023964406864251941
Freezing,603,nose_y_t-3,0.00023603597946930677
Freezing,604,dist_H2L_tail_roll_sum,0.00023458294162992388
Freezing,605,dist_S2_nose_roll_sum,0.00015999277820810676
Freezing,606,dist_B1L_H1L_roll_mean,0.00012775689538102597
Freezing,607,B3L_y_t-3,0.00010558981011854485
Freezing,608,dist_H1L_tail_roll_mean,0.0
Freezing,609,dist_nose_tail_roll_mean,0.0
Freezing,610,dist_nose_tail_roll_sum,0.0
Freezing,611,dist_S1_S2_roll_sum,0.0
Freezing,612,dist_H2R_nose_roll_sum,0.0
Freezing,613,dist_H2L_S2_roll_sum,0.0
Freezing,614,dist_B1L_B3R,0.0
Freezing,615,H1L_x,0.0
Freezing,616,dist_B2R_H1R_roll_mean,0.0
Freezing,617,dist_B2R_H1R_roll_sum,0.0
Freezing,618,dist_B2R_B3R_roll_sum,0.0
Freezing,619,nose_x_t-5,0.0
Freezing,620,B1R_x_roll_sum,0.0
Freezing,621,B1R_y_roll_sum,0.0
Freezing,622,B1L_x_roll_mean,0.0
Freezing,623,B1L_x_roll_sum,0.0
Freezing,624,dist_B2R_nose_roll_sum,0.0
Freezing,625,dist_B2R_H2R_roll_sum,0.0
Freezing,626,B2R_y_roll_sum,0.0
Freezing,627,B3L_x_roll_sum,0.0
Freezing,628,B2L_x_roll_sum,0.0
Freezing,629,B2L_y_roll_sum,0.0
Freezing,630,B2R_x_roll_mean,0.0
Freezing,631,nose_y_t-4,0.0
Freezing,632,H1L_x_t-4,0.0
Freezing,633,H2L_y_t-4,0.0
Freezing,634,H1L_y_roll_sum,0.0
Freezing,635,B3L_y_roll_sum,0.0
Freezing,636,B3R_x_roll_mean,0.0
Freezing,637,B3R_x_roll_sum,0.0
Freezing,638,B3R_y_roll_mean,0.0
Freezing,639,B3R_y_roll_sum,0.0
Freezing,640,B2R_x_roll_sum,0.0
Freezing,641,B2R_y_roll_mean,0.0
Freezing,642,B3L_y_t-4,0.0
Freezing,643,orientation_angle_t-3,0.0
Freezing,644,dist_B3R_H1L_roll_sum,0.0
Freezing,645,dist_B3R_H1R_roll_mean,0.0
Freezing,646,dist_B3R_H1R_roll_sum,0.0
Freezing,647,dist_B3L_nose_roll_mean,0.0
Freezing,648,dist_B3L_nose_roll_sum,0.0
Freezing,649,dist_B3L_H2L_roll_sum,0.0
Freezing,650,dist_B3L_H2R_roll_mean,0.0
Freezing,651,dist_B3L_H2R_roll_sum,0.0
Freezing,652,H2R_y_roll_sum,0.0
Freezing,653,H1R_x_roll_sum,0.0
Freezing,654,H1R_y_roll_sum,0.0
Freezing,655,H2L_x_roll_sum,0.0
Freezing,656,H1L_x_roll_sum,0.0
Freezing,657,dist_B3L_H1L_roll_sum,0.0
Freezing,658,dist_B3L_H1R_roll_sum,0.0
Freezing,659,H2L_x_t-3,0.0
Freezing,660,dist_B2L_H2L_roll_sum,0.0
Freezing,661,dist_B2L_H1R_roll_mean,0.0
Freezing,662,dist_B2L_H1R_roll_sum,0.0
Freezing,663,H2R_x_roll_mean,0.0
Freezing,664,H2R_x_roll_sum,0.0
Freezing,665,B3R_x_t-3,0.0
Freezing,666,B1L_y_t-3,0.0
Freezing,667,dist_H1L_S1_roll_sum,0.0
Freezing,668,dist_H1L_S2_roll_sum,0.0
Freezing,669,dist_H1L_H2L_roll_sum,0.0
Freezing,670,S2_y_roll_mean,0.0
Freezing,671,S2_y_roll_sum,0.0
Freezing,672,nose_x_roll_mean,0.0
Freezing,673,nose_x_roll_sum,0.0
Freezing,674,S1_y_roll_sum,0.0
Freezing,675,dist_B2L_nose_roll_sum,0.0
Freezing,676,dist_B3R_nose_roll_sum,0.0
Freezing,677,dist_B3R_H2R_roll_sum,0.0
Freezing,678,H1L_x_t-2,0.0
Freezing,679,H1R_y_t-2,0.0
Freezing,680,H2R_x_t-2,0.0
Freezing,681,B1R_velocity_roll_sum,0.0
Freezing,682,nose_y_roll_sum,0.0
Freezing,683,tail_x_roll_mean,0.0
Freezing,684,tail_y_roll_mean,0.0
Freezing,685,tail_y_roll_sum,0.0
Freezing,686,S2_x_roll_sum,0.0
Freezing,687,dist_B1R_H1L_roll_sum,0.0
Freezing,688,dist_B1R_H1R_roll_sum,0.0
Freezing,689,dist_B1R_B2R_roll_sum,0.0
Freezing,690,dist_B1R_B3R_roll_mean,0.0
Freezing,691,B3R_y_t-2,0.0
Freezing,692,orientation_angle_t-1,0.0
Freezing,693,B1L_y_t-2,0.0
Freezing,694,tail_x_t-1,0.0
Freezing,695,H1L_y_t-1,0.0
Freezing,696,H2R_x_t-1,0.0
Freezing,697,B3L_y_t-1,0.0
Freezing,698,nose_velocity_roll_sum,0.0
Freezing,699,H2L_velocity_roll_sum,0.0
Freezing,700,H2R_velocity_roll_sum,0.0
Freezing,701,B3R_velocity_roll_sum,0.0
Freezing,702,H1L_velocity_roll_sum,0.0
Freezing,703,H1R_velocity_roll_sum,0.0
Freezing,704,B2L_velocity_roll_sum,0.0
Freezing,705,B3L_velocity_roll_sum,0.0
Freezing,706,dist_nose_tail,0.0
Freezing,707,dist_B1L_B2L_roll_sum,0.0
Freezing,708,global_body_angle_roll_sum,0.0
Freezing,709,angular_velocity_roll_sum,0.0
Freezing,710,tail_velocity_roll_sum,0.0
Freezing,711,S1_velocity_roll_sum,0.0
Freezing,712,S2_velocity_roll_sum,0.0
Freezing,713,dist_B3L_nose,0.0
Freezing,714,dist_H1R_S2_roll_sum,0.0
Freezing,715,dist_H1R_nose_roll_sum,0.0
Freezing,716,dist_H1R_H2L_roll_sum,0.0
Freezing,717,dist_B1L_tail_roll_sum,0.0
Freezing,718,dist_B1L_B3R_roll_sum,0.0
Freezing,719,dist_H2R_tail_roll_sum,0.0
Grooming,1,dist_H2R_tail,0.3327457308769226
Grooming,2,H1R_x_roll_std,0.3087090849876404
Grooming,3,S1_velocity_roll_std,0.29851779341697693
Grooming,4,dist_nose_tail_roll_mean,0.2707071304321289
Grooming,5,dist_nose_tail,0.2509557604789734
Grooming,6,dist_B3R_tail_roll_std,0.2296227216720581
Grooming,7,dist_B3L_tail_roll_std,0.20690485835075378
Grooming,8,B3R_velocity_roll_std,0.1909729242324829
Grooming,9,dist_B2L_B3L_roll_sum,0.18087078630924225
Grooming,10,B3R_velocity_roll_sum,0.14523452520370483
Grooming,11,dist_B1L_tail,0.1373947560787201
Grooming,12,S2_velocity_roll_std,0.13183623552322388
Grooming,13,dist_B3R_tail_roll_sum,0.1215331181883812
Grooming,14,dist_H2R_tail_roll_std,0.11901728063821793
Grooming,15,H1L_velocity_roll_std,0.09957291930913925
Grooming,16,dist_H1R_nose,0.09193571656942368
Grooming,17,dist_B1R_S1_roll_std,0.0903840959072113
Grooming,18,dist_H1R_tail,0.08374974131584167
Grooming,19,H2L_velocity_roll_std,0.08099352568387985
Grooming,20,B1R_y,0.07794966548681259
Grooming,21,dist_B2R_H2R,0.07609500735998154
Grooming,22,dist_H1L_tail_roll_mean,0.07433705776929855
Grooming,23,dist_S1_S2,0.07241092622280121
Grooming,24,dist_B3R_tail,0.07033012062311172
Grooming,25,H1R_velocity_roll_std,0.0687592625617981
Grooming,26,B1L_x,0.06351594626903534
Grooming,27,dist_B3L_H2L,0.06285226345062256
Grooming,28,dist_B3L_S1_roll_mean,0.05834770202636719
Grooming,29,dist_H1R_tail_roll_std,0.05723431706428528
Grooming,30,dist_B2L_H2L_roll_mean,0.05665949732065201
Grooming,31,dist_B2L_B3L_roll_mean,0.05517687276005745
Grooming,32,dist_B2R_H1R,0.05472852289676666
Grooming,33,dist_H2L_S1_roll_std,0.050552137196063995
Grooming,34,H2R_velocity_roll_std,0.049403686076402664
Grooming,35,B2R_velocity_roll_sum,0.047997135668992996
Grooming,36,B1L_x_t-1,0.04792197793722153
Grooming,37,dist_H2R_nose,0.046766601502895355
Grooming,38,S1_y_t-1,0.04652850329875946
Grooming,39,dist_nose_tail_roll_std,0.04253850132226944
Grooming,40,dist_B1R_B2R_roll_mean,0.041903525590896606
Grooming,41,dist_H1L_nose,0.04141334444284439
Grooming,42,dist_H2L_H2R,0.039439208805561066
Grooming,43,dist_B1R_tail,0.03751428797841072
Grooming,44,angular_velocity_t-5,0.03601941838860512
Grooming,45,dist_B3L_tail_roll_sum,0.03586046025156975
Grooming,46,B1R_velocity_roll_std,0.03574805706739426
Grooming,47,B2L_velocity_roll_std,0.03469260409474373
Grooming,48,S1_y,0.033626824617385864
Grooming,49,dist_H2R_S2_roll_std,0.03344438597559929
Grooming,50,B2R_y,0.032743778079748154
Grooming,51,tail_y_roll_std,0.03188890963792801
Grooming,52,B2R_y_t-1,0.03159455582499504
Grooming,53,dist_B3L_B3R,0.03125472739338875
Grooming,54,dist_H2L_S2_roll_std,0.03072148747742176
Grooming,55,B2R_y_roll_std,0.029228918254375458
Grooming,56,B1R_x_t-2,0.028594166040420532
Grooming,57,dist_B1R_B3L_roll_std,0.02827359549701214
Grooming,58,B1R_x_roll_std,0.027661075815558434
Grooming,59,H2L_x_t-2,0.026249827817082405
Grooming,60,dist_H1R_S1_roll_mean,0.026047175750136375
Grooming,61,S1_x,0.025530612096190453
Grooming,62,dist_H1L_H2R_roll_std,0.02543053962290287
Grooming,63,dist_H1L_H2L,0.025158772245049477
Grooming,64,dist_B2L_tail_roll_std,0.0242753978818655
Grooming,65,dist_B1R_B3R_roll_std,0.02419072948396206
Grooming,66,B3L_velocity,0.02387947216629982
Grooming,67,B3R_velocity_roll_mean,0.023755138739943504
Grooming,68,B3R_x_roll_std,0.023410042747855186
Grooming,69,dist_H1L_H2L_roll_sum,0.023288525640964508
Grooming,70,dist_B3L_nose,0.022517429664731026
Grooming,71,dist_B2L_H1L_roll_mean,0.022431587800383568
Grooming,72,B3L_x_t-2,0.022210586816072464
Grooming,73,global_body_angle_roll_std,0.021759022027254105
Grooming,74,B1L_y_t-2,0.021324902772903442
Grooming,75,dist_B2L_S2_roll_mean,0.021322859451174736
Grooming,76,dist_B2R_B3R,0.01989409513771534
Grooming,77,dist_H2L_tail_roll_std,0.01966148242354393
Grooming,78,H2L_y,0.01939798705279827
Grooming,79,S1_y_t-5,0.01902482658624649
Grooming,80,dist_B3L_S2_roll_mean,0.018952013924717903
Grooming,81,H2L_velocity_roll_sum,0.018738847225904465
Grooming,82,dist_S2_tail_roll_std,0.01855894923210144
Grooming,83,dist_B1R_B2R,0.018481267616152763
Grooming,84,B1R_y_roll_mean,0.018348973244428635
Grooming,85,tail_y_t-1,0.018090302124619484
Grooming,86,B2R_velocity_roll_std,0.017980407923460007
Grooming,87,dist_B2L_H1L_roll_std,0.01671629585325718
Grooming,88,B1R_x_t-4,0.016615087166428566
Grooming,89,dist_B2R_S1_roll_mean,0.01653529889881611
Grooming,90,dist_B2L_B2R_roll_sum,0.016420705243945122
Grooming,91,nose_x_roll_std,0.01639956794679165
Grooming,92,H1L_y_t-2,0.016237104311585426
Grooming,93,dist_B3R_H2R_roll_std,0.015984507277607918
Grooming,94,S2_velocity_roll_mean,0.015785515308380127
Grooming,95,H2R_y_t-3,0.015640871599316597
Grooming,96,global_body_angular_velocity_roll_sum,0.015599045902490616
Grooming,97,dist_B3R_tail_roll_mean,0.015565422363579273
Grooming,98,dist_H2L_tail,0.01555798389017582
Grooming,99,B3L_x_roll_std,0.015544213354587555
Grooming,100,B2R_y_roll_mean,0.01527161244302988
Grooming,101,H1L_x_roll_std,0.01524366345256567
Grooming,102,H1R_y_roll_mean,0.015070396475493908
Grooming,103,dist_B1L_B1R_roll_std,0.014957173727452755
Grooming,104,B1L_x_t-2,0.014422132633626461
Grooming,105,B3L_x,0.014372649602591991
Grooming,106,B3R_y_t-1,0.014364981092512608
Grooming,107,dist_H1L_H1R_roll_sum,0.014327476732432842
Grooming,108,B2L_velocity,0.01426613051444292
Grooming,109,dist_B2L_H2R_roll_mean,0.014192426577210426
Grooming,110,H2L_y_t-5,0.01418107096105814
Grooming,111,dist_B3R_S1_roll_std,0.014161719009280205
Grooming,112,dist_S1_tail,0.013979431241750717
Grooming,113,dist_B3R_nose_roll_mean,0.013946219347417355
Grooming,114,B2L_x_t-3,0.013818947598338127
Grooming,115,dist_B2R_B3L_roll_std,0.013783753849565983
Grooming,116,dist_H1L_H1R_roll_mean,0.01359656173735857
Grooming,117,angular_velocity_t-1,0.01356501318514347
Grooming,118,dist_B2R_B3R_roll_sum,0.013286404311656952
Grooming,119,S1_x_t-3,0.013278544880449772
Grooming,120,dist_B3R_S2_roll_std,0.01322551816701889
Grooming,121,nose_velocity_roll_std,0.013221483677625656
Grooming,122,S1_x_t-4,0.013217562809586525
Grooming,123,dist_B3L_tail_roll_mean,0.012772072106599808
Grooming,124,orientation_angle_t-1,0.012659000232815742
Grooming,125,H1L_y,0.012517038732767105
Grooming,126,dist_B1L_S2_roll_std,0.012313256971538067
Grooming,127,dist_B1R_tail_roll_mean,0.012272997759282589
Grooming,128,B2L_y_roll_std,0.012252259999513626
Grooming,129,dist_H1L_tail,0.01215876080095768
Grooming,130,S1_velocity_roll_sum,0.012096810154616833
Grooming,131,B1L_y,0.011175311170518398
Grooming,132,dist_B3L_B3R_roll_std,0.011114235036075115
Grooming,133,dist_H2L_S1_roll_mean,0.01092187687754631
Grooming,134,B1R_y_t-5,0.010880024172365665
Grooming,135,dist_B1R_H2R,0.010703574866056442
Grooming,136,global_body_angular_velocity_t-5,0.010656550526618958
Grooming,137,S1_x_roll_sum,0.010611305944621563
Grooming,138,dist_H2L_S1,0.010323761031031609
Grooming,139,global_body_angle_t-1,0.01031828485429287
Grooming,140,H2L_x_t-3,0.0102770971134305
Grooming,141,H2L_x_roll_mean,0.01025979220867157
Grooming,142,dist_B2L_H1R_roll_std,0.010179391130805016
Grooming,143,dist_B1R_B2L_roll_std,0.010028393939137459
Grooming,144,angular_velocity_roll_mean,0.009593067690730095
Grooming,145,B1R_x,0.009575637057423592
Grooming,146,tail_y_t-2,0.009498976171016693
Grooming,147,dist_B3L_H1R_roll_std,0.009264911524951458
Grooming,148,dist_B1L_B2L_roll_mean,0.009258048608899117
Grooming,149,dist_B2L_S2,0.009081756696105003
Grooming,150,tail_x,0.009021881967782974
Grooming,151,centroid_x_roll_std,0.008879014290869236
Grooming,152,dist_B2L_nose_roll_mean,0.008778374642133713
Grooming,153,dist_B1R_H1L_roll_mean,0.008770720101892948
Grooming,154,dist_B3R_H1L,0.008690801449120045
Grooming,155,H1L_y_roll_mean,0.0086213955655694
Grooming,156,dist_H2R_S1,0.008528229780495167
Grooming,157,H1L_velocity_roll_mean,0.008388948626816273
Grooming,158,dist_B3L_S1_roll_std,0.008315653540194035
Grooming,159,global_body_angle_t-5,0.008282110095024109
Grooming,160,tail_velocity_roll_std,0.008236986584961414
Grooming,161,dist_B2L_B3R_roll_std,0.00819392316043377
Grooming,162,dist_B1L_H1L_roll_std,0.008049543015658855
Grooming,163,dist_B1L_B3R_roll_std,0.007991768419742584
Grooming,164,dist_B1L_S1_roll_sum,0.007872742600739002
Grooming,165,S1_velocity,0.007847192697227001
Grooming,166,tail_x_roll_std,0.007802012376487255
Grooming,167,global_body_angle_t-4,0.007731442805379629
Grooming,168,dist_B2L_S2_roll_std,0.007722723763436079
Grooming,169,dist_B3R_S2_roll_mean,0.007692921906709671
Grooming,170,dist_B2R_S2_roll_mean,0.007681422866880894
Grooming,171,B3L_y_t-3,0.007625778671354055
Grooming,172,dist_B2L_B2R,0.007591827306896448
Grooming,173,dist_H1R_H2R_roll_std,0.007548700086772442
Grooming,174,dist_B2R_nose_roll_std,0.00751810148358345
Grooming,175,H1R_velocity_roll_mean,0.007385835982859135
Grooming,176,dist_B2R_nose,0.00734965642914176
Grooming,177,dist_B1L_B2L,0.007331142667680979
Grooming,178,dist_B1L_B2R_roll_std,0.007296163123100996
Grooming,179,B2R_velocity_roll_mean,0.007267738692462444
Grooming,180,angular_velocity,0.0072279078885912895
Grooming,181,global_body_angle_t-2,0.00710495188832283
Grooming,182,global_body_angular_velocity_t-2,0.007099965121597052
Grooming,183,centroid_x_roll_mean,0.0070345415733754635
Grooming,184,B1R_y_t-1,0.006988949608057737
Grooming,185,global_body_angular_velocity_t-4,0.0069752954877913
Grooming,186,dist_S2_tail,0.00696219177916646
Grooming,187,B3R_y,0.006711698602885008
Grooming,188,dist_H1R_S2_roll_std,0.006609374191612005
Grooming,189,B3L_y_t-2,0.006523622665554285
Grooming,190,dist_B3L_S1,0.006497054826468229
Grooming,191,B2R_y_t-3,0.00637984462082386
Grooming,192,B1L_velocity_roll_std,0.006313012447208166
Grooming,193,S1_velocity_roll_mean,0.00627889484167099
Grooming,194,angular_velocity_t-3,0.006267407909035683
Grooming,195,dist_B1R_H2L,0.006123255006968975
Grooming,196,B3L_y_t-1,0.0061203483492136
Grooming,197,S2_y_t-5,0.006060379557311535
Grooming,198,dist_H1L_S2_roll_std,0.006050512660294771
Grooming,199,dist_B1R_H2L_roll_mean,0.006016955710947514
Grooming,200,dist_B3R_S2_roll_sum,0.005970795638859272
Grooming,201,H1R_y_roll_std,0.005891169887036085
Grooming,202,dist_B1L_B2R,0.0058364709839224815
Grooming,203,dist_H1L_S1_roll_mean,0.005831908900290728
Grooming,204,dist_B3L_S2_roll_std,0.0058235665783286095
Grooming,205,dist_H1L_nose_roll_mean,0.005819674581289291
Grooming,206,S1_y_t-2,0.005797268357127905
Grooming,207,B2R_velocity,0.00575499190017581
Grooming,208,H2R_y,0.0057350825518369675
Grooming,209,dist_S1_S2_roll_mean,0.005537151824682951
Grooming,210,S1_x_roll_mean,0.00552584370598197
Grooming,211,dist_B2R_B3L,0.00551951676607132
Grooming,212,dist_B2R_B3L_roll_mean,0.005473518278449774
Grooming,213,dist_B2L_B2R_roll_mean,0.005406264215707779
Grooming,214,dist_H2R_S1_roll_std,0.005324145779013634
Grooming,215,dist_B3L_H1R_roll_mean,0.005257798824459314
Grooming,216,dist_B1R_H2R_roll_mean,0.005256433039903641
Grooming,217,B1L_x_t-3,0.00511579355224967
Grooming,218,orientation_angle_t-2,0.00506716500967741
Grooming,219,dist_H1R_S1_roll_std,0.004984196741133928
Grooming,220,dist_B1R_B2L,0.00496373325586319
Grooming,221,H2L_y_t-2,0.004960957914590836
Grooming,222,H1L_x_t-5,0.004936792887747288
Grooming,223,H2R_x_roll_std,0.004875927232205868
Grooming,224,centroid_velocity_roll_std,0.004851314704865217
Grooming,225,tail_x_t-4,0.004686776082962751
Grooming,226,S2_y_t-1,0.004683339037001133
Grooming,227,H2L_velocity,0.0046165683306753635
Grooming,228,H2L_y_roll_std,0.004570748191326857
Grooming,229,dist_B1R_S1_roll_mean,0.0045699141919612885
Grooming,230,H1L_velocity_roll_sum,0.004509214777499437
Grooming,231,dist_H2L_nose_roll_std,0.0045032622292637825
Grooming,232,orientation_change_5,0.004456989001482725
Grooming,233,dist_B1R_B3L,0.004444153513759375
Grooming,234,dist_B1L_H2R,0.004363508429378271
Grooming,235,dist_B2R_S2_roll_std,0.004239724483340979
Grooming,236,dist_B1L_B2R_roll_mean,0.004212126601487398
Grooming,237,nose_y_t-2,0.0041145882569253445
Grooming,238,B3R_x_t-1,0.0041111428290605545
Grooming,239,dist_B2R_H1L,0.004102225881069899
Grooming,240,tail_y_roll_mean,0.0040076845325529575
Grooming,241,H2R_velocity_roll_mean,0.0040045492351055145
Grooming,242,S1_x_t-1,0.003836696734651923
Grooming,243,dist_B1R_tail_roll_std,0.003796855453401804
Grooming,244,B2L_x,0.0037395101971924305
Grooming,245,nose_y,0.003711847821250558
Grooming,246,B3R_x_roll_mean,0.003711539087817073
Grooming,247,dist_B1L_B3L_roll_mean,0.0036437183152884245
Grooming,248,global_body_angular_velocity_roll_std,0.0035927463322877884
Grooming,249,B3R_x_t-2,0.0035804826766252518
Grooming,250,dist_B2L_H2L_roll_std,0.003526198910549283
Grooming,251,dist_B2R_H1L_roll_mean,0.003501271829009056
Grooming,252,B3L_x_t-5,0.00340071227401495
Grooming,253,dist_H2L_nose_roll_mean,0.003285766579210758
Grooming,254,dist_B1L_H1L_roll_mean,0.0032581156119704247
Grooming,255,angular_velocity_roll_std,0.00324979517608881
Grooming,256,B1R_x_t-1,0.003213845891878009
Grooming,257,H1L_y_t-5,0.0030113395769149065
Grooming,258,dist_B1R_H2L_roll_std,0.003010460641235113
Grooming,259,dist_B2R_H2R_roll_mean,0.002966540167108178
Grooming,260,dist_B3L_tail,0.0028869921807199717
Grooming,261,B2L_y_t-3,0.002875667065382004
Grooming,262,dist_H1R_S1,0.002846409333869815
Grooming,263,dist_H1R_tail_roll_mean,0.002831703517585993
Grooming,264,nose_x_t-5,0.0028290904592722654
Grooming,265,dist_B1L_S1_roll_mean,0.002820373745635152
Grooming,266,dist_B1R_B2R_roll_std,0.0027839848771691322
Grooming,267,orientation_angle_t-3,0.002776102162897587
Grooming,268,orientation_angle_t-4,0.0027702422812581062
Grooming,269,dist_B3L_nose_roll_std,0.0027495708782225847
Grooming,270,nose_y_t-1,0.0027290235739201307
Grooming,271,dist_B1R_H1R_roll_std,0.0026735649444162846
Grooming,272,dist_B2R_S1,0.0026618423871695995
Grooming,273,B3L_velocity_roll_mean,0.0026300661265850067
Grooming,274,dist_B3R_H1R,0.002628255868330598
Grooming,275,dist_B2L_S1,0.0025890362448990345
Grooming,276,dist_S1_nose,0.0025398186407983303
Grooming,277,dist_S1_tail_roll_mean,0.002535023493692279
Grooming,278,B3L_y,0.002524810377508402
Grooming,279,dist_B3L_H2L_roll_std,0.0025137613993138075
Grooming,280,dist_H1L_H1R_roll_std,0.0024758910294622183
Grooming,281,dist_B3R_H2R,0.00246898690238595
Grooming,282,B2R_y_t-4,0.002393231261521578
Grooming,283,dist_B3L_B3R_roll_mean,0.002386876381933689
Grooming,284,B3R_y_t-3,0.0023739198222756386
Grooming,285,dist_B1R_nose_roll_std,0.0023499319795519114
Grooming,286,dist_B1R_B2L_roll_sum,0.0023433601018041372
Grooming,287,dist_H1R_S2,0.002324190456420183
Grooming,288,B1L_velocity,0.0023205908946692944
Grooming,289,H2R_y_roll_std,0.0022863908670842648
Grooming,290,B3R_x_t-5,0.002281907945871353
Grooming,291,tail_velocity,0.0022531801369041204
Grooming,292,dist_B1L_H1R,0.002209080383181572
Grooming,293,B2L_x_t-4,0.0021744107361882925
Grooming,294,dist_B1L_H2L_roll_std,0.0021407543681561947
Grooming,295,nose_y_t-3,0.0021185781806707382
Grooming,296,global_body_angle_t-3,0.002083112020045519
Grooming,297,dist_B1R_H2R_roll_std,0.0020810363348573446
Grooming,298,dist_H1L_S1,0.002044942229986191
Grooming,299,dist_B1L_H1R_roll_mean,0.0019371806411072612
Grooming,300,B1L_x_t-5,0.0019319286802783608
Grooming,301,dist_B2L_S1_roll_mean,0.0019212162587791681
Grooming,302,dist_B1R_H1L_roll_std,0.0019021034240722656
Grooming,303,B2R_y_t-5,0.0018987071234732866
Grooming,304,dist_B2R_tail,0.0018836715025827289
Grooming,305,S2_velocity,0.0018623728537932038
Grooming,306,dist_B1R_nose_roll_mean,0.001839395030401647
Grooming,307,global_body_angular_velocity_t-1,0.0018381483387202024
Grooming,308,dist_H2L_H2R_roll_std,0.0018149111419916153
Grooming,309,H1R_y_t-2,0.001808379776775837
Grooming,310,dist_B2L_B3R,0.0017970313783735037
Grooming,311,dist_B2R_tail_roll_mean,0.0017722974298521876
Grooming,312,dist_B1L_S1_roll_std,0.001761609222739935
Grooming,313,H1L_x,0.0017218439606949687
Grooming,314,B2L_x_roll_mean,0.0017001578817144036
Grooming,315,global_body_angle,0.0016568155260756612
Grooming,316,dist_H1L_H2L_roll_mean,0.0015747222350910306
Grooming,317,centroid_velocity,0.0015591398114338517
Grooming,318,dist_B1L_B2L_roll_std,0.001546537852846086
Grooming,319,H1R_x,0.001543656224384904
Grooming,320,dist_H1R_H2R,0.0015418719267472625
Grooming,321,dist_B2R_S2,0.001537039177492261
Grooming,322,dist_S1_nose_roll_std,0.0015265713445842266
Grooming,323,tail_y_t-4,0.0015153022250160575
Grooming,324,dist_B2R_B3R_roll_mean,0.0014636727282777429
Grooming,325,S2_x,0.0014583149459213018
Grooming,326,B2L_y_t-4,0.0014490883331745863
Grooming,327,dist_H1L_H2R_roll_mean,0.0014321306953206658
Grooming,328,global_body_angular_velocity_t-3,0.0014272939879447222
Grooming,329,dist_B2R_H2L,0.0014123435830697417
Grooming,330,dist_B2L_S1_roll_std,0.0013901422498747706
Grooming,331,dist_B1R_S2_roll_std,0.0013657865347340703
Grooming,332,dist_B3R_nose,0.0013516393955796957
Grooming,333,dist_B2L_B3R_roll_mean,0.001341837691143155
Grooming,334,dist_H1L_S1_roll_std,0.0013245156733319163
Grooming,335,dist_B1R_S2,0.001281464472413063
Grooming,336,dist_S2_nose_roll_std,0.001258751144632697
Grooming,337,global_body_angular_velocity_roll_mean,0.001231762464158237
Grooming,338,dist_B1R_B3L_roll_mean,0.0011650760425254703
Grooming,339,dist_B2L_H1L,0.0011541490675881505
Grooming,340,dist_B3R_S2,0.0011489250464364886
Grooming,341,nose_y_roll_std,0.0011476814979687333
Grooming,342,dist_H1R_H2L_roll_std,0.0011451516766101122
Grooming,343,S1_y_roll_mean,0.0011436428176239133
Grooming,344,B1L_x_roll_mean,0.0011055124923586845
Grooming,345,dist_H1L_tail_roll_std,0.0010934427846223116
Grooming,346,dist_B1L_H2R_roll_mean,0.0010681063868105412
Grooming,347,B3R_y_roll_std,0.0010575895430520177
Grooming,348,dist_B1L_nose_roll_std,0.0010427450761198997
Grooming,349,dist_B2R_S1_roll_std,0.0009957547299563885
Grooming,350,H2L_y_t-4,0.0009857077384367585
Grooming,351,nose_velocity_roll_mean,0.0009620233904570341
Grooming,352,centroid_velocity_roll_mean,0.0009595912415534258
Grooming,353,dist_B1R_H2L_roll_sum,0.0009452827507629991
Grooming,354,dist_H2R_S1_roll_mean,0.0009437832632102072
Grooming,355,dist_S1_tail_roll_std,0.0009364245925098658
Grooming,356,B1L_y_roll_std,0.0009266056586056948
Grooming,357,tail_x_t-5,0.0009258836507797241
Grooming,358,nose_x,0.0009230419527739286
Grooming,359,B2R_y_t-2,0.0009132727864198387
Grooming,360,dist_H1R_H2L_roll_mean,0.0009112086263485253
Grooming,361,B2L_y,0.0009089670493267477
Grooming,362,dist_B3R_H1L_roll_mean,0.000884006847627461
Grooming,363,H2R_velocity,0.0008567753247916698
Grooming,364,dist_S1_S2_roll_std,0.0008521668496541679
Grooming,365,H2R_y_t-4,0.0008454918279312551
Grooming,366,dist_B1R_S1,0.0008396573830395937
Grooming,367,dist_B1L_nose_roll_mean,0.000818893953692168
Grooming,368,dist_B2R_nose_roll_mean,0.0007820876780897379
Grooming,369,H1L_y_roll_std,0.0007738489657640457
Grooming,370,S2_y_t-4,0.0007558105862699449
Grooming,371,S2_x_t-4,0.0007557077915407717
Grooming,372,dist_B2R_H1R_roll_std,0.0007392573752440512
Grooming,373,H1L_x_t-4,0.0007226140587590635
Grooming,374,nose_x_t-4,0.0007169244345277548
Grooming,375,B3L_y_t-5,0.0007124573457986116
Grooming,376,dist_B2R_H2R_roll_std,0.0007011778652667999
Grooming,377,dist_H2L_tail_roll_mean,0.0006881149020045996
Grooming,378,dist_B1R_H1L,0.0006837160908617079
Grooming,379,dist_H2R_tail_roll_mean,0.0006242652307264507
Grooming,380,S2_x_roll_std,0.000623628031462431
Grooming,381,H1L_x_t-1,0.0005698760505765676
Grooming,382,tail_velocity_roll_mean,0.0005488583701662719
Grooming,383,dist_B2R_H2L_roll_std,0.0005126031464897096
Grooming,384,dist_B1R_S2_roll_mean,0.0004929443239234388
Grooming,385,dist_B2L_tail_roll_mean,0.00046912074321880937
Grooming,386,S2_y,0.00046175759052857757
Grooming,387,dist_B3L_H2R_roll_mean,0.00045477665844373405
Grooming,388,B2L_x_t-5,0.00045293383300304413
Grooming,389,dist_B2R_H1L_roll_std,0.0004221235867589712
Grooming,390,dist_B3L_H1R,0.0004190361069049686
Grooming,391,B1R_x_roll_mean,0.0004173254710622132
Grooming,392,B1R_x_t-3,0.0004117539501748979
Grooming,393,dist_H1R_nose_roll_std,0.00039281032513827085
Grooming,394,dist_H2R_S2,0.00039265298983082175
Grooming,395,dist_B2R_B3R_roll_std,0.0003784540749620646
Grooming,396,B3L_x_t-3,0.00036481762072071433
Grooming,397,B1R_velocity_roll_mean,0.0003374711668584496
Grooming,398,dist_B3L_S2,0.0003361601266078651
Grooming,399,dist_H1L_H2R,0.0003157828177791089
Grooming,400,dist_B1L_S1,0.00028781878063455224
Grooming,401,tail_y_t-5,0.0002858369261957705
Grooming,402,S1_y_t-3,0.0002798867644742131
Grooming,403,H2R_x_t-5,0.0002747957478277385
Grooming,404,B3L_y_roll_mean,0.0002687312080524862
Grooming,405,dist_H1L_H2L_roll_std,0.00026522099506109953
Grooming,406,orientation_angle,0.00025075263692997396
Grooming,407,dist_B2L_nose,0.0002483041025698185
Grooming,408,S2_x_t-1,0.0002458783856127411
Grooming,409,B2R_x_t-2,0.00023344378860201687
Grooming,410,dist_B1L_H2R_roll_std,0.00022271418129093945
Grooming,411,dist_B3R_S1,0.00022199667000677437
Grooming,412,centroid_y_roll_mean,0.00021215381275396794
Grooming,413,dist_B1L_B1R_roll_mean,0.0002098661061609164
Grooming,414,dist_B1L_nose,0.00020696422143373638
Grooming,415,dist_S2_tail_roll_mean,0.00020443425455596298
Grooming,416,S2_x_t-2,0.00019524637900758535
Grooming,417,dist_B2L_B2R_roll_std,0.00018169461691286415
Grooming,418,dist_H2L_H2R_roll_mean,0.00017060976824723184
Grooming,419,dist_H2R_nose_roll_mean,0.00016573503671679646
Grooming,420,dist_B1L_H1L,0.00013979087816551328
Grooming,421,B2L_y_t-2,0.00013589563604909927
Grooming,422,angular_velocity_t-4,0.00013414431305136532
Grooming,423,S1_x_t-2,0.00013292433868627995
Grooming,424,B3R_x,0.00012374631478451192
Grooming,425,B3L_x_t-1,0.0001012741558952257
Grooming,426,dist_B1L_H2L,9.583012433722615e-05
Grooming,427,dist_H1L_S2,8.491892367601395e-05
Grooming,428,dist_B1L_B3R,6.72452079015784e-05
Grooming,429,H2R_y_roll_mean,4.8891917685978115e-05
Grooming,430,dist_S1_tail_roll_sum,0.0
Grooming,431,dist_S2_nose_roll_mean,0.0
Grooming,432,dist_S2_nose_roll_sum,0.0
Grooming,433,dist_S2_tail_roll_sum,0.0
Grooming,434,dist_S1_S2_roll_sum,0.0
Grooming,435,dist_S1_nose_roll_mean,0.0
Grooming,436,dist_S1_nose_roll_sum,0.0
Grooming,437,dist_H2R_S2_roll_sum,0.0
Grooming,438,dist_H2R_nose_roll_std,0.0
Grooming,439,dist_H2R_nose_roll_sum,0.0
Grooming,440,dist_H2R_tail_roll_sum,0.0
Grooming,441,dist_H2L_nose_roll_sum,0.0
Grooming,442,dist_H2L_tail_roll_sum,0.0
Grooming,443,dist_H2R_S1_roll_sum,0.0
Grooming,444,dist_H2R_S2_roll_mean,0.0
Grooming,445,dist_B1L_B3L,0.0
Grooming,446,centroid_y,0.0
Grooming,447,global_body_angular_velocity,0.0
Grooming,448,centroid_displacement_5,0.0
Grooming,449,dist_B1L_B1R,0.0
Grooming,450,tail_y,0.0
Grooming,451,centroid_x,0.0
Grooming,452,H1R_y,0.0
Grooming,453,H2L_x,0.0
Grooming,454,H2R_x,0.0
Grooming,455,S2_velocity_roll_sum,0.0
Grooming,456,nose_velocity_roll_sum,0.0
Grooming,457,tail_velocity_roll_sum,0.0
Grooming,458,H2R_velocity_roll_sum,0.0
Grooming,459,H1R_velocity_roll_sum,0.0
Grooming,460,H2L_velocity_roll_mean,0.0
Grooming,461,B3L_velocity_roll_std,0.0
Grooming,462,B3L_velocity_roll_sum,0.0
Grooming,463,dist_B1L_B2R_roll_sum,0.0
Grooming,464,dist_B1L_B3L_roll_std,0.0
Grooming,465,dist_B1L_B3L_roll_sum,0.0
Grooming,466,dist_B1L_B3R_roll_mean,0.0
Grooming,467,dist_B1L_B3R_roll_sum,0.0
Grooming,468,dist_B1L_B1R_roll_sum,0.0
Grooming,469,dist_B1L_B2L_roll_sum,0.0
Grooming,470,angular_velocity_roll_sum,0.0
Grooming,471,global_body_angle_roll_mean,0.0
Grooming,472,global_body_angle_roll_sum,0.0
Grooming,473,centroid_x_roll_sum,0.0
Grooming,474,centroid_y_roll_std,0.0
Grooming,475,centroid_y_roll_sum,0.0
Grooming,476,centroid_velocity_roll_sum,0.0
Grooming,477,B1R_velocity_roll_sum,0.0
Grooming,478,B2L_velocity_roll_mean,0.0
Grooming,479,B2L_velocity_roll_sum,0.0
Grooming,480,tail_x_roll_sum,0.0
Grooming,481,tail_y_roll_sum,0.0
Grooming,482,B1L_velocity_roll_mean,0.0
Grooming,483,B1L_velocity_roll_sum,0.0
Grooming,484,S2_y_roll_sum,0.0
Grooming,485,nose_x_roll_mean,0.0
Grooming,486,nose_x_roll_sum,0.0
Grooming,487,nose_y_roll_mean,0.0
Grooming,488,nose_y_roll_sum,0.0
Grooming,489,tail_x_roll_mean,0.0
Grooming,490,S1_y_roll_std,0.0
Grooming,491,S1_y_roll_sum,0.0
Grooming,492,S2_x_roll_mean,0.0
Grooming,493,S2_x_roll_sum,0.0
Grooming,494,S2_y_roll_mean,0.0
Grooming,495,S2_y_roll_std,0.0
Grooming,496,dist_B1R_B2L_roll_mean,0.0
Grooming,497,dist_B1R_B2R_roll_sum,0.0
Grooming,498,dist_B1L_S2_roll_sum,0.0
Grooming,499,dist_B1L_nose_roll_sum,0.0
Grooming,500,dist_B1L_tail_roll_mean,0.0
Grooming,501,dist_B1L_tail_roll_std,0.0
Grooming,502,dist_B1L_tail_roll_sum,0.0
Grooming,503,dist_B1L_H2L_roll_sum,0.0
Grooming,504,dist_B1L_H2R_roll_sum,0.0
Grooming,505,dist_B1L_S2_roll_mean,0.0
Grooming,506,dist_B1L_H1L_roll_sum,0.0
Grooming,507,dist_B1L_H1R_roll_std,0.0
Grooming,508,dist_B1L_H1R_roll_sum,0.0
Grooming,509,dist_B1L_H2L_roll_mean,0.0
Grooming,510,H2R_x_roll_sum,0.0
Grooming,511,H2R_y_roll_sum,0.0
Grooming,512,S1_x_roll_std,0.0
Grooming,513,H1R_y_roll_sum,0.0
Grooming,514,H2L_x_roll_std,0.0
Grooming,515,H2L_x_roll_sum,0.0
Grooming,516,H2L_y_roll_mean,0.0
Grooming,517,H2L_y_roll_sum,0.0
Grooming,518,H2R_x_roll_mean,0.0
Grooming,519,H1L_y_roll_sum,0.0
Grooming,520,H1R_x_roll_mean,0.0
Grooming,521,H1R_x_roll_sum,0.0
Grooming,522,B3R_x_roll_sum,0.0
Grooming,523,B3R_y_roll_mean,0.0
Grooming,524,B3R_y_roll_sum,0.0
Grooming,525,H1L_x_roll_mean,0.0
Grooming,526,H1L_x_roll_sum,0.0
Grooming,527,B2R_y_roll_sum,0.0
Grooming,528,B3L_x_roll_mean,0.0
Grooming,529,B3L_x_roll_sum,0.0
Grooming,530,B3L_y_roll_std,0.0
Grooming,531,B3L_y_roll_sum,0.0
Grooming,532,B2L_y_roll_mean,0.0
Grooming,533,B2L_y_roll_sum,0.0
Grooming,534,B2R_x_roll_mean,0.0
Grooming,535,B2R_x_roll_std,0.0
Grooming,536,B2R_x_roll_sum,0.0
Grooming,537,B1R_x_roll_sum,0.0
Grooming,538,B1R_y_roll_std,0.0
Grooming,539,B1R_y_roll_sum,0.0
Grooming,540,B2L_x_roll_std,0.0
Grooming,541,B2L_x_roll_sum,0.0
Grooming,542,B1L_x_roll_std,0.0
Grooming,543,B1L_x_roll_sum,0.0
Grooming,544,B1L_y_roll_mean,0.0
Grooming,545,B1L_y_roll_sum,0.0
Grooming,546,dist_B1R_nose_roll_sum,0.0
Grooming,547,dist_B1R_tail_roll_sum,0.0
Grooming,548,dist_B1R_S1_roll_sum,0.0
Grooming,549,dist_B1R_S2_roll_sum,0.0
Grooming,550,dist_B1R_H1R_roll_sum,0.0
Grooming,551,dist_B1R_H2R_roll_sum,0.0
Grooming,552,dist_B1R_B3L_roll_sum,0.0
Grooming,553,dist_B1R_B3R_roll_mean,0.0
Grooming,554,dist_B1R_B3R_roll_sum,0.0
Grooming,555,dist_B1R_H1L_roll_sum,0.0
Grooming,556,dist_B1R_H1R_roll_mean,0.0
Grooming,557,nose_y_t-5,0.0
Grooming,558,orientation_angle_t-5,0.0
Grooming,559,H1R_y_t-5,0.0
Grooming,560,H2L_x_t-5,0.0
Grooming,561,H2R_y_t-5,0.0
Grooming,562,S1_x_t-5,0.0
Grooming,563,S2_x_t-5,0.0
Grooming,564,B3R_y_t-5,0.0
Grooming,565,H1R_x_t-5,0.0
Grooming,566,B1L_y_t-5,0.0
Grooming,567,B1R_x_t-5,0.0
Grooming,568,B2L_y_t-5,0.0
Grooming,569,B2R_x_t-5,0.0
Grooming,570,dist_B2L_nose_roll_std,0.0
Grooming,571,dist_B2L_nose_roll_sum,0.0
Grooming,572,dist_B2L_tail_roll_sum,0.0
Grooming,573,dist_B2R_B3L_roll_sum,0.0
Grooming,574,dist_B2L_H2R_roll_sum,0.0
Grooming,575,dist_B2L_S1_roll_sum,0.0
Grooming,576,dist_B2L_S2_roll_sum,0.0
Grooming,577,dist_B2L_H1R_roll_mean,0.0
Grooming,578,dist_B2L_H1R_roll_sum,0.0
Grooming,579,dist_B2L_H2L_roll_sum,0.0
Grooming,580,dist_B2L_H2R_roll_std,0.0
Grooming,581,dist_B2L_B3L_roll_std,0.0
Grooming,582,dist_B2L_B3R_roll_sum,0.0
Grooming,583,dist_B2L_H1L_roll_sum,0.0
Grooming,584,nose_y_t-4,0.0
Grooming,585,H1R_y_t-4,0.0
Grooming,586,H2L_x_t-4,0.0
Grooming,587,H2R_x_t-4,0.0
Grooming,588,S1_y_t-4,0.0
Grooming,589,B3L_x_t-4,0.0
Grooming,590,B3L_y_t-4,0.0
Grooming,591,B3R_x_t-4,0.0
Grooming,592,B3R_y_t-4,0.0
Grooming,593,H1L_y_t-4,0.0
Grooming,594,H1R_x_t-4,0.0
Grooming,595,B1L_x_t-4,0.0
Grooming,596,B1L_y_t-4,0.0
Grooming,597,B1R_y_t-4,0.0
Grooming,598,B2R_x_t-4,0.0
Grooming,599,dist_B2R_tail_roll_std,0.0
Grooming,600,dist_B2R_tail_roll_sum,0.0
Grooming,601,dist_B3L_B3R_roll_sum,0.0
Grooming,602,dist_B3L_H1L_roll_mean,0.0
Grooming,603,dist_B3L_H1L_roll_std,0.0
Grooming,604,dist_B2R_S1_roll_sum,0.0
Grooming,605,dist_B2R_S2_roll_sum,0.0
Grooming,606,dist_B2R_nose_roll_sum,0.0
Grooming,607,dist_B2R_H1R_roll_sum,0.0
Grooming,608,dist_B2R_H2L_roll_mean,0.0
Grooming,609,dist_B2R_H2L_roll_sum,0.0
Grooming,610,dist_B2R_H2R_roll_sum,0.0
Grooming,611,dist_B2R_H1L_roll_sum,0.0
Grooming,612,dist_B2R_H1R_roll_mean,0.0
Grooming,613,S2_y_t-3,0.0
Grooming,614,nose_x_t-3,0.0
Grooming,615,tail_x_t-3,0.0
Grooming,616,tail_y_t-3,0.0
Grooming,617,H1R_y_t-3,0.0
Grooming,618,H2L_y_t-3,0.0
Grooming,619,H2R_x_t-3,0.0
Grooming,620,S2_x_t-3,0.0
Grooming,621,B3R_x_t-3,0.0
Grooming,622,H1L_x_t-3,0.0
Grooming,623,H1L_y_t-3,0.0
Grooming,624,H1R_x_t-3,0.0
Grooming,625,B1L_y_t-3,0.0
Grooming,626,B1R_y_t-3,0.0
Grooming,627,B2R_x_t-3,0.0
Grooming,628,dist_B3R_H1L_roll_sum,0.0
Grooming,629,dist_B3R_H1R_roll_mean,0.0
Grooming,630,dist_B3R_H1R_roll_std,0.0
Grooming,631,dist_B3R_H1R_roll_sum,0.0
Grooming,632,dist_B3R_H2L_roll_mean,0.0
Grooming,633,dist_B3R_H2L_roll_std,0.0
Grooming,634,dist_B3R_H2L_roll_sum,0.0
Grooming,635,dist_B3R_H2R_roll_mean,0.0
Grooming,636,dist_B3L_nose_roll_mean,0.0
Grooming,637,dist_B3L_nose_roll_sum,0.0
Grooming,638,dist_B3R_H1L_roll_std,0.0
Grooming,639,dist_B3L_H2R_roll_std,0.0
Grooming,640,dist_B3L_H2R_roll_sum,0.0
Grooming,641,dist_B3L_S1_roll_sum,0.0
Grooming,642,dist_B3L_S2_roll_sum,0.0
Grooming,643,dist_B3L_H1L_roll_sum,0.0
Grooming,644,dist_B3L_H1R_roll_sum,0.0
Grooming,645,dist_B3L_H2L_roll_mean,0.0
Grooming,646,dist_B3L_H2L_roll_sum,0.0
Grooming,647,S2_y_t-2,0.0
Grooming,648,nose_x_t-2,0.0
Grooming,649,tail_x_t-2,0.0
Grooming,650,angular_velocity_t-2,0.0
Grooming,651,H2R_x_t-2,0.0
Grooming,652,H2R_y_t-2,0.0
Grooming,653,B3R_y_t-2,0.0
Grooming,654,H1L_x_t-2,0.0
Grooming,655,H1R_x_t-2,0.0
Grooming,656,B1R_y_t-2,0.0
Grooming,657,B2L_x_t-2,0.0
Grooming,658,nose_x_t-1,0.0
Grooming,659,tail_x_t-1,0.0
Grooming,660,H1R_y_t-1,0.0
Grooming,661,H2L_x_t-1,0.0
Grooming,662,H2L_y_t-1,0.0
Grooming,663,H2R_x_t-1,0.0
Grooming,664,H2R_y_t-1,0.0
Grooming,665,H1L_y_t-1,0.0
Grooming,666,H1R_x_t-1,0.0
Grooming,667,B1L_y_t-1,0.0
Grooming,668,B2L_x_t-1,0.0
Grooming,669,B2L_y_t-1,0.0
Grooming,670,B2R_x_t-1,0.0
Grooming,671,dist_H1L_S1_roll_sum,0.0
Grooming,672,dist_H1L_S2_roll_mean,0.0
Grooming,673,dist_H1L_S2_roll_sum,0.0
Grooming,674,dist_H1L_nose_roll_std,0.0
Grooming,675,dist_H1L_nose_roll_sum,0.0
Grooming,676,dist_H1L_H2R_roll_sum,0.0
Grooming,677,dist_B3R_nose_roll_std,0.0
Grooming,678,dist_B3R_nose_roll_sum,0.0
Grooming,679,dist_B3R_H2R_roll_sum,0.0
Grooming,680,dist_B3R_S1_roll_mean,0.0
Grooming,681,dist_B3R_S1_roll_sum,0.0
Grooming,682,H1L_velocity,0.0
Grooming,683,H1R_velocity,0.0
Grooming,684,nose_velocity,0.0
Grooming,685,B1R_velocity,0.0
Grooming,686,B3R_velocity,0.0
Grooming,687,dist_S2_nose,0.0
Grooming,688,dist_H2L_S2,0.0
Grooming,689,dist_H2L_nose,0.0
Grooming,690,dist_H1R_H2L,0.0
Grooming,691,dist_B3R_H2L,0.0
Grooming,692,dist_H1L_H1R,0.0
Grooming,693,dist_B3L_H2R,0.0
Grooming,694,dist_B3L_H1L,0.0
Grooming,695,dist_H2L_S1_roll_sum,0.0
Grooming,696,dist_H2L_S2_roll_mean,0.0
Grooming,697,dist_H2L_S2_roll_sum,0.0
Grooming,698,dist_H1R_nose_roll_sum,0.0
Grooming,699,dist_H1R_tail_roll_sum,0.0
Grooming,700,dist_H2L_H2R_roll_sum,0.0
Grooming,701,dist_H1R_H2R_roll_sum,0.0
Grooming,702,dist_H1R_S1_roll_sum,0.0
Grooming,703,dist_H1R_S2_roll_mean,0.0
Grooming,704,dist_H1R_S2_roll_sum,0.0
Grooming,705,dist_H1R_nose_roll_mean,0.0
Grooming,706,dist_H1L_tail_roll_sum,0.0
Grooming,707,dist_H1R_H2L_roll_sum,0.0
Grooming,708,dist_H1R_H2R_roll_mean,0.0
Grooming,709,dist_B2L_tail,0.0
Grooming,710,dist_B2L_B3L,0.0
Grooming,711,dist_B2L_H1R,0.0
Grooming,712,dist_B2L_H2L,0.0
Grooming,713,dist_B2L_H2R,0.0
Grooming,714,dist_B1R_H1R,0.0
Grooming,715,dist_B1R_nose,0.0
Grooming,716,dist_B1L_S2,0.0
Grooming,717,dist_B1R_B3R,0.0
Grooming,718,dist_nose_tail_roll_sum,0.0
Grooming,719,B2R_x,0.0
Jump,1,B1R_velocity_roll_sum,0.5620556473731995
Jump,2,B1L_velocity_roll_sum,0.3266857862472534
Jump,3,dist_B3L_tail_roll_std,0.31428849697113037
Jump,4,angular_velocity_roll_std,0.30050766468048096
Jump,5,tail_velocity_roll_sum,0.25252848863601685
Jump,6,dist_B3L_S2_roll_std,0.18532122671604156
Jump,7,dist_B3L_B3R_roll_std,0.14506559073925018
Jump,8,dist_H1L_S1_roll_std,0.13821396231651306
Jump,9,dist_B3R_tail_roll_std,0.13056719303131104
Jump,10,dist_B1L_H2R_roll_std,0.1289120465517044
Jump,11,B3L_velocity_roll_sum,0.12189089506864548
Jump,12,dist_S2_tail_roll_std,0.12163224071264267
Jump,13,B1L_velocity,0.11638763546943665
Jump,14,angular_velocity,0.11322253942489624
Jump,15,dist_B2L_B2R_roll_std,0.11124884337186813
Jump,16,dist_B2L_B3L_roll_std,0.10231316834688187
Jump,17,dist_B3R_tail_roll_sum,0.09933312982320786
Jump,18,dist_B2R_S2_roll_std,0.09019184112548828
Jump,19,dist_B1R_B2L_roll_std,0.08778636157512665
Jump,20,S1_velocity,0.08464974164962769
Jump,21,dist_H2L_nose_roll_mean,0.08428332209587097
Jump,22,dist_B3R_S2,0.06999144703149796
Jump,23,dist_B3R_S2_roll_std,0.06666457653045654
Jump,24,dist_S1_S2_roll_mean,0.06611616909503937
Jump,25,dist_B2R_B3R_roll_mean,0.06368773430585861
Jump,26,dist_B1L_B1R_roll_std,0.06218254566192627
Jump,27,S1_x_roll_std,0.060589615255594254
Jump,28,dist_B3L_B3R_roll_sum,0.06026638671755791
Jump,29,tail_velocity_roll_std,0.05772094056010246
Jump,30,dist_B3L_B3R,0.05477328598499298
Jump,31,dist_H1L_H1R_roll_std,0.05262121930718422
Jump,32,dist_B1L_B1R,0.0514838732779026
Jump,33,H2L_y_roll_std,0.050998423248529434
Jump,34,dist_H2L_S1_roll_std,0.04994760453701019
Jump,35,dist_B3R_tail,0.04815066605806351
Jump,36,dist_B1R_S1_roll_std,0.04798761010169983
Jump,37,dist_B1R_H2L_roll_std,0.04796116426587105
Jump,38,dist_H2L_S2_roll_mean,0.04791238158941269
Jump,39,dist_B3R_H2L_roll_std,0.047507185488939285
Jump,40,dist_H2R_S1_roll_std,0.046488381922245026
Jump,41,B2R_velocity_roll_sum,0.046140704303979874
Jump,42,B1R_velocity,0.04578174278140068
Jump,43,B3R_velocity,0.04517339542508125
Jump,44,dist_S1_nose_roll_std,0.045085202902555466
Jump,45,dist_H1L_S1_roll_mean,0.043082427233457565
Jump,46,dist_B2L_B2R,0.04259582236409187
Jump,47,dist_H1R_nose_roll_std,0.04222351685166359
Jump,48,dist_S1_tail_roll_std,0.04185081645846367
Jump,49,S1_y_roll_mean,0.041634440422058105
Jump,50,dist_B3L_H2R_roll_sum,0.041273292154073715
Jump,51,dist_B2L_S2,0.03991461917757988
Jump,52,dist_B1R_H2L,0.03865978121757507
Jump,53,S1_x,0.03791407123208046
Jump,54,dist_B1R_S2_roll_std,0.036956146359443665
Jump,55,dist_B1R_H2L_roll_mean,0.0366055853664875
Jump,56,B3R_x_roll_std,0.035879455506801605
Jump,57,dist_H1L_S2_roll_mean,0.03540979325771332
Jump,58,dist_B3L_H2R_roll_std,0.0344991460442543
Jump,59,dist_B2R_tail,0.03449501097202301
Jump,60,B2L_y_roll_std,0.03410064056515694
Jump,61,dist_B2L_H2R_roll_std,0.03382058069109917
Jump,62,dist_B1L_B1R_roll_mean,0.03371080383658409
Jump,63,dist_B2R_tail_roll_std,0.03286340832710266
Jump,64,S1_y_t-1,0.03260865807533264
Jump,65,B3L_x_roll_std,0.03232783451676369
Jump,66,dist_H2R_nose_roll_mean,0.03230113163590431
Jump,67,dist_B2L_B3R_roll_std,0.031422991305589676
Jump,68,dist_B1R_H2R_roll_std,0.03133020177483559
Jump,69,dist_B3R_S2_roll_sum,0.030786562711000443
Jump,70,B2R_y_roll_std,0.030310293659567833
Jump,71,dist_B1R_H1L_roll_std,0.029663393273949623
Jump,72,dist_B3L_S2,0.029496222734451294
Jump,73,dist_B2L_nose_roll_std,0.028991255909204483
Jump,74,dist_H1R_nose_roll_mean,0.02891465276479721
Jump,75,dist_H1L_S1,0.028751984238624573
Jump,76,dist_B1L_H1R_roll_mean,0.028731174767017365
Jump,77,S1_y_roll_std,0.028726663440465927
Jump,78,dist_B3L_H1R_roll_sum,0.028700102120637894
Jump,79,B1L_velocity_roll_std,0.02868826501071453
Jump,80,B2L_velocity,0.028688201680779457
Jump,81,angular_velocity_t-5,0.028122561052441597
Jump,82,S1_y_t-2,0.02764100395143032
Jump,83,centroid_velocity_roll_mean,0.027638034895062447
Jump,84,dist_B2L_S1_roll_sum,0.02732669748365879
Jump,85,S1_x_t-5,0.027211198583245277
Jump,86,H1L_y_roll_std,0.026661090552806854
Jump,87,B1R_velocity_roll_mean,0.026473047211766243
Jump,88,B2L_x_t-5,0.026442723348736763
Jump,89,H2R_y_roll_std,0.026405440643429756
Jump,90,dist_B3L_tail,0.026304882019758224
Jump,91,global_body_angular_velocity,0.026059258729219437
Jump,92,B2L_x_roll_std,0.02591329999268055
Jump,93,dist_H2L_S1_roll_mean,0.025669392198324203
Jump,94,dist_B2R_H1R_roll_sum,0.025650249794125557
Jump,95,dist_B2L_tail_roll_std,0.025616660714149475
Jump,96,dist_H1R_H2L_roll_mean,0.025513745844364166
Jump,97,dist_B2L_H1L_roll_std,0.025423508137464523
Jump,98,dist_B1L_B2L_roll_mean,0.02498217485845089
Jump,99,dist_B2R_tail_roll_mean,0.024973131716251373
Jump,100,dist_H1R_H2R_roll_mean,0.02476232871413231
Jump,101,S2_y_t-3,0.024724194779992104
Jump,102,dist_B1L_B2R_roll_std,0.024627607315778732
Jump,103,S2_y_t-1,0.024190569296479225
Jump,104,dist_B1L_H2L_roll_mean,0.02418052777647972
Jump,105,dist_B1L_H2L_roll_std,0.024066034704446793
Jump,106,dist_B2R_B3R,0.02404349111020565
Jump,107,dist_H1R_H2L,0.023945225402712822
Jump,108,dist_B1R_H1L_roll_mean,0.023918500170111656
Jump,109,dist_B2L_H2L_roll_std,0.02387304976582527
Jump,110,dist_B1R_H1R_roll_mean,0.023843510076403618
Jump,111,S2_y_roll_std,0.02363612689077854
Jump,112,global_body_angular_velocity_roll_std,0.02362317219376564
Jump,113,S1_y,0.02334640733897686
Jump,114,S2_y_t-4,0.023144392296671867
Jump,115,S1_velocity_roll_std,0.022884201258420944
Jump,116,dist_H2R_S1,0.02273094654083252
Jump,117,dist_B1R_tail_roll_std,0.02255384996533394
Jump,118,H1L_x_roll_std,0.02233797311782837
Jump,119,dist_B1L_H1R_roll_std,0.022269153967499733
Jump,120,S1_x_roll_mean,0.02216413803398609
Jump,121,dist_B1L_B3R_roll_std,0.02200452797114849
Jump,122,dist_H1R_S1_roll_std,0.021496478468179703
Jump,123,tail_velocity_roll_mean,0.021396758034825325
Jump,124,dist_S1_S2_roll_std,0.021390032023191452
Jump,125,B3L_velocity_roll_std,0.021191196516156197
Jump,126,dist_B1R_B2R_roll_sum,0.021175039932131767
Jump,127,dist_H1R_S1_roll_mean,0.020706497132778168
Jump,128,dist_B1R_H1R_roll_std,0.020457236096262932
Jump,129,nose_x_roll_std,0.020204249769449234
Jump,130,dist_B3L_S2_roll_sum,0.02014334313571453
Jump,131,dist_B1L_H1L_roll_std,0.019933084025979042
Jump,132,dist_B3L_S1_roll_std,0.019824132323265076
Jump,133,dist_B1L_S1,0.019804595038294792
Jump,134,S2_y_t-5,0.01976572908461094
Jump,135,centroid_velocity_roll_std,0.019660616293549538
Jump,136,tail_y_t-4,0.01948661357164383
Jump,137,B1L_y_roll_std,0.01931043155491352
Jump,138,dist_B1R_B2R_roll_std,0.018859384581446648
Jump,139,dist_H1R_H2L_roll_std,0.018848204985260963
Jump,140,dist_B2L_S2_roll_std,0.018635714426636696
Jump,141,S2_x_roll_std,0.01861416921019554
Jump,142,dist_B3R_nose_roll_std,0.018430275842547417
Jump,143,dist_B2L_S1,0.018391281366348267
Jump,144,dist_B2L_B3L_roll_mean,0.01836337149143219
Jump,145,S1_y_t-5,0.018204743042588234
Jump,146,dist_B1L_nose_roll_mean,0.01809714548289776
Jump,147,dist_B1R_S1_roll_mean,0.01791517809033394
Jump,148,dist_H1L_H1R,0.017820613458752632
Jump,149,S2_velocity_roll_std,0.017704233527183533
Jump,150,dist_B3L_nose,0.017432937398552895
Jump,151,angular_velocity_t-3,0.017330234870314598
Jump,152,tail_velocity,0.01720455102622509
Jump,153,B3L_velocity,0.01718837022781372
Jump,154,H2L_velocity_roll_std,0.017115803435444832
Jump,155,dist_B2L_S1_roll_std,0.016889536753296852
Jump,156,dist_B2L_B3L,0.016848931089043617
Jump,157,dist_H2R_tail_roll_sum,0.01679152064025402
Jump,158,dist_B1R_S1,0.016780519858002663
Jump,159,dist_B1R_H1L,0.01676882989704609
Jump,160,dist_B2L_B3R_roll_sum,0.01663331873714924
Jump,161,B2L_y_t-5,0.016609586775302887
Jump,162,dist_B1L_S1_roll_mean,0.01660863310098648
Jump,163,H2L_velocity,0.016512300819158554
Jump,164,tail_x,0.01649203896522522
Jump,165,H2L_x_t-4,0.0164609644562006
Jump,166,B2L_y,0.016358423978090286
Jump,167,dist_H2L_H2R,0.016172803938388824
Jump,168,B2R_y_t-4,0.01616884209215641
Jump,169,dist_B1R_S2_roll_mean,0.01591307483613491
Jump,170,dist_H2L_tail_roll_std,0.015840889886021614
Jump,171,dist_B1R_nose,0.015765370801091194
Jump,172,dist_B3R_tail_roll_mean,0.01574317179620266
Jump,173,dist_H1R_S2,0.015683285892009735
Jump,174,dist_nose_tail_roll_sum,0.01550544984638691
Jump,175,H1R_velocity_roll_mean,0.015379144810140133
Jump,176,dist_B1R_tail_roll_sum,0.015304261818528175
Jump,177,dist_B1L_B2L_roll_std,0.01526502426713705
Jump,178,dist_H1L_H2L,0.015228638425469398
Jump,179,S1_x_t-2,0.015195469371974468
Jump,180,dist_B1L_S1_roll_std,0.015101115219295025
Jump,181,dist_B1L_tail_roll_std,0.015046574175357819
Jump,182,dist_B1L_H1L_roll_mean,0.015030082315206528
Jump,183,dist_B1L_B2L,0.014908064156770706
Jump,184,tail_x_t-4,0.014846716076135635
Jump,185,dist_B1R_B2L_roll_mean,0.01479696948081255
Jump,186,dist_B3L_H1R_roll_std,0.01477653905749321
Jump,187,dist_B3R_H1R_roll_std,0.014666355215013027
Jump,188,B1L_x_t-3,0.01466478779911995
Jump,189,dist_B3L_nose_roll_sum,0.014640104956924915
Jump,190,dist_B1L_nose_roll_std,0.014630778692662716
Jump,191,B3R_x_roll_sum,0.01455416064709425
Jump,192,global_body_angle_roll_std,0.014527303166687489
Jump,193,S1_y_t-3,0.014372960664331913
Jump,194,dist_H1R_nose_roll_sum,0.01435142196714878
Jump,195,dist_B2L_H1L,0.01421915553510189
Jump,196,dist_H1L_H2L_roll_mean,0.014218729920685291
Jump,197,dist_B2L_B3R_roll_mean,0.014088674448430538
Jump,198,dist_H1L_nose_roll_mean,0.01403450220823288
Jump,199,dist_B2L_B3L_roll_sum,0.01400230173021555
Jump,200,dist_B2L_H2L_roll_mean,0.013931426219642162
Jump,201,H1R_velocity,0.013856814242899418
Jump,202,dist_H2L_S2_roll_std,0.01384462509304285
Jump,203,S2_velocity,0.013736581429839134
Jump,204,dist_B2R_H1L_roll_std,0.013701063580811024
Jump,205,B3R_x_t-5,0.013630015775561333
Jump,206,global_body_angular_velocity_t-5,0.01362151000648737
Jump,207,dist_B1R_B3R_roll_sum,0.013352285139262676
Jump,208,dist_B1L_H1R,0.013294166885316372
Jump,209,dist_B3R_H2R_roll_std,0.013186885043978691
Jump,210,S2_velocity_roll_mean,0.013022427447140217
Jump,211,B1R_x_t-2,0.013003149069845676
Jump,212,B3R_x_t-1,0.012988024391233921
Jump,213,dist_B3R_S1_roll_std,0.012905772775411606
Jump,214,S1_x_t-1,0.012681231833994389
Jump,215,B1R_x_t-5,0.012500524520874023
Jump,216,B1R_velocity_roll_std,0.012461250647902489
Jump,217,B1R_y_roll_std,0.012447631917893887
Jump,218,dist_H1R_H2R_roll_std,0.012399500235915184
Jump,219,S2_x_t-1,0.012313063256442547
Jump,220,dist_B3L_tail_roll_mean,0.01227799616754055
Jump,221,B3R_velocity_roll_sum,0.012219522148370743
Jump,222,dist_B2R_S1_roll_std,0.012105697765946388
Jump,223,S1_x_t-3,0.012097840197384357
Jump,224,dist_B2R_S1,0.01208443846553564
Jump,225,dist_H2R_nose,0.012070604600012302
Jump,226,dist_B1R_H2R,0.011963513679802418
Jump,227,B3R_x_t-2,0.011939650401473045
Jump,228,dist_H2L_nose_roll_std,0.01191634964197874
Jump,229,H1L_velocity,0.011813174933195114
Jump,230,dist_H1R_S2_roll_mean,0.011709893122315407
Jump,231,dist_H1L_S2,0.011708694510161877
Jump,232,dist_B2R_B3L_roll_std,0.011666493490338326
Jump,233,tail_x_roll_std,0.01165732555091381
Jump,234,H2L_x_t-3,0.011595159769058228
Jump,235,S1_velocity_roll_mean,0.011553885415196419
Jump,236,dist_S2_nose_roll_mean,0.011552993208169937
Jump,237,H2L_y_t-3,0.011464602313935757
Jump,238,dist_B2R_nose_roll_std,0.011177287437021732
Jump,239,B1L_velocity_roll_mean,0.011114571243524551
Jump,240,centroid_velocity,0.010999642312526703
Jump,241,dist_H1L_H2L_roll_std,0.010987433604896069
Jump,242,global_body_angle_t-5,0.010949489660561085
Jump,243,nose_x_roll_mean,0.01092172134667635
Jump,244,dist_B2R_H2L_roll_mean,0.01088705100119114
Jump,245,dist_B3L_H1L,0.010880161076784134
Jump,246,dist_B3L_B3R_roll_mean,0.010839215479791164
Jump,247,dist_B2L_H2L_roll_sum,0.01079630572348833
Jump,248,dist_B2L_H2R_roll_sum,0.010765123181045055
Jump,249,dist_B2L_H2L,0.010755699127912521
Jump,250,dist_H2L_H2R_roll_sum,0.010725598782300949
Jump,251,dist_B1L_S2_roll_std,0.010484163649380207
Jump,252,nose_y_t-1,0.010435620322823524
Jump,253,orientation_angle,0.010406741872429848
Jump,254,global_body_angle_t-2,0.010324259288609028
Jump,255,B1L_x_t-1,0.010274840518832207
Jump,256,B3R_x,0.01012527383863926
Jump,257,dist_B2R_H1L_roll_sum,0.010111282579600811
Jump,258,dist_H2L_H2R_roll_std,0.0100394980981946
Jump,259,B2L_x_t-3,0.010029735043644905
Jump,260,dist_B2R_H1R_roll_std,0.009800155647099018
Jump,261,dist_B1R_S2,0.009791445918381214
Jump,262,dist_B1L_H2R,0.009786202572286129
Jump,263,dist_B1L_B3L_roll_sum,0.009766020812094212
Jump,264,B2R_x,0.009755585342645645
Jump,265,B2L_velocity_roll_mean,0.009748612530529499
Jump,266,centroid_x_roll_std,0.009716426022350788
Jump,267,nose_y_t-2,0.009659594856202602
Jump,268,H2L_y_t-5,0.009621906094253063
Jump,269,global_body_angular_velocity_t-3,0.009612847119569778
Jump,270,H1R_y_t-4,0.009595492854714394
Jump,271,S2_x_t-5,0.009586799889802933
Jump,272,dist_H1L_tail,0.00956842489540577
Jump,273,dist_B2L_H1L_roll_mean,0.009555905126035213
Jump,274,global_body_angle_roll_sum,0.009552422910928726
Jump,275,B2R_velocity,0.009425290860235691
Jump,276,centroid_x_roll_mean,0.009386057034134865
Jump,277,B1R_y_roll_mean,0.009356395341455936
Jump,278,H2L_y_roll_mean,0.009324644692242146
Jump,279,B1R_x_t-3,0.00931617897003889
Jump,280,dist_H1R_tail,0.009242545813322067
Jump,281,dist_B3R_H2L,0.009121175855398178
Jump,282,S2_x_roll_mean,0.009112500585615635
Jump,283,dist_B1R_B2L_roll_sum,0.009080368094146252
Jump,284,dist_H1R_H2R,0.009060266427695751
Jump,285,B1L_x_t-5,0.009019368328154087
Jump,286,H1L_x,0.009002633392810822
Jump,287,dist_S2_nose_roll_std,0.008983506821095943
Jump,288,dist_B1L_B3R_roll_sum,0.008979391306638718
Jump,289,dist_B3R_H2R_roll_sum,0.008944415487349033
Jump,290,H1R_y_t-1,0.008943797089159489
Jump,291,dist_B1L_S2_roll_mean,0.0089302659034729
Jump,292,dist_H2L_nose,0.008927887305617332
Jump,293,dist_S2_nose,0.00891637522727251
Jump,294,dist_B2R_H2L,0.00890638679265976
Jump,295,B3L_y_roll_std,0.008855522610247135
Jump,296,dist_B2L_tail,0.008834422565996647
Jump,297,dist_B1L_B3R,0.008818681351840496
Jump,298,B2L_velocity_roll_std,0.008814042434096336
Jump,299,global_body_angular_velocity_roll_mean,0.008806080557405949
Jump,300,dist_B2R_B3R_roll_sum,0.008762894198298454
Jump,301,orientation_change_5,0.008707277476787567
Jump,302,B2R_y_t-3,0.008659161627292633
Jump,303,dist_B2L_tail_roll_mean,0.008567355573177338
Jump,304,B2L_x,0.008560117334127426
Jump,305,dist_B2L_S2_roll_mean,0.008483615703880787
Jump,306,dist_B1R_B3L_roll_sum,0.008431819267570972
Jump,307,B3L_x,0.008420740254223347
Jump,308,dist_H2R_S2_roll_std,0.008368806913495064
Jump,309,nose_velocity,0.008363372646272182
Jump,310,dist_B1L_B3L,0.008330348879098892
Jump,311,dist_B2R_B3R_roll_std,0.008318768814206123
Jump,312,B1R_y_t-2,0.00830797292292118
Jump,313,dist_B1R_B3L_roll_std,0.008257368579506874
Jump,314,dist_B1L_H1R_roll_sum,0.00823875330388546
Jump,315,tail_y_roll_mean,0.008238056674599648
Jump,316,dist_B2R_S2_roll_sum,0.008211396634578705
Jump,317,dist_B2L_B3R,0.008187447674572468
Jump,318,B3R_velocity_roll_mean,0.008182026445865631
Jump,319,centroid_x_roll_sum,0.008158483542501926
Jump,320,tail_y_t-3,0.008153983391821384
Jump,321,dist_B2R_S1_roll_mean,0.008092082105576992
Jump,322,dist_H1L_nose_roll_sum,0.008087636902928352
Jump,323,dist_B1R_tail,0.00807949434965849
Jump,324,nose_y_roll_mean,0.00802202895283699
Jump,325,dist_B1R_H2R_roll_mean,0.007889033295214176
Jump,326,dist_H1L_H2R_roll_sum,0.007838761433959007
Jump,327,dist_B1R_B2R,0.0077905114740133286
Jump,328,H2R_x_t-5,0.00771762290969491
Jump,329,S1_y_t-4,0.00769686046987772
Jump,330,dist_B3L_tail_roll_sum,0.0076930709183216095
Jump,331,B2L_y_t-1,0.007689835969358683
Jump,332,dist_B1L_B3L_roll_std,0.007624040357768536
Jump,333,dist_B3R_S2_roll_mean,0.007546416018158197
Jump,334,dist_H1L_nose,0.007508454378694296
Jump,335,dist_H2R_nose_roll_std,0.007368647959083319
Jump,336,dist_H1L_H2R_roll_mean,0.007364672143012285
Jump,337,dist_H1L_H2R,0.007312015630304813
Jump,338,dist_B1L_B2L_roll_sum,0.007189823780208826
Jump,339,B1L_x_t-2,0.007174023427069187
Jump,340,dist_H2L_H2R_roll_mean,0.0071394965052604675
Jump,341,centroid_y_roll_std,0.007094267755746841
Jump,342,H2R_y_t-5,0.007093658205121756
Jump,343,dist_nose_tail_roll_mean,0.007056232541799545
Jump,344,dist_H2R_tail_roll_std,0.007037347182631493
Jump,345,dist_B3L_H1L_roll_std,0.0070358701050281525
Jump,346,dist_B3L_nose_roll_std,0.007020217832177877
Jump,347,B1R_y,0.007017962634563446
Jump,348,S2_velocity_roll_sum,0.006981140933930874
Jump,349,global_body_angular_velocity_roll_sum,0.006910265423357487
Jump,350,dist_B1L_B2R,0.006855606101453304
Jump,351,nose_y_t-5,0.006799460854381323
Jump,352,B1L_x_roll_std,0.006797909736633301
Jump,353,dist_B3L_S1_roll_mean,0.006789640057832003
Jump,354,dist_H2L_S1,0.006766861770302057
Jump,355,B3L_y_t-5,0.006759646348655224
Jump,356,global_body_angle_t-3,0.006740055046975613
Jump,357,S2_y_t-2,0.00672779930755496
Jump,358,dist_B2L_H2R_roll_mean,0.006726008839905262
Jump,359,dist_B3R_H1L_roll_std,0.00672565633431077
Jump,360,global_body_angle_t-1,0.00672513572499156
Jump,361,dist_H2R_S1_roll_mean,0.006699572317302227
Jump,362,dist_B1R_B2R_roll_mean,0.006693140137940645
Jump,363,dist_H1L_H1R_roll_mean,0.006647264119237661
Jump,364,dist_B2R_H2R_roll_std,0.006610489450395107
Jump,365,global_body_angular_velocity_t-4,0.006572830956429243
Jump,366,dist_B1R_B3R,0.006540441419929266
Jump,367,dist_B1L_nose,0.006538390181958675
Jump,368,H1R_y_roll_std,0.006538054905831814
Jump,369,dist_H1L_nose_roll_std,0.006518802605569363
Jump,370,dist_S1_tail_roll_sum,0.006512492895126343
Jump,371,dist_H2R_S2,0.006464224308729172
Jump,372,H2L_x_t-5,0.006452294997870922
Jump,373,H1R_y_t-2,0.006337537430226803
Jump,374,dist_H1R_S1,0.006329602096229792
Jump,375,B3L_x_t-2,0.006317630410194397
Jump,376,tail_x_roll_mean,0.006311849225312471
Jump,377,angular_velocity_t-4,0.006290108431130648
Jump,378,B1L_x_t-4,0.0062755984254181385
Jump,379,tail_y_roll_std,0.0062502529472112656
Jump,380,dist_B1R_B3L,0.006148169282823801
Jump,381,B3R_velocity_roll_std,0.006131400819867849
Jump,382,dist_B1L_S2,0.006075206678360701
Jump,383,H2R_x_roll_std,0.0060602836310863495
Jump,384,dist_B1R_S1_roll_sum,0.006051838397979736
Jump,385,global_body_angular_velocity_t-1,0.0059293718077242374
Jump,386,B1R_x_roll_mean,0.005915424786508083
Jump,387,global_body_angle,0.005897847469896078
Jump,388,dist_S1_nose_roll_mean,0.005889431573450565
Jump,389,dist_B2L_H1R,0.005872477311640978
Jump,390,dist_B2R_nose_roll_sum,0.005853976588696241
Jump,391,orientation_angle_t-1,0.005845766980201006
Jump,392,H1R_y,0.005826479289680719
Jump,393,S2_x_t-4,0.00573232676833868
Jump,394,angular_velocity_t-2,0.005729952361434698
Jump,395,H2L_x,0.005715254694223404
Jump,396,dist_B1R_nose_roll_mean,0.005686631891876459
Jump,397,dist_H1L_H2R_roll_std,0.0056644040159881115
Jump,398,H2R_x_t-4,0.005650888197124004
Jump,399,global_body_angle_t-4,0.005537286400794983
Jump,400,H2L_y,0.005504723638296127
Jump,401,dist_B2R_H2L_roll_std,0.005494194105267525
Jump,402,H1L_y_t-4,0.005484395194798708
Jump,403,angular_velocity_roll_mean,0.00547614274546504
Jump,404,B1R_x_roll_std,0.005457646679133177
Jump,405,dist_B1L_H2R_roll_mean,0.005426760297268629
Jump,406,S1_x_t-4,0.005407156888395548
Jump,407,dist_B3L_H2L_roll_mean,0.005403628572821617
Jump,408,angular_velocity_t-1,0.0053733414970338345
Jump,409,dist_B2L_S1_roll_mean,0.005335399881005287
Jump,410,B1R_x_t-1,0.005289529450237751
Jump,411,dist_B1R_tail_roll_mean,0.005224548280239105
Jump,412,tail_y_t-2,0.005109257996082306
Jump,413,tail_y_t-5,0.005106593947857618
Jump,414,B1L_x_roll_mean,0.005096927750855684
Jump,415,dist_B1L_B2R_roll_mean,0.005078283604234457
Jump,416,H2L_y_t-4,0.005055045243352652
Jump,417,dist_B3R_nose_roll_sum,0.005054037552326918
Jump,418,dist_B2L_H1R_roll_std,0.005006564315408468
Jump,419,dist_B1R_S2_roll_sum,0.004949798807501793
Jump,420,H2L_x_roll_std,0.004917270503938198
Jump,421,H2R_y_roll_mean,0.00486756581813097
Jump,422,global_body_angle_roll_mean,0.004850396886467934
Jump,423,dist_B2R_H2R_roll_sum,0.0048357476480305195
Jump,424,B3L_y_t-4,0.004822349641472101
Jump,425,H2R_y_t-4,0.004804124590009451
Jump,426,dist_B2L_H1R_roll_mean,0.004797591362148523
Jump,427,B2R_velocity_roll_std,0.004762387368828058
Jump,428,dist_B1R_B3R_roll_std,0.00475947093218565
Jump,429,H1R_velocity_roll_std,0.004753142595291138
Jump,430,B2R_y_t-5,0.004752494860440493
Jump,431,centroid_y_roll_sum,0.004720448981970549
Jump,432,dist_B3L_H2R,0.004705693107098341
Jump,433,B3L_y_t-2,0.004705408588051796
Jump,434,dist_B2L_B2R_roll_mean,0.004698264412581921
Jump,435,dist_H2R_nose_roll_sum,0.004653148353099823
Jump,436,B1L_y_t-5,0.004648704081773758
Jump,437,dist_H1R_S2_roll_std,0.004613632336258888
Jump,438,S2_y,0.004603885114192963
Jump,439,dist_B1R_B3L_roll_mean,0.004592319950461388
Jump,440,B1R_x_t-4,0.0045688459649682045
Jump,441,dist_B3L_H2R_roll_mean,0.00456420611590147
Jump,442,B1L_y_t-4,0.004508123733103275
Jump,443,H2R_y_t-3,0.004490138031542301
Jump,444,H2L_y_t-1,0.004480505827814341
Jump,445,nose_y_roll_std,0.004477649927139282
Jump,446,dist_B2R_B3L_roll_mean,0.004463914781808853
Jump,447,H1R_y_t-3,0.004445426166057587
Jump,448,dist_B2R_S2,0.00442267581820488
Jump,449,B1R_y_t-1,0.004411148838698864
Jump,450,H1R_x,0.004371320363134146
Jump,451,H2R_velocity_roll_sum,0.004369866102933884
Jump,452,B1R_y_t-5,0.004353125113993883
Jump,453,dist_H1L_tail_roll_std,0.004333387594670057
Jump,454,dist_H1L_tail_roll_sum,0.004320213571190834
Jump,455,dist_B3L_H2L_roll_std,0.004318900406360626
Jump,456,B2R_y_t-1,0.0042915609665215015
Jump,457,H2R_velocity,0.004288699012249708
Jump,458,dist_B1L_tail,0.004262241069227457
Jump,459,dist_B3R_nose_roll_mean,0.004261333495378494
Jump,460,H1L_velocity_roll_mean,0.004260859452188015
Jump,461,dist_H2R_S2_roll_mean,0.004256841726601124
Jump,462,B2R_x_roll_std,0.004238215275108814
Jump,463,B2R_y,0.0042287134565413
Jump,464,nose_velocity_roll_sum,0.00419611856341362
Jump,465,dist_B1L_H2L_roll_sum,0.0041899364441633224
Jump,466,B3R_y_t-5,0.004185207188129425
Jump,467,H2R_velocity_roll_mean,0.0041645001620054245
Jump,468,dist_B3R_S1_roll_mean,0.004163493402302265
Jump,469,B2L_x_roll_mean,0.004161997232586145
Jump,470,dist_B2L_nose,0.004142104182392359
Jump,471,H2R_x,0.004140024073421955
Jump,472,H1L_y_t-1,0.004131356719881296
Jump,473,dist_B1R_H2R_roll_sum,0.004087751731276512
Jump,474,H2R_x_t-1,0.004085000604391098
Jump,475,H1R_x_t-3,0.004076245706528425
Jump,476,H1L_y_roll_sum,0.00407390808686614
Jump,477,dist_H1L_S2_roll_std,0.00406650360673666
Jump,478,B2L_y_t-4,0.004066254012286663
Jump,479,dist_B3R_H1L,0.004061826970428228
Jump,480,dist_H1L_H2L_roll_sum,0.0040499549359083176
Jump,481,nose_x_t-2,0.004044297616928816
Jump,482,B1R_x,0.00403786264359951
Jump,483,B1L_y,0.004020981024950743
Jump,484,dist_H1R_tail_roll_mean,0.0040139430202543736
Jump,485,B3L_x_t-4,0.004007459618151188
Jump,486,B2R_x_t-4,0.003973712213337421
Jump,487,dist_B3L_H2L,0.0039448002353310585
Jump,488,H2R_y_roll_sum,0.0038761061150580645
Jump,489,B2R_x_t-5,0.003831858979538083
Jump,490,B3R_y_roll_std,0.003829461755231023
Jump,491,dist_B2L_tail_roll_sum,0.0038212172221392393
Jump,492,B1L_x,0.003821216756477952
Jump,493,dist_B2R_H2R,0.0038138919044286013
Jump,494,B3L_y_t-3,0.0038025924004614353
Jump,495,dist_B1R_B3R_roll_mean,0.003766711801290512
Jump,496,B3L_x_t-1,0.003738503437489271
Jump,497,dist_B3R_S1,0.0037220693193376064
Jump,498,H1L_y,0.0036638027522712946
Jump,499,dist_B2R_B3L,0.0036499809939414263
Jump,500,B3R_x_t-3,0.00362536683678627
Jump,501,B1R_y_t-4,0.003582203295081854
Jump,502,dist_B3L_nose_roll_mean,0.0035767764784395695
Jump,503,dist_B1R_B2L,0.003539800876751542
Jump,504,B1R_y_roll_sum,0.0035380886401981115
Jump,505,dist_H1R_nose,0.003519443329423666
Jump,506,B3R_y_t-2,0.0034739109687507153
Jump,507,dist_B2R_H2R_roll_mean,0.0034423742908984423
Jump,508,B3R_y_t-1,0.003413071623072028
Jump,509,dist_B1L_B2R_roll_sum,0.0033899336121976376
Jump,510,S2_x,0.003384825773537159
Jump,511,B3R_y_roll_mean,0.0033726580440998077
Jump,512,B2L_x_t-1,0.003364824689924717
Jump,513,dist_H2R_tail_roll_mean,0.0033505496103316545
Jump,514,orientation_angle_t-2,0.0033118121791630983
Jump,515,orientation_angle_t-5,0.0033113888930529356
Jump,516,dist_B3L_S2_roll_mean,0.003299305448308587
Jump,517,tail_x_t-1,0.00329478457570076
Jump,518,dist_S1_tail,0.003271697321906686
Jump,519,dist_B1L_H2L,0.0032694819383323193
Jump,520,dist_B1R_H1R,0.0032504303380846977
Jump,521,B2R_x_t-3,0.0032457297202199697
Jump,522,dist_B3R_H2R,0.003240290330722928
Jump,523,H2R_y_t-1,0.0032294054981321096
Jump,524,dist_B1L_tail_roll_sum,0.003210444003343582
Jump,525,dist_B3L_H1L_roll_mean,0.00319970166310668
Jump,526,B1R_y_t-3,0.003194171702489257
Jump,527,B2R_y_t-2,0.0031814738176763058
Jump,528,dist_S1_S2,0.0031783825252205133
Jump,529,B1L_y_t-3,0.003159366548061371
Jump,530,dist_H2L_tail,0.003157983999699354
Jump,531,dist_nose_tail,0.0031522109638899565
Jump,532,dist_S1_tail_roll_mean,0.0031262687407433987
Jump,533,H1L_x_t-5,0.003085751784965396
Jump,534,dist_S2_tail_roll_mean,0.003062032861635089
Jump,535,dist_B1L_S1_roll_sum,0.0030389102175831795
Jump,536,H2L_velocity_roll_mean,0.0029743185732513666
Jump,537,dist_S1_nose,0.00296175223775208
Jump,538,dist_B2R_nose,0.002914267126470804
Jump,539,tail_x_t-5,0.0029084780253469944
Jump,540,B3L_x_roll_mean,0.002877181163057685
Jump,541,dist_B2L_S2_roll_sum,0.0028599053621292114
Jump,542,B3L_velocity_roll_mean,0.0028308259788900614
Jump,543,dist_B1L_B3L_roll_mean,0.0028220349922776222
Jump,544,nose_y,0.002806115662679076
Jump,545,S2_x_t-3,0.002762081567198038
Jump,546,dist_H2R_tail,0.0027177087031304836
Jump,547,B3R_y_t-3,0.002699321135878563
Jump,548,B2R_x_t-2,0.002688224893063307
Jump,549,H2R_velocity_roll_std,0.0026464045513421297
Jump,550,dist_B1L_S2_roll_sum,0.0026108601596206427
Jump,551,nose_velocity_roll_std,0.0025784282479435205
Jump,552,tail_x_t-3,0.002565990900620818
Jump,553,B3L_y_roll_sum,0.0025434051640331745
Jump,554,H1R_x_roll_std,0.0025023831985890865
Jump,555,H2R_y_t-2,0.002482275478541851
Jump,556,dist_H2R_S1_roll_sum,0.0024526636116206646
Jump,557,H1R_y_roll_sum,0.0024351233150810003
Jump,558,B2R_x_t-1,0.002410487039014697
Jump,559,B2R_y_roll_sum,0.002375455806031823
Jump,560,dist_B1R_nose_roll_std,0.002288268646225333
Jump,561,dist_H1R_tail_roll_std,0.002258760156109929
Jump,562,H2L_y_t-2,0.0022494022268801928
Jump,563,dist_B3L_S1,0.002234452171251178
Jump,564,orientation_angle_t-3,0.0021421436686068773
Jump,565,dist_B1L_B3R_roll_mean,0.0021334991324692965
Jump,566,dist_S2_tail,0.002110728994011879
Jump,567,dist_H2L_tail_roll_mean,0.0021100682206451893
Jump,568,B3R_x_t-4,0.002080901525914669
Jump,569,dist_nose_tail_roll_std,0.002069109119474888
Jump,570,B1L_y_t-2,0.0020285791251808405
Jump,571,B2L_y_t-2,0.002022417960688472
Jump,572,B2R_x_roll_mean,0.0020204870961606503
Jump,573,B3L_y_roll_mean,0.002016417682170868
Jump,574,B3L_x_t-5,0.002003330737352371
Jump,575,nose_x_t-5,0.0020023067481815815
Jump,576,S2_x_t-2,0.0019463524222373962
Jump,577,B3L_x_t-3,0.0019084214000031352
Jump,578,H1R_y_roll_mean,0.001878370181657374
Jump,579,dist_B3R_H1R,0.001875565038062632
Jump,580,dist_H2L_nose_roll_sum,0.0018581944750621915
Jump,581,tail_x_t-2,0.0018542418256402016
Jump,582,B3R_y,0.0018533843103796244
Jump,583,dist_B3R_H2R_roll_mean,0.0018329143058508635
Jump,584,H2R_y,0.0017721449257805943
Jump,585,dist_B3R_H1R_roll_mean,0.0017604869790375233
Jump,586,B3L_y,0.0017426559934392571
Jump,587,orientation_angle_t-4,0.0017389185959473252
Jump,588,tail_y_t-1,0.0017222765600308776
Jump,589,global_body_angular_velocity_t-2,0.001691186334937811
Jump,590,dist_B1R_H2L_roll_sum,0.001689932425506413
Jump,591,H1L_velocity_roll_std,0.0016811125678941607
Jump,592,H2L_x_t-2,0.001616460969671607
Jump,593,dist_B2R_nose_roll_mean,0.0015833699144423008
Jump,594,nose_y_t-4,0.0015738402726128697
Jump,595,B3R_x_roll_mean,0.0015399667900055647
Jump,596,nose_y_t-3,0.0014211004599928856
Jump,597,H1L_y_t-2,0.0014123163418844342
Jump,598,H2L_x_roll_mean,0.001409174408763647
Jump,599,nose_velocity_roll_mean,0.0014052744954824448
Jump,600,H1R_x_t-4,0.0013631006004288793
Jump,601,H2L_x_t-1,0.0013610509922727942
Jump,602,centroid_y,0.0012865954777225852
Jump,603,tail_y,0.0012549285311251879
Jump,604,B2R_y_roll_mean,0.0012508422369137406
Jump,605,B2L_y_roll_mean,0.001220941892825067
Jump,606,dist_B2L_nose_roll_sum,0.0012007503537461162
Jump,607,S2_y_roll_mean,0.0011774235172197223
Jump,608,H1L_y_t-5,0.0011587133631110191
Jump,609,dist_B2R_H1L_roll_mean,0.0011550546623766422
Jump,610,dist_B3L_H1R,0.0011335199233144522
Jump,611,B2R_x_roll_sum,0.0011191264493390918
Jump,612,centroid_displacement_5,0.0010583469411358237
Jump,613,H1R_x_t-5,0.0010291869984939694
Jump,614,H1R_x_t-1,0.0010179986711591482
Jump,615,centroid_y_roll_mean,0.001017025439068675
Jump,616,dist_B2R_S2_roll_mean,0.00101062364410609
Jump,617,dist_B1L_B1R_roll_sum,0.0009575020521879196
Jump,618,dist_B2R_H1R_roll_mean,0.0009388612816110253
Jump,619,dist_B1L_tail_roll_mean,0.0009306148858740926
Jump,620,B1L_y_t-1,0.0009088483639061451
Jump,621,H1R_y_t-5,0.0009024332393892109
Jump,622,B2R_velocity_roll_mean,0.000871614960487932
Jump,623,B2L_x_t-2,0.0008221599273383617
Jump,624,dist_B3R_H1L_roll_mean,0.0007866453961469233
Jump,625,dist_B3R_nose,0.000781681970693171
Jump,626,centroid_x,0.0007694127270951867
Jump,627,H1R_x_roll_sum,0.0007502479711547494
Jump,628,dist_B3L_S1_roll_sum,0.0007166182622313499
Jump,629,nose_y_roll_sum,0.0007026077364571393
Jump,630,dist_B1L_H1L,0.0006494749686680734
Jump,631,dist_H1R_S1_roll_sum,0.0006370314513333142
Jump,632,angular_velocity_roll_sum,0.0006154890288598835
Jump,633,B2L_y_t-3,0.0006034118705429137
Jump,634,H1L_y_t-3,0.0005931337364017963
Jump,635,nose_x_t-3,0.0005078499671071768
Jump,636,nose_x,0.0005042408010922372
Jump,637,H1R_x_roll_mean,0.0004924191161990166
Jump,638,H1L_x_t-1,0.000487981247715652
Jump,639,dist_B2L_H2R,0.00047261788859032094
Jump,640,dist_B2R_H1L,0.00038255256367847323
Jump,641,dist_B2L_nose_roll_mean,0.00038234033854678273
Jump,642,H1L_x_roll_mean,0.00035837580799125135
Jump,643,nose_x_t-4,0.00033259819610975683
Jump,644,B3L_y_t-1,0.00032137150992639363
Jump,645,nose_x_t-1,0.0003146013477817178
Jump,646,dist_B3L_H1R_roll_mean,0.00030458305263891816
Jump,647,H1L_x_t-3,0.00023395891184918582
Jump,648,H2R_x_t-2,0.00021776594803668559
Jump,649,H1R_x_t-2,0.00012942696048412472
Jump,650,H1L_x_t-4,9.724337724037468e-05
Jump,651,dist_H1L_S2_roll_sum,0.0
Jump,652,dist_H1L_tail_roll_mean,0.0
Jump,653,dist_H2L_tail_roll_sum,0.0
Jump,654,dist_S2_nose_roll_sum,0.0
Jump,655,dist_S1_S2_roll_sum,0.0
Jump,656,dist_H2R_S2_roll_sum,0.0
Jump,657,dist_H2L_S2_roll_sum,0.0
Jump,658,dist_B2L_H1L_roll_sum,0.0
Jump,659,dist_B2L_H1R_roll_sum,0.0
Jump,660,dist_B2L_B2R_roll_sum,0.0
Jump,661,H1L_x_t-2,0.0
Jump,662,H2L_y_roll_sum,0.0
Jump,663,H2R_x_roll_mean,0.0
Jump,664,H2R_x_roll_sum,0.0
Jump,665,S1_y_roll_sum,0.0
Jump,666,dist_B1R_nose_roll_sum,0.0
Jump,667,dist_B1R_H1L_roll_sum,0.0
Jump,668,dist_B3L_H2L_roll_sum,0.0
Jump,669,dist_B3L_H1L_roll_sum,0.0
Jump,670,H2L_x_roll_sum,0.0
Jump,671,B3R_y_roll_sum,0.0
Jump,672,H1L_x_roll_sum,0.0
Jump,673,H1L_y_roll_mean,0.0
Jump,674,dist_B1R_H1R_roll_sum,0.0
Jump,675,dist_H1L_S1_roll_sum,0.0
Jump,676,dist_B3R_H1L_roll_sum,0.0
Jump,677,dist_B3R_H1R_roll_sum,0.0
Jump,678,dist_H1L_H1R_roll_sum,0.0
Jump,679,tail_x_roll_sum,0.0
Jump,680,S2_x_roll_sum,0.0
Jump,681,S2_y_roll_sum,0.0
Jump,682,nose_x_roll_sum,0.0
Jump,683,S1_x_roll_sum,0.0
Jump,684,dist_B1L_H2R_roll_sum,0.0
Jump,685,dist_B1L_H1L_roll_sum,0.0
Jump,686,tail_y_roll_sum,0.0
Jump,687,dist_B3R_S1_roll_sum,0.0
Jump,688,dist_B3R_H2L_roll_mean,0.0
Jump,689,dist_B3R_H2L_roll_sum,0.0
Jump,690,H2L_velocity_roll_sum,0.0
Jump,691,H2R_x_t-3,0.0
Jump,692,B3L_x_roll_sum,0.0
Jump,693,B2L_x_roll_sum,0.0
Jump,694,B2L_y_roll_sum,0.0
Jump,695,B1L_y_roll_mean,0.0
Jump,696,H1L_velocity_roll_sum,0.0
Jump,697,B2L_velocity_roll_sum,0.0
Jump,698,dist_B1L_nose_roll_sum,0.0
Jump,699,dist_H2L_S2,0.0
Jump,700,centroid_velocity_roll_sum,0.0
Jump,701,B1L_y_roll_sum,0.0
Jump,702,B1R_x_roll_sum,0.0
Jump,703,B1L_x_roll_sum,0.0
Jump,704,dist_B2R_H2L_roll_sum,0.0
Jump,705,dist_B2R_B3L_roll_sum,0.0
Jump,706,S1_velocity_roll_sum,0.0
Jump,707,H1R_velocity_roll_sum,0.0
Jump,708,dist_B2R_H1R,0.0
Jump,709,dist_H1R_tail_roll_sum,0.0
Jump,710,dist_H2L_S1_roll_sum,0.0
Jump,711,dist_H1R_S2_roll_sum,0.0
Jump,712,dist_H1R_H2L_roll_sum,0.0
Jump,713,dist_H1R_H2R_roll_sum,0.0
Jump,714,B3R_y_t-4,0.0
Jump,715,B2L_x_t-4,0.0
Jump,716,dist_B2R_tail_roll_sum,0.0
Jump,717,dist_B2R_S1_roll_sum,0.0
Jump,718,dist_S1_nose_roll_sum,0.0
Jump,719,dist_S2_tail_roll_sum,0.0
Locomotion,1,dist_B1R_B2L_roll_std,0.16252681612968445
Locomotion,2,B2L_velocity_roll_mean,0.12479414790868759
Locomotion,3,dist_B3L_H1R_roll_std,0.11085604131221771
Locomotion,4,dist_B2R_S1_roll_std,0.10685763508081436
Locomotion,5,B2R_velocity,0.09476766735315323
Locomotion,6,B2R_velocity_roll_mean,0.09464415162801743
Locomotion,7,dist_B3R_tail_roll_std,0.09336885064840317
Locomotion,8,B1R_velocity,0.09296514093875885
Locomotion,9,dist_S2_tail_roll_std,0.08761825412511826
Locomotion,10,dist_B3L_tail_roll_std,0.08620669692754745
Locomotion,11,dist_B3L_H2R,0.08569733053445816
Locomotion,12,B3L_velocity_roll_std,0.08538799732923508
Locomotion,13,dist_B2R_S2_roll_std,0.08424071222543716
Locomotion,14,dist_B3L_H1R,0.08249551802873611
Locomotion,15,dist_B2R_tail_roll_std,0.08192861825227737
Locomotion,16,S1_velocity,0.07797935605049133
Locomotion,17,dist_B3R_S2_roll_std,0.07410931587219238
Locomotion,18,dist_B2L_S2_roll_std,0.07405711710453033
Locomotion,19,tail_velocity_roll_std,0.05797704681754112
Locomotion,20,B2R_x_roll_std,0.05716555938124657
Locomotion,21,dist_H2L_H2R,0.05297089368104935
Locomotion,22,dist_B2L_B3L_roll_std,0.0517875999212265
Locomotion,23,dist_B2L_B2R_roll_std,0.051373571157455444
Locomotion,24,dist_H2R_S1_roll_std,0.05093611776828766
Locomotion,25,tail_velocity_roll_sum,0.04740693420171738
Locomotion,26,dist_H1L_S2_roll_std,0.04591139778494835
Locomotion,27,dist_B1L_S1_roll_std,0.04519779235124588
Locomotion,28,dist_B2L_S1_roll_std,0.04516221955418587
Locomotion,29,dist_H1R_tail,0.0449020080268383
Locomotion,30,B1L_velocity_roll_sum,0.044023457914590836
Locomotion,31,dist_B1R_H1R_roll_std,0.04262656345963478
Locomotion,32,dist_H1L_H1R,0.04229941591620445
Locomotion,33,dist_H2R_S2_roll_std,0.040875740349292755
Locomotion,34,dist_B3L_S2_roll_std,0.03784231096506119
Locomotion,35,dist_H2L_S2_roll_std,0.037840910255908966
Locomotion,36,S1_x_roll_std,0.03400946781039238
Locomotion,37,S1_y,0.033939070999622345
Locomotion,38,B2L_y_roll_std,0.03382957726716995
Locomotion,39,dist_B2R_B3L_roll_std,0.032782312482595444
Locomotion,40,dist_B1L_H2L_roll_std,0.03250727429986
Locomotion,41,dist_B2L_H2R,0.03245680034160614
Locomotion,42,dist_H2L_H2R_roll_sum,0.031843382865190506
Locomotion,43,dist_B3R_tail_roll_mean,0.03157269209623337
Locomotion,44,B1R_x_roll_std,0.031232433393597603
Locomotion,45,angular_velocity,0.031040731817483902
Locomotion,46,dist_B1R_S1_roll_std,0.030873220413923264
Locomotion,47,dist_H2L_nose_roll_std,0.029335131868720055
Locomotion,48,dist_B1L_H2R,0.029212793335318565
Locomotion,49,dist_B3L_tail,0.028126316145062447
Locomotion,50,dist_B1R_B2L,0.028099771589040756
Locomotion,51,dist_B3R_H2L_roll_std,0.02795390784740448
Locomotion,52,dist_H2L_H2R_roll_mean,0.02768736518919468
Locomotion,53,tail_velocity_roll_mean,0.02768280915915966
Locomotion,54,dist_B1L_B3L,0.027288207784295082
Locomotion,55,B1L_y_roll_std,0.026775481179356575
Locomotion,56,dist_H2R_S1_roll_mean,0.026646967977285385
Locomotion,57,B2R_velocity_roll_sum,0.026224100962281227
Locomotion,58,dist_H2L_S1_roll_std,0.025796333327889442
Locomotion,59,S2_x_roll_std,0.025618433952331543
Locomotion,60,dist_B3L_tail_roll_mean,0.02522340603172779
Locomotion,61,dist_H1L_H1R_roll_mean,0.02521185390651226
Locomotion,62,dist_B1L_S1_roll_mean,0.025069236755371094
Locomotion,63,dist_B3L_B3R,0.025002384558320045
Locomotion,64,dist_B2L_B2R_roll_sum,0.024951301515102386
Locomotion,65,dist_H1R_nose_roll_mean,0.02472417801618576
Locomotion,66,dist_S2_nose_roll_mean,0.02468227408826351
Locomotion,67,centroid_x_roll_std,0.02462601475417614
Locomotion,68,dist_H2R_tail,0.024614926427602768
Locomotion,69,dist_B1R_S1,0.024395108222961426
Locomotion,70,S1_y_roll_std,0.024363048374652863
Locomotion,71,H2R_velocity_roll_std,0.02400956116616726
Locomotion,72,angular_velocity_roll_std,0.023896992206573486
Locomotion,73,dist_H1L_H2L_roll_std,0.023824868723750114
Locomotion,74,B2L_velocity,0.023802099749445915
Locomotion,75,H2R_velocity,0.023771779611706734
Locomotion,76,dist_B2L_S2_roll_mean,0.023770872503519058
Locomotion,77,S2_velocity,0.02372760884463787
Locomotion,78,dist_H1R_S2_roll_mean,0.02330353669822216
Locomotion,79,dist_B2R_B3L,0.02268647402524948
Locomotion,80,dist_B3R_H2R,0.022659314796328545
Locomotion,81,nose_velocity,0.02234715409576893
Locomotion,82,dist_H2R_nose_roll_sum,0.022306833416223526
Locomotion,83,dist_B3R_H1R,0.022280748933553696
Locomotion,84,B3R_velocity,0.02213253825902939
Locomotion,85,S1_velocity_roll_mean,0.02182367444038391
Locomotion,86,tail_x_roll_std,0.021785272285342216
Locomotion,87,dist_H1R_S1_roll_mean,0.021197248250246048
Locomotion,88,dist_H2R_nose_roll_std,0.021112078800797462
Locomotion,89,B2R_y_roll_std,0.021099217236042023
Locomotion,90,dist_B1L_B1R,0.021069258451461792
Locomotion,91,dist_B1R_H2L,0.021039998158812523
Locomotion,92,dist_B1L_H2R_roll_mean,0.021027114242315292
Locomotion,93,dist_H1R_S1_roll_std,0.02098153717815876
Locomotion,94,dist_B1R_B3L_roll_std,0.020750606432557106
Locomotion,95,S2_y_roll_std,0.02068096026778221
Locomotion,96,dist_H1L_nose_roll_mean,0.02048785239458084
Locomotion,97,dist_B2L_tail_roll_std,0.020149115473031998
Locomotion,98,dist_B1R_B3R_roll_std,0.020046787336468697
Locomotion,99,dist_B2L_B3R,0.0200069397687912
Locomotion,100,dist_B1R_H1L_roll_std,0.019825704395771027
Locomotion,101,dist_B1L_B1R_roll_std,0.019685868173837662
Locomotion,102,dist_B1R_S1_roll_sum,0.0196366086602211
Locomotion,103,B3L_velocity,0.019588734954595566
Locomotion,104,dist_B2L_B2R_roll_mean,0.01934186927974224
Locomotion,105,dist_B2L_H2R_roll_sum,0.01931777223944664
Locomotion,106,dist_B1L_B2R,0.0192151740193367
Locomotion,107,global_body_angle_roll_std,0.01905297487974167
Locomotion,108,dist_B1R_H1L,0.01905106008052826
Locomotion,109,dist_H1L_S2,0.01892874576151371
Locomotion,110,dist_B1R_S1_roll_mean,0.018869008868932724
Locomotion,111,dist_B2L_B3L_roll_mean,0.018611103296279907
Locomotion,112,dist_B2L_B3R_roll_std,0.01851503923535347
Locomotion,113,H2L_y_roll_std,0.01830245554447174
Locomotion,114,dist_B1R_nose_roll_std,0.018257780000567436
Locomotion,115,dist_B2L_H2L_roll_std,0.018026171252131462
Locomotion,116,B1R_velocity_roll_std,0.017951393499970436
Locomotion,117,B2R_velocity_roll_std,0.017508961260318756
Locomotion,118,nose_velocity_roll_mean,0.017495809122920036
Locomotion,119,B1R_y_roll_std,0.01737353578209877
Locomotion,120,dist_B3R_H1R_roll_std,0.017346102744340897
Locomotion,121,dist_B1R_H1L_roll_mean,0.017135242000222206
Locomotion,122,B1L_x,0.016978105530142784
Locomotion,123,tail_velocity,0.016767313703894615
Locomotion,124,dist_B3L_H2R_roll_std,0.016218027099967003
Locomotion,125,dist_B1R_S2_roll_std,0.016105683520436287
Locomotion,126,dist_H2R_S2_roll_mean,0.01580915041267872
Locomotion,127,dist_B1L_B3L_roll_std,0.015797084197402
Locomotion,128,dist_B3L_B3R_roll_mean,0.01578449457883835
Locomotion,129,dist_H1R_S2_roll_std,0.015735436230897903
Locomotion,130,tail_x,0.01563365012407303
Locomotion,131,dist_B1L_B1R_roll_mean,0.015406638383865356
Locomotion,132,dist_B3R_tail,0.015100458636879921
Locomotion,133,dist_H2R_tail_roll_std,0.015054290182888508
Locomotion,134,dist_B2R_B3R_roll_std,0.0150465602055192
Locomotion,135,dist_H1L_H1R_roll_std,0.014934816397726536
Locomotion,136,dist_B2R_B3R,0.014930003322660923
Locomotion,137,H1L_velocity,0.014865194447338581
Locomotion,138,dist_B1R_tail,0.014716495759785175
Locomotion,139,dist_H2L_tail_roll_std,0.014561454765498638
Locomotion,140,dist_H1R_H2R_roll_std,0.014543347992002964
Locomotion,141,dist_S1_nose,0.01454124879091978
Locomotion,142,centroid_velocity_roll_std,0.014369494281709194
Locomotion,143,dist_B2R_nose_roll_std,0.01435365155339241
Locomotion,144,H1R_x_roll_std,0.014319272711873055
Locomotion,145,dist_B1R_H2R,0.014293313026428223
Locomotion,146,dist_B2R_B3R_roll_sum,0.014203978702425957
Locomotion,147,dist_B1R_H2R_roll_std,0.014115037396550179
Locomotion,148,B1L_x_t-5,0.014006483368575573
Locomotion,149,dist_B3R_H1L_roll_std,0.013965013436973095
Locomotion,150,dist_H1R_H2L_roll_std,0.013949783518910408
Locomotion,151,B2L_velocity_roll_std,0.013925851322710514
Locomotion,152,dist_B2R_B3R_roll_mean,0.013885836116969585
Locomotion,153,dist_H1L_H2L,0.013784126378595829
Locomotion,154,dist_B3L_B3R_roll_std,0.01377224549651146
Locomotion,155,dist_H2L_H2R_roll_std,0.013717704452574253
Locomotion,156,H1R_y_t-2,0.0135745108127594
Locomotion,157,dist_S2_tail,0.013553444296121597
Locomotion,158,dist_B2R_H1L_roll_std,0.013518321327865124
Locomotion,159,dist_H1L_H2L_roll_mean,0.013478380627930164
Locomotion,160,B3L_x_t-2,0.013337008655071259
Locomotion,161,dist_B2R_H2R_roll_std,0.013101399876177311
Locomotion,162,B2L_x,0.013098607771098614
Locomotion,163,dist_B1L_H1R_roll_mean,0.013057532720267773
Locomotion,164,B3R_velocity_roll_sum,0.013046685606241226
Locomotion,165,dist_B2L_B3R_roll_mean,0.013005312532186508
Locomotion,166,dist_H2R_S1,0.012834073044359684
Locomotion,167,B1L_velocity,0.012790949083864689
Locomotion,168,S2_velocity_roll_std,0.012766774743795395
Locomotion,169,B1L_x_roll_std,0.012686715461313725
Locomotion,170,dist_B1L_nose_roll_std,0.012661948800086975
Locomotion,171,S1_x_t-3,0.012630566954612732
Locomotion,172,B1R_x,0.012587794102728367
Locomotion,173,H1R_velocity,0.012531316839158535
Locomotion,174,dist_B2L_H1R_roll_std,0.01252818014472723
Locomotion,175,dist_H2R_S2,0.012525354512035847
Locomotion,176,dist_H1L_tail_roll_std,0.01250001136213541
Locomotion,177,global_body_angular_velocity_roll_std,0.012493318878114223
Locomotion,178,dist_S1_nose_roll_std,0.012490112334489822
Locomotion,179,dist_B2L_H1R_roll_mean,0.012485564686357975
Locomotion,180,dist_B2R_H1L,0.012484794482588768
Locomotion,181,dist_H2L_nose_roll_mean,0.012423121370375156
Locomotion,182,dist_B3L_S2,0.012258641421794891
Locomotion,183,B1R_x_t-3,0.012232337146997452
Locomotion,184,dist_B2R_H2L_roll_std,0.012196021154522896
Locomotion,185,dist_B2R_H1R_roll_std,0.01219540648162365
Locomotion,186,dist_B3R_S2_roll_mean,0.012155812233686447
Locomotion,187,H2L_x_roll_std,0.012096283957362175
Locomotion,188,B3L_y_roll_std,0.012076648883521557
Locomotion,189,B3R_y_t-1,0.011915680021047592
Locomotion,190,dist_B2L_nose_roll_std,0.011892707087099552
Locomotion,191,dist_H1R_nose,0.011888807639479637
Locomotion,192,dist_H1R_H2L,0.011877776123583317
Locomotion,193,B1L_velocity_roll_std,0.011858228594064713
Locomotion,194,dist_H1L_H2R_roll_std,0.011857958510518074
Locomotion,195,dist_B3L_nose,0.011798127554357052
Locomotion,196,dist_B1L_B3R,0.01162477396428585
Locomotion,197,dist_B2L_H2R_roll_mean,0.011490126140415668
Locomotion,198,dist_B1R_S2,0.011486173607409
Locomotion,199,dist_H1L_H1R_roll_sum,0.011460337787866592
Locomotion,200,dist_S2_tail_roll_mean,0.011422324925661087
Locomotion,201,dist_B3R_H2R_roll_std,0.011418722569942474
Locomotion,202,S1_x,0.011377116665244102
Locomotion,203,H2L_velocity,0.01128391269594431
Locomotion,204,global_body_angular_velocity,0.011259890161454678
Locomotion,205,dist_H2R_nose_roll_mean,0.011118080466985703
Locomotion,206,B2L_y_roll_mean,0.011016239412128925
Locomotion,207,dist_B1L_H2R_roll_sum,0.010981855913996696
Locomotion,208,nose_y_t-5,0.010952591896057129
Locomotion,209,B3R_y,0.010931918397545815
Locomotion,210,dist_B1R_H2L_roll_mean,0.01083814911544323
Locomotion,211,dist_B1L_S2_roll_std,0.010751663707196712
Locomotion,212,dist_H1L_nose_roll_std,0.01071019098162651
Locomotion,213,dist_B1L_H1L_roll_std,0.010681791231036186
Locomotion,214,global_body_angular_velocity_t-3,0.010665487498044968
Locomotion,215,H1L_x_roll_std,0.01063929870724678
Locomotion,216,global_body_angle_t-1,0.010628062300384045
Locomotion,217,dist_B3L_H2R_roll_mean,0.010594750754535198
Locomotion,218,dist_H1R_H2L_roll_mean,0.010563172399997711
Locomotion,219,dist_B3L_S1_roll_std,0.010434799827635288
Locomotion,220,dist_B2L_S1,0.010376081801950932
Locomotion,221,dist_S2_tail_roll_sum,0.01025727391242981
Locomotion,222,dist_B2R_S2,0.010194278322160244
Locomotion,223,centroid_y_roll_std,0.010188644751906395
Locomotion,224,dist_B1R_B2R_roll_mean,0.010112711228430271
Locomotion,225,dist_B1L_S1,0.010112146846950054
Locomotion,226,nose_velocity_roll_std,0.010110856965184212
Locomotion,227,global_body_angle,0.010067855007946491
Locomotion,228,dist_B1L_B2R_roll_std,0.010056241415441036
Locomotion,229,dist_B2L_S2,0.010001988150179386
Locomotion,230,B2R_y_t-2,0.009907576255500317
Locomotion,231,dist_B3L_H2L_roll_std,0.009890911169350147
Locomotion,232,dist_B3R_H1L,0.009830224327743053
Locomotion,233,dist_H2L_S2_roll_mean,0.009682086296379566
Locomotion,234,dist_B3L_S2_roll_mean,0.009646132588386536
Locomotion,235,dist_B1L_tail_roll_std,0.009640280157327652
Locomotion,236,dist_B1R_B2L_roll_mean,0.009619349613785744
Locomotion,237,dist_B2L_B2R,0.009619161486625671
Locomotion,238,dist_B3R_S1_roll_std,0.00960509106516838
Locomotion,239,dist_B1L_B3L_roll_mean,0.00959206186234951
Locomotion,240,H2R_y_t-3,0.009587693959474564
Locomotion,241,dist_B1L_B2L,0.009462190791964531
Locomotion,242,angular_velocity_t-5,0.009376016445457935
Locomotion,243,B3L_velocity_roll_sum,0.009367479011416435
Locomotion,244,dist_B1L_H1R_roll_std,0.009351023472845554
Locomotion,245,global_body_angular_velocity_roll_mean,0.009332732297480106
Locomotion,246,dist_B1L_H1L_roll_mean,0.009173637256026268
Locomotion,247,B3L_velocity_roll_mean,0.009127100929617882
Locomotion,248,dist_B3L_H2L,0.00903090089559555
Locomotion,249,dist_H1R_H2R_roll_mean,0.009028472006320953
Locomotion,250,B1R_y_t-3,0.009002027101814747
Locomotion,251,dist_B1L_H2R_roll_std,0.009001487866044044
Locomotion,252,dist_B3L_nose_roll_mean,0.0089546088129282
Locomotion,253,global_body_angular_velocity_t-5,0.008943083696067333
Locomotion,254,global_body_angle_t-2,0.008881667628884315
Locomotion,255,dist_B1R_nose_roll_mean,0.008856198750436306
Locomotion,256,dist_B2R_H2R,0.008836162276566029
Locomotion,257,dist_S1_tail_roll_sum,0.0088154012337327
Locomotion,258,angular_velocity_roll_mean,0.00880784634500742
Locomotion,259,orientation_angle_t-1,0.008742444217205048
Locomotion,260,dist_B3L_S2_roll_sum,0.008717372082173824
Locomotion,261,dist_H1R_S1_roll_sum,0.008693715557456017
Locomotion,262,B1R_y,0.008692558854818344
Locomotion,263,dist_B3R_H2R_roll_mean,0.00866539217531681
Locomotion,264,dist_B3L_H1L_roll_std,0.008652514778077602
Locomotion,265,dist_B2R_H2L_roll_mean,0.00864667072892189
Locomotion,266,dist_B2R_tail_roll_mean,0.008609478361904621
Locomotion,267,dist_H2R_S1_roll_sum,0.008607694879174232
Locomotion,268,B2L_x_t-2,0.00857782643288374
Locomotion,269,dist_B1L_S2,0.008573595434427261
Locomotion,270,H2L_y,0.008561716414988041
Locomotion,271,S2_y,0.00855429470539093
Locomotion,272,dist_H2L_nose,0.008512115105986595
Locomotion,273,dist_H1R_nose_roll_std,0.008510753512382507
Locomotion,274,H2L_y_t-5,0.008467179723083973
Locomotion,275,H1L_x_t-1,0.008463062345981598
Locomotion,276,dist_S1_tail,0.008418294601142406
Locomotion,277,B2R_y_t-4,0.008400019258260727
Locomotion,278,B3R_x_roll_std,0.00839367974549532
Locomotion,279,dist_B2R_S1,0.008363147266209126
Locomotion,280,dist_B2R_nose,0.008295001462101936
Locomotion,281,S1_x_t-5,0.008184359408915043
Locomotion,282,S1_x_roll_mean,0.008163273334503174
Locomotion,283,nose_y,0.008117535151541233
Locomotion,284,B2L_x_t-4,0.008033710531890392
Locomotion,285,dist_B1R_nose,0.007953407242894173
Locomotion,286,dist_B1R_B3L_roll_mean,0.007794229779392481
Locomotion,287,dist_H1L_S2_roll_mean,0.007722103968262672
Locomotion,288,B3L_y_t-5,0.007691172882914543
Locomotion,289,H2L_x_roll_mean,0.007661439012736082
Locomotion,290,dist_B1L_H1L_roll_sum,0.007608197629451752
Locomotion,291,dist_B3R_nose,0.007579243741929531
Locomotion,292,dist_B1L_H2L,0.0075415922328829765
Locomotion,293,dist_H1L_S1_roll_std,0.0075205788016319275
Locomotion,294,dist_S1_S2_roll_std,0.007509265560656786
Locomotion,295,dist_H1R_H2R,0.007500420790165663
Locomotion,296,H2L_x_t-1,0.007485872134566307
Locomotion,297,H2L_velocity_roll_std,0.007448108401149511
Locomotion,298,dist_B1R_H1R_roll_sum,0.007439371198415756
Locomotion,299,dist_B2L_B3L,0.007410554215312004
Locomotion,300,dist_B2L_nose_roll_mean,0.007377077825367451
Locomotion,301,tail_y_roll_std,0.007362382486462593
Locomotion,302,B2L_y,0.007355559151619673
Locomotion,303,H1L_y_t-2,0.007342083379626274
Locomotion,304,centroid_displacement_5,0.007331597153097391
Locomotion,305,global_body_angular_velocity_t-4,0.007326428312808275
Locomotion,306,B3R_y_roll_sum,0.007318454794585705
Locomotion,307,H1L_velocity_roll_mean,0.007313556037843227
Locomotion,308,dist_B1R_H2L_roll_sum,0.007286062464118004
Locomotion,309,H1R_velocity_roll_mean,0.007285012397915125
Locomotion,310,dist_B2L_B3R_roll_sum,0.007273024879395962
Locomotion,311,dist_B1L_B2R_roll_mean,0.00726154213771224
Locomotion,312,B3R_velocity_roll_mean,0.007257004734128714
Locomotion,313,dist_H1R_S2_roll_sum,0.007255449891090393
Locomotion,314,dist_H1L_S1,0.007249645423144102
Locomotion,315,centroid_y_roll_mean,0.007224056404083967
Locomotion,316,S2_x_t-5,0.007169421296566725
Locomotion,317,dist_B2R_B3L_roll_sum,0.007139531895518303
Locomotion,318,dist_B1L_B2L_roll_std,0.007116477005183697
Locomotion,319,B1R_y_t-4,0.007111519109457731
Locomotion,320,S2_velocity_roll_mean,0.007103444077074528
Locomotion,321,nose_y_roll_std,0.007072058506309986
Locomotion,322,dist_B2L_H1R,0.007018223870545626
Locomotion,323,dist_B2R_S1_roll_mean,0.0070172520354390144
Locomotion,324,S1_y_roll_sum,0.006999477278441191
Locomotion,325,dist_B1R_B2L_roll_sum,0.006993259768933058
Locomotion,326,centroid_velocity,0.00698071951046586
Locomotion,327,H1L_y_roll_std,0.006977907847613096
Locomotion,328,dist_B2R_H2R_roll_mean,0.006959162652492523
Locomotion,329,B1L_y_t-3,0.006958545185625553
Locomotion,330,H1R_x_t-4,0.006951725576072931
Locomotion,331,B2R_y_t-5,0.006893180310726166
Locomotion,332,H1R_y_t-5,0.0068753925152122974
Locomotion,333,angular_velocity_t-1,0.006871118675917387
Locomotion,334,centroid_velocity_roll_mean,0.006849583238363266
Locomotion,335,B3L_x_roll_std,0.006732500158250332
Locomotion,336,dist_B1R_B2R_roll_std,0.006723834201693535
Locomotion,337,S2_x_t-1,0.006721156183630228
Locomotion,338,B3L_y,0.006719478406012058
Locomotion,339,S1_x_t-2,0.006709521170705557
Locomotion,340,dist_nose_tail_roll_std,0.006677852477878332
Locomotion,341,dist_B1L_H1R_roll_sum,0.006642379332333803
Locomotion,342,dist_B2L_H2L_roll_mean,0.006627360358834267
Locomotion,343,dist_H2L_S1_roll_mean,0.0066035534255206585
Locomotion,344,dist_B3R_nose_roll_std,0.0065985266119241714
Locomotion,345,H1R_y_t-4,0.006558666937053204
Locomotion,346,global_body_angle_t-5,0.006520549766719341
Locomotion,347,dist_B1R_B2R_roll_sum,0.006503417622298002
Locomotion,348,H2R_y_roll_std,0.006488157901912928
Locomotion,349,B2R_y_t-3,0.006458358373492956
Locomotion,350,dist_B3L_H1R_roll_mean,0.00644262507557869
Locomotion,351,S1_y_t-2,0.006435289978981018
Locomotion,352,nose_x_t-1,0.006431737914681435
Locomotion,353,B3L_x_t-5,0.00642040790989995
Locomotion,354,dist_B3L_H2L_roll_mean,0.006326752249151468
Locomotion,355,S1_y_t-4,0.006318361964076757
Locomotion,356,B2R_x,0.006308819632977247
Locomotion,357,B2L_y_t-2,0.006284310948103666
Locomotion,358,dist_B1L_S2_roll_mean,0.006256837397813797
Locomotion,359,dist_B2L_H1L_roll_std,0.0062219868414103985
Locomotion,360,dist_B1R_tail_roll_std,0.006187263876199722
Locomotion,361,global_body_angular_velocity_t-2,0.006182681303471327
Locomotion,362,dist_B2R_nose_roll_sum,0.006164456717669964
Locomotion,363,B1L_x_roll_mean,0.006140567362308502
Locomotion,364,dist_B1L_H1R,0.0061206999234855175
Locomotion,365,B2R_y_roll_mean,0.006091984920203686
Locomotion,366,dist_B2L_H2L,0.006091094110161066
Locomotion,367,B1L_x_t-2,0.0060793086886405945
Locomotion,368,S2_x_t-2,0.005987096112221479
Locomotion,369,dist_H2L_S1,0.005972292739897966
Locomotion,370,dist_S1_S2,0.0059501416981220245
Locomotion,371,H2L_x,0.005936093162745237
Locomotion,372,global_body_angle_t-3,0.005881852004677057
Locomotion,373,dist_H1R_S1,0.0058420635759830475
Locomotion,374,B1L_x_t-4,0.005836340133100748
Locomotion,375,B3L_x_t-1,0.005827233660966158
Locomotion,376,tail_y,0.005809581372886896
Locomotion,377,B3L_y_t-2,0.005792225711047649
Locomotion,378,H2R_x_t-4,0.0057857888750731945
Locomotion,379,tail_x_t-1,0.0057693542912602425
Locomotion,380,dist_B2L_H1L,0.005760053638368845
Locomotion,381,B1L_y,0.005748262628912926
Locomotion,382,S1_y_roll_mean,0.005742312874644995
Locomotion,383,dist_B3R_nose_roll_mean,0.005724632181227207
Locomotion,384,B2R_x_t-4,0.005720420274883509
Locomotion,385,B2R_x_t-3,0.005714333150535822
Locomotion,386,dist_B2R_H1L_roll_mean,0.005675133783370256
Locomotion,387,S1_y_t-5,0.005656703840941191
Locomotion,388,dist_B1R_H2R_roll_mean,0.00558531703427434
Locomotion,389,H1L_y,0.005569120869040489
Locomotion,390,dist_B3R_S2,0.005567479878664017
Locomotion,391,angular_velocity_t-4,0.0055246916599571705
Locomotion,392,S2_y_t-3,0.005514076445251703
Locomotion,393,B2R_y_t-1,0.005491964053362608
Locomotion,394,nose_x_t-2,0.005489651579409838
Locomotion,395,dist_S2_nose,0.005457420367747545
Locomotion,396,H1L_x_t-5,0.005445654038339853
Locomotion,397,dist_H1R_tail_roll_std,0.005436345003545284
Locomotion,398,B3R_y_t-5,0.005401975940912962
Locomotion,399,dist_nose_tail,0.005399307236075401
Locomotion,400,S1_x_t-1,0.005382729694247246
Locomotion,401,B2L_x_t-5,0.005338308401405811
Locomotion,402,B3L_x_t-4,0.005333749111741781
Locomotion,403,B2R_x_t-5,0.005316775292158127
Locomotion,404,dist_B3L_H1R_roll_sum,0.005231303628534079
Locomotion,405,B3R_y_roll_mean,0.005198178347200155
Locomotion,406,S1_y_t-3,0.00519261509180069
Locomotion,407,B2L_y_t-1,0.005188318435102701
Locomotion,408,dist_B1L_tail_roll_mean,0.005179416388273239
Locomotion,409,B1R_x_t-5,0.005123605486005545
Locomotion,410,dist_S1_tail_roll_std,0.005108702462166548
Locomotion,411,dist_H1L_H2R_roll_mean,0.005074618384242058
Locomotion,412,dist_B1R_H2L_roll_std,0.0050581092946231365
Locomotion,413,B2L_x_roll_sum,0.005036201328039169
Locomotion,414,dist_B2L_tail,0.005033921916037798
Locomotion,415,dist_B2R_S2_roll_mean,0.004997682757675648
Locomotion,416,dist_H1L_H2R,0.004967321641743183
Locomotion,417,S1_velocity_roll_std,0.0049452329985797405
Locomotion,418,dist_B1R_B3L_roll_sum,0.004900118336081505
Locomotion,419,global_body_angular_velocity_t-1,0.004889714997261763
Locomotion,420,nose_y_t-1,0.004885997623205185
Locomotion,421,B3R_y_roll_std,0.004855929873883724
Locomotion,422,dist_B1L_nose,0.004805086646229029
Locomotion,423,dist_B3L_nose_roll_std,0.004801985342055559
Locomotion,424,dist_B2L_H2R_roll_std,0.004773497115820646
Locomotion,425,H2R_y_t-2,0.00474636210128665
Locomotion,426,dist_B2L_nose,0.004720665980130434
Locomotion,427,S1_x_t-4,0.0047071888111531734
Locomotion,428,H1L_y_t-4,0.004687310196459293
Locomotion,429,dist_H1R_H2L_roll_sum,0.004671039059758186
Locomotion,430,orientation_change_5,0.0046471101231873035
Locomotion,431,dist_S1_S2_roll_mean,0.004640122409909964
Locomotion,432,dist_B1L_H2L_roll_mean,0.00462020467966795
Locomotion,433,tail_y_t-4,0.004615496844053268
Locomotion,434,dist_B1R_tail_roll_mean,0.004594570957124233
Locomotion,435,H1L_x_t-4,0.004576911684125662
Locomotion,436,dist_B1L_H1L,0.004561068955808878
Locomotion,437,dist_B1R_H1R_roll_mean,0.004533796105533838
Locomotion,438,nose_y_t-2,0.004530862905085087
Locomotion,439,B1L_x_t-3,0.004520639777183533
Locomotion,440,B3L_x_t-3,0.004466970916837454
Locomotion,441,angular_velocity_t-3,0.004418346099555492
Locomotion,442,orientation_angle_t-3,0.00439430121332407
Locomotion,443,dist_B1L_tail,0.004377384670078754
Locomotion,444,nose_velocity_roll_sum,0.004376716446131468
Locomotion,445,dist_B2L_tail_roll_sum,0.004354403354227543
Locomotion,446,B1L_y_t-1,0.004308673087507486
Locomotion,447,dist_B2L_S2_roll_sum,0.004281552042812109
Locomotion,448,dist_B1L_B2L_roll_mean,0.00428071990609169
Locomotion,449,B1L_y_t-5,0.004280127584934235
Locomotion,450,global_body_angle_roll_mean,0.004265443421900272
Locomotion,451,dist_B3R_tail_roll_sum,0.004251696635037661
Locomotion,452,dist_B2L_S1_roll_sum,0.004220459144562483
Locomotion,453,B1L_x_t-1,0.004209496546536684
Locomotion,454,dist_B1R_B3R_roll_mean,0.00420739920809865
Locomotion,455,dist_B2L_nose_roll_sum,0.004199361894279718
Locomotion,456,dist_B3L_H2R_roll_sum,0.004196202848106623
Locomotion,457,S1_y_t-1,0.004160451702773571
Locomotion,458,H2L_velocity_roll_sum,0.004118039272725582
Locomotion,459,B3L_y_roll_mean,0.004093743860721588
Locomotion,460,H2L_x_t-5,0.004086559172719717
Locomotion,461,S2_y_t-2,0.004036907572299242
Locomotion,462,dist_B3L_B3R_roll_sum,0.0040329983457922935
Locomotion,463,dist_H1R_S2,0.004019945859909058
Locomotion,464,dist_B1R_H1L_roll_sum,0.0040185293182730675
Locomotion,465,H1R_velocity_roll_std,0.0039716907776892185
Locomotion,466,global_body_angle_roll_sum,0.003962522838264704
Locomotion,467,dist_H1R_H2R_roll_sum,0.003945313859730959
Locomotion,468,B1R_velocity_roll_mean,0.003929493483155966
Locomotion,469,B2L_x_t-1,0.003893164684996009
Locomotion,470,S1_x_roll_sum,0.0038428986445069313
Locomotion,471,dist_H1R_nose_roll_sum,0.0038204325828701258
Locomotion,472,dist_H2L_tail_roll_mean,0.0037994058802723885
Locomotion,473,B2R_y,0.003791264956817031
Locomotion,474,H2R_y,0.0037840143777430058
Locomotion,475,dist_B2R_B3L_roll_mean,0.003756845137104392
Locomotion,476,B3L_x_roll_mean,0.003749420866370201
Locomotion,477,dist_B2R_H1R,0.0036994824185967445
Locomotion,478,dist_B2R_S2_roll_sum,0.003699073800817132
Locomotion,479,dist_B1L_B1R_roll_sum,0.0036867624148726463
Locomotion,480,dist_H1L_nose,0.0036840445827692747
Locomotion,481,global_body_angle_t-4,0.0036663301289081573
Locomotion,482,B3R_x_t-5,0.0036493304651230574
Locomotion,483,centroid_x,0.0036371746100485325
Locomotion,484,orientation_angle_t-2,0.003634474938735366
Locomotion,485,H1R_y_roll_std,0.0036035780794918537
Locomotion,486,dist_B1L_B2R_roll_sum,0.0035951656755059958
Locomotion,487,dist_B1R_B2R,0.0035511632449924946
Locomotion,488,dist_B2L_S1_roll_mean,0.003545060520991683
Locomotion,489,S2_x_roll_mean,0.003484521759673953
Locomotion,490,tail_x_t-3,0.0034809629432857037
Locomotion,491,B2L_x_roll_std,0.0034624324180185795
Locomotion,492,dist_B1L_nose_roll_mean,0.0034311730414628983
Locomotion,493,dist_S1_S2_roll_sum,0.003429363016039133
Locomotion,494,H2L_y_t-1,0.0034180080983787775
Locomotion,495,B2L_y_t-3,0.003399010980501771
Locomotion,496,H2L_y_t-3,0.0033913266379386187
Locomotion,497,dist_B3L_S1,0.00338248279877007
Locomotion,498,B1R_y_t-1,0.0033721402287483215
Locomotion,499,H1L_y_t-5,0.0033392494078725576
Locomotion,500,dist_B1L_B3R_roll_std,0.0033265789970755577
Locomotion,501,S2_x,0.003306710859760642
Locomotion,502,H1L_y_t-1,0.0032947787549346685
Locomotion,503,dist_B3R_S1,0.0032943892292678356
Locomotion,504,H2L_y_roll_mean,0.0032867153640836477
Locomotion,505,dist_H1R_tail_roll_mean,0.0032674563117325306
Locomotion,506,B2L_y_t-4,0.0032665543258190155
Locomotion,507,dist_B1L_H2L_roll_sum,0.003262468846514821
Locomotion,508,dist_B3R_H1R_roll_mean,0.0032311556860804558
Locomotion,509,dist_B3L_tail_roll_sum,0.003188926726579666
Locomotion,510,dist_S2_nose_roll_std,0.0031800856813788414
Locomotion,511,dist_H2R_nose,0.003149298718199134
Locomotion,512,S2_x_t-4,0.003147255862131715
Locomotion,513,centroid_x_roll_sum,0.0031465073116123676
Locomotion,514,B1R_y_t-5,0.0031463440973311663
Locomotion,515,H1L_x_roll_mean,0.0031081163324415684
Locomotion,516,dist_B3R_S1_roll_sum,0.0030981351155787706
Locomotion,517,H2R_y_t-5,0.002985212719067931
Locomotion,518,dist_B2L_tail_roll_mean,0.0029836881440132856
Locomotion,519,tail_y_t-3,0.0029747902881354094
Locomotion,520,dist_B1R_H1R,0.002972134854644537
Locomotion,521,H1L_x_t-2,0.0029657369013875723
Locomotion,522,dist_S1_tail_roll_mean,0.0029492860194295645
Locomotion,523,B2L_x_roll_mean,0.0029277708381414413
Locomotion,524,B1R_y_roll_mean,0.0029231237713247538
Locomotion,525,B1R_x_roll_sum,0.0028548850677907467
Locomotion,526,dist_B1L_B3R_roll_mean,0.0028416323475539684
Locomotion,527,H2R_y_roll_sum,0.0028248250018805265
Locomotion,528,nose_x_t-4,0.0028189753647893667
Locomotion,529,dist_S1_nose_roll_mean,0.0028081024065613747
Locomotion,530,B1L_velocity_roll_mean,0.0028050739783793688
Locomotion,531,H2L_x_t-2,0.0027769342996180058
Locomotion,532,dist_B1L_S1_roll_sum,0.002769251586869359
Locomotion,533,B3L_y_t-1,0.002758738351985812
Locomotion,534,H2L_velocity_roll_mean,0.0027429957408457994
Locomotion,535,dist_B1L_B3L_roll_sum,0.002657771809026599
Locomotion,536,tail_x_t-4,0.0026503163389861584
Locomotion,537,dist_H2L_S1_roll_sum,0.0026444275863468647
Locomotion,538,centroid_x_roll_mean,0.002602597000077367
Locomotion,539,B3R_x_t-2,0.0026014423929154873
Locomotion,540,dist_B3R_H2L,0.0025974446907639503
Locomotion,541,B1L_y_t-2,0.0025869051460176706
Locomotion,542,B2L_x_t-3,0.0025719348341226578
Locomotion,543,dist_H1L_tail_roll_mean,0.002530487719923258
Locomotion,544,B3L_y_t-4,0.002529668156057596
Locomotion,545,angular_velocity_t-2,0.0025275088846683502
Locomotion,546,H1L_x_roll_sum,0.0025133881717920303
Locomotion,547,H2R_x_t-2,0.002502940595149994
Locomotion,548,dist_B1R_S2_roll_mean,0.0024577477015554905
Locomotion,549,dist_H1L_tail,0.002456682501360774
Locomotion,550,centroid_y_roll_sum,0.0023963877465575933
Locomotion,551,nose_x_t-3,0.0023895553313195705
Locomotion,552,dist_B2L_H1R_roll_sum,0.002385886386036873
Locomotion,553,B1R_y_t-2,0.0023764825891703367
Locomotion,554,dist_H2L_S2_roll_sum,0.0023407198023051023
Locomotion,555,B1R_x_t-1,0.0023206197656691074
Locomotion,556,nose_x_roll_mean,0.002317823702469468
Locomotion,557,dist_B1R_B3R,0.0023004852700978518
Locomotion,558,S2_y_t-4,0.002287444658577442
Locomotion,559,B2R_y_roll_sum,0.00226967828348279
Locomotion,560,B1R_x_t-2,0.002262943424284458
Locomotion,561,orientation_angle_t-4,0.0022507854737341404
Locomotion,562,nose_y_roll_mean,0.0022093080915510654
Locomotion,563,dist_H2R_tail_roll_mean,0.0022008754312992096
Locomotion,564,H2R_x,0.0021899533458054066
Locomotion,565,dist_H1L_S1_roll_sum,0.0021863144356757402
Locomotion,566,B3L_x_roll_sum,0.0021837218664586544
Locomotion,567,B3R_y_t-2,0.0021488226484507322
Locomotion,568,nose_x_roll_std,0.0021480093710124493
Locomotion,569,dist_B2R_tail_roll_sum,0.0021469518542289734
Locomotion,570,B1L_y_t-4,0.002114969538524747
Locomotion,571,H1L_x_t-3,0.0021099820733070374
Locomotion,572,nose_y_t-4,0.002016377169638872
Locomotion,573,dist_nose_tail_roll_mean,0.0020080278627574444
Locomotion,574,H2R_x_t-3,0.001998694147914648
Locomotion,575,H1R_x_t-1,0.0019204646814614534
Locomotion,576,dist_B2R_tail,0.0019173530163243413
Locomotion,577,dist_B1R_B3L,0.0019040827173739672
Locomotion,578,dist_B2L_H1L_roll_mean,0.0019033461576327682
Locomotion,579,H2R_velocity_roll_mean,0.0018830691697075963
Locomotion,580,B1R_x_t-4,0.0018799413228407502
Locomotion,581,nose_y_t-3,0.0018733192700892687
Locomotion,582,dist_B3L_H1L,0.0018669776618480682
Locomotion,583,dist_B2R_H2L,0.0018377010710537434
Locomotion,584,B3R_y_t-3,0.0018331677420064807
Locomotion,585,B1L_y_roll_mean,0.0017934644129127264
Locomotion,586,dist_nose_tail_roll_sum,0.0017815143801271915
Locomotion,587,B3R_x_t-1,0.001779722049832344
Locomotion,588,H1R_x_t-2,0.0017241587629541755
Locomotion,589,dist_H1L_nose_roll_sum,0.0016792194219306111
Locomotion,590,tail_y_roll_sum,0.0016408843221142888
Locomotion,591,tail_x_t-5,0.0016236804658547044
Locomotion,592,dist_B3R_S1_roll_mean,0.0016142197418957949
Locomotion,593,dist_B2R_H1R_roll_sum,0.0015872525982558727
Locomotion,594,dist_B1R_H2R_roll_sum,0.0015364880673587322
Locomotion,595,dist_B3L_H1L_roll_sum,0.001519418670795858
Locomotion,596,H1R_y_t-1,0.001496684504672885
Locomotion,597,B3R_x,0.0014832972083240747
Locomotion,598,B2R_x_t-2,0.0014603848103433847
Locomotion,599,H2R_x_roll_mean,0.0014323765644803643
Locomotion,600,B1R_x_roll_mean,0.0014097609091550112
Locomotion,601,dist_H2L_nose_roll_sum,0.0013967322884127498
Locomotion,602,H2R_y_t-4,0.0013921195641160011
Locomotion,603,dist_B3L_H1L_roll_mean,0.0013794933911412954
Locomotion,604,H2L_x_t-3,0.0013495018938556314
Locomotion,605,B3L_y_t-3,0.0012649926356971264
Locomotion,606,H1L_x,0.0012172358110547066
Locomotion,607,dist_B3R_nose_roll_sum,0.0012151272967457771
Locomotion,608,H2L_y_t-2,0.0012016223045066
Locomotion,609,tail_y_t-1,0.0011980835115537047
Locomotion,610,dist_B3R_H1L_roll_sum,0.0011652852408587933
Locomotion,611,tail_x_t-2,0.0011443152325227857
Locomotion,612,H1L_y_roll_mean,0.0011047383304685354
Locomotion,613,dist_B2L_H2L_roll_sum,0.0011025848798453808
Locomotion,614,centroid_velocity_roll_sum,0.0011011429596692324
Locomotion,615,H1R_x,0.001079038716852665
Locomotion,616,B3R_x_t-4,0.0010748659260571003
Locomotion,617,dist_B3R_H2L_roll_sum,0.0010692328214645386
Locomotion,618,centroid_y,0.0010567891877144575
Locomotion,619,S2_y_roll_mean,0.001047417870722711
Locomotion,620,H1R_x_t-3,0.0010187400039285421
Locomotion,621,nose_x,0.0010094445897266269
Locomotion,622,H1R_y_t-3,0.0009964342461898923
Locomotion,623,S2_y_t-5,0.0009100547176785767
Locomotion,624,dist_B3L_S1_roll_sum,0.0009030092624016106
Locomotion,625,dist_H2L_S2,0.0008821149240247905
Locomotion,626,B1R_velocity_roll_sum,0.000855102960485965
Locomotion,627,dist_B3L_S1_roll_mean,0.0008530618506483734
Locomotion,628,dist_B2R_H1L_roll_sum,0.0007871562847867608
Locomotion,629,H1R_x_roll_mean,0.0007850048132240772
Locomotion,630,H1R_y,0.0007602401310577989
Locomotion,631,S2_y_t-1,0.0007353364489972591
Locomotion,632,B2R_x_t-1,0.0007180324173532426
Locomotion,633,dist_H1L_S1_roll_mean,0.00069710414391011
Locomotion,634,B3R_y_t-4,0.0006767529994249344
Locomotion,635,dist_H2L_tail,0.0006759149255231023
Locomotion,636,H1L_velocity_roll_std,0.000634519150480628
Locomotion,637,H2R_x_roll_std,0.0006062118918634951
Locomotion,638,dist_B3R_H2L_roll_mean,0.0005826088599860668
Locomotion,639,B3R_velocity_roll_std,0.0005783230299130082
Locomotion,640,H2R_y_roll_mean,0.0005473122000694275
Locomotion,641,B1L_x_roll_sum,0.0005452189361676574
Locomotion,642,H2L_y_t-4,0.0005359874339774251
Locomotion,643,dist_B2L_H1L_roll_sum,0.0005330138956196606
Locomotion,644,H1R_x_t-5,0.0005143932648934424
Locomotion,645,B2R_x_roll_sum,0.0005106391035951674
Locomotion,646,dist_S1_nose_roll_sum,0.0005004360573366284
Locomotion,647,H1R_y_roll_mean,0.00047883528168313205
Locomotion,648,tail_y_t-5,0.0004626686859410256
Locomotion,649,H2L_x_t-4,0.0004575725179165602
Locomotion,650,dist_B1L_S2_roll_sum,0.0004318381252232939
Locomotion,651,tail_x_roll_mean,0.000411874963901937
Locomotion,652,tail_y_t-2,0.0003873390087392181
Locomotion,653,dist_B1L_B2L_roll_sum,0.00037227850407361984
Locomotion,654,tail_y_roll_mean,0.00035506614949554205
Locomotion,655,global_body_angular_velocity_roll_sum,0.0003328293387312442
Locomotion,656,dist_B2R_nose_roll_mean,0.00031763280276209116
Locomotion,657,H2R_x_t-1,0.0002975469396915287
Locomotion,658,H2R_x_t-5,0.0002534039958845824
Locomotion,659,orientation_angle,0.0002449319581501186
Locomotion,660,dist_B1L_tail_roll_sum,0.00022378690482582897
Locomotion,661,B3R_x_roll_mean,0.0002113583032041788
Locomotion,662,H2R_y_t-1,0.00020353199215605855
Locomotion,663,nose_x_t-5,0.00020194008538965136
Locomotion,664,H1L_y_t-3,0.00016768957721069455
Locomotion,665,dist_H1L_H2L_roll_sum,0.00012972844706382602
Locomotion,666,dist_H1R_tail_roll_sum,0.0
Locomotion,667,dist_H1L_tail_roll_sum,0.0
Locomotion,668,B3L_x,0.0
Locomotion,669,dist_S2_nose_roll_sum,0.0
Locomotion,670,dist_H2R_tail_roll_sum,0.0
Locomotion,671,dist_H2R_S2_roll_sum,0.0
Locomotion,672,dist_H2L_tail_roll_sum,0.0
Locomotion,673,H1R_x_roll_sum,0.0
Locomotion,674,B3R_x_roll_sum,0.0
Locomotion,675,B3L_y_roll_sum,0.0
Locomotion,676,B2L_y_roll_sum,0.0
Locomotion,677,B2R_x_roll_mean,0.0
Locomotion,678,H2R_x_roll_sum,0.0
Locomotion,679,H1R_y_roll_sum,0.0
Locomotion,680,H2L_x_roll_sum,0.0
Locomotion,681,H2L_y_roll_sum,0.0
Locomotion,682,H1L_y_roll_sum,0.0
Locomotion,683,B1R_y_roll_sum,0.0
Locomotion,684,B1L_y_roll_sum,0.0
Locomotion,685,dist_H1L_S2_roll_sum,0.0
Locomotion,686,dist_H1L_H2R_roll_sum,0.0
Locomotion,687,S2_y_roll_sum,0.0
Locomotion,688,nose_x_roll_sum,0.0
Locomotion,689,nose_y_roll_sum,0.0
Locomotion,690,S2_x_roll_sum,0.0
Locomotion,691,dist_B3R_S2_roll_sum,0.0
Locomotion,692,dist_B3R_H2R_roll_sum,0.0
Locomotion,693,orientation_angle_t-5,0.0
Locomotion,694,dist_B3L_H2L_roll_sum,0.0
Locomotion,695,B2L_velocity_roll_sum,0.0
Locomotion,696,tail_x_roll_sum,0.0
Locomotion,697,H1R_velocity_roll_sum,0.0
Locomotion,698,dist_B3R_H1R_roll_sum,0.0
Locomotion,699,dist_B3L_nose_roll_sum,0.0
Locomotion,700,dist_B3R_H1L_roll_mean,0.0
Locomotion,701,B2L_y_t-5,0.0
Locomotion,702,angular_velocity_roll_sum,0.0
Locomotion,703,S2_velocity_roll_sum,0.0
Locomotion,704,H2R_velocity_roll_sum,0.0
Locomotion,705,S1_velocity_roll_sum,0.0
Locomotion,706,H1L_velocity_roll_sum,0.0
Locomotion,707,S2_x_t-3,0.0
Locomotion,708,B3R_x_t-3,0.0
Locomotion,709,dist_B2R_H2R_roll_sum,0.0
Locomotion,710,dist_B2R_H1R_roll_mean,0.0
Locomotion,711,dist_B1L_nose_roll_sum,0.0
Locomotion,712,dist_B1L_B3R_roll_sum,0.0
Locomotion,713,dist_B1R_S2_roll_sum,0.0
Locomotion,714,dist_B1R_B3R_roll_sum,0.0
Locomotion,715,dist_B2R_S1_roll_sum,0.0
Locomotion,716,dist_B2R_H2L_roll_sum,0.0
Locomotion,717,dist_B2L_B3L_roll_sum,0.0
Locomotion,718,dist_B1R_nose_roll_sum,0.0
Locomotion,719,dist_B1R_tail_roll_sum,0.0
Sniffing,1,dist_B1R_S1_roll_mean,0.27065691351890564
Sniffing,2,dist_H2L_S1_roll_mean,0.1410454511642456
Sniffing,3,B1L_velocity_roll_mean,0.1228456199169159
Sniffing,4,dist_B3L_tail_roll_std,0.11868567019701004
Sniffing,5,dist_B1R_S1_roll_sum,0.11492501944303513
Sniffing,6,dist_B2L_B2R_roll_std,0.11280812323093414
Sniffing,7,dist_B3R_tail_roll_std,0.1000266745686531
Sniffing,8,angular_velocity,0.08350831270217896
Sniffing,9,dist_B2L_S2_roll_mean,0.08197449892759323
Sniffing,10,dist_B1L_H2R,0.07972986996173859
Sniffing,11,dist_B1R_S1_roll_std,0.06537652015686035
Sniffing,12,dist_B3L_B3R_roll_mean,0.06374519318342209
Sniffing,13,dist_B2L_B2R,0.06147307530045509
Sniffing,14,B2L_x,0.06030146777629852
Sniffing,15,dist_B1L_S1_roll_mean,0.055798474699258804
Sniffing,16,dist_B2L_S2,0.055072683840990067
Sniffing,17,dist_B2R_B3L,0.05457115173339844
Sniffing,18,dist_B2R_S1_roll_std,0.052726756781339645
Sniffing,19,B1L_velocity,0.05129045993089676
Sniffing,20,dist_B2R_B3R_roll_std,0.04964756965637207
Sniffing,21,dist_B1L_S1_roll_sum,0.04602096602320671
Sniffing,22,dist_H1L_nose_roll_mean,0.04421686753630638
Sniffing,23,orientation_change_5,0.04395652934908867
Sniffing,24,B2L_velocity_roll_std,0.04079195111989975
Sniffing,25,dist_S2_nose_roll_std,0.040243152529001236
Sniffing,26,dist_B1R_B2L,0.04008673503994942
Sniffing,27,dist_B2L_B3L_roll_std,0.039432719349861145
Sniffing,28,dist_H1R_nose_roll_std,0.039384495466947556
Sniffing,29,dist_B2R_B3R_roll_mean,0.039332952350378036
Sniffing,30,dist_B1L_S1_roll_std,0.039262156933546066
Sniffing,31,dist_S2_tail_roll_std,0.038149747997522354
Sniffing,32,dist_B1L_B2R_roll_std,0.037620000541210175
Sniffing,33,dist_B1R_H1L_roll_std,0.03687620535492897
Sniffing,34,dist_B1R_B2L_roll_std,0.03665923699736595
Sniffing,35,dist_B1R_H2R_roll_std,0.03606697916984558
Sniffing,36,dist_B1R_S1,0.03523261472582817
Sniffing,37,dist_B1L_H2R_roll_mean,0.034772101789712906
Sniffing,38,dist_B2R_tail_roll_std,0.03471262753009796
Sniffing,39,dist_B3R_S2_roll_mean,0.03471209481358528
Sniffing,40,dist_B1R_H2R,0.03403433412313461
Sniffing,41,dist_H2R_S1_roll_std,0.03381939232349396
Sniffing,42,dist_B1L_H2L,0.03267323598265648
Sniffing,43,dist_B1L_B2R_roll_mean,0.0326562374830246
Sniffing,44,dist_B1L_B1R,0.03191011771559715
Sniffing,45,dist_S1_S2,0.03089182637631893
Sniffing,46,B1L_y_t-5,0.030479738488793373
Sniffing,47,dist_B3R_S2,0.030398651957511902
Sniffing,48,dist_B2L_B2R_roll_mean,0.030179494991898537
Sniffing,49,H2R_velocity_roll_mean,0.029975662007927895
Sniffing,50,dist_H2L_nose,0.029580749571323395
Sniffing,51,dist_B1L_B1R_roll_mean,0.02952568233013153
Sniffing,52,B2L_x_t-5,0.029220661148428917
Sniffing,53,B1R_y_t-5,0.02872554399073124
Sniffing,54,dist_B1L_H2R_roll_std,0.028650429099798203
Sniffing,55,dist_B1L_H2L_roll_mean,0.028330160304903984
Sniffing,56,dist_B2R_B3R_roll_sum,0.02743041142821312
Sniffing,57,dist_B1L_B1R_roll_std,0.02719118818640709
Sniffing,58,dist_B2R_B3L_roll_std,0.02705134078860283
Sniffing,59,dist_S2_tail,0.026879901066422462
Sniffing,60,B1R_x_roll_std,0.026288731023669243
Sniffing,61,dist_B2L_B3R_roll_mean,0.025258565321564674
Sniffing,62,S1_y_t-5,0.025189807638525963
Sniffing,63,dist_S1_S2_roll_sum,0.024463612586259842
Sniffing,64,dist_H2R_nose_roll_mean,0.024418961256742477
Sniffing,65,dist_H1L_H2L_roll_mean,0.024249916896224022
Sniffing,66,dist_H1R_H2L_roll_mean,0.024225030094385147
Sniffing,67,dist_nose_tail_roll_mean,0.023906173184514046
Sniffing,68,dist_B2L_tail_roll_std,0.02367805317044258
Sniffing,69,dist_H1L_H1R,0.023086724802851677
Sniffing,70,dist_S1_S2_roll_std,0.022328441962599754
Sniffing,71,dist_H1L_H1R_roll_mean,0.022220825776457787
Sniffing,72,dist_B3L_S1_roll_std,0.021951958537101746
Sniffing,73,B1R_y,0.021676015108823776
Sniffing,74,dist_S1_tail_roll_std,0.02166382409632206
Sniffing,75,B1L_x,0.02146044932305813
Sniffing,76,dist_B2R_tail,0.021393517032265663
Sniffing,77,global_body_angular_velocity_t-5,0.021164963021874428
Sniffing,78,dist_B1R_S2,0.02112838625907898
Sniffing,79,dist_B1L_B2L_roll_mean,0.020853286609053612
Sniffing,80,dist_B1R_H1R_roll_mean,0.020719805732369423
Sniffing,81,angular_velocity_roll_sum,0.02062978409230709
Sniffing,82,H2R_x,0.02061598002910614
Sniffing,83,dist_B3L_tail,0.02040199562907219
Sniffing,84,B2R_velocity,0.020378027111291885
Sniffing,85,dist_B3L_S2_roll_mean,0.02030787244439125
Sniffing,86,dist_B2L_B3R_roll_std,0.01989067904651165
Sniffing,87,dist_H1R_S1,0.01984226331114769
Sniffing,88,dist_B3R_tail,0.01950794830918312
Sniffing,89,dist_B1L_S2_roll_std,0.019470520317554474
Sniffing,90,dist_B2L_H2R_roll_std,0.019334867596626282
Sniffing,91,dist_H1L_H2R_roll_mean,0.01929410919547081
Sniffing,92,dist_B2L_H1L,0.019227072596549988
Sniffing,93,dist_B3L_S2,0.019205141812562943
Sniffing,94,dist_B1L_S1,0.019137227907776833
Sniffing,95,dist_B1R_B2L_roll_mean,0.018841221928596497
Sniffing,96,angular_velocity_t-5,0.018752655014395714
Sniffing,97,dist_B1R_tail_roll_std,0.018748406320810318
Sniffing,98,S1_x_roll_std,0.01863596960902214
Sniffing,99,dist_B2L_H2L_roll_std,0.018355466425418854
Sniffing,100,dist_B2R_B3L_roll_mean,0.018289051949977875
Sniffing,101,dist_B1L_H1L,0.018192734569311142
Sniffing,102,dist_B3L_nose_roll_std,0.018038278445601463
Sniffing,103,dist_H1L_H2R_roll_sum,0.017886072397232056
Sniffing,104,dist_H1L_nose_roll_std,0.017878932878375053
Sniffing,105,H1R_x_roll_std,0.017315391451120377
Sniffing,106,global_body_angular_velocity_t-2,0.017237147316336632
Sniffing,107,tail_velocity,0.01720529794692993
Sniffing,108,dist_H2L_H2R_roll_std,0.017031021416187286
Sniffing,109,dist_B3L_S2_roll_std,0.017028646543622017
Sniffing,110,dist_B1R_H2L_roll_std,0.016775524243712425
Sniffing,111,B3R_velocity_roll_std,0.016564462333917618
Sniffing,112,dist_H1L_H2L,0.016551030799746513
Sniffing,113,B2R_y_roll_std,0.01653740182518959
Sniffing,114,dist_B2R_H2R,0.016477998346090317
Sniffing,115,B2L_x_t-3,0.01646607182919979
Sniffing,116,dist_B1R_B2R_roll_mean,0.01642768830060959
Sniffing,117,tail_velocity_roll_mean,0.01636177860200405
Sniffing,118,dist_H2L_S2_roll_mean,0.016288448125123978
Sniffing,119,dist_B2R_H1L_roll_std,0.016120098531246185
Sniffing,120,dist_H1L_H1R_roll_std,0.0160645954310894
Sniffing,121,dist_B2R_nose_roll_mean,0.015993384644389153
Sniffing,122,dist_nose_tail,0.015986410900950432
Sniffing,123,dist_B1R_B3L_roll_std,0.015947304666042328
Sniffing,124,S2_velocity_roll_std,0.015946635976433754
Sniffing,125,dist_B2R_tail_roll_mean,0.015925241634249687
Sniffing,126,dist_B1R_nose_roll_std,0.015793144702911377
Sniffing,127,dist_B1R_H2R_roll_mean,0.01575518772006035
Sniffing,128,S1_x_t-5,0.015711726620793343
Sniffing,129,dist_B1R_H2L,0.015552406199276447
Sniffing,130,dist_H2L_S1,0.015490946359932423
Sniffing,131,H2L_velocity_roll_std,0.01540946401655674
Sniffing,132,dist_B2L_S1_roll_mean,0.015144837088882923
Sniffing,133,dist_B1L_H1R_roll_std,0.015007246285676956
Sniffing,134,B2L_x_t-4,0.014982933178544044
Sniffing,135,dist_B2R_nose_roll_std,0.01494639739394188
Sniffing,136,dist_B3R_tail_roll_mean,0.014697879552841187
Sniffing,137,dist_B2R_S2,0.014610444195568562
Sniffing,138,dist_B2L_H2L,0.014600636437535286
Sniffing,139,H1L_velocity_roll_mean,0.01453562080860138
Sniffing,140,dist_B1R_tail,0.014520721510052681
Sniffing,141,dist_B2L_tail,0.014354784972965717
Sniffing,142,S1_velocity,0.01431929599493742
Sniffing,143,S1_velocity_roll_std,0.014148131012916565
Sniffing,144,dist_B2L_tail_roll_mean,0.014101125299930573
Sniffing,145,B1L_x_t-5,0.014059356413781643
Sniffing,146,dist_B1L_B2R,0.014046338386833668
Sniffing,147,dist_B2L_tail_roll_sum,0.013866222463548183
Sniffing,148,H2L_y_t-5,0.013691214844584465
Sniffing,149,dist_B2R_S2_roll_std,0.013684187084436417
Sniffing,150,B1R_velocity,0.013564485125243664
Sniffing,151,dist_B2L_S2_roll_std,0.013497690670192242
Sniffing,152,dist_B3L_H2L_roll_std,0.013399199582636356
Sniffing,153,dist_B1R_H2L_roll_mean,0.013357054442167282
Sniffing,154,dist_nose_tail_roll_std,0.013320294208824635
Sniffing,155,dist_B3R_tail_roll_sum,0.013318084180355072
Sniffing,156,dist_B1L_H1R_roll_mean,0.013285755179822445
Sniffing,157,dist_H2L_S1_roll_std,0.013271878473460674
Sniffing,158,B1L_x_t-2,0.013195885345339775
Sniffing,159,dist_H1L_tail_roll_std,0.013122872449457645
Sniffing,160,global_body_angular_velocity_roll_std,0.013098033145070076
Sniffing,161,dist_B3L_B3R,0.013080991804599762
Sniffing,162,dist_B1L_B2L,0.01297406293451786
Sniffing,163,dist_B1L_nose_roll_mean,0.012970153242349625
Sniffing,164,dist_B3L_tail_roll_mean,0.012920917943120003
Sniffing,165,dist_B2R_S1_roll_mean,0.012865770608186722
Sniffing,166,dist_H1R_H2R_roll_mean,0.012859956361353397
Sniffing,167,centroid_x_roll_sum,0.012807398103177547
Sniffing,168,dist_B1R_B3L_roll_mean,0.012659070082008839
Sniffing,169,dist_B1R_S2_roll_sum,0.01262462604790926
Sniffing,170,dist_H1R_H2R_roll_sum,0.012578841298818588
Sniffing,171,dist_B3L_S1,0.01241394318640232
Sniffing,172,dist_B3R_nose_roll_mean,0.012405588291585445
Sniffing,173,B1L_y,0.012372344732284546
Sniffing,174,B2R_x_t-4,0.012356526218354702
Sniffing,175,angular_velocity_roll_std,0.012336314655840397
Sniffing,176,dist_B1L_H2R_roll_sum,0.012316453270614147
Sniffing,177,dist_S2_tail_roll_mean,0.01229364238679409
Sniffing,178,B2R_x_roll_mean,0.01227277610450983
Sniffing,179,dist_H1R_nose_roll_mean,0.012262342497706413
Sniffing,180,dist_B2R_H2L_roll_std,0.012220775708556175
Sniffing,181,dist_H2L_H2R,0.012155909091234207
Sniffing,182,dist_B3L_tail_roll_sum,0.012143450789153576
Sniffing,183,nose_velocity_roll_sum,0.012116072699427605
Sniffing,184,dist_B1L_B2R_roll_sum,0.012084015645086765
Sniffing,185,B1L_velocity_roll_sum,0.012056736275553703
Sniffing,186,B3R_velocity,0.011992208659648895
Sniffing,187,dist_H2R_S1,0.011987389996647835
Sniffing,188,global_body_angle_roll_std,0.011878537014126778
Sniffing,189,dist_S1_S2_roll_mean,0.011747636832296848
Sniffing,190,S1_y_t-1,0.011692512780427933
Sniffing,191,dist_B2R_S1,0.011672932654619217
Sniffing,192,dist_B3R_S2_roll_sum,0.011648204177618027
Sniffing,193,dist_B2L_H2R_roll_mean,0.011549760587513447
Sniffing,194,B1R_y_roll_mean,0.011518190614879131
Sniffing,195,angular_velocity_roll_mean,0.011447584256529808
Sniffing,196,dist_H1R_S1_roll_std,0.011419680900871754
Sniffing,197,dist_H2R_nose,0.011400851421058178
Sniffing,198,centroid_velocity_roll_mean,0.011317458935081959
Sniffing,199,dist_B2L_H2L_roll_sum,0.011210829019546509
Sniffing,200,dist_H2L_H2R_roll_mean,0.01116749458014965
Sniffing,201,H1R_velocity_roll_std,0.0111397048458457
Sniffing,202,global_body_angle,0.010982993990182877
Sniffing,203,H2L_y_roll_sum,0.010939404368400574
Sniffing,204,B2L_velocity,0.010929991491138935
Sniffing,205,dist_H1L_S1_roll_mean,0.010796411894261837
Sniffing,206,dist_B2R_B3R,0.01066057663410902
Sniffing,207,centroid_y_roll_std,0.010564878582954407
Sniffing,208,H2R_velocity,0.01056369673460722
Sniffing,209,dist_B1R_B2R_roll_std,0.010473504662513733
Sniffing,210,H1R_x_t-5,0.01045268401503563
Sniffing,211,H2R_y_roll_std,0.010436995886266232
Sniffing,212,dist_B1L_tail,0.010406499728560448
Sniffing,213,dist_B1R_S2_roll_std,0.010398712009191513
Sniffing,214,dist_B1L_B3R_roll_sum,0.010342607274651527
Sniffing,215,H1R_y_roll_std,0.010330598801374435
Sniffing,216,dist_B1L_nose,0.010292734950780869
Sniffing,217,dist_B1R_H2L_roll_sum,0.010197659954428673
Sniffing,218,H1L_velocity,0.010134714655578136
Sniffing,219,nose_x_roll_std,0.01009779330343008
Sniffing,220,dist_H1L_tail,0.010076632723212242
Sniffing,221,B3R_velocity_roll_mean,0.010061820037662983
Sniffing,222,dist_B3R_S2_roll_std,0.009971095249056816
Sniffing,223,S2_velocity,0.009958491660654545
Sniffing,224,B2L_y_t-4,0.009952750988304615
Sniffing,225,dist_B2R_tail_roll_sum,0.00994124449789524
Sniffing,226,S1_y_t-4,0.009833934716880322
Sniffing,227,dist_B3L_H1L_roll_std,0.009815463796257973
Sniffing,228,B1L_velocity_roll_std,0.009812592528760433
Sniffing,229,dist_H2R_S1_roll_mean,0.009796570055186749
Sniffing,230,dist_S2_nose_roll_mean,0.009777833707630634
Sniffing,231,B2L_x_t-1,0.009775206446647644
Sniffing,232,H1L_velocity_roll_std,0.00966159999370575
Sniffing,233,dist_B2L_nose,0.009582838043570518
Sniffing,234,dist_H2L_tail_roll_std,0.009551279246807098
Sniffing,235,B1R_x_t-2,0.009504142217338085
Sniffing,236,B1L_y_t-1,0.009477083571255207
Sniffing,237,B2L_y_t-1,0.009445982985198498
Sniffing,238,tail_x_t-5,0.009391025640070438
Sniffing,239,dist_H2L_nose_roll_mean,0.009384757839143276
Sniffing,240,S2_velocity_roll_sum,0.00934137124568224
Sniffing,241,B3R_y_roll_std,0.009324011392891407
Sniffing,242,dist_B2L_B3L_roll_mean,0.009304335340857506
Sniffing,243,dist_nose_tail_roll_sum,0.009299916215240955
Sniffing,244,dist_B1R_H1R,0.009259480983018875
Sniffing,245,dist_H2L_S2,0.009229453280568123
Sniffing,246,dist_B2R_H1R,0.009172661229968071
Sniffing,247,dist_B2L_H2L_roll_mean,0.009129517711699009
Sniffing,248,B1R_x,0.009078994393348694
Sniffing,249,dist_B1L_tail_roll_std,0.009018964134156704
Sniffing,250,tail_y_t-5,0.008998451754450798
Sniffing,251,B2R_velocity_roll_std,0.008976766839623451
Sniffing,252,dist_H1R_S2_roll_std,0.00892386119812727
Sniffing,253,dist_B3L_S1_roll_mean,0.008923223242163658
Sniffing,254,dist_B1L_B2L_roll_sum,0.008890408091247082
Sniffing,255,dist_H1L_S1_roll_std,0.008853787556290627
Sniffing,256,B3L_y_roll_std,0.008837273344397545
Sniffing,257,dist_B1L_S2_roll_sum,0.00883542187511921
Sniffing,258,S1_x_t-4,0.008806695230305195
Sniffing,259,dist_H1L_S1,0.008784180507063866
Sniffing,260,B1R_x_t-4,0.008759935386478901
Sniffing,261,dist_H1R_H2L_roll_std,0.008735480718314648
Sniffing,262,dist_H2R_nose_roll_std,0.008726971223950386
Sniffing,263,B3L_y_t-2,0.008663089014589787
Sniffing,264,B2L_velocity_roll_sum,0.008623079396784306
Sniffing,265,dist_B1L_B2L_roll_std,0.008567660115659237
Sniffing,266,dist_B2L_B3R,0.008558384142816067
Sniffing,267,H1L_x_roll_std,0.008550544269382954
Sniffing,268,global_body_angular_velocity_roll_mean,0.008513678796589375
Sniffing,269,B1L_x_roll_std,0.008502714335918427
Sniffing,270,dist_H1L_H2L_roll_std,0.00848010927438736
Sniffing,271,dist_B2L_B3L,0.008475576527416706
Sniffing,272,nose_y_roll_std,0.008398662321269512
Sniffing,273,centroid_displacement_5,0.008371526375412941
Sniffing,274,dist_H1R_H2L_roll_sum,0.008327185176312923
Sniffing,275,B3R_y_t-5,0.008302632719278336
Sniffing,276,dist_S2_tail_roll_sum,0.008249377831816673
Sniffing,277,H2L_velocity,0.008230970241129398
Sniffing,278,dist_S1_tail_roll_mean,0.0081239715218544
Sniffing,279,S1_y,0.00801943987607956
Sniffing,280,dist_B3R_S1,0.00801753904670477
Sniffing,281,B1R_x_t-1,0.007994689047336578
Sniffing,282,dist_B2R_H1R_roll_std,0.007968228310346603
Sniffing,283,dist_H2L_S2_roll_sum,0.007944472134113312
Sniffing,284,dist_H1L_H1R_roll_sum,0.007919692434370518
Sniffing,285,dist_H1R_tail_roll_std,0.007867359556257725
Sniffing,286,dist_B1L_B3L,0.007848262786865234
Sniffing,287,B3L_x_t-1,0.007814710028469563
Sniffing,288,global_body_angular_velocity_t-1,0.007775039877742529
Sniffing,289,H1R_velocity_roll_mean,0.007768541108816862
Sniffing,290,B2R_y_t-1,0.007738425862044096
Sniffing,291,dist_B2R_nose,0.007738194428384304
Sniffing,292,global_body_angle_t-4,0.007733458653092384
Sniffing,293,tail_y_roll_mean,0.0077184573747217655
Sniffing,294,S1_y_t-3,0.00771079957485199
Sniffing,295,centroid_x_roll_std,0.00770919444039464
Sniffing,296,B2R_y_t-4,0.007652477361261845
Sniffing,297,H1R_y_t-1,0.0076486654579639435
Sniffing,298,orientation_angle,0.0076417019590735435
Sniffing,299,dist_S1_nose,0.007631325162947178
Sniffing,300,nose_velocity_roll_mean,0.0076298704370856285
Sniffing,301,dist_B3R_H2R_roll_std,0.007596152368932962
Sniffing,302,dist_B1L_H1R,0.0075426772236824036
Sniffing,303,global_body_angle_roll_mean,0.007533845026046038
Sniffing,304,B3R_x_t-5,0.007506405934691429
Sniffing,305,dist_B2R_S2_roll_mean,0.007506356108933687
Sniffing,306,dist_B2R_H1R_roll_mean,0.007493290118873119
Sniffing,307,B3L_y_t-5,0.007406424265354872
Sniffing,308,H2L_velocity_roll_mean,0.00740570854395628
Sniffing,309,tail_velocity_roll_std,0.007390763610601425
Sniffing,310,dist_B1L_H1L_roll_std,0.007347716484218836
Sniffing,311,dist_B1L_B3R,0.007332677952945232
Sniffing,312,B1R_y_t-1,0.007326233666390181
Sniffing,313,dist_B2L_H1L_roll_mean,0.007281451486051083
Sniffing,314,dist_B2R_H2R_roll_std,0.007274712901562452
Sniffing,315,dist_B2L_H1R,0.007250231225043535
Sniffing,316,dist_B2R_S1_roll_sum,0.0072442712262272835
Sniffing,317,dist_B3L_S1_roll_sum,0.007206067908555269
Sniffing,318,S1_velocity_roll_sum,0.007166731636971235
Sniffing,319,dist_B1R_B3R_roll_std,0.007118667010217905
Sniffing,320,dist_H1R_H2R,0.007090785540640354
Sniffing,321,centroid_velocity_roll_std,0.007079632952809334
Sniffing,322,B1R_y_t-4,0.007066539954394102
Sniffing,323,B2R_x_t-5,0.006963087245821953
Sniffing,324,centroid_y_roll_mean,0.0069115725345909595
Sniffing,325,B2L_y,0.006874355487525463
Sniffing,326,dist_H1R_H2L,0.0068315002135932446
Sniffing,327,dist_B3L_B3R_roll_std,0.006820682901889086
Sniffing,328,dist_B1R_H1R_roll_std,0.006817291956394911
Sniffing,329,dist_B3R_S1_roll_std,0.0067776283249258995
Sniffing,330,dist_S1_nose_roll_std,0.006758067291229963
Sniffing,331,dist_B2L_B3R_roll_sum,0.006741644348949194
Sniffing,332,dist_B1R_H1L_roll_mean,0.006692872382700443
Sniffing,333,dist_H2R_S2,0.006641336716711521
Sniffing,334,B3R_y,0.006623401306569576
Sniffing,335,dist_H2R_S2_roll_std,0.006609566509723663
Sniffing,336,dist_B3L_H2R_roll_std,0.006589640863239765
Sniffing,337,B3L_y,0.006571725010871887
Sniffing,338,centroid_x_roll_mean,0.0065497164614498615
Sniffing,339,dist_H2L_nose_roll_std,0.006534708198159933
Sniffing,340,S2_y,0.006462887395173311
Sniffing,341,dist_H1R_S1_roll_mean,0.006444631610065699
Sniffing,342,B1L_y_t-4,0.006443523336201906
Sniffing,343,B2R_velocity_roll_mean,0.006437315605580807
Sniffing,344,B2R_x_roll_std,0.006426648702472448
Sniffing,345,H2R_y_t-3,0.0064203268848359585
Sniffing,346,dist_B3R_H1L,0.006357961799949408
Sniffing,347,dist_B2L_H2R,0.006356159690767527
Sniffing,348,dist_B3L_S2_roll_sum,0.006344122812151909
Sniffing,349,dist_B1L_nose_roll_sum,0.006307320669293404
Sniffing,350,H1L_y_roll_std,0.006296277977526188
Sniffing,351,dist_B1R_B2L_roll_sum,0.006270645186305046
Sniffing,352,angular_velocity_t-4,0.006263792049139738
Sniffing,353,dist_B1R_S2_roll_mean,0.006236934568732977
Sniffing,354,B2L_y_roll_std,0.0062173353508114815
Sniffing,355,dist_B1L_S2_roll_mean,0.006215252447873354
Sniffing,356,B2R_x,0.006214298773556948
Sniffing,357,dist_B3R_H2L_roll_std,0.006214089225977659
Sniffing,358,S2_y_t-3,0.006197264418005943
Sniffing,359,H2L_x_roll_std,0.006169730331748724
Sniffing,360,dist_S1_tail,0.006168917752802372
Sniffing,361,B3R_x_roll_std,0.006139273755252361
Sniffing,362,dist_B3R_nose_roll_sum,0.006133750546723604
Sniffing,363,dist_H2L_H2R_roll_sum,0.006062610540539026
Sniffing,364,S1_velocity_roll_mean,0.006031072698533535
Sniffing,365,B3L_x_t-4,0.0060250889509916306
Sniffing,366,H2L_velocity_roll_sum,0.006015607621520758
Sniffing,367,dist_B1R_tail_roll_mean,0.006005855742841959
Sniffing,368,nose_y,0.005998979322612286
Sniffing,369,S2_velocity_roll_mean,0.005957134999334812
Sniffing,370,H2R_x_t-2,0.005918084178119898
Sniffing,371,dist_B2R_H1R_roll_sum,0.005881888791918755
Sniffing,372,dist_B2R_H2L_roll_mean,0.00578544894233346
Sniffing,373,dist_B1L_B3L_roll_std,0.005767139606177807
Sniffing,374,B3L_velocity,0.005755123682320118
Sniffing,375,dist_B1R_nose,0.005734143778681755
Sniffing,376,B3R_x_t-3,0.005724815186113119
Sniffing,377,S1_x,0.005721196532249451
Sniffing,378,global_body_angular_velocity_t-4,0.005669913720339537
Sniffing,379,angular_velocity_t-2,0.005669245962053537
Sniffing,380,dist_H1L_H2R,0.0056584361009299755
Sniffing,381,S1_x_roll_mean,0.00564842764288187
Sniffing,382,dist_S1_tail_roll_sum,0.005635781213641167
Sniffing,383,dist_B1L_H2L_roll_sum,0.005630175583064556
Sniffing,384,dist_B2R_B3L_roll_sum,0.005548286251723766
Sniffing,385,B3L_velocity_roll_std,0.005527480039745569
Sniffing,386,dist_H1L_H2R_roll_std,0.005513550713658333
Sniffing,387,B2L_y_t-5,0.005493068601936102
Sniffing,388,S1_x_t-1,0.005441600456833839
Sniffing,389,B3L_y_t-3,0.005428507458418608
Sniffing,390,dist_H1R_tail,0.005390434991568327
Sniffing,391,dist_B1L_H1L_roll_mean,0.005388113670051098
Sniffing,392,B1R_x_roll_sum,0.005335964262485504
Sniffing,393,dist_B3R_H2R,0.005331822670996189
Sniffing,394,S1_y_roll_mean,0.005280009936541319
Sniffing,395,dist_H1L_nose_roll_sum,0.005190810188651085
Sniffing,396,S2_y_roll_std,0.005113319493830204
Sniffing,397,dist_H1L_S2_roll_mean,0.005033155903220177
Sniffing,398,B1L_y_t-2,0.004991841968148947
Sniffing,399,nose_x_t-4,0.0049811177887022495
Sniffing,400,dist_B3L_B3R_roll_sum,0.0049709053710103035
Sniffing,401,dist_B2L_S2_roll_sum,0.004947267472743988
Sniffing,402,dist_B1R_B3R_roll_mean,0.004943653009831905
Sniffing,403,dist_H2R_nose_roll_sum,0.004886891692876816
Sniffing,404,H2R_x_roll_std,0.004885127767920494
Sniffing,405,tail_y_roll_std,0.004878738429397345
Sniffing,406,dist_H2R_tail,0.004838911816477776
Sniffing,407,B2R_y_t-3,0.004838663153350353
Sniffing,408,dist_B1L_H2L_roll_std,0.004825457464903593
Sniffing,409,dist_H1R_nose_roll_sum,0.004811492748558521
Sniffing,410,B3L_x_roll_std,0.004794578533619642
Sniffing,411,dist_B1R_B2R,0.0047660223208367825
Sniffing,412,dist_B1L_nose_roll_std,0.004740850534290075
Sniffing,413,dist_B3R_H2L,0.004704984370619059
Sniffing,414,B2L_x_t-2,0.004612357821315527
Sniffing,415,dist_H2R_S2_roll_mean,0.004581567365676165
Sniffing,416,dist_H1R_nose,0.004483572673052549
Sniffing,417,H1R_y_t-5,0.0044709923677146435
Sniffing,418,B1R_velocity_roll_std,0.004461791832000017
Sniffing,419,dist_H1L_S2_roll_std,0.004451338667422533
Sniffing,420,B3L_x,0.004433522466570139
Sniffing,421,H1L_y,0.004397781565785408
Sniffing,422,B1L_x_t-3,0.0043936981819570065
Sniffing,423,dist_B3R_H1R_roll_sum,0.004373569041490555
Sniffing,424,H2R_velocity_roll_sum,0.004371854942291975
Sniffing,425,H2R_y_roll_mean,0.00428991112858057
Sniffing,426,H2R_y_t-5,0.004267231095582247
Sniffing,427,B2L_x_roll_std,0.0041979579254984856
Sniffing,428,global_body_angle_t-5,0.004197031259536743
Sniffing,429,B3R_y_t-4,0.004182204604148865
Sniffing,430,dist_H2R_tail_roll_std,0.004176232498139143
Sniffing,431,B1R_x_t-3,0.004139418248087168
Sniffing,432,B3R_y_t-3,0.004130428656935692
Sniffing,433,H1L_y_t-5,0.004130049142986536
Sniffing,434,H2L_x_t-2,0.004111975431442261
Sniffing,435,S1_x_t-2,0.004109707195311785
Sniffing,436,dist_B1L_B3L_roll_mean,0.004090442322194576
Sniffing,437,angular_velocity_t-3,0.0040301070548594
Sniffing,438,S2_x_t-1,0.004022560082376003
Sniffing,439,B1L_x_t-4,0.003991325851529837
Sniffing,440,dist_B3L_nose,0.0039712609723210335
Sniffing,441,H2L_y_roll_mean,0.0039641596376895905
Sniffing,442,dist_H2L_S2_roll_std,0.003942783921957016
Sniffing,443,nose_y_roll_mean,0.00393132446333766
Sniffing,444,S2_x_roll_std,0.00391249218955636
Sniffing,445,B1L_y_roll_std,0.0039058346301317215
Sniffing,446,dist_B2L_H1R_roll_std,0.0039046788588166237
Sniffing,447,dist_B3R_nose,0.0038887979462742805
Sniffing,448,dist_S1_nose_roll_mean,0.003884873352944851
Sniffing,449,global_body_angle_t-2,0.0038791480474174023
Sniffing,450,H1R_x,0.0038721824530512094
Sniffing,451,centroid_velocity_roll_sum,0.003832851070910692
Sniffing,452,global_body_angular_velocity,0.003806541208177805
Sniffing,453,B1R_velocity_roll_mean,0.0037960235495120287
Sniffing,454,dist_B1R_H1L,0.0037925513461232185
Sniffing,455,tail_x_t-4,0.003788853297010064
Sniffing,456,H1R_x_t-3,0.003746976610273123
Sniffing,457,B1R_y_roll_std,0.003744024084880948
Sniffing,458,dist_B2R_H2R_roll_mean,0.003739236621186137
Sniffing,459,dist_B3R_S1_roll_mean,0.003728957613930106
Sniffing,460,dist_B2R_H1L,0.0037268539890646935
Sniffing,461,dist_H1L_S1_roll_sum,0.0037208108697086573
Sniffing,462,tail_y_t-2,0.0037010274827480316
Sniffing,463,B3L_x_t-5,0.0036923058796674013
Sniffing,464,H2L_y_t-4,0.0036693101283162832
Sniffing,465,B2R_x_t-1,0.0036523404996842146
Sniffing,466,tail_x_t-3,0.003647405421361327
Sniffing,467,H2L_y_t-1,0.003577121999114752
Sniffing,468,dist_B1R_nose_roll_mean,0.003559894859790802
Sniffing,469,H2R_x_t-5,0.003556993091478944
Sniffing,470,angular_velocity_t-1,0.003498201724141836
Sniffing,471,nose_y_t-1,0.003491514828056097
Sniffing,472,B1R_y_t-2,0.003486699191853404
Sniffing,473,H2L_y_roll_std,0.003483740147203207
Sniffing,474,dist_H1R_S2_roll_mean,0.003422520123422146
Sniffing,475,H1R_y,0.003407613607123494
Sniffing,476,dist_B3R_H1L_roll_std,0.0034042843617498875
Sniffing,477,B2L_y_t-2,0.00337870791554451
Sniffing,478,S1_x_t-3,0.0033594269771128893
Sniffing,479,H2R_y,0.0033510923385620117
Sniffing,480,dist_B3R_H1R_roll_mean,0.0033418620005249977
Sniffing,481,dist_B1R_H1R_roll_sum,0.0033353962935507298
Sniffing,482,S2_x_t-3,0.003315800102427602
Sniffing,483,global_body_angular_velocity_t-3,0.0032566688023507595
Sniffing,484,B2R_y_t-5,0.0032479583751410246
Sniffing,485,dist_B2L_S1_roll_std,0.0032289319206029177
Sniffing,486,B3R_y_t-2,0.0031651449389755726
Sniffing,487,dist_B2L_nose_roll_std,0.003068056423217058
Sniffing,488,dist_B3L_H2R,0.00303435861133039
Sniffing,489,dist_B3L_H2L_roll_mean,0.003011984284967184
Sniffing,490,dist_B3R_H2L_roll_mean,0.002979927696287632
Sniffing,491,tail_x_roll_std,0.0029607696924358606
Sniffing,492,dist_H1L_H2L_roll_sum,0.0029529398307204247
Sniffing,493,tail_x,0.0029366384260356426
Sniffing,494,H1L_x_t-2,0.002933003706857562
Sniffing,495,dist_H1L_tail_roll_mean,0.002913500415161252
Sniffing,496,dist_B1R_B3R,0.0029044647235423326
Sniffing,497,dist_B3R_H2R_roll_sum,0.0029032134916633368
Sniffing,498,B1R_velocity_roll_sum,0.0028891372494399548
Sniffing,499,H1L_y_t-3,0.0028812349773943424
Sniffing,500,dist_H1L_nose,0.002877236111089587
Sniffing,501,H2R_x_t-1,0.002848649863153696
Sniffing,502,B2L_y_t-3,0.002847359050065279
Sniffing,503,dist_S2_nose,0.0028353985399007797
Sniffing,504,nose_x_t-2,0.002829780802130699
Sniffing,505,S2_x,0.0027543450705707073
Sniffing,506,dist_B1R_H2R_roll_sum,0.00263455742970109
Sniffing,507,dist_H2L_nose_roll_sum,0.0026315872091799974
Sniffing,508,tail_y,0.0026310922112315893
Sniffing,509,dist_B1L_S2,0.0026170939672738314
Sniffing,510,dist_B3L_H1R_roll_sum,0.0026090238243341446
Sniffing,511,B1L_x_t-1,0.0025701241102069616
Sniffing,512,dist_B2L_S1,0.0025645119603723288
Sniffing,513,H2R_velocity_roll_std,0.0025427890941500664
Sniffing,514,H2R_x_t-3,0.002542315050959587
Sniffing,515,B3R_x_t-4,0.002532817656174302
Sniffing,516,B3R_x_t-1,0.002524426206946373
Sniffing,517,S2_y_t-2,0.002521541202440858
Sniffing,518,dist_B3R_H1L_roll_mean,0.002511789323762059
Sniffing,519,H1L_x_t-4,0.002501263516023755
Sniffing,520,dist_B2R_H2R_roll_sum,0.002494752872735262
Sniffing,521,S1_y_t-2,0.002477153902873397
Sniffing,522,H2R_x_t-4,0.0024592899717390537
Sniffing,523,tail_y_t-1,0.002431097673252225
Sniffing,524,dist_B1L_B1R_roll_sum,0.0024290820583701134
Sniffing,525,dist_H2L_tail,0.002373776398599148
Sniffing,526,dist_B2L_H1L_roll_std,0.0023521827533841133
Sniffing,527,B2R_y_roll_mean,0.002349353628233075
Sniffing,528,nose_x_roll_mean,0.002338821068406105
Sniffing,529,B2L_x_roll_mean,0.002317071193829179
Sniffing,530,S1_y_roll_std,0.0023168628104031086
Sniffing,531,dist_B3R_H1R_roll_std,0.0023132164496928453
Sniffing,532,B2L_velocity_roll_mean,0.0022792634554207325
Sniffing,533,H2L_x_t-5,0.002209024503827095
Sniffing,534,H1R_x_t-1,0.002195144770666957
Sniffing,535,dist_B3L_H1R_roll_std,0.002137458650395274
Sniffing,536,H2L_x_roll_mean,0.0021255132742226124
Sniffing,537,tail_x_roll_sum,0.002120133489370346
Sniffing,538,nose_x_roll_sum,0.002084073843434453
Sniffing,539,dist_H2R_S1_roll_sum,0.002069076057523489
Sniffing,540,dist_H2R_tail_roll_sum,0.002034578938037157
Sniffing,541,H2R_y_t-4,0.0020188651978969574
Sniffing,542,H1L_x_t-3,0.002014107769355178
Sniffing,543,tail_x_t-2,0.0020137224346399307
Sniffing,544,dist_H1R_tail_roll_mean,0.0019752029329538345
Sniffing,545,orientation_angle_t-2,0.0019340194994583726
Sniffing,546,orientation_angle_t-3,0.0018495634431019425
Sniffing,547,H2L_y_t-3,0.001842936733737588
Sniffing,548,B1L_x_roll_mean,0.001839240314438939
Sniffing,549,dist_B2L_nose_roll_mean,0.0018177394522354007
Sniffing,550,tail_y_roll_sum,0.0018068808130919933
Sniffing,551,dist_B3R_nose_roll_std,0.0017940354300662875
Sniffing,552,H1L_y_roll_sum,0.001782814390026033
Sniffing,553,dist_B2L_H1R_roll_mean,0.001773783122189343
Sniffing,554,centroid_y_roll_sum,0.001749096903949976
Sniffing,555,B3R_x,0.001746719004586339
Sniffing,556,H1L_y_t-2,0.0016695295926183462
Sniffing,557,B1R_x_roll_mean,0.001668953918851912
Sniffing,558,global_body_angle_t-3,0.0016589041333645582
Sniffing,559,B1L_x_roll_sum,0.001652569160796702
Sniffing,560,H2R_y_t-2,0.0016187048749998212
Sniffing,561,dist_H1R_S2,0.0016021934570744634
Sniffing,562,centroid_x,0.0015976601280272007
Sniffing,563,dist_B3L_H1L,0.0015975118149071932
Sniffing,564,B2R_x_t-3,0.0015929773217067122
Sniffing,565,S2_x_roll_mean,0.0015780488029122353
Sniffing,566,dist_H1R_H2R_roll_std,0.0015770188765600324
Sniffing,567,dist_B2L_S1_roll_sum,0.0015750762540847063
Sniffing,568,S2_y_t-4,0.0015653034206479788
Sniffing,569,B2R_y,0.0015538380248472095
Sniffing,570,dist_B2L_B3L_roll_sum,0.00154400197789073
Sniffing,571,S2_y_t-1,0.0015414176741614938
Sniffing,572,nose_x,0.0015147303929552436
Sniffing,573,B1L_y_t-3,0.0014920415123924613
Sniffing,574,B1L_y_roll_mean,0.001486972440034151
Sniffing,575,S2_y_roll_sum,0.001485364162363112
Sniffing,576,dist_B3L_H2R_roll_sum,0.0014599544228985906
Sniffing,577,nose_velocity_roll_std,0.0014039578381925821
Sniffing,578,H2L_x_t-4,0.0013909150147810578
Sniffing,579,dist_B2R_nose_roll_sum,0.0013842644402757287
Sniffing,580,nose_y_t-4,0.0013722447911277413
Sniffing,581,B1R_x_t-5,0.0013698623515665531
Sniffing,582,global_body_angle_t-1,0.0013678492978215218
Sniffing,583,nose_velocity,0.0013230391778051853
Sniffing,584,dist_B1L_B3R_roll_std,0.0013104205718263984
Sniffing,585,H1R_x_t-2,0.0013042469508945942
Sniffing,586,H2L_x_t-3,0.001300515839830041
Sniffing,587,H1L_x,0.0012846813770011067
Sniffing,588,dist_B3L_nose_roll_mean,0.001276233117096126
Sniffing,589,dist_B1R_B3L,0.0012647034600377083
Sniffing,590,B3L_x_t-2,0.0012624335940927267
Sniffing,591,dist_B3L_H2L_roll_sum,0.0012558174785226583
Sniffing,592,B1R_y_t-3,0.0012528970837593079
Sniffing,593,B2L_y_roll_mean,0.0012309683952480555
Sniffing,594,H2L_y,0.0012285286793485284
Sniffing,595,dist_B2R_H2L,0.001215345342643559
Sniffing,596,B3R_x_roll_mean,0.0012114873388782144
Sniffing,597,S2_y_t-5,0.0012015636311843991
Sniffing,598,B3R_y_t-1,0.0011732439743354917
Sniffing,599,B3L_y_t-1,0.001172999502159655
Sniffing,600,S2_x_t-4,0.001126869348809123
Sniffing,601,nose_y_t-2,0.0011256147408857942
Sniffing,602,H1R_x_roll_mean,0.0011062623234465718
Sniffing,603,nose_x_t-1,0.0011039432138204575
Sniffing,604,B3L_x_t-3,0.0010925877140834928
Sniffing,605,nose_x_t-5,0.0010821514297276735
Sniffing,606,centroid_velocity,0.001075739972293377
Sniffing,607,B2L_y_roll_sum,0.0010720001300796866
Sniffing,608,H1R_velocity,0.0010561393573880196
Sniffing,609,H1R_y_t-3,0.0010531146544963121
Sniffing,610,H2L_x_t-1,0.0010396619327366352
Sniffing,611,H2L_y_t-2,0.0010320544242858887
Sniffing,612,dist_B1L_tail_roll_mean,0.001014071749523282
Sniffing,613,dist_B1L_B3R_roll_mean,0.000993286375887692
Sniffing,614,tail_x_roll_mean,0.000979829579591751
Sniffing,615,B2R_x_t-2,0.0009753187769092619
Sniffing,616,orientation_angle_t-4,0.0009566344087943435
Sniffing,617,H1L_y_t-4,0.0009460902074351907
Sniffing,618,dist_B3L_H2R_roll_mean,0.0009430405334569514
Sniffing,619,H1L_y_roll_mean,0.0009386547608301044
Sniffing,620,H2R_y_roll_sum,0.0008946409798227251
Sniffing,621,H2L_x,0.0008724448271095753
Sniffing,622,B3L_velocity_roll_mean,0.0008675442659296095
Sniffing,623,dist_B2L_H1R_roll_sum,0.0008633550605736673
Sniffing,624,S2_x_t-2,0.0008475725189782679
Sniffing,625,dist_B3R_H1R,0.0007850616821087897
Sniffing,626,B3L_y_roll_mean,0.0007287654443643987
Sniffing,627,dist_H2L_tail_roll_mean,0.0007087880512699485
Sniffing,628,S2_x_roll_sum,0.000706363411154598
Sniffing,629,tail_y_t-3,0.0007023573270998895
Sniffing,630,dist_B1R_tail_roll_sum,0.0006740329554304481
Sniffing,631,B2R_y_t-2,0.0006662497180514038
Sniffing,632,nose_x_t-3,0.0005979949492029846
Sniffing,633,dist_B3L_H1R_roll_mean,0.000578191364184022
Sniffing,634,dist_H2R_tail_roll_mean,0.0005166638293303549
Sniffing,635,B3R_y_roll_mean,0.0004752178501803428
Sniffing,636,S1_y_roll_sum,0.0004704489838331938
Sniffing,637,orientation_angle_t-5,0.00046047335490584373
Sniffing,638,centroid_y,0.0004323280300013721
Sniffing,639,S2_y_roll_mean,0.0004157101211603731
Sniffing,640,H2R_x_roll_mean,0.0003610167186707258
Sniffing,641,H1R_y_t-4,0.00035866512916982174
Sniffing,642,dist_S2_nose_roll_sum,0.00033053915831260383
Sniffing,643,tail_x_t-1,0.0003097437438555062
Sniffing,644,H1L_x_t-1,0.00029161860584281385
Sniffing,645,dist_B2R_H1L_roll_mean,0.0002759565250016749
Sniffing,646,nose_y_t-3,0.0002595905098132789
Sniffing,647,H2R_y_t-1,0.0002177297865273431
Sniffing,648,dist_B1R_B3L_roll_sum,0.00017368642147630453
Sniffing,649,tail_y_t-4,0.00015518417058046907
Sniffing,650,H1L_y_t-1,0.0001225366140715778
Sniffing,651,B3L_y_t-4,7.915626338217407e-05
Sniffing,652,H1L_x_roll_sum,0.0
Sniffing,653,dist_B1L_tail_roll_sum,0.0
Sniffing,654,dist_B1R_B2R_roll_sum,0.0
Sniffing,655,dist_B1L_H1L_roll_sum,0.0
Sniffing,656,dist_B1L_H1R_roll_sum,0.0
Sniffing,657,H2R_x_roll_sum,0.0
Sniffing,658,dist_B3L_H2L,0.0
Sniffing,659,S1_x_roll_sum,0.0
Sniffing,660,dist_S1_nose_roll_sum,0.0
Sniffing,661,dist_H2L_S1_roll_sum,0.0
Sniffing,662,dist_H1R_tail_roll_sum,0.0
Sniffing,663,dist_H1R_S1_roll_sum,0.0
Sniffing,664,dist_H1R_S2_roll_sum,0.0
Sniffing,665,dist_H1L_S2,0.0
Sniffing,666,B1L_y_roll_sum,0.0
Sniffing,667,S2_x_t-5,0.0
Sniffing,668,nose_y_t-5,0.0
Sniffing,669,dist_B3L_H1L_roll_mean,0.0
Sniffing,670,dist_B2R_S2_roll_sum,0.0
Sniffing,671,dist_B2R_H2L_roll_sum,0.0
Sniffing,672,dist_B2R_H1L_roll_sum,0.0
Sniffing,673,H1R_y_t-2,0.0
Sniffing,674,dist_B3L_nose_roll_sum,0.0
Sniffing,675,dist_H2R_S2_roll_sum,0.0
Sniffing,676,dist_H2L_tail_roll_sum,0.0
Sniffing,677,dist_B3L_H1L_roll_sum,0.0
Sniffing,678,dist_B3R_H1L_roll_sum,0.0
Sniffing,679,dist_B3R_H2L_roll_sum,0.0
Sniffing,680,B2R_x_roll_sum,0.0
Sniffing,681,B1R_y_roll_sum,0.0
Sniffing,682,B2R_y_roll_sum,0.0
Sniffing,683,B3L_x_roll_mean,0.0
Sniffing,684,B3L_x_roll_sum,0.0
Sniffing,685,B3L_y_roll_sum,0.0
Sniffing,686,B2L_x_roll_sum,0.0
Sniffing,687,dist_B2L_B2R_roll_sum,0.0
Sniffing,688,dist_B1R_B3R_roll_sum,0.0
Sniffing,689,dist_B1R_H1L_roll_sum,0.0
Sniffing,690,H1R_x_roll_sum,0.0
Sniffing,691,H1R_y_roll_mean,0.0
Sniffing,692,B3R_x_roll_sum,0.0
Sniffing,693,B3R_y_roll_sum,0.0
Sniffing,694,B2R_velocity_roll_sum,0.0
Sniffing,695,B3L_velocity_roll_sum,0.0
Sniffing,696,B3R_velocity_roll_sum,0.0
Sniffing,697,dist_B1L_B3L_roll_sum,0.0
Sniffing,698,global_body_angular_velocity_roll_sum,0.0
Sniffing,699,global_body_angle_roll_sum,0.0
Sniffing,700,H1L_x_roll_mean,0.0
Sniffing,701,dist_B1R_nose_roll_sum,0.0
Sniffing,702,orientation_angle_t-1,0.0
Sniffing,703,dist_H1L_S2_roll_sum,0.0
Sniffing,704,dist_B3R_H2R_roll_mean,0.0
Sniffing,705,dist_B3R_S1_roll_sum,0.0
Sniffing,706,B3R_x_t-2,0.0
Sniffing,707,H1R_y_roll_sum,0.0
Sniffing,708,H2L_x_roll_sum,0.0
Sniffing,709,dist_B3L_H1R,0.0
Sniffing,710,H1R_x_t-4,0.0
Sniffing,711,dist_B2L_H1L_roll_sum,0.0
Sniffing,712,H1L_x_t-5,0.0
Sniffing,713,dist_B2L_nose_roll_sum,0.0
Sniffing,714,dist_B2L_H2R_roll_sum,0.0
Sniffing,715,tail_velocity_roll_sum,0.0
Sniffing,716,H1L_velocity_roll_sum,0.0
Sniffing,717,H1R_velocity_roll_sum,0.0
Sniffing,718,dist_H1L_tail_roll_sum,0.0
Sniffing,719,nose_y_roll_sum,0.0
Turn,1,dist_B2L_B2R_roll_sum,0.1310875564813614
Turn,2,dist_B2L_B2R,0.10996199399232864
Turn,3,dist_B2L_B3R_roll_sum,0.07216884940862656
Turn,4,nose_velocity_roll_mean,0.07063104957342148
Turn,5,dist_B1R_B2L_roll_std,0.06203779950737953
Turn,6,dist_S2_tail_roll_std,0.053389307111501694
Turn,7,dist_H1R_S1,0.05316917598247528
Turn,8,dist_B2L_S1_roll_std,0.051733896136283875
Turn,9,dist_B3L_tail_roll_mean,0.05011872574687004
Turn,10,dist_B3R_tail_roll_mean,0.04986304044723511
Turn,11,nose_velocity_roll_sum,0.048594094812870026
Turn,12,dist_nose_tail,0.04821709915995598
Turn,13,S1_x_roll_std,0.04527668282389641
Turn,14,angular_velocity,0.04431077837944031
Turn,15,S1_y_roll_std,0.043043352663517
Turn,16,H1L_velocity_roll_sum,0.041606612503528595
Turn,17,dist_H1L_nose_roll_std,0.03924987465143204
Turn,18,dist_B2R_S2_roll_std,0.03871089220046997
Turn,19,dist_H1R_nose_roll_std,0.03858703374862671
Turn,20,dist_B3L_tail,0.03815421834588051
Turn,21,dist_H2L_S1_roll_std,0.03594953194260597
Turn,22,dist_B1L_B2R_roll_std,0.033107906579971313
Turn,23,dist_B3R_H1L,0.03279748186469078
Turn,24,dist_H1L_H2L_roll_std,0.03252435475587845
Turn,25,dist_B3R_S2,0.032518669962882996
Turn,26,dist_B2L_B2R_roll_std,0.032481029629707336
Turn,27,angular_velocity_roll_std,0.03226635977625847
Turn,28,dist_B2L_tail_roll_std,0.0322149321436882
Turn,29,dist_B2R_tail_roll_std,0.03216381371021271
Turn,30,dist_B2R_S1,0.03119688294827938
Turn,31,angular_velocity_t-5,0.03057636320590973
Turn,32,dist_B3R_H2R_roll_std,0.03042556904256344
Turn,33,dist_B1L_H2R_roll_std,0.03020668216049671
Turn,34,dist_B3R_S2_roll_std,0.03017406538128853
Turn,35,dist_B2R_S1_roll_std,0.030017144978046417
Turn,36,dist_B3L_S2_roll_std,0.029853763058781624
Turn,37,dist_B2L_S2_roll_std,0.0290437750518322
Turn,38,dist_B2L_B3R_roll_std,0.028502605855464935
Turn,39,dist_S1_tail_roll_std,0.02759404294192791
Turn,40,dist_B2R_S2,0.026809457689523697
Turn,41,B1R_velocity_roll_sum,0.026752894744277
Turn,42,angular_velocity_roll_sum,0.026689250022172928
Turn,43,dist_B2L_B2R_roll_mean,0.02662046067416668
Turn,44,dist_B2R_B3R_roll_mean,0.025955110788345337
Turn,45,S1_x,0.025941966101527214
Turn,46,dist_B3R_tail_roll_std,0.02573937550187111
Turn,47,dist_B2L_B3L_roll_sum,0.025339098647236824
Turn,48,S1_x_t-2,0.024735094979405403
Turn,49,dist_B1R_B2L,0.024636995047330856
Turn,50,dist_H1L_H1R_roll_mean,0.02453412301838398
Turn,51,dist_H1L_H1R_roll_std,0.02409912645816803
Turn,52,dist_B1R_H2L_roll_std,0.023926520720124245
Turn,53,B2L_velocity_roll_mean,0.023359613493084908
Turn,54,dist_H1R_H2L_roll_std,0.023274796083569527
Turn,55,H2R_x_roll_mean,0.022815540432929993
Turn,56,dist_B1R_H2R_roll_std,0.022545306012034416
Turn,57,dist_H2R_S2_roll_std,0.022539731115102768
Turn,58,S2_velocity,0.022356882691383362
Turn,59,S1_y_t-5,0.02230423130095005
Turn,60,B2L_velocity_roll_sum,0.022276969626545906
Turn,61,dist_H2L_H2R_roll_std,0.022099856287240982
Turn,62,H2L_y_t-5,0.02205677703022957
Turn,63,B2L_y_roll_mean,0.021969735622406006
Turn,64,angular_velocity_t-1,0.02189462073147297
Turn,65,B1R_x,0.0216313935816288
Turn,66,H1L_y,0.021590519696474075
Turn,67,H2R_velocity_roll_mean,0.021484117954969406
Turn,68,dist_B3L_S2,0.021449832245707512
Turn,69,dist_H1R_nose_roll_mean,0.021107058972120285
Turn,70,dist_B2R_B3L_roll_sum,0.02087976224720478
Turn,71,dist_B2R_S2_roll_sum,0.020393509417772293
Turn,72,B3L_y_roll_std,0.020254693925380707
Turn,73,dist_H1L_nose,0.020097652450203896
Turn,74,dist_B1R_B2R_roll_std,0.019941022619605064
Turn,75,dist_B3R_S2_roll_sum,0.019434016197919846
Turn,76,dist_H2L_tail,0.01915913075208664
Turn,77,dist_S2_tail,0.018820874392986298
Turn,78,dist_H2R_S1_roll_mean,0.018680348992347717
Turn,79,dist_H1R_S1_roll_mean,0.018579602241516113
Turn,80,tail_velocity_roll_sum,0.018483711406588554
Turn,81,B1L_y_t-2,0.018290499225258827
Turn,82,H2R_y,0.018167437985539436
Turn,83,dist_B2R_tail,0.018006332218647003
Turn,84,global_body_angular_velocity_t-5,0.017863430082798004
Turn,85,dist_B2R_tail_roll_mean,0.01761004514992237
Turn,86,B2L_y_roll_std,0.017472459003329277
Turn,87,angular_velocity_t-2,0.017082607373595238
Turn,88,dist_B1L_S1_roll_std,0.016972616314888
Turn,89,dist_H2R_tail,0.016841795295476913
Turn,90,H2R_x_t-2,0.01653781533241272
Turn,91,orientation_change_5,0.0165297519415617
Turn,92,B2L_x_roll_mean,0.016377395018935204
Turn,93,dist_B1L_H1R,0.016259418800473213
Turn,94,dist_B2L_B3R,0.016231130808591843
Turn,95,dist_B1R_S2_roll_std,0.01592802070081234
Turn,96,tail_velocity_roll_mean,0.015657693147659302
Turn,97,dist_B2R_nose_roll_mean,0.015654318034648895
Turn,98,dist_B1R_S2,0.015555365011096
Turn,99,dist_B1R_B3R,0.015485968440771103
Turn,100,dist_B1L_B2L,0.015453226864337921
Turn,101,dist_S1_nose_roll_std,0.015185284428298473
Turn,102,dist_B2R_B3R,0.015182803384959698
Turn,103,dist_B1R_H1L_roll_std,0.015165033750236034
Turn,104,centroid_velocity_roll_std,0.015162351541221142
Turn,105,dist_B1L_H2L_roll_std,0.015095512382686138
Turn,106,B2L_y,0.014990820549428463
Turn,107,dist_B1R_S1,0.014981397427618504
Turn,108,B3R_velocity,0.014965015463531017
Turn,109,dist_H2R_S2,0.014896541833877563
Turn,110,S1_y_t-3,0.014888857491314411
Turn,111,dist_B2R_H2R_roll_std,0.01458031963557005
Turn,112,dist_H1R_nose,0.014565074816346169
Turn,113,dist_S1_nose,0.014535438269376755
Turn,114,S1_y_t-4,0.014436140656471252
Turn,115,dist_B2L_H1L_roll_std,0.014261085540056229
Turn,116,dist_H1R_H2L_roll_mean,0.014231544919312
Turn,117,S1_x_t-3,0.014224367216229439
Turn,118,B1L_velocity_roll_std,0.014170964248478413
Turn,119,dist_H1L_S1_roll_mean,0.014148490503430367
Turn,120,global_body_angular_velocity,0.014143440872430801
Turn,121,H1L_y_t-5,0.014058331958949566
Turn,122,dist_B2L_B3R_roll_mean,0.014013977721333504
Turn,123,S1_x_t-1,0.013979154638946056
Turn,124,dist_B3L_S1_roll_sum,0.013944222591817379
Turn,125,dist_H1R_tail_roll_std,0.013897161930799484
Turn,126,B1R_velocity,0.013896284624934196
Turn,127,S1_velocity,0.013763067312538624
Turn,128,centroid_velocity_roll_sum,0.013731305487453938
Turn,129,dist_B2L_H2R_roll_std,0.01366170309484005
Turn,130,B2L_x_t-3,0.013653122819960117
Turn,131,dist_B3L_H2R_roll_std,0.0134408138692379
Turn,132,dist_H1L_H2R,0.013320020399987698
Turn,133,dist_B3L_B3R_roll_std,0.013111679814755917
Turn,134,B1R_y_t-2,0.012965603731572628
Turn,135,S1_velocity_roll_std,0.012847157195210457
Turn,136,H1L_x_t-4,0.012663232162594795
Turn,137,S2_y,0.012590400874614716
Turn,138,dist_B3L_S1_roll_mean,0.012525608763098717
Turn,139,B3R_y_roll_std,0.012469099834561348
Turn,140,S1_y_roll_mean,0.012363137677311897
Turn,141,dist_B2L_H1L,0.01232044119387865
Turn,142,dist_B1R_B3L_roll_std,0.01225986983627081
Turn,143,dist_B1L_S1,0.012241999618709087
Turn,144,B1L_x,0.012085575610399246
Turn,145,dist_B2L_S1_roll_mean,0.012042735703289509
Turn,146,S2_x,0.01203977596014738
Turn,147,H1L_velocity,0.011812062002718449
Turn,148,dist_H1L_S1,0.0116776367649436
Turn,149,dist_B3L_S2_roll_mean,0.011561117134988308
Turn,150,angular_velocity_roll_mean,0.011368857696652412
Turn,151,dist_B2R_S2_roll_mean,0.011353262700140476
Turn,152,dist_B2L_tail_roll_mean,0.011326934210956097
Turn,153,H2R_y_t-5,0.011184975504875183
Turn,154,H1L_x_roll_mean,0.011168076656758785
Turn,155,B1R_velocity_roll_mean,0.011143036186695099
Turn,156,nose_y_t-3,0.011104822158813477
Turn,157,B2R_y_roll_std,0.011062264442443848
Turn,158,tail_y,0.011060263030230999
Turn,159,B2L_y_t-5,0.011043007485568523
Turn,160,dist_B1R_S1_roll_mean,0.010846786201000214
Turn,161,dist_B1L_H1L,0.010710187256336212
Turn,162,dist_H2L_tail_roll_std,0.010609589517116547
Turn,163,dist_B1R_tail_roll_std,0.01058667991310358
Turn,164,dist_B1R_B2R_roll_sum,0.010452155023813248
Turn,165,B3R_y_t-2,0.010415411554276943
Turn,166,dist_S1_S2,0.010361784137785435
Turn,167,S2_velocity_roll_std,0.010358307510614395
Turn,168,B1R_y_t-5,0.010310162790119648
Turn,169,dist_B2R_H2L_roll_mean,0.010263988748192787
Turn,170,dist_B1L_tail_roll_std,0.010105778463184834
Turn,171,dist_B2R_B3L_roll_mean,0.010071997530758381
Turn,172,B2L_velocity,0.010027877055108547
Turn,173,B2L_x_roll_std,0.009975909255445004
Turn,174,B2L_x_t-5,0.009889551438391209
Turn,175,dist_B2L_H1R_roll_std,0.009809340350329876
Turn,176,global_body_angle,0.00977213867008686
Turn,177,S2_x_t-4,0.009764478541910648
Turn,178,H1R_x,0.009699868969619274
Turn,179,centroid_displacement_5,0.009670335799455643
Turn,180,dist_B1L_H2R_roll_mean,0.009547729045152664
Turn,181,dist_H2R_S1,0.009454050101339817
Turn,182,dist_B1L_S2_roll_std,0.009322780184447765
Turn,183,dist_B2R_B3R_roll_std,0.009251111187040806
Turn,184,B2R_velocity_roll_mean,0.00918178167194128
Turn,185,dist_H1R_H2R,0.009125206619501114
Turn,186,dist_B2R_B3L_roll_std,0.009010783396661282
Turn,187,H1L_velocity_roll_std,0.008830861188471317
Turn,188,dist_B1L_H1L_roll_mean,0.008743280544877052
Turn,189,B3L_x_t-4,0.008632360026240349
Turn,190,global_body_angular_velocity_roll_std,0.008611871860921383
Turn,191,dist_B2R_H1R_roll_mean,0.00850811880081892
Turn,192,global_body_angle_t-5,0.008431937545537949
Turn,193,dist_H2L_H2R,0.008426710031926632
Turn,194,dist_B3R_nose_roll_std,0.008424202911555767
Turn,195,dist_B1L_H2R,0.008422578684985638
Turn,196,angular_velocity_t-4,0.008336378261446953
Turn,197,B2R_x_t-1,0.008334796875715256
Turn,198,dist_B1L_B1R_roll_std,0.008333085104823112
Turn,199,S2_y_roll_std,0.008277876302599907
Turn,200,dist_B3L_tail_roll_std,0.008247370831668377
Turn,201,dist_B3L_S1_roll_std,0.008219973184168339
Turn,202,dist_B1R_H2R_roll_mean,0.008111917413771152
Turn,203,dist_B1L_B1R_roll_mean,0.00804674532264471
Turn,204,S1_x_roll_mean,0.008013312704861164
Turn,205,dist_S2_tail_roll_mean,0.00794567633420229
Turn,206,dist_B3R_H1R,0.007938535884022713
Turn,207,dist_B1L_tail,0.007932169362902641
Turn,208,dist_B1R_S1_roll_std,0.007910868152976036
Turn,209,B2R_y_t-5,0.007905041798949242
Turn,210,dist_B1L_B2R,0.00783237349241972
Turn,211,B2L_x_t-4,0.007776184473186731
Turn,212,B2R_velocity,0.007767369505017996
Turn,213,dist_S2_nose,0.00775526650249958
Turn,214,dist_B2L_H2L_roll_mean,0.00769364507868886
Turn,215,B1R_y_roll_sum,0.007680444046854973
Turn,216,B1L_y_t-5,0.00767630897462368
Turn,217,dist_H1L_tail,0.007629426196217537
Turn,218,dist_B1L_S2_roll_mean,0.007603073492646217
Turn,219,B2R_x_t-5,0.007601339370012283
Turn,220,angular_velocity_t-3,0.00759537611156702
Turn,221,S1_y_t-1,0.007592851296067238
Turn,222,nose_x_t-4,0.007575797848403454
Turn,223,S1_velocity_roll_mean,0.007554773706942797
Turn,224,global_body_angular_velocity_t-1,0.007543477229773998
Turn,225,dist_H2L_S1_roll_mean,0.00753003591671586
Turn,226,dist_H1R_S2_roll_std,0.007509311195462942
Turn,227,dist_B2L_S2_roll_mean,0.007470633368939161
Turn,228,dist_B2R_H1R_roll_std,0.0074645052663981915
Turn,229,dist_nose_tail_roll_mean,0.007438812870532274
Turn,230,dist_B1R_H2R,0.007427247241139412
Turn,231,dist_H1L_H2L,0.007284899242222309
Turn,232,dist_B1L_H2L,0.007206988986581564
Turn,233,B1R_y_roll_std,0.007163237780332565
Turn,234,B2L_x_t-1,0.0071535841561853886
Turn,235,H2L_y,0.007151901721954346
Turn,236,dist_H1L_nose_roll_mean,0.0071237534284591675
Turn,237,H2R_y_roll_std,0.007072619162499905
Turn,238,dist_B1L_H1R_roll_mean,0.007000002544373274
Turn,239,B1L_x_t-3,0.006986555643379688
Turn,240,dist_B1R_nose,0.0069328853860497475
Turn,241,dist_B3R_nose_roll_mean,0.00693266186863184
Turn,242,H2R_velocity_roll_std,0.006896712351590395
Turn,243,H1R_y_t-2,0.006832482758909464
Turn,244,dist_B1L_S2,0.006828767247498035
Turn,245,dist_H1R_H2L,0.006791289895772934
Turn,246,dist_H2L_H2R_roll_mean,0.006785778794437647
Turn,247,B3L_y_t-4,0.006758513394743204
Turn,248,B3L_y,0.006746151950210333
Turn,249,dist_B1R_H1L,0.006741844583302736
Turn,250,dist_B1L_H2L_roll_mean,0.006729710381478071
Turn,251,S2_x_t-5,0.0067241378128528595
Turn,252,dist_B1L_B3L,0.006716938689351082
Turn,253,dist_B1R_B2R_roll_mean,0.006700633093714714
Turn,254,dist_B3L_H2L,0.006696372292935848
Turn,255,dist_H2R_tail_roll_std,0.0066835591569542885
Turn,256,dist_B1L_H1R_roll_std,0.006624122615903616
Turn,257,centroid_velocity,0.006614535581320524
Turn,258,dist_B3L_S1,0.006580903194844723
Turn,259,nose_x_roll_std,0.006574978586286306
Turn,260,nose_y_roll_mean,0.006572214420884848
Turn,261,B1R_x_roll_mean,0.006489540450274944
Turn,262,H1L_y_roll_std,0.006418817210942507
Turn,263,centroid_y,0.006398318335413933
Turn,264,global_body_angular_velocity_t-4,0.006396203767508268
Turn,265,dist_nose_tail_roll_std,0.006310816388577223
Turn,266,dist_S1_tail_roll_mean,0.0062874373979866505
Turn,267,dist_H1R_H2R_roll_std,0.006243385374546051
Turn,268,dist_B3R_H2R_roll_sum,0.006241750903427601
Turn,269,nose_velocity,0.006237677298486233
Turn,270,H2L_x,0.006232325918972492
Turn,271,S1_y,0.006223532371222973
Turn,272,B2R_y_t-4,0.006203795317560434
Turn,273,H1R_y_roll_std,0.006189391016960144
Turn,274,B1L_x_t-5,0.006149010732769966
Turn,275,B1L_y,0.006096126977354288
Turn,276,dist_B1R_S2_roll_sum,0.006093773525208235
Turn,277,dist_B1L_nose_roll_std,0.006085942965000868
Turn,278,B2R_x_t-4,0.006066452246159315
Turn,279,B1L_x_roll_std,0.006050747353583574
Turn,280,dist_B1R_B3R_roll_mean,0.006034653168171644
Turn,281,dist_B3L_H2L_roll_std,0.006028246134519577
Turn,282,B1L_y_t-3,0.006025882437825203
Turn,283,tail_x_t-5,0.006007061339914799
Turn,284,dist_H2R_tail_roll_sum,0.005986775271594524
Turn,285,nose_x_t-3,0.005972995888441801
Turn,286,centroid_x_roll_sum,0.005919078830629587
Turn,287,S1_x_t-4,0.0058743758127093315
Turn,288,nose_velocity_roll_std,0.005862034857273102
Turn,289,nose_x_t-2,0.005815464071929455
Turn,290,dist_B3L_nose_roll_mean,0.005809827707707882
Turn,291,dist_B1R_S2_roll_mean,0.005793924443423748
Turn,292,dist_B3L_H1L_roll_std,0.005783838219940662
Turn,293,dist_B3L_B3R_roll_mean,0.005756754893809557
Turn,294,B3R_x_roll_mean,0.0057250503450632095
Turn,295,S2_y_t-4,0.005713180638849735
Turn,296,dist_B3L_B3R,0.005691647529602051
Turn,297,dist_H2R_S1_roll_sum,0.0056854416616261005
Turn,298,dist_B3R_H2L_roll_std,0.005657634697854519
Turn,299,B1R_y_t-3,0.005647263489663601
Turn,300,dist_B2L_H1R,0.005647111218422651
Turn,301,H2R_x,0.005608260631561279
Turn,302,H2R_y_t-1,0.005592120811343193
Turn,303,dist_B2R_H1R,0.005563798360526562
Turn,304,B3L_velocity_roll_std,0.00553851155564189
Turn,305,dist_B2L_H2L_roll_std,0.005484492983669043
Turn,306,dist_H1L_H2R_roll_mean,0.005481176543980837
Turn,307,H2R_x_t-4,0.005477251950651407
Turn,308,B1L_velocity,0.005417719949036837
Turn,309,B3R_y_roll_sum,0.005409797187894583
Turn,310,dist_B1R_H1R_roll_mean,0.005403424613177776
Turn,311,H2R_x_t-5,0.00538091454654932
Turn,312,B1L_x_t-1,0.005351800471544266
Turn,313,B2R_y,0.005343561060726643
Turn,314,dist_B3R_S1_roll_std,0.005336882080882788
Turn,315,dist_B1L_B3R,0.005319465417414904
Turn,316,B3L_velocity,0.00529792346060276
Turn,317,H1L_y_t-2,0.005269439425319433
Turn,318,B2L_x_t-2,0.005258615128695965
Turn,319,tail_x_roll_std,0.005255169700831175
Turn,320,nose_y_t-4,0.005177407991141081
Turn,321,H2R_x_roll_std,0.005165739916265011
Turn,322,global_body_angular_velocity_roll_mean,0.005158844403922558
Turn,323,dist_H1L_H2R_roll_std,0.005152082070708275
Turn,324,dist_B3R_tail,0.005122761242091656
Turn,325,dist_B2R_B3L,0.0050895484164357185
Turn,326,B2R_y_t-1,0.0050891549326479435
Turn,327,global_body_angular_velocity_t-3,0.005080016795545816
Turn,328,S1_y_roll_sum,0.0050613475032150745
Turn,329,tail_velocity,0.00505361333489418
Turn,330,H1R_x_t-3,0.0050313533283770084
Turn,331,dist_B2L_S2,0.005001635290682316
Turn,332,B3L_x_roll_std,0.004998425021767616
Turn,333,orientation_angle_t-5,0.0049982257187366486
Turn,334,nose_y,0.00497558293864131
Turn,335,dist_B1L_tail_roll_mean,0.004943844862282276
Turn,336,dist_H1R_H2R_roll_mean,0.004937795922160149
Turn,337,dist_B1R_B3R_roll_sum,0.00491119222715497
Turn,338,H1R_velocity,0.004908859729766846
Turn,339,B3L_x,0.004897993989288807
Turn,340,dist_H2R_nose_roll_std,0.004861749242991209
Turn,341,H1R_x_roll_std,0.004851871635764837
Turn,342,dist_B2L_tail,0.004838345572352409
Turn,343,dist_B1L_B2L_roll_std,0.004836762323975563
Turn,344,dist_B3L_H2R,0.004810293670743704
Turn,345,dist_B1R_B2R,0.004786763805896044
Turn,346,H2L_x_t-2,0.004745976533740759
Turn,347,dist_B3R_H2R,0.004704826045781374
Turn,348,dist_B2L_B3L_roll_mean,0.004702734295278788
Turn,349,centroid_x_roll_std,0.004691251553595066
Turn,350,dist_B2L_nose_roll_mean,0.004667599685490131
Turn,351,dist_H1L_S1_roll_sum,0.004652205388993025
Turn,352,H2R_y_t-3,0.004641453269869089
Turn,353,centroid_velocity_roll_mean,0.004625312052667141
Turn,354,tail_y_roll_std,0.004611782263964415
Turn,355,dist_B2R_H2R_roll_mean,0.004608694463968277
Turn,356,S1_x_roll_sum,0.004602545872330666
Turn,357,dist_H1L_S2_roll_std,0.004601817578077316
Turn,358,H1L_velocity_roll_mean,0.004595960956066847
Turn,359,dist_B1L_S1_roll_mean,0.004593122284859419
Turn,360,dist_H2L_nose_roll_std,0.00457357382401824
Turn,361,centroid_y_roll_std,0.004562139976769686
Turn,362,dist_H1R_tail,0.00453482149168849
Turn,363,B1L_velocity_roll_mean,0.004508034326136112
Turn,364,B3R_velocity_roll_std,0.004505428951233625
Turn,365,dist_B3R_S2_roll_mean,0.004482583608478308
Turn,366,dist_B3L_nose,0.004476987291127443
Turn,367,B1L_y_roll_mean,0.0044678919948637486
Turn,368,dist_B2R_H1L,0.004449100699275732
Turn,369,H1L_x_roll_std,0.004448919557034969
Turn,370,dist_B1L_H1L_roll_std,0.004403301980346441
Turn,371,dist_B2L_S1,0.004397522192448378
Turn,372,dist_B2L_H1R_roll_mean,0.004395344760268927
Turn,373,global_body_angle_t-2,0.004381352569907904
Turn,374,dist_B3R_S1,0.0043452647514641285
Turn,375,nose_y_roll_std,0.004285817500203848
Turn,376,dist_B1L_B1R,0.0042763384990394115
Turn,377,dist_B1R_S1_roll_sum,0.004268356133252382
Turn,378,tail_velocity_roll_std,0.004226841032505035
Turn,379,B2R_x_roll_std,0.00421946169808507
Turn,380,dist_B2L_S1_roll_sum,0.004204713273793459
Turn,381,B1R_y,0.004150990396738052
Turn,382,dist_B1R_B2L_roll_mean,0.004147469066083431
Turn,383,B1R_x_roll_std,0.004143709782510996
Turn,384,dist_H2L_S2,0.004141754005104303
Turn,385,dist_B3L_H2L_roll_sum,0.004121051635593176
Turn,386,dist_B2R_B3R_roll_sum,0.004107160959392786
Turn,387,S1_x_t-5,0.0041041201911866665
Turn,388,dist_B2L_B3L,0.0041030696593225
Turn,389,B1R_x_t-1,0.0040950533002614975
Turn,390,dist_B1L_B3L_roll_std,0.004091945476830006
Turn,391,dist_B1R_H1R_roll_std,0.0040477872826159
Turn,392,dist_B1L_H2R_roll_sum,0.004025944974273443
Turn,393,tail_y_t-1,0.004020448308438063
Turn,394,dist_B1L_B2L_roll_sum,0.003977177198976278
Turn,395,H2L_y_t-3,0.003968394361436367
Turn,396,dist_B1R_H1L_roll_mean,0.0039476919919252396
Turn,397,dist_B1L_H1L_roll_sum,0.0039444477297365665
Turn,398,dist_B1R_H2L_roll_mean,0.003933223430067301
Turn,399,dist_B1R_H2L,0.003931553568691015
Turn,400,dist_H2R_nose,0.0039034555666148663
Turn,401,H1R_y_t-1,0.003899072529748082
Turn,402,dist_B3R_H1R_roll_std,0.003894518129527569
Turn,403,dist_B3L_B3R_roll_sum,0.0038923288229852915
Turn,404,B1R_y_t-1,0.0038692837115377188
Turn,405,H2R_y_roll_sum,0.003868538187816739
Turn,406,tail_y_t-3,0.0038635381497442722
Turn,407,dist_H2L_S1,0.003840053454041481
Turn,408,H1R_velocity_roll_sum,0.003792866598814726
Turn,409,dist_B1L_B2L_roll_mean,0.0037442417815327644
Turn,410,B1R_x_t-2,0.0037421323359012604
Turn,411,dist_B3L_H1R,0.003728715004399419
Turn,412,dist_H1L_S1_roll_std,0.0037173330783843994
Turn,413,H1R_y_t-5,0.0037061001639813185
Turn,414,dist_H2R_S1_roll_std,0.0036974118556827307
Turn,415,H2R_x_roll_sum,0.0036924555897712708
Turn,416,global_body_angle_t-3,0.0036557463463395834
Turn,417,dist_H2L_S2_roll_sum,0.0036402742844074965
Turn,418,dist_B3L_H2R_roll_mean,0.0036250127013772726
Turn,419,nose_x_t-5,0.00361882452853024
Turn,420,dist_B1R_nose_roll_mean,0.0036183136980980635
Turn,421,B2L_y_t-4,0.0036105841863900423
Turn,422,B3L_y_roll_mean,0.003576243994757533
Turn,423,dist_B3L_nose_roll_sum,0.003570795990526676
Turn,424,B3R_y,0.0035641666036099195
Turn,425,dist_H2R_nose_roll_mean,0.0035497734788805246
Turn,426,dist_B2L_H2L,0.0035286282654851675
Turn,427,dist_S1_nose_roll_mean,0.003516062628477812
Turn,428,B1R_y_roll_mean,0.003494192846119404
Turn,429,dist_B1L_B1R_roll_sum,0.0034767042379826307
Turn,430,H2L_x_t-5,0.00346500426530838
Turn,431,tail_x,0.003449349896982312
Turn,432,dist_B1L_nose_roll_sum,0.0034349809866398573
Turn,433,B1R_velocity_roll_std,0.0034011825919151306
Turn,434,dist_S2_nose_roll_std,0.0033961946610361338
Turn,435,S2_y_t-2,0.003394891507923603
Turn,436,H2L_x_t-1,0.0033915562089532614
Turn,437,B2L_velocity_roll_std,0.0033906379248946905
Turn,438,dist_B2L_B3L_roll_std,0.00336861633695662
Turn,439,H1L_y_t-4,0.0033611906692385674
Turn,440,H1L_y_t-3,0.0033240444026887417
Turn,441,S2_x_roll_std,0.003322964534163475
Turn,442,dist_B1L_B3R_roll_mean,0.0033046528697013855
Turn,443,global_body_angular_velocity_t-2,0.003262848826125264
Turn,444,dist_H1R_S2_roll_sum,0.0032577370293438435
Turn,445,dist_B3R_S1_roll_mean,0.0032559502869844437
Turn,446,B1R_x_t-5,0.0032445432152599096
Turn,447,dist_H1L_tail_roll_mean,0.003228330984711647
Turn,448,dist_H1R_H2R_roll_sum,0.0032197567634284496
Turn,449,global_body_angle_t-1,0.003169260686263442
Turn,450,B2R_velocity_roll_std,0.003162499750033021
Turn,451,centroid_x_roll_mean,0.0031268252059817314
Turn,452,B3R_x_t-3,0.0031162414234131575
Turn,453,B2L_y_t-2,0.003113246988505125
Turn,454,H2L_y_roll_std,0.003089914098381996
Turn,455,dist_B3L_nose_roll_std,0.003085031174123287
Turn,456,B3R_y_roll_mean,0.0030529149807989597
Turn,457,dist_S1_S2_roll_std,0.0030386699363589287
Turn,458,dist_H1R_S1_roll_std,0.003016459057107568
Turn,459,S2_y_t-5,0.003000951837748289
Turn,460,dist_B1R_B3R_roll_std,0.002999153221026063
Turn,461,H1L_y_roll_mean,0.0029643187299370766
Turn,462,dist_B1R_B2L_roll_sum,0.002949935384094715
Turn,463,H1L_x_t-1,0.002939446596428752
Turn,464,dist_B3L_H2L_roll_mean,0.0029240399599075317
Turn,465,dist_H2L_nose_roll_mean,0.0029141921550035477
Turn,466,H2R_y_t-4,0.002837885869666934
Turn,467,dist_B1R_H1R,0.00282484432682395
Turn,468,dist_H1L_H2L_roll_sum,0.002823138376697898
Turn,469,B3L_y_t-5,0.0028163031674921513
Turn,470,dist_B2L_nose_roll_std,0.00281366310082376
Turn,471,H2L_y_t-4,0.002802440198138356
Turn,472,dist_B2L_H1R_roll_sum,0.002795891370624304
Turn,473,dist_H1L_H1R_roll_sum,0.0027937861159443855
Turn,474,dist_B2L_H2R_roll_mean,0.002791633829474449
Turn,475,dist_B3L_S2_roll_sum,0.0027719896752387285
Turn,476,dist_B2R_nose_roll_std,0.0027521678712219
Turn,477,dist_B2R_H2R_roll_sum,0.00271483208052814
Turn,478,dist_H1R_tail_roll_mean,0.0027064781170338392
Turn,479,H1L_y_t-1,0.0026836537290364504
Turn,480,dist_H1R_S2,0.00267960992641747
Turn,481,H1L_x_t-5,0.0026592833455652
Turn,482,S2_x_t-1,0.0026280968450009823
Turn,483,dist_B3R_H2L,0.0026222551241517067
Turn,484,dist_B3R_H1L_roll_sum,0.0025771590881049633
Turn,485,centroid_y_roll_mean,0.0025608043652027845
Turn,486,dist_B1R_nose_roll_std,0.002529875608161092
Turn,487,dist_H2L_S1_roll_sum,0.002506710821762681
Turn,488,dist_B1L_H1R_roll_sum,0.0024839940015226603
Turn,489,H2L_y_t-2,0.0024821795523166656
Turn,490,dist_S1_tail,0.002474626526236534
Turn,491,H2L_velocity_roll_std,0.0024703540839254856
Turn,492,dist_B2L_H1L_roll_mean,0.0024657375179231167
Turn,493,H1R_x_t-4,0.0024639731273055077
Turn,494,dist_B2R_H1L_roll_std,0.002422773977741599
Turn,495,dist_B3L_H1L,0.0023762851487845182
Turn,496,global_body_angle_roll_std,0.0023687579669058323
Turn,497,orientation_angle_t-4,0.002349155256524682
Turn,498,dist_B1R_H2R_roll_sum,0.0022670277394354343
Turn,499,dist_B3R_H2L_roll_mean,0.002258957363665104
Turn,500,dist_B2L_nose_roll_sum,0.0022580772638320923
Turn,501,dist_H1L_S2,0.002247561700642109
Turn,502,B2R_x_t-2,0.0022458171006292105
Turn,503,S2_velocity_roll_mean,0.0022372151724994183
Turn,504,dist_B2R_S1_roll_mean,0.002224392257630825
Turn,505,B3R_x_roll_std,0.002208147896453738
Turn,506,H1L_x_t-3,0.002202659146860242
Turn,507,global_body_angle_roll_mean,0.0021868597250431776
Turn,508,global_body_angle_t-4,0.002169943181797862
Turn,509,B2R_x,0.002165232552215457
Turn,510,dist_B1L_S2_roll_sum,0.0021579924505203962
Turn,511,dist_H1L_tail_roll_std,0.0021498273126780987
Turn,512,dist_B3R_H2L_roll_sum,0.0021481174044311047
Turn,513,dist_H1R_S2_roll_mean,0.002139313379302621
Turn,514,B1L_y_t-4,0.0021351920440793037
Turn,515,dist_B3L_tail_roll_sum,0.0021332139149308205
Turn,516,S1_y_t-2,0.0021155239082872868
Turn,517,dist_H2L_nose,0.00210933038033545
Turn,518,B2L_y_t-1,0.0021036339458078146
Turn,519,dist_B1L_B3R_roll_std,0.002089457819238305
Turn,520,dist_B1L_nose,0.0020661158487200737
Turn,521,H1R_y_t-4,0.0020427170675247908
Turn,522,H2L_x_t-3,0.0020221092272549868
Turn,523,dist_B3L_H1R_roll_mean,0.0020162840373814106
Turn,524,B2R_x_t-3,0.002010129392147064
Turn,525,B3L_x_t-2,0.001959544839337468
Turn,526,tail_x_t-4,0.0019030944677069783
Turn,527,B3R_x,0.00189448322635144
Turn,528,B2L_x,0.0018844656879082322
Turn,529,B1R_y_t-4,0.0018789605237543583
Turn,530,H1R_y,0.0018715972546488047
Turn,531,B2R_x_roll_mean,0.0018698887433856726
Turn,532,H2L_x_roll_std,0.0018567218212410808
Turn,533,B3L_velocity_roll_mean,0.001853921334259212
Turn,534,dist_B3R_nose,0.0018287686398252845
Turn,535,tail_y_t-2,0.0017834082245826721
Turn,536,tail_y_roll_mean,0.0017702472396194935
Turn,537,B1L_y_roll_std,0.0017502743285149336
Turn,538,dist_B2R_H2L_roll_sum,0.0017274963902309537
Turn,539,tail_x_t-1,0.0016933291917666793
Turn,540,B2R_x_roll_sum,0.0016930155688896775
Turn,541,dist_S1_S2_roll_mean,0.0016670471522957087
Turn,542,dist_B3R_H1L_roll_std,0.0016656576190143824
Turn,543,B3L_x_t-5,0.0016146242851391435
Turn,544,dist_B1R_B3L_roll_mean,0.0015964691992849112
Turn,545,B2R_y_t-3,0.0015963608166202903
Turn,546,dist_H1L_S2_roll_mean,0.0015798392705619335
Turn,547,nose_y_t-2,0.0015549627132713795
Turn,548,B1L_x_t-4,0.001517403987236321
Turn,549,dist_B1R_tail,0.0014680121093988419
Turn,550,dist_B2L_nose,0.0014665041817352176
Turn,551,dist_B1L_B2R_roll_mean,0.0014599075075238943
Turn,552,dist_B3L_H1R_roll_sum,0.0014562960714101791
Turn,553,H2R_y_roll_mean,0.0014502604026347399
Turn,554,dist_S1_S2_roll_sum,0.001445899368263781
Turn,555,orientation_angle_t-3,0.0014172649243846536
Turn,556,dist_H2L_nose_roll_sum,0.0014146266039460897
Turn,557,dist_B1L_B3R_roll_sum,0.001413667923770845
Turn,558,B1L_y_t-1,0.0014084515860304236
Turn,559,H2L_x_roll_mean,0.0013860980980098248
Turn,560,B3L_x_roll_mean,0.0013821179745718837
Turn,561,dist_B3R_tail_roll_sum,0.0013799391454085708
Turn,562,dist_H1L_H2L_roll_mean,0.0013705280143767595
Turn,563,dist_B1R_B3L,0.0013593349140137434
Turn,564,B3R_x_t-1,0.0013185034040361643
Turn,565,B1R_x_t-4,0.0013117956696078181
Turn,566,B3R_x_t-4,0.0013006686931475997
Turn,567,dist_S2_nose_roll_mean,0.0012849599588662386
Turn,568,dist_H1L_H1R,0.0012504482874646783
Turn,569,orientation_angle,0.0012412406504154205
Turn,570,dist_B1R_tail_roll_mean,0.0012375760124996305
Turn,571,H2L_velocity,0.0012277406640350819
Turn,572,dist_B2R_H2L,0.001224346226081252
Turn,573,tail_x_t-3,0.0012218552874401212
Turn,574,dist_B1L_nose_roll_mean,0.0011757788015529513
Turn,575,nose_x,0.0011753278085961938
Turn,576,B3R_y_t-3,0.001175286015495658
Turn,577,B3L_x_t-1,0.0011617594864219427
Turn,578,H1L_x_t-2,0.0011597995180636644
Turn,579,B3R_y_t-1,0.0011569323251023889
Turn,580,B1L_x_t-2,0.0011239917948842049
Turn,581,nose_y_t-5,0.0010780792217701674
Turn,582,dist_B1R_B3L_roll_sum,0.00104893883690238
Turn,583,dist_B2R_H2L_roll_std,0.0010411613620817661
Turn,584,orientation_angle_t-1,0.001036464935168624
Turn,585,B1L_x_roll_mean,0.0010287354234606028
Turn,586,B3R_y_t-4,0.0010182803962379694
Turn,587,S2_y_t-3,0.001017485512420535
Turn,588,H2R_x_t-1,0.001003354205749929
Turn,589,dist_B3L_H1L_roll_mean,0.0010032275458797812
Turn,590,H2L_x_t-4,0.0010001090122386813
Turn,591,S2_x_t-2,0.0009890610817819834
Turn,592,tail_y_t-5,0.00093373580602929
Turn,593,B3L_y_t-1,0.0009110060636885464
Turn,594,B3R_velocity_roll_mean,0.0009028219501487911
Turn,595,B2L_y_t-3,0.0008885738207027316
Turn,596,dist_H2L_S2_roll_std,0.0008615981787443161
Turn,597,B2R_y_t-2,0.0008561835275031626
Turn,598,orientation_angle_t-2,0.0008371517178602517
Turn,599,B3L_y_t-2,0.000819974287878722
Turn,600,B2L_y_roll_sum,0.0008115910459309816
Turn,601,dist_B3R_H2R_roll_mean,0.0008061621920205653
Turn,602,dist_H1R_S1_roll_sum,0.0008052489720284939
Turn,603,dist_B2R_H1L_roll_mean,0.0008007875294424593
Turn,604,dist_B2R_nose,0.0007886358653195202
Turn,605,S2_x_t-3,0.0007828895468264818
Turn,606,H1R_x_roll_mean,0.0007631807820871472
Turn,607,H1R_x_roll_sum,0.0007610226166434586
Turn,608,dist_H2L_S2_roll_mean,0.0007376880384981632
Turn,609,dist_B3R_H1R_roll_mean,0.000713370565790683
Turn,610,H1L_x,0.0007130381418392062
Turn,611,dist_H2R_S2_roll_mean,0.0006973390700295568
Turn,612,dist_B2L_tail_roll_sum,0.0006123327766545117
Turn,613,H1R_velocity_roll_mean,0.0006076463614590466
Turn,614,dist_B1L_S1_roll_sum,0.0005971798673272133
Turn,615,dist_S2_tail_roll_sum,0.0005673498380929232
Turn,616,dist_B3L_H1R_roll_std,0.000548014126252383
Turn,617,H2R_velocity,0.0005457471706904471
Turn,618,B3R_y_t-5,0.0005215061246417463
Turn,619,H1R_x_t-1,0.0005170884542167187
Turn,620,S2_y_t-1,0.00047992318286560476
Turn,621,B3R_x_t-5,0.0004706686013378203
Turn,622,dist_B1L_B3L_roll_mean,0.0004433125432115048
Turn,623,global_body_angle_roll_sum,0.00043999822810292244
Turn,624,dist_B2L_H2R,0.00043188611743971705
Turn,625,B3L_x_t-3,0.0004307290946599096
Turn,626,dist_H1L_H2R_roll_sum,0.00039253331487998366
Turn,627,S2_y_roll_mean,0.0003905245685018599
Turn,628,H2R_x_t-3,0.00036733353044837713
Turn,629,H1R_x_t-2,0.0003130665863864124
Turn,630,nose_x_roll_mean,0.0003020961885340512
Turn,631,H1R_y_t-3,0.00027713252347894013
Turn,632,tail_x_roll_mean,0.0002630122471600771
Turn,633,B3R_x_t-2,0.0002510728663764894
Turn,634,B1R_x_t-3,0.00024325191043317318
Turn,635,tail_x_t-2,0.0002077196113532409
Turn,636,dist_B2R_H2R,0.0001706182665657252
Turn,637,dist_H2R_tail_roll_mean,0.00016332967788912356
Turn,638,dist_H2L_tail_roll_mean,0.00012002557923551649
Turn,639,centroid_x,8.788532431935892e-05
Turn,640,H1R_y_roll_mean,6.862132431706414e-05
Turn,641,B3L_y_t-3,5.9015794249717146e-05
Turn,642,S2_x_roll_mean,4.631036063074134e-05
Turn,643,H1R_y_roll_sum,0.0
Turn,644,H2L_x_roll_sum,0.0
Turn,645,dist_H2L_H2R_roll_sum,0.0
Turn,646,dist_H1R_nose_roll_sum,0.0
Turn,647,B1L_velocity_roll_sum,0.0
Turn,648,dist_H2L_tail_roll_sum,0.0
Turn,649,S2_x_roll_sum,0.0
Turn,650,H2L_y_roll_sum,0.0
Turn,651,nose_y_roll_sum,0.0
Turn,652,tail_x_roll_sum,0.0
Turn,653,tail_y_roll_sum,0.0
Turn,654,dist_H1L_tail_roll_sum,0.0
Turn,655,dist_B1R_nose_roll_sum,0.0
Turn,656,dist_B1R_tail_roll_sum,0.0
Turn,657,H1R_x_t-5,0.0
Turn,658,dist_B2L_H2R_roll_sum,0.0
Turn,659,dist_B3R_H1L_roll_mean,0.0
Turn,660,dist_B2R_nose_roll_sum,0.0
Turn,661,dist_B2R_tail_roll_sum,0.0
Turn,662,dist_B2R_S1_roll_sum,0.0
Turn,663,dist_B2R_H1L_roll_sum,0.0
Turn,664,dist_B1R_H1L_roll_sum,0.0
Turn,665,dist_B1R_H1R_roll_sum,0.0
Turn,666,dist_B1R_H2L_roll_sum,0.0
Turn,667,centroid_y_roll_sum,0.0
Turn,668,dist_B1L_B3L_roll_sum,0.0
Turn,669,global_body_angular_velocity_roll_sum,0.0
Turn,670,B1L_x_roll_sum,0.0
Turn,671,H2R_y_t-2,0.0
Turn,672,dist_B2L_H1L_roll_sum,0.0
Turn,673,dist_B2L_S2_roll_sum,0.0
Turn,674,dist_B2L_H2L_roll_sum,0.0
Turn,675,dist_B1L_B2R_roll_sum,0.0
Turn,676,H2L_y_t-1,0.0
Turn,677,nose_x_t-1,0.0
Turn,678,nose_y_t-1,0.0
Turn,679,dist_B3L_H2R_roll_sum,0.0
Turn,680,dist_B3L_H1L_roll_sum,0.0
Turn,681,B1L_y_roll_sum,0.0
Turn,682,dist_H2R_S2_roll_sum,0.0
Turn,683,dist_H2R_nose_roll_sum,0.0
Turn,684,dist_S1_tail_roll_sum,0.0
Turn,685,dist_S2_nose_roll_sum,0.0
Turn,686,B1R_x_roll_sum,0.0
Turn,687,B2R_y_roll_mean,0.0
Turn,688,B2R_y_roll_sum,0.0
Turn,689,B3L_x_roll_sum,0.0
Turn,690,B2L_x_roll_sum,0.0
Turn,691,B3R_velocity_roll_sum,0.0
Turn,692,H1R_velocity_roll_std,0.0
Turn,693,B2R_velocity_roll_sum,0.0
Turn,694,B3L_velocity_roll_sum,0.0
Turn,695,S1_velocity_roll_sum,0.0
Turn,696,S2_velocity_roll_sum,0.0
Turn,697,H2L_velocity_roll_mean,0.0
Turn,698,H2L_velocity_roll_sum,0.0
Turn,699,H2R_velocity_roll_sum,0.0
Turn,700,dist_B3R_nose_roll_sum,0.0
Turn,701,dist_B3R_S1_roll_sum,0.0
Turn,702,dist_H1L_S2_roll_sum,0.0
Turn,703,H1L_x_roll_sum,0.0
Turn,704,H1L_y_roll_sum,0.0
Turn,705,B3L_y_roll_sum,0.0
Turn,706,B3R_x_roll_sum,0.0
Turn,707,dist_H1R_tail_roll_sum,0.0
Turn,708,dist_H1R_H2L_roll_sum,0.0
Turn,709,dist_H1L_nose_roll_sum,0.0
Turn,710,tail_y_t-4,0.0
Turn,711,dist_B1L_H2L_roll_sum,0.0
Turn,712,dist_B1L_tail_roll_sum,0.0
Turn,713,dist_B3R_H1R_roll_sum,0.0
Turn,714,dist_B2R_H1R_roll_sum,0.0
Turn,715,nose_x_roll_sum,0.0
Turn,716,S2_y_roll_sum,0.0
Turn,717,dist_S1_nose_roll_sum,0.0
Turn,718,dist_nose_tail_roll_sum,0.0
Turn,719,H2L_y_roll_mean,0.0
No labeled,1,dist_B2R_S2_roll_mean,0.0663033276796341
No labeled,2,dist_B2L_B3R_roll_mean,0.055926673114299774
No labeled,3,angular_velocity,0.05546622350811958
No labeled,4,dist_B2R_B3R_roll_mean,0.05457420274615288
No labeled,5,H1R_velocity_roll_mean,0.048680927604436874
No labeled,6,dist_B1R_S1_roll_mean,0.04783612862229347
No labeled,7,dist_B3R_S2_roll_mean,0.04783213511109352
No labeled,8,dist_H1R_nose,0.04289157688617706
No labeled,9,tail_velocity,0.04241533949971199
No labeled,10,dist_B2R_B3R,0.04199258238077164
No labeled,11,H1L_velocity_roll_mean,0.041305456310510635
No labeled,12,B1L_y_roll_mean,0.038805846124887466
No labeled,13,dist_B1L_H2R_roll_mean,0.038466159254312515
No labeled,14,dist_H1L_H2R_roll_std,0.03803234547376633
No labeled,15,nose_velocity_roll_mean,0.03682944178581238
No labeled,16,dist_B2L_H2R_roll_std,0.03551742434501648
No labeled,17,dist_B3R_tail_roll_mean,0.034712083637714386
No labeled,18,dist_B2L_B2R,0.0338326096534729
No labeled,19,B1L_velocity,0.03335215151309967
No labeled,20,dist_B1R_S1,0.03249707072973251
No labeled,21,dist_B3L_S2,0.031469862908124924
No labeled,22,dist_B1L_tail_roll_std,0.03101368620991707
No labeled,23,dist_B3L_S1_roll_mean,0.03042377158999443
No labeled,24,dist_B3L_B3R_roll_std,0.02926461026072502
No labeled,25,dist_B1R_B2R,0.028587492182850838
No labeled,26,dist_B2L_B3L_roll_mean,0.028105134144425392
No labeled,27,dist_B1L_B1R_roll_mean,0.027197133749723434
No labeled,28,dist_B1L_H1L_roll_std,0.026722382754087448
No labeled,29,B2R_velocity,0.026601651683449745
No labeled,30,B2L_y_t-1,0.025057673454284668
No labeled,31,dist_B3L_B3R_roll_sum,0.02435319311916828
No labeled,32,dist_B2L_H1R_roll_std,0.02404060773551464
No labeled,33,B2L_y_t-2,0.023691071197390556
No labeled,34,S1_x_roll_std,0.023357409983873367
No labeled,35,dist_H2R_S1_roll_std,0.022978652268648148
No labeled,36,dist_B2R_B3L_roll_std,0.02283863164484501
No labeled,37,nose_y_t-1,0.02256688103079796
No labeled,38,centroid_displacement_5,0.02188042178750038
No labeled,39,dist_B3L_H2R_roll_std,0.021288642659783363
No labeled,40,dist_B1R_S1_roll_std,0.020887693390250206
No labeled,41,B1L_y_roll_std,0.020576098933815956
No labeled,42,dist_B3L_tail_roll_mean,0.020490681752562523
No labeled,43,dist_H2L_H2R_roll_std,0.020349320024251938
No labeled,44,B2L_x_t-1,0.02030484937131405
No labeled,45,B3R_velocity,0.02023596316576004
No labeled,46,global_body_angular_velocity,0.020206237211823463
No labeled,47,dist_B3L_B3R,0.01983390375971794
No labeled,48,B1R_velocity_roll_std,0.01966233365237713
No labeled,49,B1R_y_t-2,0.019472960382699966
No labeled,50,dist_B1R_B2L_roll_sum,0.01932697370648384
No labeled,51,centroid_velocity_roll_sum,0.0192380640655756
No labeled,52,dist_S2_tail,0.0188344307243824
No labeled,53,H2R_velocity_roll_mean,0.018461301922798157
No labeled,54,dist_B1R_H2L,0.017884181812405586
No labeled,55,dist_B1R_H2R_roll_mean,0.01782703585922718
No labeled,56,dist_B3L_tail_roll_std,0.017592638731002808
No labeled,57,dist_B2R_tail_roll_std,0.017592519521713257
No labeled,58,centroid_x_roll_std,0.017584774643182755
No labeled,59,dist_H1L_H2R_roll_mean,0.01746760495007038
No labeled,60,dist_B1R_B2L,0.017443733289837837
No labeled,61,S1_velocity_roll_std,0.017298240214586258
No labeled,62,dist_B2L_tail_roll_std,0.017210261896252632
No labeled,63,H2R_y_roll_std,0.017047477886080742
No labeled,64,dist_H1L_nose_roll_std,0.016920721158385277
No labeled,65,B3L_velocity_roll_std,0.01673227548599243
No labeled,66,S2_y_t-4,0.01671350933611393
No labeled,67,B1R_y,0.016707636415958405
No labeled,68,dist_B1L_S1_roll_sum,0.016614649444818497
No labeled,69,dist_B2L_S2_roll_std,0.016564706340432167
No labeled,70,dist_H2R_S2_roll_mean,0.016150621697306633
No labeled,71,dist_B1L_S1_roll_mean,0.01613655686378479
No labeled,72,dist_H2R_nose_roll_std,0.015830304473638535
No labeled,73,S1_y,0.015685204416513443
No labeled,74,dist_B1L_B2R,0.015642333775758743
No labeled,75,H1L_x_roll_std,0.015431554056704044
No labeled,76,dist_B2R_S1_roll_std,0.015336990356445312
No labeled,77,dist_B1R_B3L_roll_std,0.015151012688875198
No labeled,78,dist_B1L_nose_roll_std,0.015031561255455017
No labeled,79,dist_B2R_tail,0.014921706169843674
No labeled,80,dist_B2L_B3R_roll_sum,0.014905489981174469
No labeled,81,dist_B2L_S1_roll_mean,0.014722815714776516
No labeled,82,dist_B1L_B1R,0.014633984304964542
No labeled,83,dist_B1R_B2L_roll_std,0.014606057666242123
No labeled,84,dist_H2R_nose_roll_sum,0.014567861333489418
No labeled,85,B3R_velocity_roll_std,0.014451214112341404
No labeled,86,dist_H2R_tail_roll_std,0.014354879036545753
No labeled,87,dist_B2R_S2_roll_std,0.014087428338825703
No labeled,88,dist_B1L_B1R_roll_std,0.014030826278030872
No labeled,89,dist_B3L_H2L_roll_std,0.013997639529407024
No labeled,90,dist_B3R_tail_roll_std,0.013822408393025398
No labeled,91,dist_B3R_H2L_roll_std,0.013642742298543453
No labeled,92,dist_B2L_B3R,0.013346592895686626
No labeled,93,H2L_velocity_roll_std,0.01326630637049675
No labeled,94,dist_B1L_B2R_roll_mean,0.013250735588371754
No labeled,95,B3L_x_t-4,0.013240215368568897
No labeled,96,global_body_angular_velocity_roll_std,0.012917302548885345
No labeled,97,dist_B1L_H2L_roll_std,0.012872620485723019
No labeled,98,dist_B1R_B3R,0.012864974327385426
No labeled,99,dist_B3R_S2,0.012853022664785385
No labeled,100,dist_H2R_nose_roll_mean,0.012813456356525421
No labeled,101,dist_H1R_tail_roll_std,0.01266498863697052
No labeled,102,B1L_x_roll_std,0.0125729413703084
No labeled,103,dist_B3L_S2_roll_mean,0.012563368305563927
No labeled,104,S1_x,0.012519914656877518
No labeled,105,dist_B2L_H1R_roll_mean,0.01251003984361887
No labeled,106,dist_S1_nose_roll_std,0.012451413087546825
No labeled,107,dist_B3L_H1R_roll_std,0.012363548390567303
No labeled,108,dist_B3R_tail,0.012263736687600613
No labeled,109,dist_B2R_nose_roll_sum,0.012196434661746025
No labeled,110,dist_B1R_H2R_roll_std,0.012065514922142029
No labeled,111,dist_B3R_S1,0.01202517468482256
No labeled,112,B2L_x_t-4,0.012011678889393806
No labeled,113,H1L_y_roll_std,0.011979518458247185
No labeled,114,dist_H2R_tail,0.01196452509611845
No labeled,115,dist_B1L_H2R_roll_std,0.011948931030929089
No labeled,116,dist_B1L_S1_roll_std,0.011918030679225922
No labeled,117,dist_B3L_tail_roll_sum,0.011917398311197758
No labeled,118,dist_H1L_tail_roll_std,0.011893927119672298
No labeled,119,dist_B1L_H1R_roll_std,0.011820286512374878
No labeled,120,dist_H1R_H2R,0.011815289035439491
No labeled,121,dist_B1L_S2,0.011807544156908989
No labeled,122,dist_B1R_S2_roll_std,0.01180274598300457
No labeled,123,dist_S1_S2,0.011677224189043045
No labeled,124,dist_B3L_tail,0.011643758974969387
No labeled,125,dist_B1L_B2R_roll_sum,0.011577735655009747
No labeled,126,H2L_y,0.011510724201798439
No labeled,127,B2L_x,0.011490664444863796
No labeled,128,dist_H2L_S2_roll_sum,0.011407947167754173
No labeled,129,dist_H1R_H2L_roll_std,0.011365811340510845
No labeled,130,dist_H2L_tail_roll_std,0.011320074088871479
No labeled,131,dist_B2L_B3L,0.011203622445464134
No labeled,132,dist_B1R_H2L_roll_mean,0.011098434217274189
No labeled,133,dist_B1L_B2R_roll_std,0.011064175516366959
No labeled,134,H2L_velocity,0.011031349189579487
No labeled,135,dist_S2_nose_roll_std,0.01097519975155592
No labeled,136,tail_x_t-2,0.01093553751707077
No labeled,137,global_body_angular_velocity_t-1,0.010843324474990368
No labeled,138,dist_B1L_H1L_roll_mean,0.010821308940649033
No labeled,139,dist_B3R_H1L_roll_mean,0.010769831947982311
No labeled,140,dist_B3R_H1R_roll_std,0.010757534764707088
No labeled,141,S1_y_t-5,0.010742509737610817
No labeled,142,dist_B2R_B3R_roll_sum,0.01068820059299469
No labeled,143,dist_B1R_tail,0.010687495581805706
No labeled,144,dist_H1L_S1_roll_std,0.01068322453647852
No labeled,145,S1_x_t-1,0.01063975878059864
No labeled,146,dist_H1R_nose_roll_mean,0.010618235915899277
No labeled,147,dist_B1R_tail_roll_sum,0.010606998577713966
No labeled,148,H2L_x_t-1,0.010506954044103622
No labeled,149,S1_y_t-1,0.010470230132341385
No labeled,150,dist_B1R_H1L,0.010400778613984585
No labeled,151,dist_H1L_nose,0.010347838513553143
No labeled,152,H1L_x_t-2,0.01029666792601347
No labeled,153,global_body_angular_velocity_roll_sum,0.010272577404975891
No labeled,154,angular_velocity_t-5,0.010229199193418026
No labeled,155,nose_x_t-2,0.0102265365421772
No labeled,156,nose_y_t-2,0.010186836123466492
No labeled,157,dist_S1_nose_roll_sum,0.010104548186063766
No labeled,158,B1L_x_roll_mean,0.010029565542936325
No labeled,159,dist_B3L_B3R_roll_mean,0.00997353345155716
No labeled,160,dist_B3L_S1,0.009964230470359325
No labeled,161,dist_B1L_B2L,0.009931894019246101
No labeled,162,nose_velocity,0.009866268374025822
No labeled,163,dist_B1R_B2L_roll_mean,0.009806419722735882
No labeled,164,dist_B1R_S1_roll_sum,0.009791674092411995
No labeled,165,tail_velocity_roll_std,0.00977466069161892
No labeled,166,centroid_velocity_roll_std,0.009761068038642406
No labeled,167,dist_B1L_B3L_roll_std,0.009684656746685505
No labeled,168,dist_H2L_H2R,0.00964378472417593
No labeled,169,dist_H1R_S1_roll_std,0.009603932499885559
No labeled,170,dist_B1L_S2_roll_mean,0.009596441872417927
No labeled,171,dist_B1L_B2L_roll_mean,0.009587370790541172
No labeled,172,B1R_x_t-5,0.009579090401530266
No labeled,173,dist_H2R_nose,0.00956711359322071
No labeled,174,centroid_y_roll_std,0.009545847773551941
No labeled,175,dist_H1L_H2R,0.009519515559077263
No labeled,176,B1L_x_t-3,0.009518947452306747
No labeled,177,dist_H1L_H1R_roll_std,0.009446818381547928
No labeled,178,S1_y_t-2,0.009443080984055996
No labeled,179,dist_B1L_S2_roll_std,0.009406552650034428
No labeled,180,tail_x_t-5,0.009369530715048313
No labeled,181,H2L_y_roll_std,0.00930120050907135
No labeled,182,dist_H1L_H1R_roll_mean,0.0092789176851511
No labeled,183,dist_H1L_nose_roll_mean,0.009264886379241943
No labeled,184,dist_B2L_S2_roll_mean,0.009253728203475475
No labeled,185,global_body_angle,0.009192376397550106
No labeled,186,dist_H1R_S1,0.009164566174149513
No labeled,187,dist_B1R_H2R_roll_sum,0.009157593362033367
No labeled,188,dist_B1R_S2_roll_sum,0.009141293354332447
No labeled,189,dist_H1L_S2_roll_std,0.009132144041359425
No labeled,190,dist_B2R_S1,0.009130040183663368
No labeled,191,global_body_angular_velocity_roll_mean,0.009108907543122768
No labeled,192,dist_B2L_B2R_roll_mean,0.009085808880627155
No labeled,193,angular_velocity_roll_sum,0.009067485108971596
No labeled,194,B2R_x,0.009013602510094643
No labeled,195,dist_S1_tail_roll_std,0.008990595117211342
No labeled,196,centroid_x_roll_mean,0.008956401608884335
No labeled,197,dist_B1R_B3R_roll_std,0.008931656368076801
No labeled,198,dist_B1R_nose_roll_std,0.008923619985580444
No labeled,199,dist_B1R_B2R_roll_mean,0.00889467354863882
No labeled,200,dist_H2L_S2_roll_std,0.008845239877700806
No labeled,201,dist_H1L_H1R,0.008825298398733139
No labeled,202,B2L_velocity,0.008822115138173103
No labeled,203,dist_B3R_nose_roll_std,0.008729184046387672
No labeled,204,dist_B2R_S2,0.008696538396179676
No labeled,205,dist_B1L_B3R_roll_std,0.008686560206115246
No labeled,206,dist_B2L_B2R_roll_std,0.008683928288519382
No labeled,207,global_body_angle_roll_std,0.008638454601168633
No labeled,208,dist_B2R_H1L_roll_mean,0.008554732427001
No labeled,209,B1L_y,0.008512518368661404
No labeled,210,H2R_y_t-1,0.008491219021379948
No labeled,211,dist_B1L_nose,0.00846298411488533
No labeled,212,dist_H2R_S1,0.00844807829707861
No labeled,213,dist_B3R_H2L_roll_mean,0.008393129333853722
No labeled,214,dist_B3R_S1_roll_std,0.0083684790879488
No labeled,215,dist_H1R_nose_roll_std,0.008360285311937332
No labeled,216,tail_y_t-5,0.008355872705578804
No labeled,217,global_body_angle_t-5,0.008329682052135468
No labeled,218,H2L_x_t-4,0.008316067047417164
No labeled,219,dist_S2_nose,0.00823171529918909
No labeled,220,dist_S1_S2_roll_sum,0.008225835859775543
No labeled,221,B1R_y_t-3,0.008223777636885643
No labeled,222,dist_B1R_H2L_roll_std,0.008223751559853554
No labeled,223,angular_velocity_roll_mean,0.008220693096518517
No labeled,224,dist_H2R_S2_roll_std,0.0081979651004076
No labeled,225,dist_B1R_B2R_roll_sum,0.008070564828813076
No labeled,226,dist_H2L_H2R_roll_mean,0.008065689355134964
No labeled,227,dist_H2L_S1_roll_std,0.008065566420555115
No labeled,228,dist_H2L_nose_roll_std,0.008020561188459396
No labeled,229,B1R_velocity_roll_mean,0.008006944321095943
No labeled,230,centroid_y_roll_mean,0.007980736903846264
No labeled,231,global_body_angle_t-2,0.007963175885379314
No labeled,232,dist_B2R_H2L_roll_std,0.007943006232380867
No labeled,233,global_body_angular_velocity_t-4,0.00792196486145258
No labeled,234,dist_B3R_tail_roll_sum,0.007887878455221653
No labeled,235,H1L_y_t-4,0.007841615937650204
No labeled,236,dist_B2L_H2L_roll_mean,0.0077635757625103
No labeled,237,dist_H1L_tail_roll_sum,0.007754952181130648
No labeled,238,dist_B2R_tail_roll_mean,0.0077421716414391994
No labeled,239,dist_B3L_S2_roll_std,0.0077170697040855885
No labeled,240,tail_y_roll_std,0.007659532595425844
No labeled,241,dist_B2R_S1_roll_mean,0.007650873623788357
No labeled,242,dist_B1L_H2R_roll_sum,0.0075869932770729065
No labeled,243,S2_x_roll_std,0.007578670978546143
No labeled,244,dist_H2R_S1_roll_mean,0.007526738103479147
No labeled,245,S1_velocity_roll_mean,0.007523545995354652
No labeled,246,dist_B2R_B3L_roll_sum,0.007510564289987087
No labeled,247,dist_B2L_B3R_roll_std,0.007464792113751173
No labeled,248,dist_B1L_S1,0.007463253568857908
No labeled,249,H1L_velocity_roll_std,0.007423943839967251
No labeled,250,B2R_y_roll_std,0.007350929081439972
No labeled,251,dist_H2L_S1_roll_mean,0.007347384467720985
No labeled,252,dist_B1L_B3L_roll_sum,0.007288443855941296
No labeled,253,S1_x_t-4,0.007263166829943657
No labeled,254,B2R_x_t-4,0.007249302696436644
No labeled,255,nose_x,0.00722100306302309
No labeled,256,dist_B2L_nose_roll_mean,0.007188807241618633
No labeled,257,dist_B2L_H1L_roll_mean,0.007168085779994726
No labeled,258,dist_S2_nose_roll_mean,0.007166808936744928
No labeled,259,S1_x_t-5,0.007165829185396433
No labeled,260,dist_B1R_B2R_roll_std,0.007152246311306953
No labeled,261,dist_H1R_H2L,0.007093418855220079
No labeled,262,dist_B1L_H1L,0.007080588489770889
No labeled,263,tail_x_t-4,0.007066845893859863
No labeled,264,dist_B2R_H1L_roll_std,0.007054824847728014
No labeled,265,dist_H1L_H2R_roll_sum,0.007041469216346741
No labeled,266,B3L_y_t-5,0.006961045321077108
No labeled,267,dist_B1L_H2L,0.006931425537914038
No labeled,268,dist_B3R_S2_roll_std,0.006897697225213051
No labeled,269,H1L_y,0.006896832957863808
No labeled,270,dist_B2L_H1L,0.006878238171339035
No labeled,271,dist_S1_tail,0.006877583917230368
No labeled,272,dist_B2R_B3L_roll_mean,0.0068238116800785065
No labeled,273,dist_H2R_S2_roll_sum,0.006822895724326372
No labeled,274,dist_B2L_H1R,0.006820244248956442
No labeled,275,B1L_x,0.006808752194046974
No labeled,276,dist_H2L_S1_roll_sum,0.006785506848245859
No labeled,277,B2R_y_t-3,0.006783848162740469
No labeled,278,S1_velocity_roll_sum,0.006758181378245354
No labeled,279,dist_H1R_H2L_roll_mean,0.006721907295286655
No labeled,280,dist_B1R_S2_roll_mean,0.006693683099001646
No labeled,281,B2L_velocity_roll_std,0.006677561905235052
No labeled,282,B1L_y_t-2,0.0066233109682798386
No labeled,283,dist_B2L_B3L_roll_std,0.006614912301301956
No labeled,284,dist_B3L_S1_roll_std,0.0065735382959246635
No labeled,285,H1R_y_t-1,0.006563453935086727
No labeled,286,nose_y_roll_sum,0.006535887252539396
No labeled,287,S2_y_roll_std,0.006509731523692608
No labeled,288,dist_B1L_nose_roll_mean,0.006507997401058674
No labeled,289,B2R_velocity_roll_std,0.00650026137009263
No labeled,290,B2L_y_roll_std,0.006494628265500069
No labeled,291,centroid_velocity_roll_mean,0.006493819411844015
No labeled,292,dist_B2R_H1L_roll_sum,0.0064421421848237514
No labeled,293,dist_H1L_tail,0.006403037346899509
No labeled,294,H1R_y_t-5,0.006395284086465836
No labeled,295,global_body_angular_velocity_t-3,0.006358338985592127
No labeled,296,dist_B1R_H1L_roll_std,0.006331268697977066
No labeled,297,dist_B1R_H1L_roll_mean,0.006298243999481201
No labeled,298,H2R_y_t-5,0.006281393580138683
No labeled,299,B1L_y_t-3,0.006278472486883402
No labeled,300,dist_B2R_H1R_roll_std,0.0062586464919149876
No labeled,301,S2_x_t-2,0.006255502812564373
No labeled,302,dist_B3L_H2L_roll_sum,0.0062269177287817
No labeled,303,S2_velocity_roll_std,0.006197707261890173
No labeled,304,B2L_x_t-5,0.0061891889199614525
No labeled,305,S1_y_roll_mean,0.006162887904793024
No labeled,306,H1R_velocity,0.006147969514131546
No labeled,307,B2R_y_t-5,0.00611796835437417
No labeled,308,S2_x_t-3,0.006078482139855623
No labeled,309,dist_S2_tail_roll_sum,0.006070134695619345
No labeled,310,H1L_x_t-4,0.006030215881764889
No labeled,311,H1L_y_t-5,0.005999681074172258
No labeled,312,nose_y,0.005982519593089819
No labeled,313,tail_x_t-3,0.005954537075012922
No labeled,314,dist_B1L_B3R_roll_sum,0.005922358948737383
No labeled,315,B1R_y_roll_mean,0.005914471112191677
No labeled,316,B3L_y_roll_std,0.005911785643547773
No labeled,317,S2_x_t-1,0.005902353208512068
No labeled,318,dist_B2R_nose_roll_std,0.005818988662213087
No labeled,319,B1R_y_roll_std,0.005814659409224987
No labeled,320,global_body_angle_roll_mean,0.005809067748486996
No labeled,321,dist_B1R_H1R_roll_std,0.005791006609797478
No labeled,322,dist_B1L_tail_roll_mean,0.005787985865026712
No labeled,323,S1_x_t-3,0.005749208852648735
No labeled,324,H1R_x_t-5,0.005740551743656397
No labeled,325,dist_B2R_H2L,0.00571703165769577
No labeled,326,dist_nose_tail_roll_sum,0.005714119877666235
No labeled,327,nose_y_roll_std,0.005643488839268684
No labeled,328,dist_S1_nose_roll_mean,0.005576880183070898
No labeled,329,dist_B2L_H2R_roll_sum,0.005575769115239382
No labeled,330,global_body_angle_t-1,0.005571817979216576
No labeled,331,dist_S2_tail_roll_std,0.005543873179703951
No labeled,332,dist_H1R_H2R_roll_mean,0.0055385553278028965
No labeled,333,orientation_change_5,0.0055127390660345554
No labeled,334,B1L_velocity_roll_std,0.005500796716660261
No labeled,335,nose_x_t-5,0.005492991767823696
No labeled,336,B3R_y_t-2,0.005477894563227892
No labeled,337,centroid_y,0.0054600778967142105
No labeled,338,B1L_x_t-4,0.005444654729217291
No labeled,339,dist_B1R_H1R_roll_mean,0.0054354434832930565
No labeled,340,B3R_x_roll_std,0.005428353790193796
No labeled,341,dist_B2L_S1,0.005423145368695259
No labeled,342,dist_B2L_tail,0.005321732722222805
No labeled,343,dist_B3R_H1L_roll_std,0.00530290137976408
No labeled,344,global_body_angular_velocity_t-2,0.005272778682410717
No labeled,345,B1R_y_t-5,0.005272326059639454
No labeled,346,dist_B2R_B3L,0.005261885467916727
No labeled,347,B1R_x_t-4,0.005248792469501495
No labeled,348,dist_B2R_H2L_roll_mean,0.005230473354458809
No labeled,349,dist_B1L_B3R,0.005204353481531143
No labeled,350,dist_B1R_H2R,0.005184022709727287
No labeled,351,dist_H1R_H2R_roll_std,0.00511521939188242
No labeled,352,dist_H1L_H2L,0.005061367526650429
No labeled,353,dist_B2R_H2R_roll_std,0.005026691127568483
No labeled,354,dist_H1R_S2,0.0049882810562849045
No labeled,355,dist_nose_tail_roll_std,0.004981498699635267
No labeled,356,dist_B2L_B2R_roll_sum,0.004960870835930109
No labeled,357,B2R_x_roll_std,0.00492272712290287
No labeled,358,H2R_x_roll_std,0.004889880307018757
No labeled,359,S1_y_t-4,0.004873087629675865
No labeled,360,H2R_y,0.004863843787461519
No labeled,361,dist_S1_nose,0.0048615531995892525
No labeled,362,dist_B1R_nose,0.0048398287035524845
No labeled,363,S1_x_roll_mean,0.0048246197402477264
No labeled,364,B1R_x,0.004809822887182236
No labeled,365,dist_B2R_H1L,0.004790534731000662
No labeled,366,orientation_angle_t-5,0.004771553445607424
No labeled,367,S2_velocity,0.004767770878970623
No labeled,368,S1_y_roll_std,0.004756093956530094
No labeled,369,H2L_x_t-5,0.004737609066069126
No labeled,370,H2L_x_roll_mean,0.004718126263469458
No labeled,371,B2R_x_t-2,0.004714372102171183
No labeled,372,angular_velocity_roll_std,0.004658847115933895
No labeled,373,dist_H2L_S1,0.004642000421881676
No labeled,374,H1R_y_roll_std,0.004632947966456413
No labeled,375,global_body_angular_velocity_t-5,0.004625377710908651
No labeled,376,dist_B2L_S1_roll_std,0.0046197399497032166
No labeled,377,B1R_x_t-3,0.004617245867848396
No labeled,378,dist_B1R_nose_roll_mean,0.0046111661940813065
No labeled,379,H2L_y_t-2,0.004574937745928764
No labeled,380,B2R_y_t-2,0.004569220822304487
No labeled,381,nose_x_roll_std,0.004558816086500883
No labeled,382,dist_B2L_S2,0.0045491778291761875
No labeled,383,dist_S2_tail_roll_mean,0.004506949335336685
No labeled,384,B1L_y_t-5,0.004453365691006184
No labeled,385,dist_H2L_S2_roll_mean,0.004450378939509392
No labeled,386,H2R_x_t-3,0.004442380741238594
No labeled,387,dist_B3R_S1_roll_mean,0.00443175109103322
No labeled,388,dist_B2L_H2R_roll_mean,0.004375800024718046
No labeled,389,dist_B1L_H2R,0.004369116388261318
No labeled,390,dist_B3R_H1R,0.004356405232101679
No labeled,391,B3L_velocity,0.004354364704340696
No labeled,392,H1L_x_roll_mean,0.00433944258838892
No labeled,393,dist_B2R_S2_roll_sum,0.00430669542402029
No labeled,394,H2R_velocity,0.0043055396527051926
No labeled,395,dist_H2R_tail_roll_sum,0.00425716070458293
No labeled,396,H1R_y_t-3,0.004241622984409332
No labeled,397,B3L_x_roll_mean,0.004238726105540991
No labeled,398,B2R_x_t-3,0.004227922763675451
No labeled,399,B1R_x_t-1,0.004217870999127626
No labeled,400,dist_H1L_H2L_roll_std,0.004198174923658371
No labeled,401,dist_H1R_S1_roll_mean,0.004167687147855759
No labeled,402,dist_B3R_H2R,0.004166652448475361
No labeled,403,S2_y_t-1,0.004160169046372175
No labeled,404,dist_B1L_B3R_roll_mean,0.004133373033255339
No labeled,405,B2R_y,0.004120624624192715
No labeled,406,tail_y_t-2,0.004090667236596346
No labeled,407,dist_H1L_S1_roll_sum,0.004079426638782024
No labeled,408,dist_H1L_H2L_roll_mean,0.004054495133459568
No labeled,409,dist_B3L_H1L_roll_std,0.004038007464259863
No labeled,410,dist_H1R_S1_roll_sum,0.004028568509966135
No labeled,411,S2_x_roll_mean,0.004013760946691036
No labeled,412,dist_H2L_tail_roll_sum,0.004011745098978281
No labeled,413,B1L_x_roll_sum,0.003954806365072727
No labeled,414,global_body_angle_t-4,0.00395155418664217
No labeled,415,dist_nose_tail_roll_mean,0.003945940174162388
No labeled,416,nose_y_t-3,0.003941709641367197
No labeled,417,B2R_x_t-5,0.0038880619686096907
No labeled,418,dist_H2L_nose,0.0038745778147131205
No labeled,419,H1L_x_roll_sum,0.003859172808006406
No labeled,420,B1L_x_t-5,0.0038465051911771297
No labeled,421,dist_B2R_B3R_roll_std,0.003844786901026964
No labeled,422,orientation_angle,0.0038384567014873028
No labeled,423,dist_B2L_H1L_roll_std,0.003834934439510107
No labeled,424,dist_B2R_nose_roll_mean,0.0038077363278716803
No labeled,425,dist_B1L_B2L_roll_std,0.0037998484913259745
No labeled,426,dist_B2L_H2L,0.0037979844491928816
No labeled,427,H2L_y_t-4,0.0037812984082847834
No labeled,428,B1L_velocity_roll_sum,0.0037407646887004375
No labeled,429,H2R_x_t-5,0.003668049117550254
No labeled,430,S2_y_roll_mean,0.0036676395684480667
No labeled,431,nose_y_t-4,0.003664544550701976
No labeled,432,dist_B2R_H2R,0.003664025105535984
No labeled,433,dist_S1_S2_roll_std,0.003660457208752632
No labeled,434,dist_H1L_S2_roll_mean,0.0036386463325470686
No labeled,435,tail_y_t-1,0.0036333787720650434
No labeled,436,H2R_y_roll_mean,0.003623061580583453
No labeled,437,dist_H1L_S1,0.0035792654380202293
No labeled,438,H1R_y,0.0035763047635555267
No labeled,439,H1L_velocity,0.003556722542271018
No labeled,440,B2L_x_t-3,0.003549493383616209
No labeled,441,dist_B3L_nose_roll_mean,0.0035279414150863886
No labeled,442,S1_x_t-2,0.0035268242936581373
No labeled,443,dist_H1R_H2L_roll_sum,0.0035132525954395533
No labeled,444,S2_y_t-5,0.003509990405291319
No labeled,445,B3R_y_roll_std,0.003507171990349889
No labeled,446,B1L_velocity_roll_mean,0.0034880232997238636
No labeled,447,B2L_x_t-2,0.0034629367291927338
No labeled,448,dist_B1L_H1R,0.0033967597410082817
No labeled,449,H2R_x_t-2,0.0033791230525821447
No labeled,450,H1R_y_roll_mean,0.0033782925456762314
No labeled,451,dist_B3L_H2R,0.0033782206010073423
No labeled,452,dist_S1_S2_roll_mean,0.003368477104231715
No labeled,453,nose_velocity_roll_std,0.0033644947689026594
No labeled,454,B3L_x,0.0033410193864256144
No labeled,455,B1R_y_t-1,0.003336371388286352
No labeled,456,B3L_y_roll_mean,0.0033242201898247004
No labeled,457,B2L_y,0.0032864187378436327
No labeled,458,dist_B2L_tail_roll_mean,0.0032702062744647264
No labeled,459,B2L_y_t-4,0.003229887457564473
No labeled,460,B2L_y_t-5,0.003213057527318597
No labeled,461,dist_H2L_nose_roll_mean,0.0032050893642008305
No labeled,462,S1_velocity,0.0032038120552897453
No labeled,463,H1L_x,0.0032028222922235727
No labeled,464,dist_B3R_H2L,0.003202046500518918
No labeled,465,B3R_y_t-4,0.003178182989358902
No labeled,466,dist_B1R_H1L_roll_sum,0.0031686299480497837
No labeled,467,dist_B1L_B3L_roll_mean,0.003168524242937565
No labeled,468,B3R_y_roll_mean,0.003167262999340892
No labeled,469,B3L_x_t-1,0.003158756997436285
No labeled,470,orientation_angle_t-1,0.003128843382000923
No labeled,471,B3R_x_roll_mean,0.003095081774517894
No labeled,472,H2L_y_t-5,0.003087576013058424
No labeled,473,dist_B2L_H2R,0.003086998825892806
No labeled,474,nose_x_t-1,0.0030853927601128817
No labeled,475,dist_B1L_H1R_roll_mean,0.003073269734159112
No labeled,476,tail_x_roll_sum,0.0030670668929815292
No labeled,477,S2_x_t-5,0.003034197259694338
No labeled,478,dist_B3R_S2_roll_sum,0.0030183158814907074
No labeled,479,H2L_y_t-3,0.0030004791915416718
No labeled,480,H2R_y_t-2,0.0029571799095720053
No labeled,481,dist_B1L_nose_roll_sum,0.0029373522847890854
No labeled,482,angular_velocity_t-1,0.0029373092111200094
No labeled,483,dist_B1R_tail_roll_std,0.002925992477685213
No labeled,484,dist_H1L_S2,0.0029175400268286467
No labeled,485,B3R_x_t-4,0.0029010348953306675
No labeled,486,H1L_x_t-5,0.002896353602409363
No labeled,487,B3R_x_t-5,0.002888524904847145
No labeled,488,dist_nose_tail,0.002869141288101673
No labeled,489,angular_velocity_t-3,0.0028516985476017
No labeled,490,B2L_x_roll_std,0.0028388428036123514
No labeled,491,dist_B3R_H1R_roll_sum,0.0028305042069405317
No labeled,492,B2L_x_roll_mean,0.0028069831896573305
No labeled,493,tail_x_roll_mean,0.0027899930719286203
No labeled,494,tail_y,0.0027818740345537663
No labeled,495,H1L_y_t-3,0.0027738024946302176
No labeled,496,angular_velocity_t-4,0.0027627109084278345
No labeled,497,B3L_x_t-5,0.002727135783061385
No labeled,498,H2L_y_t-1,0.0027240540366619825
No labeled,499,dist_B1L_B3L,0.0027219445910304785
No labeled,500,dist_B3L_nose_roll_std,0.002705303020775318
No labeled,501,dist_B2L_H2L_roll_std,0.0026756462175399065
No labeled,502,S2_velocity_roll_mean,0.0026652130763977766
No labeled,503,dist_B2L_S2_roll_sum,0.0026567617896944284
No labeled,504,S2_y_t-2,0.0026521955151110888
No labeled,505,B2R_y_t-4,0.0026414564345031977
No labeled,506,B3R_y,0.002640270860865712
No labeled,507,dist_B3L_nose,0.0026305781211704016
No labeled,508,H1R_velocity_roll_std,0.0025975764729082584
No labeled,509,H1R_x_t-1,0.002582213608548045
No labeled,510,B3L_y,0.002580706961452961
No labeled,511,B3L_x_t-3,0.0025757020339369774
No labeled,512,dist_B1R_tail_roll_mean,0.002547561889514327
No labeled,513,B1L_y_t-4,0.0025239509996026754
No labeled,514,dist_S1_tail_roll_mean,0.0025190762244164944
No labeled,515,B1R_x_roll_std,0.002516831737011671
No labeled,516,B3R_y_t-5,0.0024684935342520475
No labeled,517,H1R_y_roll_sum,0.0024644446093589067
No labeled,518,dist_B3R_H2R_roll_mean,0.0024522035382688046
No labeled,519,dist_B1R_B3R_roll_sum,0.0024503215681761503
No labeled,520,dist_H1R_H2R_roll_sum,0.0024487313348799944
No labeled,521,dist_H1L_tail_roll_mean,0.002425610786303878
No labeled,522,dist_B3L_S2_roll_sum,0.0024231630377471447
No labeled,523,dist_B1L_B1R_roll_sum,0.0024213658180087805
No labeled,524,H1L_y_t-1,0.0023864309769123793
No labeled,525,H2R_x_roll_mean,0.002374045317992568
No labeled,526,dist_B1L_H1R_roll_sum,0.002371134702116251
No labeled,527,H2L_velocity_roll_mean,0.0023687470238655806
No labeled,528,dist_B2R_H2R_roll_sum,0.002363073406741023
No labeled,529,dist_H1R_tail,0.002332549076527357
No labeled,530,dist_B1L_tail_roll_sum,0.0023180360440164804
No labeled,531,dist_B1R_B3L,0.0023158572148531675
No labeled,532,B2R_y_t-1,0.0023035150952637196
No labeled,533,B3L_y_t-3,0.002284066518768668
No labeled,534,angular_velocity_t-2,0.002277524909004569
No labeled,535,nose_y_t-5,0.002277220832183957
No labeled,536,dist_B2R_tail_roll_sum,0.0022680151741951704
No labeled,537,S2_x,0.0022254048381000757
No labeled,538,B1L_y_t-1,0.0022035513538867235
No labeled,539,dist_B3R_H1L,0.0021803646814078093
No labeled,540,B2L_y_roll_mean,0.002177698537707329
No labeled,541,B1L_x_t-2,0.0021759863011538982
No labeled,542,H2L_x_roll_std,0.002172744134441018
No labeled,543,S1_y_roll_sum,0.0021622879430651665
No labeled,544,dist_B1R_H1R,0.0021528243087232113
No labeled,545,H1R_x_roll_sum,0.00212649698369205
No labeled,546,H2L_x_t-3,0.0021232091821730137
No labeled,547,centroid_y_roll_sum,0.0021202571224421263
No labeled,548,S2_x_t-4,0.0021199779585003853
No labeled,549,B3R_x_t-3,0.0020522961858659983
No labeled,550,centroid_velocity,0.001995708094909787
No labeled,551,B1R_velocity,0.0019870451651513577
No labeled,552,dist_B3L_H2L_roll_mean,0.0019770977087318897
No labeled,553,dist_B3R_H2R_roll_std,0.0019733302760869265
No labeled,554,B3R_x,0.001965687144547701
No labeled,555,dist_B3R_S1_roll_sum,0.001947522279806435
No labeled,556,dist_B1R_S2,0.0019394068513065577
No labeled,557,dist_B3L_H2L,0.00193909858353436
No labeled,558,dist_B3R_H2R_roll_sum,0.0019364904146641493
No labeled,559,B1R_x_roll_mean,0.0019275814993306994
No labeled,560,nose_y_roll_mean,0.0019225551513954997
No labeled,561,dist_B1L_tail,0.0018845023587346077
No labeled,562,S2_y_t-3,0.0018805254949256778
No labeled,563,tail_y_t-3,0.0018675934989005327
No labeled,564,B1R_y_t-4,0.0018669064156711102
No labeled,565,S1_y_t-3,0.0018646112876012921
No labeled,566,H1L_x_t-1,0.0018484938191249967
No labeled,567,H2R_x_t-1,0.001843207166530192
No labeled,568,dist_B3R_H1R_roll_mean,0.0018264231039211154
No labeled,569,B3R_x_t-2,0.0018255971372127533
No labeled,570,B3L_y_t-1,0.0018065115436911583
No labeled,571,orientation_angle_t-4,0.0018045310862362385
No labeled,572,B3L_x_roll_std,0.001792399911209941
No labeled,573,H2R_velocity_roll_std,0.0017819711938500404
No labeled,574,dist_B3R_nose_roll_mean,0.0017666580388322473
No labeled,575,H2L_x,0.0017568542389199138
No labeled,576,B2L_velocity_roll_sum,0.0017538840183988214
No labeled,577,H1R_y_t-4,0.0017444391269236803
No labeled,578,B2R_y_roll_mean,0.0017415116308256984
No labeled,579,tail_y_t-4,0.001701817847788334
No labeled,580,dist_B2L_S1_roll_sum,0.0016538240015506744
No labeled,581,dist_B2L_tail_roll_sum,0.0016511572757735848
No labeled,582,tail_x_t-1,0.001620644237846136
No labeled,583,H2R_y_roll_sum,0.0015941255260258913
No labeled,584,nose_x_t-3,0.001587197883054614
No labeled,585,tail_x_roll_std,0.0015646010870113969
No labeled,586,B1R_x_t-2,0.001554962364025414
No labeled,587,dist_H1R_S2_roll_std,0.0015518645523115993
No labeled,588,B2L_y_t-3,0.001542701618745923
No labeled,589,dist_B3R_nose_roll_sum,0.001508733257651329
No labeled,590,B3L_x_t-2,0.0014809470158070326
No labeled,591,dist_B1L_H2L_roll_mean,0.0014420927036553621
No labeled,592,centroid_x,0.0014254968846216798
No labeled,593,dist_H1R_nose_roll_sum,0.0014240414602681994
No labeled,594,dist_B2L_nose_roll_std,0.0014182052109390497
No labeled,595,dist_B2R_H2R_roll_mean,0.0014112439239397645
No labeled,596,dist_B1R_B3L_roll_mean,0.0013467689277604222
No labeled,597,dist_B3L_S1_roll_sum,0.001344342832453549
No labeled,598,dist_B2L_nose,0.0013281418941915035
No labeled,599,dist_B1R_B3R_roll_mean,0.0013091336004436016
No labeled,600,dist_H2R_S1_roll_sum,0.0012766765430569649
No labeled,601,dist_H1L_S1_roll_mean,0.0012702674139291048
No labeled,602,dist_B2R_H2L_roll_sum,0.001267767627723515
No labeled,603,global_body_angle_t-3,0.0012631465215235949
No labeled,604,dist_B1R_nose_roll_sum,0.001261309371329844
No labeled,605,dist_B3R_H2L_roll_sum,0.0012483051978051662
No labeled,606,H1R_x_roll_std,0.0012478105491027236
No labeled,607,H1R_x_roll_mean,0.001235978677868843
No labeled,608,B3L_y_t-4,0.0011854879558086395
No labeled,609,B2R_x_roll_mean,0.001180593273602426
No labeled,610,H1R_x,0.0011528971372172236
No labeled,611,S2_y,0.0011255625868216157
No labeled,612,B3L_y_t-2,0.0011238469742238522
No labeled,613,centroid_x_roll_sum,0.0011014834744855762
No labeled,614,tail_y_roll_mean,0.0010958969360217452
No labeled,615,nose_x_roll_mean,0.0010736784897744656
No labeled,616,H2L_x_roll_sum,0.0010600085370242596
No labeled,617,H2R_x,0.0010492383735254407
No labeled,618,B3R_y_t-1,0.0010423725470900536
No labeled,619,tail_x,0.00101889215875417
No labeled,620,H2R_y_t-4,0.0010141145903617144
No labeled,621,dist_H2R_S2,0.0009858031990006566
No labeled,622,dist_B2R_nose,0.0009736759820953012
No labeled,623,dist_B1R_H1R_roll_sum,0.0009188103722408414
No labeled,624,dist_B3R_nose,0.0009094615816138685
No labeled,625,B3R_y_t-3,0.0008995349635370076
No labeled,626,dist_B3L_H1L_roll_mean,0.0008930240874178708
No labeled,627,dist_H1R_S2_roll_mean,0.0008890582830645144
No labeled,628,dist_B2R_H1R_roll_mean,0.0008824878605082631
No labeled,629,H2L_x_t-2,0.0008807281847111881
No labeled,630,dist_B3L_H1R_roll_mean,0.0008581950678490102
No labeled,631,H1R_x_t-4,0.0008372926968149841
No labeled,632,H2L_y_roll_mean,0.0008277871529571712
No labeled,633,B2R_velocity_roll_mean,0.000823583803139627
No labeled,634,dist_H2L_S2,0.0007497258484363556
No labeled,635,tail_velocity_roll_mean,0.000747947720810771
No labeled,636,H1L_x_t-3,0.0007432584534399211
No labeled,637,H2R_x_t-4,0.0007115508778952062
No labeled,638,orientation_angle_t-2,0.0006895907572470605
No labeled,639,dist_H2R_tail_roll_mean,0.0006853132508695126
No labeled,640,H1R_y_t-2,0.0006654955795966089
No labeled,641,H1L_y_t-2,0.0006350573385134339
No labeled,642,H1L_y_roll_mean,0.0006222281372174621
No labeled,643,B1L_x_t-1,0.0006093185511417687
No labeled,644,H1R_x_t-3,0.0006015796680003405
No labeled,645,H2R_y_t-3,0.0005257199518382549
No labeled,646,B3R_x_roll_sum,0.0005227102083154023
No labeled,647,dist_B3L_H1L,0.0005143914022482932
No labeled,648,dist_B2R_S1_roll_sum,0.0005057241069152951
No labeled,649,dist_H2L_tail_roll_mean,0.0004866720119025558
No labeled,650,orientation_angle_t-3,0.00045255746226757765
No labeled,651,dist_B3L_H1R,0.00041561858961358666
No labeled,652,B2R_x_t-1,0.00035485229454934597
No labeled,653,dist_B2R_H1R,0.00035279124858789146
No labeled,654,dist_B3R_H1L_roll_sum,0.00034902800689451396
No labeled,655,dist_H2L_tail,0.0002579783904366195
No labeled,656,dist_B1R_H2L_roll_sum,0.00025470025138929486
No labeled,657,dist_B1L_H1L_roll_sum,0.000230691977776587
No labeled,658,B2L_velocity_roll_mean,0.00019532082660589367
No labeled,659,dist_H1R_tail_roll_mean,0.00014535454101860523
No labeled,660,B2L_x_roll_sum,9.213922021444887e-05
No labeled,661,B3L_velocity_roll_mean,8.54296813486144e-05
No labeled,662,H1R_x_t-2,8.203932520700619e-05
No labeled,663,nose_x_t-4,7.401875336654484e-05
No labeled,664,B3R_velocity_roll_mean,5.1948594773421064e-05
No labeled,665,nose_velocity_roll_sum,0.0
No labeled,666,tail_velocity_roll_sum,0.0
No labeled,667,H2L_velocity_roll_sum,0.0
No labeled,668,dist_H1R_tail_roll_sum,0.0
No labeled,669,dist_H1R_S2_roll_sum,0.0
No labeled,670,dist_H1L_nose_roll_sum,0.0
No labeled,671,dist_B1L_B2L_roll_sum,0.0
No labeled,672,global_body_angle_roll_sum,0.0
No labeled,673,dist_B1L_S2_roll_sum,0.0
No labeled,674,dist_S2_nose_roll_sum,0.0
No labeled,675,dist_H2L_nose_roll_sum,0.0
No labeled,676,dist_B3L_H2R_roll_mean,0.0
No labeled,677,dist_B3L_H2R_roll_sum,0.0
No labeled,678,dist_B3L_H1L_roll_sum,0.0
No labeled,679,dist_B3L_H1R_roll_sum,0.0
No labeled,680,B3L_y_roll_sum,0.0
No labeled,681,dist_B2L_nose_roll_sum,0.0
No labeled,682,dist_B2L_H1L_roll_sum,0.0
No labeled,683,dist_B2L_H1R_roll_sum,0.0
No labeled,684,H2L_y_roll_sum,0.0
No labeled,685,H1L_y_roll_sum,0.0
No labeled,686,B3R_y_roll_sum,0.0
No labeled,687,S2_x_roll_sum,0.0
No labeled,688,H2R_x_roll_sum,0.0
No labeled,689,tail_y_roll_sum,0.0
No labeled,690,S2_y_roll_sum,0.0
No labeled,691,nose_x_roll_sum,0.0
No labeled,692,S1_x_roll_sum,0.0
No labeled,693,B3R_x_t-1,0.0
No labeled,694,dist_B1R_B3L_roll_sum,0.0
No labeled,695,dist_H1L_S2_roll_sum,0.0
No labeled,696,dist_H1L_H1R_roll_sum,0.0
No labeled,697,dist_H1L_H2L_roll_sum,0.0
No labeled,698,dist_B2L_H2L_roll_sum,0.0
No labeled,699,dist_B2L_B3L_roll_sum,0.0
No labeled,700,B2R_y_roll_sum,0.0
No labeled,701,B3L_x_roll_sum,0.0
No labeled,702,B1R_velocity_roll_sum,0.0
No labeled,703,B3L_velocity_roll_sum,0.0
No labeled,704,B3R_velocity_roll_sum,0.0
No labeled,705,H2R_velocity_roll_sum,0.0
No labeled,706,H1L_velocity_roll_sum,0.0
No labeled,707,H1R_velocity_roll_sum,0.0
No labeled,708,B2R_velocity_roll_sum,0.0
No labeled,709,dist_H2L_H2R_roll_sum,0.0
No labeled,710,S2_velocity_roll_sum,0.0
No labeled,711,dist_B3L_nose_roll_sum,0.0
No labeled,712,B1L_y_roll_sum,0.0
No labeled,713,dist_B2R_H1R_roll_sum,0.0
No labeled,714,B2L_y_roll_sum,0.0
No labeled,715,B2R_x_roll_sum,0.0
No labeled,716,B1R_x_roll_sum,0.0
No labeled,717,B1R_y_roll_sum,0.0
No labeled,718,dist_B1L_H2L_roll_sum,0.0
No labeled,719,dist_S1_tail_roll_sum,0.0
