name,frame_index,predicted_behavior,predicted_probability,prob_Climb,prob_Freeze,prob_Groom,prob_Jump,prob_Locomotion,prob_Sniff,prob_Turn,prob_Unassigned
Animal 11_4DLC_resnet50_Freezing_07-2020Sep29shuffle1_100000filtered,0,Freeze,0.3330424,0.08261444,0.3330424,0.06864848,0.074194394,0.07895313,0.13131535,0.09672728,0.13450451
Animal 11_4DLC_resnet50_Freezing_07-2020Sep29shuffle1_100000filtered,1,Jump,0.19916457,0.09048577,0.07612835,0.072781846,0.19916457,0.110162936,0.13699007,0.14869767,0.16558875
Animal 11_4DLC_resnet50_Freezing_07-2020Sep29shuffle1_100000filtered,2,Locomotion,0.40179074,0.07421057,0.05623158,0.05375972,0.07595504,0.40179074,0.17922433,0.068322845,0.090505175
Animal 11_4DLC_resnet50_Freezing_07-2020Sep29shuffle1_100000filtered,3,Sniff,0.22405732,0.092774354,0.06836412,0.067207724,0.09125222,0.19561163,0.22405732,0.10782585,0.15290684
Animal 11_4DLC_resnet50_Freezing_07-2020Sep29shuffle1_100000filtered,4,Sniff,0.21412437,0.11682749,0.06533339,0.06422826,0.07925478,0.18693973,0.21412437,0.12716381,0.14612815
Animal 11_4DLC_resnet50_Freezing_07-2020Sep29shuffle1_100000filtered,5,Locomotion,0.21045563,0.13152368,0.07355193,0.07230778,0.089224555,0.21045563,0.12688081,0.1315454,0.16451019
Animal 11_4DLC_resnet50_Freezing_07-2020Sep29shuffle1_100000filtered,6,Locomotion,0.21380411,0.10140266,0.07472219,0.07345825,0.09064418,0.21380411,0.16098693,0.117854,0.16712767
Animal 11_4DLC_resnet50_Freezing_07-2020Sep29shuffle1_100000filtered,7,Locomotion,0.21286626,0.100957856,0.07439442,0.07313602,0.090246566,0.21286626,0.16028075,0.1373326,0.15078549
Animal 11_4DLC_resnet50_Freezing_07-2020Sep29shuffle1_100000filtered,8,Locomotion,0.41611674,0.076856576,0.056634527,0.055676542,0.066023156,0.41611674,0.12201754,0.0918859,0.114789054
Animal 11_4DLC_resnet50_Freezing_07-2020Sep29shuffle1_100000filtered,9,Locomotion,0.4404518,0.08135125,0.05994659,0.058932584,0.06988428,0.4404518,0.12915328,0.074897,0.085383184
Animal 11_4DLC_resnet50_Freezing_07-2020Sep29shuffle1_100000filtered,10,Locomotion,0.4404518,0.08135125,0.05994659,0.058932584,0.06988428,0.4404518,0.12915328,0.074897,0.085383184
Animal 11_4DLC_resnet50_Freezing_07-2020Sep29shuffle1_100000filtered,11,Locomotion,0.4404518,0.08135125,0.05994659,0.058932584,0.06988428,0.4404518,0.12915328,0.074897,0.085383184
Animal 11_4DLC_resnet50_Freezing_07-2020Sep29shuffle1_100000filtered,12,Locomotion,0.39537674,0.08452647,0.062286373,0.061232783,0.072611935,0.39537674,0.13419427,0.10105566,0.08871578
Animal 11_4DLC_resnet50_Freezing_07-2020Sep29shuffle1_100000filtered,13,Locomotion,0.38698238,0.08273187,0.062688425,0.05993273,0.07107029,0.38698238,0.13134515,0.098910116,0.106339045
Animal 11_4DLC_resnet50_Freezing_07-2020Sep29shuffle1_100000filtered,14,Locomotion,0.35317597,0.08539565,0.06470686,0.06186243,0.0733586,0.35317597,0.13557418,0.11616338,0.10976293
Animal 11_4DLC_resnet50_Freezing_07-2020Sep29shuffle1_100000filtered,15,Locomotion,0.21003191,0.13039643,0.07498427,0.071688056,0.08501016,0.21003191,0.15710746,0.13041796,0.14036377
Animal 11_4DLC_resnet50_Freezing_07-2020Sep29shuffle1_100000filtered,16,Locomotion,0.18709536,0.13494347,0.07759903,0.07418788,0.08018132,0.18709536,0.13807613,0.16031022,0.14760663
Animal 11_4DLC_resnet50_Freezing_07-2020Sep29shuffle1_100000filtered,17,Turn,0.16707459,0.14063749,0.08087337,0.07731829,0.08356461,0.15279435,0.14390233,0.16707459,0.15383495
Animal 11_4DLC_resnet50_Freezing_07-2020Sep29shuffle1_100000filtered,18,Turn,0.16328412,0.103950545,0.14708413,0.075564146,0.08166876,0.14932786,0.12877557,0.16328412,0.15034486
Animal 11_4DLC_resnet50_Freezing_07-2020Sep29shuffle1_100000filtered,19,Freeze,0.17530859,0.12540981,0.17530859,0.06894656,0.074516565,0.13625038,0.11749796,0.15321736,0.1488528
Animal 11_4DLC_resnet50_Freezing_07-2020Sep29shuffle1_100000filtered,20,Freeze,0.19952731,0.12606941,0.19952731,0.06930918,0.085524425,0.15944865,0.11811594,0.12574239,0.11626265
Animal 11_4DLC_resnet50_Freezing_07-2020Sep29shuffle1_100000filtered,21,Turn,0.17087127,0.12997752,0.09758045,0.07145776,0.08817566,0.15466805,0.13299492,0.17087127,0.15427436
Animal 11_4DLC_resnet50_Freezing_07-2020Sep29shuffle1_100000filtered,22,Locomotion,0.17929325,0.12969495,0.074580885,0.07130241,0.08798397,0.17929325,0.13270578,0.1704998,0.15393896
Animal 11_4DLC_resnet50_Freezing_07-2020Sep29shuffle1_100000filtered,23,Locomotion,0.17852953,0.12914252,0.07222032,0.07099869,0.0876092,0.17852953,0.13214052,0.17607592,0.15328325
Animal 11_4DLC_resnet50_Freezing_07-2020Sep29shuffle1_100000filtered,24,Locomotion,0.17422672,0.13496321,0.075475425,0.07419874,0.091557905,0.17422672,0.13809633,0.16385347,0.14762822
Animal 11_4DLC_resnet50_Freezing_07-2020Sep29shuffle1_100000filtered,25,Locomotion,0.36508927,0.08886007,0.06547973,0.06437213,0.079432316,0.36508927,0.11980736,0.11173828,0.10522087
Animal 11_4DLC_resnet50_Freezing_07-2020Sep29shuffle1_100000filtered,26,Unassigned,0.15706973,0.10897539,0.080302425,0.078944094,0.13490203,0.15584557,0.14692824,0.13703255,0.15706973
Animal 11_4DLC_resnet50_Freezing_07-2020Sep29shuffle1_100000filtered,27,Locomotion,0.16517918,0.11550194,0.08511175,0.08367207,0.10324758,0.16517918,0.15572779,0.14523946,0.14632024
Animal 11_4DLC_resnet50_Freezing_07-2020Sep29shuffle1_100000filtered,28,Locomotion,0.27968225,0.1003629,0.07395601,0.07270502,0.12424052,0.27968225,0.119293496,0.11091821,0.11884157
Animal 11_4DLC_resnet50_Freezing_07-2020Sep29shuffle1_100000filtered,29,Locomotion,0.17433925,0.1073755,0.0791235,0.077785105,0.13292152,0.17433925,0.12762882,0.14606251,0.15476377
Animal 11_4DLC_resnet50_Freezing_07-2020Sep29shuffle1_100000filtered,30,Locomotion,0.17146966,0.13915777,0.077821136,0.07650478,0.09440347,0.17146966,0.12552808,0.16289875,0.15221639
Animal 11_4DLC_resnet50_Freezing_07-2020Sep29shuffle1_100000filtered,31,Locomotion,0.17146966,0.13915777,0.077821136,0.07650478,0.09440347,0.17146966,0.12552808,0.16289875,0.15221639
Animal 11_4DLC_resnet50_Freezing_07-2020Sep29shuffle1_100000filtered,32,Turn,0.1810943,0.14174367,0.07926725,0.07792643,0.096157715,0.14090495,0.12786071,0.1810943,0.15504494
Animal 11_4DLC_resnet50_Freezing_07-2020Sep29shuffle1_100000filtered,33,Locomotion,0.17146966,0.13915777,0.077821136,0.07650478,0.09440347,0.17146966,0.12552808,0.16289875,0.15221639
Animal 11_4DLC_resnet50_Freezing_07-2020Sep29shuffle1_100000filtered,34,Turn,0.1810943,0.14174367,0.07926725,0.07792643,0.096157715,0.14090495,0.12786071,0.1810943,0.15504494
Animal 11_4DLC_resnet50_Freezing_07-2020Sep29shuffle1_100000filtered,35,Turn,0.1810943,0.14174367,0.07926725,0.07792643,0.096157715,0.14090495,0.12786071,0.1810943,0.15504494
Animal 11_4DLC_resnet50_Freezing_07-2020Sep29shuffle1_100000filtered,36,Locomotion,0.19472799,0.13286331,0.074301094,0.07304427,0.090133354,0.19472799,0.11985014,0.16974859,0.14533126
Animal 11_4DLC_resnet50_Freezing_07-2020Sep29shuffle1_100000filtered,37,Turn,0.18616095,0.14570937,0.09459419,0.08010665,0.08657824,0.116029814,0.13143799,0.18616095,0.15938279
Animal 11_4DLC_resnet50_Freezing_07-2020Sep29shuffle1_100000filtered,38,Turn,0.19209258,0.14612006,0.08171465,0.080332436,0.08682227,0.10767511,0.13180846,0.19209258,0.17343442
Animal 11_4DLC_resnet50_Freezing_07-2020Sep29shuffle1_100000filtered,39,Turn,0.19134887,0.14555432,0.08526998,0.08002141,0.08648612,0.10725823,0.13129814,0.19134887,0.17276293
Animal 11_4DLC_resnet50_Freezing_07-2020Sep29shuffle1_100000filtered,40,Turn,0.19134887,0.14555432,0.08526998,0.08002141,0.08648612,0.10725823,0.13129814,0.19134887,0.17276293
Animal 11_4DLC_resnet50_Freezing_07-2020Sep29shuffle1_100000filtered,41,Turn,0.1919679,0.14602521,0.08231072,0.0802803,0.086765915,0.10760522,0.1317229,0.1919679,0.17332184
Animal 11_4DLC_resnet50_Freezing_07-2020Sep29shuffle1_100000filtered,42,Turn,0.19351096,0.1368138,0.08531937,0.08092559,0.08746335,0.108470164,0.1327817,0.19351096,0.17471503
Animal 11_4DLC_resnet50_Freezing_07-2020Sep29shuffle1_100000filtered,43,Turn,0.18598919,0.09669972,0.17046769,0.077780016,0.08406365,0.08945537,0.12762047,0.18598919,0.16792385
Animal 11_4DLC_resnet50_Freezing_07-2020Sep29shuffle1_100000filtered,44,Turn,0.19226208,0.096383184,0.16630149,0.07752541,0.08378846,0.08916254,0.1272027,0.19226208,0.16737416
Animal 11_4DLC_resnet50_Freezing_07-2020Sep29shuffle1_100000filtered,45,Freeze,0.30693313,0.08116944,0.30693313,0.0652883,0.07056276,0.07508855,0.098088875,0.16191421,0.14095475
Animal 11_4DLC_resnet50_Freezing_07-2020Sep29shuffle1_100000filtered,46,Turn,0.19157085,0.09603666,0.1692988,0.07724668,0.08348722,0.088841975,0.12674537,0.19157085,0.1667724
Animal 11_4DLC_resnet50_Freezing_07-2020Sep29shuffle1_100000filtered,47,Turn,0.2070984,0.103820786,0.10196744,0.08350781,0.09025417,0.09604295,0.13701856,0.2070984,0.18028992
Animal 11_4DLC_resnet50_Freezing_07-2020Sep29shuffle1_100000filtered,48,Turn,0.18860388,0.09454928,0.079992376,0.07605031,0.14845124,0.12338099,0.1247824,0.18860388,0.1641895
Animal 11_4DLC_resnet50_Freezing_07-2020Sep29shuffle1_100000filtered,49,Jump,0.2114163,0.08534824,0.070385754,0.0686495,0.2114163,0.11797059,0.12776826,0.17024994,0.14821143
Animal 11_4DLC_resnet50_Freezing_07-2020Sep29shuffle1_100000filtered,50,Jump,0.20315479,0.082013085,0.067101926,0.06596688,0.20315479,0.11336065,0.12277546,0.16359708,0.18203011
Animal 11_4DLC_resnet50_Freezing_07-2020Sep29shuffle1_100000filtered,51,Locomotion,0.212255,0.0749067,0.061287586,0.060250893,0.18555155,0.212255,0.15942225,0.12045075,0.12587526
Animal 11_4DLC_resnet50_Freezing_07-2020Sep29shuffle1_100000filtered,52,Locomotion,0.31025362,0.08574614,0.06798134,0.06683142,0.123773076,0.31025362,0.1243845,0.09782086,0.12320903
Animal 11_4DLC_resnet50_Freezing_07-2020Sep29shuffle1_100000filtered,53,Locomotion,0.30486554,0.084257014,0.06680073,0.06567078,0.122861125,0.30486554,0.12222436,0.09612204,0.1371984
Animal 11_4DLC_resnet50_Freezing_07-2020Sep29shuffle1_100000filtered,54,Locomotion,0.31037754,0.09559161,0.07044011,0.0692486,0.082234114,0.31037754,0.1288833,0.13003293,0.11319181
Animal 11_4DLC_resnet50_Freezing_07-2020Sep29shuffle1_100000filtered,55,Locomotion,0.19527563,0.12723093,0.0711513,0.06994776,0.08306437,0.19527563,0.16522256,0.14893714,0.13917033
Animal 11_4DLC_resnet50_Freezing_07-2020Sep29shuffle1_100000filtered,56,Locomotion,0.17685498,0.12177228,0.068098664,0.06694675,0.13033083,0.17685498,0.15813394,0.1446631,0.13319944
Animal 11_4DLC_resnet50_Freezing_07-2020Sep29shuffle1_100000filtered,57,Sniff,0.18072964,0.13917227,0.08153119,0.076512754,0.08269401,0.12179394,0.18072964,0.16533396,0.15223226
Animal 11_4DLC_resnet50_Freezing_07-2020Sep29shuffle1_100000filtered,58,Turn,0.1777774,0.098664,0.07503012,0.07376097,0.09101772,0.1627629,0.17422968,0.1777774,0.1467572
Animal 11_4DLC_resnet50_Freezing_07-2020Sep29shuffle1_100000filtered,59,Locomotion,0.18077931,0.09770919,0.07430402,0.07304715,0.09013691,0.18077931,0.17254359,0.17467187,0.13680798
Animal 11_4DLC_resnet50_Freezing_07-2020Sep29shuffle1_100000filtered,60,Locomotion,0.18154582,0.10068386,0.07656615,0.07527102,0.09288105,0.18154582,0.14009203,0.17998962,0.15297042
Animal 11_4DLC_resnet50_Freezing_07-2020Sep29shuffle1_100000filtered,61,Locomotion,0.25385234,0.09548916,0.07261578,0.07138746,0.08808893,0.25385234,0.13286409,0.15200265,0.13369961
Animal 11_4DLC_resnet50_Freezing_07-2020Sep29shuffle1_100000filtered,62,Locomotion,0.2630499,0.09894892,0.07524679,0.07397397,0.091280565,0.2630499,0.13767801,0.13890609,0.12091576
Animal 11_4DLC_resnet50_Freezing_07-2020Sep29shuffle1_100000filtered,63,Locomotion,0.36033678,0.090754375,0.06687562,0.06574441,0.07796199,0.36033678,0.12236141,0.10850143,0.10746395
Animal 11_4DLC_resnet50_Freezing_07-2020Sep29shuffle1_100000filtered,64,Locomotion,0.36325112,0.091488376,0.0674165,0.06627613,0.078592524,0.36325112,0.12335104,0.10937896,0.10024537
Animal 11_4DLC_resnet50_Freezing_07-2020Sep29shuffle1_100000filtered,65,Locomotion,0.34796742,0.087639034,0.06457997,0.06348758,0.10961307,0.34796742,0.118161075,0.104776874,0.10377501
Animal 11_4DLC_resnet50_Freezing_07-2020Sep29shuffle1_100000filtered,66,Locomotion,0.34796742,0.087639034,0.06457997,0.06348758,0.10961307,0.34796742,0.118161075,0.104776874,0.10377501
Animal 11_4DLC_resnet50_Freezing_07-2020Sep29shuffle1_100000filtered,67,Locomotion,0.35472003,0.08933974,0.065833196,0.06471962,0.1117402,0.35472003,0.120454095,0.10681016,0.08638297
Animal 11_4DLC_resnet50_Freezing_07-2020Sep29shuffle1_100000filtered,68,Locomotion,0.35472003,0.08933974,0.065833196,0.06471962,0.1117402,0.35472003,0.120454095,0.10681016,0.08638297
Animal 11_4DLC_resnet50_Freezing_07-2020Sep29shuffle1_100000filtered,69,Locomotion,0.35472003,0.08933974,0.065833196,0.06471962,0.1117402,0.35472003,0.120454095,0.10681016,0.08638297
Animal 11_4DLC_resnet50_Freezing_07-2020Sep29shuffle1_100000filtered,70,Locomotion,0.35068431,0.08832331,0.065084204,0.063983284,0.11046892,0.35068431,0.119083665,0.10559496,0.09677735
Animal 11_4DLC_resnet50_Freezing_07-2020Sep29shuffle1_100000filtered,71,Locomotion,0.36325112,0.091488376,0.0674165,0.06627613,0.078592524,0.36325112,0.12335104,0.10937896,0.10024537
Animal 11_4DLC_resnet50_Freezing_07-2020Sep29shuffle1_100000filtered,72,Locomotion,0.36033678,0.090754375,0.06687562,0.06574441,0.07796199,0.36033678,0.12236141,0.10850143,0.10746395
Animal 11_4DLC_resnet50_Freezing_07-2020Sep29shuffle1_100000filtered,73,Locomotion,0.36033678,0.090754375,0.06687562,0.06574441,0.07796199,0.36033678,0.12236141,0.10850143,0.10746395
Animal 11_4DLC_resnet50_Freezing_07-2020Sep29shuffle1_100000filtered,74,Locomotion,0.18765509,0.13574365,0.075911865,0.074627794,0.088496216,0.18765509,0.13889489,0.15890217,0.13976833
Animal 11_4DLC_resnet50_Freezing_07-2020Sep29shuffle1_100000filtered,75,Locomotion,0.1740371,0.1480747,0.075393274,0.07411798,0.09145825,0.1740371,0.13794602,0.16015916,0.13881351
Animal 11_4DLC_resnet50_Freezing_07-2020Sep29shuffle1_100000filtered,76,Locomotion,0.18452904,0.14660956,0.074647285,0.07338461,0.09055331,0.18452904,0.13658111,0.1562551,0.13744
Animal 11_4DLC_resnet50_Freezing_07-2020Sep29shuffle1_100000filtered,77,Locomotion,0.18452904,0.14660956,0.074647285,0.07338461,0.09055331,0.18452904,0.13658111,0.1562551,0.13744
Animal 11_4DLC_resnet50_Freezing_07-2020Sep29shuffle1_100000filtered,78,Locomotion,0.20864438,0.14227398,0.0724398,0.07121446,0.08787545,0.20864438,0.13254209,0.15163426,0.13337559
Animal 11_4DLC_resnet50_Freezing_07-2020Sep29shuffle1_100000filtered,79,Locomotion,0.1948241,0.1422666,0.07243604,0.071210764,0.08787089,0.1948241,0.13253522,0.16548768,0.13336867
Animal 11_4DLC_resnet50_Freezing_07-2020Sep29shuffle1_100000filtered,80,Locomotion,0.20864438,0.14227398,0.0724398,0.07121446,0.08787545,0.20864438,0.13254209,0.15163426,0.13337559
Animal 11_4DLC_resnet50_Freezing_07-2020Sep29shuffle1_100000filtered,81,Locomotion,0.36019516,0.0956579,0.06417749,0.06309191,0.077852584,0.36019516,0.11742467,0.11847206,0.103128254
Animal 11_4DLC_resnet50_Freezing_07-2020Sep29shuffle1_100000filtered,82,Locomotion,0.35714918,0.098797746,0.06628403,0.06516282,0.07727232,0.35714918,0.12127898,0.107541606,0.1065133
Animal 11_4DLC_resnet50_Freezing_07-2020Sep29shuffle1_100000filtered,83,Locomotion,0.35714918,0.098797746,0.06628403,0.06516282,0.07727232,0.35714918,0.12127898,0.107541606,0.1065133
Animal 11_4DLC_resnet50_Freezing_07-2020Sep29shuffle1_100000filtered,84,Locomotion,0.22302458,0.115414776,0.0774325,0.07612271,0.090268925,0.22302458,0.14167716,0.14294091,0.13311842
Animal 11_4DLC_resnet50_Freezing_07-2020Sep29shuffle1_100000filtered,85,Locomotion,0.22013797,0.11392096,0.07643029,0.07513745,0.09271624,0.22013797,0.13984343,0.14109083,0.14072284
Animal 11_4DLC_resnet50_Freezing_07-2020Sep29shuffle1_100000filtered,86,Locomotion,0.36019516,0.0956579,0.06417749,0.06309191,0.077852584,0.36019516,0.11742467,0.11847206,0.103128254
Animal 11_4DLC_resnet50_Freezing_07-2020Sep29shuffle1_100000filtered,87,Locomotion,0.36129203,0.0959492,0.06437293,0.06328405,0.07504441,0.36129203,0.11778225,0.11883284,0.103442304
Animal 11_4DLC_resnet50_Freezing_07-2020Sep29shuffle1_100000filtered,88,Locomotion,0.36129203,0.0959492,0.06437293,0.06328405,0.07504441,0.36129203,0.11778225,0.11883284,0.103442304
Animal 11_4DLC_resnet50_Freezing_07-2020Sep29shuffle1_100000filtered,89,Locomotion,0.36129203,0.0959492,0.06437293,0.06328405,0.07504441,0.36129203,0.11778225,0.11883284,0.103442304
Animal 11_4DLC_resnet50_Freezing_07-2020Sep29shuffle1_100000filtered,90,Locomotion,0.36129203,0.0959492,0.06437293,0.06328405,0.07504441,0.36129203,0.11778225,0.11883284,0.103442304
Animal 11_4DLC_resnet50_Freezing_07-2020Sep29shuffle1_100000filtered,91,Locomotion,0.22448374,0.11616989,0.08014377,0.07662075,0.090859525,0.22448374,0.1426041,0.14387612,0.12524211
Animal 11_4DLC_resnet50_Freezing_07-2020Sep29shuffle1_100000filtered,92,Locomotion,0.20893222,0.14247027,0.07459167,0.07131271,0.084565066,0.20893222,0.13272496,0.15184347,0.1335596
Animal 11_4DLC_resnet50_Freezing_07-2020Sep29shuffle1_100000filtered,93,Locomotion,0.3573625,0.098856755,0.07282417,0.06520174,0.08045602,0.3573625,0.11111608,0.10760584,0.10657692
Animal 11_4DLC_resnet50_Freezing_07-2020Sep29shuffle1_100000filtered,94,Locomotion,0.36402434,0.10069961,0.074181736,0.06641721,0.07875982,0.36402434,0.11318747,0.094166145,0.10856369
Animal 11_4DLC_resnet50_Freezing_07-2020Sep29shuffle1_100000filtered,95,Locomotion,0.35939714,0.099419594,0.068588,0.06557296,0.077758685,0.35939714,0.12204232,0.100037605,0.10718371
Animal 11_4DLC_resnet50_Freezing_07-2020Sep29shuffle1_100000filtered,96,Locomotion,0.34333977,0.09497767,0.06552359,0.06264326,0.118963115,0.34333977,0.11658964,0.09556806,0.102394894
Animal 11_4DLC_resnet50_Freezing_07-2020Sep29shuffle1_100000filtered,97,Locomotion,0.17497392,0.13901795,0.07078197,0.069584675,0.13214526,0.17497392,0.1295088,0.15366422,0.1303232
Animal 11_4DLC_resnet50_Freezing_07-2020Sep29shuffle1_100000filtered,98,Locomotion,0.19509098,0.11763177,0.078919895,0.07758495,0.10639373,0.19509098,0.14439864,0.13467333,0.1453067
Animal 11_4DLC_resnet50_Freezing_07-2020Sep29shuffle1_100000filtered,99,Turn,0.15833524,0.1485613,0.075641036,0.07436155,0.10197341,0.14622611,0.15563169,0.15833524,0.13926968
Animal 11_4DLC_resnet50_Freezing_07-2020Sep29shuffle1_100000filtered,100,Turn,0.15833524,0.1485613,0.075641036,0.07436155,0.10197341,0.14622611,0.15563169,0.15833524,0.13926968
Animal 11_4DLC_resnet50_Freezing_07-2020Sep29shuffle1_100000filtered,101,Turn,0.15833524,0.1485613,0.075641036,0.07436155,0.10197341,0.14622611,0.15563169,0.15833524,0.13926968
Animal 11_4DLC_resnet50_Freezing_07-2020Sep29shuffle1_100000filtered,102,Turn,0.15833524,0.1485613,0.075641036,0.07436155,0.10197341,0.14622611,0.15563169,0.15833524,0.13926968
Animal 11_4DLC_resnet50_Freezing_07-2020Sep29shuffle1_100000filtered,103,Sniff,0.16423403,0.11897636,0.0820799,0.07847178,0.10760985,0.15430857,0.16423403,0.14735192,0.14696762
Animal 11_4DLC_resnet50_Freezing_07-2020Sep29shuffle1_100000filtered,104,Turn,0.15799718,0.14824411,0.07761461,0.074202776,0.10175568,0.14591391,0.1552994,0.15799718,0.13897231
Animal 11_4DLC_resnet50_Freezing_07-2020Sep29shuffle1_100000filtered,105,Turn,0.1602716,0.15037814,0.083904624,0.07527095,0.10322049,0.14801438,0.13796698,0.1602716,0.14097287
Animal 11_4DLC_resnet50_Freezing_07-2020Sep29shuffle1_100000filtered,106,Unassigned,0.18439768,0.14827934,0.09153779,0.07422041,0.10177986,0.14594857,0.12456705,0.1292693,0.18439768
Animal 11_4DLC_resnet50_Freezing_07-2020Sep29shuffle1_100000filtered,107,Climb,0.153886,0.153886,0.08603164,0.07702679,0.10562832,0.1514671,0.12927711,0.15242167,0.14426135
Animal 11_4DLC_resnet50_Freezing_07-2020Sep29shuffle1_100000filtered,108,Turn,0.17802547,0.1530451,0.085561514,0.076605886,0.10505111,0.12966722,0.12857068,0.17802547,0.14347303
Animal 11_4DLC_resnet50_Freezing_07-2020Sep29shuffle1_100000filtered,109,Turn,0.18069932,0.11748595,0.1343702,0.077756464,0.09339333,0.12016512,0.13050175,0.18069932,0.14562792
Animal 11_4DLC_resnet50_Freezing_07-2020Sep29shuffle1_100000filtered,110,Turn,0.1815848,0.11473852,0.16707996,0.07593812,0.091209315,0.10178511,0.11333802,0.1815848,0.15432614
Animal 11_4DLC_resnet50_Freezing_07-2020Sep29shuffle1_100000filtered,111,Turn,0.18381926,0.11615041,0.14626215,0.07687256,0.09233167,0.1030376,0.12530115,0.18381926,0.15622516
Animal 11_4DLC_resnet50_Freezing_07-2020Sep29shuffle1_100000filtered,112,Turn,0.17982416,0.11362601,0.16481715,0.075201824,0.09032495,0.1007982,0.122577876,0.17982416,0.1528298
Animal 11_4DLC_resnet50_Freezing_07-2020Sep29shuffle1_100000filtered,113,Turn,0.182842,0.10738184,0.16758314,0.07646387,0.091840796,0.09385872,0.124634996,0.182842,0.1553946
Animal 11_4DLC_resnet50_Freezing_07-2020Sep29shuffle1_100000filtered,114,Turn,0.182842,0.10738184,0.16758314,0.07646387,0.091840796,0.09385872,0.124634996,0.182842,0.1553946
Animal 11_4DLC_resnet50_Freezing_07-2020Sep29shuffle1_100000filtered,115,Turn,0.18903047,0.11101629,0.13940917,0.07905187,0.09494924,0.09703545,0.1288534,0.18903047,0.16065408
Animal 11_4DLC_resnet50_Freezing_07-2020Sep29shuffle1_100000filtered,116,Turn,0.19730584,0.14773136,0.08368313,0.079559185,0.09555859,0.10479647,0.12968032,0.19730584,0.1616851
Animal 11_4DLC_resnet50_Freezing_07-2020Sep29shuffle1_100000filtered,117,Jump,0.2075268,0.12671511,0.07177837,0.068241104,0.2075268,0.106585704,0.11123201,0.16923712,0.13868378
Animal 11_4DLC_resnet50_Freezing_07-2020Sep29shuffle1_100000filtered,118,Turn,0.18002641,0.13479352,0.07384068,0.07259164,0.14273645,0.11338081,0.13510525,0.18002641,0.1475252
Animal 11_4DLC_resnet50_Freezing_07-2020Sep29shuffle1_100000filtered,119,Jump,0.26738757,0.14581367,0.063000344,0.061934683,0.26738757,0.1715498,0.11527087,0.081405975,0.093637064
Animal 11_4DLC_resnet50_Freezing_07-2020Sep29shuffle1_100000filtered,120,Jump,0.20915034,0.10101455,0.07291564,0.07168226,0.20915034,0.17750214,0.13341275,0.12594824,0.10837411
Animal 11_4DLC_resnet50_Freezing_07-2020Sep29shuffle1_100000filtered,121,Locomotion,0.21672593,0.105855264,0.07640984,0.075117335,0.14053436,0.21672593,0.139806,0.13198379,0.1135675
Animal 11_4DLC_resnet50_Freezing_07-2020Sep29shuffle1_100000filtered,122,Locomotion,0.21441169,0.10472492,0.07559392,0.07431522,0.1390337,0.21441169,0.13831313,0.14125258,0.11235481
Animal 11_4DLC_resnet50_Freezing_07-2020Sep29shuffle1_100000filtered,123,Locomotion,0.17172313,0.10955914,0.07908341,0.07774569,0.14545166,0.17172313,0.14469783,0.14598851,0.12575063
Animal 11_4DLC_resnet50_Freezing_07-2020Sep29shuffle1_100000filtered,124,Locomotion,0.18209147,0.114466466,0.07679628,0.07549725,0.0896545,0.18209147,0.17833091,0.14176644,0.14139669
Animal 11_4DLC_resnet50_Freezing_07-2020Sep29shuffle1_100000filtered,125,Locomotion,0.17194842,0.14242853,0.07251849,0.07129182,0.08809595,0.17194842,0.16839734,0.15179898,0.13352047
Animal 11_4DLC_resnet50_Freezing_07-2020Sep29shuffle1_100000filtered,126,Locomotion,0.17194842,0.14242853,0.07251849,0.07129182,0.08809595,0.17194842,0.16839734,0.15179898,0.13352047
Animal 11_4DLC_resnet50_Freezing_07-2020Sep29shuffle1_100000filtered,127,Locomotion,0.17194842,0.14242853,0.07251849,0.07129182,0.08809595,0.17194842,0.16839734,0.15179898,0.13352047
Animal 11_4DLC_resnet50_Freezing_07-2020Sep29shuffle1_100000filtered,128,Locomotion,0.2484327,0.10592457,0.07106546,0.06986337,0.08633081,0.2484327,0.16502324,0.13118732,0.1221725
Animal 11_4DLC_resnet50_Freezing_07-2020Sep29shuffle1_100000filtered,129,Locomotion,0.30325916,0.103109345,0.06917671,0.06800657,0.08075917,0.30325916,0.1606373,0.11223479,0.102816954
Animal 11_4DLC_resnet50_Freezing_07-2020Sep29shuffle1_100000filtered,130,Locomotion,0.31097403,0.10573243,0.07093655,0.069736645,0.08281367,0.31097403,0.12182408,0.13254999,0.10543261
Animal 11_4DLC_resnet50_Freezing_07-2020Sep29shuffle1_100000filtered,131,Locomotion,0.2968289,0.10092303,0.0677099,0.06656457,0.12453328,0.2968289,0.116282724,0.12652074,0.10063684
Animal 11_4DLC_resnet50_Freezing_07-2020Sep29shuffle1_100000filtered,132,Locomotion,0.2968289,0.10092303,0.0677099,0.06656457,0.12453328,0.2968289,0.116282724,0.12652074,0.10063684
Animal 11_4DLC_resnet50_Freezing_07-2020Sep29shuffle1_100000filtered,133,Locomotion,0.28656554,0.09743345,0.06536871,0.064262986,0.17504622,0.28656554,0.10810936,0.10605656,0.09715715
Animal 11_4DLC_resnet50_Freezing_07-2020Sep29shuffle1_100000filtered,134,Locomotion,0.30337155,0.10314756,0.06920235,0.06803177,0.11831798,0.30337155,0.11444957,0.11227639,0.11120281
Animal 11_4DLC_resnet50_Freezing_07-2020Sep29shuffle1_100000filtered,135,Locomotion,0.29590616,0.100609295,0.06749941,0.06635764,0.14829329,0.29590616,0.11163318,0.1012347,0.10846632
Animal 11_4DLC_resnet50_Freezing_07-2020Sep29shuffle1_100000filtered,136,Locomotion,0.24311021,0.10365521,0.06954294,0.0683666,0.1516733,0.24311021,0.10246745,0.13314235,0.12804192
Animal 11_4DLC_resnet50_Freezing_07-2020Sep29shuffle1_100000filtered,137,Locomotion,0.22391398,0.18410143,0.06405176,0.062968306,0.14536588,0.22391398,0.09437652,0.107290484,0.117931604
Animal 11_4DLC_resnet50_Freezing_07-2020Sep29shuffle1_100000filtered,138,Locomotion,0.22391398,0.18410143,0.06405176,0.062968306,0.14536588,0.22391398,0.09437652,0.107290484,0.117931604
Animal 11_4DLC_resnet50_Freezing_07-2020Sep29shuffle1_100000filtered,139,Locomotion,0.21014653,0.18502893,0.064374454,0.063285545,0.14609823,0.21014653,0.094851986,0.11768863,0.118525736
Animal 11_4DLC_resnet50_Freezing_07-2020Sep29shuffle1_100000filtered,140,Locomotion,0.22129245,0.18194601,0.065092474,0.062231086,0.14366396,0.22129245,0.103188805,0.106034346,0.116550885
Animal 11_4DLC_resnet50_Freezing_07-2020Sep29shuffle1_100000filtered,141,Climb,0.21534857,0.21534857,0.07704247,0.07365579,0.07960623,0.15729271,0.12213273,0.13697359,0.13794787
Animal 11_4DLC_resnet50_Freezing_07-2020Sep29shuffle1_100000filtered,142,Climb,0.193302,0.193302,0.06915515,0.06611519,0.15263063,0.163359,0.10962925,0.12198347,0.1238253
Animal 11_4DLC_resnet50_Freezing_07-2020Sep29shuffle1_100000filtered,143,Climb,0.16766523,0.16766523,0.10188772,0.07582559,0.08195133,0.1529428,0.12573059,0.13989928,0.15409744
Animal 11_4DLC_resnet50_Freezing_07-2020Sep29shuffle1_100000filtered,144,Climb,0.16407919,0.16407919,0.114810206,0.07420383,0.08019855,0.15595809,0.12304146,0.13690712,0.1508016
Animal 11_4DLC_resnet50_Freezing_07-2020Sep29shuffle1_100000filtered,145,Climb,0.2033194,0.2033194,0.07314612,0.06954145,0.16054033,0.10851082,0.11531051,0.12830496,0.14132643
Animal 11_4DLC_resnet50_Freezing_07-2020Sep29shuffle1_100000filtered,146,Climb,0.22122534,0.22122534,0.09239195,0.075665824,0.081778646,0.11009531,0.12546568,0.13960452,0.15377276
Animal 11_4DLC_resnet50_Freezing_07-2020Sep29shuffle1_100000filtered,147,Climb,0.2033194,0.2033194,0.07314612,0.06954145,0.16054033,0.10851082,0.11531051,0.12830496,0.14132643
Animal 11_4DLC_resnet50_Freezing_07-2020Sep29shuffle1_100000filtered,148,Unassigned,0.1662213,0.1518761,0.09735121,0.08179129,0.08839898,0.12783235,0.13562265,0.15090609,0.1662213
Animal 11_4DLC_resnet50_Freezing_07-2020Sep29shuffle1_100000filtered,149,Jump,0.16836402,0.13542263,0.074185304,0.07293045,0.16836402,0.104215465,0.16211063,0.13455771,0.14821376
Animal 11_4DLC_resnet50_Freezing_07-2020Sep29shuffle1_100000filtered,150,Sniff,0.18883568,0.12569006,0.06885374,0.06768906,0.16738403,0.105723485,0.18883568,0.1382621,0.1375619
Animal 11_4DLC_resnet50_Freezing_07-2020Sep29shuffle1_100000filtered,151,Sniff,0.19371329,0.12893662,0.070632234,0.069437474,0.1355429,0.11878897,0.19371329,0.1418334,0.14111511
Animal 11_4DLC_resnet50_Freezing_07-2020Sep29shuffle1_100000filtered,152,Sniff,0.1943921,0.12938844,0.07087974,0.069680795,0.13601786,0.12680747,0.1943921,0.14233041,0.13050322
Animal 11_4DLC_resnet50_Freezing_07-2020Sep29shuffle1_100000filtered,153,Sniff,0.1884219,0.12541464,0.06870287,0.06754074,0.13184045,0.13462535,0.1884219,0.15695888,0.12649518
Animal 11_4DLC_resnet50_Freezing_07-2020Sep29shuffle1_100000filtered,154,Sniff,0.17017683,0.13536109,0.07415158,0.0728973,0.14229651,0.12388013,0.17017683,0.14470927,0.13652731
Animal 11_4DLC_resnet50_Freezing_07-2020Sep29shuffle1_100000filtered,155,Sniff,0.16776842,0.1334454,0.07310216,0.071865626,0.14028268,0.14822865,0.16776842,0.13071196,0.13459513
Animal 11_4DLC_resnet50_Freezing_07-2020Sep29shuffle1_100000filtered,156,Jump,0.17165405,0.12889643,0.07061022,0.06941583,0.17165405,0.15332428,0.16204944,0.11404277,0.13000698
Animal 11_4DLC_resnet50_Freezing_07-2020Sep29shuffle1_100000filtered,157,Sniff,0.18092711,0.13913566,0.081065856,0.07750231,0.122886896,0.14104132,0.18092711,0.112288944,0.14515191
Animal 11_4DLC_resnet50_Freezing_07-2020Sep29shuffle1_100000filtered,158,Locomotion,0.21697775,0.1024609,0.078662515,0.07520462,0.119243704,0.21697775,0.17556322,0.10895994,0.12292735
Animal 11_4DLC_resnet50_Freezing_07-2020Sep29shuffle1_100000filtered,159,Locomotion,0.22505954,0.10907459,0.07783203,0.07441064,0.11338371,0.22505954,0.17370969,0.10490028,0.12162953
Animal 11_4DLC_resnet50_Freezing_07-2020Sep29shuffle1_100000filtered,160,Locomotion,0.2326543,0.11275538,0.08045852,0.07692168,0.11720992,0.2326543,0.17957163,0.097759195,0.10266938
Animal 11_4DLC_resnet50_Freezing_07-2020Sep29shuffle1_100000filtered,161,Locomotion,0.3022899,0.09936859,0.07090615,0.06778921,0.10329427,0.3022899,0.15825215,0.09556574,0.102533974
Animal 11_4DLC_resnet50_Freezing_07-2020Sep29shuffle1_100000filtered,162,Locomotion,0.30597815,0.10058099,0.07177128,0.06861631,0.10455457,0.30597815,0.16018298,0.09673174,0.09158398
Animal 11_4DLC_resnet50_Freezing_07-2020Sep29shuffle1_100000filtered,163,Locomotion,0.30597815,0.10058099,0.07177128,0.06861631,0.10455457,0.30597815,0.16018298,0.09673174,0.09158398
Animal 11_4DLC_resnet50_Freezing_07-2020Sep29shuffle1_100000filtered,164,Locomotion,0.3022899,0.09936859,0.07090615,0.06778921,0.10329427,0.3022899,0.15825215,0.09556574,0.102533974
Animal 11_4DLC_resnet50_Freezing_07-2020Sep29shuffle1_100000filtered,165,Jump,0.2702861,0.09452601,0.06541427,0.06460204,0.2702861,0.2051003,0.077380426,0.10465871,0.11803212
Animal 11_4DLC_resnet50_Freezing_07-2020Sep29shuffle1_100000filtered,166,Locomotion,0.24923088,0.114864774,0.08942811,0.07935578,0.13353585,0.24923088,0.09403006,0.12717769,0.11237681
Animal 11_4DLC_resnet50_Freezing_07-2020Sep29shuffle1_100000filtered,167,Locomotion,0.2598508,0.11975925,0.09323871,0.08273719,0.09661518,0.2598508,0.09803676,0.13259682,0.117165275
Animal 11_4DLC_resnet50_Freezing_07-2020Sep29shuffle1_100000filtered,168,Locomotion,0.2574665,0.118660375,0.10155889,0.08197802,0.095728666,0.2574665,0.097137205,0.13138016,0.1160902
Animal 11_4DLC_resnet50_Freezing_07-2020Sep29shuffle1_100000filtered,169,Locomotion,0.24040212,0.1107958,0.10471195,0.07654468,0.08938396,0.24040212,0.09069914,0.13346216,0.15400022
Animal 11_4DLC_resnet50_Freezing_07-2020Sep29shuffle1_100000filtered,170,Locomotion,0.27280313,0.11531989,0.098699845,0.079670206,0.09303375,0.27280313,0.098565936,0.11366816,0.1282391
Animal 11_4DLC_resnet50_Freezing_07-2020Sep29shuffle1_100000filtered,171,Locomotion,0.18619199,0.12140449,0.097149834,0.08620781,0.10066793,0.18619199,0.116478406,0.12299556,0.16890399
Animal 11_4DLC_resnet50_Freezing_07-2020Sep29shuffle1_100000filtered,172,Locomotion,0.1827643,0.15702733,0.09536137,0.08462077,0.10282456,0.1827643,0.11433411,0.13086753,0.13220008
Animal 11_4DLC_resnet50_Freezing_07-2020Sep29shuffle1_100000filtered,173,Climb,0.19024442,0.19024442,0.07650422,0.06980784,0.08544556,0.1893275,0.09382653,0.115691096,0.17915286
Animal 11_4DLC_resnet50_Freezing_07-2020Sep29shuffle1_100000filtered,174,Locomotion,0.17434095,0.1542341,0.09742839,0.08505828,0.09044764,0.17434095,0.109808,0.14839171,0.14029096
Animal 11_4DLC_resnet50_Freezing_07-2020Sep29shuffle1_100000filtered,175,Locomotion,0.17504768,0.1500666,0.08270973,0.07907393,0.12537883,0.17504768,0.10684092,0.14438207,0.13650021
Animal 11_4DLC_resnet50_Freezing_07-2020Sep29shuffle1_100000filtered,176,Locomotion,0.1851544,0.14964649,0.08247819,0.07885256,0.12502785,0.1851544,0.10654182,0.15394713,0.11835155
Animal 11_4DLC_resnet50_Freezing_07-2020Sep29shuffle1_100000filtered,177,Locomotion,0.1851544,0.14964649,0.08247819,0.07885256,0.12502785,0.1851544,0.10654182,0.15394713,0.11835155
Animal 11_4DLC_resnet50_Freezing_07-2020Sep29shuffle1_100000filtered,178,Locomotion,0.24254769,0.12944603,0.07134464,0.06820841,0.1081506,0.24254769,0.14392747,0.1258455,0.11052968
Animal 11_4DLC_resnet50_Freezing_07-2020Sep29shuffle1_100000filtered,179,Locomotion,0.17043205,0.13774751,0.07592003,0.072582684,0.11508639,0.17043205,0.15904076,0.13391608,0.13527448
Animal 11_4DLC_resnet50_Freezing_07-2020Sep29shuffle1_100000filtered,180,Jump,0.18384871,0.1211499,0.06677219,0.06383698,0.18384871,0.14989617,0.177741,0.117780134,0.11897486
Animal 11_4DLC_resnet50_Freezing_07-2020Sep29shuffle1_100000filtered,181,Sniff,0.21813363,0.14868186,0.091484316,0.07834428,0.084673494,0.107181504,0.21813363,0.14454632,0.12695454
Animal 11_4DLC_resnet50_Freezing_07-2020Sep29shuffle1_100000filtered,182,Sniff,0.15376659,0.14788362,0.11474703,0.07792366,0.12355499,0.112080924,0.15376659,0.14377026,0.12627295
Animal 11_4DLC_resnet50_Freezing_07-2020Sep29shuffle1_100000filtered,183,Turn,0.14889726,0.14077547,0.13381454,0.0741782,0.117616214,0.11813913,0.14637566,0.14889726,0.12020353
Animal 11_4DLC_resnet50_Freezing_07-2020Sep29shuffle1_100000filtered,184,Freeze,0.19752398,0.13702667,0.19752398,0.07768358,0.08395942,0.097327545,0.15329283,0.12730202,0.1258839
Animal 11_4DLC_resnet50_Freezing_07-2020Sep29shuffle1_100000filtered,185,Freeze,0.22315313,0.13673107,0.22315313,0.077516004,0.083778314,0.09515021,0.15296216,0.1270274,0.10368171
Animal 11_4DLC_resnet50_Freezing_07-2020Sep29shuffle1_100000filtered,186,Freeze,0.4210651,0.08188828,0.4210651,0.061383802,0.06634283,0.075348064,0.12112852,0.090739295,0.08210405
Animal 11_4DLC_resnet50_Freezing_07-2020Sep29shuffle1_100000filtered,187,Freeze,0.20476563,0.10743219,0.20476563,0.08053163,0.087037556,0.09885186,0.15891287,0.13196918,0.13049908
Animal 11_4DLC_resnet50_Freezing_07-2020Sep29shuffle1_100000filtered,188,Freeze,0.46512058,0.068614125,0.46512058,0.051433437,0.05558861,0.06313409,0.10149349,0.09313043,0.1014852
Animal 11_4DLC_resnet50_Freezing_07-2020Sep29shuffle1_100000filtered,189,Freeze,0.41459584,0.07346883,0.41459584,0.055072542,0.091056526,0.071896866,0.08552396,0.09971975,0.10866566
Animal 11_4DLC_resnet50_Freezing_07-2020Sep29shuffle1_100000filtered,190,Freeze,0.4179076,0.07405569,0.4179076,0.055512454,0.091783874,0.07247117,0.08620712,0.09252847,0.10953367
Animal 11_4DLC_resnet50_Freezing_07-2020Sep29shuffle1_100000filtered,191,Unassigned,0.1484159,0.13267805,0.13569076,0.07521825,0.14682704,0.10537461,0.116808906,0.1389865,0.1484159
Animal 11_4DLC_resnet50_Freezing_07-2020Sep29shuffle1_100000filtered,192,Freeze,0.1993562,0.1382977,0.1993562,0.07840417,0.084738225,0.10447254,0.12175642,0.118272595,0.15470214
Animal 11_4DLC_resnet50_Freezing_07-2020Sep29shuffle1_100000filtered,193,Freeze,0.4847543,0.07151047,0.4847543,0.053604547,0.057935122,0.0655687,0.11110033,0.06822363,0.0873029
Animal 11_4DLC_resnet50_Freezing_07-2020Sep29shuffle1_100000filtered,194,Freeze,0.42308906,0.09295904,0.42308906,0.06167886,0.06666172,0.07544514,0.095783144,0.08392994,0.10045311
Animal 11_4DLC_resnet50_Freezing_07-2020Sep29shuffle1_100000filtered,195,Freeze,0.48921284,0.08153295,0.48921284,0.054097578,0.058467984,0.06617177,0.08400992,0.06885113,0.09765577
Animal 11_4DLC_resnet50_Freezing_07-2020Sep29shuffle1_100000filtered,196,Freeze,0.20524685,0.12165814,0.20524685,0.08072089,0.087242104,0.0987372,0.12535413,0.121767364,0.15927334
Animal 11_4DLC_resnet50_Freezing_07-2020Sep29shuffle1_100000filtered,197,Unassigned,0.15237086,0.1163858,0.13930663,0.07722266,0.15073967,0.101362556,0.11992161,0.1426902,0.15237086
Animal 11_4DLC_resnet50_Freezing_07-2020Sep29shuffle1_100000filtered,198,Freeze,0.1644538,0.12333569,0.1644538,0.08183395,0.0884451,0.102168396,0.12708265,0.15121083,0.16146958
Animal 11_4DLC_resnet50_Freezing_07-2020Sep29shuffle1_100000filtered,199,Freeze,0.20950048,0.10345495,0.20950048,0.08239379,0.08905015,0.100783475,0.12795202,0.12429093,0.1625742
Animal 11_4DLC_resnet50_Freezing_07-2020Sep29shuffle1_100000filtered,200,Freeze,0.25185,0.10485915,0.25185,0.08351211,0.09025883,0.102151416,0.12968871,0.12597793,0.111701824
Animal 11_4DLC_resnet50_Freezing_07-2020Sep29shuffle1_100000filtered,201,Freeze,0.39203286,0.08521141,0.39203286,0.06786423,0.073346786,0.08301102,0.1053886,0.1023731,0.09077195
Animal 11_4DLC_resnet50_Freezing_07-2020Sep29shuffle1_100000filtered,202,Freeze,0.25185,0.10485915,0.25185,0.08351211,0.09025883,0.102151416,0.12968871,0.12597793,0.111701824
Animal 11_4DLC_resnet50_Freezing_07-2020Sep29shuffle1_100000filtered,203,Freeze,0.22117485,0.096467495,0.22117485,0.076828815,0.14997089,0.10978612,0.12711313,0.11589618,0.102762565
Animal 11_4DLC_resnet50_Freezing_07-2020Sep29shuffle1_100000filtered,204,Freeze,0.2206739,0.09624901,0.2206739,0.07665481,0.14963123,0.11180234,0.12682524,0.11563369,0.102529824
Animal 11_4DLC_resnet50_Freezing_07-2020Sep29shuffle1_100000filtered,205,Freeze,0.21094187,0.092004284,0.21094187,0.07327422,0.14303227,0.106871694,0.12123206,0.11053408,0.14210948
Animal 11_4DLC_resnet50_Freezing_07-2020Sep29shuffle1_100000filtered,206,Jump,0.15656266,0.10070759,0.1466505,0.08020572,0.15656266,0.1169814,0.13270022,0.13622098,0.12997095
Animal 11_4DLC_resnet50_Freezing_07-2020Sep29shuffle1_100000filtered,207,Jump,0.16704594,0.10745087,0.08951101,0.08557622,0.16704594,0.12481437,0.1415857,0.1453422,0.13867368
Animal 11_4DLC_resnet50_Freezing_07-2020Sep29shuffle1_100000filtered,208,Jump,0.16497596,0.10611938,0.08840182,0.084515795,0.16497596,0.12326771,0.13983122,0.15593283,0.13695529
Animal 11_4DLC_resnet50_Freezing_07-2020Sep29shuffle1_100000filtered,209,Jump,0.16497596,0.10611938,0.08840182,0.084515795,0.16497596,0.12326771,0.13983122,0.15593283,0.13695529
Animal 11_4DLC_resnet50_Freezing_07-2020Sep29shuffle1_100000filtered,210,Sniff,0.18700758,0.10058357,0.081485294,0.08010695,0.15636985,0.116837345,0.18700758,0.14779846,0.1298109
Animal 11_4DLC_resnet50_Freezing_07-2020Sep29shuffle1_100000filtered,211,Sniff,0.21775378,0.09800698,0.07939793,0.0780549,0.15236422,0.113844395,0.21775378,0.14401239,0.11656539
Animal 11_4DLC_resnet50_Freezing_07-2020Sep29shuffle1_100000filtered,212,Sniff,0.21659584,0.09748581,0.07897572,0.07763983,0.151554,0.11323901,0.21659584,0.14856423,0.11594554
Animal 11_4DLC_resnet50_Freezing_07-2020Sep29shuffle1_100000filtered,213,Sniff,0.23392533,0.105285496,0.08529445,0.083851665,0.09062581,0.10468749,0.23392533,0.16045061,0.13587911
Animal 11_4DLC_resnet50_Freezing_07-2020Sep29shuffle1_100000filtered,214,Climb,0.19062687,0.19062687,0.10038759,0.076822475,0.08302875,0.09396869,0.18893853,0.14173855,0.1244885
Animal 11_4DLC_resnet50_Freezing_07-2020Sep29shuffle1_100000filtered,215,Climb,0.18128093,0.18128093,0.07431309,0.073056065,0.14260642,0.09589349,0.17967536,0.13478948,0.11838515
Animal 11_4DLC_resnet50_Freezing_07-2020Sep29shuffle1_100000filtered,216,Climb,0.28163093,0.28163093,0.08564042,0.07498045,0.081037916,0.09361192,0.12325482,0.13834,0.12150356
Animal 11_4DLC_resnet50_Freezing_07-2020Sep29shuffle1_100000filtered,217,Climb,0.26313213,0.26313213,0.07182722,0.07005539,0.13694344,0.1001071,0.11515888,0.1292532,0.11352265
Animal 11_4DLC_resnet50_Freezing_07-2020Sep29shuffle1_100000filtered,218,Climb,0.260901,0.260901,0.07065656,0.06946139,0.13558957,0.10849168,0.11418244,0.12815724,0.112560086
Animal 11_4DLC_resnet50_Freezing_07-2020Sep29shuffle1_100000filtered,219,Climb,0.26278812,0.26278812,0.071167625,0.069963805,0.13657029,0.10204339,0.11500833,0.12908421,0.11337424
Animal 11_4DLC_resnet50_Freezing_07-2020Sep29shuffle1_100000filtered,220,Climb,0.26499018,0.26499018,0.071763985,0.07055008,0.1377147,0.09451886,0.11597206,0.13016589,0.11432427
Animal 11_4DLC_resnet50_Freezing_07-2020Sep29shuffle1_100000filtered,221,Climb,0.2837987,0.2837987,0.08051338,0.07555759,0.08166168,0.0924215,0.12420354,0.13940483,0.122438796
Animal 11_4DLC_resnet50_Freezing_07-2020Sep29shuffle1_100000filtered,222,Climb,0.26333246,0.26333246,0.07131504,0.07010873,0.13685319,0.10018332,0.11524656,0.1293516,0.11360908
Animal 11_4DLC_resnet50_Freezing_07-2020Sep29shuffle1_100000filtered,223,Climb,0.26278812,0.26278812,0.071167625,0.069963805,0.13657029,0.10204339,0.11500833,0.12908421,0.11337424
Animal 11_4DLC_resnet50_Freezing_07-2020Sep29shuffle1_100000filtered,224,Climb,0.28429472,0.28429472,0.07699199,0.07568965,0.08180441,0.094497345,0.12442062,0.13964848,0.1226528
Animal 11_4DLC_resnet50_Freezing_07-2020Sep29shuffle1_100000filtered,225,Climb,0.30024573,0.30024573,0.06774156,0.066595696,0.1299957,0.09516329,0.10947173,0.122870006,0.107916325
Animal 11_4DLC_resnet50_Freezing_07-2020Sep29shuffle1_100000filtered,226,Climb,0.32285857,0.32285857,0.07284348,0.07161132,0.077396594,0.089405596,0.11771654,0.1321239,0.11604399
Animal 11_4DLC_resnet50_Freezing_07-2020Sep29shuffle1_100000filtered,227,Climb,0.3025907,0.3025907,0.06827063,0.06711582,0.13101098,0.08809631,0.11032672,0.12382964,0.108759165
Animal 11_4DLC_resnet50_Freezing_07-2020Sep29shuffle1_100000filtered,228,Climb,0.3201439,0.3201439,0.07566665,0.0710092,0.076854914,0.08865385,0.11672675,0.13587646,0.115068264
Animal 11_4DLC_resnet50_Freezing_07-2020Sep29shuffle1_100000filtered,229,Climb,0.3218276,0.3218276,0.07261086,0.07138264,0.07725911,0.08731472,0.11734063,0.13659105,0.11567342
Animal 11_4DLC_resnet50_Freezing_07-2020Sep29shuffle1_100000filtered,230,Climb,0.27583203,0.27583203,0.06223333,0.06118064,0.18841484,0.09555798,0.10057032,0.117069475,0.09914139
Animal 11_4DLC_resnet50_Freezing_07-2020Sep29shuffle1_100000filtered,231,Climb,0.3196138,0.3196138,0.0721114,0.07089162,0.10930973,0.110725544,0.11653347,0.09494651,0.10586792
Animal 11_4DLC_resnet50_Freezing_07-2020Sep29shuffle1_100000filtered,232,Climb,0.31047097,0.31047097,0.070048586,0.0688637,0.1340627,0.10755814,0.113199934,0.09977292,0.09602307
Animal 11_4DLC_resnet50_Freezing_07-2020Sep29shuffle1_100000filtered,233,Climb,0.30836898,0.30836898,0.069574334,0.06839747,0.13315506,0.106829934,0.11243353,0.09909743,0.10214321
Animal 11_4DLC_resnet50_Freezing_07-2020Sep29shuffle1_100000filtered,234,Climb,0.30432987,0.30432987,0.06866302,0.067501575,0.13141094,0.10543064,0.110960834,0.11089784,0.100805305
Animal 11_4DLC_resnet50_Freezing_07-2020Sep29shuffle1_100000filtered,235,Climb,0.33114088,0.33114088,0.06944105,0.06826644,0.08423772,0.116430365,0.11221815,0.11631786,0.10194754
Animal 11_4DLC_resnet50_Freezing_07-2020Sep29shuffle1_100000filtered,236,Climb,0.33114088,0.33114088,0.06944105,0.06826644,0.08423772,0.116430365,0.11221815,0.11631786,0.10194754
Animal 11_4DLC_resnet50_Freezing_07-2020Sep29shuffle1_100000filtered,237,Climb,0.33245137,0.33245137,0.069715865,0.0685366,0.084571086,0.102258116,0.112662256,0.12745373,0.102350995
Animal 11_4DLC_resnet50_Freezing_07-2020Sep29shuffle1_100000filtered,238,Climb,0.33114088,0.33114088,0.06944105,0.06826644,0.08423772,0.116430365,0.11221815,0.11631786,0.10194754
Animal 11_4DLC_resnet50_Freezing_07-2020Sep29shuffle1_100000filtered,239,Climb,0.3295291,0.3295291,0.07105776,0.06793416,0.0838277,0.10819464,0.11167194,0.1263334,0.101451315
Animal 11_4DLC_resnet50_Freezing_07-2020Sep29shuffle1_100000filtered,240,Climb,0.3289515,0.3289515,0.07559355,0.06781509,0.083680764,0.11566057,0.111476205,0.11554881,0.10127349
Animal 11_4DLC_resnet50_Freezing_07-2020Sep29shuffle1_100000filtered,241,Climb,0.32802427,0.32802427,0.0850747,0.067623936,0.08344489,0.107700564,0.10178608,0.12535751,0.10098803
Animal 11_4DLC_resnet50_Freezing_07-2020Sep29shuffle1_100000filtered,242,Climb,0.3295291,0.3295291,0.07105776,0.06793416,0.0838277,0.10819464,0.11167194,0.1263334,0.101451315
Animal 11_4DLC_resnet50_Freezing_07-2020Sep29shuffle1_100000filtered,243,Climb,0.33049172,0.33049172,0.07126533,0.06813261,0.084072575,0.116202116,0.111998156,0.11608983,0.10174768
Animal 11_4DLC_resnet50_Freezing_07-2020Sep29shuffle1_100000filtered,244,Climb,0.33187073,0.33187073,0.0715627,0.0684169,0.08442338,0.11668698,0.11246548,0.11240163,0.102172226
Animal 11_4DLC_resnet50_Freezing_07-2020Sep29shuffle1_100000filtered,245,Climb,0.33102596,0.33102596,0.07138053,0.06824274,0.08420848,0.108686104,0.1121792,0.12236481,0.10191215
Animal 11_4DLC_resnet50_Freezing_07-2020Sep29shuffle1_100000filtered,246,Climb,0.33187073,0.33187073,0.0715627,0.0684169,0.08442338,0.11668698,0.11246548,0.11240163,0.102172226
Animal 11_4DLC_resnet50_Freezing_07-2020Sep29shuffle1_100000filtered,247,Climb,0.32339132,0.32339132,0.08387312,0.06666882,0.08226633,0.11370559,0.10034847,0.10488417,0.12486219
Animal 11_4DLC_resnet50_Freezing_07-2020Sep29shuffle1_100000filtered,248,Locomotion,0.20475821,0.16802284,0.09526719,0.075725704,0.09344213,0.20475821,0.1292899,0.109714925,0.1237791
Animal 11_4DLC_resnet50_Freezing_07-2020Sep29shuffle1_100000filtered,249,Climb,0.21908201,0.21908201,0.078378126,0.07493274,0.08885782,0.11934086,0.13972071,0.13934827,0.14033943
Animal 11_4DLC_resnet50_Freezing_07-2020Sep29shuffle1_100000filtered,250,Climb,0.21829489,0.21829489,0.07809653,0.07466352,0.09213143,0.118912086,0.13921872,0.13884762,0.13983522
Animal 11_4DLC_resnet50_Freezing_07-2020Sep29shuffle1_100000filtered,251,Climb,0.16346602,0.16346602,0.08322987,0.081822015,0.100964695,0.112548776,0.15256657,0.15215988,0.15324219
Animal 11_4DLC_resnet50_Freezing_07-2020Sep29shuffle1_100000filtered,252,Climb,0.17721184,0.17721184,0.10472666,0.08014298,0.086617514,0.1027302,0.14943582,0.14903747,0.15009756
Animal 11_4DLC_resnet50_Freezing_07-2020Sep29shuffle1_100000filtered,253,Climb,0.1660844,0.1660844,0.1002589,0.08081212,0.087340705,0.10148947,0.15068348,0.14909951,0.16423137
Animal 11_4DLC_resnet50_Freezing_07-2020Sep29shuffle1_100000filtered,254,Climb,0.1824916,0.1824916,0.11227883,0.0785965,0.0849461,0.09039442,0.14655222,0.14501166,0.15972868
Animal 11_4DLC_resnet50_Freezing_07-2020Sep29shuffle1_100000filtered,255,Climb,0.18551707,0.18551707,0.09756155,0.079899535,0.0863544,0.09189305,0.14898187,0.14741577,0.16237678
Animal 11_4DLC_resnet50_Freezing_07-2020Sep29shuffle1_100000filtered,256,Climb,0.17781033,0.17781033,0.13505061,0.076580346,0.08276706,0.08807562,0.14279287,0.14129183,0.1556313
Animal 11_4DLC_resnet50_Freezing_07-2020Sep29shuffle1_100000filtered,257,Climb,0.18086848,0.18086848,0.13737334,0.077897444,0.08419057,0.08959043,0.12804985,0.1437219,0.158308
Animal 11_4DLC_resnet50_Freezing_07-2020Sep29shuffle1_100000filtered,258,Climb,0.18086848,0.18086848,0.13737334,0.077897444,0.08419057,0.08959043,0.12804985,0.1437219,0.158308
Animal 11_4DLC_resnet50_Freezing_07-2020Sep29shuffle1_100000filtered,259,Climb,0.18789393,0.18789393,0.118595414,0.080923215,0.08746078,0.09307039,0.11829463,0.14930448,0.16445716
Animal 11_4DLC_resnet50_Freezing_07-2020Sep29shuffle1_100000filtered,260,Climb,0.18346976,0.18346976,0.13934907,0.07901779,0.085401416,0.09087894,0.11550924,0.14578894,0.16058482
Animal 11_4DLC_resnet50_Freezing_07-2020Sep29shuffle1_100000filtered,261,Climb,0.1940349,0.1940349,0.10204099,0.083568044,0.090319276,0.09611223,0.122160874,0.14193153,0.16983214
Animal 11_4DLC_resnet50_Freezing_07-2020Sep29shuffle1_100000filtered,262,Climb,0.18295808,0.18295808,0.13896044,0.07879741,0.085163236,0.09062549,0.12952924,0.13382912,0.16013697
Animal 11_4DLC_resnet50_Freezing_07-2020Sep29shuffle1_100000filtered,263,Turn,0.16362533,0.12254562,0.08124255,0.07723888,0.15077135,0.12063933,0.1269673,0.16362533,0.15696964
Animal 11_4DLC_resnet50_Freezing_07-2020Sep29shuffle1_100000filtered,264,Jump,0.21384354,0.11016836,0.07063242,0.06943765,0.21384354,0.1084546,0.114143424,0.17220455,0.14111547
Animal 11_4DLC_resnet50_Freezing_07-2020Sep29shuffle1_100000filtered,265,Jump,0.22249179,0.114623785,0.073488936,0.07224585,0.22249179,0.11284071,0.17030911,0.11590885,0.11809102
Animal 11_4DLC_resnet50_Freezing_07-2020Sep29shuffle1_100000filtered,266,Jump,0.35827684,0.095076635,0.06095664,0.05992555,0.35827684,0.09359764,0.08759995,0.13233389,0.11223288
Animal 11_4DLC_resnet50_Freezing_07-2020Sep29shuffle1_100000filtered,267,Jump,0.21088773,0.12209763,0.07828065,0.07695651,0.21088773,0.1201983,0.112496056,0.1445066,0.13457651
Animal 11_4DLC_resnet50_Freezing_07-2020Sep29shuffle1_100000filtered,268,Jump,0.2688751,0.11241054,0.07206995,0.07085087,0.2688751,0.11066191,0.10357074,0.12886629,0.13269462
Animal 11_4DLC_resnet50_Freezing_07-2020Sep29shuffle1_100000filtered,269,Climb,0.18693942,0.18693942,0.08189743,0.080512114,0.12414385,0.12575181,0.11769368,0.13227277,0.1507889
Animal 11_4DLC_resnet50_Freezing_07-2020Sep29shuffle1_100000filtered,270,Climb,0.19166479,0.19166479,0.0839676,0.08254726,0.10200442,0.1289305,0.12066869,0.1356163,0.15460047
Animal 11_4DLC_resnet50_Freezing_07-2020Sep29shuffle1_100000filtered,271,Climb,0.19166479,0.19166479,0.0839676,0.08254726,0.10200442,0.1289305,0.12066869,0.1356163,0.15460047
Animal 11_4DLC_resnet50_Freezing_07-2020Sep29shuffle1_100000filtered,272,Unassigned,0.16486037,0.1253774,0.08954001,0.08802542,0.10877383,0.15012988,0.12867673,0.14461634,0.16486037
Animal 11_4DLC_resnet50_Freezing_07-2020Sep29shuffle1_100000filtered,273,Unassigned,0.16486037,0.1253774,0.08954001,0.08802542,0.10877383,0.15012988,0.12867673,0.14461634,0.16486037
Animal 11_4DLC_resnet50_Freezing_07-2020Sep29shuffle1_100000filtered,274,Unassigned,0.16486037,0.1253774,0.08954001,0.08802542,0.10877383,0.15012988,0.12867673,0.14461634,0.16486037
Animal 11_4DLC_resnet50_Freezing_07-2020Sep29shuffle1_100000filtered,275,Unassigned,0.1644875,0.12509382,0.08933749,0.08782633,0.1085278,0.14979032,0.1283857,0.14655109,0.1644875
Animal 11_4DLC_resnet50_Freezing_07-2020Sep29shuffle1_100000filtered,276,Locomotion,0.16369691,0.1230477,0.08787623,0.08638978,0.10675265,0.16369691,0.12628573,0.144154,0.16179703
Animal 11_4DLC_resnet50_Freezing_07-2020Sep29shuffle1_100000filtered,277,Locomotion,0.24570361,0.11649452,0.08319619,0.08178891,0.101067305,0.24570361,0.1195601,0.11849957,0.13368984
Animal 11_4DLC_resnet50_Freezing_07-2020Sep29shuffle1_100000filtered,278,Jump,0.2124196,0.11222473,0.080146864,0.07879116,0.2124196,0.14929855,0.11517795,0.11415628,0.13778484
Animal 11_4DLC_resnet50_Freezing_07-2020Sep29shuffle1_100000filtered,279,Jump,0.20937994,0.11061883,0.07899999,0.07766368,0.20937994,0.17033812,0.113529794,0.11252274,0.12694685
Animal 11_4DLC_resnet50_Freezing_07-2020Sep29shuffle1_100000filtered,280,Locomotion,0.16919516,0.14941423,0.078469895,0.07714256,0.13278784,0.16919516,0.11276802,0.12673695,0.15348533
Animal 11_4DLC_resnet50_Freezing_07-2020Sep29shuffle1_100000filtered,281,Locomotion,0.1750777,0.117334224,0.08119812,0.07982464,0.15540127,0.1750777,0.11668871,0.11565364,0.15882169
Animal 11_4DLC_resnet50_Freezing_07-2020Sep29shuffle1_100000filtered,282,Locomotion,0.1706418,0.1415176,0.07914082,0.07780214,0.096706636,0.1706418,0.11373219,0.16566116,0.15479764
Animal 11_4DLC_resnet50_Freezing_07-2020Sep29shuffle1_100000filtered,283,Locomotion,0.15967503,0.13242257,0.07405461,0.07280197,0.14172965,0.15967503,0.11945255,0.15501449,0.14484915
Animal 11_4DLC_resnet50_Freezing_07-2020Sep29shuffle1_100000filtered,284,Locomotion,0.15967503,0.13242257,0.07405461,0.07280197,0.14172965,0.15967503,0.11945255,0.15501449,0.14484915
Animal 11_4DLC_resnet50_Freezing_07-2020Sep29shuffle1_100000filtered,285,Turn,0.17205626,0.13466954,0.075311184,0.07403728,0.14413455,0.13100475,0.12147944,0.17205626,0.14730696
Animal 11_4DLC_resnet50_Freezing_07-2020Sep29shuffle1_100000filtered,286,Turn,0.15984912,0.1316649,0.07363091,0.07238542,0.14091875,0.15876144,0.1187691,0.15984912,0.1440204
Animal 11_4DLC_resnet50_Freezing_07-2020Sep29shuffle1_100000filtered,287,Turn,0.15984912,0.1316649,0.07363091,0.07238542,0.14091875,0.15876144,0.1187691,0.15984912,0.1440204
Animal 11_4DLC_resnet50_Freezing_07-2020Sep29shuffle1_100000filtered,288,Turn,0.17645523,0.13316911,0.0744721,0.073212385,0.14252867,0.11941371,0.13508306,0.17645523,0.14566574
Animal 11_4DLC_resnet50_Freezing_07-2020Sep29shuffle1_100000filtered,289,Turn,0.16949257,0.13266294,0.07418904,0.07293411,0.1419869,0.12905276,0.1345696,0.16949257,0.14511207
Animal 11_4DLC_resnet50_Freezing_07-2020Sep29shuffle1_100000filtered,290,Turn,0.16949257,0.13266294,0.07418904,0.07293411,0.1419869,0.12905276,0.1345696,0.16949257,0.14511207
Animal 11_4DLC_resnet50_Freezing_07-2020Sep29shuffle1_100000filtered,291,Turn,0.18540218,0.14103083,0.07886861,0.077534534,0.09637401,0.12346683,0.14305778,0.18540218,0.15426522
Animal 11_4DLC_resnet50_Freezing_07-2020Sep29shuffle1_100000filtered,292,Turn,0.18850909,0.1382616,0.07731998,0.07601209,0.09448165,0.12105988,0.14024875,0.18850909,0.16410698
Animal 11_4DLC_resnet50_Freezing_07-2020Sep29shuffle1_100000filtered,293,Turn,0.190967,0.14006434,0.078328125,0.07700319,0.09571356,0.12263833,0.1420774,0.190967,0.15320803
Animal 11_4DLC_resnet50_Freezing_07-2020Sep29shuffle1_100000filtered,294,Turn,0.18863852,0.13835654,0.077373065,0.07606428,0.09385991,0.121143,0.14034504,0.18863852,0.16421966
Animal 11_4DLC_resnet50_Freezing_07-2020Sep29shuffle1_100000filtered,295,Turn,0.19247085,0.14116734,0.0879443,0.077609584,0.08387944,0.106176384,0.14319625,0.19247085,0.1675559
Animal 11_4DLC_resnet50_Freezing_07-2020Sep29shuffle1_100000filtered,296,Turn,0.20035999,0.103299335,0.10557307,0.0807907,0.087317556,0.099169865,0.14906569,0.20035999,0.1744238
Animal 11_4DLC_resnet50_Freezing_07-2020Sep29shuffle1_100000filtered,297,Turn,0.19416685,0.10010635,0.13321984,0.07829346,0.08461857,0.096104525,0.14445807,0.19416685,0.16903237
Animal 11_4DLC_resnet50_Freezing_07-2020Sep29shuffle1_100000filtered,298,Freeze,0.21924716,0.09017087,0.21924716,0.0705229,0.07622024,0.08656622,0.13012071,0.17489593,0.15225601
Animal 11_4DLC_resnet50_Freezing_07-2020Sep29shuffle1_100000filtered,299,Freeze,0.18332216,0.1218901,0.18332216,0.072098196,0.077922806,0.088499896,0.12180715,0.17880267,0.15565704
Animal 11_4DLC_resnet50_Freezing_07-2020Sep29shuffle1_100000filtered,300,Turn,0.18034871,0.12294403,0.09506176,0.0727216,0.14195354,0.0957899,0.1341775,0.18034871,0.15700294
Animal 11_4DLC_resnet50_Freezing_07-2020Sep29shuffle1_100000filtered,301,Turn,0.18147732,0.123713404,0.07502745,0.07317669,0.14284189,0.11076057,0.13501719,0.18147732,0.15798546
Animal 11_4DLC_resnet50_Freezing_07-2020Sep29shuffle1_100000filtered,302,Turn,0.18158476,0.12378664,0.074479856,0.07322001,0.14292645,0.110826135,0.13509712,0.18158476,0.15807898
Animal 11_4DLC_resnet50_Freezing_07-2020Sep29shuffle1_100000filtered,303,Turn,0.16344824,0.12513107,0.075288765,0.074015245,0.14447875,0.1338104,0.13656439,0.16344824,0.14726312
Animal 11_4DLC_resnet50_Freezing_07-2020Sep29shuffle1_100000filtered,304,Turn,0.17701802,0.12416853,0.07470963,0.073445894,0.1433674,0.12564632,0.1355139,0.17701802,0.14613034
Animal 11_4DLC_resnet50_Freezing_07-2020Sep29shuffle1_100000filtered,305,Turn,0.1718261,0.1250009,0.075210445,0.07393824,0.14432845,0.10784017,0.15474574,0.1718261,0.14710993
Animal 11_4DLC_resnet50_Freezing_07-2020Sep29shuffle1_100000filtered,306,Turn,0.18542962,0.13489725,0.094222575,0.079791956,0.08623812,0.0936668,0.166997,0.18542962,0.15875666
Animal 11_4DLC_resnet50_Freezing_07-2020Sep29shuffle1_100000filtered,307,Turn,0.17494251,0.09359067,0.076574534,0.075279266,0.14694613,0.12533645,0.15755238,0.17494251,0.14977805
Animal 11_4DLC_resnet50_Freezing_07-2020Sep29shuffle1_100000filtered,308,Locomotion,0.15861206,0.0936151,0.078761145,0.07529891,0.14490809,0.15861206,0.1575935,0.141394,0.14981715
Animal 11_4DLC_resnet50_Freezing_07-2020Sep29shuffle1_100000filtered,309,Locomotion,0.33075866,0.088579305,0.07452437,0.07124839,0.087917306,0.33075866,0.1399623,0.09054906,0.11646059
Animal 11_4DLC_resnet50_Freezing_07-2020Sep29shuffle1_100000filtered,310,Locomotion,0.3566916,0.09713136,0.073599346,0.07036402,0.08344007,0.3566916,0.122920044,0.089425124,0.106428474
Animal 11_4DLC_resnet50_Freezing_07-2020Sep29shuffle1_100000filtered,311,Locomotion,0.361211,0.098362036,0.074531876,0.07125556,0.08449729,0.361211,0.12447748,0.090558164,0.09510665
Animal 11_4DLC_resnet50_Freezing_07-2020Sep29shuffle1_100000filtered,312,Locomotion,0.4451548,0.08221989,0.060586676,0.05956184,0.070630476,0.4451548,0.10404954,0.09829801,0.079498746
Animal 11_4DLC_resnet50_Freezing_07-2020Sep29shuffle1_100000filtered,313,Locomotion,0.4451548,0.08221989,0.060586676,0.05956184,0.070630476,0.4451548,0.10404954,0.09829801,0.079498746
Animal 11_4DLC_resnet50_Freezing_07-2020Sep29shuffle1_100000filtered,314,Locomotion,0.4404896,0.08135823,0.059951734,0.05893764,0.069890276,0.4404896,0.10295911,0.09726786,0.0891456
Animal 11_4DLC_resnet50_Freezing_07-2020Sep29shuffle1_100000filtered,315,Locomotion,0.4373441,0.08077726,0.059523623,0.05851677,0.0693912,0.4373441,0.102223895,0.09657328,0.09564985
Animal 11_4DLC_resnet50_Freezing_07-2020Sep29shuffle1_100000filtered,316,Locomotion,0.22420467,0.10633542,0.07835708,0.07703164,0.09134678,0.22420467,0.14336886,0.14464767,0.1347079
Animal 11_4DLC_resnet50_Freezing_07-2020Sep29shuffle1_100000filtered,317,Locomotion,0.4332278,0.08001698,0.058963384,0.05796601,0.07152745,0.4332278,0.1078845,0.09566433,0.09474959
Animal 11_4DLC_resnet50_Freezing_07-2020Sep29shuffle1_100000filtered,318,Locomotion,0.44214594,0.08166416,0.06017717,0.05915926,0.07015308,0.44214594,0.110105336,0.097633615,0.07896141
Animal 11_4DLC_resnet50_Freezing_07-2020Sep29shuffle1_100000filtered,319,Locomotion,0.43371418,0.08010681,0.06069934,0.058031086,0.06881525,0.43371418,0.10800561,0.09577173,0.094855964
Animal 11_4DLC_resnet50_Freezing_07-2020Sep29shuffle1_100000filtered,320,Locomotion,0.36223042,0.08816425,0.06680471,0.06386806,0.075736955,0.36223042,0.11886921,0.1199295,0.10439693
Animal 11_4DLC_resnet50_Freezing_07-2020Sep29shuffle1_100000filtered,321,Locomotion,0.36223042,0.08816425,0.06680471,0.06386806,0.075736955,0.36223042,0.11886921,0.1199295,0.10439693
Animal 11_4DLC_resnet50_Freezing_07-2020Sep29shuffle1_100000filtered,322,Locomotion,0.21873254,0.1037401,0.09454486,0.07515154,0.08911729,0.21873254,0.12807241,0.14111727,0.14952394
Animal 11_4DLC_resnet50_Freezing_07-2020Sep29shuffle1_100000filtered,323,Locomotion,0.21267183,0.10086564,0.10150682,0.073069215,0.09016413,0.21267183,0.124523744,0.12751241,0.16968624
Animal 11_4DLC_resnet50_Freezing_07-2020Sep29shuffle1_100000filtered,324,Locomotion,0.17478819,0.13539815,0.093646996,0.07443785,0.08827097,0.17478819,0.12685616,0.15849772,0.14810397
Animal 11_4DLC_resnet50_Freezing_07-2020Sep29shuffle1_100000filtered,325,Locomotion,0.20805277,0.13002202,0.07476897,0.07148222,0.088205844,0.20805277,0.13304044,0.1522044,0.14222334
Animal 11_4DLC_resnet50_Freezing_07-2020Sep29shuffle1_100000filtered,326,Locomotion,0.17238002,0.13353269,0.07678776,0.07341228,0.090587445,0.17238002,0.13663259,0.1706038,0.14606345
Animal 11_4DLC_resnet50_Freezing_07-2020Sep29shuffle1_100000filtered,327,Turn,0.17293522,0.13535751,0.077837124,0.074415505,0.091825396,0.16107,0.13849977,0.17293522,0.1480595
Animal 11_4DLC_resnet50_Freezing_07-2020Sep29shuffle1_100000filtered,328,Turn,0.18218172,0.104808405,0.094521716,0.076187745,0.08234274,0.15367329,0.14179821,0.18218172,0.1644862
Animal 11_4DLC_resnet50_Freezing_07-2020Sep29shuffle1_100000filtered,329,Turn,0.1797308,0.13671675,0.07645605,0.07516278,0.08123497,0.1485347,0.13989058,0.1797308,0.16227335
Animal 11_4DLC_resnet50_Freezing_07-2020Sep29shuffle1_100000filtered,330,Turn,0.17879252,0.131135,0.073334575,0.0720941,0.088960886,0.16585547,0.13417925,0.17879252,0.15564819
Animal 11_4DLC_resnet50_Freezing_07-2020Sep29shuffle1_100000filtered,331,Turn,0.17705329,0.12985937,0.072621204,0.0713928,0.08809551,0.17396969,0.13287401,0.17705329,0.15413411
Animal 11_4DLC_resnet50_Freezing_07-2020Sep29shuffle1_100000filtered,332,Turn,0.178066,0.13060214,0.07303658,0.07180115,0.08924752,0.16859692,0.13363402,0.178066,0.15501572
Animal 11_4DLC_resnet50_Freezing_07-2020Sep29shuffle1_100000filtered,333,Turn,0.17129293,0.14109097,0.078902245,0.07756759,0.09641512,0.15312818,0.12727194,0.17129293,0.154331
Animal 11_4DLC_resnet50_Freezing_07-2020Sep29shuffle1_100000filtered,334,Turn,0.17129293,0.14109097,0.078902245,0.07756759,0.09641512,0.15312818,0.12727194,0.17129293,0.154331
Animal 11_4DLC_resnet50_Freezing_07-2020Sep29shuffle1_100000filtered,335,Turn,0.16618064,0.14196137,0.07938899,0.078046106,0.097009905,0.15407282,0.12805708,0.16618064,0.15528306
Animal 11_4DLC_resnet50_Freezing_07-2020Sep29shuffle1_100000filtered,336,Turn,0.18405628,0.14406204,0.08056375,0.079201,0.0984454,0.12613866,0.129952,0.18405628,0.15758087
Animal 11_4DLC_resnet50_Freezing_07-2020Sep29shuffle1_100000filtered,337,Turn,0.18418796,0.1441651,0.08062139,0.07925766,0.0978004,0.1262289,0.13004498,0.18418796,0.15769361
Animal 11_4DLC_resnet50_Freezing_07-2020Sep29shuffle1_100000filtered,338,Turn,0.19822575,0.14014721,0.08432366,0.082897305,0.08959435,0.10385967,0.13601686,0.19822575,0.16493517
Animal 11_4DLC_resnet50_Freezing_07-2020Sep29shuffle1_100000filtered,339,Turn,0.19603908,0.13364018,0.08040852,0.079048395,0.09754217,0.112957835,0.1297016,0.19603908,0.17066222
Animal 11_4DLC_resnet50_Freezing_07-2020Sep29shuffle1_100000filtered,340,Turn,0.19735767,0.13453907,0.080949366,0.07958008,0.09819825,0.1069914,0.130574,0.19735767,0.17181012
Animal 11_4DLC_resnet50_Freezing_07-2020Sep29shuffle1_100000filtered,341,Turn,0.19035788,0.13458456,0.080976725,0.07960699,0.09823144,0.11375605,0.13061814,0.19035788,0.1718682
Animal 11_4DLC_resnet50_Freezing_07-2020Sep29shuffle1_100000filtered,342,Turn,0.19164738,0.13549624,0.081525266,0.08014625,0.09889687,0.107752584,0.13150296,0.19164738,0.17303245
Animal 11_4DLC_resnet50_Freezing_07-2020Sep29shuffle1_100000filtered,343,Turn,0.18478414,0.13064387,0.078605704,0.07727607,0.0953552,0.13970558,0.12679361,0.18478414,0.16683584
Animal 11_4DLC_resnet50_Freezing_07-2020Sep29shuffle1_100000filtered,344,Locomotion,0.16627029,0.1162649,0.08567397,0.08422477,0.103929594,0.16627029,0.13819495,0.15815473,0.14728677
Animal 11_4DLC_resnet50_Freezing_07-2020Sep29shuffle1_100000filtered,345,Turn,0.16629781,0.14206144,0.07944497,0.078101136,0.0963733,0.15418145,0.12814736,0.16629781,0.15539254
Animal 11_4DLC_resnet50_Freezing_07-2020Sep29shuffle1_100000filtered,346,Turn,0.17140472,0.14642408,0.081884675,0.080499575,0.09933287,0.12820682,0.1320827,0.17140472,0.16016456
Animal 11_4DLC_resnet50_Freezing_07-2020Sep29shuffle1_100000filtered,347,Turn,0.16629781,0.14206144,0.07944497,0.078101136,0.0963733,0.15418145,0.12814736,0.16629781,0.15539254
Animal 11_4DLC_resnet50_Freezing_07-2020Sep29shuffle1_100000filtered,348,Turn,0.18308562,0.13319203,0.08013888,0.07878331,0.09721507,0.12547342,0.14536187,0.18308562,0.15674983
Animal 11_4DLC_resnet50_Freezing_07-2020Sep29shuffle1_100000filtered,349,Turn,0.1906039,0.13369828,0.08044349,0.079082765,0.097584575,0.11532697,0.1459144,0.1906039,0.15734562
Animal 11_4DLC_resnet50_Freezing_07-2020Sep29shuffle1_100000filtered,350,Turn,0.18469024,0.12590365,0.07575362,0.074472226,0.1449813,0.108619,0.13740756,0.18469024,0.14817235
Animal 11_4DLC_resnet50_Freezing_07-2020Sep29shuffle1_100000filtered,351,Turn,0.19105552,0.09577831,0.07836443,0.07703888,0.14997801,0.112362504,0.14214325,0.19105552,0.15327905
Animal 11_4DLC_resnet50_Freezing_07-2020Sep29shuffle1_100000filtered,352,Unassigned,0.1560264,0.09749502,0.079769015,0.07841971,0.15266618,0.15481035,0.144691,0.13612232,0.1560264
Animal 11_4DLC_resnet50_Freezing_07-2020Sep29shuffle1_100000filtered,353,Turn,0.16082391,0.10103074,0.07682994,0.07553034,0.14704122,0.14910638,0.13935988,0.16082391,0.15027761
Animal 11_4DLC_resnet50_Freezing_07-2020Sep29shuffle1_100000filtered,354,Turn,0.1780384,0.10247686,0.07792965,0.07661146,0.1491459,0.12201444,0.14135462,0.1780384,0.15242863
Animal 11_4DLC_resnet50_Freezing_07-2020Sep29shuffle1_100000filtered,355,Turn,0.16082391,0.10103074,0.07682994,0.07553034,0.14704122,0.14910638,0.13935988,0.16082391,0.15027761
Animal 11_4DLC_resnet50_Freezing_07-2020Sep29shuffle1_100000filtered,356,Turn,0.17517991,0.10611024,0.08069269,0.07932776,0.0978869,0.15660296,0.14636645,0.17517991,0.15783308
Animal 11_4DLC_resnet50_Freezing_07-2020Sep29shuffle1_100000filtered,357,Turn,0.19941899,0.11067479,0.08816709,0.0827402,0.08942456,0.112289116,0.15266268,0.19941899,0.16462259
Animal 11_4DLC_resnet50_Freezing_07-2020Sep29shuffle1_100000filtered,358,Turn,0.1978585,0.10980873,0.08350525,0.08209274,0.10129875,0.110633634,0.15146805,0.1978585,0.16333437
Animal 11_4DLC_resnet50_Freezing_07-2020Sep29shuffle1_100000filtered,359,Turn,0.20120522,0.100866474,0.10901736,0.081131525,0.08768591,0.095239304,0.14969453,0.20120522,0.17515962
Animal 11_4DLC_resnet50_Freezing_07-2020Sep29shuffle1_100000filtered,360,Turn,0.20159417,0.10106146,0.109228104,0.08128836,0.08785542,0.09349035,0.14998391,0.20159417,0.17549823
Animal 11_4DLC_resnet50_Freezing_07-2020Sep29shuffle1_100000filtered,361,Freeze,0.19306566,0.09439993,0.19306566,0.075930186,0.082064375,0.08732787,0.12828115,0.1750007,0.16393015
Animal 11_4DLC_resnet50_Freezing_07-2020Sep29shuffle1_100000filtered,362,Freeze,0.1905306,0.093160406,0.1905306,0.07493318,0.08098682,0.08618121,0.12659675,0.1858334,0.16177765
Animal 11_4DLC_resnet50_Freezing_07-2020Sep29shuffle1_100000filtered,363,Turn,0.19878589,0.09965364,0.12163686,0.08015598,0.08663156,0.092187986,0.14789458,0.19878589,0.17305347
Animal 11_4DLC_resnet50_Freezing_07-2020Sep29shuffle1_100000filtered,364,Turn,0.18705937,0.09725613,0.09070072,0.078227565,0.115124054,0.118405595,0.14433648,0.18705937,0.16889009
Animal 11_4DLC_resnet50_Freezing_07-2020Sep29shuffle1_100000filtered,365,Turn,0.19322117,0.10045978,0.08451977,0.0808044,0.09514466,0.122305915,0.14909096,0.19322117,0.17445338
Animal 11_4DLC_resnet50_Freezing_07-2020Sep29shuffle1_100000filtered,366,Turn,0.18955882,0.09855565,0.08291778,0.07927282,0.11666232,0.11562075,0.14626507,0.18955882,0.17114677
Animal 11_4DLC_resnet50_Freezing_07-2020Sep29shuffle1_100000filtered,367,Turn,0.19181289,0.09972758,0.08390376,0.08021546,0.11974111,0.1169956,0.14800432,0.19181289,0.15959929
Animal 11_4DLC_resnet50_Freezing_07-2020Sep29shuffle1_100000filtered,368,Turn,0.19048016,0.10190299,0.085733995,0.081965245,0.12235309,0.103250995,0.15123281,0.19048016,0.1630807
Animal 11_4DLC_resnet50_Freezing_07-2020Sep29shuffle1_100000filtered,369,Turn,0.18706305,0.097258046,0.08720208,0.07822911,0.11677599,0.11409847,0.16372612,0.18706305,0.15564716
Animal 11_4DLC_resnet50_Freezing_07-2020Sep29shuffle1_100000filtered,370,Turn,0.18509158,0.09623303,0.09737938,0.07740464,0.11554527,0.11289597,0.14833672,0.18509158,0.16711342
Animal 11_4DLC_resnet50_Freezing_07-2020Sep29shuffle1_100000filtered,371,Unassigned,0.1568276,0.09799567,0.099163,0.0788224,0.117661625,0.14250116,0.1510537,0.15597482,0.1568276
Animal 11_4DLC_resnet50_Freezing_07-2020Sep29shuffle1_100000filtered,372,Sniff,0.15732352,0.102063194,0.10327899,0.0820941,0.122545436,0.14841598,0.15732352,0.14326166,0.14101708
Animal 11_4DLC_resnet50_Freezing_07-2020Sep29shuffle1_100000filtered,373,Locomotion,0.24510245,0.086498864,0.09665269,0.069575004,0.08585242,0.24510245,0.13333215,0.12141468,0.16157173
Animal 11_4DLC_resnet50_Freezing_07-2020Sep29shuffle1_100000filtered,374,Sniff,0.16138981,0.10470119,0.10594841,0.08421596,0.09986619,0.15225205,0.16138981,0.14696449,0.1446619
Animal 11_4DLC_resnet50_Freezing_07-2020Sep29shuffle1_100000filtered,375,Turn,0.17294301,0.107112326,0.10074125,0.08007692,0.09881132,0.12753367,0.15345782,0.17294301,0.15932363
Animal 11_4DLC_resnet50_Freezing_07-2020Sep29shuffle1_100000filtered,376,Turn,0.17223692,0.106675,0.14141452,0.07974997,0.08619275,0.10222643,0.15283127,0.17223692,0.15867314
Animal 11_4DLC_resnet50_Freezing_07-2020Sep29shuffle1_100000filtered,377,Turn,0.1726708,0.106886484,0.14169489,0.07990809,0.086363636,0.10035411,0.15313427,0.1726708,0.1589877
Animal 11_4DLC_resnet50_Freezing_07-2020Sep29shuffle1_100000filtered,378,Turn,0.17819408,0.09967946,0.16978364,0.074520126,0.0805404,0.09358754,0.14280891,0.17819408,0.16088589
Animal 11_4DLC_resnet50_Freezing_07-2020Sep29shuffle1_100000filtered,379,Turn,0.18530127,0.09634206,0.13850023,0.077492334,0.08375272,0.08912451,0.16218413,0.18530127,0.16730276
Animal 11_4DLC_resnet50_Freezing_07-2020Sep29shuffle1_100000filtered,380,Turn,0.18481351,0.09608846,0.1407679,0.07728835,0.08353227,0.08888991,0.16175723,0.18481351,0.16686237
Animal 11_4DLC_resnet50_Freezing_07-2020Sep29shuffle1_100000filtered,381,Turn,0.18481351,0.09608846,0.1407679,0.07728835,0.08353227,0.08888991,0.16175723,0.18481351,0.16686237
Animal 11_4DLC_resnet50_Freezing_07-2020Sep29shuffle1_100000filtered,382,Turn,0.1892578,0.09839914,0.120105624,0.07914694,0.085540995,0.091027476,0.16564706,0.1892578,0.17087497
Animal 11_4DLC_resnet50_Freezing_07-2020Sep29shuffle1_100000filtered,383,Turn,0.19380504,0.10076335,0.09896459,0.08104858,0.08759627,0.09321457,0.16962703,0.19380504,0.17498054
Animal 11_4DLC_resnet50_Freezing_07-2020Sep29shuffle1_100000filtered,384,Turn,0.19061744,0.09910605,0.08384758,0.079715535,0.093862556,0.11391117,0.16683708,0.19061744,0.17210256
Animal 11_4DLC_resnet50_Freezing_07-2020Sep29shuffle1_100000filtered,385,Turn,0.18968101,0.09861918,0.11625161,0.079323925,0.08573228,0.093117386,0.16601747,0.18968101,0.17125708
Animal 11_4DLC_resnet50_Freezing_07-2020Sep29shuffle1_100000filtered,386,Turn,0.19692957,0.10238785,0.08443815,0.082355246,0.089008495,0.094717376,0.17236175,0.19692957,0.17780158
Animal 11_4DLC_resnet50_Freezing_07-2020Sep29shuffle1_100000filtered,387,Turn,0.19828287,0.10309146,0.09869605,0.082921185,0.08962016,0.09536827,0.15299661,0.19828287,0.17902343
Animal 11_4DLC_resnet50_Freezing_07-2020Sep29shuffle1_100000filtered,388,Turn,0.18041559,0.10189964,0.084035516,0.08196255,0.12234906,0.10115604,0.15122785,0.18041559,0.17695376
Animal 11_4DLC_resnet50_Freezing_07-2020Sep29shuffle1_100000filtered,389,Turn,0.17715804,0.10005977,0.0825182,0.080482654,0.120139964,0.11738531,0.14849731,0.17715804,0.17375873
Animal 11_4DLC_resnet50_Freezing_07-2020Sep29shuffle1_100000filtered,390,Turn,0.17649041,0.09968268,0.081558935,0.08017935,0.1196872,0.121359825,0.14793769,0.17649041,0.1731039
Animal 11_4DLC_resnet50_Freezing_07-2020Sep29shuffle1_100000filtered,391,Unassigned,0.16210721,0.1012947,0.08287786,0.08147596,0.12162271,0.14729847,0.15033005,0.15299308,0.16210721
Animal 11_4DLC_resnet50_Freezing_07-2020Sep29shuffle1_100000filtered,392,Locomotion,0.26232824,0.092577994,0.075745985,0.07446473,0.11115673,0.26232824,0.122180775,0.1398276,0.12171793
Animal 11_4DLC_resnet50_Freezing_07-2020Sep29shuffle1_100000filtered,393,Locomotion,0.31933877,0.08552098,0.06997204,0.06878844,0.11754773,0.31933877,0.112867214,0.11352516,0.11243963
Animal 11_4DLC_resnet50_Freezing_07-2020Sep29shuffle1_100000filtered,394,Locomotion,0.33933038,0.08953909,0.068090975,0.0669392,0.114387706,0.33933038,0.109833,0.11047326,0.10140639
Animal 11_4DLC_resnet50_Freezing_07-2020Sep29shuffle1_100000filtered,395,Locomotion,0.33841446,0.09215427,0.067907184,0.06675851,0.11407895,0.33841446,0.10953654,0.110175066,0.100975
Animal 11_4DLC_resnet50_Freezing_07-2020Sep29shuffle1_100000filtered,396,Locomotion,0.33816898,0.092087425,0.06785792,0.06743546,0.11399619,0.33816898,0.10945708,0.11009515,0.10090175
Animal 11_4DLC_resnet50_Freezing_07-2020Sep29shuffle1_100000filtered,397,Locomotion,0.4372639,0.080762446,0.05951271,0.0591422,0.09997687,0.4372639,0.09599598,0.08925635,0.07808954
Animal 11_4DLC_resnet50_Freezing_07-2020Sep29shuffle1_100000filtered,398,Locomotion,0.42972532,0.079370074,0.05848669,0.058122568,0.098253235,0.42972532,0.09434098,0.08771754,0.09398358
Animal 11_4DLC_resnet50_Freezing_07-2020Sep29shuffle1_100000filtered,399,Locomotion,0.4277234,0.07900032,0.05986092,0.060863756,0.09779551,0.4277234,0.09390148,0.0873089,0.09354575
Animal 11_4DLC_resnet50_Freezing_07-2020Sep29shuffle1_100000filtered,400,Locomotion,0.35744056,0.08760951,0.06638437,0.06749649,0.10845293,0.35744056,0.104134545,0.10474158,0.10374005
Animal 11_4DLC_resnet50_Freezing_07-2020Sep29shuffle1_100000filtered,401,Locomotion,0.17065413,0.10740677,0.081385344,0.0790137,0.13296022,0.17065413,0.127666,0.14610505,0.15480883
Animal 11_4DLC_resnet50_Freezing_07-2020Sep29shuffle1_100000filtered,402,Locomotion,0.18071882,0.11374132,0.086185224,0.08367371,0.10167376,0.18071882,0.13519537,0.15472192,0.14408986
Animal 11_4DLC_resnet50_Freezing_07-2020Sep29shuffle1_100000filtered,403,Locomotion,0.1619587,0.13431647,0.07723848,0.07498767,0.12618543,0.1619587,0.12116096,0.1572315,0.14692079
Animal 11_4DLC_resnet50_Freezing_07-2020Sep29shuffle1_100000filtered,404,Turn,0.1810162,0.14168255,0.08147433,0.07910009,0.09611625,0.13782692,0.12780558,0.1810162,0.15497808
Animal 11_4DLC_resnet50_Freezing_07-2020Sep29shuffle1_100000filtered,405,Turn,0.18340419,0.14355165,0.08027832,0.080143586,0.09738424,0.12872382,0.1294916,0.18340419,0.15702258
Animal 11_4DLC_resnet50_Freezing_07-2020Sep29shuffle1_100000filtered,406,Turn,0.18007736,0.14094771,0.08623823,0.078689836,0.09561775,0.13711208,0.12714271,0.18007736,0.1541743
Animal 11_4DLC_resnet50_Freezing_07-2020Sep29shuffle1_100000filtered,407,Groom,0.29906896,0.098163895,0.06006113,0.29906896,0.06708071,0.13701081,0.07626726,0.12334561,0.13900162
Animal 11_4DLC_resnet50_Freezing_07-2020Sep29shuffle1_100000filtered,408,Groom,0.31451976,0.11001685,0.071145825,0.31451976,0.061287165,0.10471769,0.09454665,0.12586147,0.11790458
Animal 11_4DLC_resnet50_Freezing_07-2020Sep29shuffle1_100000filtered,409,Turn,0.16580321,0.14493036,0.07379231,0.0725441,0.1150252,0.14803287,0.12455074,0.16580321,0.15532124
Animal 11_4DLC_resnet50_Freezing_07-2020Sep29shuffle1_100000filtered,410,Turn,0.17368786,0.11482277,0.11434535,0.07599388,0.08345949,0.1445096,0.13047364,0.17368786,0.16270742
Animal 11_4DLC_resnet50_Freezing_07-2020Sep29shuffle1_100000filtered,411,Turn,0.17949882,0.15690184,0.09589702,0.078536354,0.08488109,0.10129503,0.13483882,0.17949882,0.16815102
Animal 11_4DLC_resnet50_Freezing_07-2020Sep29shuffle1_100000filtered,412,Sniff,0.20748636,0.12936735,0.066391855,0.06475412,0.10267349,0.14288814,0.20748636,0.15484138,0.13159731
Animal 11_4DLC_resnet50_Freezing_07-2020Sep29shuffle1_100000filtered,413,Sniff,0.22098124,0.1326847,0.06755734,0.0664146,0.105306335,0.113272,0.22098124,0.15881196,0.13497184
Animal 11_4DLC_resnet50_Freezing_07-2020Sep29shuffle1_100000filtered,414,Sniff,0.2368168,0.13216092,0.07239851,0.071173884,0.07692382,0.095689684,0.2368168,0.17019245,0.14464395
Animal 11_4DLC_resnet50_Freezing_07-2020Sep29shuffle1_100000filtered,415,Sniff,0.22300054,0.124450445,0.068174675,0.06702149,0.1326028,0.08828163,0.22300054,0.16026317,0.13620521
Animal 11_4DLC_resnet50_Freezing_07-2020Sep29shuffle1_100000filtered,416,Sniff,0.2233973,0.12467187,0.06829597,0.06714073,0.13105962,0.0884387,0.2233973,0.1605483,0.13644753
Animal 11_4DLC_resnet50_Freezing_07-2020Sep29shuffle1_100000filtered,417,Turn,0.17952728,0.13940975,0.07636947,0.07507767,0.14655262,0.10950204,0.12098366,0.17952728,0.15257747
Animal 11_4DLC_resnet50_Freezing_07-2020Sep29shuffle1_100000filtered,418,Turn,0.17952728,0.13940975,0.07636947,0.07507767,0.14655262,0.10950204,0.12098366,0.17952728,0.15257747
Animal 11_4DLC_resnet50_Freezing_07-2020Sep29shuffle1_100000filtered,419,Turn,0.18170165,0.14109823,0.07729443,0.07598698,0.14832762,0.11082829,0.122448966,0.18170165,0.1423139
Animal 11_4DLC_resnet50_Freezing_07-2020Sep29shuffle1_100000filtered,420,Turn,0.17749496,0.14182357,0.07769178,0.07637761,0.14909011,0.11139802,0.12307844,0.17749496,0.14304549
Animal 11_4DLC_resnet50_Freezing_07-2020Sep29shuffle1_100000filtered,421,Turn,0.19795392,0.116256975,0.10817732,0.082783625,0.08947149,0.103717245,0.1334014,0.19795392,0.168238
Animal 11_4DLC_resnet50_Freezing_07-2020Sep29shuffle1_100000filtered,422,Turn,0.20685147,0.11713415,0.11207662,0.083408244,0.090146564,0.102382876,0.1184927,0.20685147,0.16950738
Animal 11_4DLC_resnet50_Freezing_07-2020Sep29shuffle1_100000filtered,423,Turn,0.1869411,0.13997084,0.11438904,0.07537983,0.12463245,0.09840792,0.107087255,0.1869411,0.15319155
Animal 11_4DLC_resnet50_Freezing_07-2020Sep29shuffle1_100000filtered,424,Freeze,0.4562988,0.070860445,0.4562988,0.050457913,0.083426744,0.065872505,0.06563629,0.10490355,0.102543704
Animal 11_4DLC_resnet50_Freezing_07-2020Sep29shuffle1_100000filtered,425,Unassigned,0.1564943,0.12217454,0.13891399,0.07700499,0.1503148,0.11003788,0.100169055,0.14489046,0.1564943
Animal 11_4DLC_resnet50_Freezing_07-2020Sep29shuffle1_100000filtered,426,Turn,0.18903306,0.12542379,0.1588651,0.07905295,0.08543942,0.09869636,0.10283306,0.18903306,0.16065629
Animal 11_4DLC_resnet50_Freezing_07-2020Sep29shuffle1_100000filtered,427,Freeze,0.18344714,0.114467494,0.18344714,0.07214735,0.07797593,0.0882501,0.14456953,0.17252022,0.14662229
Animal 11_4DLC_resnet50_Freezing_07-2020Sep29shuffle1_100000filtered,428,Freeze,0.19608043,0.12235043,0.19608043,0.077115856,0.08334583,0.094327554,0.10031327,0.16974707,0.1567196
Animal 11_4DLC_resnet50_Freezing_07-2020Sep29shuffle1_100000filtered,429,Freeze,0.30943635,0.10442986,0.30943635,0.06582076,0.07113823,0.08051147,0.11343843,0.121459864,0.13376503
Animal 11_4DLC_resnet50_Freezing_07-2020Sep29shuffle1_100000filtered,430,Freeze,0.19598317,0.12228974,0.19598317,0.077077605,0.08330449,0.094280764,0.1127475,0.15767486,0.15664186
Animal 11_4DLC_resnet50_Freezing_07-2020Sep29shuffle1_100000filtered,431,Freeze,0.42554256,0.07471651,0.42554256,0.056526642,0.06109327,0.069142975,0.09379187,0.1043093,0.114876926
Animal 11_4DLC_resnet50_Freezing_07-2020Sep29shuffle1_100000filtered,432,Freeze,0.19467448,0.10120031,0.19467448,0.07656291,0.08274822,0.09365119,0.12703705,0.16852993,0.15559587
Animal 11_4DLC_resnet50_Freezing_07-2020Sep29shuffle1_100000filtered,433,Turn,0.17668085,0.106094845,0.14345728,0.080265865,0.08675031,0.09818062,0.14544901,0.17668085,0.16312124
Animal 11_4DLC_resnet50_Freezing_07-2020Sep29shuffle1_100000filtered,434,Turn,0.18281294,0.1097771,0.113729104,0.08305167,0.089761175,0.10158819,0.15049714,0.18281294,0.16878271
Animal 11_4DLC_resnet50_Freezing_07-2020Sep29shuffle1_100000filtered,435,Turn,0.16860259,0.10124394,0.10012627,0.076595925,0.14951627,0.10945332,0.13879874,0.16860259,0.15566295
Animal 11_4DLC_resnet50_Freezing_07-2020Sep29shuffle1_100000filtered,436,Turn,0.17313993,0.10396856,0.082927845,0.07865723,0.15353997,0.10538035,0.14253402,0.17313993,0.15985207
Animal 11_4DLC_resnet50_Freezing_07-2020Sep29shuffle1_100000filtered,437,Sniff,0.18339172,0.0983624,0.07569632,0.0744159,0.14526084,0.099698074,0.18339172,0.16380394,0.1593708
Animal 11_4DLC_resnet50_Freezing_07-2020Sep29shuffle1_100000filtered,438,Turn,0.18104497,0.10871545,0.09712337,0.08224848,0.0888931,0.10268593,0.17213829,0.18104497,0.16715044
Animal 11_4DLC_resnet50_Freezing_07-2020Sep29shuffle1_100000filtered,439,Turn,0.18142237,0.10894208,0.097325824,0.08241993,0.089078404,0.10081546,0.17249711,0.18142237,0.16749886
Animal 11_4DLC_resnet50_Freezing_07-2020Sep29shuffle1_100000filtered,440,Turn,0.17013332,0.102163136,0.079246156,0.07729133,0.15087372,0.1014527,0.16176344,0.17013332,0.15707621
Animal 11_4DLC_resnet50_Freezing_07-2020Sep29shuffle1_100000filtered,441,Sniff,0.2127225,0.10078857,0.111748755,0.07625141,0.08241155,0.093270175,0.2127225,0.16784427,0.15496282
Animal 11_4DLC_resnet50_Freezing_07-2020Sep29shuffle1_100000filtered,442,Sniff,0.20287217,0.09612146,0.07455975,0.07272052,0.14195144,0.10391548,0.20287217,0.16007207,0.14778712
Animal 11_4DLC_resnet50_Freezing_07-2020Sep29shuffle1_100000filtered,443,Sniff,0.19891341,0.094245784,0.07252831,0.071301475,0.13918145,0.121977784,0.19891341,0.15694848,0.14490326
Animal 11_4DLC_resnet50_Freezing_07-2020Sep29shuffle1_100000filtered,444,Sniff,0.19498569,0.092384815,0.071096174,0.06989357,0.1364332,0.1393151,0.19498569,0.1538494,0.14204203
Animal 11_4DLC_resnet50_Freezing_07-2020Sep29shuffle1_100000filtered,445,Turn,0.17241725,0.09530692,0.07334492,0.072104275,0.14074853,0.13121781,0.16832554,0.17241725,0.14653477
Animal 11_4DLC_resnet50_Freezing_07-2020Sep29shuffle1_100000filtered,446,Sniff,0.17359968,0.09829316,0.07564303,0.074363515,0.14515859,0.13532925,0.17359968,0.15833943,0.13927336
Animal 11_4DLC_resnet50_Freezing_07-2020Sep29shuffle1_100000filtered,447,Locomotion,0.17222728,0.0940987,0.07241513,0.07119021,0.13896424,0.17222728,0.16619167,0.15158261,0.13333015
Animal 11_4DLC_resnet50_Freezing_07-2020Sep29shuffle1_100000filtered,448,Locomotion,0.1698733,0.092812575,0.07142536,0.070217185,0.1370649,0.1698733,0.16392018,0.16317868,0.13150781
Animal 11_4DLC_resnet50_Freezing_07-2020Sep29shuffle1_100000filtered,449,Turn,0.19357085,0.11969839,0.09211576,0.090557605,0.13266554,0.1413594,0.10786881,0.19357085,0.12216367
Animal 11_4DLC_resnet50_Freezing_07-2020Sep29shuffle1_100000filtered,450,Sniff,0.17975736,0.0945855,0.07994818,0.07895547,0.11732343,0.15283236,0.17975736,0.16800207,0.1285956
Animal 11_4DLC_resnet50_Freezing_07-2020Sep29shuffle1_100000filtered,451,Sniff,0.175883,0.09254687,0.08558495,0.07809374,0.11479472,0.1408015,0.175883,0.17576306,0.13653211
Animal 11_4DLC_resnet50_Freezing_07-2020Sep29shuffle1_100000filtered,452,Sniff,0.17250784,0.090770915,0.08394259,0.076595135,0.111001275,0.15888,0.17250784,0.1723902,0.13391209
Animal 11_4DLC_resnet50_Freezing_07-2020Sep29shuffle1_100000filtered,453,Sniff,0.17990008,0.094660595,0.08001165,0.07951353,0.09706074,0.16568826,0.17990008,0.15964888,0.14351627
Animal 11_4DLC_resnet50_Freezing_07-2020Sep29shuffle1_100000filtered,454,Turn,0.17700231,0.103349164,0.08455879,0.08403236,0.1025768,0.15028599,0.13279948,0.17700231,0.16539508
Animal 11_4DLC_resnet50_Freezing_07-2020Sep29shuffle1_100000filtered,455,Turn,0.18840244,0.100791454,0.08246612,0.08107118,0.10003821,0.15641584,0.12951294,0.18840244,0.16130185
Animal 11_4DLC_resnet50_Freezing_07-2020Sep29shuffle1_100000filtered,456,Turn,0.19923067,0.10658434,0.101235315,0.085730664,0.092656605,0.10703338,0.13695654,0.19923067,0.1705725
Animal 11_4DLC_resnet50_Freezing_07-2020Sep29shuffle1_100000filtered,457,Turn,0.20705512,0.1068054,0.09413265,0.08590848,0.09284879,0.10508262,0.1372406,0.20705512,0.17092629
Animal 11_4DLC_resnet50_Freezing_07-2020Sep29shuffle1_100000filtered,458,Turn,0.20180526,0.101167284,0.08511502,0.081373475,0.100411214,0.12444989,0.12999585,0.20180526,0.175682
Animal 11_4DLC_resnet50_Freezing_07-2020Sep29shuffle1_100000filtered,459,Freeze,0.3758186,0.08088238,0.3758186,0.065057404,0.07031321,0.081223145,0.0951646,0.12241019,0.10913051
Animal 11_4DLC_resnet50_Freezing_07-2020Sep29shuffle1_100000filtered,460,Turn,0.19206469,0.09628422,0.13970919,0.077445805,0.09556465,0.11844304,0.11328609,0.19206469,0.16720231
Animal 11_4DLC_resnet50_Freezing_07-2020Sep29shuffle1_100000filtered,461,Turn,0.2040309,0.10228302,0.11073479,0.08227091,0.08891735,0.10271394,0.13142952,0.2040309,0.17761952
Animal 11_4DLC_resnet50_Freezing_07-2020Sep29shuffle1_100000filtered,462,Turn,0.18555883,0.09647596,0.17007324,0.07760004,0.08386913,0.09491979,0.1239677,0.18555883,0.16753528
Animal 11_4DLC_resnet50_Freezing_07-2020Sep29shuffle1_100000filtered,463,Turn,0.17766444,0.09237151,0.16283767,0.074298635,0.12284481,0.09088155,0.11869364,0.17766444,0.16040769
Animal 11_4DLC_resnet50_Freezing_07-2020Sep29shuffle1_100000filtered,464,Freeze,0.19502763,0.07799189,0.19502763,0.06273246,0.18839334,0.07673387,0.11367688,0.15000713,0.13543677
Animal 11_4DLC_resnet50_Freezing_07-2020Sep29shuffle1_100000filtered,465,Freeze,0.19473214,0.09521476,0.19473214,0.07658559,0.082772724,0.08808166,0.12707469,0.17019328,0.16534513
Animal 11_4DLC_resnet50_Freezing_07-2020Sep29shuffle1_100000filtered,466,Freeze,0.491886,0.06762413,0.491886,0.054393176,0.05878746,0.062558,0.09025193,0.08325754,0.09124182
Animal 11_4DLC_resnet50_Freezing_07-2020Sep29shuffle1_100000filtered,467,Freeze,0.197402,0.09652019,0.197402,0.07763561,0.083907574,0.08928929,0.12881693,0.15881637,0.16761208
Animal 11_4DLC_resnet50_Freezing_07-2020Sep29shuffle1_100000filtered,468,Freeze,0.19589743,0.09578453,0.19589743,0.07704388,0.08326805,0.08860874,0.12347413,0.16958864,0.16633457
Animal 11_4DLC_resnet50_Freezing_07-2020Sep29shuffle1_100000filtered,469,Turn,0.17408451,0.09832382,0.10338177,0.079086356,0.11805565,0.113012075,0.14331163,0.17408451,0.17074418
Animal 11_4DLC_resnet50_Freezing_07-2020Sep29shuffle1_100000filtered,470,Turn,0.17572732,0.09925169,0.09256177,0.07983268,0.11916971,0.11643731,0.14466403,0.17572732,0.17235546
Animal 11_4DLC_resnet50_Freezing_07-2020Sep29shuffle1_100000filtered,471,Turn,0.17455785,0.098591164,0.08294766,0.07930139,0.118376635,0.13131556,0.1437013,0.17455785,0.17120843
Animal 11_4DLC_resnet50_Freezing_07-2020Sep29shuffle1_100000filtered,472,Turn,0.18521686,0.10461143,0.10217204,0.084143765,0.0909415,0.098775335,0.15247612,0.18521686,0.18166292
Animal 11_4DLC_resnet50_Freezing_07-2020Sep29shuffle1_100000filtered,473,Turn,0.1882592,0.106329754,0.08945837,0.08552589,0.09243529,0.09836396,0.15498066,0.1882592,0.18464687
Animal 11_4DLC_resnet50_Freezing_07-2020Sep29shuffle1_100000filtered,474,Turn,0.175099,0.09889681,0.15310945,0.079547234,0.08597363,0.091487855,0.14414679,0.175099,0.17173919
Animal 11_4DLC_resnet50_Freezing_07-2020Sep29shuffle1_100000filtered,475,Freeze,0.47244915,0.0628724,0.47244915,0.052243836,0.056464482,0.060086027,0.086685635,0.0964062,0.11279229
Animal 11_4DLC_resnet50_Freezing_07-2020Sep29shuffle1_100000filtered,476,Freeze,0.48346907,0.06433891,0.48346907,0.053462427,0.057781518,0.061487537,0.08870758,0.075329795,0.11542318
Animal 11_4DLC_resnet50_Freezing_07-2020Sep29shuffle1_100000filtered,477,Freeze,0.22666971,0.08774343,0.22666971,0.07291043,0.07880065,0.08385481,0.13212028,0.16049007,0.15741059
Animal 11_4DLC_resnet50_Freezing_07-2020Sep29shuffle1_100000filtered,478,Turn,0.17199197,0.094031766,0.17124726,0.078135714,0.08444808,0.08986446,0.14158899,0.17199197,0.16869178
Animal 11_4DLC_resnet50_Freezing_07-2020Sep29shuffle1_100000filtered,479,Turn,0.18179005,0.099388584,0.10084304,0.08258697,0.08925893,0.094983876,0.1728467,0.18179005,0.17830186
Animal 11_4DLC_resnet50_Freezing_07-2020Sep29shuffle1_100000filtered,480,Turn,0.19211544,0.093226135,0.08148173,0.07746627,0.11563727,0.11069704,0.16212958,0.19211544,0.16724649
Animal 11_4DLC_resnet50_Freezing_07-2020Sep29shuffle1_100000filtered,481,Turn,0.19243434,0.09338089,0.07892998,0.07759486,0.11582922,0.117447935,0.15685862,0.19243434,0.16752411
Animal 11_4DLC_resnet50_Freezing_07-2020Sep29shuffle1_100000filtered,482,Sniff,0.16870712,0.09700828,0.08199603,0.080609046,0.12032864,0.1457312,0.16870712,0.14523727,0.16038238
Animal 11_4DLC_resnet50_Freezing_07-2020Sep29shuffle1_100000filtered,483,Sniff,0.2579281,0.08384538,0.07087012,0.07042891,0.10400143,0.12595716,0.2579281,0.14834855,0.13862035
Animal 11_4DLC_resnet50_Freezing_07-2020Sep29shuffle1_100000filtered,484,Turn,0.18676417,0.096716054,0.08174902,0.08546971,0.11996616,0.101236716,0.1681989,0.18676417,0.15989923
Animal 11_4DLC_resnet50_Freezing_07-2020Sep29shuffle1_100000filtered,485,Turn,0.19055945,0.09868144,0.08341026,0.08720656,0.12240402,0.10329397,0.15129577,0.19055945,0.16314858
Animal 11_4DLC_resnet50_Freezing_07-2020Sep29shuffle1_100000filtered,486,Sniff,0.17536873,0.08134984,0.068760775,0.10746048,0.1591971,0.12220823,0.17536873,0.14449298,0.14116184
Animal 11_4DLC_resnet50_Freezing_07-2020Sep29shuffle1_100000filtered,487,Turn,0.18893863,0.093075365,0.07162759,0.111430906,0.13764836,0.15544394,0.120896995,0.18893863,0.12093819
Animal 11_4DLC_resnet50_Freezing_07-2020Sep29shuffle1_100000filtered,488,Jump,0.23204534,0.09959446,0.076644465,0.075348005,0.23204534,0.10989633,0.12936477,0.16105966,0.11604691
Animal 11_4DLC_resnet50_Freezing_07-2020Sep29shuffle1_100000filtered,489,Turn,0.19582646,0.096468456,0.0742388,0.07298303,0.1807317,0.11399213,0.12530434,0.19582646,0.14045505
Animal 11_4DLC_resnet50_Freezing_07-2020Sep29shuffle1_100000filtered,490,Turn,0.2094056,0.10315784,0.07938671,0.07804387,0.12392149,0.121896654,0.13399328,0.2094056,0.15019459
Animal 11_4DLC_resnet50_Freezing_07-2020Sep29shuffle1_100000filtered,491,Sniff,0.29813725,0.08759197,0.067407764,0.06626755,0.10522253,0.09726222,0.29813725,0.15400006,0.12411065
Animal 11_4DLC_resnet50_Freezing_07-2020Sep29shuffle1_100000filtered,492,Turn,0.18361035,0.12535423,0.080368556,0.07900911,0.12527606,0.11523611,0.14317165,0.18361035,0.14797394
Animal 11_4DLC_resnet50_Freezing_07-2020Sep29shuffle1_100000filtered,493,Turn,0.17035878,0.1251357,0.07456818,0.07330684,0.116234615,0.11675139,0.16664886,0.17035878,0.15699562
Animal 11_4DLC_resnet50_Freezing_07-2020Sep29shuffle1_100000filtered,494,Turn,0.17999034,0.13221048,0.07878403,0.077451386,0.122806154,0.12335215,0.14034893,0.17999034,0.14505653
Animal 11_4DLC_resnet50_Freezing_07-2020Sep29shuffle1_100000filtered,495,Turn,0.19259016,0.13748369,0.081926316,0.08054052,0.08704717,0.110786036,0.14594671,0.19259016,0.16367942
Animal 11_4DLC_resnet50_Freezing_07-2020Sep29shuffle1_100000filtered,496,Turn,0.18721466,0.12421727,0.07963962,0.078292504,0.12413983,0.10551219,0.1418731,0.18721466,0.15911086
Animal 11_4DLC_resnet50_Freezing_07-2020Sep29shuffle1_100000filtered,497,Turn,0.18603048,0.12343156,0.07913588,0.07779728,0.123354614,0.11117003,0.14097571,0.18603048,0.15810443
Animal 11_4DLC_resnet50_Freezing_07-2020Sep29shuffle1_100000filtered,498,Turn,0.18560384,0.1231485,0.0789544,0.07761887,0.12307172,0.11320843,0.14065242,0.18560384,0.15774186
Animal 11_4DLC_resnet50_Freezing_07-2020Sep29shuffle1_100000filtered,499,Turn,0.18560384,0.1231485,0.0789544,0.07761887,0.12307172,0.11320843,0.14065242,0.18560384,0.15774186
Animal 11_4DLC_resnet50_Freezing_07-2020Sep29shuffle1_100000filtered,500,Turn,0.18851307,0.12507878,0.08019196,0.078835495,0.1250008,0.09930848,0.14285706,0.18851307,0.16021436
Animal 11_4DLC_resnet50_Freezing_07-2020Sep29shuffle1_100000filtered,501,Turn,0.1989479,0.13200231,0.09824616,0.08319931,0.089920744,0.095688134,0.13291265,0.1989479,0.16908276
Animal 11_4DLC_resnet50_Freezing_07-2020Sep29shuffle1_100000filtered,502,Turn,0.18951873,0.12574604,0.08981002,0.07925606,0.13104138,0.096945435,0.12661323,0.18951873,0.16106907
Animal 11_4DLC_resnet50_Freezing_07-2020Sep29shuffle1_100000filtered,503,Turn,0.18551832,0.12309175,0.07891802,0.077583104,0.15144327,0.10183568,0.12394065,0.18551832,0.15766917
Animal 11_4DLC_resnet50_Freezing_07-2020Sep29shuffle1_100000filtered,504,Turn,0.19950745,0.13237356,0.08961233,0.0834333,0.09017365,0.102055,0.13328646,0.19950745,0.1695583
Animal 11_4DLC_resnet50_Freezing_07-2020Sep29shuffle1_100000filtered,505,Turn,0.19319728,0.12818675,0.11840665,0.08079442,0.08732157,0.09882713,0.12907079,0.19319728,0.1641954
Animal 11_4DLC_resnet50_Freezing_07-2020Sep29shuffle1_100000filtered,506,Turn,0.19709028,0.13076977,0.10064217,0.08242246,0.08908114,0.100818545,0.13167161,0.19709028,0.167504
Animal 11_4DLC_resnet50_Freezing_07-2020Sep29shuffle1_100000filtered,507,Turn,0.1886553,0.12517315,0.1391325,0.07889498,0.085268684,0.09650376,0.12603639,0.1886553,0.16033524
Animal 11_4DLC_resnet50_Freezing_07-2020Sep29shuffle1_100000filtered,508,Turn,0.1879919,0.12026835,0.16613594,0.07580355,0.0819275,0.09272235,0.12109777,0.1879919,0.15405264
Animal 11_4DLC_resnet50_Freezing_07-2020Sep29shuffle1_100000filtered,509,Turn,0.18830052,0.120465785,0.16476701,0.07592799,0.082062,0.092874564,0.12129656,0.18830052,0.15430555
Animal 11_4DLC_resnet50_Freezing_07-2020Sep29shuffle1_100000filtered,510,Freeze,0.23326957,0.12272342,0.23326957,0.077350944,0.08359991,0.09461512,0.11314733,0.14554137,0.1297523
Animal 11_4DLC_resnet50_Freezing_07-2020Sep29shuffle1_100000filtered,511,Turn,0.15502317,0.120233126,0.13670658,0.075781345,0.14792621,0.09947069,0.110851355,0.15502317,0.15400752
Animal 11_4DLC_resnet50_Freezing_07-2020Sep29shuffle1_100000filtered,512,Unassigned,0.15709376,0.12264253,0.1394461,0.07729996,0.15089057,0.11045937,0.11307275,0.12909491,0.15709376
Animal 11_4DLC_resnet50_Freezing_07-2020Sep29shuffle1_100000filtered,513,Turn,0.15470499,0.11998635,0.13642599,0.0756258,0.14762259,0.10131904,0.11062384,0.15470499,0.15369144
Animal 11_4DLC_resnet50_Freezing_07-2020Sep29shuffle1_100000filtered,514,Turn,0.17097901,0.1232384,0.08124704,0.07767553,0.15162368,0.11329107,0.12408829,0.17097901,0.157857
Animal 11_4DLC_resnet50_Freezing_07-2020Sep29shuffle1_100000filtered,515,Turn,0.18896462,0.12089065,0.07750682,0.07619577,0.14873518,0.11113282,0.12172435,0.18896462,0.15484975
Animal 11_4DLC_resnet50_Freezing_07-2020Sep29shuffle1_100000filtered,516,Turn,0.18546611,0.11865247,0.07607186,0.074785076,0.14598149,0.1090753,0.1379848,0.18546611,0.15198286
Animal 11_4DLC_resnet50_Freezing_07-2020Sep29shuffle1_100000filtered,517,Jump,0.15288617,0.124088146,0.07955684,0.07821112,0.15288617,0.12215786,0.14430612,0.1523143,0.14647941
Animal 11_4DLC_resnet50_Freezing_07-2020Sep29shuffle1_100000filtered,518,Jump,0.22056657,0.11363194,0.072853036,0.0716207,0.22056657,0.111864306,0.13214627,0.14318076,0.13413642
Animal 11_4DLC_resnet50_Freezing_07-2020Sep29shuffle1_100000filtered,519,Turn,0.17233112,0.12381305,0.07938046,0.078037724,0.15254723,0.12188705,0.14398621,0.17233112,0.12801711
Animal 11_4DLC_resnet50_Freezing_07-2020Sep29shuffle1_100000filtered,520,Turn,0.16819274,0.1334821,0.085579604,0.084132,0.10396268,0.13140568,0.15523067,0.16819274,0.13801448
Animal 11_4DLC_resnet50_Freezing_07-2020Sep29shuffle1_100000filtered,521,Turn,0.18430234,0.1324139,0.08489474,0.08345872,0.10313071,0.1303541,0.14453548,0.18430234,0.13691
Animal 11_4DLC_resnet50_Freezing_07-2020Sep29shuffle1_100000filtered,522,Turn,0.17545952,0.13074034,0.083821766,0.0824039,0.10182726,0.12870656,0.14270872,0.17545952,0.15433197
Animal 11_4DLC_resnet50_Freezing_07-2020Sep29shuffle1_100000filtered,523,Turn,0.17394651,0.13729925,0.08181643,0.08043248,0.09939115,0.1371799,0.13929458,0.17394651,0.15063976
Animal 11_4DLC_resnet50_Freezing_07-2020Sep29shuffle1_100000filtered,524,Locomotion,0.2482838,0.12752649,0.075992845,0.07470741,0.09231663,0.2482838,0.12937978,0.12967844,0.12211462
Animal 11_4DLC_resnet50_Freezing_07-2020Sep29shuffle1_100000filtered,525,Locomotion,0.26834857,0.12322163,0.07342759,0.072185546,0.12352816,0.26834857,0.11117036,0.1101257,0.117992446
Animal 11_4DLC_resnet50_Freezing_07-2020Sep29shuffle1_100000filtered,526,Jump,0.20210247,0.12796502,0.07625416,0.07496431,0.20210247,0.14204718,0.11544982,0.13012436,0.13109268
Animal 11_4DLC_resnet50_Freezing_07-2020Sep29shuffle1_100000filtered,527,Turn,0.17702867,0.13684256,0.08154429,0.08016495,0.09891995,0.15190169,0.12345915,0.17702867,0.15013869
Animal 11_4DLC_resnet50_Freezing_07-2020Sep29shuffle1_100000filtered,528,Turn,0.19203515,0.13600895,0.08104754,0.0796766,0.09831735,0.14098321,0.12270707,0.19203515,0.14922409
Animal 11_4DLC_resnet50_Freezing_07-2020Sep29shuffle1_100000filtered,529,Turn,0.18644309,0.13695031,0.08160849,0.08022806,0.09899783,0.141959,0.123556346,0.18644309,0.1502569
Animal 11_4DLC_resnet50_Freezing_07-2020Sep29shuffle1_100000filtered,530,Turn,0.17635742,0.12954196,0.07719386,0.07588811,0.14773771,0.1342797,0.11687255,0.17635742,0.14212872
Animal 11_4DLC_resnet50_Freezing_07-2020Sep29shuffle1_100000filtered,531,Jump,0.15428288,0.13528101,0.080613755,0.07925016,0.15428288,0.15016828,0.12205031,0.14881353,0.12954006
Animal 11_4DLC_resnet50_Freezing_07-2020Sep29shuffle1_100000filtered,532,Jump,0.20284595,0.114076555,0.07653468,0.075240076,0.20284595,0.14256974,0.11587453,0.14128353,0.13157493
Animal 11_4DLC_resnet50_Freezing_07-2020Sep29shuffle1_100000filtered,533,Locomotion,0.29065531,0.10669824,0.071584515,0.07037365,0.1211363,0.29065531,0.10837992,0.116141304,0.11503077
Animal 11_4DLC_resnet50_Freezing_07-2020Sep29shuffle1_100000filtered,534,Locomotion,0.24658266,0.101252526,0.06793096,0.066781886,0.18004282,0.24658266,0.10284838,0.125401,0.10915978
Animal 11_4DLC_resnet50_Freezing_07-2020Sep29shuffle1_100000filtered,535,Locomotion,0.2637499,0.10830179,0.07266036,0.07143129,0.12295685,0.2637499,0.110008754,0.1341315,0.11675956
Animal 11_4DLC_resnet50_Freezing_07-2020Sep29shuffle1_100000filtered,536,Locomotion,0.27199894,0.09984957,0.0669897,0.06585655,0.17754813,0.27199894,0.10142331,0.10868651,0.10764726
Animal 11_4DLC_resnet50_Freezing_07-2020Sep29shuffle1_100000filtered,537,Locomotion,0.24883863,0.09302994,0.06855246,0.06739287,0.18169,0.24883863,0.10378934,0.12654829,0.11015848
Animal 11_4DLC_resnet50_Freezing_07-2020Sep29shuffle1_100000filtered,538,Locomotion,0.2934589,0.09808167,0.072275,0.071052454,0.12230475,0.2934589,0.10942533,0.11726157,0.11614033
Animal 11_4DLC_resnet50_Freezing_07-2020Sep29shuffle1_100000filtered,539,Locomotion,0.2934589,0.09808167,0.072275,0.071052454,0.12230475,0.2934589,0.10942533,0.11726157,0.11614033
Animal 11_4DLC_resnet50_Freezing_07-2020Sep29shuffle1_100000filtered,540,Locomotion,0.2937198,0.098168865,0.07233925,0.07111562,0.12152449,0.2937198,0.10952261,0.117365815,0.11624358
Animal 11_4DLC_resnet50_Freezing_07-2020Sep29shuffle1_100000filtered,541,Locomotion,0.29163083,0.09747068,0.07182477,0.07060984,0.12066019,0.29163083,0.11585573,0.1165311,0.11541684
Animal 11_4DLC_resnet50_Freezing_07-2020Sep29shuffle1_100000filtered,542,Locomotion,0.26082915,0.09751267,0.071855724,0.07064026,0.12071218,0.26082915,0.13033727,0.13264614,0.11546657
Animal 11_4DLC_resnet50_Freezing_07-2020Sep29shuffle1_100000filtered,543,Jump,0.18887083,0.12742855,0.07126181,0.070056394,0.18887083,0.13274737,0.12925997,0.14916845,0.13120668
Animal 11_4DLC_resnet50_Freezing_07-2020Sep29shuffle1_100000filtered,544,Turn,0.15743142,0.13448726,0.07520925,0.07393707,0.14393947,0.14010072,0.13642016,0.15743142,0.13847469
Animal 11_4DLC_resnet50_Freezing_07-2020Sep29shuffle1_100000filtered,545,Turn,0.16619039,0.14196968,0.07939365,0.07805069,0.09631105,0.14789546,0.14401013,0.16619039,0.14617896
Animal 11_4DLC_resnet50_Freezing_07-2020Sep29shuffle1_100000filtered,546,Turn,0.17878765,0.13993825,0.078257605,0.07693386,0.094932936,0.1361301,0.14194949,0.17878765,0.15307009
Animal 11_4DLC_resnet50_Freezing_07-2020Sep29shuffle1_100000filtered,547,Locomotion,0.17493975,0.11010407,0.08113414,0.079761736,0.09842241,0.17493975,0.14716716,0.14977416,0.15869653
Animal 11_4DLC_resnet50_Freezing_07-2020Sep29shuffle1_100000filtered,548,Turn,0.16595806,0.13669674,0.07644486,0.07515178,0.09273392,0.16482882,0.1386614,0.16595806,0.1495244
Animal 11_4DLC_resnet50_Freezing_07-2020Sep29shuffle1_100000filtered,549,Locomotion,0.17694317,0.11136498,0.08206329,0.08067518,0.09954955,0.17694317,0.14885253,0.14003739,0.16051394
Animal 11_4DLC_resnet50_Freezing_07-2020Sep29shuffle1_100000filtered,550,Locomotion,0.18002394,0.11330397,0.08585383,0.08207982,0.10128281,0.18002394,0.15144421,0.14247559,0.14353582
Animal 11_4DLC_resnet50_Freezing_07-2020Sep29shuffle1_100000filtered,551,Turn,0.15911384,0.13105927,0.080316976,0.07205247,0.123125404,0.15803117,0.13294291,0.15911384,0.14335793
Animal 11_4DLC_resnet50_Freezing_07-2020Sep29shuffle1_100000filtered,552,Locomotion,0.16749687,0.13890943,0.085296094,0.07636825,0.094234996,0.16749687,0.12902124,0.15672837,0.15194474
Animal 11_4DLC_resnet50_Freezing_07-2020Sep29shuffle1_100000filtered,553,Unassigned,0.1962206,0.10902379,0.097406864,0.07897916,0.09745673,0.14965479,0.13343228,0.1378258,0.1962206
Animal 11_4DLC_resnet50_Freezing_07-2020Sep29shuffle1_100000filtered,554,Locomotion,0.2582634,0.09655345,0.0862653,0.06994538,0.08630946,0.2582634,0.11817006,0.12206104,0.16243187
Animal 11_4DLC_resnet50_Freezing_07-2020Sep29shuffle1_100000filtered,555,Unassigned,0.19696918,0.109439716,0.09777848,0.079280466,0.094013505,0.15022573,0.13394132,0.1383516,0.19696918
Animal 11_4DLC_resnet50_Freezing_07-2020Sep29shuffle1_100000filtered,556,Locomotion,0.27463433,0.10267383,0.08307443,0.07437911,0.08820131,0.27463433,0.12566069,0.1297983,0.12157799
Animal 11_4DLC_resnet50_Freezing_07-2020Sep29shuffle1_100000filtered,557,Locomotion,0.33201095,0.09419235,0.076211974,0.06823495,0.08992285,0.33201095,0.11528033,0.11261169,0.11153491
Animal 11_4DLC_resnet50_Freezing_07-2020Sep29shuffle1_100000filtered,558,Locomotion,0.1575641,0.114785746,0.092874296,0.08315324,0.10958281,0.1575641,0.14048424,0.15614264,0.14541295
Animal 11_4DLC_resnet50_Freezing_07-2020Sep29shuffle1_100000filtered,559,Locomotion,0.165464,0.13722351,0.08426087,0.07544138,0.099419795,0.165464,0.12745534,0.16063449,0.15010062
Animal 11_4DLC_resnet50_Freezing_07-2020Sep29shuffle1_100000filtered,560,Turn,0.1737719,0.13601239,0.083517194,0.07477554,0.10254112,0.1373076,0.14329839,0.1737719,0.14877583
Animal 11_4DLC_resnet50_Freezing_07-2020Sep29shuffle1_100000filtered,561,Turn,0.15385398,0.13893613,0.12024751,0.07638293,0.09174357,0.12048316,0.14637874,0.15385398,0.15197395
Animal 11_4DLC_resnet50_Freezing_07-2020Sep29shuffle1_100000filtered,562,Freeze,0.22411683,0.09864067,0.22411683,0.07170427,0.08612404,0.11081203,0.12219762,0.14373943,0.14266515
Animal 11_4DLC_resnet50_Freezing_07-2020Sep29shuffle1_100000filtered,563,Freeze,0.24949433,0.12685506,0.24949433,0.069741115,0.08376609,0.10777816,0.11885202,0.126526,0.1169872
Animal 11_4DLC_resnet50_Freezing_07-2020Sep29shuffle1_100000filtered,564,Freeze,0.3726677,0.085300475,0.3726677,0.062006954,0.074476585,0.083112195,0.10567156,0.10147683,0.1152877
Animal 11_4DLC_resnet50_Freezing_07-2020Sep29shuffle1_100000filtered,565,Freeze,0.18596263,0.10178,0.18596263,0.07398632,0.088865004,0.09916897,0.12608667,0.16441703,0.15973341
Animal 11_4DLC_resnet50_Freezing_07-2020Sep29shuffle1_100000filtered,566,Freeze,0.3035755,0.08883196,0.3035755,0.064574085,0.07755997,0.08655311,0.11004645,0.12944618,0.13941279
Animal 11_4DLC_resnet50_Freezing_07-2020Sep29shuffle1_100000filtered,567,Freeze,0.29618138,0.086668305,0.29618138,0.063001275,0.07567086,0.08444496,0.10736608,0.15064995,0.13601716
Animal 11_4DLC_resnet50_Freezing_07-2020Sep29shuffle1_100000filtered,568,Freeze,0.19067268,0.09588133,0.19067268,0.07498906,0.0900694,0.0920484,0.12779552,0.16664536,0.16189829
Animal 11_4DLC_resnet50_Freezing_07-2020Sep29shuffle1_100000filtered,569,Freeze,0.19203778,0.09768964,0.19203778,0.07640335,0.0917681,0.09378442,0.13020574,0.15315929,0.16495168
Animal 11_4DLC_resnet50_Freezing_07-2020Sep29shuffle1_100000filtered,570,Freeze,0.41584936,0.07062889,0.41584936,0.05523905,0.06634765,0.06780544,0.09413778,0.110733025,0.11925883
Animal 11_4DLC_resnet50_Freezing_07-2020Sep29shuffle1_100000filtered,571,Freeze,0.19203778,0.09768964,0.19203778,0.07640335,0.0917681,0.09378442,0.13020574,0.15315929,0.16495168
Animal 11_4DLC_resnet50_Freezing_07-2020Sep29shuffle1_100000filtered,572,Jump,0.15659223,0.12203721,0.1302193,0.07218521,0.15659223,0.09663383,0.11882061,0.1476667,0.1558449
Animal 11_4DLC_resnet50_Freezing_07-2020Sep29shuffle1_100000filtered,573,Turn,0.16256317,0.09181651,0.13322651,0.07385222,0.1602085,0.093031086,0.12585813,0.16256317,0.1594439
Animal 11_4DLC_resnet50_Freezing_07-2020Sep29shuffle1_100000filtered,574,Freeze,0.22288373,0.08913159,0.22288373,0.07169263,0.08611005,0.08415909,0.13343203,0.15780947,0.15478142
Animal 11_4DLC_resnet50_Freezing_07-2020Sep29shuffle1_100000filtered,575,Turn,0.1784761,0.10080421,0.123041235,0.08108144,0.09738696,0.09325237,0.1509062,0.1784761,0.1750515
Animal 11_4DLC_resnet50_Freezing_07-2020Sep29shuffle1_100000filtered,576,Turn,0.16922587,0.09557963,0.16849312,0.07687908,0.09233949,0.08841919,0.14308488,0.16922587,0.16597874
Animal 11_4DLC_resnet50_Freezing_07-2020Sep29shuffle1_100000filtered,577,Turn,0.17936741,0.10130762,0.11866171,0.08148636,0.09787331,0.09371806,0.15165982,0.17936741,0.17592569
Animal 11_4DLC_resnet50_Freezing_07-2020Sep29shuffle1_100000filtered,578,Turn,0.16463625,0.092987396,0.097770825,0.074794024,0.16225156,0.10687846,0.13920425,0.16463625,0.16147721
Animal 11_4DLC_resnet50_Freezing_07-2020Sep29shuffle1_100000filtered,579,Turn,0.1690627,0.095487475,0.080974996,0.07680495,0.16661389,0.11202132,0.14294693,0.1690627,0.15608776
Animal 11_4DLC_resnet50_Freezing_07-2020Sep29shuffle1_100000filtered,580,Turn,0.1678372,0.0947953,0.07975409,0.076248206,0.16540614,0.119092,0.14191073,0.1678372,0.15495631
Animal 11_4DLC_resnet50_Freezing_07-2020Sep29shuffle1_100000filtered,581,Turn,0.1726514,0.09751439,0.08204174,0.078435294,0.17015061,0.09880435,0.14100124,0.1726514,0.15940103
Animal 11_4DLC_resnet50_Freezing_07-2020Sep29shuffle1_100000filtered,582,Turn,0.17179585,0.09703116,0.081635185,0.07804661,0.16930744,0.098314725,0.14525786,0.17179585,0.15861113
Animal 11_4DLC_resnet50_Freezing_07-2020Sep29shuffle1_100000filtered,583,Turn,0.17126873,0.09673345,0.08138471,0.07780714,0.16878796,0.113483034,0.14481218,0.17126873,0.14572284
Animal 11_4DLC_resnet50_Freezing_07-2020Sep29shuffle1_100000filtered,584,Turn,0.19003682,0.10631624,0.09551217,0.085515015,0.10271213,0.100385025,0.14573374,0.19003682,0.17378889
Animal 11_4DLC_resnet50_Freezing_07-2020Sep29shuffle1_100000filtered,585,Freeze,0.19415884,0.09493444,0.19415884,0.07636012,0.09171618,0.08782234,0.13013206,0.16969223,0.15518375
Animal 11_4DLC_resnet50_Freezing_07-2020Sep29shuffle1_100000filtered,586,Turn,0.1906746,0.09596176,0.13568023,0.079739444,0.09577508,0.09170892,0.14840852,0.1906746,0.16205141
Animal 11_4DLC_resnet50_Freezing_07-2020Sep29shuffle1_100000filtered,587,Turn,0.18002436,0.09060176,0.08728961,0.07528555,0.16331783,0.09291545,0.15756553,0.18002436,0.15299994
Animal 11_4DLC_resnet50_Freezing_07-2020Sep29shuffle1_100000filtered,588,Turn,0.17804384,0.08960501,0.09733067,0.074457295,0.16152109,0.09189325,0.1558321,0.17804384,0.15131672
Animal 11_4DLC_resnet50_Freezing_07-2020Sep29shuffle1_100000filtered,589,Turn,0.17967916,0.090428025,0.087122224,0.075141184,0.16300465,0.09465478,0.1572634,0.17967916,0.15270655
Animal 11_4DLC_resnet50_Freezing_07-2020Sep29shuffle1_100000filtered,590,Turn,0.17798471,0.08957525,0.086300634,0.074432574,0.16146746,0.09376215,0.15578035,0.17798471,0.16069685
Animal 11_4DLC_resnet50_Freezing_07-2020Sep29shuffle1_100000filtered,591,Turn,0.19228569,0.09677258,0.097642176,0.08041319,0.09658433,0.09439606,0.16829722,0.19228569,0.17360877
Animal 11_4DLC_resnet50_Freezing_07-2020Sep29shuffle1_100000filtered,592,Turn,0.1772484,0.089204684,0.07753289,0.07412465,0.16079947,0.10592195,0.15513588,0.1772484,0.16003206
Animal 11_4DLC_resnet50_Freezing_07-2020Sep29shuffle1_100000filtered,593,Turn,0.19228569,0.09677258,0.097642176,0.08041319,0.09658433,0.09439606,0.16829722,0.19228569,0.17360877
Animal 11_4DLC_resnet50_Freezing_07-2020Sep29shuffle1_100000filtered,594,Turn,0.18662165,0.093922004,0.12607834,0.07804451,0.0937393,0.089759566,0.16333978,0.18662165,0.16849488
Animal 11_4DLC_resnet50_Freezing_07-2020Sep29shuffle1_100000filtered,595,Turn,0.17784439,0.0972314,0.110638134,0.08079445,0.09704226,0.0929223,0.16909514,0.17784439,0.17443189
Animal 11_4DLC_resnet50_Freezing_07-2020Sep29shuffle1_100000filtered,596,Turn,0.1757412,0.09608155,0.12115579,0.07983898,0.09589464,0.0918234,0.16709542,0.1757412,0.17236906
Animal 11_4DLC_resnet50_Freezing_07-2020Sep29shuffle1_100000filtered,597,Turn,0.16467154,0.09002952,0.097791776,0.07481005,0.16228633,0.092328615,0.15657036,0.16467154,0.16151181
Animal 11_4DLC_resnet50_Freezing_07-2020Sep29shuffle1_100000filtered,598,Turn,0.16969326,0.09277501,0.089383416,0.07709142,0.16723531,0.09514421,0.14224018,0.16969326,0.16643718
Animal 11_4DLC_resnet50_Freezing_07-2020Sep29shuffle1_100000filtered,599,Turn,0.18299194,0.10004568,0.09638829,0.08313298,0.099851064,0.10472199,0.1533874,0.18299194,0.17948067
Animal 11_4DLC_resnet50_Freezing_07-2020Sep29shuffle1_100000filtered,600,Turn,0.18182884,0.0994098,0.111183904,0.08260459,0.09921642,0.09500414,0.15241246,0.18182884,0.1783399
Animal 11_4DLC_resnet50_Freezing_07-2020Sep29shuffle1_100000filtered,601,Turn,0.18182884,0.0994098,0.111183904,0.08260459,0.09921642,0.09500414,0.15241246,0.18182884,0.1783399
Animal 11_4DLC_resnet50_Freezing_07-2020Sep29shuffle1_100000filtered,602,Turn,0.1699561,0.09291872,0.16922021,0.07721083,0.09273796,0.088800736,0.14246051,0.1699561,0.16669498
Animal 11_4DLC_resnet50_Freezing_07-2020Sep29shuffle1_100000filtered,603,Turn,0.17576654,0.096095406,0.14081755,0.079850495,0.09590847,0.09183664,0.14733092,0.17576654,0.17239393
Animal 11_4DLC_resnet50_Freezing_07-2020Sep29shuffle1_100000filtered,604,Turn,0.17576654,0.096095406,0.14081755,0.079850495,0.09590847,0.09183664,0.14733092,0.17576654,0.17239393
Animal 11_4DLC_resnet50_Freezing_07-2020Sep29shuffle1_100000filtered,605,Turn,0.18503988,0.10116534,0.08842077,0.08406336,0.10096854,0.1037488,0.15510401,0.18503988,0.18148932
Animal 11_4DLC_resnet50_Freezing_07-2020Sep29shuffle1_100000filtered,606,Turn,0.16747494,0.091562204,0.08002742,0.07608363,0.16504912,0.11516053,0.14038074,0.16747494,0.16426142
Animal 11_4DLC_resnet50_Freezing_07-2020Sep29shuffle1_100000filtered,607,Jump,0.16654682,0.09239306,0.07809503,0.07677403,0.16654682,0.11620552,0.1551993,0.14903425,0.16575198
Animal 11_4DLC_resnet50_Freezing_07-2020Sep29shuffle1_100000filtered,608,Jump,0.21703829,0.08588814,0.07259676,0.07136877,0.21703829,0.21183026,0.1308145,0.093805976,0.11665736
Animal 11_4DLC_resnet50_Freezing_07-2020Sep29shuffle1_100000filtered,609,Locomotion,0.31498784,0.082999006,0.07097099,0.06785121,0.16078416,0.31498784,0.11059648,0.08918257,0.10262774
Animal 11_4DLC_resnet50_Freezing_07-2020Sep29shuffle1_100000filtered,610,Locomotion,0.34497648,0.08324584,0.07118206,0.068053,0.12923652,0.34497648,0.11092539,0.08944779,0.10293295
Animal 11_4DLC_resnet50_Freezing_07-2020Sep29shuffle1_100000filtered,611,Locomotion,0.32672027,0.11404716,0.071986355,0.06445162,0.1223973,0.32672027,0.09619437,0.09885216,0.10535079
Animal 11_4DLC_resnet50_Freezing_07-2020Sep29shuffle1_100000filtered,612,Locomotion,0.16212529,0.1453204,0.09154496,0.082125105,0.108227886,0.16212529,0.13386273,0.14255422,0.13423938
Animal 11_4DLC_resnet50_Freezing_07-2020Sep29shuffle1_100000filtered,613,Turn,0.16296719,0.14316548,0.0846274,0.0809073,0.106623,0.12885617,0.13187772,0.16296719,0.16097578
Animal 11_4DLC_resnet50_Freezing_07-2020Sep29shuffle1_100000filtered,614,Turn,0.16268721,0.14031821,0.08448201,0.08076831,0.11075912,0.1286348,0.13165115,0.16268721,0.16069922
Animal 11_4DLC_resnet50_Freezing_07-2020Sep29shuffle1_100000filtered,615,Turn,0.18905975,0.1362769,0.07979178,0.07844208,0.10756912,0.12492997,0.12785946,0.18905975,0.1560709
Animal 11_4DLC_resnet50_Freezing_07-2020Sep29shuffle1_100000filtered,616,Turn,0.18353464,0.13720538,0.08033542,0.078976534,0.10830202,0.12578116,0.1287306,0.18353464,0.15713426
Animal 11_4DLC_resnet50_Freezing_07-2020Sep29shuffle1_100000filtered,617,Turn,0.18641786,0.1393608,0.08159745,0.080217205,0.11000338,0.11204765,0.13075288,0.18641786,0.15960275
Animal 11_4DLC_resnet50_Freezing_07-2020Sep29shuffle1_100000filtered,618,Turn,0.18641786,0.1393608,0.08159745,0.080217205,0.11000338,0.11204765,0.13075288,0.18641786,0.15960275
Animal 11_4DLC_resnet50_Freezing_07-2020Sep29shuffle1_100000filtered,619,Turn,0.18641786,0.1393608,0.08159745,0.080217205,0.11000338,0.11204765,0.13075288,0.18641786,0.15960275
Animal 11_4DLC_resnet50_Freezing_07-2020Sep29shuffle1_100000filtered,620,Turn,0.16890758,0.13781391,0.080691725,0.07932681,0.108782366,0.13734487,0.12930155,0.16890758,0.15783119
Animal 11_4DLC_resnet50_Freezing_07-2020Sep29shuffle1_100000filtered,621,Locomotion,0.17269939,0.13181707,0.07936369,0.07587497,0.104048796,0.17269939,0.12367509,0.1615577,0.15096329
Animal 11_4DLC_resnet50_Freezing_07-2020Sep29shuffle1_100000filtered,622,Turn,0.17966941,0.13431585,0.08086814,0.07731329,0.10602118,0.14196756,0.12601954,0.17966941,0.15382501
Animal 11_4DLC_resnet50_Freezing_07-2020Sep29shuffle1_100000filtered,623,Turn,0.17779662,0.13899566,0.12595284,0.08000703,0.096096486,0.10255593,0.119410895,0.17779662,0.15918458
Animal 11_4DLC_resnet50_Freezing_07-2020Sep29shuffle1_100000filtered,624,Unassigned,0.16971917,0.13657138,0.14118746,0.07861159,0.09442042,0.098725885,0.11732819,0.16343589,0.16971917
Animal 11_4DLC_resnet50_Freezing_07-2020Sep29shuffle1_100000filtered,625,Turn,0.19364458,0.13565283,0.10492084,0.07808286,0.093785375,0.098061875,0.12727393,0.19364458,0.16857769
Animal 11_4DLC_resnet50_Freezing_07-2020Sep29shuffle1_100000filtered,626,Turn,0.1919656,0.13447665,0.10118502,0.07740585,0.106148124,0.09553228,0.12617041,0.1919656,0.16711605
Animal 11_4DLC_resnet50_Freezing_07-2020Sep29shuffle1_100000filtered,627,Turn,0.19368543,0.12754747,0.079443134,0.07809933,0.10709911,0.1182115,0.12730078,0.19368543,0.16861324
Animal 11_4DLC_resnet50_Freezing_07-2020Sep29shuffle1_100000filtered,628,Turn,0.1762086,0.099857055,0.08195461,0.08056833,0.11048489,0.14565757,0.1313252,0.1762086,0.17394371
Animal 11_4DLC_resnet50_Freezing_07-2020Sep29shuffle1_100000filtered,629,Locomotion,0.27285987,0.09599743,0.07878695,0.07745425,0.10621448,0.27285987,0.12624928,0.11583325,0.12660451
Animal 11_4DLC_resnet50_Freezing_07-2020Sep29shuffle1_100000filtered,630,Locomotion,0.16274507,0.10217566,0.08385754,0.08243906,0.15655647,0.16274507,0.13437447,0.14309919,0.13475256
Animal 11_4DLC_resnet50_Freezing_07-2020Sep29shuffle1_100000filtered,631,Jump,0.20636357,0.09662908,0.0778619,0.07654484,0.20636357,0.15110914,0.12476698,0.13286789,0.13385662
Animal 11_4DLC_resnet50_Freezing_07-2020Sep29shuffle1_100000filtered,632,Locomotion,0.32012925,0.07972143,0.06423803,0.06315142,0.17025514,0.32012925,0.102935895,0.096343316,0.10322553
Animal 11_4DLC_resnet50_Freezing_07-2020Sep29shuffle1_100000filtered,633,Locomotion,0.32012925,0.07972143,0.06423803,0.06315142,0.17025514,0.32012925,0.102935895,0.096343316,0.10322553
Animal 11_4DLC_resnet50_Freezing_07-2020Sep29shuffle1_100000filtered,634,Locomotion,0.31762674,0.07909823,0.063735865,0.06265776,0.16892423,0.31762674,0.102131225,0.10340737,0.102418594
Animal 11_4DLC_resnet50_Freezing_07-2020Sep29shuffle1_100000filtered,635,Jump,0.19952458,0.10216169,0.075281516,0.07400811,0.19952458,0.16845022,0.12063215,0.13897018,0.12097156
Animal 11_4DLC_resnet50_Freezing_07-2020Sep29shuffle1_100000filtered,636,Locomotion,0.16541232,0.13218874,0.073923856,0.07267341,0.13801095,0.16541232,0.1184566,0.15474075,0.14459337
Animal 11_4DLC_resnet50_Freezing_07-2020Sep29shuffle1_100000filtered,637,Locomotion,0.17098792,0.13664447,0.07641563,0.075123034,0.10301766,0.17098792,0.12244945,0.1658946,0.14946723
Animal 11_4DLC_resnet50_Freezing_07-2020Sep29shuffle1_100000filtered,638,Turn,0.1864035,0.14067698,0.078670725,0.07733999,0.10605781,0.1309098,0.12606306,0.1864035,0.15387815
Animal 11_4DLC_resnet50_Freezing_07-2020Sep29shuffle1_100000filtered,639,Turn,0.18962963,0.1431117,0.08770306,0.07867853,0.094500825,0.12159008,0.12824486,0.18962963,0.15654135
Animal 11_4DLC_resnet50_Freezing_07-2020Sep29shuffle1_100000filtered,640,Turn,0.19434449,0.14254156,0.085867114,0.07836509,0.094124354,0.12110568,0.12773396,0.19434449,0.15591772
Animal 11_4DLC_resnet50_Freezing_07-2020Sep29shuffle1_100000filtered,641,Turn,0.19792219,0.1451656,0.08504227,0.07980771,0.09585709,0.09381817,0.13008541,0.19792219,0.17230156
Animal 11_4DLC_resnet50_Freezing_07-2020Sep29shuffle1_100000filtered,642,Turn,0.19186105,0.14072008,0.07869484,0.07736369,0.106090315,0.112143315,0.1261017,0.19186105,0.16702503
Animal 11_4DLC_resnet50_Freezing_07-2020Sep29shuffle1_100000filtered,643,Climb,0.15285884,0.15285884,0.085147575,0.08370728,0.1147894,0.14492914,0.13644165,0.14530058,0.13682556
Animal 11_4DLC_resnet50_Freezing_07-2020Sep29shuffle1_100000filtered,644,Climb,0.18091173,0.18091173,0.076478325,0.07518467,0.09908149,0.13017327,0.12254992,0.1660307,0.14958985
Animal 11_4DLC_resnet50_Freezing_07-2020Sep29shuffle1_100000filtered,645,Climb,0.18319108,0.18319108,0.077441886,0.07613193,0.10440118,0.106341325,0.12409395,0.17692405,0.15147457
Animal 11_4DLC_resnet50_Freezing_07-2020Sep29shuffle1_100000filtered,646,Climb,0.18435575,0.18435575,0.08681836,0.07661596,0.09202348,0.104817025,0.12488291,0.1780489,0.1524376
Animal 11_4DLC_resnet50_Freezing_07-2020Sep29shuffle1_100000filtered,647,Climb,0.17750193,0.17750193,0.07503687,0.0737676,0.10115892,0.13409463,0.120240115,0.17142953,0.1467704
Animal 11_4DLC_resnet50_Freezing_07-2020Sep29shuffle1_100000filtered,648,Climb,0.18266685,0.18266685,0.07722028,0.07591408,0.091180444,0.10385679,0.12373885,0.18152732,0.16389537
Animal 11_4DLC_resnet50_Freezing_07-2020Sep29shuffle1_100000filtered,649,Turn,0.18776278,0.14289577,0.10260809,0.07852173,0.09431249,0.09638471,0.12798928,0.18776278,0.16952518
Animal 11_4DLC_resnet50_Freezing_07-2020Sep29shuffle1_100000filtered,650,Turn,0.1854506,0.14113611,0.113658875,0.077554785,0.09315109,0.0951978,0.12641317,0.1854506,0.16743757
Animal 11_4DLC_resnet50_Freezing_07-2020Sep29shuffle1_100000filtered,651,Climb,0.18179391,0.18179391,0.092252105,0.07555129,0.090744704,0.09273854,0.12314751,0.18065982,0.16311212
Animal 11_4DLC_resnet50_Freezing_07-2020Sep29shuffle1_100000filtered,652,Climb,0.18414818,0.18414818,0.08049661,0.0765297,0.09191986,0.09393952,0.12474229,0.1829994,0.16522446
Animal 11_4DLC_resnet50_Freezing_07-2020Sep29shuffle1_100000filtered,653,Climb,0.16901831,0.16901831,0.07388289,0.07024191,0.1523766,0.10037363,0.114493296,0.16796392,0.15164939
Animal 11_4DLC_resnet50_Freezing_07-2020Sep29shuffle1_100000filtered,654,Climb,0.17034726,0.17034726,0.07258471,0.07079421,0.15357472,0.09517924,0.115393534,0.16928458,0.15284178
Animal 11_4DLC_resnet50_Freezing_07-2020Sep29shuffle1_100000filtered,655,Climb,0.18221812,0.18221812,0.09013395,0.07572759,0.09095645,0.09295494,0.12343487,0.18108138,0.16349274
Animal 11_4DLC_resnet50_Freezing_07-2020Sep29shuffle1_100000filtered,656,Turn,0.18488945,0.14070904,0.116340876,0.07732011,0.09286922,0.094909735,0.12603065,0.18488945,0.16693093
Animal 11_4DLC_resnet50_Freezing_07-2020Sep29shuffle1_100000filtered,657,Climb,0.18329221,0.18329221,0.09066525,0.07617397,0.0914926,0.08760825,0.124162465,0.18214877,0.16445646
Animal 11_4DLC_resnet50_Freezing_07-2020Sep29shuffle1_100000filtered,658,Climb,0.16842672,0.16842672,0.07120043,0.06999605,0.15184326,0.10594634,0.11409255,0.16737601,0.15111859
Animal 11_4DLC_resnet50_Freezing_07-2020Sep29shuffle1_100000filtered,659,Climb,0.16502751,0.16502751,0.06976345,0.068583384,0.14877875,0.12399028,0.11178992,0.16399802,0.14806871
Animal 11_4DLC_resnet50_Freezing_07-2020Sep29shuffle1_100000filtered,660,Jump,0.1603959,0.1308344,0.075210825,0.073938616,0.1603959,0.134556,0.12051887,0.1574347,0.14711066
Animal 11_4DLC_resnet50_Freezing_07-2020Sep29shuffle1_100000filtered,661,Jump,0.15836537,0.12917809,0.074258685,0.073002584,0.15836537,0.14551215,0.118993156,0.15544164,0.14524831
Animal 11_4DLC_resnet50_Freezing_07-2020Sep29shuffle1_100000filtered,662,Turn,0.16784772,0.12780447,0.07346906,0.072226316,0.15668139,0.14897259,0.11772784,0.16784772,0.13527064
Animal 11_4DLC_resnet50_Freezing_07-2020Sep29shuffle1_100000filtered,663,Turn,0.17300063,0.12701306,0.07301411,0.07177906,0.15571116,0.1480501,0.11699883,0.17300063,0.134433
Animal 11_4DLC_resnet50_Freezing_07-2020Sep29shuffle1_100000filtered,664,Turn,0.19475573,0.14298515,0.08452081,0.08080539,0.09705539,0.10042813,0.14811124,0.19475573,0.15133816
Animal 11_4DLC_resnet50_Freezing_07-2020Sep29shuffle1_100000filtered,665,Freeze,0.47328684,0.092609406,0.47328684,0.052336466,0.06286136,0.060192563,0.08783837,0.083083265,0.08779179
Animal 11_4DLC_resnet50_Freezing_07-2020Sep29shuffle1_100000filtered,666,Turn,0.18834245,0.13438453,0.12922366,0.0759449,0.091217466,0.08734479,0.13920228,0.18834245,0.15433991
Animal 11_4DLC_resnet50_Freezing_07-2020Sep29shuffle1_100000filtered,667,Turn,0.19811803,0.14135951,0.0840276,0.07988668,0.09595194,0.091878265,0.14642732,0.19811803,0.16235064
Animal 11_4DLC_resnet50_Freezing_07-2020Sep29shuffle1_100000filtered,668,Turn,0.18799165,0.09272657,0.07772065,0.075803444,0.16444132,0.10832091,0.138943,0.18799165,0.15405244
Animal 11_4DLC_resnet50_Freezing_07-2020Sep29shuffle1_100000filtered,669,Jump,0.2137075,0.08610193,0.07159894,0.07038783,0.2137075,0.10266184,0.12901652,0.174561,0.15196443
Animal 11_4DLC_resnet50_Freezing_07-2020Sep29shuffle1_100000filtered,670,Turn,0.1944185,0.09589661,0.07974382,0.078394935,0.096873336,0.14172836,0.14369303,0.1944185,0.16925143
Animal 11_4DLC_resnet50_Freezing_07-2020Sep29shuffle1_100000filtered,671,Locomotion,0.3479945,0.083974116,0.069829546,0.06864836,0.084829405,0.3479945,0.11189582,0.12061757,0.11221067
Animal 11_4DLC_resnet50_Freezing_07-2020Sep29shuffle1_100000filtered,672,Locomotion,0.2713491,0.09435392,0.07175248,0.07053877,0.1207101,0.2713491,0.11497717,0.1410178,0.11530068
Animal 11_4DLC_resnet50_Freezing_07-2020Sep29shuffle1_100000filtered,673,Locomotion,0.25372505,0.08822566,0.06709218,0.0659573,0.17781973,0.25372505,0.10750944,0.13185874,0.107811935
Animal 11_4DLC_resnet50_Freezing_07-2020Sep29shuffle1_100000filtered,674,Jump,0.19525932,0.09687836,0.07367221,0.07242603,0.19525932,0.14297809,0.11805338,0.15663144,0.14410117
Animal 11_4DLC_resnet50_Freezing_07-2020Sep29shuffle1_100000filtered,675,Turn,0.16347988,0.10269924,0.07809877,0.07677771,0.14946957,0.15156884,0.12514655,0.16347988,0.15275942
Animal 11_4DLC_resnet50_Freezing_07-2020Sep29shuffle1_100000filtered,676,Turn,0.16347988,0.10269924,0.07809877,0.07677771,0.14946957,0.15156884,0.12514655,0.16347988,0.15275942
Animal 11_4DLC_resnet50_Freezing_07-2020Sep29shuffle1_100000filtered,677,Turn,0.16334441,0.10261414,0.07803405,0.07671408,0.14934571,0.15144324,0.12587151,0.16334441,0.15263283
Animal 11_4DLC_resnet50_Freezing_07-2020Sep29shuffle1_100000filtered,678,Turn,0.1808693,0.10410628,0.07916877,0.07782961,0.15151739,0.12395453,0.12770185,0.1808693,0.15485232
Animal 11_4DLC_resnet50_Freezing_07-2020Sep29shuffle1_100000filtered,679,Turn,0.16334441,0.10261414,0.07803405,0.07671408,0.14934571,0.15144324,0.12587151,0.16334441,0.15263283
Animal 11_4DLC_resnet50_Freezing_07-2020Sep29shuffle1_100000filtered,680,Turn,0.1914655,0.11020533,0.08380686,0.08238924,0.101809144,0.13121638,0.13518324,0.1914655,0.1639243
Animal 11_4DLC_resnet50_Freezing_07-2020Sep29shuffle1_100000filtered,681,Turn,0.1914655,0.11020533,0.08380686,0.08238924,0.101809144,0.13121638,0.13518324,0.1914655,0.1639243
Animal 11_4DLC_resnet50_Freezing_07-2020Sep29shuffle1_100000filtered,682,Turn,0.18582538,0.10394832,0.07904863,0.077711515,0.15128748,0.10689465,0.12750807,0.18582538,0.16777594
Animal 11_4DLC_resnet50_Freezing_07-2020Sep29shuffle1_100000filtered,683,Turn,0.16334441,0.10261414,0.07803405,0.07671408,0.14934571,0.15144324,0.12587151,0.16334441,0.15263283
Animal 11_4DLC_resnet50_Freezing_07-2020Sep29shuffle1_100000filtered,684,Turn,0.17350219,0.1319788,0.07380645,0.072558,0.14125471,0.13119785,0.11905225,0.17350219,0.15664972
Animal 11_4DLC_resnet50_Freezing_07-2020Sep29shuffle1_100000filtered,685,Turn,0.17642532,0.13420236,0.07504993,0.07378045,0.14363454,0.10148734,0.13613117,0.17642532,0.15928894
Animal 11_4DLC_resnet50_Freezing_07-2020Sep29shuffle1_100000filtered,686,Turn,0.1864927,0.14186037,0.07933251,0.077990584,0.096940875,0.105105296,0.14389923,0.1864927,0.16837846
Animal 11_4DLC_resnet50_Freezing_07-2020Sep29shuffle1_100000filtered,687,Turn,0.1860883,0.14155273,0.079160474,0.07782146,0.09673066,0.10704589,0.14358719,0.1860883,0.16801333
Animal 11_4DLC_resnet50_Freezing_07-2020Sep29shuffle1_100000filtered,688,Sniff,0.18603082,0.12662755,0.07618917,0.07490041,0.09309985,0.10234187,0.18603082,0.17910342,0.16170691
Animal 11_4DLC_resnet50_Freezing_07-2020Sep29shuffle1_100000filtered,689,Sniff,0.19215792,0.096186645,0.07869853,0.07736733,0.10609529,0.09745904,0.19215792,0.18500237,0.16703288
Animal 11_4DLC_resnet50_Freezing_07-2020Sep29shuffle1_100000filtered,690,Sniff,0.19215792,0.096186645,0.07869853,0.07736733,0.10609529,0.09745904,0.19215792,0.18500237,0.16703288
Animal 11_4DLC_resnet50_Freezing_07-2020Sep29shuffle1_100000filtered,691,Sniff,0.19472228,0.09747027,0.07974877,0.07839981,0.09416605,0.09875964,0.19472228,0.18747124,0.16926195
Animal 11_4DLC_resnet50_Freezing_07-2020Sep29shuffle1_100000filtered,692,Sniff,0.1929996,0.09660796,0.09640559,0.07770621,0.09333297,0.08937049,0.1929996,0.18581271,0.16776451
Animal 11_4DLC_resnet50_Freezing_07-2020Sep29shuffle1_100000filtered,693,Sniff,0.18833911,0.0942751,0.07713453,0.07582978,0.12579523,0.093587145,0.18833911,0.18132576,0.16371338
Animal 11_4DLC_resnet50_Freezing_07-2020Sep29shuffle1_100000filtered,694,Sniff,0.1878604,0.09403548,0.07755004,0.07563705,0.1254755,0.09527942,0.1878604,0.18086489,0.16329728
Animal 11_4DLC_resnet50_Freezing_07-2020Sep29shuffle1_100000filtered,695,Turn,0.18453069,0.09594142,0.07849789,0.07717008,0.12801866,0.12778631,0.14144795,0.18453069,0.16660702
Animal 11_4DLC_resnet50_Freezing_07-2020Sep29shuffle1_100000filtered,696,Turn,0.18435788,0.09585157,0.07842437,0.07709781,0.12789878,0.12766664,0.14225198,0.18435788,0.16645099
Animal 11_4DLC_resnet50_Freezing_07-2020Sep29shuffle1_100000filtered,697,Turn,0.18435788,0.09585157,0.07842437,0.07709781,0.12789878,0.12766664,0.14225198,0.18435788,0.16645099
Animal 11_4DLC_resnet50_Freezing_07-2020Sep29shuffle1_100000filtered,698,Turn,0.1958438,0.09817874,0.08032843,0.07896965,0.131004,0.09947747,0.14570569,0.1958438,0.17049222
Animal 11_4DLC_resnet50_Freezing_07-2020Sep29shuffle1_100000filtered,699,Turn,0.1894845,0.094990745,0.07991852,0.076405406,0.12675014,0.1265201,0.14097445,0.1894845,0.16495612
Animal 11_4DLC_resnet50_Freezing_07-2020Sep29shuffle1_100000filtered,700,Turn,0.18624973,0.09336912,0.07855419,0.075101055,0.12458633,0.1541483,0.1385678,0.18624973,0.1494235
Animal 11_4DLC_resnet50_Freezing_07-2020Sep29shuffle1_100000filtered,701,Turn,0.16841312,0.09481434,0.08501103,0.07626351,0.12651475,0.15653428,0.14071263,0.16841312,0.15173635
Animal 11_4DLC_resnet50_Freezing_07-2020Sep29shuffle1_100000filtered,702,Turn,0.19551823,0.105467625,0.0947498,0.08483244,0.1018923,0.10543311,0.14332117,0.19551823,0.16878536
Animal 11_4DLC_resnet50_Freezing_07-2020Sep29shuffle1_100000filtered,703,Unassigned,0.19360413,0.09688125,0.096108004,0.077926025,0.12927271,0.12642407,0.13165304,0.1481308,0.19360413
Animal 11_4DLC_resnet50_Freezing_07-2020Sep29shuffle1_100000filtered,704,Turn,0.16203773,0.11104075,0.11539398,0.08931516,0.107276484,0.111004405,0.15089457,0.16203773,0.15303692
Animal 11_4DLC_resnet50_Freezing_07-2020Sep29shuffle1_100000filtered,705,Turn,0.15195803,0.10413337,0.103302255,0.08375923,0.13894953,0.13588764,0.14150804,0.15195803,0.14050189
Animal 11_4DLC_resnet50_Freezing_07-2020Sep29shuffle1_100000filtered,706,Unassigned,0.17566103,0.10115521,0.1635089,0.08136377,0.09772607,0.095511936,0.13746099,0.14761211,0.17566103
Animal 11_4DLC_resnet50_Freezing_07-2020Sep29shuffle1_100000filtered,707,Turn,0.16614138,0.09294792,0.1348682,0.07476227,0.12227225,0.12129131,0.126308,0.16614138,0.16140866
Animal 11_4DLC_resnet50_Freezing_07-2020Sep29shuffle1_100000filtered,708,Turn,0.1761069,0.09156171,0.1328568,0.07364728,0.120448716,0.1219529,0.12442427,0.1761069,0.15900144
Animal 11_4DLC_resnet50_Freezing_07-2020Sep29shuffle1_100000filtered,709,Turn,0.18442975,0.095888935,0.08597453,0.07712787,0.10092527,0.12771642,0.16142133,0.18442975,0.16651589
Animal 11_4DLC_resnet50_Freezing_07-2020Sep29shuffle1_100000filtered,710,Turn,0.1854125,0.09639989,0.08110407,0.07753885,0.10146305,0.12839696,0.16228148,0.1854125,0.16740318
Animal 11_4DLC_resnet50_Freezing_07-2020Sep29shuffle1_100000filtered,711,Turn,0.1822011,0.09473021,0.07969932,0.07619585,0.09970568,0.1563954,0.15947072,0.1822011,0.15160173
Animal 11_4DLC_resnet50_Freezing_07-2020Sep29shuffle1_100000filtered,712,Turn,0.16995688,0.09923544,0.0834897,0.079819605,0.10945815,0.13217369,0.16705489,0.16995688,0.15881167
Animal 11_4DLC_resnet50_Freezing_07-2020Sep29shuffle1_100000filtered,713,Turn,0.18306997,0.097938694,0.08013203,0.078776576,0.10802782,0.13044652,0.16487192,0.18306997,0.15673643
Animal 11_4DLC_resnet50_Freezing_07-2020Sep29shuffle1_100000filtered,714,Turn,0.18306997,0.097938694,0.08013203,0.078776576,0.10802782,0.13044652,0.16487192,0.18306997,0.15673643
Animal 11_4DLC_resnet50_Freezing_07-2020Sep29shuffle1_100000filtered,715,Turn,0.1651088,0.09640471,0.07887694,0.07754272,0.10633581,0.15915991,0.16228959,0.1651088,0.15428151
Animal 11_4DLC_resnet50_Freezing_07-2020Sep29shuffle1_100000filtered,716,Turn,0.19374979,0.10073462,0.09567918,0.081025474,0.09731974,0.10070165,0.16957866,0.19374979,0.16121091
Animal 11_4DLC_resnet50_Freezing_07-2020Sep29shuffle1_100000filtered,717,Turn,0.1921237,0.09988918,0.08172789,0.080345444,0.10513561,0.099160254,0.16815543,0.1921237,0.17346251
Animal 11_4DLC_resnet50_Freezing_07-2020Sep29shuffle1_100000filtered,718,Turn,0.19435877,0.10105123,0.08661127,0.08128014,0.09762562,0.09348089,0.17011166,0.19435877,0.17548047
Animal 11_4DLC_resnet50_Freezing_07-2020Sep29shuffle1_100000filtered,719,Turn,0.19255477,0.10011331,0.09508905,0.08052572,0.09671949,0.09261323,0.16853273,0.19255477,0.17385171
Animal 11_4DLC_resnet50_Freezing_07-2020Sep29shuffle1_100000filtered,720,Turn,0.19193347,0.099790275,0.098008886,0.080265895,0.096407406,0.0923144,0.16798893,0.19193347,0.17329074
Animal 11_4DLC_resnet50_Freezing_07-2020Sep29shuffle1_100000filtered,721,Turn,0.19288725,0.10028617,0.09352653,0.08066476,0.09688649,0.09277314,0.16882372,0.19288725,0.1741519
Animal 11_4DLC_resnet50_Freezing_07-2020Sep29shuffle1_100000filtered,722,Turn,0.18747261,0.09747098,0.11897272,0.07840037,0.09416673,0.090168856,0.16408458,0.18747261,0.16926318
Animal 11_4DLC_resnet50_Freezing_07-2020Sep29shuffle1_100000filtered,723,Turn,0.18311079,0.09520318,0.13947098,0.076576285,0.091975816,0.08807095,0.16026692,0.18311079,0.16532503
Animal 11_4DLC_resnet50_Freezing_07-2020Sep29shuffle1_100000filtered,724,Turn,0.171817,0.0893313,0.12962046,0.07185326,0.15587214,0.08867942,0.13769817,0.171817,0.15512823
Animal 11_4DLC_resnet50_Freezing_07-2020Sep29shuffle1_100000filtered,725,Freeze,0.20623103,0.08906347,0.20623103,0.071637824,0.1554048,0.09024164,0.13728534,0.12996708,0.12016884
Animal 11_4DLC_resnet50_Freezing_07-2020Sep29shuffle1_100000filtered,726,Turn,0.17511193,0.0910444,0.100002185,0.07323118,0.15886128,0.09038001,0.15326595,0.17511193,0.15810311
Animal 11_4DLC_resnet50_Freezing_07-2020Sep29shuffle1_100000filtered,727,Turn,0.17302522,0.08995948,0.07568557,0.072358534,0.15696822,0.124344364,0.15143956,0.17302522,0.15621908
Animal 11_4DLC_resnet50_Freezing_07-2020Sep29shuffle1_100000filtered,728,Turn,0.1738118,0.090368435,0.076029636,0.07268748,0.15768181,0.12036355,0.15212803,0.1738118,0.15692927
Animal 11_4DLC_resnet50_Freezing_07-2020Sep29shuffle1_100000filtered,729,Turn,0.18170814,0.09109237,0.07453046,0.07326976,0.15894496,0.12132776,0.15334667,0.18170814,0.1457799
Animal 11_4DLC_resnet50_Freezing_07-2020Sep29shuffle1_100000filtered,730,Turn,0.18170814,0.09109237,0.07453046,0.07326976,0.15894496,0.12132776,0.15334667,0.18170814,0.1457799
Animal 11_4DLC_resnet50_Freezing_07-2020Sep29shuffle1_100000filtered,731,Turn,0.19790919,0.09921414,0.09423499,0.07980247,0.095850796,0.093679145,0.16701902,0.19790919,0.17229025
Animal 11_4DLC_resnet50_Freezing_07-2020Sep29shuffle1_100000filtered,732,Turn,0.20012984,0.10032737,0.08599084,0.0806979,0.096926294,0.09281125,0.16889307,0.20012984,0.17422345
Animal 11_4DLC_resnet50_Freezing_07-2020Sep29shuffle1_100000filtered,733,Turn,0.18136173,0.09429381,0.07714984,0.07584483,0.1258202,0.12304763,0.15873607,0.18136173,0.16374587
Animal 11_4DLC_resnet50_Freezing_07-2020Sep29shuffle1_100000filtered,734,Turn,0.17888749,0.09300739,0.07609731,0.07481011,0.12410367,0.1535511,0.13803098,0.17888749,0.16151194
Animal 11_4DLC_resnet50_Freezing_07-2020Sep29shuffle1_100000filtered,735,Turn,0.18435788,0.09585157,0.07842437,0.07709781,0.12789878,0.12766664,0.14225198,0.18435788,0.16645099
Animal 11_4DLC_resnet50_Freezing_07-2020Sep29shuffle1_100000filtered,736,Turn,0.173468,0.09280183,0.07592912,0.07464477,0.17331012,0.12360463,0.1377259,0.173468,0.14851564
Animal 11_4DLC_resnet50_Freezing_07-2020Sep29shuffle1_100000filtered,737,Turn,0.17094107,0.099810086,0.08166318,0.080281824,0.09466372,0.16478205,0.14812677,0.17094107,0.15973131
Animal 11_4DLC_resnet50_Freezing_07-2020Sep29shuffle1_100000filtered,738,Turn,0.17016828,0.09935887,0.08129399,0.07991889,0.09875651,0.16403711,0.14745712,0.17016828,0.1590092
Animal 11_4DLC_resnet50_Freezing_07-2020Sep29shuffle1_100000filtered,739,Locomotion,0.15997617,0.096899115,0.079281464,0.077940404,0.15173309,0.15997617,0.14380664,0.13529032,0.15507275
Animal 11_4DLC_resnet50_Freezing_07-2020Sep29shuffle1_100000filtered,740,Locomotion,0.16497174,0.09845617,0.07487207,0.0736056,0.14329416,0.16497174,0.13580856,0.16254364,0.14644808
Animal 11_4DLC_resnet50_Freezing_07-2020Sep29shuffle1_100000filtered,741,Locomotion,0.16852641,0.100577615,0.07648535,0.07519159,0.14638174,0.16852641,0.13873485,0.16261235,0.13149014
Animal 11_4DLC_resnet50_Freezing_07-2020Sep29shuffle1_100000filtered,742,Jump,0.18911107,0.09382789,0.07135245,0.07014551,0.18911107,0.15721667,0.1294244,0.14935818,0.13956378
Animal 11_4DLC_resnet50_Freezing_07-2020Sep29shuffle1_100000filtered,743,Locomotion,0.26008266,0.09043634,0.068773314,0.067609996,0.13162202,0.26008266,0.124746166,0.1462161,0.11051339
Animal 11_4DLC_resnet50_Freezing_07-2020Sep29shuffle1_100000filtered,744,Locomotion,0.31592366,0.08336276,0.06339412,0.062321793,0.16801848,0.31592366,0.10225682,0.10285291,0.10186944
Animal 11_4DLC_resnet50_Freezing_07-2020Sep29shuffle1_100000filtered,745,Locomotion,0.33888057,0.08048545,0.061206046,0.060825,0.16221926,0.33888057,0.09872739,0.0993029,0.09835338
Animal 11_4DLC_resnet50_Freezing_07-2020Sep29shuffle1_100000filtered,746,Locomotion,0.36189678,0.08870174,0.065363064,0.065253355,0.10996111,0.36189678,0.10543279,0.1060474,0.09734376
Animal 11_4DLC_resnet50_Freezing_07-2020Sep29shuffle1_100000filtered,747,Locomotion,0.36189678,0.08870174,0.065363064,0.065253355,0.10996111,0.36189678,0.10543279,0.1060474,0.09734376
Animal 11_4DLC_resnet50_Freezing_07-2020Sep29shuffle1_100000filtered,748,Locomotion,0.34006286,0.057938855,0.04252883,0.21080387,0.17164922,0.34006286,0.06560953,0.06620369,0.0452031
Animal 11_4DLC_resnet50_Freezing_07-2020Sep29shuffle1_100000filtered,749,Locomotion,0.393655,0.094792955,0.06359719,0.06252143,0.095267445,0.393655,0.10734284,0.10831494,0.07450819
Animal 11_4DLC_resnet50_Freezing_07-2020Sep29shuffle1_100000filtered,750,Locomotion,0.37742928,0.09088576,0.06097583,0.05994441,0.13162522,0.37742928,0.102918364,0.09514063,0.0810805
Animal 11_4DLC_resnet50_Freezing_07-2020Sep29shuffle1_100000filtered,751,Locomotion,0.36041585,0.086788885,0.058227215,0.057242285,0.12569194,0.36041585,0.1343573,0.109059595,0.06821692
Animal 11_4DLC_resnet50_Freezing_07-2020Sep29shuffle1_100000filtered,752,Locomotion,0.35531682,0.08556104,0.057403438,0.056432445,0.12391369,0.35531682,0.13245647,0.10751667,0.08139943
Animal 11_4DLC_resnet50_Freezing_07-2020Sep29shuffle1_100000filtered,753,Locomotion,0.31500483,0.087139405,0.058462374,0.05747347,0.12619956,0.31500483,0.18415758,0.094851464,0.07671135
Animal 11_4DLC_resnet50_Freezing_07-2020Sep29shuffle1_100000filtered,754,Locomotion,0.31279218,0.08652732,0.058051724,0.057069764,0.1253131,0.31279218,0.18988818,0.09418521,0.07617251
Animal 11_4DLC_resnet50_Freezing_07-2020Sep29shuffle1_100000filtered,755,Locomotion,0.31279218,0.08652732,0.058051724,0.057069764,0.1253131,0.31279218,0.18988818,0.09418521,0.07617251
Animal 11_4DLC_resnet50_Freezing_07-2020Sep29shuffle1_100000filtered,756,Locomotion,0.31279218,0.08652732,0.058051724,0.057069764,0.1253131,0.31279218,0.18988818,0.09418521,0.07617251
Animal 11_4DLC_resnet50_Freezing_07-2020Sep29shuffle1_100000filtered,757,Locomotion,0.31279218,0.08652732,0.058051724,0.057069764,0.1253131,0.31279218,0.18988818,0.09418521,0.07617251
Animal 11_4DLC_resnet50_Freezing_07-2020Sep29shuffle1_100000filtered,758,Locomotion,0.31279218,0.08652732,0.058051724,0.057069764,0.1253131,0.31279218,0.18988818,0.09418521,0.07617251
Animal 11_4DLC_resnet50_Freezing_07-2020Sep29shuffle1_100000filtered,759,Locomotion,0.34674677,0.09592014,0.06435342,0.06326487,0.13891624,0.34674677,0.10194796,0.10440932,0.08444128
Animal 11_4DLC_resnet50_Freezing_07-2020Sep29shuffle1_100000filtered,760,Locomotion,0.34674677,0.09592014,0.06435342,0.06326487,0.13891624,0.34674677,0.10194796,0.10440932,0.08444128
Animal 11_4DLC_resnet50_Freezing_07-2020Sep29shuffle1_100000filtered,761,Locomotion,0.34674677,0.09592014,0.06435342,0.06326487,0.13891624,0.34674677,0.10194796,0.10440932,0.08444128
Animal 11_4DLC_resnet50_Freezing_07-2020Sep29shuffle1_100000filtered,762,Locomotion,0.34674677,0.09592014,0.06435342,0.06326487,0.13891624,0.34674677,0.10194796,0.10440932,0.08444128
Animal 11_4DLC_resnet50_Freezing_07-2020Sep29shuffle1_100000filtered,763,Locomotion,0.32983652,0.091242276,0.061215017,0.06017955,0.19239281,0.32983652,0.08549319,0.099317454,0.08032323
Animal 11_4DLC_resnet50_Freezing_07-2020Sep29shuffle1_100000filtered,764,Locomotion,0.3503382,0.09691363,0.06685918,0.06392013,0.14035507,0.3503382,0.0908072,0.10549074,0.085315876
Animal 11_4DLC_resnet50_Freezing_07-2020Sep29shuffle1_100000filtered,765,Locomotion,0.3503382,0.09691363,0.06685918,0.06392013,0.14035507,0.3503382,0.0908072,0.10549074,0.085315876
Animal 11_4DLC_resnet50_Freezing_07-2020Sep29shuffle1_100000filtered,766,Locomotion,0.346401,0.09582449,0.066107795,0.063201785,0.13877772,0.346401,0.089786686,0.10430521,0.0955953
Animal 11_4DLC_resnet50_Freezing_07-2020Sep29shuffle1_100000filtered,767,Locomotion,0.19274142,0.11621508,0.08017495,0.07665056,0.16830838,0.19274142,0.10889251,0.12297564,0.1340415
Animal 11_4DLC_resnet50_Freezing_07-2020Sep29shuffle1_100000filtered,768,Locomotion,0.31989,0.098983414,0.06828709,0.06528528,0.14335263,0.31989,0.09274657,0.10474155,0.10671347
Animal 11_4DLC_resnet50_Freezing_07-2020Sep29shuffle1_100000filtered,769,Locomotion,0.18171166,0.14437114,0.07350758,0.07226418,0.15867682,0.18171166,0.10266105,0.13146606,0.13534157
Animal 11_4DLC_resnet50_Freezing_07-2020Sep29shuffle1_100000filtered,770,Locomotion,0.17457354,0.14853114,0.07562567,0.074346446,0.11788299,0.17457354,0.105619185,0.16417964,0.13924138
Animal 11_4DLC_resnet50_Freezing_07-2020Sep29shuffle1_100000filtered,771,Turn,0.17653885,0.14633481,0.0745074,0.07324709,0.11613986,0.17199214,0.104057394,0.17653885,0.13718243
Animal 11_4DLC_resnet50_Freezing_07-2020Sep29shuffle1_100000filtered,772,Turn,0.18807235,0.11790289,0.09681028,0.07803241,0.084953375,0.17722836,0.1108556,0.18807235,0.14614473
Animal 11_4DLC_resnet50_Freezing_07-2020Sep29shuffle1_100000filtered,773,Turn,0.17700519,0.14672136,0.074704215,0.073440574,0.11729849,0.16895308,0.10433227,0.17700519,0.13754481
Animal 11_4DLC_resnet50_Freezing_07-2020Sep29shuffle1_100000filtered,774,Locomotion,0.32482225,0.10050959,0.06743252,0.06629188,0.10588069,0.32482225,0.09417659,0.13252762,0.10835884
Animal 11_4DLC_resnet50_Freezing_07-2020Sep29shuffle1_100000filtered,775,Locomotion,0.3254101,0.1006915,0.06755456,0.06641186,0.114316754,0.3254101,0.09434703,0.122713216,0.108554944
Animal 11_4DLC_resnet50_Freezing_07-2020Sep29shuffle1_100000filtered,776,Locomotion,0.18816306,0.14949682,0.07611735,0.07482981,0.12880683,0.18816306,0.10630588,0.13613358,0.14014667
Animal 11_4DLC_resnet50_Freezing_07-2020Sep29shuffle1_100000filtered,777,Locomotion,0.17757033,0.15108088,0.076923884,0.0756227,0.09399765,0.17757033,0.107432276,0.17574063,0.14163165
Animal 11_4DLC_resnet50_Freezing_07-2020Sep29shuffle1_100000filtered,778,Turn,0.18063806,0.1552911,0.07906755,0.077730104,0.0966171,0.137539,0.12753858,0.18063806,0.14557853
Animal 11_4DLC_resnet50_Freezing_07-2020Sep29shuffle1_100000filtered,779,Turn,0.18609585,0.15425669,0.07854088,0.07721234,0.09597354,0.13662285,0.12668903,0.18609585,0.14460886
Animal 11_4DLC_resnet50_Freezing_07-2020Sep29shuffle1_100000filtered,780,Turn,0.18880828,0.15650505,0.07968565,0.078337744,0.096665256,0.124745876,0.12853558,0.18880828,0.1467166
Animal 11_4DLC_resnet50_Freezing_07-2020Sep29shuffle1_100000filtered,781,Turn,0.19521509,0.15726101,0.080070555,0.07871614,0.08507539,0.11453358,0.12915644,0.19521509,0.15997179
Animal 11_4DLC_resnet50_Freezing_07-2020Sep29shuffle1_100000filtered,782,Turn,0.19492498,0.1570273,0.083754435,0.078599155,0.08494896,0.11204662,0.1289645,0.19492498,0.15973406
Animal 11_4DLC_resnet50_Freezing_07-2020Sep29shuffle1_100000filtered,783,Turn,0.1941473,0.10994014,0.11660452,0.078285575,0.084610045,0.12886563,0.12844999,0.1941473,0.15909678
Animal 11_4DLC_resnet50_Freezing_07-2020Sep29shuffle1_100000filtered,784,Turn,0.1840309,0.10421151,0.16263545,0.07420636,0.08020129,0.12215085,0.12175687,0.1840309,0.15080675
Animal 11_4DLC_resnet50_Freezing_07-2020Sep29shuffle1_100000filtered,785,Freeze,0.4686416,0.07277721,0.4686416,0.051822793,0.056009423,0.08530533,0.07785836,0.08226781,0.105317496
Animal 11_4DLC_resnet50_Freezing_07-2020Sep29shuffle1_100000filtered,786,Freeze,0.18526208,0.103511065,0.18526208,0.0737076,0.07966223,0.12132983,0.10394009,0.18279397,0.14979315
Animal 11_4DLC_resnet50_Freezing_07-2020Sep29shuffle1_100000filtered,787,Turn,0.18541677,0.10499629,0.16386019,0.07476518,0.08080525,0.123070724,0.115143165,0.18541677,0.15194242
Animal 11_4DLC_resnet50_Freezing_07-2020Sep29shuffle1_100000filtered,788,Turn,0.19068839,0.1427766,0.10529263,0.07689084,0.083102636,0.12656976,0.118416816,0.19068839,0.15626232
Animal 11_4DLC_resnet50_Freezing_07-2020Sep29shuffle1_100000filtered,789,Turn,0.18082878,0.13539428,0.076694734,0.072915174,0.1423314,0.13135885,0.11229403,0.18082878,0.14818272
Animal 11_4DLC_resnet50_Freezing_07-2020Sep29shuffle1_100000filtered,790,Turn,0.18068425,0.13528606,0.07469957,0.072856896,0.14221765,0.133987,0.11220428,0.18068425,0.14806429
Animal 11_4DLC_resnet50_Freezing_07-2020Sep29shuffle1_100000filtered,791,Turn,0.17379273,0.13495666,0.07393004,0.0726795,0.14187138,0.14313485,0.111931086,0.17379273,0.14770377
Animal 11_4DLC_resnet50_Freezing_07-2020Sep29shuffle1_100000filtered,792,Jump,0.15148856,0.14410512,0.07894162,0.077606305,0.15148856,0.12121321,0.1355717,0.14572677,0.14534669
Animal 11_4DLC_resnet50_Freezing_07-2020Sep29shuffle1_100000filtered,793,Turn,0.1772053,0.14159213,0.077564985,0.07625296,0.1488468,0.102518246,0.13320751,0.1772053,0.14281203
Animal 11_4DLC_resnet50_Freezing_07-2020Sep29shuffle1_100000filtered,794,Turn,0.17835802,0.14251319,0.07806955,0.07674899,0.14981505,0.09668011,0.13407405,0.17835802,0.14374103
Animal 11_4DLC_resnet50_Freezing_07-2020Sep29shuffle1_100000filtered,795,Turn,0.19160502,0.13081235,0.110788055,0.08244929,0.08911013,0.09678621,0.14403199,0.19160502,0.15441696
Animal 11_4DLC_resnet50_Freezing_07-2020Sep29shuffle1_100000filtered,796,Turn,0.18358463,0.11744878,0.07743014,0.07402641,0.14450055,0.12325052,0.12931792,0.18358463,0.15044104
Animal 11_4DLC_resnet50_Freezing_07-2020Sep29shuffle1_100000filtered,797,Turn,0.16765694,0.11541389,0.13122705,0.07274385,0.14199696,0.10676762,0.116359115,0.16765694,0.14783454
Animal 11_4DLC_resnet50_Freezing_07-2020Sep29shuffle1_100000filtered,798,Freeze,0.18807192,0.11735327,0.18807192,0.07396621,0.07994174,0.08682804,0.13304591,0.17047422,0.1503187
Animal 11_4DLC_resnet50_Freezing_07-2020Sep29shuffle1_100000filtered,799,Turn,0.19255447,0.12318727,0.123084754,0.077643305,0.08391589,0.08929814,0.15252465,0.19255447,0.15779151
Animal 11_4DLC_resnet50_Freezing_07-2020Sep29shuffle1_100000filtered,800,Turn,0.19517995,0.12950227,0.0853766,0.08162356,0.088217705,0.09387586,0.16034357,0.19517995,0.16588044
Animal 11_4DLC_resnet50_Freezing_07-2020Sep29shuffle1_100000filtered,801,Turn,0.1795194,0.11911146,0.08704477,0.075074375,0.1465462,0.09265483,0.14747818,0.1795194,0.15257078
Animal 11_4DLC_resnet50_Freezing_07-2020Sep29shuffle1_100000filtered,802,Turn,0.1865103,0.12374993,0.12600312,0.077997945,0.08429918,0.08970601,0.15322131,0.1865103,0.15851223
Animal 11_4DLC_resnet50_Freezing_07-2020Sep29shuffle1_100000filtered,803,Turn,0.1766775,0.11722585,0.07728317,0.0738859,0.14422628,0.11540231,0.14514351,0.1766775,0.15015548
Animal 11_4DLC_resnet50_Freezing_07-2020Sep29shuffle1_100000filtered,804,Turn,0.17713112,0.11752682,0.08257216,0.0740756,0.14459658,0.10804051,0.14551616,0.17713112,0.15054101
Animal 11_4DLC_resnet50_Freezing_07-2020Sep29shuffle1_100000filtered,805,Unassigned,0.16709268,0.13044865,0.12107372,0.082220055,0.08886239,0.10357199,0.15756491,0.14916562,0.16709268
Animal 11_4DLC_resnet50_Freezing_07-2020Sep29shuffle1_100000filtered,806,Turn,0.16425368,0.11726856,0.09298647,0.07391282,0.14427882,0.11544436,0.14164507,0.16425368,0.15021019
Animal 11_4DLC_resnet50_Freezing_07-2020Sep29shuffle1_100000filtered,807,Turn,0.17430076,0.11899839,0.078451745,0.07500311,0.14640708,0.1093933,0.1569744,0.17430076,0.14047123
Animal 11_4DLC_resnet50_Freezing_07-2020Sep29shuffle1_100000filtered,808,Turn,0.16080207,0.11981861,0.078992486,0.075520076,0.14741622,0.11795473,0.15805638,0.16080207,0.14143945
Animal 11_4DLC_resnet50_Freezing_07-2020Sep29shuffle1_100000filtered,809,Turn,0.16113763,0.12006865,0.07915732,0.07567767,0.14563699,0.11820088,0.15838622,0.16113763,0.14173461
Animal 11_4DLC_resnet50_Freezing_07-2020Sep29shuffle1_100000filtered,810,Turn,0.17986244,0.12279546,0.08095502,0.07739635,0.11917016,0.11288388,0.16198324,0.17986244,0.14495346
Animal 11_4DLC_resnet50_Freezing_07-2020Sep29shuffle1_100000filtered,811,Sniff,0.17228647,0.13060607,0.08610431,0.082319275,0.101578295,0.1285744,0.17228647,0.15457663,0.14395458
Animal 11_4DLC_resnet50_Freezing_07-2020Sep29shuffle1_100000filtered,812,Turn,0.17107236,0.12747133,0.0817259,0.08034349,0.095274076,0.12548842,0.16815132,0.17107236,0.15047309
Animal 11_4DLC_resnet50_Freezing_07-2020Sep29shuffle1_100000filtered,813,Sniff,0.16733539,0.13648185,0.08132933,0.079953626,0.098659195,0.1363632,0.16733539,0.15013449,0.14974293
Animal 11_4DLC_resnet50_Freezing_07-2020Sep29shuffle1_100000filtered,814,Sniff,0.16733539,0.13648185,0.08132933,0.079953626,0.098659195,0.1363632,0.16733539,0.15013449,0.14974293
Animal 11_4DLC_resnet50_Freezing_07-2020Sep29shuffle1_100000filtered,815,Turn,0.16688654,0.13379161,0.07972622,0.078377634,0.09671448,0.13367529,0.16403697,0.16688654,0.1467913
Animal 11_4DLC_resnet50_Freezing_07-2020Sep29shuffle1_100000filtered,816,Turn,0.18098305,0.13293968,0.07921856,0.077878565,0.09609865,0.12403248,0.16299246,0.18098305,0.14585657
Animal 11_4DLC_resnet50_Freezing_07-2020Sep29shuffle1_100000filtered,817,Turn,0.18209858,0.13375908,0.092529975,0.07835858,0.084688954,0.11781211,0.1639971,0.18209858,0.1467556
Animal 11_4DLC_resnet50_Freezing_07-2020Sep29shuffle1_100000filtered,818,Turn,0.18143894,0.13327454,0.07941811,0.07807473,0.096340716,0.121825956,0.16340302,0.18143894,0.14622398
Animal 11_4DLC_resnet50_Freezing_07-2020Sep29shuffle1_100000filtered,819,Sniff,0.16733539,0.13648185,0.08132933,0.079953626,0.098659195,0.1363632,0.16733539,0.15013449,0.14974293
Animal 11_4DLC_resnet50_Freezing_07-2020Sep29shuffle1_100000filtered,820,Sniff,0.1636501,0.13347606,0.07953819,0.07819278,0.09648639,0.15538333,0.1636501,0.14682803,0.14644508
Animal 11_4DLC_resnet50_Freezing_07-2020Sep29shuffle1_100000filtered,821,Turn,0.17311108,0.12715739,0.0757729,0.07449119,0.09191878,0.1621332,0.155903,0.17311108,0.13951246
Animal 11_4DLC_resnet50_Freezing_07-2020Sep29shuffle1_100000filtered,822,Turn,0.17311108,0.12715739,0.0757729,0.07449119,0.09191878,0.1621332,0.155903,0.17311108,0.13951246
Animal 11_4DLC_resnet50_Freezing_07-2020Sep29shuffle1_100000filtered,823,Turn,0.18663236,0.13708933,0.08169133,0.0803095,0.08679748,0.10899035,0.1680802,0.18663236,0.15040943
Animal 11_4DLC_resnet50_Freezing_07-2020Sep29shuffle1_100000filtered,824,Turn,0.17348935,0.12287387,0.073220365,0.071981825,0.11413367,0.15883699,0.15065116,0.17348935,0.13481276
Animal 11_4DLC_resnet50_Freezing_07-2020Sep29shuffle1_100000filtered,825,Locomotion,0.1732116,0.12259005,0.075117625,0.07181555,0.11387003,0.1732116,0.15030316,0.15859066,0.13450134
Animal 11_4DLC_resnet50_Freezing_07-2020Sep29shuffle1_100000filtered,826,Climb,0.22690402,0.22690402,0.066186994,0.06327751,0.1003322,0.15261874,0.13243385,0.13973604,0.118510686
Animal 11_4DLC_resnet50_Freezing_07-2020Sep29shuffle1_100000filtered,827,Climb,0.23341209,0.23341209,0.06808537,0.06509244,0.10320993,0.12078884,0.13623232,0.1512692,0.12190981
Animal 11_4DLC_resnet50_Freezing_07-2020Sep29shuffle1_100000filtered,828,Climb,0.23341209,0.23341209,0.06808537,0.06509244,0.10320993,0.12078884,0.13623232,0.1512692,0.12190981
Animal 11_4DLC_resnet50_Freezing_07-2020Sep29shuffle1_100000filtered,829,Climb,0.24619809,0.24619809,0.08000157,0.06865811,0.07420481,0.09909904,0.14369494,0.15955552,0.12858787
Animal 11_4DLC_resnet50_Freezing_07-2020Sep29shuffle1_100000filtered,830,Climb,0.19728309,0.19728309,0.08833139,0.0727453,0.078622185,0.08898152,0.15224902,0.17395006,0.14783749
Animal 11_4DLC_resnet50_Freezing_07-2020Sep29shuffle1_100000filtered,831,Climb,0.24582416,0.24582416,0.08095201,0.068553835,0.074092105,0.083854556,0.1434767,0.16392735,0.13931933
Animal 11_4DLC_resnet50_Freezing_07-2020Sep29shuffle1_100000filtered,832,Climb,0.1942549,0.1942549,0.10232498,0.0716287,0.07741538,0.0876157,0.14991207,0.17128001,0.14556825
Animal 11_4DLC_resnet50_Freezing_07-2020Sep29shuffle1_100000filtered,833,Climb,0.21351428,0.21351428,0.102129094,0.06968746,0.07531733,0.085241206,0.14584929,0.16663812,0.14162318
Animal 11_4DLC_resnet50_Freezing_07-2020Sep29shuffle1_100000filtered,834,Climb,0.21721499,0.21721499,0.08656692,0.07089531,0.076622754,0.086718634,0.1483772,0.16952635,0.14407784
Animal 11_4DLC_resnet50_Freezing_07-2020Sep29shuffle1_100000filtered,835,Climb,0.21721499,0.21721499,0.08656692,0.07089531,0.076622754,0.086718634,0.1483772,0.16952635,0.14407784
Animal 11_4DLC_resnet50_Freezing_07-2020Sep29shuffle1_100000filtered,836,Climb,0.21351428,0.21351428,0.102129094,0.06968746,0.07531733,0.085241206,0.14584929,0.16663812,0.14162318
Animal 11_4DLC_resnet50_Freezing_07-2020Sep29shuffle1_100000filtered,837,Climb,0.21721499,0.21721499,0.08656692,0.07089531,0.076622754,0.086718634,0.1483772,0.16952635,0.14407784
Animal 11_4DLC_resnet50_Freezing_07-2020Sep29shuffle1_100000filtered,838,Climb,0.20127295,0.20127295,0.06735357,0.0656921,0.12823188,0.109374285,0.13748737,0.15708432,0.13350356
Animal 11_4DLC_resnet50_Freezing_07-2020Sep29shuffle1_100000filtered,839,Climb,0.19935055,0.19935055,0.066184185,0.06506466,0.12700711,0.11840688,0.13617419,0.15558398,0.13222843
Animal 11_4DLC_resnet50_Freezing_07-2020Sep29shuffle1_100000filtered,840,Climb,0.24802959,0.24802959,0.05882881,0.057833698,0.11289216,0.10524772,0.16134165,0.13829315,0.117533214
Animal 11_4DLC_resnet50_Freezing_07-2020Sep29shuffle1_100000filtered,841,Climb,0.4005275,0.4005275,0.049726445,0.04754053,0.09279977,0.08651587,0.1326263,0.10122626,0.08903734
Animal 11_4DLC_resnet50_Freezing_07-2020Sep29shuffle1_100000filtered,842,Climb,0.38466564,0.38466564,0.047757156,0.04565781,0.089124665,0.15543835,0.12737396,0.07535147,0.07463097
Animal 11_4DLC_resnet50_Freezing_07-2020Sep29shuffle1_100000filtered,843,Climb,0.39233708,0.39233708,0.048709586,0.04656837,0.070958875,0.15853828,0.12991421,0.07685422,0.07611935
Animal 11_4DLC_resnet50_Freezing_07-2020Sep29shuffle1_100000filtered,844,Climb,0.4242458,0.4242458,0.052671127,0.05035577,0.076729946,0.07865063,0.1404801,0.09455654,0.082310125
Animal 11_4DLC_resnet50_Freezing_07-2020Sep29shuffle1_100000filtered,845,Climb,0.41218528,0.41218528,0.051173788,0.04892425,0.07454866,0.071356855,0.13648653,0.11369575,0.09162887
Animal 11_4DLC_resnet50_Freezing_07-2020Sep29shuffle1_100000filtered,846,Climb,0.34694377,0.34694377,0.06976123,0.057451848,0.06209322,0.07172772,0.16027638,0.12414586,0.10759996
Animal 11_4DLC_resnet50_Freezing_07-2020Sep29shuffle1_100000filtered,847,Climb,0.3535959,0.3535959,0.100985885,0.058553405,0.063283764,0.071622096,0.115769714,0.12652618,0.10966304
Animal 11_4DLC_resnet50_Freezing_07-2020Sep29shuffle1_100000filtered,848,Climb,0.42734587,0.42734587,0.07469359,0.05072373,0.05482157,0.067750454,0.10028917,0.12129165,0.10308391
Animal 11_4DLC_resnet50_Freezing_07-2020Sep29shuffle1_100000filtered,849,Climb,0.40465757,0.40465757,0.13827094,0.04803075,0.07615709,0.0702112,0.0949647,0.08713855,0.08056916
Animal 11_4DLC_resnet50_Freezing_07-2020Sep29shuffle1_100000filtered,850,Climb,0.4111895,0.4111895,0.08804422,0.048806056,0.07738641,0.08324013,0.09649761,0.0956494,0.09918669
Animal 11_4DLC_resnet50_Freezing_07-2020Sep29shuffle1_100000filtered,851,Climb,0.40785742,0.40785742,0.05063647,0.048410553,0.0767593,0.17996547,0.095715635,0.06152462,0.07913052
Animal 11_4DLC_resnet50_Freezing_07-2020Sep29shuffle1_100000filtered,852,Climb,0.38193992,0.38193992,0.04741875,0.04533428,0.069078416,0.24847148,0.08963334,0.05761501,0.06050886
Animal 11_4DLC_resnet50_Freezing_07-2020Sep29shuffle1_100000filtered,853,Locomotion,0.31857064,0.15817527,0.060796604,0.05812406,0.12762812,0.31857064,0.11492083,0.073869444,0.08791503
Animal 11_4DLC_resnet50_Freezing_07-2020Sep29shuffle1_100000filtered,854,Locomotion,0.29642555,0.1471799,0.05501421,0.054083634,0.1187562,0.29642555,0.1508799,0.08925705,0.088403575
Animal 11_4DLC_resnet50_Freezing_07-2020Sep29shuffle1_100000filtered,855,Locomotion,0.17175524,0.13646069,0.06947992,0.06830465,0.14998253,0.17175524,0.15182836,0.12426272,0.12792589
Animal 11_4DLC_resnet50_Freezing_07-2020Sep29shuffle1_100000filtered,856,Locomotion,0.16684224,0.14479567,0.073723726,0.07247668,0.1149183,0.16684224,0.13489129,0.15661252,0.13573955
Animal 11_4DLC_resnet50_Freezing_07-2020Sep29shuffle1_100000filtered,857,Locomotion,0.16684224,0.14479567,0.073723726,0.07247668,0.1149183,0.16684224,0.13489129,0.15661252,0.13573955
Animal 11_4DLC_resnet50_Freezing_07-2020Sep29shuffle1_100000filtered,858,Turn,0.17136969,0.15843937,0.09364869,0.07930596,0.085712865,0.115391776,0.14760172,0.17136969,0.14852992
Animal 11_4DLC_resnet50_Freezing_07-2020Sep29shuffle1_100000filtered,859,Turn,0.17824957,0.14892448,0.075825945,0.074543335,0.11819518,0.11403224,0.1387377,0.17824957,0.15149157
Animal 11_4DLC_resnet50_Freezing_07-2020Sep29shuffle1_100000filtered,860,Turn,0.17741776,0.14822952,0.0754721,0.074195474,0.11764362,0.118166655,0.13809027,0.17741776,0.15078463
Animal 11_4DLC_resnet50_Freezing_07-2020Sep29shuffle1_100000filtered,861,Turn,0.1871247,0.15633951,0.092407525,0.078254886,0.084576875,0.11386245,0.12839963,0.1871247,0.1590344
Animal 11_4DLC_resnet50_Freezing_07-2020Sep29shuffle1_100000filtered,862,Turn,0.18998729,0.120047815,0.11954867,0.07945201,0.08587071,0.1132624,0.13036385,0.18998729,0.16146727
Animal 11_4DLC_resnet50_Freezing_07-2020Sep29shuffle1_100000filtered,863,Turn,0.18615872,0.11762864,0.13729127,0.07785091,0.08414027,0.11097997,0.12773679,0.18615872,0.15821344
Animal 11_4DLC_resnet50_Freezing_07-2020Sep29shuffle1_100000filtered,864,Turn,0.1869678,0.15620843,0.09547322,0.07818927,0.08450596,0.11146231,0.12829196,0.1869678,0.15890107
Animal 11_4DLC_resnet50_Freezing_07-2020Sep29shuffle1_100000filtered,865,Turn,0.18075237,0.15101553,0.07950819,0.07558999,0.11985476,0.11563336,0.12402712,0.18075237,0.15361865
Animal 11_4DLC_resnet50_Freezing_07-2020Sep29shuffle1_100000filtered,866,Turn,0.20386729,0.115444295,0.10037657,0.08220494,0.08884605,0.10731805,0.13488083,0.20386729,0.16706195
Animal 11_4DLC_resnet50_Freezing_07-2020Sep29shuffle1_100000filtered,867,Turn,0.18428765,0.13798408,0.07618932,0.074309886,0.1480985,0.10618666,0.12192673,0.18428765,0.15101714
Animal 11_4DLC_resnet50_Freezing_07-2020Sep29shuffle1_100000filtered,868,Turn,0.18435933,0.13803776,0.07561789,0.07433879,0.14617185,0.10842438,0.12197415,0.18435933,0.15107587
Animal 11_4DLC_resnet50_Freezing_07-2020Sep29shuffle1_100000filtered,869,Turn,0.18435933,0.13803776,0.07561789,0.07433879,0.14617185,0.10842438,0.12197415,0.18435933,0.15107587
Animal 11_4DLC_resnet50_Freezing_07-2020Sep29shuffle1_100000filtered,870,Jump,0.21273409,0.12826802,0.07026597,0.0690774,0.21273409,0.10075055,0.11334133,0.16517931,0.14038335
Animal 11_4DLC_resnet50_Freezing_07-2020Sep29shuffle1_100000filtered,871,Jump,0.21510239,0.12969598,0.07104822,0.06984642,0.21510239,0.10187218,0.114603125,0.16701822,0.13081342
Animal 11_4DLC_resnet50_Freezing_07-2020Sep29shuffle1_100000filtered,872,Turn,0.18702862,0.12409383,0.09236007,0.0782147,0.13336653,0.09764982,0.1283337,0.18702862,0.15895274
Animal 11_4DLC_resnet50_Freezing_07-2020Sep29shuffle1_100000filtered,873,Turn,0.1970405,0.13073674,0.097304225,0.08240163,0.08905863,0.10079307,0.13520357,0.1970405,0.16746168
Animal 11_4DLC_resnet50_Freezing_07-2020Sep29shuffle1_100000filtered,874,Turn,0.20287116,0.1297874,0.09659765,0.08180328,0.088411935,0.10006117,0.13422178,0.20287116,0.16624567
Animal 11_4DLC_resnet50_Freezing_07-2020Sep29shuffle1_100000filtered,875,Turn,0.20271552,0.12968782,0.09729077,0.08174051,0.088344105,0.0999844,0.13411881,0.20271552,0.16611812
Animal 11_4DLC_resnet50_Freezing_07-2020Sep29shuffle1_100000filtered,876,Turn,0.1831353,0.12151062,0.07852354,0.07658654,0.14949796,0.10943991,0.12566222,0.1831353,0.15564388
Animal 11_4DLC_resnet50_Freezing_07-2020Sep29shuffle1_100000filtered,877,Turn,0.19796929,0.13135299,0.08488395,0.082790054,0.089478426,0.10943334,0.13584088,0.19796929,0.16825105
Animal 11_4DLC_resnet50_Freezing_07-2020Sep29shuffle1_100000filtered,878,Turn,0.19767058,0.13115479,0.09441763,0.08266513,0.08934342,0.10111538,0.13563591,0.19767058,0.16799718
Animal 11_4DLC_resnet50_Freezing_07-2020Sep29shuffle1_100000filtered,879,Turn,0.19688821,0.1306357,0.09800186,0.082337946,0.0889898,0.100715175,0.13509907,0.19688821,0.16733226
Animal 11_4DLC_resnet50_Freezing_07-2020Sep29shuffle1_100000filtered,880,Turn,0.1832488,0.12158592,0.07795258,0.076634,0.1495906,0.10950773,0.1257401,0.1832488,0.15574034
Animal 11_4DLC_resnet50_Freezing_07-2020Sep29shuffle1_100000filtered,881,Turn,0.19530225,0.1295834,0.09721244,0.0816747,0.088272974,0.107959054,0.13401084,0.19530225,0.16598438
Animal 11_4DLC_resnet50_Freezing_07-2020Sep29shuffle1_100000filtered,882,Turn,0.19688821,0.1306357,0.09800186,0.082337946,0.0889898,0.100715175,0.13509907,0.19688821,0.16733226
Animal 11_4DLC_resnet50_Freezing_07-2020Sep29shuffle1_100000filtered,883,Turn,0.19404712,0.107263245,0.115926355,0.08114982,0.08770568,0.09926186,0.14972827,0.19404712,0.16491766
Animal 11_4DLC_resnet50_Freezing_07-2020Sep29shuffle1_100000filtered,884,Turn,0.17971975,0.10791967,0.12603095,0.08164643,0.08824241,0.09986932,0.15064457,0.17971975,0.1659269
Animal 11_4DLC_resnet50_Freezing_07-2020Sep29shuffle1_100000filtered,885,Turn,0.20403287,0.108746156,0.09640097,0.0822717,0.08891821,0.10063415,0.15179826,0.20403287,0.16719764
Animal 11_4DLC_resnet50_Freezing_07-2020Sep29shuffle1_100000filtered,886,Turn,0.20521256,0.109374925,0.09117648,0.08274739,0.08943233,0.10121601,0.15267596,0.20521256,0.16816437
Animal 11_4DLC_resnet50_Freezing_07-2020Sep29shuffle1_100000filtered,887,Turn,0.18948308,0.10099136,0.07833724,0.076404825,0.14935526,0.10918026,0.14097337,0.18948308,0.1552746
Animal 11_4DLC_resnet50_Freezing_07-2020Sep29shuffle1_100000filtered,888,Turn,0.17155497,0.10301681,0.07927819,0.07793718,0.15235068,0.11367269,0.14380069,0.17155497,0.15838875
Animal 11_4DLC_resnet50_Freezing_07-2020Sep29shuffle1_100000filtered,889,Turn,0.18364522,0.10151339,0.078121215,0.07679978,0.1501273,0.112013765,0.14170209,0.18364522,0.15607725
Animal 11_4DLC_resnet50_Freezing_07-2020Sep29shuffle1_100000filtered,890,Turn,0.18364522,0.10151339,0.078121215,0.07679978,0.1501273,0.112013765,0.14170209,0.18364522,0.15607725
Animal 11_4DLC_resnet50_Freezing_07-2020Sep29shuffle1_100000filtered,891,Jump,0.22125444,0.09496298,0.073080234,0.07184406,0.22125444,0.10478578,0.13255839,0.16695942,0.13455476
Animal 11_4DLC_resnet50_Freezing_07-2020Sep29shuffle1_100000filtered,892,Jump,0.2227148,0.095589764,0.07356259,0.07231826,0.2227148,0.11295382,0.13343331,0.15398455,0.13544287
Animal 11_4DLC_resnet50_Freezing_07-2020Sep29shuffle1_100000filtered,893,Turn,0.16944912,0.1243131,0.07970106,0.0783529,0.15316333,0.12237932,0.14456773,0.16944912,0.12807344
Animal 11_4DLC_resnet50_Freezing_07-2020Sep29shuffle1_100000filtered,894,Locomotion,0.20570323,0.11782749,0.075542934,0.074265115,0.12708682,0.20570323,0.13702542,0.14115733,0.121391654
Animal 11_4DLC_resnet50_Freezing_07-2020Sep29shuffle1_100000filtered,895,Locomotion,0.2085845,0.109416164,0.07015017,0.068963565,0.18592456,0.2085845,0.11315455,0.13108057,0.11272588
Animal 11_4DLC_resnet50_Freezing_07-2020Sep29shuffle1_100000filtered,896,Locomotion,0.20953584,0.13228087,0.07882597,0.07749262,0.13260993,0.20953584,0.11327973,0.12930778,0.12666725
Animal 11_4DLC_resnet50_Freezing_07-2020Sep29shuffle1_100000filtered,897,Climb,0.19646078,0.19646078,0.079996385,0.078643225,0.13457893,0.13412827,0.114961706,0.11394197,0.14728871
Animal 11_4DLC_resnet50_Freezing_07-2020Sep29shuffle1_100000filtered,898,Climb,0.20090857,0.20090857,0.08180747,0.080423675,0.099380285,0.13716489,0.117564395,0.1321275,0.15062326
Animal 11_4DLC_resnet50_Freezing_07-2020Sep29shuffle1_100000filtered,899,Climb,0.32669744,0.32669744,0.06850924,0.067350395,0.0832255,0.11486803,0.0984537,0.11475704,0.12613869
Animal 11_4DLC_resnet50_Freezing_07-2020Sep29shuffle1_100000filtered,900,Climb,0.32262152,0.32262152,0.06765452,0.066510126,0.08207051,0.12602767,0.097225375,0.11332531,0.12456497
Animal 11_4DLC_resnet50_Freezing_07-2020Sep29shuffle1_100000filtered,901,Locomotion,0.1612788,0.13315229,0.08657813,0.085113645,0.10502642,0.1612788,0.12442025,0.14502348,0.15940697
Animal 11_4DLC_resnet50_Freezing_07-2020Sep29shuffle1_100000filtered,902,Locomotion,0.17216553,0.12941338,0.092422366,0.090859026,0.112115964,0.17216553,0.13281892,0.12168925,0.1485156
Animal 11_4DLC_resnet50_Freezing_07-2020Sep29shuffle1_100000filtered,903,Locomotion,0.2377474,0.11632858,0.0805022,0.079140484,0.1352376,0.2377474,0.11568859,0.10599438,0.12936078
Animal 11_4DLC_resnet50_Freezing_07-2020Sep29shuffle1_100000filtered,904,Locomotion,0.23570432,0.11532891,0.079810396,0.07846039,0.13407543,0.23570432,0.11469442,0.11367705,0.12824911
Animal 11_4DLC_resnet50_Freezing_07-2020Sep29shuffle1_100000filtered,905,Locomotion,0.16126238,0.1250958,0.08656931,0.08510497,0.14542991,0.16126238,0.124407575,0.12330403,0.148826
Animal 11_4DLC_resnet50_Freezing_07-2020Sep29shuffle1_100000filtered,906,Locomotion,0.23570432,0.11532891,0.079810396,0.07846039,0.13407543,0.23570432,0.11469442,0.11367705,0.12824911
Animal 11_4DLC_resnet50_Freezing_07-2020Sep29shuffle1_100000filtered,907,Locomotion,0.15957649,0.12378801,0.08566429,0.08421526,0.14390954,0.15957649,0.12310699,0.12201498,0.15772443
Animal 11_4DLC_resnet50_Freezing_07-2020Sep29shuffle1_100000filtered,908,Climb,0.16322187,0.16322187,0.08572144,0.08427144,0.10398717,0.15968294,0.12318911,0.122096375,0.15782964
Animal 11_4DLC_resnet50_Freezing_07-2020Sep29shuffle1_100000filtered,909,Locomotion,0.16622408,0.12894472,0.08923287,0.08772347,0.10824683,0.16622408,0.12823534,0.12709785,0.16429485
Animal 11_4DLC_resnet50_Freezing_07-2020Sep29shuffle1_100000filtered,910,Climb,0.16059572,0.16059572,0.08434223,0.08291556,0.102314085,0.15711373,0.121207066,0.13622138,0.15529025
Animal 11_4DLC_resnet50_Freezing_07-2020Sep29shuffle1_100000filtered,911,Climb,0.15988593,0.15988593,0.08634469,0.082549095,0.10186188,0.14606594,0.120671354,0.14801726,0.1546039
Animal 11_4DLC_resnet50_Freezing_07-2020Sep29shuffle1_100000filtered,912,Climb,0.16021349,0.16021349,0.08652159,0.082718216,0.10207056,0.15673979,0.12091858,0.13589716,0.15492064
Animal 11_4DLC_resnet50_Freezing_07-2020Sep29shuffle1_100000filtered,913,Climb,0.15718044,0.15718044,0.1020941,0.08115226,0.10013825,0.15377252,0.1086237,0.14505096,0.1519878
Animal 11_4DLC_resnet50_Freezing_07-2020Sep29shuffle1_100000filtered,914,Locomotion,0.2413897,0.11811074,0.10108848,0.08035292,0.09915189,0.2413897,0.12094546,0.10761822,0.13134259
Animal 11_4DLC_resnet50_Freezing_07-2020Sep29shuffle1_100000filtered,915,Locomotion,0.26577258,0.1162563,0.08272792,0.0790913,0.09378919,0.26577258,0.13001233,0.10306995,0.1292804
Animal 11_4DLC_resnet50_Freezing_07-2020Sep29shuffle1_100000filtered,916,Locomotion,0.26577258,0.1162563,0.08272792,0.0790913,0.09378919,0.26577258,0.13001233,0.10306995,0.1292804
Animal 11_4DLC_resnet50_Freezing_07-2020Sep29shuffle1_100000filtered,917,Locomotion,0.26437634,0.11251456,0.082293294,0.078675784,0.09329646,0.26437634,0.12932931,0.11091305,0.12860121
Animal 11_4DLC_resnet50_Freezing_07-2020Sep29shuffle1_100000filtered,918,Locomotion,0.16308355,0.12308346,0.09002339,0.08606608,0.102060124,0.16308355,0.16048011,0.12469654,0.15050673
Animal 11_4DLC_resnet50_Freezing_07-2020Sep29shuffle1_100000filtered,919,Locomotion,0.15291671,0.15207389,0.08441122,0.08070061,0.095697574,0.15291671,0.15047558,0.13258246,0.15114194
Animal 11_4DLC_resnet50_Freezing_07-2020Sep29shuffle1_100000filtered,920,Locomotion,0.15232518,0.1514856,0.08408469,0.080388434,0.099195726,0.15232518,0.14989348,0.13206957,0.15055726
Animal 11_4DLC_resnet50_Freezing_07-2020Sep29shuffle1_100000filtered,921,Locomotion,0.15232518,0.1514856,0.08408469,0.080388434,0.099195726,0.15232518,0.14989348,0.13206957,0.15055726
Animal 11_4DLC_resnet50_Freezing_07-2020Sep29shuffle1_100000filtered,922,Locomotion,0.2372511,0.11294287,0.08260655,0.078975275,0.09745194,0.2372511,0.14725849,0.114423044,0.12909074
Animal 11_4DLC_resnet50_Freezing_07-2020Sep29shuffle1_100000filtered,923,Locomotion,0.2381562,0.11337373,0.082921684,0.07927656,0.09400887,0.2381562,0.14782025,0.11485956,0.12958321
Animal 11_4DLC_resnet50_Freezing_07-2020Sep29shuffle1_100000filtered,924,Locomotion,0.19368908,0.14515206,0.07835279,0.077027425,0.09134178,0.19368908,0.1436265,0.12654781,0.14426254
Animal 11_4DLC_resnet50_Freezing_07-2020Sep29shuffle1_100000filtered,925,Locomotion,0.1929738,0.14461602,0.078063436,0.07674297,0.094697386,0.1929738,0.1430961,0.12608048,0.14372979
Animal 11_4DLC_resnet50_Freezing_07-2020Sep29shuffle1_100000filtered,926,Climb,0.25888032,0.25888032,0.07001951,0.068835124,0.08493945,0.17308913,0.12835099,0.11308871,0.10279678
Animal 11_4DLC_resnet50_Freezing_07-2020Sep29shuffle1_100000filtered,927,Climb,0.21257354,0.21257354,0.0757599,0.07447841,0.09190301,0.18727943,0.13887355,0.10790777,0.11122434
Animal 11_4DLC_resnet50_Freezing_07-2020Sep29shuffle1_100000filtered,928,Climb,0.34524462,0.34524462,0.061859988,0.060813606,0.07504126,0.15291867,0.11339398,0.09991024,0.09081765
Animal 11_4DLC_resnet50_Freezing_07-2020Sep29shuffle1_100000filtered,929,Climb,0.34524462,0.34524462,0.061859988,0.060813606,0.07504126,0.15291867,0.11339398,0.09991024,0.09081765
Animal 11_4DLC_resnet50_Freezing_07-2020Sep29shuffle1_100000filtered,930,Climb,0.34028608,0.34028608,0.060971532,0.05994018,0.07396349,0.16508478,0.11176537,0.098475285,0.089513294
Animal 11_4DLC_resnet50_Freezing_07-2020Sep29shuffle1_100000filtered,931,Climb,0.33674082,0.33674082,0.060336303,0.059315696,0.0731929,0.17378333,0.11060095,0.097449325,0.088580705
Animal 11_4DLC_resnet50_Freezing_07-2020Sep29shuffle1_100000filtered,932,Climb,0.28166467,0.28166467,0.066500574,0.0653757,0.08067068,0.19153795,0.121900514,0.09471936,0.097630575
Animal 11_4DLC_resnet50_Freezing_07-2020Sep29shuffle1_100000filtered,933,Climb,0.34196806,0.34196806,0.061272904,0.060236454,0.07432908,0.15191108,0.11231781,0.10800888,0.08995575
Animal 11_4DLC_resnet50_Freezing_07-2020Sep29shuffle1_100000filtered,934,Climb,0.370021,0.370021,0.06945286,0.06517787,0.070443414,0.08916877,0.12153166,0.11686925,0.09733515
Animal 11_4DLC_resnet50_Freezing_07-2020Sep29shuffle1_100000filtered,935,Climb,0.29917055,0.29917055,0.0910526,0.06967879,0.07530794,0.09339529,0.1299241,0.12855835,0.11291238
Animal 11_4DLC_resnet50_Freezing_07-2020Sep29shuffle1_100000filtered,936,Climb,0.36370176,0.36370176,0.07565108,0.06406477,0.069240384,0.08587044,0.11945614,0.118200414,0.10381504
Animal 11_4DLC_resnet50_Freezing_07-2020Sep29shuffle1_100000filtered,937,Climb,0.3607745,0.3607745,0.0651564,0.06354914,0.07841679,0.106500305,0.10537434,0.11724907,0.10297948
Animal 11_4DLC_resnet50_Freezing_07-2020Sep29shuffle1_100000filtered,938,Climb,0.35077915,0.35077915,0.08117399,0.06647869,0.071849324,0.089105986,0.110232,0.12265413,0.10772673
Animal 11_4DLC_resnet50_Freezing_07-2020Sep29shuffle1_100000filtered,939,Climb,0.3466695,0.3466695,0.069105394,0.065699846,0.08107066,0.10083226,0.10894056,0.121217154,0.10646463
Animal 11_4DLC_resnet50_Freezing_07-2020Sep29shuffle1_100000filtered,940,Climb,0.3575113,0.3575113,0.06946819,0.06775456,0.07322826,0.08488776,0.11234758,0.12500812,0.10979422
Animal 11_4DLC_resnet50_Freezing_07-2020Sep29shuffle1_100000filtered,941,Climb,0.35416225,0.35416225,0.07988868,0.06711985,0.07254227,0.08238901,0.11129514,0.123837076,0.1087657
Animal 11_4DLC_resnet50_Freezing_07-2020Sep29shuffle1_100000filtered,942,Climb,0.33382723,0.33382723,0.064866126,0.06326602,0.123496115,0.090392284,0.10490488,0.1167267,0.102520674
Animal 11_4DLC_resnet50_Freezing_07-2020Sep29shuffle1_100000filtered,943,Climb,0.35355994,0.35355994,0.079752825,0.06700571,0.07241891,0.08394954,0.111105874,0.123626485,0.10858074
Animal 11_4DLC_resnet50_Freezing_07-2020Sep29shuffle1_100000filtered,944,Climb,0.3559595,0.3559595,0.06916666,0.06746046,0.072910406,0.08885986,0.11185993,0.12446552,0.10931766
Animal 11_4DLC_resnet50_Freezing_07-2020Sep29shuffle1_100000filtered,945,Climb,0.33399373,0.33399373,0.06438669,0.06329757,0.12355772,0.09045037,0.10495721,0.116784915,0.102571815
Animal 11_4DLC_resnet50_Freezing_07-2020Sep29shuffle1_100000filtered,946,Climb,0.33120695,0.33120695,0.06384946,0.06276943,0.12252677,0.09803951,0.10408146,0.11581048,0.10171597
Animal 11_4DLC_resnet50_Freezing_07-2020Sep29shuffle1_100000filtered,947,Climb,0.29052258,0.29052258,0.06554782,0.064439066,0.12578592,0.11023802,0.12015403,0.118890986,0.10442156
Animal 11_4DLC_resnet50_Freezing_07-2020Sep29shuffle1_100000filtered,948,Climb,0.29292154,0.29292154,0.06608907,0.064971164,0.12682459,0.111148305,0.121146195,0.11987272,0.09702645
Animal 11_4DLC_resnet50_Freezing_07-2020Sep29shuffle1_100000filtered,949,Climb,0.288598,0.288598,0.0651136,0.064012185,0.12495265,0.12759206,0.11935807,0.11477907,0.09559434
Animal 11_4DLC_resnet50_Freezing_07-2020Sep29shuffle1_100000filtered,950,Climb,0.288598,0.288598,0.0651136,0.064012185,0.12495265,0.12759206,0.11935807,0.11477907,0.09559434
Animal 11_4DLC_resnet50_Freezing_07-2020Sep29shuffle1_100000filtered,951,Climb,0.28764182,0.28764182,0.06489786,0.0638001,0.12453865,0.12716931,0.11896261,0.11771209,0.09527761
Animal 11_4DLC_resnet50_Freezing_07-2020Sep29shuffle1_100000filtered,952,Climb,0.28764182,0.28764182,0.06489786,0.0638001,0.12453865,0.12716931,0.11896261,0.11771209,0.09527761
Animal 11_4DLC_resnet50_Freezing_07-2020Sep29shuffle1_100000filtered,953,Climb,0.28790197,0.28790197,0.06495655,0.0638578,0.12289037,0.14104782,0.1190702,0.104911506,0.09536378
Animal 11_4DLC_resnet50_Freezing_07-2020Sep29shuffle1_100000filtered,954,Climb,0.3011819,0.3011819,0.067952774,0.06680334,0.08243232,0.14755388,0.1245625,0.10975072,0.09976259
Animal 11_4DLC_resnet50_Freezing_07-2020Sep29shuffle1_100000filtered,955,Climb,0.3011819,0.3011819,0.067952774,0.06680334,0.08243232,0.14755388,0.1245625,0.10975072,0.09976259
Animal 11_4DLC_resnet50_Freezing_07-2020Sep29shuffle1_100000filtered,956,Climb,0.3011819,0.3011819,0.067952774,0.06680334,0.08243232,0.14755388,0.1245625,0.10975072,0.09976259
Animal 11_4DLC_resnet50_Freezing_07-2020Sep29shuffle1_100000filtered,957,Climb,0.30110165,0.30110165,0.06793467,0.066785544,0.08241035,0.13775055,0.12452931,0.11975192,0.099736
Animal 11_4DLC_resnet50_Freezing_07-2020Sep29shuffle1_100000filtered,958,Climb,0.29825878,0.29825878,0.06919678,0.06615499,0.08163227,0.1395845,0.12335356,0.12302477,0.09879434
Animal 11_4DLC_resnet50_Freezing_07-2020Sep29shuffle1_100000filtered,959,Climb,0.2954774,0.2954774,0.068551496,0.06553806,0.080871016,0.14760824,0.122203246,0.121877514,0.09787304
Animal 11_4DLC_resnet50_Freezing_07-2020Sep29shuffle1_100000filtered,960,Climb,0.30371407,0.30371407,0.08474894,0.06736499,0.08312536,0.10796516,0.11501526,0.12890325,0.109162934
Animal 11_4DLC_resnet50_Freezing_07-2020Sep29shuffle1_100000filtered,961,Climb,0.2633499,0.2633499,0.24038157,0.058412053,0.063131,0.06856919,0.099729516,0.11177177,0.09465498
Animal 11_4DLC_resnet50_Freezing_07-2020Sep29shuffle1_100000filtered,962,Climb,0.30381623,0.30381623,0.1146631,0.06738765,0.072831705,0.077503026,0.12565202,0.12894662,0.10919966
Animal 11_4DLC_resnet50_Freezing_07-2020Sep29shuffle1_100000filtered,963,Climb,0.29555795,0.29555795,0.11560888,0.06555592,0.070852004,0.075396344,0.12223655,0.12544161,0.1293508
Animal 11_4DLC_resnet50_Freezing_07-2020Sep29shuffle1_100000filtered,964,Climb,0.31002194,0.31002194,0.07232848,0.0687641,0.074319355,0.079086095,0.12821856,0.13158047,0.13568096
Animal 11_4DLC_resnet50_Freezing_07-2020Sep29shuffle1_100000filtered,965,Climb,0.28780657,0.28780657,0.06714561,0.06383664,0.12284964,0.091220684,0.119030744,0.12215174,0.12595841
Animal 11_4DLC_resnet50_Freezing_07-2020Sep29shuffle1_100000filtered,966,Climb,0.28327832,0.28327832,0.06391336,0.06283226,0.15263283,0.09813764,0.11715796,0.120229855,0.10181779
Animal 11_4DLC_resnet50_Freezing_07-2020Sep29shuffle1_100000filtered,967,Climb,0.30868456,0.30868456,0.06964553,0.06846747,0.13329132,0.10693926,0.12766545,0.089835875,0.09547056
Animal 11_4DLC_resnet50_Freezing_07-2020Sep29shuffle1_100000filtered,968,Climb,0.2728872,0.2728872,0.061568916,0.060527466,0.16318099,0.16765201,0.11286041,0.07692391,0.08439908
Animal 11_4DLC_resnet50_Freezing_07-2020Sep29shuffle1_100000filtered,969,Climb,0.29019144,0.29019144,0.06085385,0.059824493,0.1612858,0.18094283,0.08745223,0.076030515,0.08341887
Animal 11_4DLC_resnet50_Freezing_07-2020Sep29shuffle1_100000filtered,970,Climb,0.32598087,0.32598087,0.06835898,0.06720267,0.11483794,0.11461609,0.09823775,0.110406786,0.10035893
Animal 11_4DLC_resnet50_Freezing_07-2020Sep29shuffle1_100000filtered,971,Climb,0.33530718,0.33530718,0.070314735,0.06912535,0.08529757,0.11789525,0.101048335,0.11778133,0.10323021
Animal 11_4DLC_resnet50_Freezing_07-2020Sep29shuffle1_100000filtered,972,Climb,0.33852845,0.33852845,0.07908278,0.069789425,0.07542752,0.09471324,0.1020191,0.13621752,0.10422193
Animal 11_4DLC_resnet50_Freezing_07-2020Sep29shuffle1_100000filtered,973,Climb,0.3255718,0.3255718,0.07912621,0.07221312,0.078047015,0.09069023,0.105562076,0.14094816,0.107841425
Animal 11_4DLC_resnet50_Freezing_07-2020Sep29shuffle1_100000filtered,974,Climb,0.31341365,0.31341365,0.123268105,0.0695164,0.07513243,0.079951316,0.09304889,0.13301998,0.11264923
Animal 11_4DLC_resnet50_Freezing_07-2020Sep29shuffle1_100000filtered,975,Climb,0.3091363,0.3091363,0.12369337,0.06856766,0.07410705,0.07886017,0.091779,0.14274463,0.111111835
Animal 11_4DLC_resnet50_Freezing_07-2020Sep29shuffle1_100000filtered,976,Climb,0.29506764,0.29506764,0.14343822,0.065447174,0.07073446,0.07527127,0.095671535,0.1252335,0.12913622
Animal 11_4DLC_resnet50_Freezing_07-2020Sep29shuffle1_100000filtered,977,Climb,0.30868754,0.30868754,0.1039005,0.06846812,0.07399947,0.07874569,0.1000876,0.13101411,0.13509697
Animal 11_4DLC_resnet50_Freezing_07-2020Sep29shuffle1_100000filtered,978,Climb,0.3101319,0.3101319,0.089920394,0.06878849,0.0848819,0.107335925,0.10055591,0.12691574,0.111469686
Animal 11_4DLC_resnet50_Freezing_07-2020Sep29shuffle1_100000filtered,979,Climb,0.32854888,0.32854888,0.078531764,0.06773208,0.08357835,0.107872814,0.09901165,0.12496666,0.1097578
Animal 11_4DLC_resnet50_Freezing_07-2020Sep29shuffle1_100000filtered,980,Climb,0.32402515,0.32402515,0.09121926,0.06679949,0.08242757,0.106387526,0.097648375,0.123246014,0.108246565
Animal 11_4DLC_resnet50_Freezing_07-2020Sep29shuffle1_100000filtered,981,Freeze,0.33704144,0.25283235,0.33704144,0.05607922,0.0606097,0.06583071,0.075063,0.077534705,0.07500889
Animal 11_4DLC_resnet50_Freezing_07-2020Sep29shuffle1_100000filtered,982,Climb,0.31378174,0.31378174,0.11842417,0.069598034,0.07522066,0.08004521,0.10173932,0.12840936,0.112781525
Animal 11_4DLC_resnet50_Freezing_07-2020Sep29shuffle1_100000filtered,983,Climb,0.31870857,0.31870857,0.085860796,0.07069083,0.07640174,0.08130204,0.11721637,0.13526727,0.114552364
Animal 11_4DLC_resnet50_Freezing_07-2020Sep29shuffle1_100000filtered,984,Climb,0.29791555,0.29791555,0.069504045,0.06607885,0.1289868,0.09442474,0.10956899,0.12644222,0.10707879
Animal 11_4DLC_resnet50_Freezing_07-2020Sep29shuffle1_100000filtered,985,Climb,0.29583588,0.29583588,0.06727715,0.065617576,0.12808639,0.10248802,0.10880412,0.12555957,0.1063313
Animal 11_4DLC_resnet50_Freezing_07-2020Sep29shuffle1_100000filtered,986,Climb,0.2959929,0.2959929,0.066782035,0.06565241,0.12815438,0.10254242,0.10886188,0.12562622,0.10638775
Animal 11_4DLC_resnet50_Freezing_07-2020Sep29shuffle1_100000filtered,987,Climb,0.31027833,0.31027833,0.07000512,0.06882097,0.13433945,0.1074914,0.11411585,0.092173256,0.10277566
Animal 11_4DLC_resnet50_Freezing_07-2020Sep29shuffle1_100000filtered,988,Climb,0.31005335,0.31005335,0.06995436,0.068771064,0.13424204,0.107413456,0.1140331,0.099638715,0.095893905
Animal 11_4DLC_resnet50_Freezing_07-2020Sep29shuffle1_100000filtered,989,Climb,0.3213148,0.3213148,0.07249517,0.0712689,0.10973548,0.11131482,0.10418181,0.10325769,0.10643135
Animal 11_4DLC_resnet50_Freezing_07-2020Sep29shuffle1_100000filtered,990,Climb,0.32389408,0.32389408,0.07307711,0.071840994,0.08864856,0.112208374,0.1050181,0.11802704,0.1072857
Animal 11_4DLC_resnet50_Freezing_07-2020Sep29shuffle1_100000filtered,991,Climb,0.32389408,0.32389408,0.07307711,0.071840994,0.08864856,0.112208374,0.1050181,0.11802704,0.1072857
Animal 11_4DLC_resnet50_Freezing_07-2020Sep29shuffle1_100000filtered,992,Climb,0.34132454,0.34132454,0.07157658,0.07036585,0.0868283,0.12001097,0.102861725,0.10194931,0.10508275
Animal 11_4DLC_resnet50_Freezing_07-2020Sep29shuffle1_100000filtered,993,Climb,0.3754946,0.3754946,0.0672801,0.06614204,0.0816163,0.105340436,0.096687295,0.10866427,0.09877501
Animal 11_4DLC_resnet50_Freezing_07-2020Sep29shuffle1_100000filtered,994,Climb,0.37271166,0.37271166,0.06678146,0.06565183,0.08101141,0.11197108,0.095970705,0.10785892,0.09804294
Animal 11_4DLC_resnet50_Freezing_07-2020Sep29shuffle1_100000filtered,995,Climb,0.3711019,0.3711019,0.0683739,0.06536827,0.08066151,0.10410811,0.0955562,0.11721064,0.09761948
Animal 11_4DLC_resnet50_Freezing_07-2020Sep29shuffle1_100000filtered,996,Climb,0.3711019,0.3711019,0.0683739,0.06536827,0.08066151,0.10410811,0.0955562,0.11721064,0.09761948
Animal 11_4DLC_resnet50_Freezing_07-2020Sep29shuffle1_100000filtered,997,Climb,0.34501266,0.34501266,0.07439655,0.07112618,0.07687226,0.09117214,0.10397318,0.1312288,0.106218204
Animal 11_4DLC_resnet50_Freezing_07-2020Sep29shuffle1_100000filtered,998,Climb,0.29729217,0.29729217,0.20588355,0.061288346,0.066239655,0.07697015,0.08203551,0.1109747,0.09931593
Animal 11_4DLC_resnet50_Freezing_07-2020Sep29shuffle1_100000filtered,999,Freeze,0.32749417,0.26431865,0.32749417,0.05449068,0.058892827,0.06843317,0.07293671,0.08054968,0.072884135
Animal 11_4DLC_resnet50_Freezing_07-2020Sep29shuffle1_100000filtered,1000,Climb,0.32420233,0.32420233,0.12056956,0.066836014,0.07223551,0.0839373,0.10060012,0.123313405,0.10830576
Animal 11_4DLC_resnet50_Freezing_07-2020Sep29shuffle1_100000filtered,1001,Climb,0.31982338,0.31982338,0.10005388,0.06593328,0.07125984,0.08280358,0.108382836,0.121647835,0.13009536
Animal 11_4DLC_resnet50_Freezing_07-2020Sep29shuffle1_100000filtered,1002,Climb,0.31078818,0.31078818,0.090110675,0.06893405,0.08506152,0.09290011,0.11331558,0.1271843,0.111705564
Animal 11_4DLC_resnet50_Freezing_07-2020Sep29shuffle1_100000filtered,1003,Climb,0.3159218,0.3159218,0.0812456,0.07007271,0.08646657,0.08827007,0.11518734,0.12928516,0.11355073
Animal 11_4DLC_resnet50_Freezing_07-2020Sep29shuffle1_100000filtered,1004,Climb,0.31223848,0.31223848,0.09321666,0.06925574,0.074850716,0.08129846,0.12913528,0.12777781,0.112226844
Animal 11_4DLC_resnet50_Freezing_07-2020Sep29shuffle1_100000filtered,1005,Climb,0.29947394,0.29947394,0.14558023,0.06642451,0.07179076,0.07639532,0.11014216,0.12255417,0.107638925
Animal 11_4DLC_resnet50_Freezing_07-2020Sep29shuffle1_100000filtered,1006,Climb,0.31177405,0.31177405,0.090396516,0.06915272,0.074739374,0.08534648,0.12894319,0.12758775,0.112059906
Animal 11_4DLC_resnet50_Freezing_07-2020Sep29shuffle1_100000filtered,1007,Climb,0.28874987,0.28874987,0.14036703,0.06404587,0.069219954,0.07365962,0.11942088,0.11816554,0.12637125
Animal 11_4DLC_resnet50_Freezing_07-2020Sep29shuffle1_100000filtered,1008,Climb,0.30277798,0.30277798,0.12231598,0.06715736,0.07258281,0.07723817,0.111357324,0.11405971,0.13251065
Animal 11_4DLC_resnet50_Freezing_07-2020Sep29shuffle1_100000filtered,1009,Climb,0.30277798,0.30277798,0.12231598,0.06715736,0.07258281,0.07723817,0.111357324,0.11405971,0.13251065
Animal 11_4DLC_resnet50_Freezing_07-2020Sep29shuffle1_100000filtered,1010,Climb,0.27868095,0.27868095,0.19216776,0.061812546,0.066806205,0.07109106,0.1024948,0.10498211,0.121964596
Animal 11_4DLC_resnet50_Freezing_07-2020Sep29shuffle1_100000filtered,1011,Climb,0.29254803,0.29254803,0.16309504,0.06488832,0.07013046,0.07462853,0.098519854,0.10815622,0.12803352
Animal 11_4DLC_resnet50_Freezing_07-2020Sep29shuffle1_100000filtered,1012,Freeze,0.31789935,0.24810685,0.31789935,0.055031087,0.059476893,0.06329166,0.08355363,0.08301432,0.089626215
Animal 11_4DLC_resnet50_Freezing_07-2020Sep29shuffle1_100000filtered,1013,Climb,0.28861207,0.28861207,0.16277,0.06401531,0.06918692,0.07362447,0.09719436,0.11828596,0.12631094
Animal 11_4DLC_resnet50_Freezing_07-2020Sep29shuffle1_100000filtered,1014,Climb,0.2919496,0.2919496,0.16276142,0.06475558,0.06998701,0.07447587,0.09831832,0.109980546,0.12777162
Animal 11_4DLC_resnet50_Freezing_07-2020Sep29shuffle1_100000filtered,1015,Climb,0.29406565,0.29406565,0.085262105,0.06522493,0.12731995,0.080498904,0.10815306,0.11077768,0.1286977
Animal 11_4DLC_resnet50_Freezing_07-2020Sep29shuffle1_100000filtered,1016,Climb,0.30346563,0.30346563,0.07804225,0.067309886,0.13138981,0.08478975,0.11161024,0.11431876,0.10907365
Animal 11_4DLC_resnet50_Freezing_07-2020Sep29shuffle1_100000filtered,1017,Climb,0.29930624,0.29930624,0.07697258,0.06638732,0.12958895,0.083627604,0.12378678,0.11275187,0.10757865
Animal 11_4DLC_resnet50_Freezing_07-2020Sep29shuffle1_100000filtered,1018,Climb,0.26090896,0.26090896,0.07265743,0.069463514,0.13559371,0.101313695,0.1295227,0.117976464,0.11256353
Animal 11_4DLC_resnet50_Freezing_07-2020Sep29shuffle1_100000filtered,1019,Climb,0.26143152,0.26143152,0.07080023,0.06960262,0.13586526,0.101516604,0.1297821,0.11821274,0.11278896
Animal 11_4DLC_resnet50_Freezing_07-2020Sep29shuffle1_100000filtered,1020,Climb,0.25956374,0.25956374,0.07029441,0.069105364,0.1348946,0.10793561,0.1288549,0.11736819,0.111983165
Animal 11_4DLC_resnet50_Freezing_07-2020Sep29shuffle1_100000filtered,1021,Climb,0.2653051,0.2653051,0.071849264,0.07063392,0.13787836,0.11032306,0.13170506,0.106822185,0.10548308
Animal 11_4DLC_resnet50_Freezing_07-2020Sep29shuffle1_100000filtered,1022,Climb,0.2665002,0.2665002,0.072172925,0.0709521,0.13849945,0.110820025,0.13229835,0.1027987,0.105958246
Animal 11_4DLC_resnet50_Freezing_07-2020Sep29shuffle1_100000filtered,1023,Climb,0.26288086,0.26288086,0.07119274,0.0699885,0.1366185,0.10931497,0.1305016,0.114983596,0.10451922
Animal 11_4DLC_resnet50_Freezing_07-2020Sep29shuffle1_100000filtered,1024,Climb,0.25915334,0.25915334,0.07018326,0.068996094,0.1346813,0.10063196,0.11341758,0.12371562,0.12922086
Animal 11_4DLC_resnet50_Freezing_07-2020Sep29shuffle1_100000filtered,1025,Climb,0.27819836,0.27819836,0.087461755,0.07406658,0.080050215,0.086945854,0.12175258,0.13280742,0.13871723
Animal 11_4DLC_resnet50_Freezing_07-2020Sep29shuffle1_100000filtered,1026,Climb,0.27761948,0.27761948,0.08727975,0.07391246,0.07988364,0.08500727,0.12149923,0.13636954,0.13842858
Animal 11_4DLC_resnet50_Freezing_07-2020Sep29shuffle1_100000filtered,1027,Climb,0.26698774,0.26698774,0.07230496,0.0710819,0.109447554,0.08772743,0.116846286,0.13114712,0.14445703
Animal 11_4DLC_resnet50_Freezing_07-2020Sep29shuffle1_100000filtered,1028,Climb,0.21734451,0.21734451,0.084743254,0.07952711,0.08595189,0.0933559,0.13072874,0.14672865,0.16161992
Animal 11_4DLC_resnet50_Freezing_07-2020Sep29shuffle1_100000filtered,1029,Climb,0.21699958,0.21699958,0.08140908,0.0794009,0.085815474,0.097994514,0.13052127,0.14649579,0.16136341
Animal 11_4DLC_resnet50_Freezing_07-2020Sep29shuffle1_100000filtered,1030,Climb,0.20017359,0.20017359,0.09575158,0.08044734,0.08694646,0.09252308,0.13224144,0.14842649,0.16349006
Animal 11_4DLC_resnet50_Freezing_07-2020Sep29shuffle1_100000filtered,1031,Climb,0.1964082,0.1964082,0.11276106,0.07893407,0.085310936,0.090782665,0.12975389,0.14563449,0.1604147
Animal 11_4DLC_resnet50_Freezing_07-2020Sep29shuffle1_100000filtered,1032,Unassigned,0.18113153,0.11112156,0.10883004,0.08912805,0.09632846,0.10250684,0.146511,0.16444251,0.18113153
Animal 11_4DLC_resnet50_Freezing_07-2020Sep29shuffle1_100000filtered,1033,Unassigned,0.16645828,0.10496145,0.08397949,0.0819079,0.15988533,0.11704398,0.13464233,0.15112123,0.16645828
Animal 11_4DLC_resnet50_Freezing_07-2020Sep29shuffle1_100000filtered,1034,Unassigned,0.16605641,0.104708046,0.08377674,0.08171015,0.15949932,0.11917564,0.13431726,0.15075639,0.16605641
Animal 11_4DLC_resnet50_Freezing_07-2020Sep29shuffle1_100000filtered,1035,Jump,0.2305483,0.0959323,0.07614999,0.0748619,0.2305483,0.10918734,0.12305994,0.13812126,0.15213896
Animal 11_4DLC_resnet50_Freezing_07-2020Sep29shuffle1_100000filtered,1036,Unassigned,0.17131913,0.10802648,0.099545605,0.084299736,0.14374232,0.09895842,0.1385741,0.15553421,0.17131913
Animal 11_4DLC_resnet50_Freezing_07-2020Sep29shuffle1_100000filtered,1037,Unassigned,0.16637388,0.10490822,0.083274975,0.08186636,0.16097327,0.11698463,0.13457406,0.15104459,0.16637388
Animal 11_4DLC_resnet50_Freezing_07-2020Sep29shuffle1_100000filtered,1038,Jump,0.22599113,0.0883111,0.07464476,0.073382124,0.22599113,0.092438914,0.12062745,0.17547287,0.14913169
Animal 11_4DLC_resnet50_Freezing_07-2020Sep29shuffle1_100000filtered,1039,Jump,0.21938506,0.08856521,0.07246278,0.07123706,0.21938506,0.10179566,0.1314384,0.17034352,0.14477234
Animal 11_4DLC_resnet50_Freezing_07-2020Sep29shuffle1_100000filtered,1040,Turn,0.18579519,0.09659885,0.07903579,0.07769889,0.15188487,0.0978767,0.14336102,0.18579519,0.16774869
Animal 11_4DLC_resnet50_Freezing_07-2020Sep29shuffle1_100000filtered,1041,Turn,0.18296862,0.09512926,0.07783339,0.07651682,0.14957419,0.11160107,0.14118001,0.18296862,0.16519666
Animal 11_4DLC_resnet50_Freezing_07-2020Sep29shuffle1_100000filtered,1042,Turn,0.19003399,0.09880269,0.08468404,0.079471536,0.13550961,0.093290664,0.14663172,0.19003399,0.17157577
Animal 11_4DLC_resnet50_Freezing_07-2020Sep29shuffle1_100000filtered,1043,Turn,0.18338321,0.09534481,0.078009754,0.076690204,0.14991312,0.10958805,0.14149992,0.18338321,0.16557099
Animal 11_4DLC_resnet50_Freezing_07-2020Sep29shuffle1_100000filtered,1044,Jump,0.21175803,0.085486196,0.06994358,0.06876046,0.21175803,0.12431042,0.12686887,0.16442145,0.148451
Animal 11_4DLC_resnet50_Freezing_07-2020Sep29shuffle1_100000filtered,1045,Turn,0.1854102,0.09639869,0.078872025,0.07753789,0.15135501,0.113090314,0.14306396,0.1854102,0.15427189
Animal 11_4DLC_resnet50_Freezing_07-2020Sep29shuffle1_100000filtered,1046,Turn,0.18583526,0.09661969,0.079052836,0.07771564,0.15170199,0.09789781,0.14339194,0.18583526,0.16778487
Animal 11_4DLC_resnet50_Freezing_07-2020Sep29shuffle1_100000filtered,1047,Turn,0.1858075,0.096605256,0.07904103,0.077704035,0.1495366,0.113332644,0.14337052,0.1858075,0.15460247
Animal 11_4DLC_resnet50_Freezing_07-2020Sep29shuffle1_100000filtered,1048,Turn,0.1858075,0.096605256,0.07904103,0.077704035,0.1495366,0.113332644,0.14337052,0.1858075,0.15460247
Animal 11_4DLC_resnet50_Freezing_07-2020Sep29shuffle1_100000filtered,1049,Turn,0.18623435,0.09682719,0.07922261,0.07788255,0.14988013,0.09810806,0.14369988,0.18623435,0.16814521
Animal 11_4DLC_resnet50_Freezing_07-2020Sep29shuffle1_100000filtered,1050,Turn,0.1833945,0.09535069,0.07801457,0.07669493,0.14759465,0.11186085,0.14150864,0.1833945,0.1655812
Animal 11_4DLC_resnet50_Freezing_07-2020Sep29shuffle1_100000filtered,1051,Turn,0.19933158,0.10363671,0.08479407,0.083359756,0.09009416,0.105007656,0.1538058,0.19933158,0.17997028
Animal 11_4DLC_resnet50_Freezing_07-2020Sep29shuffle1_100000filtered,1052,Turn,0.18660523,0.09702001,0.07938038,0.07803764,0.1501786,0.096312016,0.14398605,0.18660523,0.16848005
Animal 11_4DLC_resnet50_Freezing_07-2020Sep29shuffle1_100000filtered,1053,Turn,0.1975001,0.10268448,0.10029004,0.082593836,0.08926636,0.096955895,0.15239261,0.1975001,0.17831668
Animal 11_4DLC_resnet50_Freezing_07-2020Sep29shuffle1_100000filtered,1054,Turn,0.18301828,0.09515508,0.08005678,0.076537594,0.14940242,0.10936998,0.14121833,0.18301828,0.16524151
Animal 11_4DLC_resnet50_Freezing_07-2020Sep29shuffle1_100000filtered,1055,Turn,0.19537453,0.10157936,0.109973,0.08170494,0.08830565,0.09591243,0.15075251,0.19537453,0.17639758
Animal 11_4DLC_resnet50_Freezing_07-2020Sep29shuffle1_100000filtered,1056,Turn,0.18416467,0.095751114,0.08929715,0.07701701,0.15033825,0.09505238,0.1421029,0.18416467,0.16627654
Animal 11_4DLC_resnet50_Freezing_07-2020Sep29shuffle1_100000filtered,1057,Turn,0.18308,0.09518717,0.16780129,0.07656341,0.08274875,0.08805614,0.14126596,0.18308,0.16529724
Animal 11_4DLC_resnet50_Freezing_07-2020Sep29shuffle1_100000filtered,1058,Turn,0.19788319,0.10288366,0.10051274,0.082754046,0.08943951,0.09517604,0.15268822,0.19788319,0.17866257
Animal 11_4DLC_resnet50_Freezing_07-2020Sep29shuffle1_100000filtered,1059,Turn,0.18901536,0.095126696,0.14396834,0.07904555,0.08543142,0.090910874,0.14584573,0.18901536,0.17065609
Animal 11_4DLC_resnet50_Freezing_07-2020Sep29shuffle1_100000filtered,1060,Turn,0.18363968,0.09242125,0.16831425,0.076797456,0.08300171,0.08832532,0.14169781,0.18363968,0.16580254
Animal 11_4DLC_resnet50_Freezing_07-2020Sep29shuffle1_100000filtered,1061,Turn,0.17154971,0.09378997,0.1708069,0.077934794,0.08423093,0.08963338,0.1437963,0.17154971,0.16825801
Animal 11_4DLC_resnet50_Freezing_07-2020Sep29shuffle1_100000filtered,1062,Turn,0.18106289,0.09899103,0.12482456,0.082256615,0.0889019,0.09460394,0.15177043,0.18106289,0.17758864
Animal 11_4DLC_resnet50_Freezing_07-2020Sep29shuffle1_100000filtered,1063,Turn,0.17002365,0.09295564,0.089348555,0.07724151,0.15077646,0.110375844,0.14251712,0.17002365,0.16676123
Animal 11_4DLC_resnet50_Freezing_07-2020Sep29shuffle1_100000filtered,1064,Turn,0.1852171,0.10126223,0.102744095,0.08414387,0.090941615,0.098775454,0.15525256,0.1852171,0.18166314
Animal 11_4DLC_resnet50_Freezing_07-2020Sep29shuffle1_100000filtered,1065,Turn,0.18747236,0.10249522,0.09384413,0.08516843,0.09204895,0.097952835,0.15714297,0.18747236,0.18387513
Animal 11_4DLC_resnet50_Freezing_07-2020Sep29shuffle1_100000filtered,1066,Turn,0.17187613,0.093968436,0.07942661,0.07808309,0.15241924,0.111578435,0.14406991,0.17187613,0.16857816
Animal 11_4DLC_resnet50_Freezing_07-2020Sep29shuffle1_100000filtered,1067,Turn,0.17148052,0.09375214,0.07924379,0.07790336,0.1520684,0.113623366,0.1437383,0.17148052,0.16819014
Animal 11_4DLC_resnet50_Freezing_07-2020Sep29shuffle1_100000filtered,1068,Turn,0.17148052,0.09375214,0.07924379,0.07790336,0.1520684,0.113623366,0.1437383,0.17148052,0.16819014
Animal 11_4DLC_resnet50_Freezing_07-2020Sep29shuffle1_100000filtered,1069,Turn,0.16859317,0.09522228,0.0779095,0.07659164,0.14950792,0.13846822,0.14131807,0.16859317,0.15238921
Animal 11_4DLC_resnet50_Freezing_07-2020Sep29shuffle1_100000filtered,1070,Turn,0.16398717,0.09574981,0.07834112,0.07701596,0.15033619,0.13923533,0.14210096,0.16398717,0.15323344
Animal 11_4DLC_resnet50_Freezing_07-2020Sep29shuffle1_100000filtered,1071,Turn,0.18113668,0.09690443,0.07928581,0.07794467,0.15214905,0.11368361,0.14381452,0.18113668,0.15508124
Animal 11_4DLC_resnet50_Freezing_07-2020Sep29shuffle1_100000filtered,1072,Turn,0.18244705,0.097605444,0.07985937,0.07850853,0.15324971,0.107271895,0.14485489,0.18244705,0.1562031
Animal 11_4DLC_resnet50_Freezing_07-2020Sep29shuffle1_100000filtered,1073,Turn,0.18113668,0.09690443,0.07928581,0.07794467,0.15214905,0.11368361,0.14381452,0.18113668,0.15508124
Animal 11_4DLC_resnet50_Freezing_07-2020Sep29shuffle1_100000filtered,1074,Turn,0.18583526,0.09661969,0.079052836,0.07771564,0.15170199,0.09789781,0.14339194,0.18583526,0.16778487
Animal 11_4DLC_resnet50_Freezing_07-2020Sep29shuffle1_100000filtered,1075,Turn,0.18342222,0.0953651,0.078026354,0.07670652,0.14973217,0.10961137,0.14153002,0.18342222,0.16560622
Animal 11_4DLC_resnet50_Freezing_07-2020Sep29shuffle1_100000filtered,1076,Turn,0.19198655,0.09981787,0.08166955,0.08028809,0.123622686,0.1011383,0.14813831,0.19198655,0.17333868
Animal 11_4DLC_resnet50_Freezing_07-2020Sep29shuffle1_100000filtered,1077,Turn,0.18896997,0.09824949,0.08038632,0.079026565,0.12168027,0.11526158,0.14581071,0.18896997,0.17061509
Animal 11_4DLC_resnet50_Freezing_07-2020Sep29shuffle1_100000filtered,1078,Turn,0.19999519,0.100652575,0.08507636,0.083637275,0.0903941,0.10535725,0.15431786,0.19999519,0.18056944
Animal 11_4DLC_resnet50_Freezing_07-2020Sep29shuffle1_100000filtered,1079,Turn,0.20184517,0.10158363,0.08586333,0.084410936,0.09123026,0.09708164,0.15574531,0.20184517,0.18223973
Animal 11_4DLC_resnet50_Freezing_07-2020Sep29shuffle1_100000filtered,1080,Turn,0.19909495,0.10019951,0.09831878,0.083260804,0.08998721,0.09575887,0.15362322,0.19909495,0.17975664
Animal 11_4DLC_resnet50_Freezing_07-2020Sep29shuffle1_100000filtered,1081,Turn,0.19708864,0.09563944,0.080839016,0.0794716,0.122365505,0.10638807,0.14663184,0.19708864,0.17157592
Animal 11_4DLC_resnet50_Freezing_07-2020Sep29shuffle1_100000filtered,1082,Turn,0.19198546,0.09316306,0.08097334,0.07741386,0.14897817,0.097517654,0.14283513,0.19198546,0.16713333
Animal 11_4DLC_resnet50_Freezing_07-2020Sep29shuffle1_100000filtered,1083,Turn,0.18950212,0.091957994,0.079925954,0.07641251,0.14705114,0.10919124,0.14098755,0.18950212,0.16497147
Animal 11_4DLC_resnet50_Freezing_07-2020Sep29shuffle1_100000filtered,1084,Turn,0.1831621,0.0921809,0.08011969,0.076597735,0.14951983,0.11171909,0.1413293,0.1831621,0.16537136
Animal 11_4DLC_resnet50_Freezing_07-2020Sep29shuffle1_100000filtered,1085,Turn,0.18260534,0.09494039,0.07987615,0.076364905,0.14906533,0.1113795,0.1408997,0.18260534,0.16486867
Animal 11_4DLC_resnet50_Freezing_07-2020Sep29shuffle1_100000filtered,1086,Turn,0.18260534,0.09494039,0.07987615,0.076364905,0.14906533,0.1113795,0.1408997,0.18260534,0.16486867
Animal 11_4DLC_resnet50_Freezing_07-2020Sep29shuffle1_100000filtered,1087,Turn,0.18499747,0.096184105,0.08092253,0.07736528,0.15101808,0.11283857,0.1427455,0.18499747,0.15392847
Animal 11_4DLC_resnet50_Freezing_07-2020Sep29shuffle1_100000filtered,1088,Turn,0.16397205,0.09574098,0.08054971,0.07700885,0.14819875,0.13922249,0.14208785,0.16397205,0.15321931
Animal 11_4DLC_resnet50_Freezing_07-2020Sep29shuffle1_100000filtered,1089,Turn,0.17358688,0.10135494,0.08292715,0.08152442,0.10059748,0.14738607,0.15041946,0.17358688,0.16220362
Animal 11_4DLC_resnet50_Freezing_07-2020Sep29shuffle1_100000filtered,1090,Turn,0.17824543,0.104075,0.08756137,0.08371229,0.10329721,0.122095786,0.15445626,0.17824543,0.16655667
Animal 11_4DLC_resnet50_Freezing_07-2020Sep29shuffle1_100000filtered,1091,Locomotion,0.3247403,0.08696754,0.07316835,0.069951974,0.08631759,0.3247403,0.12906732,0.1154454,0.11434151
Animal 11_4DLC_resnet50_Freezing_07-2020Sep29shuffle1_100000filtered,1092,Locomotion,0.34274316,0.09043962,0.07072124,0.06761243,0.11553815,0.34274316,0.124750674,0.08592815,0.10226659
Animal 11_4DLC_resnet50_Freezing_07-2020Sep29shuffle1_100000filtered,1093,Locomotion,0.35183296,0.09283814,0.07259682,0.06940556,0.1186023,0.35183296,0.113879785,0.08820702,0.09263742
Animal 11_4DLC_resnet50_Freezing_07-2020Sep29shuffle1_100000filtered,1094,Locomotion,0.37341592,0.09152511,0.073907755,0.06630274,0.11330011,0.37341592,0.108788714,0.08426367,0.08849601
Animal 11_4DLC_resnet50_Freezing_07-2020Sep29shuffle1_100000filtered,1095,Locomotion,0.3798426,0.0931003,0.08484814,0.06744385,0.07997724,0.3798426,0.10132735,0.10344146,0.09001907
Animal 11_4DLC_resnet50_Freezing_07-2020Sep29shuffle1_100000filtered,1096,Locomotion,0.3723134,0.091254875,0.08316629,0.06610698,0.07839194,0.3723134,0.099318855,0.10139106,0.1080566
Animal 11_4DLC_resnet50_Freezing_07-2020Sep29shuffle1_100000filtered,1097,Locomotion,0.1749853,0.11013274,0.0834509,0.07978251,0.09460884,0.1749853,0.14848867,0.14981318,0.15873787
Animal 11_4DLC_resnet50_Freezing_07-2020Sep29shuffle1_100000filtered,1098,Locomotion,0.16920578,0.14032666,0.08069462,0.0771474,0.09519643,0.16920578,0.1435843,0.14034984,0.15349497
Animal 11_4DLC_resnet50_Freezing_07-2020Sep29shuffle1_100000filtered,1099,Turn,0.16814503,0.14153855,0.07915254,0.077813655,0.09601855,0.13768685,0.1448243,0.16814503,0.15482056
Animal 11_4DLC_resnet50_Freezing_07-2020Sep29shuffle1_100000filtered,1100,Locomotion,0.18639225,0.13354412,0.07468182,0.07341856,0.090595216,0.18639225,0.13664429,0.1586478,0.14607595
Animal 11_4DLC_resnet50_Freezing_07-2020Sep29shuffle1_100000filtered,1101,Locomotion,0.19551241,0.12914175,0.072219886,0.070998274,0.08760868,0.19551241,0.13213973,0.1711188,0.14126046
Animal 11_4DLC_resnet50_Freezing_07-2020Sep29shuffle1_100000filtered,1102,Turn,0.17399165,0.09651389,0.09167915,0.07015826,0.11962922,0.16598271,0.13057633,0.17399165,0.1514688
Animal 11_4DLC_resnet50_Freezing_07-2020Sep29shuffle1_100000filtered,1103,Turn,0.17005335,0.124725275,0.06975006,0.06857023,0.13349138,0.15774865,0.12762073,0.17005335,0.1480403
Animal 11_4DLC_resnet50_Freezing_07-2020Sep29shuffle1_100000filtered,1104,Unassigned,0.18011503,0.11872757,0.06639597,0.06527287,0.12707213,0.15905668,0.12148378,0.16187595,0.18011503
Animal 11_4DLC_resnet50_Freezing_07-2020Sep29shuffle1_100000filtered,1105,Locomotion,0.21118103,0.113271214,0.06334461,0.062273126,0.121232286,0.21118103,0.115900755,0.1544366,0.15836033
Animal 11_4DLC_resnet50_Freezing_07-2020Sep29shuffle1_100000filtered,1106,Locomotion,0.27123195,0.11986291,0.06703088,0.06589704,0.08190882,0.27123195,0.122645475,0.14031208,0.13111088
Animal 11_4DLC_resnet50_Freezing_07-2020Sep29shuffle1_100000filtered,1107,Locomotion,0.25710696,0.1200727,0.0671482,0.066012375,0.08205219,0.25710696,0.12286014,0.15340707,0.13134037
Animal 11_4DLC_resnet50_Freezing_07-2020Sep29shuffle1_100000filtered,1108,Locomotion,0.25580263,0.11946357,0.06680755,0.065677494,0.08104308,0.25580263,0.12223686,0.15829475,0.13067406
Animal 11_4DLC_resnet50_Freezing_07-2020Sep29shuffle1_100000filtered,1109,Locomotion,0.20315242,0.13236302,0.07402132,0.072769225,0.08979395,0.20315242,0.122419365,0.16069667,0.144784
Animal 11_4DLC_resnet50_Freezing_07-2020Sep29shuffle1_100000filtered,1110,Locomotion,0.20315242,0.13236302,0.07402132,0.072769225,0.08979395,0.20315242,0.122419365,0.16069667,0.144784
Animal 11_4DLC_resnet50_Freezing_07-2020Sep29shuffle1_100000filtered,1111,Locomotion,0.20012845,0.13039276,0.07498215,0.07168604,0.088457346,0.20012845,0.13341977,0.15830466,0.14262886
Animal 11_4DLC_resnet50_Freezing_07-2020Sep29shuffle1_100000filtered,1112,Locomotion,0.34365556,0.09358148,0.0709095,0.06779242,0.0836528,0.34365556,0.1261731,0.10342359,0.110811576
Animal 11_4DLC_resnet50_Freezing_07-2020Sep29shuffle1_100000filtered,1113,Locomotion,0.3447803,0.09388777,0.07114158,0.068014294,0.08065369,0.3447803,0.12658605,0.103762075,0.11117425
Animal 11_4DLC_resnet50_Freezing_07-2020Sep29shuffle1_100000filtered,1114,Locomotion,0.3403021,0.0926683,0.074830875,0.067130886,0.079606116,0.3403021,0.12494188,0.11078961,0.10973025
Animal 11_4DLC_resnet50_Freezing_07-2020Sep29shuffle1_100000filtered,1115,Locomotion,0.36096022,0.08785509,0.08006785,0.0636441,0.07547137,0.36096022,0.108461566,0.11950895,0.104030855
Animal 11_4DLC_resnet50_Freezing_07-2020Sep29shuffle1_100000filtered,1116,Locomotion,0.21873254,0.1037401,0.09454486,0.07515154,0.08911729,0.21873254,0.12807241,0.14111727,0.14952394
Animal 11_4DLC_resnet50_Freezing_07-2020Sep29shuffle1_100000filtered,1117,Locomotion,0.20723659,0.12951195,0.08957585,0.071201794,0.08785982,0.20723659,0.121341296,0.15160729,0.1416654
Animal 11_4DLC_resnet50_Freezing_07-2020Sep29shuffle1_100000filtered,1118,Locomotion,0.19925435,0.12452347,0.08612561,0.06845927,0.122993216,0.19925435,0.11666753,0.14576775,0.1362088
Animal 11_4DLC_resnet50_Freezing_07-2020Sep29shuffle1_100000filtered,1119,Locomotion,0.20913349,0.099187486,0.09039577,0.071853526,0.1290913,0.20913349,0.122451976,0.13492437,0.14296211
Animal 11_4DLC_resnet50_Freezing_07-2020Sep29shuffle1_100000filtered,1120,Locomotion,0.21439329,0.10168209,0.08210964,0.07366067,0.13233799,0.21439329,0.13709491,0.13831776,0.120403655
Animal 11_4DLC_resnet50_Freezing_07-2020Sep29shuffle1_100000filtered,1121,Locomotion,0.21235627,0.10071598,0.08149031,0.0729608,0.12596884,0.21235627,0.12433898,0.13700357,0.14516518
Animal 11_4DLC_resnet50_Freezing_07-2020Sep29shuffle1_100000filtered,1122,Locomotion,0.23112358,0.12722243,0.0781198,0.06994309,0.086306624,0.23112358,0.11919622,0.14892717,0.13916104
Animal 11_4DLC_resnet50_Freezing_07-2020Sep29shuffle1_100000filtered,1123,Locomotion,0.19735157,0.1346534,0.08268272,0.07402841,0.09134773,0.19735157,0.12615839,0.14648841,0.14728932
Animal 11_4DLC_resnet50_Freezing_07-2020Sep29shuffle1_100000filtered,1124,Locomotion,0.19849624,0.1354344,0.083162285,0.07445778,0.09187756,0.19849624,0.12689012,0.14153798,0.14814362
Animal 11_4DLC_resnet50_Freezing_07-2020Sep29shuffle1_100000filtered,1125,Locomotion,0.1695064,0.14244716,0.0965855,0.07831319,0.096634954,0.1695064,0.13346045,0.14886677,0.1341856
Animal 11_4DLC_resnet50_Freezing_07-2020Sep29shuffle1_100000filtered,1126,Locomotion,0.15673932,0.14134602,0.12233325,0.07770781,0.08398561,0.15673932,0.1324288,0.14097938,0.14447983
Animal 11_4DLC_resnet50_Freezing_07-2020Sep29shuffle1_100000filtered,1127,Freeze,0.35696766,0.081706874,0.35696766,0.05939468,0.064193,0.1173742,0.10121975,0.09091315,0.12823066
Animal 11_4DLC_resnet50_Freezing_07-2020Sep29shuffle1_100000filtered,1128,Freeze,0.36043257,0.08249996,0.36043257,0.059971195,0.064816095,0.080383524,0.102202244,0.12021915,0.12947533
Animal 11_4DLC_resnet50_Freezing_07-2020Sep29shuffle1_100000filtered,1129,Freeze,0.370977,0.08491349,0.370977,0.06172565,0.06671229,0.08273514,0.10519217,0.09448107,0.13326313
Animal 11_4DLC_resnet50_Freezing_07-2020Sep29shuffle1_100000filtered,1130,Freeze,0.36168998,0.10585196,0.36168998,0.06261162,0.06766983,0.0768552,0.10670202,0.11359151,0.10502783
Animal 11_4DLC_resnet50_Freezing_07-2020Sep29shuffle1_100000filtered,1131,Freeze,0.21618387,0.12695673,0.21618387,0.07509512,0.09266401,0.098916344,0.12797627,0.13623938,0.12596828
Animal 11_4DLC_resnet50_Freezing_07-2020Sep29shuffle1_100000filtered,1132,Freeze,0.1865912,0.12406366,0.1865912,0.07338387,0.07931235,0.09007804,0.12505996,0.1630782,0.15843274
Animal 11_4DLC_resnet50_Freezing_07-2020Sep29shuffle1_100000filtered,1133,Turn,0.17086302,0.12080153,0.11001028,0.07145431,0.13750938,0.10210611,0.13298848,0.17086302,0.1542669
Animal 11_4DLC_resnet50_Freezing_07-2020Sep29shuffle1_100000filtered,1134,Turn,0.17719337,0.12527715,0.07750882,0.07410164,0.1446474,0.10807849,0.13321073,0.17719337,0.15998238
Animal 11_4DLC_resnet50_Freezing_07-2020Sep29shuffle1_100000filtered,1135,Turn,0.1763636,0.124690495,0.07714586,0.07375463,0.14397004,0.10757238,0.13726978,0.1763636,0.15923321
Animal 11_4DLC_resnet50_Freezing_07-2020Sep29shuffle1_100000filtered,1136,Turn,0.17193341,0.12155831,0.075207986,0.07190194,0.14035358,0.12998983,0.13382162,0.17193341,0.15523332
Animal 11_4DLC_resnet50_Freezing_07-2020Sep29shuffle1_100000filtered,1137,Turn,0.15799764,0.1254485,0.077614844,0.07420299,0.14484525,0.13414985,0.13810426,0.15799764,0.14763668
Animal 11_4DLC_resnet50_Freezing_07-2020Sep29shuffle1_100000filtered,1138,Turn,0.18875606,0.10092933,0.13641046,0.07893711,0.08531422,0.10470712,0.13452375,0.18875606,0.17042197
Animal 11_4DLC_resnet50_Freezing_07-2020Sep29shuffle1_100000filtered,1139,Freeze,0.44046032,0.07629181,0.44046032,0.059668045,0.06448845,0.07324199,0.10168561,0.08407365,0.10009012
Animal 11_4DLC_resnet50_Freezing_07-2020Sep29shuffle1_100000filtered,1140,Turn,0.16014397,0.12299742,0.13124388,0.07275318,0.14201519,0.089790076,0.12398515,0.16014397,0.15707111
Animal 11_4DLC_resnet50_Freezing_07-2020Sep29shuffle1_100000filtered,1141,Turn,0.16571413,0.12727556,0.08728746,0.075283706,0.1469548,0.09483431,0.14011563,0.16571413,0.1625344
Animal 11_4DLC_resnet50_Freezing_07-2020Sep29shuffle1_100000filtered,1142,Turn,0.19279389,0.10023763,0.12234968,0.08062572,0.08713925,0.092728235,0.15005803,0.19279389,0.1740676
Animal 11_4DLC_resnet50_Freezing_07-2020Sep29shuffle1_100000filtered,1143,Turn,0.19279389,0.10023763,0.12234968,0.08062572,0.08713925,0.092728235,0.15005803,0.19279389,0.1740676
Animal 11_4DLC_resnet50_Freezing_07-2020Sep29shuffle1_100000filtered,1144,Turn,0.199354,0.103648365,0.08547768,0.08336913,0.09010429,0.102892004,0.15516399,0.199354,0.17999052
Animal 11_4DLC_resnet50_Freezing_07-2020Sep29shuffle1_100000filtered,1145,Turn,0.18256645,0.094920166,0.07827963,0.07634864,0.14903359,0.09422749,0.15979049,0.18256645,0.16483356
Animal 11_4DLC_resnet50_Freezing_07-2020Sep29shuffle1_100000filtered,1146,Turn,0.17960106,0.093378395,0.07640086,0.07510852,0.14661285,0.10954705,0.15719505,0.17960106,0.16215621
Animal 11_4DLC_resnet50_Freezing_07-2020Sep29shuffle1_100000filtered,1147,Turn,0.17960106,0.093378395,0.07640086,0.07510852,0.14661285,0.10954705,0.15719505,0.17960106,0.16215621
Animal 11_4DLC_resnet50_Freezing_07-2020Sep29shuffle1_100000filtered,1148,Turn,0.17500885,0.090990804,0.07444737,0.073188074,0.14286412,0.132315,0.15317573,0.17500885,0.15801004
Animal 11_4DLC_resnet50_Freezing_07-2020Sep29shuffle1_100000filtered,1149,Turn,0.16398717,0.09574981,0.07834112,0.07701596,0.15033619,0.13923533,0.14210096,0.16398717,0.15323344
Animal 11_4DLC_resnet50_Freezing_07-2020Sep29shuffle1_100000filtered,1150,Turn,0.16433619,0.0959536,0.07850785,0.07717987,0.14852788,0.13953167,0.1424034,0.16433619,0.15355957
Animal 11_4DLC_resnet50_Freezing_07-2020Sep29shuffle1_100000filtered,1151,Turn,0.16433619,0.0959536,0.07850785,0.07717987,0.14852788,0.13953167,0.1424034,0.16433619,0.15355957
Animal 11_4DLC_resnet50_Freezing_07-2020Sep29shuffle1_100000filtered,1152,Turn,0.16433619,0.0959536,0.07850785,0.07717987,0.14852788,0.13953167,0.1424034,0.16433619,0.15355957
Animal 11_4DLC_resnet50_Freezing_07-2020Sep29shuffle1_100000filtered,1153,Turn,0.1871507,0.1001218,0.08191822,0.08053255,0.12399909,0.11745808,0.14858937,0.1871507,0.16023017
Animal 11_4DLC_resnet50_Freezing_07-2020Sep29shuffle1_100000filtered,1154,Turn,0.19631952,0.10502693,0.09975607,0.08447797,0.09130271,0.09916766,0.155869,0.19631952,0.1680801
Animal 11_4DLC_resnet50_Freezing_07-2020Sep29shuffle1_100000filtered,1155,Turn,0.19843729,0.10317175,0.09799401,0.082985766,0.08968996,0.09544255,0.15311576,0.19843729,0.17916286
Animal 11_4DLC_resnet50_Freezing_07-2020Sep29shuffle1_100000filtered,1156,Turn,0.1957912,0.101795994,0.11002199,0.08187918,0.08849397,0.094169855,0.15107402,0.1957912,0.17677377
Animal 11_4DLC_resnet50_Freezing_07-2020Sep29shuffle1_100000filtered,1157,Turn,0.18308,0.09518717,0.16780129,0.07656341,0.08274875,0.08805614,0.14126596,0.18308,0.16529724
Animal 11_4DLC_resnet50_Freezing_07-2020Sep29shuffle1_100000filtered,1158,Turn,0.18308,0.09518717,0.16780129,0.07656341,0.08274875,0.08805614,0.14126596,0.18308,0.16529724
Animal 11_4DLC_resnet50_Freezing_07-2020Sep29shuffle1_100000filtered,1159,Turn,0.18308,0.09518717,0.16780129,0.07656341,0.08274875,0.08805614,0.14126596,0.18308,0.16529724
Animal 11_4DLC_resnet50_Freezing_07-2020Sep29shuffle1_100000filtered,1160,Turn,0.1884225,0.097964846,0.14351678,0.078797616,0.08516346,0.090625726,0.14538828,0.1884225,0.1701208
Animal 11_4DLC_resnet50_Freezing_07-2020Sep29shuffle1_100000filtered,1161,Turn,0.17943087,0.09328991,0.09808891,0.07503735,0.14647393,0.10722618,0.13845026,0.17943087,0.16200255
Animal 11_4DLC_resnet50_Freezing_07-2020Sep29shuffle1_100000filtered,1162,Turn,0.19267431,0.100175455,0.122273795,0.08057571,0.0870852,0.09458684,0.148669,0.19267431,0.17395964
Animal 11_4DLC_resnet50_Freezing_07-2020Sep29shuffle1_100000filtered,1163,Turn,0.19637826,0.10210122,0.10735349,0.082124695,0.08875932,0.09445222,0.151527,0.19637826,0.17730382
Animal 11_4DLC_resnet50_Freezing_07-2020Sep29shuffle1_100000filtered,1164,Turn,0.17154971,0.09378997,0.1708069,0.077934794,0.08423093,0.08963338,0.1437963,0.17154971,0.16825801
Animal 11_4DLC_resnet50_Freezing_07-2020Sep29shuffle1_100000filtered,1165,Freeze,0.22612573,0.087532856,0.22612573,0.07273545,0.07861154,0.08365357,0.13420305,0.16010492,0.15703283
Animal 11_4DLC_resnet50_Freezing_07-2020Sep29shuffle1_100000filtered,1166,Turn,0.17713219,0.096842036,0.14382376,0.08047091,0.08697193,0.09255018,0.14847565,0.17713219,0.17373337
Animal 11_4DLC_resnet50_Freezing_07-2020Sep29shuffle1_100000filtered,1167,Turn,0.17154971,0.09378997,0.1708069,0.077934794,0.08423093,0.08963338,0.1437963,0.17154971,0.16825801
Animal 11_4DLC_resnet50_Freezing_07-2020Sep29shuffle1_100000filtered,1168,Turn,0.17154971,0.09378997,0.1708069,0.077934794,0.08423093,0.08963338,0.1437963,0.17154971,0.16825801
Animal 11_4DLC_resnet50_Freezing_07-2020Sep29shuffle1_100000filtered,1169,Turn,0.17403337,0.09514785,0.13942902,0.079063125,0.08545041,0.09093108,0.16525117,0.17403337,0.17069402
Animal 11_4DLC_resnet50_Freezing_07-2020Sep29shuffle1_100000filtered,1170,Turn,0.17747153,0.097027555,0.14218353,0.08062507,0.08713854,0.09272749,0.14876008,0.17747153,0.1740662
Animal 11_4DLC_resnet50_Freezing_07-2020Sep29shuffle1_100000filtered,1171,Turn,0.20429215,0.09913501,0.10058575,0.08237626,0.0890312,0.09474154,0.15199116,0.20429215,0.17784695
Animal 11_4DLC_resnet50_Freezing_07-2020Sep29shuffle1_100000filtered,1172,Turn,0.19555362,0.09489455,0.13905783,0.07885264,0.08522292,0.090689,0.1454898,0.19555362,0.17023961
Animal 11_4DLC_resnet50_Freezing_07-2020Sep29shuffle1_100000filtered,1173,Turn,0.18469715,0.100977965,0.09245493,0.083907664,0.09068633,0.09650282,0.16961999,0.18469715,0.18115318
Animal 11_4DLC_resnet50_Freezing_07-2020Sep29shuffle1_100000filtered,1174,Turn,0.18558845,0.10146525,0.102950096,0.08431257,0.091123946,0.09696851,0.15556383,0.18558845,0.18202737
Animal 11_4DLC_resnet50_Freezing_07-2020Sep29shuffle1_100000filtered,1175,Turn,0.18061191,0.09874447,0.08630488,0.08205174,0.122482195,0.101266116,0.1513924,0.18061191,0.17714632
Animal 11_4DLC_resnet50_Freezing_07-2020Sep29shuffle1_100000filtered,1176,Turn,0.18061191,0.09874447,0.08630488,0.08205174,0.122482195,0.101266116,0.1513924,0.18061191,0.17714632
Animal 11_4DLC_resnet50_Freezing_07-2020Sep29shuffle1_100000filtered,1177,Turn,0.17826907,0.09746359,0.08238088,0.080987394,0.120893404,0.115728594,0.14942859,0.17826907,0.17484844
Animal 11_4DLC_resnet50_Freezing_07-2020Sep29shuffle1_100000filtered,1178,Turn,0.17784353,0.09723093,0.08218423,0.080794066,0.12060482,0.11783951,0.14907189,0.17784353,0.17443106
Animal 11_4DLC_resnet50_Freezing_07-2020Sep29shuffle1_100000filtered,1179,Unassigned,0.16154808,0.097713366,0.082591996,0.08119493,0.121203214,0.1467904,0.14981152,0.15914649,0.16154808
Animal 11_4DLC_resnet50_Freezing_07-2020Sep29shuffle1_100000filtered,1180,Unassigned,0.16154808,0.097713366,0.082591996,0.08119493,0.121203214,0.1467904,0.14981152,0.15914649,0.16154808
Animal 11_4DLC_resnet50_Freezing_07-2020Sep29shuffle1_100000filtered,1181,Turn,0.17054226,0.096389085,0.08147266,0.080094524,0.11956059,0.144801,0.14778118,0.17054226,0.15935867
Animal 11_4DLC_resnet50_Freezing_07-2020Sep29shuffle1_100000filtered,1182,Turn,0.17054226,0.096389085,0.08147266,0.080094524,0.11956059,0.144801,0.14778118,0.17054226,0.15935867
Animal 11_4DLC_resnet50_Freezing_07-2020Sep29shuffle1_100000filtered,1183,Unassigned,0.1648028,0.09968201,0.084255986,0.08283078,0.12207169,0.14974782,0.15282981,0.14377913,0.1648028
Animal 11_4DLC_resnet50_Freezing_07-2020Sep29shuffle1_100000filtered,1184,Locomotion,0.26513317,0.095532015,0.080748215,0.079382345,0.09809349,0.26513317,0.13024954,0.121105075,0.12975612
Animal 11_4DLC_resnet50_Freezing_07-2020Sep29shuffle1_100000filtered,1185,Locomotion,0.32850054,0.088500984,0.06952759,0.06835151,0.116967134,0.32850054,0.112150304,0.10427653,0.11172545
Animal 11_4DLC_resnet50_Freezing_07-2020Sep29shuffle1_100000filtered,1186,Locomotion,0.33657947,0.08881321,0.06753897,0.066396534,0.11362165,0.33657947,0.108942606,0.10957767,0.108529896
Animal 11_4DLC_resnet50_Freezing_07-2020Sep29shuffle1_100000filtered,1187,Locomotion,0.161902,0.109700724,0.08342312,0.082012,0.14034377,0.161902,0.13456427,0.15399964,0.1340545
Animal 11_4DLC_resnet50_Freezing_07-2020Sep29shuffle1_100000filtered,1188,Locomotion,0.29488954,0.09229365,0.07018572,0.068998516,0.11807433,0.29488954,0.11321189,0.12956332,0.112783015
Animal 11_4DLC_resnet50_Freezing_07-2020Sep29shuffle1_100000filtered,1189,Locomotion,0.3633128,0.08628821,0.06561881,0.06450886,0.11039136,0.3633128,0.10584533,0.106462345,0.097572304
Animal 11_4DLC_resnet50_Freezing_07-2020Sep29shuffle1_100000filtered,1190,Locomotion,0.3415635,0.08112266,0.061690617,0.060647108,0.16350356,0.3415635,0.099509016,0.10008909,0.091874465
Animal 11_4DLC_resnet50_Freezing_07-2020Sep29shuffle1_100000filtered,1191,Locomotion,0.36231416,0.088804044,0.06543845,0.06433155,0.10993166,0.36231416,0.105554394,0.10616971,0.09745603
Animal 11_4DLC_resnet50_Freezing_07-2020Sep29shuffle1_100000filtered,1192,Locomotion,0.36231416,0.088804044,0.06543845,0.06433155,0.10993166,0.36231416,0.105554394,0.10616971,0.09745603
Animal 11_4DLC_resnet50_Freezing_07-2020Sep29shuffle1_100000filtered,1193,Locomotion,0.36524564,0.08952255,0.0659679,0.064852044,0.11082111,0.36524564,0.106408425,0.09893777,0.09824454
Animal 11_4DLC_resnet50_Freezing_07-2020Sep29shuffle1_100000filtered,1194,Locomotion,0.3695639,0.09058097,0.066747844,0.06561879,0.11213135,0.3695639,0.10766649,0.10010751,0.08758312
Animal 11_4DLC_resnet50_Freezing_07-2020Sep29shuffle1_100000filtered,1195,Locomotion,0.3695639,0.09058097,0.066747844,0.06561879,0.11213135,0.3695639,0.10766649,0.10010751,0.08758312
Animal 11_4DLC_resnet50_Freezing_07-2020Sep29shuffle1_100000filtered,1196,Locomotion,0.36860496,0.090345934,0.06845784,0.06616017,0.11184039,0.36860496,0.10738712,0.09984776,0.08735586
Animal 11_4DLC_resnet50_Freezing_07-2020Sep29shuffle1_100000filtered,1197,Locomotion,0.3669545,0.0899414,0.072628886,0.06586394,0.111339614,0.3669545,0.10690628,0.09940068,0.08696471
Animal 11_4DLC_resnet50_Freezing_07-2020Sep29shuffle1_100000filtered,1198,Locomotion,0.36536315,0.08955136,0.09012061,0.06557831,0.07692854,0.36536315,0.09746479,0.09197664,0.12301662
Animal 11_4DLC_resnet50_Freezing_07-2020Sep29shuffle1_100000filtered,1199,Locomotion,0.37989998,0.09311437,0.075191095,0.0681875,0.07998932,0.37989998,0.110677734,0.102907345,0.09003267
Animal 11_4DLC_resnet50_Freezing_07-2020Sep29shuffle1_100000filtered,1200,Locomotion,0.37400034,0.09166835,0.06945988,0.067128584,0.07874713,0.37400034,0.108958974,0.10959414,0.10044258
Animal 11_4DLC_resnet50_Freezing_07-2020Sep29shuffle1_100000filtered,1201,Locomotion,0.37427062,0.091734596,0.06951007,0.0664545,0.07880404,0.37427062,0.10903771,0.10967333,0.10051516
Animal 11_4DLC_resnet50_Freezing_07-2020Sep29shuffle1_100000filtered,1202,Locomotion,0.3787461,0.092831545,0.07034127,0.06724916,0.079746366,0.3787461,0.11034157,0.110984795,0.08975921
Animal 11_4DLC_resnet50_Freezing_07-2020Sep29shuffle1_100000filtered,1203,Locomotion,0.3787461,0.092831545,0.07034127,0.06724916,0.079746366,0.3787461,0.11034157,0.110984795,0.08975921
Animal 11_4DLC_resnet50_Freezing_07-2020Sep29shuffle1_100000filtered,1204,Locomotion,0.29971784,0.096805885,0.07335273,0.07012825,0.08316048,0.29971784,0.13052046,0.13168469,0.11462965
Animal 11_4DLC_resnet50_Freezing_07-2020Sep29shuffle1_100000filtered,1205,Locomotion,0.18848866,0.1376849,0.07917549,0.07569504,0.08976178,0.18848866,0.1408812,0.13770764,0.1506053
Animal 11_4DLC_resnet50_Freezing_07-2020Sep29shuffle1_100000filtered,1206,Turn,0.16470712,0.13864464,0.07972738,0.07622267,0.09405535,0.15312451,0.14186321,0.16470712,0.1516551
Animal 11_4DLC_resnet50_Freezing_07-2020Sep29shuffle1_100000filtered,1207,Turn,0.16470712,0.13864464,0.07972738,0.07622267,0.09405535,0.15312451,0.14186321,0.16470712,0.1516551
Animal 11_4DLC_resnet50_Freezing_07-2020Sep29shuffle1_100000filtered,1208,Turn,0.18008342,0.14095245,0.08105449,0.07749145,0.09562097,0.1263931,0.1442246,0.18008342,0.15417948
Animal 11_4DLC_resnet50_Freezing_07-2020Sep29shuffle1_100000filtered,1209,Turn,0.1849821,0.1407113,0.08476456,0.07735886,0.08360847,0.11758225,0.14397787,0.1849821,0.16701458
Animal 11_4DLC_resnet50_Freezing_07-2020Sep29shuffle1_100000filtered,1210,Turn,0.18827511,0.10831391,0.10579844,0.07873598,0.08509684,0.117251046,0.14654091,0.18827511,0.16998774
Animal 11_4DLC_resnet50_Freezing_07-2020Sep29shuffle1_100000filtered,1211,Turn,0.17742082,0.13495961,0.07760832,0.074196756,0.08019091,0.15734321,0.13809265,0.17742082,0.16018775
Animal 11_4DLC_resnet50_Freezing_07-2020Sep29shuffle1_100000filtered,1212,Locomotion,0.18484122,0.12872523,0.074611634,0.07076929,0.08732612,0.18484122,0.13171354,0.16922498,0.15278797
Animal 11_4DLC_resnet50_Freezing_07-2020Sep29shuffle1_100000filtered,1213,Locomotion,0.18843752,0.12857132,0.07190088,0.070684664,0.0872217,0.18843752,0.13155603,0.16902262,0.15260528
Animal 11_4DLC_resnet50_Freezing_07-2020Sep29shuffle1_100000filtered,1214,Locomotion,0.19417275,0.1276627,0.07139276,0.07018513,0.0866053,0.19417275,0.13062634,0.16782816,0.15152681
Animal 11_4DLC_resnet50_Freezing_07-2020Sep29shuffle1_100000filtered,1215,Turn,0.17993131,0.13686928,0.07654135,0.07524663,0.09285097,0.1360594,0.14004666,0.17993131,0.16245438
Animal 11_4DLC_resnet50_Freezing_07-2020Sep29shuffle1_100000filtered,1216,Turn,0.18225345,0.13863567,0.07752916,0.07621774,0.094049275,0.13781534,0.14185405,0.18225345,0.15164529
Animal 11_4DLC_resnet50_Freezing_07-2020Sep29shuffle1_100000filtered,1217,Turn,0.18762398,0.1427209,0.08361007,0.07846368,0.08480254,0.10734485,0.1460341,0.18762398,0.16939984
Animal 11_4DLC_resnet50_Freezing_07-2020Sep29shuffle1_100000filtered,1218,Turn,0.19130783,0.102293774,0.09447327,0.08000425,0.08646757,0.12382602,0.14890137,0.19130783,0.17272589
Animal 11_4DLC_resnet50_Freezing_07-2020Sep29shuffle1_100000filtered,1219,Turn,0.17976998,0.12709883,0.078635894,0.07517917,0.11222321,0.124863155,0.13992108,0.17976998,0.16230872
Animal 11_4DLC_resnet50_Freezing_07-2020Sep29shuffle1_100000filtered,1220,Turn,0.18241799,0.128971,0.102679975,0.076286554,0.08244953,0.120513305,0.14198212,0.18241799,0.16469952
Animal 11_4DLC_resnet50_Freezing_07-2020Sep29shuffle1_100000filtered,1221,Turn,0.17699443,0.09464029,0.16222358,0.07401844,0.07999819,0.11456153,0.13776077,0.17699443,0.15980276
Animal 11_4DLC_resnet50_Freezing_07-2020Sep29shuffle1_100000filtered,1222,Freeze,0.21548496,0.08862356,0.21548496,0.069312744,0.074912325,0.10727831,0.12900268,0.16574205,0.14964336
Animal 11_4DLC_resnet50_Freezing_07-2020Sep29shuffle1_100000filtered,1223,Freeze,0.24925911,0.08749053,0.24925911,0.068426594,0.07395458,0.105906785,0.11661183,0.1506203,0.1477302
Animal 11_4DLC_resnet50_Freezing_07-2020Sep29shuffle1_100000filtered,1224,Freeze,0.414918,0.070470706,0.414918,0.055115335,0.05956795,0.08530437,0.093926944,0.101705,0.11899173
Animal 11_4DLC_resnet50_Freezing_07-2020Sep29shuffle1_100000filtered,1225,Freeze,0.46807405,0.06618061,0.46807405,0.051760033,0.055941593,0.080111235,0.088208884,0.07797584,0.11174779
Animal 11_4DLC_resnet50_Freezing_07-2020Sep29shuffle1_100000filtered,1226,Freeze,0.48253447,0.06822515,0.48253447,0.053359076,0.057669822,0.08258615,0.090933956,0.075184174,0.08950717
Animal 11_4DLC_resnet50_Freezing_07-2020Sep29shuffle1_100000filtered,1227,Freeze,0.48253447,0.06822515,0.48253447,0.053359076,0.057669822,0.08258615,0.090933956,0.075184174,0.08950717
Animal 11_4DLC_resnet50_Freezing_07-2020Sep29shuffle1_100000filtered,1228,Freeze,0.48278236,0.066372566,0.48278236,0.053386487,0.057699446,0.0614002,0.08787694,0.0752228,0.11525924
Animal 11_4DLC_resnet50_Freezing_07-2020Sep29shuffle1_100000filtered,1229,Freeze,0.4250619,0.070197165,0.4250619,0.056462795,0.061024267,0.064938284,0.09622327,0.10419148,0.12190084
Animal 11_4DLC_resnet50_Freezing_07-2020Sep29shuffle1_100000filtered,1230,Freeze,0.25686973,0.08766858,0.25686973,0.070515856,0.07621264,0.08110081,0.12017234,0.15521918,0.15224084
Animal 11_4DLC_resnet50_Freezing_07-2020Sep29shuffle1_100000filtered,1231,Freeze,0.22521025,0.09006197,0.22521025,0.072440974,0.07829327,0.083314896,0.13482484,0.15945673,0.15639707
Animal 11_4DLC_resnet50_Freezing_07-2020Sep29shuffle1_100000filtered,1232,Freeze,0.22586152,0.08743058,0.22586152,0.07265046,0.07851969,0.083555825,0.13521473,0.15991785,0.15684935
Animal 11_4DLC_resnet50_Freezing_07-2020Sep29shuffle1_100000filtered,1233,Freeze,0.25378472,0.08384253,0.25378472,0.06966896,0.075297326,0.080126785,0.13351224,0.153355,0.15041243
Animal 11_4DLC_resnet50_Freezing_07-2020Sep29shuffle1_100000filtered,1234,Freeze,0.19188552,0.09081899,0.19188552,0.07546605,0.08156275,0.08679407,0.14442897,0.16611552,0.1629281
Animal 11_4DLC_resnet50_Freezing_07-2020Sep29shuffle1_100000filtered,1235,Unassigned,0.16777869,0.09352279,0.1401908,0.077712774,0.11600525,0.1260781,0.14892724,0.12978435,0.16777869
Animal 11_4DLC_resnet50_Freezing_07-2020Sep29shuffle1_100000filtered,1236,Freeze,0.21800442,0.09113365,0.21800442,0.075727515,0.11304177,0.103472,0.14512274,0.12646887,0.12702909
Animal 11_4DLC_resnet50_Freezing_07-2020Sep29shuffle1_100000filtered,1237,Unassigned,0.16260827,0.09064071,0.13587056,0.07531791,0.112430334,0.12471931,0.14433777,0.15407515,0.16260827
Animal 11_4DLC_resnet50_Freezing_07-2020Sep29shuffle1_100000filtered,1238,Freeze,0.19051558,0.09017059,0.19051558,0.07492727,0.080980435,0.09312257,0.14358915,0.16492955,0.16176489
Animal 11_4DLC_resnet50_Freezing_07-2020Sep29shuffle1_100000filtered,1239,Turn,0.16731882,0.09147685,0.10520847,0.07601271,0.11346748,0.12331997,0.1590874,0.16731882,0.16410829
Animal 11_4DLC_resnet50_Freezing_07-2020Sep29shuffle1_100000filtered,1240,Turn,0.1712842,0.093644805,0.08139206,0.07781418,0.1161566,0.12885287,0.1628577,0.1712842,0.16799758
Animal 11_4DLC_resnet50_Freezing_07-2020Sep29shuffle1_100000filtered,1241,Turn,0.16830714,0.09201719,0.07997741,0.0764617,0.11413771,0.15694109,0.1600271,0.16830714,0.15213068
Animal 11_4DLC_resnet50_Freezing_07-2020Sep29shuffle1_100000filtered,1242,Turn,0.17357117,0.09489515,0.0824788,0.078853145,0.11770752,0.1305733,0.16503216,0.17357117,0.15688877
Animal 11_4DLC_resnet50_Freezing_07-2020Sep29shuffle1_100000filtered,1243,Turn,0.18149166,0.09398568,0.08168832,0.07809742,0.11657941,0.12932189,0.1634505,0.18149166,0.15538514
Animal 11_4DLC_resnet50_Freezing_07-2020Sep29shuffle1_100000filtered,1244,Climb,0.18914431,0.18914431,0.08997662,0.07410022,0.080086574,0.08698534,0.15508476,0.17718998,0.14743221
Animal 11_4DLC_resnet50_Freezing_07-2020Sep29shuffle1_100000filtered,1245,Turn,0.19531909,0.09829921,0.09517692,0.08168175,0.08828059,0.093942784,0.17095219,0.19531909,0.17634752
Animal 11_4DLC_resnet50_Freezing_07-2020Sep29shuffle1_100000filtered,1246,Turn,0.1972401,0.09926601,0.08627776,0.08248511,0.08914885,0.09486674,0.17263353,0.1972401,0.17808194
Animal 11_4DLC_resnet50_Freezing_07-2020Sep29shuffle1_100000filtered,1247,Turn,0.19247718,0.09686895,0.10834212,0.08049327,0.08699609,0.09257591,0.16846481,0.19247718,0.17378165
Animal 11_4DLC_resnet50_Freezing_07-2020Sep29shuffle1_100000filtered,1248,Turn,0.18538383,0.093299046,0.1412023,0.07752686,0.083790034,0.08916421,0.16225639,0.18538383,0.1673773
Animal 11_4DLC_resnet50_Freezing_07-2020Sep29shuffle1_100000filtered,1249,Turn,0.18564448,0.09343022,0.101485685,0.07763586,0.11589043,0.09581615,0.16248453,0.18564448,0.16761263
Animal 11_4DLC_resnet50_Freezing_07-2020Sep29shuffle1_100000filtered,1250,Turn,0.17137831,0.12868863,0.09787001,0.0716698,0.10698463,0.11867838,0.14999813,0.17137831,0.15473215
Animal 11_4DLC_resnet50_Freezing_07-2020Sep29shuffle1_100000filtered,1251,Unassigned,0.16304444,0.13560185,0.136235,0.075519934,0.112731904,0.09513189,0.14472492,0.13701008,0.16304444
Animal 11_4DLC_resnet50_Freezing_07-2020Sep29shuffle1_100000filtered,1252,Turn,0.16927612,0.13677424,0.13741288,0.07617287,0.082326666,0.08760699,0.14597619,0.16927612,0.1644541
Animal 11_4DLC_resnet50_Freezing_07-2020Sep29shuffle1_100000filtered,1253,Turn,0.1837525,0.13798046,0.10325704,0.07684465,0.08305271,0.0883796,0.16082859,0.1837525,0.16590442
Animal 11_4DLC_resnet50_Freezing_07-2020Sep29shuffle1_100000filtered,1254,Turn,0.18517832,0.13905111,0.08978865,0.07744092,0.083697155,0.095575556,0.16207652,0.18517832,0.16719174
Animal 11_4DLC_resnet50_Freezing_07-2020Sep29shuffle1_100000filtered,1255,Turn,0.17945337,0.13475221,0.08701275,0.07504676,0.11202556,0.092620745,0.15706578,0.17945337,0.16202286
Animal 11_4DLC_resnet50_Freezing_07-2020Sep29shuffle1_100000filtered,1256,Turn,0.18525203,0.13910644,0.09409687,0.07747173,0.08373046,0.09094312,0.16214103,0.18525203,0.16725828
Animal 11_4DLC_resnet50_Freezing_07-2020Sep29shuffle1_100000filtered,1257,Turn,0.16936138,0.13815282,0.11675756,0.07694064,0.08315646,0.088489994,0.16102947,0.16936138,0.16611166
Animal 11_4DLC_resnet50_Freezing_07-2020Sep29shuffle1_100000filtered,1258,Turn,0.17162636,0.14000043,0.10494535,0.07796962,0.08426856,0.08967343,0.16318303,0.17162636,0.16833319
Animal 11_4DLC_resnet50_Freezing_07-2020Sep29shuffle1_100000filtered,1259,Turn,0.16889393,0.08880425,0.16816263,0.076728284,0.082926944,0.088245764,0.16058503,0.16889393,0.1656532
Animal 11_4DLC_resnet50_Freezing_07-2020Sep29shuffle1_100000filtered,1260,Turn,0.16889393,0.08880425,0.16816263,0.076728284,0.082926944,0.088245764,0.16058503,0.16889393,0.1656532
Animal 11_4DLC_resnet50_Freezing_07-2020Sep29shuffle1_100000filtered,1261,Turn,0.1811901,0.09526956,0.10760148,0.08231441,0.08896436,0.09467041,0.17227627,0.1811901,0.17771341
Animal 11_4DLC_resnet50_Freezing_07-2020Sep29shuffle1_100000filtered,1262,Turn,0.16889723,0.08880598,0.10030124,0.07672978,0.11453788,0.12448332,0.16058816,0.16889723,0.16565642
Animal 11_4DLC_resnet50_Freezing_07-2020Sep29shuffle1_100000filtered,1263,Turn,0.16956946,0.08915944,0.0893182,0.077035174,0.11499375,0.13238092,0.16122732,0.16956946,0.16631575
Animal 11_4DLC_resnet50_Freezing_07-2020Sep29shuffle1_100000filtered,1264,Turn,0.1779474,0.08955648,0.07783865,0.07441697,0.11108545,0.15274417,0.1557477,0.1779474,0.16066317
Animal 11_4DLC_resnet50_Freezing_07-2020Sep29shuffle1_100000filtered,1265,Locomotion,0.16358848,0.09908713,0.083364934,0.07970031,0.11897213,0.16358848,0.14705384,0.14965883,0.15857434
Animal 11_4DLC_resnet50_Freezing_07-2020Sep29shuffle1_100000filtered,1266,Turn,0.1663682,0.09714006,0.0817268,0.078134194,0.11663432,0.16037394,0.1441642,0.1663682,0.15545833
Animal 11_4DLC_resnet50_Freezing_07-2020Sep29shuffle1_100000filtered,1267,Turn,0.1663682,0.09714006,0.0817268,0.078134194,0.11663432,0.16037394,0.1441642,0.1663682,0.15545833
Animal 11_4DLC_resnet50_Freezing_07-2020Sep29shuffle1_100000filtered,1268,Turn,0.18448876,0.09869772,0.0830373,0.0793871,0.11850458,0.1314575,0.14647591,0.18448876,0.15795113
Animal 11_4DLC_resnet50_Freezing_07-2020Sep29shuffle1_100000filtered,1269,Turn,0.19048016,0.10190299,0.085733995,0.081965245,0.12235309,0.103250995,0.15123281,0.19048016,0.1630807
Animal 11_4DLC_resnet50_Freezing_07-2020Sep29shuffle1_100000filtered,1270,Turn,0.1975001,0.10268448,0.10029004,0.082593836,0.08926636,0.096955895,0.15239261,0.1975001,0.17831668
Animal 11_4DLC_resnet50_Freezing_07-2020Sep29shuffle1_100000filtered,1271,Freeze,0.20728503,0.089374945,0.20728503,0.07426613,0.08026588,0.08541402,0.12546977,0.17758669,0.1603375
Animal 11_4DLC_resnet50_Freezing_07-2020Sep29shuffle1_100000filtered,1272,Freeze,0.4678173,0.06225601,0.4678173,0.051731642,0.055910908,0.059496947,0.08739864,0.103702016,0.11168648
Animal 11_4DLC_resnet50_Freezing_07-2020Sep29shuffle1_100000filtered,1273,Freeze,0.4861393,0.064694256,0.4861393,0.053757705,0.058100652,0.061827138,0.10302022,0.08228485,0.09017585
Animal 11_4DLC_resnet50_Freezing_07-2020Sep29shuffle1_100000filtered,1274,Freeze,0.1915441,0.09065739,0.1915441,0.07533178,0.08141762,0.086639635,0.14436434,0.16740698,0.1626382
Animal 11_4DLC_resnet50_Freezing_07-2020Sep29shuffle1_100000filtered,1275,Freeze,0.2504688,0.08274705,0.2504688,0.068758674,0.0743135,0.07907986,0.13176778,0.16441718,0.14844716
Animal 11_4DLC_resnet50_Freezing_07-2020Sep29shuffle1_100000filtered,1276,Turn,0.18587463,0.09354605,0.13892876,0.07773211,0.08401187,0.08940027,0.16268595,0.18587463,0.16782041
Animal 11_4DLC_resnet50_Freezing_07-2020Sep29shuffle1_100000filtered,1277,Turn,0.19419938,0.097735696,0.10616237,0.08121349,0.08777451,0.09340424,0.1641737,0.19419938,0.17533658
Animal 11_4DLC_resnet50_Freezing_07-2020Sep29shuffle1_100000filtered,1278,Turn,0.18235451,0.09177446,0.11740909,0.07626001,0.11383663,0.0941181,0.15960498,0.18235451,0.16464221
Animal 11_4DLC_resnet50_Freezing_07-2020Sep29shuffle1_100000filtered,1279,Unassigned,0.16549307,0.092248745,0.13828102,0.076654114,0.11442494,0.12693192,0.14689843,0.13906774,0.16549307
Animal 11_4DLC_resnet50_Freezing_07-2020Sep29shuffle1_100000filtered,1280,Turn,0.17231159,0.094206505,0.106897935,0.07828092,0.116853334,0.09860988,0.16383456,0.17231159,0.16900527
Animal 11_4DLC_resnet50_Freezing_07-2020Sep29shuffle1_100000filtered,1281,Turn,0.19475771,0.09450833,0.08214259,0.078531705,0.11722769,0.0989258,0.16435944,0.19475771,0.16954672
Animal 11_4DLC_resnet50_Freezing_07-2020Sep29shuffle1_100000filtered,1282,Turn,0.20355478,0.0987772,0.083491206,0.082078926,0.08870985,0.09439959,0.17178343,0.20355478,0.17720503
Animal 11_4DLC_resnet50_Freezing_07-2020Sep29shuffle1_100000filtered,1283,Turn,0.18839611,0.09142129,0.07727364,0.07596653,0.113398544,0.13054454,0.15899077,0.18839611,0.16400862
Animal 11_4DLC_resnet50_Freezing_07-2020Sep29shuffle1_100000filtered,1284,Sniff,0.1630287,0.09684376,0.07923617,0.07789587,0.11627857,0.15988478,0.1630287,0.15184799,0.15498416
Animal 11_4DLC_resnet50_Freezing_07-2020Sep29shuffle1_100000filtered,1285,Sniff,0.16898274,0.10038063,0.082129985,0.08074074,0.12069655,0.16572401,0.16898274,0.1401512,0.14119413
Animal 11_4DLC_resnet50_Freezing_07-2020Sep29shuffle1_100000filtered,1286,Locomotion,0.16302904,0.09874827,0.08079442,0.07942776,0.118733816,0.16302904,0.14655094,0.15468371,0.15803204
Animal 11_4DLC_resnet50_Freezing_07-2020Sep29shuffle1_100000filtered,1287,Turn,0.19072682,0.102034956,0.083483525,0.08296379,0.122685686,0.1033847,0.15142865,0.19072682,0.16329189
Animal 11_4DLC_resnet50_Freezing_07-2020Sep29shuffle1_100000filtered,1288,Turn,0.19566295,0.10467568,0.09942245,0.0895421,0.09099735,0.096833795,0.15534772,0.19566295,0.16751797
Animal 11_4DLC_resnet50_Freezing_07-2020Sep29shuffle1_100000filtered,1289,Turn,0.19645697,0.10510047,0.09982592,0.085847355,0.091366634,0.09722676,0.15597814,0.19645697,0.16819778
Animal 11_4DLC_resnet50_Freezing_07-2020Sep29shuffle1_100000filtered,1290,Turn,0.1962047,0.10201098,0.083463915,0.08332383,0.096613795,0.10984257,0.15139309,0.1962047,0.17714712
Animal 11_4DLC_resnet50_Freezing_07-2020Sep29shuffle1_100000filtered,1291,Sniff,0.20196988,0.122532934,0.07918418,0.07807065,0.08595251,0.090660386,0.20196988,0.18467608,0.15695338
Animal 11_4DLC_resnet50_Freezing_07-2020Sep29shuffle1_100000filtered,1292,Jump,0.19311988,0.12248407,0.07915261,0.077200085,0.19311988,0.09168266,0.13254459,0.17644471,0.1273714
Animal 11_4DLC_resnet50_Freezing_07-2020Sep29shuffle1_100000filtered,1293,Turn,0.18298899,0.12702696,0.081441,0.08006341,0.12694775,0.09508313,0.13746062,0.18298899,0.16898814
Animal 11_4DLC_resnet50_Freezing_07-2020Sep29shuffle1_100000filtered,1294,Turn,0.18834007,0.13074157,0.09730782,0.08240468,0.08906192,0.09673385,0.14148034,0.18834007,0.1739298
Animal 11_4DLC_resnet50_Freezing_07-2020Sep29shuffle1_100000filtered,1295,Turn,0.18924138,0.13136724,0.09855065,0.08279903,0.089488134,0.091634005,0.14215739,0.18924138,0.17476214
Animal 11_4DLC_resnet50_Freezing_07-2020Sep29shuffle1_100000filtered,1296,Turn,0.18860291,0.10907392,0.12093508,0.08251968,0.089186214,0.09132485,0.14167778,0.18860291,0.17667955
Animal 11_4DLC_resnet50_Freezing_07-2020Sep29shuffle1_100000filtered,1297,Sniff,0.25955972,0.091130115,0.121584356,0.06894431,0.07451414,0.07929338,0.25955972,0.1648611,0.1401129
Animal 11_4DLC_resnet50_Freezing_07-2020Sep29shuffle1_100000filtered,1298,Sniff,0.2058784,0.09773697,0.13039912,0.07394273,0.07991635,0.085042074,0.2058784,0.17681338,0.15027097
Animal 11_4DLC_resnet50_Freezing_07-2020Sep29shuffle1_100000filtered,1299,Sniff,0.21448152,0.10182114,0.09406085,0.077032596,0.08325584,0.088595755,0.21448152,0.18420194,0.15655039
Animal 11_4DLC_resnet50_Freezing_07-2020Sep29shuffle1_100000filtered,1300,Sniff,0.24595396,0.09770693,0.07775163,0.07392,0.079891786,0.09123013,0.24595396,0.18332073,0.15022479
Animal 11_4DLC_resnet50_Freezing_07-2020Sep29shuffle1_100000filtered,1301,Sniff,0.20710057,0.08227216,0.0654692,0.062242847,0.19168606,0.11037389,0.20710057,0.15436153,0.12649375
Animal 11_4DLC_resnet50_Freezing_07-2020Sep29shuffle1_100000filtered,1302,Sniff,0.21522918,0.10262924,0.06579885,0.06468585,0.19920965,0.13604477,0.21522918,0.10167038,0.11473206
Animal 11_4DLC_resnet50_Freezing_07-2020Sep29shuffle1_100000filtered,1303,Jump,0.24426705,0.10212246,0.065473944,0.064366445,0.24426705,0.19590166,0.10372308,0.11893376,0.105211556
Animal 11_4DLC_resnet50_Freezing_07-2020Sep29shuffle1_100000filtered,1304,Jump,0.22382098,0.10355015,0.06638928,0.06526629,0.22382098,0.19864039,0.10517314,0.1304773,0.10668243
Animal 11_4DLC_resnet50_Freezing_07-2020Sep29shuffle1_100000filtered,1305,Jump,0.2255847,0.10331486,0.066238426,0.06511799,0.2255847,0.19818905,0.10493416,0.13018082,0.10644002
Animal 11_4DLC_resnet50_Freezing_07-2020Sep29shuffle1_100000filtered,1306,Jump,0.33054507,0.090861894,0.058254436,0.057269048,0.33054507,0.17430049,0.09228601,0.11448959,0.08199346
Animal 11_4DLC_resnet50_Freezing_07-2020Sep29shuffle1_100000filtered,1307,Jump,0.44096714,0.089574166,0.053377118,0.052474223,0.44096714,0.08949631,0.07454674,0.11348288,0.086081445
Animal 11_4DLC_resnet50_Freezing_07-2020Sep29shuffle1_100000filtered,1308,Turn,0.1716346,0.13547441,0.08072901,0.07936346,0.15450346,0.13535665,0.11274653,0.1716346,0.13019192
Animal 11_4DLC_resnet50_Freezing_07-2020Sep29shuffle1_100000filtered,1309,Locomotion,0.24615726,0.12643422,0.07534197,0.07406754,0.091525935,0.24615726,0.10522297,0.16018145,0.12106871
Animal 11_4DLC_resnet50_Freezing_07-2020Sep29shuffle1_100000filtered,1310,Turn,0.17607963,0.123444565,0.082819745,0.08141883,0.1393287,0.13886213,0.115666464,0.17607963,0.14237992
Animal 11_4DLC_resnet50_Freezing_07-2020Sep29shuffle1_100000filtered,1311,Locomotion,0.31895357,0.098693654,0.0662142,0.065094166,0.111392975,0.31895357,0.09247507,0.14077526,0.106401086
Animal 11_4DLC_resnet50_Freezing_07-2020Sep29shuffle1_100000filtered,1312,Locomotion,0.3495135,0.0966855,0.06486691,0.06376967,0.10912642,0.3495135,0.09059344,0.12120842,0.104236096
Animal 11_4DLC_resnet50_Freezing_07-2020Sep29shuffle1_100000filtered,1313,Locomotion,0.35807946,0.09905509,0.06645668,0.065332554,0.11180092,0.35807946,0.09281373,0.09967083,0.106790744
Animal 11_4DLC_resnet50_Freezing_07-2020Sep29shuffle1_100000filtered,1314,Locomotion,0.20035903,0.120808184,0.08105098,0.07967998,0.13635308,0.20035903,0.1131962,0.13830991,0.13024265
Animal 11_4DLC_resnet50_Freezing_07-2020Sep29shuffle1_100000filtered,1315,Jump,0.19752105,0.111081935,0.07452557,0.07326495,0.19752105,0.18422814,0.104082786,0.1271746,0.12812096
Animal 11_4DLC_resnet50_Freezing_07-2020Sep29shuffle1_100000filtered,1316,Locomotion,0.369605,0.10224339,0.06859573,0.06743542,0.08321228,0.369605,0.09580114,0.10287895,0.11022803
Animal 11_4DLC_resnet50_Freezing_07-2020Sep29shuffle1_100000filtered,1317,Locomotion,0.1966629,0.11857957,0.07955578,0.07821008,0.13364771,0.1966629,0.111108005,0.13575843,0.14647749
Animal 11_4DLC_resnet50_Freezing_07-2020Sep29shuffle1_100000filtered,1318,Locomotion,0.17769164,0.15118407,0.07697643,0.075674355,0.09337875,0.17769164,0.107505664,0.17586069,0.1417284
Animal 11_4DLC_resnet50_Freezing_07-2020Sep29shuffle1_100000filtered,1319,Locomotion,0.17991142,0.11968781,0.10351238,0.07921373,0.08561319,0.17991142,0.11253384,0.17117041,0.1483572
Animal 11_4DLC_resnet50_Freezing_07-2020Sep29shuffle1_100000filtered,1320,Turn,0.17349944,0.12131633,0.1049208,0.080291554,0.08677808,0.16875297,0.11406502,0.17349944,0.15037581
Animal 11_4DLC_resnet50_Freezing_07-2020Sep29shuffle1_100000filtered,1321,Turn,0.17704627,0.12031182,0.094027475,0.07962673,0.0866891,0.16735569,0.11312055,0.17704627,0.16182236
Animal 11_4DLC_resnet50_Freezing_07-2020Sep29shuffle1_100000filtered,1322,Turn,0.17546812,0.11087355,0.129407,0.07338014,0.12512296,0.11621938,0.12040122,0.17546812,0.14912766
Animal 11_4DLC_resnet50_Freezing_07-2020Sep29shuffle1_100000filtered,1323,Turn,0.18511787,0.15466283,0.08142846,0.07741563,0.09622622,0.12079752,0.1270226,0.18511787,0.15732883
Animal 11_4DLC_resnet50_Freezing_07-2020Sep29shuffle1_100000filtered,1324,Turn,0.18561852,0.11728731,0.13689287,0.07762501,0.08450984,0.11294596,0.12736613,0.18561852,0.15775433
Animal 11_4DLC_resnet50_Freezing_07-2020Sep29shuffle1_100000filtered,1325,Turn,0.18685229,0.15611191,0.095414236,0.07814096,0.085071556,0.11139345,0.1282127,0.18685229,0.1588029
Animal 11_4DLC_resnet50_Freezing_07-2020Sep29shuffle1_100000filtered,1326,Turn,0.18822132,0.15725572,0.09611332,0.078713484,0.08507253,0.105505124,0.1291521,0.18822132,0.15996641
Animal 11_4DLC_resnet50_Freezing_07-2020Sep29shuffle1_100000filtered,1327,Turn,0.19703758,0.14753051,0.08146047,0.07945102,0.09803899,0.104653984,0.13036223,0.19703758,0.16146526
Animal 11_4DLC_resnet50_Freezing_07-2020Sep29shuffle1_100000filtered,1328,Turn,0.19737864,0.14778587,0.097181804,0.07958854,0.08601827,0.09971421,0.13058788,0.19737864,0.16174474
Animal 11_4DLC_resnet50_Freezing_07-2020Sep29shuffle1_100000filtered,1329,Turn,0.20091482,0.15043356,0.083063416,0.08101442,0.08755935,0.09944448,0.13292745,0.20091482,0.16464251
Animal 11_4DLC_resnet50_Freezing_07-2020Sep29shuffle1_100000filtered,1330,Jump,0.19402313,0.13165788,0.07212296,0.07090298,0.19402313,0.10131826,0.11633671,0.16954467,0.14409341
Animal 11_4DLC_resnet50_Freezing_07-2020Sep29shuffle1_100000filtered,1331,Turn,0.17913269,0.13910334,0.07620162,0.07491265,0.1462305,0.109261364,0.12291574,0.17913269,0.15224211
Animal 11_4DLC_resnet50_Freezing_07-2020Sep29shuffle1_100000filtered,1332,Turn,0.16874138,0.14234602,0.077977985,0.07665897,0.14963934,0.103064105,0.12578107,0.16874138,0.15579109
Animal 11_4DLC_resnet50_Freezing_07-2020Sep29shuffle1_100000filtered,1333,Turn,0.16597466,0.14001212,0.07669945,0.07540206,0.14718583,0.1177704,0.12371875,0.16597466,0.15323672
Animal 11_4DLC_resnet50_Freezing_07-2020Sep29shuffle1_100000filtered,1334,Turn,0.16340083,0.14249758,0.07806101,0.076740585,0.14979866,0.11986104,0.12591499,0.16340083,0.1437253
Animal 11_4DLC_resnet50_Freezing_07-2020Sep29shuffle1_100000filtered,1335,Turn,0.16470756,0.14363714,0.07868526,0.07735428,0.15099661,0.112822525,0.12692194,0.16470756,0.14487469
Animal 11_4DLC_resnet50_Freezing_07-2020Sep29shuffle1_100000filtered,1336,Jump,0.15990138,0.1154361,0.083325595,0.08191612,0.15990138,0.12794471,0.13440694,0.1538196,0.14324956
Animal 11_4DLC_resnet50_Freezing_07-2020Sep29shuffle1_100000filtered,1337,Turn,0.1553344,0.116572894,0.08414617,0.08272282,0.14135922,0.12920469,0.13573056,0.1553344,0.15492927
Animal 11_4DLC_resnet50_Freezing_07-2020Sep29shuffle1_100000filtered,1338,Turn,0.1616859,0.12133947,0.08758684,0.086105295,0.10625006,0.13448776,0.14128049,0.1616859,0.16126421
Animal 11_4DLC_resnet50_Freezing_07-2020Sep29shuffle1_100000filtered,1339,Turn,0.16318494,0.11149917,0.08839889,0.0869036,0.10723514,0.14821658,0.14259033,0.16318494,0.15197133
Animal 11_4DLC_resnet50_Freezing_07-2020Sep29shuffle1_100000filtered,1340,Locomotion,0.25353876,0.1053097,0.07760124,0.076288596,0.09413671,0.25353876,0.12517338,0.14325242,0.12469918
Animal 11_4DLC_resnet50_Freezing_07-2020Sep29shuffle1_100000filtered,1341,Turn,0.1651432,0.14107513,0.078893386,0.07755888,0.13253494,0.13227889,0.12725765,0.1651432,0.14525788
Animal 11_4DLC_resnet50_Freezing_07-2020Sep29shuffle1_100000filtered,1342,Turn,0.16141516,0.11866176,0.08991359,0.08596111,0.10607215,0.14660914,0.14104392,0.16141516,0.15032317
Animal 11_4DLC_resnet50_Freezing_07-2020Sep29shuffle1_100000filtered,1343,Turn,0.15656066,0.11509305,0.08720948,0.083375864,0.14247516,0.14219992,0.13680206,0.15656066,0.13628383
Animal 11_4DLC_resnet50_Freezing_07-2020Sep29shuffle1_100000filtered,1344,Locomotion,0.29103953,0.09727305,0.07370672,0.070466675,0.120415546,0.29103953,0.11562083,0.11629482,0.11518283
Animal 11_4DLC_resnet50_Freezing_07-2020Sep29shuffle1_100000filtered,1345,Locomotion,0.2935639,0.09811676,0.07434602,0.071077876,0.12145999,0.2935639,0.116623685,0.11730353,0.107508205
Animal 11_4DLC_resnet50_Freezing_07-2020Sep29shuffle1_100000filtered,1346,Locomotion,0.30324847,0.1013536,0.09236989,0.07342271,0.08706717,0.30324847,0.11030998,0.12117333,0.11105486
Animal 11_4DLC_resnet50_Freezing_07-2020Sep29shuffle1_100000filtered,1347,Locomotion,0.28941748,0.09673092,0.097345814,0.07007394,0.08309608,0.28941748,0.1052788,0.10747535,0.1505816
Animal 11_4DLC_resnet50_Freezing_07-2020Sep29shuffle1_100000filtered,1348,Locomotion,0.30335903,0.10139055,0.081874214,0.07344948,0.08709891,0.30335903,0.120514974,0.1212175,0.11109535
Animal 11_4DLC_resnet50_Freezing_07-2020Sep29shuffle1_100000filtered,1349,Locomotion,0.30895355,0.10326039,0.0782435,0.07480403,0.08870518,0.30895355,0.122737505,0.123452984,0.09984288
Animal 11_4DLC_resnet50_Freezing_07-2020Sep29shuffle1_100000filtered,1350,Locomotion,0.30773225,0.102852196,0.0779342,0.074508324,0.08835453,0.30773225,0.122252315,0.113669306,0.11269689
Animal 11_4DLC_resnet50_Freezing_07-2020Sep29shuffle1_100000filtered,1351,Locomotion,0.30070516,0.100503564,0.07405966,0.072806925,0.08633695,0.30070516,0.13550593,0.11107367,0.11900814
Animal 11_4DLC_resnet50_Freezing_07-2020Sep29shuffle1_100000filtered,1352,Locomotion,0.27335882,0.10219697,0.07530751,0.07403366,0.08779166,0.27335882,0.1377891,0.12850894,0.121013336
Animal 11_4DLC_resnet50_Freezing_07-2020Sep29shuffle1_100000filtered,1353,Locomotion,0.32681993,0.101127736,0.06784724,0.06669958,0.07909467,0.32681993,0.12413915,0.12524645,0.109025255
Animal 11_4DLC_resnet50_Freezing_07-2020Sep29shuffle1_100000filtered,1354,Locomotion,0.36001194,0.09958967,0.06681533,0.06568514,0.0778917,0.36001194,0.12225109,0.108403616,0.09935147
Animal 11_4DLC_resnet50_Freezing_07-2020Sep29shuffle1_100000filtered,1355,Locomotion,0.19766231,0.11918217,0.07996007,0.07860753,0.09321552,0.19766231,0.14630184,0.14760683,0.1374637
Animal 11_4DLC_resnet50_Freezing_07-2020Sep29shuffle1_100000filtered,1356,Locomotion,0.18452904,0.14660956,0.074647285,0.07338461,0.09055331,0.18452904,0.13658111,0.1562551,0.13744
Animal 11_4DLC_resnet50_Freezing_07-2020Sep29shuffle1_100000filtered,1357,Locomotion,0.1948241,0.1422666,0.07243604,0.071210764,0.08787089,0.1948241,0.13253522,0.16548768,0.13336867
Animal 11_4DLC_resnet50_Freezing_07-2020Sep29shuffle1_100000filtered,1358,Turn,0.16259494,0.1503267,0.08885354,0.07524521,0.081324056,0.16068693,0.14004399,0.16259494,0.14092465
Animal 11_4DLC_resnet50_Freezing_07-2020Sep29shuffle1_100000filtered,1359,Turn,0.17481457,0.15028475,0.08882874,0.07522421,0.08130136,0.1486561,0.1400049,0.17481457,0.14088532
Animal 11_4DLC_resnet50_Freezing_07-2020Sep29shuffle1_100000filtered,1360,Locomotion,0.17643122,0.14265628,0.07263445,0.07140582,0.08811157,0.17643122,0.13289824,0.17074709,0.14511532
Animal 11_4DLC_resnet50_Freezing_07-2020Sep29shuffle1_100000filtered,1361,Turn,0.17790964,0.112416275,0.11511555,0.07440118,0.080411844,0.15006971,0.13847311,0.17790964,0.15120266
Animal 11_4DLC_resnet50_Freezing_07-2020Sep29shuffle1_100000filtered,1362,Turn,0.17645824,0.14742786,0.08942109,0.07379421,0.079755835,0.14583017,0.13734344,0.17645824,0.14996915
Animal 11_4DLC_resnet50_Freezing_07-2020Sep29shuffle1_100000filtered,1363,Turn,0.17256488,0.14417502,0.10951207,0.07216602,0.07799611,0.14261258,0.1343131,0.17256488,0.14666024
Animal 11_4DLC_resnet50_Freezing_07-2020Sep29shuffle1_100000filtered,1364,Turn,0.1834027,0.1158872,0.13969332,0.07669836,0.08289461,0.10280411,0.14274855,0.1834027,0.15587114
Animal 11_4DLC_resnet50_Freezing_07-2020Sep29shuffle1_100000filtered,1365,Turn,0.1834027,0.1158872,0.13969332,0.07669836,0.08289461,0.10280411,0.14274855,0.1834027,0.15587114
Animal 11_4DLC_resnet50_Freezing_07-2020Sep29shuffle1_100000filtered,1366,Turn,0.19107175,0.112215124,0.12125678,0.079905525,0.08636087,0.09808332,0.14871764,0.19107175,0.16238895
Animal 11_4DLC_resnet50_Freezing_07-2020Sep29shuffle1_100000filtered,1367,Freeze,0.18822199,0.10516485,0.18822199,0.07488522,0.08093499,0.091920935,0.12761857,0.17906709,0.15218636
Animal 11_4DLC_resnet50_Freezing_07-2020Sep29shuffle1_100000filtered,1368,Freeze,0.19068734,0.12299649,0.19068734,0.06623847,0.1812589,0.09465283,0.11288287,0.120171435,0.11111169
Animal 11_4DLC_resnet50_Freezing_07-2020Sep29shuffle1_100000filtered,1369,Turn,0.18707158,0.14526819,0.10226583,0.07823267,0.08455286,0.09801548,0.14560416,0.18707158,0.15898925
Animal 11_4DLC_resnet50_Freezing_07-2020Sep29shuffle1_100000filtered,1370,Turn,0.18677834,0.1057673,0.16506346,0.0753142,0.08139862,0.09244751,0.1401724,0.18677834,0.15305817
Animal 11_4DLC_resnet50_Freezing_07-2020Sep29shuffle1_100000filtered,1371,Turn,0.19436218,0.14552732,0.09569661,0.07837222,0.08470369,0.096201204,0.14586389,0.19436218,0.15927286
Animal 11_4DLC_resnet50_Freezing_07-2020Sep29shuffle1_100000filtered,1372,Turn,0.18197098,0.1362495,0.07463827,0.07337574,0.14323044,0.10485179,0.1365646,0.18197098,0.1491187
Animal 11_4DLC_resnet50_Freezing_07-2020Sep29shuffle1_100000filtered,1373,Turn,0.18021323,0.1349334,0.0739173,0.07266697,0.14184691,0.11349847,0.13524546,0.18021323,0.1476783
Animal 11_4DLC_resnet50_Freezing_07-2020Sep29shuffle1_100000filtered,1374,Turn,0.18154043,0.13592713,0.074461676,0.07320213,0.14309469,0.10676655,0.1362415,0.18154043,0.14876589
Animal 11_4DLC_resnet50_Freezing_07-2020Sep29shuffle1_100000filtered,1375,Jump,0.2130069,0.12843251,0.07035608,0.06916599,0.2130069,0.10803028,0.12872954,0.15273961,0.12953906
Animal 11_4DLC_resnet50_Freezing_07-2020Sep29shuffle1_100000filtered,1376,Locomotion,0.2116357,0.16370976,0.070732534,0.06953609,0.13592832,0.2116357,0.11409393,0.12070196,0.113661714
Animal 11_4DLC_resnet50_Freezing_07-2020Sep29shuffle1_100000filtered,1377,Jump,0.21278891,0.102296926,0.08110315,0.07973127,0.21278891,0.12453219,0.13082208,0.13839896,0.1303265
Animal 11_4DLC_resnet50_Freezing_07-2020Sep29shuffle1_100000filtered,1378,Locomotion,0.23042871,0.09713858,0.077013515,0.07571082,0.1295608,0.23042871,0.124225356,0.14216746,0.12375475
Animal 11_4DLC_resnet50_Freezing_07-2020Sep29shuffle1_100000filtered,1379,Turn,0.15177077,0.13664377,0.08221572,0.08082502,0.13831255,0.12624052,0.13261668,0.15177077,0.15137494
Animal 11_4DLC_resnet50_Freezing_07-2020Sep29shuffle1_100000filtered,1380,Turn,0.15912677,0.14862433,0.08311512,0.08170921,0.100968815,0.1393574,0.13406745,0.15912677,0.1530309
Animal 11_4DLC_resnet50_Freezing_07-2020Sep29shuffle1_100000filtered,1381,Unassigned,0.16164151,0.11913889,0.08779176,0.08630674,0.10649866,0.14719863,0.14161104,0.14981279,0.16164151
Animal 11_4DLC_resnet50_Freezing_07-2020Sep29shuffle1_100000filtered,1382,Turn,0.18377623,0.11131721,0.084652394,0.08322048,0.10269035,0.14193492,0.13654713,0.18377623,0.15586132
Animal 11_4DLC_resnet50_Freezing_07-2020Sep29shuffle1_100000filtered,1383,Turn,0.18377623,0.11131721,0.084652394,0.08322048,0.10269035,0.14193492,0.13654713,0.18377623,0.15586132
Animal 11_4DLC_resnet50_Freezing_07-2020Sep29shuffle1_100000filtered,1384,Turn,0.18507175,0.112101935,0.08766058,0.08380714,0.10341425,0.13347457,0.1375097,0.18507175,0.15696006
Animal 11_4DLC_resnet50_Freezing_07-2020Sep29shuffle1_100000filtered,1385,Locomotion,0.1956227,0.104061864,0.081373475,0.0777964,0.095997274,0.1956227,0.12764736,0.17179821,0.14570273
Animal 11_4DLC_resnet50_Freezing_07-2020Sep29shuffle1_100000filtered,1386,Locomotion,0.19450769,0.10346874,0.0973144,0.07735298,0.09545011,0.19450769,0.11621482,0.17081901,0.14487226
Animal 11_4DLC_resnet50_Freezing_07-2020Sep29shuffle1_100000filtered,1387,Locomotion,0.3175473,0.08668722,0.09002928,0.06480716,0.07996913,0.3175473,0.09736601,0.11309438,0.15049954
Animal 11_4DLC_resnet50_Freezing_07-2020Sep29shuffle1_100000filtered,1388,Locomotion,0.33645055,0.09184762,0.086384505,0.068665065,0.081425406,0.33645055,0.10316211,0.11982678,0.112237975
Animal 11_4DLC_resnet50_Freezing_07-2020Sep29shuffle1_100000filtered,1389,Locomotion,0.40183702,0.08590759,0.07829297,0.062233295,0.07379838,0.40183702,0.09349905,0.10270686,0.10172478
Animal 11_4DLC_resnet50_Freezing_07-2020Sep29shuffle1_100000filtered,1390,Locomotion,0.40183702,0.08590759,0.07829297,0.062233295,0.07379838,0.40183702,0.09349905,0.10270686,0.10172478
Animal 11_4DLC_resnet50_Freezing_07-2020Sep29shuffle1_100000filtered,1391,Locomotion,0.20195967,0.110869914,0.08970596,0.08031653,0.095242105,0.20195967,0.120667234,0.15081595,0.1504226
Animal 11_4DLC_resnet50_Freezing_07-2020Sep29shuffle1_100000filtered,1392,Locomotion,0.16131316,0.117516935,0.09508412,0.08513177,0.10504879,0.16131316,0.12790164,0.14856267,0.15944093
Animal 11_4DLC_resnet50_Freezing_07-2020Sep29shuffle1_100000filtered,1393,Locomotion,0.15550761,0.14927685,0.09166212,0.08206794,0.10126816,0.15550761,0.12329855,0.143216,0.15370277
Animal 11_4DLC_resnet50_Freezing_07-2020Sep29shuffle1_100000filtered,1394,Turn,0.16561055,0.14147437,0.08135461,0.07777837,0.09597503,0.14737946,0.14475863,0.16561055,0.14566895
Animal 11_4DLC_resnet50_Freezing_07-2020Sep29shuffle1_100000filtered,1395,Turn,0.16561055,0.14147437,0.08135461,0.07777837,0.09597503,0.14737946,0.14475863,0.16561055,0.14566895
Animal 11_4DLC_resnet50_Freezing_07-2020Sep29shuffle1_100000filtered,1396,Turn,0.18763022,0.14160277,0.07918846,0.07784896,0.096062124,0.12697624,0.14489003,0.18763022,0.14580117
Animal 11_4DLC_resnet50_Freezing_07-2020Sep29shuffle1_100000filtered,1397,Turn,0.18563041,0.14009354,0.07834445,0.07701923,0.09503827,0.13628115,0.14334576,0.18563041,0.14424719
Animal 11_4DLC_resnet50_Freezing_07-2020Sep29shuffle1_100000filtered,1398,Turn,0.17276827,0.14230618,0.07958182,0.07823568,0.09653932,0.13843358,0.14560975,0.17276827,0.14652543
Animal 11_4DLC_resnet50_Freezing_07-2020Sep29shuffle1_100000filtered,1399,Sniff,0.17291172,0.114046924,0.08403958,0.08261803,0.10194694,0.15654995,0.17291172,0.14340983,0.14447701
Animal 11_4DLC_resnet50_Freezing_07-2020Sep29shuffle1_100000filtered,1400,Locomotion,0.16540523,0.1041032,0.07671218,0.07541458,0.1288707,0.16540523,0.15783559,0.14161122,0.1500473
Animal 11_4DLC_resnet50_Freezing_07-2020Sep29shuffle1_100000filtered,1401,Locomotion,0.17836697,0.1122611,0.082723625,0.08132434,0.10035059,0.17836697,0.1500503,0.15270838,0.1422147
Animal 11_4DLC_resnet50_Freezing_07-2020Sep29shuffle1_100000filtered,1402,Turn,0.17878765,0.13993825,0.078257605,0.07693386,0.094932936,0.1361301,0.14194949,0.17878765,0.15307009
Animal 11_4DLC_resnet50_Freezing_07-2020Sep29shuffle1_100000filtered,1403,Turn,0.18071158,0.14144412,0.07909974,0.07776175,0.09595451,0.12683398,0.14347701,0.18071158,0.15471728
Animal 11_4DLC_resnet50_Freezing_07-2020Sep29shuffle1_100000filtered,1404,Turn,0.19416378,0.11082285,0.10824911,0.08055978,0.08706799,0.1102125,0.14863962,0.19416378,0.16028436
Animal 11_4DLC_resnet50_Freezing_07-2020Sep29shuffle1_100000filtered,1405,Turn,0.19967277,0.11075932,0.10818705,0.0805136,0.087018065,0.107917935,0.1321057,0.19967277,0.17382555
Animal 11_4DLC_resnet50_Freezing_07-2020Sep29shuffle1_100000filtered,1406,Freeze,0.36320707,0.083135016,0.36320707,0.060432836,0.06531503,0.08100229,0.09079404,0.12564169,0.13047199
Animal 11_4DLC_resnet50_Freezing_07-2020Sep29shuffle1_100000filtered,1407,Freeze,0.41723475,0.07777162,0.41723475,0.060825408,0.06573932,0.07466264,0.09138384,0.11035093,0.10203155
Animal 11_4DLC_resnet50_Freezing_07-2020Sep29shuffle1_100000filtered,1408,Freeze,0.18704188,0.12436332,0.18704188,0.07356111,0.07950391,0.090295605,0.11051791,0.17590085,0.1588154
Animal 11_4DLC_resnet50_Freezing_07-2020Sep29shuffle1_100000filtered,1409,Freeze,0.22387414,0.09207383,0.22387414,0.0720112,0.07782878,0.08839311,0.11815507,0.17219467,0.15546921
Animal 11_4DLC_resnet50_Freezing_07-2020Sep29shuffle1_100000filtered,1410,Turn,0.18437244,0.09858537,0.16898586,0.0771039,0.0833329,0.09464434,0.12651111,0.18437244,0.16646414
Animal 11_4DLC_resnet50_Freezing_07-2020Sep29shuffle1_100000filtered,1411,Turn,0.18437244,0.09858537,0.16898586,0.0771039,0.0833329,0.09464434,0.12651111,0.18437244,0.16646414
Animal 11_4DLC_resnet50_Freezing_07-2020Sep29shuffle1_100000filtered,1412,Turn,0.18236177,0.09751025,0.16714299,0.07626305,0.08242413,0.08771069,0.14193836,0.18236177,0.16464877
Animal 11_4DLC_resnet50_Freezing_07-2020Sep29shuffle1_100000filtered,1413,Turn,0.19047621,0.13466822,0.09726475,0.079656474,0.0860917,0.0916135,0.1482541,0.19047621,0.17197503
Animal 11_4DLC_resnet50_Freezing_07-2020Sep29shuffle1_100000filtered,1414,Turn,0.16494837,0.12668741,0.07882011,0.074935816,0.14627573,0.10708108,0.13946816,0.16494837,0.16178334
Animal 11_4DLC_resnet50_Freezing_07-2020Sep29shuffle1_100000filtered,1415,Climb,0.16680807,0.16680807,0.07915897,0.07781997,0.15190564,0.11778867,0.14483605,0.11401461,0.14766803
Animal 11_4DLC_resnet50_Freezing_07-2020Sep29shuffle1_100000filtered,1416,Climb,0.16872846,0.16872846,0.080070294,0.07871588,0.14766239,0.12294626,0.1465035,0.11772003,0.13765319
Animal 11_4DLC_resnet50_Freezing_07-2020Sep29shuffle1_100000filtered,1417,Jump,0.19730079,0.12189442,0.07334134,0.07210075,0.19730079,0.112614095,0.13419163,0.15352142,0.1350355
Animal 11_4DLC_resnet50_Freezing_07-2020Sep29shuffle1_100000filtered,1418,Jump,0.20387694,0.09262671,0.07578585,0.07450391,0.20387694,0.116367586,0.13866432,0.15863837,0.1395363
Animal 11_4DLC_resnet50_Freezing_07-2020Sep29shuffle1_100000filtered,1419,Jump,0.20344082,0.09242858,0.077762894,0.07434454,0.20344082,0.11611866,0.1383677,0.15829903,0.13923782
Animal 11_4DLC_resnet50_Freezing_07-2020Sep29shuffle1_100000filtered,1420,Turn,0.1666566,0.09730845,0.08186847,0.07826964,0.15062506,0.13300979,0.14567298,0.1666566,0.14658904
Animal 11_4DLC_resnet50_Freezing_07-2020Sep29shuffle1_100000filtered,1421,Turn,0.1962573,0.101235546,0.09094779,0.081428386,0.10047898,0.1383777,0.13876936,0.1962573,0.15250497
Animal 11_4DLC_resnet50_Freezing_07-2020Sep29shuffle1_100000filtered,1422,Turn,0.17216761,0.1085715,0.09753826,0.08732903,0.1077601,0.12817459,0.14882515,0.17216761,0.1496338
Animal 11_4DLC_resnet50_Freezing_07-2020Sep29shuffle1_100000filtered,1423,Turn,0.19441123,0.10400604,0.09343673,0.08365682,0.10322876,0.12201487,0.14256702,0.19441123,0.15667851
Animal 11_4DLC_resnet50_Freezing_07-2020Sep29shuffle1_100000filtered,1424,Turn,0.17668635,0.10316467,0.09249799,0.082980074,0.11379215,0.121027835,0.15443987,0.17668635,0.15541106
Animal 11_4DLC_resnet50_Freezing_07-2020Sep29shuffle1_100000filtered,1425,Turn,0.15666094,0.11159649,0.09318258,0.08342927,0.11440814,0.142291,0.14217922,0.15666094,0.15625235
Animal 11_4DLC_resnet50_Freezing_07-2020Sep29shuffle1_100000filtered,1426,Locomotion,0.3110926,0.09501569,0.079337694,0.0710335,0.0974096,0.3110926,0.12105449,0.108947076,0.11610935
Animal 11_4DLC_resnet50_Freezing_07-2020Sep29shuffle1_100000filtered,1427,Unassigned,0.19836555,0.106798775,0.09847166,0.07984251,0.10521978,0.1361737,0.1360667,0.13906129,0.19836555
Animal 11_4DLC_resnet50_Freezing_07-2020Sep29shuffle1_100000filtered,1428,Turn,0.18863767,0.10857767,0.09066188,0.08117241,0.11131327,0.1292784,0.13833311,0.18863767,0.15202554
Animal 11_4DLC_resnet50_Freezing_07-2020Sep29shuffle1_100000filtered,1429,Turn,0.19066599,0.109745145,0.085817635,0.08204521,0.11251016,0.11285579,0.15269993,0.19066599,0.15366018
Animal 11_4DLC_resnet50_Freezing_07-2020Sep29shuffle1_100000filtered,1430,Turn,0.18781762,0.10810565,0.084535606,0.08081953,0.11082936,0.12610888,0.15041874,0.18781762,0.15136464
Animal 11_4DLC_resnet50_Freezing_07-2020Sep29shuffle1_100000filtered,1431,Turn,0.15554422,0.110801,0.08664328,0.082834564,0.11359261,0.14127672,0.15416905,0.15554422,0.15513854
Animal 11_4DLC_resnet50_Freezing_07-2020Sep29shuffle1_100000filtered,1432,Locomotion,0.24706028,0.099437535,0.07775738,0.074339256,0.10194285,0.24706028,0.13835788,0.139592,0.12151285
Animal 11_4DLC_resnet50_Freezing_07-2020Sep29shuffle1_100000filtered,1433,Locomotion,0.3212881,0.09812967,0.074623786,0.0733615,0.096678846,0.3212881,0.11957819,0.09642521,0.119914636
Animal 11_4DLC_resnet50_Freezing_07-2020Sep29shuffle1_100000filtered,1434,Turn,0.15969029,0.11375442,0.0865058,0.085042536,0.112072594,0.14504248,0.1386181,0.15969029,0.15927379
Animal 11_4DLC_resnet50_Freezing_07-2020Sep29shuffle1_100000filtered,1435,Climb,0.18322855,0.18322855,0.07745773,0.07614751,0.10442254,0.12987176,0.12411934,0.16213803,0.14261456
Animal 11_4DLC_resnet50_Freezing_07-2020Sep29shuffle1_100000filtered,1436,Climb,0.18578842,0.18578842,0.08076153,0.07721136,0.105881415,0.115493596,0.12585339,0.16440324,0.14460701
Animal 11_4DLC_resnet50_Freezing_07-2020Sep29shuffle1_100000filtered,1437,Climb,0.18269749,0.18269749,0.079417914,0.07592681,0.10411988,0.14930408,0.1237596,0.14257306,0.14220122
Animal 11_4DLC_resnet50_Freezing_07-2020Sep29shuffle1_100000filtered,1438,Climb,0.17927423,0.17927423,0.07792984,0.074504144,0.10216896,0.14650652,0.12144068,0.15863886,0.13953674
Animal 11_4DLC_resnet50_Freezing_07-2020Sep29shuffle1_100000filtered,1439,Climb,0.17841692,0.17841692,0.07755717,0.07414786,0.101680376,0.13615501,0.120859936,0.17231323,0.13886946
Animal 11_4DLC_resnet50_Freezing_07-2020Sep29shuffle1_100000filtered,1440,Climb,0.17841692,0.17841692,0.07755717,0.07414786,0.101680376,0.13615501,0.120859936,0.17231323,0.13886946
Animal 11_4DLC_resnet50_Freezing_07-2020Sep29shuffle1_100000filtered,1441,Climb,0.1817716,0.1817716,0.08437329,0.075542025,0.103592224,0.110901944,0.12678517,0.17555314,0.14148057
Animal 11_4DLC_resnet50_Freezing_07-2020Sep29shuffle1_100000filtered,1442,Climb,0.17930245,0.17930245,0.08322717,0.07451587,0.10218504,0.11867694,0.12506294,0.16559383,0.15143576
Animal 11_4DLC_resnet50_Freezing_07-2020Sep29shuffle1_100000filtered,1443,Freeze,0.36496982,0.110510916,0.36496982,0.060726132,0.07293819,0.08307841,0.10191906,0.09295115,0.1129063
Animal 11_4DLC_resnet50_Freezing_07-2020Sep29shuffle1_100000filtered,1444,Freeze,0.2056798,0.17191648,0.2056798,0.07144635,0.08581425,0.09576448,0.11991124,0.1296197,0.11984765
Animal 11_4DLC_resnet50_Freezing_07-2020Sep29shuffle1_100000filtered,1445,Freeze,0.17629005,0.16683018,0.17629005,0.069332555,0.08327537,0.09293121,0.11636357,0.15407513,0.1409019
Animal 11_4DLC_resnet50_Freezing_07-2020Sep29shuffle1_100000filtered,1446,Freeze,0.21405648,0.12530087,0.21405648,0.06885327,0.08269968,0.09228877,0.11222981,0.16464333,0.13992783
Animal 11_4DLC_resnet50_Freezing_07-2020Sep29shuffle1_100000filtered,1447,Climb,0.17949194,0.17949194,0.113197476,0.07459462,0.089595646,0.09156423,0.12158815,0.1783722,0.15159579
Animal 11_4DLC_resnet50_Freezing_07-2020Sep29shuffle1_100000filtered,1448,Climb,0.17442456,0.17442456,0.09475729,0.07248868,0.124038465,0.095483094,0.118155494,0.17333645,0.14731596
Animal 11_4DLC_resnet50_Freezing_07-2020Sep29shuffle1_100000filtered,1449,Turn,0.17884961,0.124414325,0.07668594,0.07479427,0.16225208,0.1090887,0.12191357,0.17884961,0.15200153
Animal 11_4DLC_resnet50_Freezing_07-2020Sep29shuffle1_100000filtered,1450,Turn,0.18296996,0.12272478,0.075048015,0.073778555,0.16004871,0.11523465,0.12025798,0.18296996,0.14993733
Animal 11_4DLC_resnet50_Freezing_07-2020Sep29shuffle1_100000filtered,1451,Turn,0.16867135,0.12705281,0.07769468,0.076380454,0.16335231,0.119298555,0.12449903,0.16867135,0.14305082
Animal 11_4DLC_resnet50_Freezing_07-2020Sep29shuffle1_100000filtered,1452,Jump,0.23576184,0.09802644,0.07898785,0.07765176,0.23576184,0.12128421,0.12657124,0.13478929,0.12692739
Animal 11_4DLC_resnet50_Freezing_07-2020Sep29shuffle1_100000filtered,1453,Locomotion,0.2710472,0.08670785,0.0687438,0.06758099,0.18219717,0.2710472,0.11015602,0.103101015,0.110465966
Animal 11_4DLC_resnet50_Freezing_07-2020Sep29shuffle1_100000filtered,1454,Locomotion,0.30088955,0.08315815,0.065929525,0.064814314,0.17473826,0.30088955,0.10564638,0.0988802,0.105943635
Animal 11_4DLC_resnet50_Freezing_07-2020Sep29shuffle1_100000filtered,1455,Locomotion,0.3177608,0.08653004,0.06376276,0.0626842,0.16899553,0.3177608,0.102174334,0.09563053,0.10246182
Animal 11_4DLC_resnet50_Freezing_07-2020Sep29shuffle1_100000filtered,1456,Locomotion,0.25486454,0.09145716,0.0673935,0.06625352,0.17861834,0.25486454,0.10870794,0.12440885,0.108296126
Animal 11_4DLC_resnet50_Freezing_07-2020Sep29shuffle1_100000filtered,1457,Turn,0.1749648,0.13694607,0.076584294,0.075288855,0.1429778,0.11990801,0.123533,0.1749648,0.14979714
Animal 11_4DLC_resnet50_Freezing_07-2020Sep29shuffle1_100000filtered,1458,Turn,0.16185774,0.14616382,0.08173914,0.0803565,0.1101944,0.12796056,0.13184793,0.16185774,0.1598799
Animal 11_4DLC_resnet50_Freezing_07-2020Sep29shuffle1_100000filtered,1459,Turn,0.17026374,0.11628421,0.10487118,0.08452977,0.10152875,0.11564378,0.13869539,0.17026374,0.16818316
Animal 11_4DLC_resnet50_Freezing_07-2020Sep29shuffle1_100000filtered,1460,Unassigned,0.17985755,0.11460283,0.10115665,0.08330754,0.10006074,0.11166285,0.13668998,0.17266189,0.17985755
Animal 11_4DLC_resnet50_Freezing_07-2020Sep29shuffle1_100000filtered,1461,Turn,0.19548821,0.14338042,0.082450695,0.07882626,0.094678275,0.10565628,0.12933715,0.19548821,0.17018266
Animal 11_4DLC_resnet50_Freezing_07-2020Sep29shuffle1_100000filtered,1462,Turn,0.18687639,0.1370641,0.12923881,0.075353734,0.09050742,0.09463445,0.123639464,0.18687639,0.16268562
Animal 11_4DLC_resnet50_Freezing_07-2020Sep29shuffle1_100000filtered,1463,Turn,0.18357627,0.10654261,0.14368728,0.079651006,0.09566887,0.10003125,0.11887953,0.18357627,0.17196323
Animal 11_4DLC_resnet50_Freezing_07-2020Sep29shuffle1_100000filtered,1464,Freeze,0.37136233,0.08599009,0.37136233,0.064285986,0.07721393,0.08073479,0.095947154,0.11662918,0.10783649
Animal 11_4DLC_resnet50_Freezing_07-2020Sep29shuffle1_100000filtered,1465,Unassigned,0.17218003,0.10667692,0.14386843,0.07975142,0.109364636,0.12444222,0.11902939,0.14468694,0.17218003
Animal 11_4DLC_resnet50_Freezing_07-2020Sep29shuffle1_100000filtered,1466,Turn,0.1875954,0.10493844,0.10713119,0.07845172,0.10758235,0.11705169,0.12787516,0.1875954,0.16937405
Animal 11_4DLC_resnet50_Freezing_07-2020Sep29shuffle1_100000filtered,1467,Turn,0.19728561,0.10257297,0.100181125,0.08250414,0.09909577,0.10575682,0.13448055,0.19728561,0.17812304
Animal 11_4DLC_resnet50_Freezing_07-2020Sep29shuffle1_100000filtered,1468,Turn,0.19166315,0.09964973,0.13638365,0.08015284,0.09627162,0.09218438,0.13064796,0.19166315,0.17304668
Animal 11_4DLC_resnet50_Freezing_07-2020Sep29shuffle1_100000filtered,1469,Jump,0.22016524,0.090007305,0.07422803,0.072397,0.22016524,0.089350484,0.11800606,0.1795437,0.15630214
Animal 11_4DLC_resnet50_Freezing_07-2020Sep29shuffle1_100000filtered,1470,Turn,0.1887968,0.09464599,0.07805351,0.0761281,0.1651456,0.10878483,0.124087706,0.1887968,0.16435744
Animal 11_4DLC_resnet50_Freezing_07-2020Sep29shuffle1_100000filtered,1471,Turn,0.18770297,0.094097644,0.07698934,0.07568704,0.1641888,0.11456025,0.123368785,0.18770297,0.16340521
Animal 11_4DLC_resnet50_Freezing_07-2020Sep29shuffle1_100000filtered,1472,Locomotion,0.24091148,0.08501983,0.069562,0.06838535,0.2106028,0.24091148,0.111467116,0.10227066,0.11178075
Animal 11_4DLC_resnet50_Freezing_07-2020Sep29shuffle1_100000filtered,1473,Jump,0.21617234,0.09080955,0.07429905,0.07304228,0.21617234,0.11408465,0.11905784,0.12678808,0.18574625
Animal 11_4DLC_resnet50_Freezing_07-2020Sep29shuffle1_100000filtered,1474,Turn,0.17769657,0.09166136,0.07499601,0.07372743,0.14208555,0.12612794,0.13721916,0.17769657,0.17648596
Animal 11_4DLC_resnet50_Freezing_07-2020Sep29shuffle1_100000filtered,1475,Unassigned,0.18731663,0.09728647,0.07959839,0.078251965,0.096696675,0.14240558,0.14564008,0.17280424,0.18731663
Animal 11_4DLC_resnet50_Freezing_07-2020Sep29shuffle1_100000filtered,1476,Unassigned,0.17606862,0.09437018,0.074818656,0.073553085,0.14319192,0.16246256,0.12849107,0.14704388,0.17606862
Animal 11_4DLC_resnet50_Freezing_07-2020Sep29shuffle1_100000filtered,1477,Locomotion,0.27001575,0.09625746,0.07093077,0.06973095,0.08616718,0.27001575,0.12181413,0.13940287,0.14568087
Animal 11_4DLC_resnet50_Freezing_07-2020Sep29shuffle1_100000filtered,1478,Locomotion,0.2527969,0.093871,0.06917222,0.06800215,0.1272228,0.2527969,0.16062686,0.10294066,0.12536737
Animal 11_4DLC_resnet50_Freezing_07-2020Sep29shuffle1_100000filtered,1479,Locomotion,0.2513449,0.102510445,0.06877491,0.06761156,0.080290094,0.2513449,0.15970425,0.12851077,0.14125307
Animal 11_4DLC_resnet50_Freezing_07-2020Sep29shuffle1_100000filtered,1480,Locomotion,0.3299959,0.08763781,0.05879676,0.0578022,0.10814009,0.3299959,0.13653372,0.100334086,0.12075948
Animal 11_4DLC_resnet50_Freezing_07-2020Sep29shuffle1_100000filtered,1481,Locomotion,0.22385575,0.12576689,0.0640351,0.06295193,0.11777453,0.22385575,0.14869782,0.13901708,0.11790093
Animal 11_4DLC_resnet50_Freezing_07-2020Sep29shuffle1_100000filtered,1482,Locomotion,0.25078776,0.12863974,0.06549782,0.064389914,0.088299125,0.25078776,0.15209447,0.12969711,0.12059409
Animal 11_4DLC_resnet50_Freezing_07-2020Sep29shuffle1_100000filtered,1483,Locomotion,0.17105083,0.14444365,0.0735445,0.07230048,0.08684014,0.17105083,0.17077988,0.14563093,0.13540955
Animal 11_4DLC_resnet50_Freezing_07-2020Sep29shuffle1_100000filtered,1484,Sniff,0.17924367,0.11465625,0.09414446,0.075883664,0.091143906,0.1499593,0.17924367,0.15284835,0.14212039
Animal 11_4DLC_resnet50_Freezing_07-2020Sep29shuffle1_100000filtered,1485,Turn,0.1778782,0.1432948,0.07295955,0.07172542,0.08614945,0.13280617,0.16942155,0.1778782,0.14576483
Animal 11_4DLC_resnet50_Freezing_07-2020Sep29shuffle1_100000filtered,1486,Turn,0.17900166,0.12778331,0.106938,0.07485786,0.08991182,0.13860618,0.1307704,0.17900166,0.15213077
Animal 11_4DLC_resnet50_Freezing_07-2020Sep29shuffle1_100000filtered,1487,Turn,0.1775284,0.12673159,0.076119445,0.07424174,0.14823002,0.11657605,0.1296941,0.1775284,0.15087865
Animal 11_4DLC_resnet50_Freezing_07-2020Sep29shuffle1_100000filtered,1488,Turn,0.17353937,0.12388396,0.07440906,0.07257355,0.14489932,0.13642642,0.1267799,0.17353937,0.14748845
Animal 11_4DLC_resnet50_Freezing_07-2020Sep29shuffle1_100000filtered,1489,Turn,0.16997896,0.1213423,0.0723077,0.071084596,0.1419265,0.15471861,0.12417883,0.16997896,0.14446251
Animal 11_4DLC_resnet50_Freezing_07-2020Sep29shuffle1_100000filtered,1490,Turn,0.19545957,0.13453771,0.080170825,0.078814715,0.0946644,0.11849792,0.1376827,0.19545957,0.16017213
Animal 11_4DLC_resnet50_Freezing_07-2020Sep29shuffle1_100000filtered,1491,Turn,0.1783909,0.14370781,0.07316984,0.07193215,0.13017793,0.13077696,0.12565945,0.1783909,0.14618497
Animal 11_4DLC_resnet50_Freezing_07-2020Sep29shuffle1_100000filtered,1492,Turn,0.17101717,0.14288193,0.07274934,0.07151877,0.1294298,0.14212085,0.12493729,0.17101717,0.14534485
Animal 11_4DLC_resnet50_Freezing_07-2020Sep29shuffle1_100000filtered,1493,Locomotion,0.15784387,0.12043067,0.08079769,0.07943098,0.14374879,0.15784387,0.13875927,0.14915308,0.12983564
Animal 11_4DLC_resnet50_Freezing_07-2020Sep29shuffle1_100000filtered,1494,Locomotion,0.16154683,0.13580896,0.07439694,0.07313849,0.12627563,0.16154683,0.13612305,0.15573104,0.13697904
Animal 11_4DLC_resnet50_Freezing_07-2020Sep29shuffle1_100000filtered,1495,Locomotion,0.16072325,0.13511659,0.07401766,0.072765626,0.13072996,0.16072325,0.13542908,0.1549371,0.13628072
Animal 11_4DLC_resnet50_Freezing_07-2020Sep29shuffle1_100000filtered,1496,Turn,0.17695099,0.13632813,0.074681334,0.07341809,0.11304467,0.15143071,0.13664341,0.17695099,0.13750269
Animal 11_4DLC_resnet50_Freezing_07-2020Sep29shuffle1_100000filtered,1497,Turn,0.19257414,0.14836465,0.094350435,0.07990023,0.08635515,0.10010471,0.14870776,0.19257414,0.14964291
Animal 11_4DLC_resnet50_Freezing_07-2020Sep29shuffle1_100000filtered,1498,Turn,0.19952027,0.1129827,0.108104415,0.08045211,0.086951606,0.09875424,0.1497349,0.19952027,0.16349973
Animal 11_4DLC_resnet50_Freezing_07-2020Sep29shuffle1_100000filtered,1499,Turn,0.18896833,0.14148872,0.12079241,0.07619727,0.08235303,0.09353147,0.14181593,0.18896833,0.1548528
Animal 11_4DLC_resnet50_Freezing_07-2020Sep29shuffle1_100000filtered,1500,Freeze,0.1933172,0.14117646,0.1933172,0.076029114,0.0821713,0.09332506,0.12956797,0.14305426,0.14135867
Animal 11_4DLC_resnet50_Freezing_07-2020Sep29shuffle1_100000filtered,1501,Unassigned,0.15190013,0.13879088,0.13483591,0.07474437,0.11508681,0.124445885,0.11955911,0.14063694,0.15190013
Animal 11_4DLC_resnet50_Freezing_07-2020Sep29shuffle1_100000filtered,1502,Turn,0.16445139,0.13741198,0.13349631,0.07400178,0.113943405,0.10793285,0.11837127,0.16445139,0.15039098
Animal 11_4DLC_resnet50_Freezing_07-2020Sep29shuffle1_100000filtered,1503,Unassigned,0.15746246,0.14387317,0.13977338,0.07748139,0.1193011,0.09760272,0.12393717,0.1405686,0.15746246
Animal 11_4DLC_resnet50_Freezing_07-2020Sep29shuffle1_100000filtered,1504,Freeze,0.17941903,0.14177324,0.17941903,0.0763505,0.11755983,0.09617815,0.12212822,0.13851692,0.12807411
Animal 11_4DLC_resnet50_Freezing_07-2020Sep29shuffle1_100000filtered,1505,Turn,0.18479477,0.12261168,0.16040047,0.077280514,0.083523795,0.09071866,0.12361586,0.18479477,0.15705425
Animal 11_4DLC_resnet50_Freezing_07-2020Sep29shuffle1_100000filtered,1506,Turn,0.18844213,0.1250317,0.13409165,0.07880583,0.085172325,0.090635166,0.13766716,0.18844213,0.16015406
Animal 11_4DLC_resnet50_Freezing_07-2020Sep29shuffle1_100000filtered,1507,Turn,0.17987503,0.119347416,0.16486378,0.075223096,0.08130016,0.086514644,0.14000285,0.17987503,0.15287302
Animal 11_4DLC_resnet50_Freezing_07-2020Sep29shuffle1_100000filtered,1508,Turn,0.18240711,0.121027455,0.08023607,0.076282,0.1489035,0.09414525,0.14197364,0.18240711,0.15502499
Animal 11_4DLC_resnet50_Freezing_07-2020Sep29shuffle1_100000filtered,1509,Turn,0.167379,0.120643586,0.07998158,0.07604005,0.1484312,0.09384665,0.15914463,0.167379,0.15453328
Animal 11_4DLC_resnet50_Freezing_07-2020Sep29shuffle1_100000filtered,1510,Turn,0.16457157,0.11862004,0.07864005,0.07476464,0.14594159,0.10904548,0.1564753,0.16457157,0.1519413
Animal 11_4DLC_resnet50_Freezing_07-2020Sep29shuffle1_100000filtered,1511,Turn,0.16499875,0.11892794,0.07624847,0.074958704,0.1463204,0.10932854,0.15688148,0.16499875,0.1523357
Animal 11_4DLC_resnet50_Freezing_07-2020Sep29shuffle1_100000filtered,1512,Turn,0.16614634,0.1197551,0.07677878,0.07548005,0.14733808,0.103133865,0.15797259,0.16614634,0.1533952
Animal 11_4DLC_resnet50_Freezing_07-2020Sep29shuffle1_100000filtered,1513,Turn,0.17739761,0.12786481,0.099985175,0.08059149,0.08710225,0.094605364,0.16867036,0.17739761,0.163783
Animal 11_4DLC_resnet50_Freezing_07-2020Sep29shuffle1_100000filtered,1514,Turn,0.17970508,0.11923465,0.07644511,0.075152025,0.14669777,0.09275066,0.1572861,0.17970508,0.15272859
Animal 11_4DLC_resnet50_Freezing_07-2020Sep29shuffle1_100000filtered,1515,Turn,0.19020364,0.12620047,0.096584916,0.07954248,0.0859685,0.09337395,0.1664749,0.19020364,0.16165115
Animal 11_4DLC_resnet50_Freezing_07-2020Sep29shuffle1_100000filtered,1516,Turn,0.17251688,0.12434687,0.12661092,0.078374185,0.08470581,0.09013872,0.16402975,0.17251688,0.15927684
Animal 11_4DLC_resnet50_Freezing_07-2020Sep29shuffle1_100000filtered,1517,Freeze,0.22225444,0.09449524,0.22225444,0.07149021,0.0772657,0.08222141,0.14962225,0.1573639,0.14528681
Animal 11_4DLC_resnet50_Freezing_07-2020Sep29shuffle1_100000filtered,1518,Freeze,0.19998918,0.10396313,0.19998918,0.07865312,0.08500729,0.09045953,0.15072928,0.13135476,0.15984371
Animal 11_4DLC_resnet50_Freezing_07-2020Sep29shuffle1_100000filtered,1519,Freeze,0.48369053,0.070698634,0.48369053,0.053486913,0.057807986,0.0615157,0.10250129,0.080577366,0.08972161
Animal 11_4DLC_resnet50_Freezing_07-2020Sep29shuffle1_100000filtered,1520,Turn,0.15373711,0.09933626,0.13557246,0.075152665,0.14669903,0.09275146,0.1440211,0.15373711,0.1527299
Animal 11_4DLC_resnet50_Freezing_07-2020Sep29shuffle1_100000filtered,1521,Freeze,0.4663873,0.068169504,0.4663873,0.05157351,0.055740003,0.059315078,0.09883447,0.09516924,0.104810886
Animal 11_4DLC_resnet50_Freezing_07-2020Sep29shuffle1_100000filtered,1522,Freeze,0.47903195,0.07001771,0.47903195,0.052971765,0.05725122,0.060923222,0.101514064,0.0798013,0.09848885
Animal 11_4DLC_resnet50_Freezing_07-2020Sep29shuffle1_100000filtered,1523,Freeze,0.48622525,0.07106912,0.48622525,0.053767208,0.058110923,0.061838068,0.10303843,0.07575924,0.09019179
Animal 11_4DLC_resnet50_Freezing_07-2020Sep29shuffle1_100000filtered,1524,Freeze,0.19998918,0.10396313,0.19998918,0.07865312,0.08500729,0.09045953,0.15072928,0.13135476,0.15984371
Animal 11_4DLC_resnet50_Freezing_07-2020Sep29shuffle1_100000filtered,1525,Freeze,0.22255822,0.09743222,0.22255822,0.07371217,0.07966717,0.084776916,0.14126055,0.15079033,0.14980242
Animal 11_4DLC_resnet50_Freezing_07-2020Sep29shuffle1_100000filtered,1526,Freeze,0.42116103,0.073947206,0.42116103,0.055944625,0.060464233,0.064342335,0.10721118,0.1032353,0.11369412
Animal 11_4DLC_resnet50_Freezing_07-2020Sep29shuffle1_100000filtered,1527,Freeze,0.47712302,0.06973869,0.47712302,0.052760676,0.057023074,0.060680445,0.101109535,0.074341014,0.10722352
Animal 11_4DLC_resnet50_Freezing_07-2020Sep29shuffle1_100000filtered,1528,Freeze,0.47795084,0.06985969,0.47795084,0.052852217,0.05712201,0.06078573,0.11830258,0.07447,0.08865694
Animal 11_4DLC_resnet50_Freezing_07-2020Sep29shuffle1_100000filtered,1529,Freeze,0.48622525,0.07106912,0.48622525,0.053767208,0.058110923,0.061838068,0.10303843,0.07575924,0.09019179
Animal 11_4DLC_resnet50_Freezing_07-2020Sep29shuffle1_100000filtered,1530,Freeze,0.42116103,0.073947206,0.42116103,0.055944625,0.060464233,0.064342335,0.10721118,0.1032353,0.11369412
Animal 11_4DLC_resnet50_Freezing_07-2020Sep29shuffle1_100000filtered,1531,Freeze,0.19196945,0.09979412,0.19196945,0.07549906,0.08159842,0.08683203,0.14468491,0.16618818,0.15343384
Animal 11_4DLC_resnet50_Freezing_07-2020Sep29shuffle1_100000filtered,1532,Freeze,0.22225444,0.09449524,0.22225444,0.07149021,0.0772657,0.08222141,0.14962225,0.1573639,0.14528681
Animal 11_4DLC_resnet50_Freezing_07-2020Sep29shuffle1_100000filtered,1533,Turn,0.16840667,0.10112629,0.16767746,0.07650691,0.08268769,0.08799116,0.16012172,0.16840667,0.15548207
Animal 11_4DLC_resnet50_Freezing_07-2020Sep29shuffle1_100000filtered,1534,Sniff,0.19698267,0.10301426,0.11826689,0.077935256,0.084231436,0.08963392,0.19698267,0.17155072,0.15838484
Animal 11_4DLC_resnet50_Freezing_07-2020Sep29shuffle1_100000filtered,1535,Turn,0.16840667,0.10112629,0.16767746,0.07650691,0.08268769,0.08799116,0.16012172,0.16840667,0.15548207
Animal 11_4DLC_resnet50_Freezing_07-2020Sep29shuffle1_100000filtered,1536,Turn,0.17756513,0.10662585,0.12241322,0.08066759,0.0871845,0.09277639,0.16882963,0.17756513,0.16393766
Animal 11_4DLC_resnet50_Freezing_07-2020Sep29shuffle1_100000filtered,1537,Turn,0.18062942,0.10846592,0.10726852,0.0820597,0.08868907,0.09437746,0.17174317,0.18062942,0.16676678
Animal 11_4DLC_resnet50_Freezing_07-2020Sep29shuffle1_100000filtered,1538,Turn,0.17756513,0.10662585,0.12241322,0.08066759,0.0871845,0.09277639,0.16882963,0.17756513,0.16393766
Animal 11_4DLC_resnet50_Freezing_07-2020Sep29shuffle1_100000filtered,1539,Turn,0.17971249,0.10791531,0.1118003,0.081643134,0.08823885,0.09389837,0.17087135,0.17971249,0.16592021
Animal 11_4DLC_resnet50_Freezing_07-2020Sep29shuffle1_100000filtered,1540,Turn,0.16840667,0.10112629,0.16767746,0.07650691,0.08268769,0.08799116,0.16012172,0.16840667,0.15548207
Animal 11_4DLC_resnet50_Freezing_07-2020Sep29shuffle1_100000filtered,1541,Turn,0.16840667,0.10112629,0.16767746,0.07650691,0.08268769,0.08799116,0.16012172,0.16840667,0.15548207
Animal 11_4DLC_resnet50_Freezing_07-2020Sep29shuffle1_100000filtered,1542,Turn,0.16840667,0.10112629,0.16767746,0.07650691,0.08268769,0.08799116,0.16012172,0.16840667,0.15548207
Animal 11_4DLC_resnet50_Freezing_07-2020Sep29shuffle1_100000filtered,1543,Turn,0.16840667,0.10112629,0.16767746,0.07650691,0.08268769,0.08799116,0.16012172,0.16840667,0.15548207
Animal 11_4DLC_resnet50_Freezing_07-2020Sep29shuffle1_100000filtered,1544,Sniff,0.18185443,0.097537875,0.1617275,0.0737921,0.07975356,0.08486884,0.18185443,0.16243084,0.15803486
Animal 11_4DLC_resnet50_Freezing_07-2020Sep29shuffle1_100000filtered,1545,Turn,0.16840667,0.10112629,0.16767746,0.07650691,0.08268769,0.08799116,0.16012172,0.16840667,0.15548207
Animal 11_4DLC_resnet50_Freezing_07-2020Sep29shuffle1_100000filtered,1546,Turn,0.16840667,0.10112629,0.16767746,0.07650691,0.08268769,0.08799116,0.16012172,0.16840667,0.15548207
Animal 11_4DLC_resnet50_Freezing_07-2020Sep29shuffle1_100000filtered,1547,Turn,0.16900846,0.10148767,0.16470316,0.07678031,0.08298317,0.0883056,0.16069393,0.16900846,0.15603769
Animal 11_4DLC_resnet50_Freezing_07-2020Sep29shuffle1_100000filtered,1548,Freeze,0.1874135,0.09742574,0.1874135,0.07370727,0.07966187,0.084771276,0.1649838,0.1622441,0.14979245
Animal 11_4DLC_resnet50_Freezing_07-2020Sep29shuffle1_100000filtered,1549,Freeze,0.30519876,0.085809976,0.30519876,0.06491938,0.07016403,0.07466425,0.12441021,0.14290024,0.13193317
Animal 11_4DLC_resnet50_Freezing_07-2020Sep29shuffle1_100000filtered,1550,Freeze,0.42116103,0.073947206,0.42116103,0.055944625,0.060464233,0.064342335,0.10721118,0.1032353,0.11369412
Animal 11_4DLC_resnet50_Freezing_07-2020Sep29shuffle1_100000filtered,1551,Freeze,0.47903195,0.07001771,0.47903195,0.052971765,0.05725122,0.060923222,0.101514064,0.0798013,0.09848885
Animal 11_4DLC_resnet50_Freezing_07-2020Sep29shuffle1_100000filtered,1552,Freeze,0.48622525,0.07106912,0.48622525,0.053767208,0.058110923,0.061838068,0.10303843,0.07575924,0.09019179
Animal 11_4DLC_resnet50_Freezing_07-2020Sep29shuffle1_100000filtered,1553,Freeze,0.48369053,0.070698634,0.48369053,0.053486913,0.057807986,0.0615157,0.10250129,0.080577366,0.08972161
Animal 11_4DLC_resnet50_Freezing_07-2020Sep29shuffle1_100000filtered,1554,Freeze,0.46679273,0.06822877,0.46679273,0.05161834,0.055788457,0.059366643,0.11554073,0.07776239,0.104902
Animal 11_4DLC_resnet50_Freezing_07-2020Sep29shuffle1_100000filtered,1555,Freeze,0.19425042,0.100979865,0.19425042,0.07639614,0.08256797,0.087863766,0.14640406,0.15628082,0.15525694
Animal 11_4DLC_resnet50_Freezing_07-2020Sep29shuffle1_100000filtered,1556,Freeze,0.42116103,0.073947206,0.42116103,0.055944625,0.060464233,0.064342335,0.10721118,0.1032353,0.11369412
Animal 11_4DLC_resnet50_Freezing_07-2020Sep29shuffle1_100000filtered,1557,Freeze,0.31241676,0.087839395,0.31241676,0.06645473,0.07182342,0.07643007,0.12735252,0.122629724,0.13505341
Animal 11_4DLC_resnet50_Freezing_07-2020Sep29shuffle1_100000filtered,1558,Freeze,0.30519876,0.085809976,0.30519876,0.06491938,0.07016403,0.07466425,0.12441021,0.14290024,0.13193317
Animal 11_4DLC_resnet50_Freezing_07-2020Sep29shuffle1_100000filtered,1559,Freeze,0.30519876,0.085809976,0.30519876,0.06491938,0.07016403,0.07466425,0.12441021,0.14290024,0.13193317
Animal 11_4DLC_resnet50_Freezing_07-2020Sep29shuffle1_100000filtered,1560,Freeze,0.30519876,0.085809976,0.30519876,0.06491938,0.07016403,0.07466425,0.12441021,0.14290024,0.13193317
Animal 11_4DLC_resnet50_Freezing_07-2020Sep29shuffle1_100000filtered,1561,Freeze,0.24707814,0.0896544,0.24707814,0.06782787,0.07330749,0.07800933,0.15697639,0.1493024,0.137844
Animal 11_4DLC_resnet50_Freezing_07-2020Sep29shuffle1_100000filtered,1562,Freeze,0.25393236,0.09214152,0.25393236,0.069709495,0.07534113,0.0801734,0.13358991,0.15344422,0.14166795
Animal 11_4DLC_resnet50_Freezing_07-2020Sep29shuffle1_100000filtered,1563,Freeze,0.25393236,0.09214152,0.25393236,0.069709495,0.07534113,0.0801734,0.13358991,0.15344422,0.14166795
Animal 11_4DLC_resnet50_Freezing_07-2020Sep29shuffle1_100000filtered,1564,Freeze,0.22225444,0.09449524,0.22225444,0.07149021,0.0772657,0.08222141,0.14962225,0.1573639,0.14528681
Animal 11_4DLC_resnet50_Freezing_07-2020Sep29shuffle1_100000filtered,1565,Turn,0.17378326,0.10435487,0.14110456,0.07894949,0.085327595,0.09080039,0.1652338,0.17378326,0.16044602
Animal 11_4DLC_resnet50_Freezing_07-2020Sep29shuffle1_100000filtered,1566,Freeze,0.22225444,0.09449524,0.22225444,0.07149021,0.0772657,0.08222141,0.14962225,0.1573639,0.14528681
Animal 11_4DLC_resnet50_Freezing_07-2020Sep29shuffle1_100000filtered,1567,Freeze,0.22225444,0.09449524,0.22225444,0.07149021,0.0772657,0.08222141,0.14962225,0.1573639,0.14528681
Animal 11_4DLC_resnet50_Freezing_07-2020Sep29shuffle1_100000filtered,1568,Freeze,0.22225444,0.09449524,0.22225444,0.07149021,0.0772657,0.08222141,0.14962225,0.1573639,0.14528681
Animal 11_4DLC_resnet50_Freezing_07-2020Sep29shuffle1_100000filtered,1569,Turn,0.17378326,0.10435487,0.14110456,0.07894949,0.085327595,0.09080039,0.1652338,0.17378326,0.16044602
Animal 11_4DLC_resnet50_Freezing_07-2020Sep29shuffle1_100000filtered,1570,Freeze,0.22225444,0.09449524,0.22225444,0.07149021,0.0772657,0.08222141,0.14962225,0.1573639,0.14528681
Animal 11_4DLC_resnet50_Freezing_07-2020Sep29shuffle1_100000filtered,1571,Freeze,0.22225444,0.09449524,0.22225444,0.07149021,0.0772657,0.08222141,0.14962225,0.1573639,0.14528681
Animal 11_4DLC_resnet50_Freezing_07-2020Sep29shuffle1_100000filtered,1572,Turn,0.17477927,0.10495297,0.13618194,0.07940198,0.085816644,0.0913208,0.16618083,0.17477927,0.1613656
Animal 11_4DLC_resnet50_Freezing_07-2020Sep29shuffle1_100000filtered,1573,Freeze,0.25393236,0.09214152,0.25393236,0.069709495,0.07534113,0.0801734,0.13358991,0.15344422,0.14166795
Animal 11_4DLC_resnet50_Freezing_07-2020Sep29shuffle1_100000filtered,1574,Freeze,0.25393236,0.09214152,0.25393236,0.069709495,0.07534113,0.0801734,0.13358991,0.15344422,0.14166795
Animal 11_4DLC_resnet50_Freezing_07-2020Sep29shuffle1_100000filtered,1575,Freeze,0.30519876,0.085809976,0.30519876,0.06491938,0.07016403,0.07466425,0.12441021,0.14290024,0.13193317
Animal 11_4DLC_resnet50_Freezing_07-2020Sep29shuffle1_100000filtered,1576,Freeze,0.42116103,0.073947206,0.42116103,0.055944625,0.060464233,0.064342335,0.10721118,0.1032353,0.11369412
Animal 11_4DLC_resnet50_Freezing_07-2020Sep29shuffle1_100000filtered,1577,Freeze,0.4663873,0.068169504,0.4663873,0.05157351,0.055740003,0.059315078,0.09883447,0.09516924,0.104810886
Animal 11_4DLC_resnet50_Freezing_07-2020Sep29shuffle1_100000filtered,1578,Freeze,0.47712302,0.06973869,0.47712302,0.052760676,0.057023074,0.060680445,0.101109535,0.074341014,0.10722352
Animal 11_4DLC_resnet50_Freezing_07-2020Sep29shuffle1_100000filtered,1579,Freeze,0.48622525,0.07106912,0.48622525,0.053767208,0.058110923,0.061838068,0.10303843,0.07575924,0.09019179
Animal 11_4DLC_resnet50_Freezing_07-2020Sep29shuffle1_100000filtered,1580,Freeze,0.48622525,0.07106912,0.48622525,0.053767208,0.058110923,0.061838068,0.10303843,0.07575924,0.09019179
Animal 11_4DLC_resnet50_Freezing_07-2020Sep29shuffle1_100000filtered,1581,Freeze,0.48622525,0.07106912,0.48622525,0.053767208,0.058110923,0.061838068,0.10303843,0.07575924,0.09019179
Animal 11_4DLC_resnet50_Freezing_07-2020Sep29shuffle1_100000filtered,1582,Freeze,0.48622525,0.07106912,0.48622525,0.053767208,0.058110923,0.061838068,0.10303843,0.07575924,0.09019179
Animal 11_4DLC_resnet50_Freezing_07-2020Sep29shuffle1_100000filtered,1583,Freeze,0.46915302,0.06857376,0.46915302,0.051879346,0.056070544,0.059666824,0.11612494,0.0730992,0.10543242
Animal 11_4DLC_resnet50_Freezing_07-2020Sep29shuffle1_100000filtered,1584,Freeze,0.4663873,0.068169504,0.4663873,0.05157351,0.055740003,0.059315078,0.09883447,0.09516924,0.104810886
Animal 11_4DLC_resnet50_Freezing_07-2020Sep29shuffle1_100000filtered,1585,Freeze,0.31241676,0.087839395,0.31241676,0.06645473,0.07182342,0.07643007,0.12735252,0.122629724,0.13505341
Animal 11_4DLC_resnet50_Freezing_07-2020Sep29shuffle1_100000filtered,1586,Freeze,0.24707814,0.0896544,0.24707814,0.06782787,0.07330749,0.07800933,0.15697639,0.1493024,0.137844
Animal 11_4DLC_resnet50_Freezing_07-2020Sep29shuffle1_100000filtered,1587,Freeze,0.24835788,0.090118766,0.24835788,0.06817918,0.07368719,0.07841338,0.15260993,0.1500757,0.13855796
Animal 11_4DLC_resnet50_Freezing_07-2020Sep29shuffle1_100000filtered,1588,Turn,0.1686857,0.101293854,0.16629839,0.076633684,0.0828247,0.08813696,0.16038704,0.1686857,0.1557397
Animal 11_4DLC_resnet50_Freezing_07-2020Sep29shuffle1_100000filtered,1589,Freeze,0.21680418,0.092177965,0.21680418,0.069737084,0.075370945,0.08020513,0.17047577,0.15350492,0.14172399
Animal 11_4DLC_resnet50_Freezing_07-2020Sep29shuffle1_100000filtered,1590,Freeze,0.22225444,0.09449524,0.22225444,0.07149021,0.0772657,0.08222141,0.14962225,0.1573639,0.14528681
Animal 11_4DLC_resnet50_Freezing_07-2020Sep29shuffle1_100000filtered,1591,Freeze,0.25393236,0.09214152,0.25393236,0.069709495,0.07534113,0.0801734,0.13358991,0.15344422,0.14166795
Animal 11_4DLC_resnet50_Freezing_07-2020Sep29shuffle1_100000filtered,1592,Freeze,0.30519876,0.085809976,0.30519876,0.06491938,0.07016403,0.07466425,0.12441021,0.14290024,0.13193317
Animal 11_4DLC_resnet50_Freezing_07-2020Sep29shuffle1_100000filtered,1593,Freeze,0.42116103,0.073947206,0.42116103,0.055944625,0.060464233,0.064342335,0.10721118,0.1032353,0.11369412
Animal 11_4DLC_resnet50_Freezing_07-2020Sep29shuffle1_100000filtered,1594,Freeze,0.47712302,0.06973869,0.47712302,0.052760676,0.057023074,0.060680445,0.101109535,0.074341014,0.10722352
Animal 11_4DLC_resnet50_Freezing_07-2020Sep29shuffle1_100000filtered,1595,Freeze,0.48622525,0.07106912,0.48622525,0.053767208,0.058110923,0.061838068,0.10303843,0.07575924,0.09019179
Animal 11_4DLC_resnet50_Freezing_07-2020Sep29shuffle1_100000filtered,1596,Freeze,0.48369053,0.070698634,0.48369053,0.053486913,0.057807986,0.0615157,0.10250129,0.080577366,0.08972161
Animal 11_4DLC_resnet50_Freezing_07-2020Sep29shuffle1_100000filtered,1597,Freeze,0.19504952,0.10139528,0.19504952,0.07671041,0.08290763,0.088225216,0.17170593,0.12811035,0.15589564
Animal 11_4DLC_resnet50_Freezing_07-2020Sep29shuffle1_100000filtered,1598,Freeze,0.19425042,0.100979865,0.19425042,0.07639614,0.08256797,0.087863766,0.14640406,0.15628082,0.15525694
Animal 11_4DLC_resnet50_Freezing_07-2020Sep29shuffle1_100000filtered,1599,Freeze,0.31241676,0.087839395,0.31241676,0.06645473,0.07182342,0.07643007,0.12735252,0.122629724,0.13505341
Animal 11_4DLC_resnet50_Freezing_07-2020Sep29shuffle1_100000filtered,1600,Freeze,0.31241676,0.087839395,0.31241676,0.06645473,0.07182342,0.07643007,0.12735252,0.122629724,0.13505341
Animal 11_4DLC_resnet50_Freezing_07-2020Sep29shuffle1_100000filtered,1601,Freeze,0.31241676,0.087839395,0.31241676,0.06645473,0.07182342,0.07643007,0.12735252,0.122629724,0.13505341
Animal 11_4DLC_resnet50_Freezing_07-2020Sep29shuffle1_100000filtered,1602,Freeze,0.42116103,0.073947206,0.42116103,0.055944625,0.060464233,0.064342335,0.10721118,0.1032353,0.11369412
Animal 11_4DLC_resnet50_Freezing_07-2020Sep29shuffle1_100000filtered,1603,Freeze,0.42116103,0.073947206,0.42116103,0.055944625,0.060464233,0.064342335,0.10721118,0.1032353,0.11369412
Animal 11_4DLC_resnet50_Freezing_07-2020Sep29shuffle1_100000filtered,1604,Freeze,0.42116103,0.073947206,0.42116103,0.055944625,0.060464233,0.064342335,0.10721118,0.1032353,0.11369412
Animal 11_4DLC_resnet50_Freezing_07-2020Sep29shuffle1_100000filtered,1605,Freeze,0.42116103,0.073947206,0.42116103,0.055944625,0.060464233,0.064342335,0.10721118,0.1032353,0.11369412
Animal 11_4DLC_resnet50_Freezing_07-2020Sep29shuffle1_100000filtered,1606,Freeze,0.42116103,0.073947206,0.42116103,0.055944625,0.060464233,0.064342335,0.10721118,0.1032353,0.11369412
Animal 11_4DLC_resnet50_Freezing_07-2020Sep29shuffle1_100000filtered,1607,Freeze,0.30587187,0.08599923,0.30587187,0.06506256,0.07031877,0.07482892,0.14563377,0.120060734,0.13222414
Animal 11_4DLC_resnet50_Freezing_07-2020Sep29shuffle1_100000filtered,1608,Freeze,0.30519876,0.085809976,0.30519876,0.06491938,0.07016403,0.07466425,0.12441021,0.14290024,0.13193317
Animal 11_4DLC_resnet50_Freezing_07-2020Sep29shuffle1_100000filtered,1609,Freeze,0.25393236,0.09214152,0.25393236,0.069709495,0.07534113,0.0801734,0.13358991,0.15344422,0.14166795
Animal 11_4DLC_resnet50_Freezing_07-2020Sep29shuffle1_100000filtered,1610,Freeze,0.19018415,0.10001461,0.19018415,0.075665876,0.081778705,0.08702388,0.14500459,0.16655536,0.15377286
Animal 11_4DLC_resnet50_Freezing_07-2020Sep29shuffle1_100000filtered,1611,Freeze,0.25393236,0.09214152,0.25393236,0.069709495,0.07534113,0.0801734,0.13358991,0.15344422,0.14166795
Animal 11_4DLC_resnet50_Freezing_07-2020Sep29shuffle1_100000filtered,1612,Freeze,0.19196945,0.09979412,0.19196945,0.07549906,0.08159842,0.08683203,0.14468491,0.16618818,0.15343384
Animal 11_4DLC_resnet50_Freezing_07-2020Sep29shuffle1_100000filtered,1613,Freeze,0.31241676,0.087839395,0.31241676,0.06645473,0.07182342,0.07643007,0.12735252,0.122629724,0.13505341
Animal 11_4DLC_resnet50_Freezing_07-2020Sep29shuffle1_100000filtered,1614,Freeze,0.42116103,0.073947206,0.42116103,0.055944625,0.060464233,0.064342335,0.10721118,0.1032353,0.11369412
Animal 11_4DLC_resnet50_Freezing_07-2020Sep29shuffle1_100000filtered,1615,Freeze,0.47468206,0.06938191,0.47468206,0.052490752,0.056731343,0.060370006,0.100592256,0.079076655,0.10667496
Animal 11_4DLC_resnet50_Freezing_07-2020Sep29shuffle1_100000filtered,1616,Freeze,0.47468206,0.06938191,0.47468206,0.052490752,0.056731343,0.060370006,0.100592256,0.079076655,0.10667496
Animal 11_4DLC_resnet50_Freezing_07-2020Sep29shuffle1_100000filtered,1617,Freeze,0.23488882,0.10283036,0.23488882,0.07779612,0.084081054,0.08947389,0.14908695,0.117198855,0.144644
Animal 11_4DLC_resnet50_Freezing_07-2020Sep29shuffle1_100000filtered,1618,Freeze,0.47712302,0.06973869,0.47712302,0.052760676,0.057023074,0.060680445,0.101109535,0.074341014,0.10722352
Animal 11_4DLC_resnet50_Freezing_07-2020Sep29shuffle1_100000filtered,1619,Freeze,0.47712302,0.06973869,0.47712302,0.052760676,0.057023074,0.060680445,0.101109535,0.074341014,0.10722352
Animal 11_4DLC_resnet50_Freezing_07-2020Sep29shuffle1_100000filtered,1620,Freeze,0.47712302,0.06973869,0.47712302,0.052760676,0.057023074,0.060680445,0.101109535,0.074341014,0.10722352
Animal 11_4DLC_resnet50_Freezing_07-2020Sep29shuffle1_100000filtered,1621,Freeze,0.4663873,0.068169504,0.4663873,0.05157351,0.055740003,0.059315078,0.09883447,0.09516924,0.104810886
Animal 11_4DLC_resnet50_Freezing_07-2020Sep29shuffle1_100000filtered,1622,Freeze,0.19425042,0.100979865,0.19425042,0.07639614,0.08256797,0.087863766,0.14640406,0.15628082,0.15525694
Animal 11_4DLC_resnet50_Freezing_07-2020Sep29shuffle1_100000filtered,1623,Freeze,0.22255822,0.09743222,0.22255822,0.07371217,0.07966717,0.084776916,0.14126055,0.15079033,0.14980242
Animal 11_4DLC_resnet50_Freezing_07-2020Sep29shuffle1_100000filtered,1624,Freeze,0.46915302,0.06857376,0.46915302,0.051879346,0.056070544,0.059666824,0.11612494,0.0730992,0.10543242
Animal 11_4DLC_resnet50_Freezing_07-2020Sep29shuffle1_100000filtered,1625,Freeze,0.48151788,0.07038107,0.48151788,0.053246662,0.057548326,0.061239388,0.10204087,0.07502578,0.09899996
Animal 11_4DLC_resnet50_Freezing_07-2020Sep29shuffle1_100000filtered,1626,Freeze,0.4736096,0.069225155,0.4736096,0.052372158,0.056603167,0.060233608,0.1212067,0.078898,0.08785166
Animal 11_4DLC_resnet50_Freezing_07-2020Sep29shuffle1_100000filtered,1627,Freeze,0.48622525,0.07106912,0.48622525,0.053767208,0.058110923,0.061838068,0.10303843,0.07575924,0.09019179
Animal 11_4DLC_resnet50_Freezing_07-2020Sep29shuffle1_100000filtered,1628,Freeze,0.48622525,0.07106912,0.48622525,0.053767208,0.058110923,0.061838068,0.10303843,0.07575924,0.09019179
Animal 11_4DLC_resnet50_Freezing_07-2020Sep29shuffle1_100000filtered,1629,Freeze,0.48622525,0.07106912,0.48622525,0.053767208,0.058110923,0.061838068,0.10303843,0.07575924,0.09019179
Animal 11_4DLC_resnet50_Freezing_07-2020Sep29shuffle1_100000filtered,1630,Freeze,0.41541412,0.08004777,0.41541412,0.060559995,0.06545247,0.06965049,0.11605599,0.09123286,0.101586334
Animal 11_4DLC_resnet50_Freezing_07-2020Sep29shuffle1_100000filtered,1631,Freeze,0.48622525,0.07106912,0.48622525,0.053767208,0.058110923,0.061838068,0.10303843,0.07575924,0.09019179
Animal 11_4DLC_resnet50_Freezing_07-2020Sep29shuffle1_100000filtered,1632,Freeze,0.4760395,0.06958032,0.4760395,0.05264086,0.056893576,0.060542643,0.12182856,0.07417219,0.088302396
Animal 11_4DLC_resnet50_Freezing_07-2020Sep29shuffle1_100000filtered,1633,Freeze,0.22675988,0.104116134,0.22675988,0.07876887,0.0851324,0.09059267,0.15095112,0.13154808,0.1321308
Animal 11_4DLC_resnet50_Freezing_07-2020Sep29shuffle1_100000filtered,1634,Freeze,0.48369053,0.070698634,0.48369053,0.053486913,0.057807986,0.0615157,0.10250129,0.080577366,0.08972161
Animal 11_4DLC_resnet50_Freezing_07-2020Sep29shuffle1_100000filtered,1635,Freeze,0.48151788,0.07038107,0.48151788,0.053246662,0.057548326,0.061239388,0.10204087,0.07502578,0.09899996
Animal 11_4DLC_resnet50_Freezing_07-2020Sep29shuffle1_100000filtered,1636,Freeze,0.48151788,0.07038107,0.48151788,0.053246662,0.057548326,0.061239388,0.10204087,0.07502578,0.09899996
Animal 11_4DLC_resnet50_Freezing_07-2020Sep29shuffle1_100000filtered,1637,Freeze,0.4691422,0.06857218,0.4691422,0.05187815,0.05606925,0.05966545,0.1200634,0.07815378,0.09645552
Animal 11_4DLC_resnet50_Freezing_07-2020Sep29shuffle1_100000filtered,1638,Freeze,0.48151788,0.07038107,0.48151788,0.053246662,0.057548326,0.061239388,0.10204087,0.07502578,0.09899996
Animal 11_4DLC_resnet50_Freezing_07-2020Sep29shuffle1_100000filtered,1639,Freeze,0.48622525,0.07106912,0.48622525,0.053767208,0.058110923,0.061838068,0.10303843,0.07575924,0.09019179
Animal 11_4DLC_resnet50_Freezing_07-2020Sep29shuffle1_100000filtered,1640,Freeze,0.48622525,0.07106912,0.48622525,0.053767208,0.058110923,0.061838068,0.10303843,0.07575924,0.09019179
Animal 11_4DLC_resnet50_Freezing_07-2020Sep29shuffle1_100000filtered,1641,Freeze,0.47795084,0.06985969,0.47795084,0.052852217,0.05712201,0.06078573,0.11830258,0.07447,0.08865694
Animal 11_4DLC_resnet50_Freezing_07-2020Sep29shuffle1_100000filtered,1642,Freeze,0.48622525,0.07106912,0.48622525,0.053767208,0.058110923,0.061838068,0.10303843,0.07575924,0.09019179
Animal 11_4DLC_resnet50_Freezing_07-2020Sep29shuffle1_100000filtered,1643,Freeze,0.48622525,0.07106912,0.48622525,0.053767208,0.058110923,0.061838068,0.10303843,0.07575924,0.09019179
Animal 11_4DLC_resnet50_Freezing_07-2020Sep29shuffle1_100000filtered,1644,Freeze,0.19998918,0.10396313,0.19998918,0.07865312,0.08500729,0.09045953,0.15072928,0.13135476,0.15984371
Animal 11_4DLC_resnet50_Freezing_07-2020Sep29shuffle1_100000filtered,1645,Freeze,0.42116103,0.073947206,0.42116103,0.055944625,0.060464233,0.064342335,0.10721118,0.1032353,0.11369412
Animal 11_4DLC_resnet50_Freezing_07-2020Sep29shuffle1_100000filtered,1646,Freeze,0.19018415,0.10001461,0.19018415,0.075665876,0.081778705,0.08702388,0.14500459,0.16655536,0.15377286
Animal 11_4DLC_resnet50_Freezing_07-2020Sep29shuffle1_100000filtered,1647,Freeze,0.21650423,0.09205044,0.21650423,0.06964061,0.07526667,0.080094166,0.17162341,0.15329255,0.14152792
Animal 11_4DLC_resnet50_Freezing_07-2020Sep29shuffle1_100000filtered,1648,Freeze,0.22225444,0.09449524,0.22225444,0.07149021,0.0772657,0.08222141,0.14962225,0.1573639,0.14528681
Animal 11_4DLC_resnet50_Freezing_07-2020Sep29shuffle1_100000filtered,1649,Turn,0.16840667,0.10112629,0.16767746,0.07650691,0.08268769,0.08799116,0.16012172,0.16840667,0.15548207
Animal 11_4DLC_resnet50_Freezing_07-2020Sep29shuffle1_100000filtered,1650,Sniff,0.1821252,0.09847695,0.16328458,0.07450256,0.080521405,0.08568594,0.1821252,0.16399468,0.15140869
Animal 11_4DLC_resnet50_Freezing_07-2020Sep29shuffle1_100000filtered,1651,Turn,0.17756513,0.10662585,0.12241322,0.08066759,0.0871845,0.09277639,0.16882963,0.17756513,0.16393766
Animal 11_4DLC_resnet50_Freezing_07-2020Sep29shuffle1_100000filtered,1652,Turn,0.16840667,0.10112629,0.16767746,0.07650691,0.08268769,0.08799116,0.16012172,0.16840667,0.15548207
Animal 11_4DLC_resnet50_Freezing_07-2020Sep29shuffle1_100000filtered,1653,Sniff,0.1821252,0.09847695,0.16328458,0.07450256,0.080521405,0.08568594,0.1821252,0.16399468,0.15140869
Animal 11_4DLC_resnet50_Freezing_07-2020Sep29shuffle1_100000filtered,1654,Turn,0.16840667,0.10112629,0.16767746,0.07650691,0.08268769,0.08799116,0.16012172,0.16840667,0.15548207
Animal 11_4DLC_resnet50_Freezing_07-2020Sep29shuffle1_100000filtered,1655,Turn,0.16840667,0.10112629,0.16767746,0.07650691,0.08268769,0.08799116,0.16012172,0.16840667,0.15548207
Animal 11_4DLC_resnet50_Freezing_07-2020Sep29shuffle1_100000filtered,1656,Freeze,0.22225444,0.09449524,0.22225444,0.07149021,0.0772657,0.08222141,0.14962225,0.1573639,0.14528681
Animal 11_4DLC_resnet50_Freezing_07-2020Sep29shuffle1_100000filtered,1657,Freeze,0.25393236,0.09214152,0.25393236,0.069709495,0.07534113,0.0801734,0.13358991,0.15344422,0.14166795
Animal 11_4DLC_resnet50_Freezing_07-2020Sep29shuffle1_100000filtered,1658,Freeze,0.30519876,0.085809976,0.30519876,0.06491938,0.07016403,0.07466425,0.12441021,0.14290024,0.13193317
Animal 11_4DLC_resnet50_Freezing_07-2020Sep29shuffle1_100000filtered,1659,Freeze,0.23488882,0.10283036,0.23488882,0.07779612,0.084081054,0.08947389,0.14908695,0.117198855,0.144644
Animal 11_4DLC_resnet50_Freezing_07-2020Sep29shuffle1_100000filtered,1660,Freeze,0.48622525,0.07106912,0.48622525,0.053767208,0.058110923,0.061838068,0.10303843,0.07575924,0.09019179
Animal 11_4DLC_resnet50_Freezing_07-2020Sep29shuffle1_100000filtered,1661,Freeze,0.19196945,0.09979412,0.19196945,0.07549906,0.08159842,0.08683203,0.14468491,0.16618818,0.15343384
Animal 11_4DLC_resnet50_Freezing_07-2020Sep29shuffle1_100000filtered,1662,Turn,0.17378326,0.10435487,0.14110456,0.07894949,0.085327595,0.09080039,0.1652338,0.17378326,0.16044602
Animal 11_4DLC_resnet50_Freezing_07-2020Sep29shuffle1_100000filtered,1663,Turn,0.16840667,0.10112629,0.16767746,0.07650691,0.08268769,0.08799116,0.16012172,0.16840667,0.15548207
Animal 11_4DLC_resnet50_Freezing_07-2020Sep29shuffle1_100000filtered,1664,Turn,0.16505243,0.09911211,0.09801797,0.07498309,0.146368,0.107148625,0.1569325,0.16505243,0.15238525
Animal 11_4DLC_resnet50_Freezing_07-2020Sep29shuffle1_100000filtered,1665,Turn,0.17722517,0.1064217,0.122178845,0.08051315,0.08701757,0.094513394,0.1685064,0.17722517,0.16362378
Animal 11_4DLC_resnet50_Freezing_07-2020Sep29shuffle1_100000filtered,1666,Turn,0.17331722,0.10407503,0.14340778,0.07873778,0.08509878,0.0905569,0.16479072,0.17331722,0.16001576
Animal 11_4DLC_resnet50_Freezing_07-2020Sep29shuffle1_100000filtered,1667,Freeze,0.22225444,0.09449524,0.22225444,0.07149021,0.0772657,0.08222141,0.14962225,0.1573639,0.14528681
Animal 11_4DLC_resnet50_Freezing_07-2020Sep29shuffle1_100000filtered,1668,Freeze,0.19018415,0.10001461,0.19018415,0.075665876,0.081778705,0.08702388,0.14500459,0.16655536,0.15377286
Animal 11_4DLC_resnet50_Freezing_07-2020Sep29shuffle1_100000filtered,1669,Freeze,0.4663873,0.068169504,0.4663873,0.05157351,0.055740003,0.059315078,0.09883447,0.09516924,0.104810886
Animal 11_4DLC_resnet50_Freezing_07-2020Sep29shuffle1_100000filtered,1670,Freeze,0.48369053,0.070698634,0.48369053,0.053486913,0.057807986,0.0615157,0.10250129,0.080577366,0.08972161
Animal 11_4DLC_resnet50_Freezing_07-2020Sep29shuffle1_100000filtered,1671,Freeze,0.25393236,0.09214152,0.25393236,0.069709495,0.07534113,0.0801734,0.13358991,0.15344422,0.14166795
Animal 11_4DLC_resnet50_Freezing_07-2020Sep29shuffle1_100000filtered,1672,Sniff,0.19698267,0.10301426,0.11826689,0.077935256,0.084231436,0.08963392,0.19698267,0.17155072,0.15838484
Animal 11_4DLC_resnet50_Freezing_07-2020Sep29shuffle1_100000filtered,1673,Turn,0.18191543,0.109238155,0.10091259,0.082643926,0.089320496,0.09504939,0.17296591,0.18191543,0.16795409
Animal 11_4DLC_resnet50_Freezing_07-2020Sep29shuffle1_100000filtered,1674,Turn,0.20034003,0.106777936,0.09863988,0.08078265,0.087308854,0.092908725,0.16907045,0.20034003,0.16417149
Animal 11_4DLC_resnet50_Freezing_07-2020Sep29shuffle1_100000filtered,1675,Turn,0.2022877,0.10781602,0.08987696,0.08156801,0.08815766,0.093811974,0.17071413,0.2022877,0.16576754
Animal 11_4DLC_resnet50_Freezing_07-2020Sep29shuffle1_100000filtered,1676,Jump,0.22482778,0.09002708,0.06983243,0.06810982,0.22482778,0.097326934,0.14254743,0.16891156,0.13841698
Animal 11_4DLC_resnet50_Freezing_07-2020Sep29shuffle1_100000filtered,1677,Jump,0.22293217,0.08926803,0.0686976,0.067535564,0.22293217,0.10548373,0.14134556,0.1674874,0.13724993
Animal 11_4DLC_resnet50_Freezing_07-2020Sep29shuffle1_100000filtered,1678,Unassigned,0.18518968,0.09423835,0.07252258,0.07129584,0.1393683,0.111356914,0.14921547,0.17681286,0.18518968
Animal 11_4DLC_resnet50_Freezing_07-2020Sep29shuffle1_100000filtered,1679,Jump,0.20622477,0.088512205,0.06811594,0.06696374,0.20622477,0.12186288,0.14014879,0.14787638,0.1602953
Animal 11_4DLC_resnet50_Freezing_07-2020Sep29shuffle1_100000filtered,1680,Locomotion,0.16243887,0.097207755,0.07480774,0.07354235,0.14375973,0.16243887,0.1539172,0.15659095,0.13773543
Animal 11_4DLC_resnet50_Freezing_07-2020Sep29shuffle1_100000filtered,1681,Locomotion,0.16243887,0.097207755,0.07480774,0.07354235,0.14375973,0.16243887,0.1539172,0.15659095,0.13773543
Animal 11_4DLC_resnet50_Freezing_07-2020Sep29shuffle1_100000filtered,1682,Sniff,0.19434772,0.096712664,0.07442673,0.073167786,0.14080687,0.16161154,0.19434772,0.12700595,0.13192078
Animal 11_4DLC_resnet50_Freezing_07-2020Sep29shuffle1_100000filtered,1683,Sniff,0.19323778,0.10813342,0.08321574,0.081808135,0.09701091,0.1780669,0.19323778,0.12480585,0.13372128
Animal 11_4DLC_resnet50_Freezing_07-2020Sep29shuffle1_100000filtered,1684,Locomotion,0.18555558,0.13326558,0.07941277,0.078069486,0.09257748,0.18555558,0.18440676,0.11910219,0.12761018
Animal 11_4DLC_resnet50_Freezing_07-2020Sep29shuffle1_100000filtered,1685,Locomotion,0.26272368,0.12063876,0.07188846,0.07067245,0.08380583,0.26272368,0.16693433,0.10781733,0.11551918
Animal 11_4DLC_resnet50_Freezing_07-2020Sep29shuffle1_100000filtered,1686,Locomotion,0.2735449,0.120587386,0.07185785,0.07064235,0.08377014,0.2735449,0.13147731,0.13265006,0.11546999
Animal 11_4DLC_resnet50_Freezing_07-2020Sep29shuffle1_100000filtered,1687,Locomotion,0.2548412,0.122334,0.072898656,0.071665555,0.08498349,0.2548412,0.13338165,0.1345714,0.12532404
Animal 11_4DLC_resnet50_Freezing_07-2020Sep29shuffle1_100000filtered,1688,Locomotion,0.2560531,0.12291576,0.07324532,0.07200635,0.088852614,0.2560531,0.13401595,0.13521135,0.11769955
Animal 11_4DLC_resnet50_Freezing_07-2020Sep29shuffle1_100000filtered,1689,Locomotion,0.34959373,0.10452885,0.06228859,0.061234966,0.09330718,0.34959373,0.11396857,0.114985146,0.10009294
Animal 11_4DLC_resnet50_Freezing_07-2020Sep29shuffle1_100000filtered,1690,Locomotion,0.34959373,0.10452885,0.06228859,0.061234966,0.09330718,0.34959373,0.11396857,0.114985146,0.10009294
Animal 11_4DLC_resnet50_Freezing_07-2020Sep29shuffle1_100000filtered,1691,Locomotion,0.20401584,0.13911779,0.07283645,0.069634646,0.10610627,0.20401584,0.12960179,0.14827043,0.1304168
Animal 11_4DLC_resnet50_Freezing_07-2020Sep29shuffle1_100000filtered,1692,Locomotion,0.19344425,0.13190907,0.06906225,0.06602636,0.15242556,0.19344425,0.12288616,0.14058743,0.12365894
Animal 11_4DLC_resnet50_Freezing_07-2020Sep29shuffle1_100000filtered,1693,Locomotion,0.17981564,0.13130696,0.07326371,0.06572498,0.15172979,0.17981564,0.12232524,0.15273918,0.123094484
Animal 11_4DLC_resnet50_Freezing_07-2020Sep29shuffle1_100000filtered,1694,Locomotion,0.16317052,0.13882917,0.08742255,0.06949018,0.16042198,0.16317052,0.11842439,0.132095,0.13014624
Animal 11_4DLC_resnet50_Freezing_07-2020Sep29shuffle1_100000filtered,1695,Locomotion,0.16028795,0.13637662,0.08587814,0.06826257,0.15758796,0.16028795,0.11633231,0.14742742,0.12784706
Animal 11_4DLC_resnet50_Freezing_07-2020Sep29shuffle1_100000filtered,1696,Turn,0.17395408,0.10991687,0.12546526,0.07274698,0.078624,0.15605752,0.13539436,0.17395408,0.1478409
Animal 11_4DLC_resnet50_Freezing_07-2020Sep29shuffle1_100000filtered,1697,Turn,0.17949615,0.11341876,0.10086524,0.07506465,0.08112892,0.15776733,0.13970795,0.17949615,0.15255103
Animal 11_4DLC_resnet50_Freezing_07-2020Sep29shuffle1_100000filtered,1698,Turn,0.17721154,0.11197517,0.16242257,0.074109234,0.08009631,0.10564604,0.13792975,0.17721154,0.15060936
Animal 11_4DLC_resnet50_Freezing_07-2020Sep29shuffle1_100000filtered,1699,Turn,0.18259157,0.15255216,0.09981676,0.076359145,0.08252799,0.108853385,0.14211722,0.18259157,0.15518177
Animal 11_4DLC_resnet50_Freezing_07-2020Sep29shuffle1_100000filtered,1700,Freeze,0.17938362,0.14094494,0.17938362,0.07054922,0.0762487,0.10057108,0.120229185,0.16869874,0.14337447
Animal 11_4DLC_resnet50_Freezing_07-2020Sep29shuffle1_100000filtered,1701,Freeze,0.18499514,0.13509901,0.18499514,0.072756164,0.07863393,0.09498271,0.12399023,0.16168328,0.14785956
Animal 11_4DLC_resnet50_Freezing_07-2020Sep29shuffle1_100000filtered,1702,Freeze,0.21161193,0.13649318,0.21161193,0.07350697,0.07944541,0.095962904,0.14631726,0.13335812,0.12330424
Animal 11_4DLC_resnet50_Freezing_07-2020Sep29shuffle1_100000filtered,1703,Freeze,0.18499514,0.13509901,0.18499514,0.072756164,0.07863393,0.09498271,0.12399023,0.16168328,0.14785956
Animal 11_4DLC_resnet50_Freezing_07-2020Sep29shuffle1_100000filtered,1704,Freeze,0.21917969,0.09900814,0.21917969,0.07050119,0.076196775,0.092038855,0.13121456,0.16858388,0.14327686
Animal 11_4DLC_resnet50_Freezing_07-2020Sep29shuffle1_100000filtered,1705,Turn,0.16832678,0.1073913,0.16759792,0.07647062,0.08264846,0.099831924,0.14232469,0.16832678,0.15540831
Animal 11_4DLC_resnet50_Freezing_07-2020Sep29shuffle1_100000filtered,1706,Turn,0.16832678,0.1073913,0.16759792,0.07647062,0.08264846,0.099831924,0.14232469,0.16832678,0.15540831
Animal 11_4DLC_resnet50_Freezing_07-2020Sep29shuffle1_100000filtered,1707,Turn,0.17122887,0.14444442,0.118045,0.07778904,0.084073395,0.10155311,0.14477848,0.17122887,0.15808769
Animal 11_4DLC_resnet50_Freezing_07-2020Sep29shuffle1_100000filtered,1708,Turn,0.16939287,0.10807146,0.1686594,0.076954946,0.08317192,0.09413073,0.14322609,0.16939287,0.15639259
Animal 11_4DLC_resnet50_Freezing_07-2020Sep29shuffle1_100000filtered,1709,Turn,0.17188086,0.123888426,0.14221929,0.078085236,0.084393516,0.09551329,0.14532974,0.17188086,0.15868963
Animal 11_4DLC_resnet50_Freezing_07-2020Sep29shuffle1_100000filtered,1710,Turn,0.16609009,0.11971456,0.0986342,0.075454496,0.1472882,0.09904167,0.1404335,0.16609009,0.15334329
Animal 11_4DLC_resnet50_Freezing_07-2020Sep29shuffle1_100000filtered,1711,Turn,0.17472573,0.12593895,0.12802184,0.07937766,0.08579035,0.09709417,0.14773516,0.17472573,0.16131617
Animal 11_4DLC_resnet50_Freezing_07-2020Sep29shuffle1_100000filtered,1712,Turn,0.16764234,0.12083339,0.16337183,0.07615968,0.082312405,0.09315797,0.14174597,0.16764234,0.1547764
Animal 11_4DLC_resnet50_Freezing_07-2020Sep29shuffle1_100000filtered,1713,Freeze,0.18186602,0.11348091,0.18186602,0.071525514,0.077303864,0.087489486,0.16553397,0.15744163,0.14535856
Animal 11_4DLC_resnet50_Freezing_07-2020Sep29shuffle1_100000filtered,1714,Freeze,0.25172696,0.10963909,0.25172696,0.06910406,0.07468679,0.08452759,0.11776637,0.15211156,0.14043756
Animal 11_4DLC_resnet50_Freezing_07-2020Sep29shuffle1_100000filtered,1715,Freeze,0.30982903,0.10456239,0.30982903,0.06590429,0.07122851,0.08061364,0.11231336,0.121613994,0.13393477
Animal 11_4DLC_resnet50_Freezing_07-2020Sep29shuffle1_100000filtered,1716,Freeze,0.19633694,0.102064535,0.19633694,0.07721674,0.08345486,0.09445095,0.1315919,0.15795949,0.15692462
Animal 11_4DLC_resnet50_Freezing_07-2020Sep29shuffle1_100000filtered,1717,Freeze,0.46975744,0.0686621,0.46975744,0.05194618,0.05614278,0.063540205,0.088526115,0.095856935,0.10556825
Animal 11_4DLC_resnet50_Freezing_07-2020Sep29shuffle1_100000filtered,1718,Freeze,0.19633694,0.102064535,0.19633694,0.07721674,0.08345486,0.09445095,0.1315919,0.15795949,0.15692462
Animal 11_4DLC_resnet50_Freezing_07-2020Sep29shuffle1_100000filtered,1719,Freeze,0.46463594,0.06791352,0.46463594,0.051379845,0.05553069,0.062847465,0.098463334,0.094811864,0.1044173
Animal 11_4DLC_resnet50_Freezing_07-2020Sep29shuffle1_100000filtered,1720,Freeze,0.19317186,0.100419186,0.19317186,0.07597195,0.08210952,0.09292834,0.14559117,0.15541308,0.1543949
Animal 11_4DLC_resnet50_Freezing_07-2020Sep29shuffle1_100000filtered,1721,Freeze,0.419446,0.07364608,0.419446,0.05571681,0.060218014,0.0681524,0.1067746,0.102814905,0.11323114
Animal 11_4DLC_resnet50_Freezing_07-2020Sep29shuffle1_100000filtered,1722,Freeze,0.30375752,0.08540475,0.30375752,0.064612806,0.06983269,0.07903391,0.12382271,0.14222541,0.13131015
Animal 11_4DLC_resnet50_Freezing_07-2020Sep29shuffle1_100000filtered,1723,Freeze,0.18294947,0.09621002,0.18294947,0.072787516,0.07866782,0.089033164,0.16424909,0.16021954,0.15588342
Animal 11_4DLC_resnet50_Freezing_07-2020Sep29shuffle1_100000filtered,1724,Freeze,0.22109923,0.09400408,0.22109923,0.07111863,0.07686409,0.08699178,0.14884456,0.15654597,0.14453165
Animal 11_4DLC_resnet50_Freezing_07-2020Sep29shuffle1_100000filtered,1725,Turn,0.16747025,0.10056398,0.1667451,0.0760815,0.08222791,0.093062334,0.15923138,0.16747025,0.15461752
Animal 11_4DLC_resnet50_Freezing_07-2020Sep29shuffle1_100000filtered,1726,Turn,0.17652442,0.10600091,0.12169574,0.08019479,0.086673506,0.09809369,0.16784011,0.17652442,0.1629768
Animal 11_4DLC_resnet50_Freezing_07-2020Sep29shuffle1_100000filtered,1727,Turn,0.17864652,0.10727521,0.111137144,0.08115886,0.08771546,0.09927293,0.16985781,0.17864652,0.16493605
Animal 11_4DLC_resnet50_Freezing_07-2020Sep29shuffle1_100000filtered,1728,Turn,0.16747025,0.10056398,0.1667451,0.0760815,0.08222791,0.093062334,0.15923138,0.16747025,0.15461752
Animal 11_4DLC_resnet50_Freezing_07-2020Sep29shuffle1_100000filtered,1729,Turn,0.16505243,0.09911211,0.09801797,0.07498309,0.146368,0.107148625,0.1569325,0.16505243,0.15238525
Animal 11_4DLC_resnet50_Freezing_07-2020Sep29shuffle1_100000filtered,1730,Turn,0.16652848,0.09999846,0.08771641,0.07565366,0.14767694,0.11034213,0.15833594,0.16652848,0.15374802
Animal 11_4DLC_resnet50_Freezing_07-2020Sep29shuffle1_100000filtered,1731,Turn,0.16797036,0.1008643,0.07981737,0.076308705,0.14895561,0.11129753,0.15970689,0.16797036,0.15507926
Animal 11_4DLC_resnet50_Freezing_07-2020Sep29shuffle1_100000filtered,1732,Turn,0.16665561,0.10007481,0.07919262,0.075711414,0.1477897,0.11825359,0.15845683,0.16665561,0.15386541
Animal 11_4DLC_resnet50_Freezing_07-2020Sep29shuffle1_100000filtered,1733,Sniff,0.16341227,0.10320446,0.08166921,0.07807914,0.15241154,0.12195174,0.16341227,0.15303937,0.14623226
Animal 11_4DLC_resnet50_Freezing_07-2020Sep29shuffle1_100000filtered,1734,Turn,0.17783247,0.10114734,0.08004135,0.076522835,0.1493736,0.11160985,0.16015506,0.17783247,0.14331749
Animal 11_4DLC_resnet50_Freezing_07-2020Sep29shuffle1_100000filtered,1735,Turn,0.17946362,0.10207511,0.08077552,0.07722474,0.15074372,0.10346118,0.16162407,0.17946362,0.14463206
Animal 11_4DLC_resnet50_Freezing_07-2020Sep29shuffle1_100000filtered,1736,Turn,0.17334741,0.098596334,0.10324331,0.07459288,0.14560631,0.10879497,0.15611584,0.17334741,0.13970292
Animal 11_4DLC_resnet50_Freezing_07-2020Sep29shuffle1_100000filtered,1737,Turn,0.17694362,0.09780896,0.10241882,0.07399719,0.14444351,0.099137105,0.15486912,0.17694362,0.15038165
Animal 11_4DLC_resnet50_Freezing_07-2020Sep29shuffle1_100000filtered,1738,Turn,0.17351839,0.0959156,0.13267955,0.07256477,0.14164743,0.097141944,0.1390617,0.17351839,0.14747062
Animal 11_4DLC_resnet50_Freezing_07-2020Sep29shuffle1_100000filtered,1739,Turn,0.17202266,0.0950888,0.13153586,0.07193927,0.14042643,0.10492463,0.137863,0.17202266,0.14619942
Animal 11_4DLC_resnet50_Freezing_07-2020Sep29shuffle1_100000filtered,1740,Jump,0.1780293,0.09516107,0.112461016,0.07199394,0.1780293,0.11244727,0.122918494,0.17215341,0.13483545
Animal 11_4DLC_resnet50_Freezing_07-2020Sep29shuffle1_100000filtered,1741,Unassigned,0.15331806,0.10820532,0.12787665,0.08186253,0.12980044,0.12786102,0.13976759,0.13130839,0.15331806
Animal 11_4DLC_resnet50_Freezing_07-2020Sep29shuffle1_100000filtered,1742,Locomotion,0.178216,0.15605228,0.10378115,0.07498147,0.11888988,0.178216,0.13981158,0.105705015,0.1225626
Animal 11_4DLC_resnet50_Freezing_07-2020Sep29shuffle1_100000filtered,1743,Locomotion,0.21816531,0.18019298,0.080404766,0.07213123,0.10991044,0.21816531,0.11960478,0.10168688,0.117903665
Animal 11_4DLC_resnet50_Freezing_07-2020Sep29shuffle1_100000filtered,1744,Locomotion,0.20009392,0.1848632,0.07740326,0.074000716,0.11275909,0.20009392,0.12270467,0.10721567,0.12095948
Animal 11_4DLC_resnet50_Freezing_07-2020Sep29shuffle1_100000filtered,1745,Climb,0.19588135,0.19588135,0.082016625,0.07841128,0.11947972,0.13373269,0.13001809,0.11360592,0.14685431
Animal 11_4DLC_resnet50_Freezing_07-2020Sep29shuffle1_100000filtered,1746,Climb,0.18404034,0.18404034,0.077058725,0.073671326,0.116812535,0.12564856,0.16375747,0.12103409,0.13797697
Animal 11_4DLC_resnet50_Freezing_07-2020Sep29shuffle1_100000filtered,1747,Sniff,0.15531828,0.12964562,0.098827936,0.07855607,0.12455773,0.1251115,0.15531828,0.14085743,0.14712547
Animal 11_4DLC_resnet50_Freezing_07-2020Sep29shuffle1_100000filtered,1748,Sniff,0.1566019,0.13071708,0.11003099,0.0792053,0.12558715,0.1261455,0.1566019,0.1359979,0.1357142
Animal 11_4DLC_resnet50_Freezing_07-2020Sep29shuffle1_100000filtered,1749,Sniff,0.16779043,0.14005624,0.08876622,0.08486417,0.091720104,0.11569471,0.16779043,0.15216838,0.15893975
Animal 11_4DLC_resnet50_Freezing_07-2020Sep29shuffle1_100000filtered,1750,Unassigned,0.16719598,0.13577639,0.09586339,0.08227088,0.08891733,0.1098872,0.16266307,0.15742578,0.16719598
Animal 11_4DLC_resnet50_Freezing_07-2020Sep29shuffle1_100000filtered,1751,Sniff,0.20590018,0.121806175,0.07507584,0.07380592,0.117025934,0.115165,0.20590018,0.14122802,0.14999294
Animal 11_4DLC_resnet50_Freezing_07-2020Sep29shuffle1_100000filtered,1752,Sniff,0.19989933,0.12231578,0.0728878,0.071654886,0.113615274,0.12220945,0.19989933,0.15179601,0.14562148
Animal 11_4DLC_resnet50_Freezing_07-2020Sep29shuffle1_100000filtered,1753,Locomotion,0.19729349,0.12455222,0.074220486,0.072965026,0.18252568,0.19729349,0.12098734,0.10818918,0.11926658
Animal 11_4DLC_resnet50_Freezing_07-2020Sep29shuffle1_100000filtered,1754,Locomotion,0.26981965,0.13425654,0.06154879,0.060507677,0.20961347,0.26981965,0.08845092,0.076898776,0.09890414
Animal 11_4DLC_resnet50_Freezing_07-2020Sep29shuffle1_100000filtered,1755,Locomotion,0.2661164,0.1324139,0.06070404,0.059677217,0.20673655,0.2661164,0.08723695,0.08956823,0.0975467
Animal 11_4DLC_resnet50_Freezing_07-2020Sep29shuffle1_100000filtered,1756,Locomotion,0.2876124,0.14310984,0.06560751,0.06449775,0.1426594,0.2876124,0.094283655,0.09680325,0.10542619
Animal 11_4DLC_resnet50_Freezing_07-2020Sep29shuffle1_100000filtered,1757,Locomotion,0.19317184,0.17045474,0.07814355,0.07682174,0.13223559,0.19317184,0.11229902,0.111302905,0.12557064
Animal 11_4DLC_resnet50_Freezing_07-2020Sep29shuffle1_100000filtered,1758,Locomotion,0.18969908,0.16739038,0.07673872,0.07544067,0.12985831,0.18969908,0.110280156,0.10930195,0.14129074
Animal 11_4DLC_resnet50_Freezing_07-2020Sep29shuffle1_100000filtered,1759,Climb,0.2143761,0.2143761,0.0745848,0.073323175,0.090477504,0.18437456,0.100604996,0.12493393,0.13732493
Animal 11_4DLC_resnet50_Freezing_07-2020Sep29shuffle1_100000filtered,1760,Climb,0.21527219,0.21527219,0.07489656,0.07362967,0.0908557,0.16949642,0.10102553,0.13692501,0.13789895
Animal 11_4DLC_resnet50_Freezing_07-2020Sep29shuffle1_100000filtered,1761,Climb,0.2299333,0.2299333,0.092867255,0.078644216,0.084997654,0.112110846,0.10790587,0.1462503,0.14729056
Animal 11_4DLC_resnet50_Freezing_07-2020Sep29shuffle1_100000filtered,1762,Climb,0.17862357,0.17862357,0.10854694,0.08078143,0.08730754,0.11515755,0.110838294,0.15457569,0.16416901
Animal 11_4DLC_resnet50_Freezing_07-2020Sep29shuffle1_100000filtered,1763,Climb,0.17862357,0.17862357,0.10854694,0.08078143,0.08730754,0.11515755,0.110838294,0.15457569,0.16416901
Animal 11_4DLC_resnet50_Freezing_07-2020Sep29shuffle1_100000filtered,1764,Climb,0.22040173,0.22040173,0.11439555,0.075384125,0.08147419,0.10746344,0.10343278,0.14424792,0.15320027
Animal 11_4DLC_resnet50_Freezing_07-2020Sep29shuffle1_100000filtered,1765,Climb,0.16804259,0.16804259,0.16655827,0.07599624,0.082135774,0.108336054,0.104272656,0.14021416,0.15444426
Animal 11_4DLC_resnet50_Freezing_07-2020Sep29shuffle1_100000filtered,1766,Climb,0.16690436,0.16690436,0.16543008,0.07548149,0.08157943,0.107602246,0.110339835,0.13926442,0.15339814
Animal 11_4DLC_resnet50_Freezing_07-2020Sep29shuffle1_100000filtered,1767,Climb,0.16690436,0.16690436,0.16543008,0.07548149,0.08157943,0.107602246,0.110339835,0.13926442,0.15339814
Animal 11_4DLC_resnet50_Freezing_07-2020Sep29shuffle1_100000filtered,1768,Freeze,0.16895051,0.15843014,0.16895051,0.077087775,0.08331548,0.100637615,0.112687916,0.14222802,0.15666254
Animal 11_4DLC_resnet50_Freezing_07-2020Sep29shuffle1_100000filtered,1769,Climb,0.20967406,0.20967406,0.117088355,0.07715863,0.08339206,0.10073011,0.11279151,0.14235877,0.15680653
Animal 11_4DLC_resnet50_Freezing_07-2020Sep29shuffle1_100000filtered,1770,Climb,0.21154916,0.21154916,0.101763844,0.07784866,0.084137835,0.109059595,0.1138002,0.14363188,0.15820883
Animal 11_4DLC_resnet50_Freezing_07-2020Sep29shuffle1_100000filtered,1771,Climb,0.21202305,0.21202305,0.113618374,0.07802304,0.08432631,0.095437214,0.11405512,0.14395362,0.15856323
Animal 11_4DLC_resnet50_Freezing_07-2020Sep29shuffle1_100000filtered,1772,Climb,0.17743008,0.17743008,0.099891834,0.07641658,0.1491662,0.10030451,0.11170677,0.12978552,0.1552985
Animal 11_4DLC_resnet50_Freezing_07-2020Sep29shuffle1_100000filtered,1773,Climb,0.19048038,0.19048038,0.11042017,0.08203716,0.08866472,0.1024221,0.119923,0.13933149,0.16672097
Animal 11_4DLC_resnet50_Freezing_07-2020Sep29shuffle1_100000filtered,1774,Climb,0.1784689,0.1784689,0.16846006,0.07686399,0.083073616,0.094019465,0.1123608,0.1305454,0.15620774
Animal 11_4DLC_resnet50_Freezing_07-2020Sep29shuffle1_100000filtered,1775,Climb,0.1784689,0.1784689,0.16846006,0.07686399,0.083073616,0.094019465,0.1123608,0.1305454,0.15620774
Animal 11_4DLC_resnet50_Freezing_07-2020Sep29shuffle1_100000filtered,1776,Climb,0.1784689,0.1784689,0.16846006,0.07686399,0.083073616,0.094019465,0.1123608,0.1305454,0.15620774
Animal 11_4DLC_resnet50_Freezing_07-2020Sep29shuffle1_100000filtered,1777,Climb,0.1809614,0.1809614,0.08197735,0.07793747,0.152135,0.10230083,0.113930024,0.1323686,0.15838933
Animal 11_4DLC_resnet50_Freezing_07-2020Sep29shuffle1_100000filtered,1778,Climb,0.19478536,0.19478536,0.09243685,0.08389125,0.09066859,0.10261516,0.12263334,0.14248046,0.17048897
Animal 11_4DLC_resnet50_Freezing_07-2020Sep29shuffle1_100000filtered,1779,Climb,0.1716288,0.1716288,0.075787574,0.07391806,0.14428905,0.11545255,0.1431611,0.12554204,0.15022084
Animal 11_4DLC_resnet50_Freezing_07-2020Sep29shuffle1_100000filtered,1780,Climb,0.18106708,0.18106708,0.07932478,0.077982984,0.15222384,0.10447705,0.11399656,0.1324459,0.15848184
Animal 11_4DLC_resnet50_Freezing_07-2020Sep29shuffle1_100000filtered,1781,Climb,0.17940533,0.17940533,0.07859678,0.0772673,0.15082681,0.11269565,0.112950355,0.13123037,0.15702736
Animal 11_4DLC_resnet50_Freezing_07-2020Sep29shuffle1_100000filtered,1782,Climb,0.19576032,0.19576032,0.08576184,0.08431116,0.091122426,0.105261154,0.12324716,0.14319363,0.17134234
Animal 11_4DLC_resnet50_Freezing_07-2020Sep29shuffle1_100000filtered,1783,Climb,0.19617864,0.19617864,0.0859451,0.08449132,0.09131714,0.10334916,0.123510525,0.14349961,0.17170846
Animal 11_4DLC_resnet50_Freezing_07-2020Sep29shuffle1_100000filtered,1784,Climb,0.17981586,0.17981586,0.07877663,0.0774441,0.15117194,0.11066534,0.11320881,0.13153066,0.15738668
Animal 11_4DLC_resnet50_Freezing_07-2020Sep29shuffle1_100000filtered,1785,Jump,0.22508398,0.14137894,0.074345134,0.073087566,0.22508398,0.10659944,0.106840365,0.12413154,0.14853306
Animal 11_4DLC_resnet50_Freezing_07-2020Sep29shuffle1_100000filtered,1786,Unassigned,0.15771094,0.15011476,0.078938924,0.07760365,0.15169871,0.11318624,0.1275669,0.14317983,0.15771094
Animal 11_4DLC_resnet50_Freezing_07-2020Sep29shuffle1_100000filtered,1787,Jump,0.2181945,0.13705154,0.07206954,0.07085046,0.2181945,0.11066127,0.11646584,0.13072011,0.14398669
Animal 11_4DLC_resnet50_Freezing_07-2020Sep29shuffle1_100000filtered,1788,Jump,0.15479963,0.1531833,0.08055254,0.07918998,0.15479963,0.12368673,0.13017453,0.13010062,0.14831269
Animal 11_4DLC_resnet50_Freezing_07-2020Sep29shuffle1_100000filtered,1789,Jump,0.15404277,0.15265101,0.08027264,0.078914806,0.15404277,0.11509857,0.12972221,0.14150067,0.14779733
Animal 11_4DLC_resnet50_Freezing_07-2020Sep29shuffle1_100000filtered,1790,Climb,0.16558768,0.16558768,0.08707547,0.085602574,0.09251816,0.11468531,0.14071573,0.15349238,0.16032267
Animal 11_4DLC_resnet50_Freezing_07-2020Sep29shuffle1_100000filtered,1791,Climb,0.15816565,0.15816565,0.083172545,0.08176567,0.12589775,0.11684072,0.13440852,0.1466125,0.15313663
Animal 11_4DLC_resnet50_Freezing_07-2020Sep29shuffle1_100000filtered,1792,Unassigned,0.16712692,0.15907723,0.1074629,0.08223691,0.088880606,0.10267148,0.13518317,0.15736076,0.16712692
Animal 11_4DLC_resnet50_Freezing_07-2020Sep29shuffle1_100000filtered,1793,Unassigned,0.16839261,0.16028194,0.10279923,0.08285971,0.089553714,0.101353385,0.13620694,0.15855248,0.16839261
Animal 11_4DLC_resnet50_Freezing_07-2020Sep29shuffle1_100000filtered,1794,Unassigned,0.16559656,0.15762056,0.12365192,0.08148387,0.08806673,0.09371521,0.1339453,0.15591982,0.16559656
Animal 11_4DLC_resnet50_Freezing_07-2020Sep29shuffle1_100000filtered,1795,Freeze,0.16928586,0.14941283,0.16928586,0.07724078,0.08348085,0.08883519,0.12697041,0.14780064,0.15697348
Animal 11_4DLC_resnet50_Freezing_07-2020Sep29shuffle1_100000filtered,1796,Unassigned,0.16248074,0.15465483,0.14561692,0.0799507,0.086409695,0.0919519,0.13142504,0.14751017,0.16248074
Animal 11_4DLC_resnet50_Freezing_07-2020Sep29shuffle1_100000filtered,1797,Freeze,0.17018619,0.15020746,0.17018619,0.07765158,0.08392483,0.08930764,0.12764569,0.14326826,0.15780833
Animal 11_4DLC_resnet50_Freezing_07-2020Sep29shuffle1_100000filtered,1798,Freeze,0.17018619,0.15020746,0.17018619,0.07765158,0.08392483,0.08930764,0.12764569,0.14326826,0.15780833
Animal 11_4DLC_resnet50_Freezing_07-2020Sep29shuffle1_100000filtered,1799,Freeze,0.17214611,0.1519373,0.17214611,0.078545846,0.08489134,0.090336144,0.1291157,0.13340184,0.15962571
Animal 11_4DLC_resnet50_Freezing_07-2020Sep29shuffle1_100000filtered,1800,Freeze,0.17214611,0.1519373,0.17214611,0.078545846,0.08489134,0.090336144,0.1291157,0.13340184,0.15962571
Animal 11_4DLC_resnet50_Freezing_07-2020Sep29shuffle1_100000filtered,1801,Unassigned,0.16855092,0.16043264,0.12585796,0.082937606,0.089637905,0.09538716,0.13633499,0.1408608,0.16855092
Animal 11_4DLC_resnet50_Freezing_07-2020Sep29shuffle1_100000filtered,1802,Freeze,0.31194252,0.12835339,0.31194252,0.06635386,0.071714394,0.076314054,0.099874385,0.110598974,0.1348484
Animal 11_4DLC_resnet50_Freezing_07-2020Sep29shuffle1_100000filtered,1803,Freeze,0.42062274,0.1080797,0.42062274,0.055873122,0.060386956,0.064260095,0.08409901,0.09312963,0.1135488
Animal 11_4DLC_resnet50_Freezing_07-2020Sep29shuffle1_100000filtered,1804,Unassigned,0.164408,0.15648925,0.14734414,0.08089902,0.087434635,0.093042575,0.13298392,0.13739848,0.164408
Animal 11_4DLC_resnet50_Freezing_07-2020Sep29shuffle1_100000filtered,1805,Unassigned,0.15880781,0.15115881,0.14232521,0.07814339,0.08445638,0.08987329,0.14570732,0.14952779,0.15880781
Animal 11_4DLC_resnet50_Freezing_07-2020Sep29shuffle1_100000filtered,1806,Unassigned,0.15653515,0.14899561,0.08101768,0.07702509,0.15035403,0.09506236,0.14362215,0.14738792,0.15653515
Animal 11_4DLC_resnet50_Freezing_07-2020Sep29shuffle1_100000filtered,1807,Sniff,0.16380048,0.14548491,0.079108715,0.0752102,0.14681134,0.09282246,0.16380048,0.14391512,0.15284681
Animal 11_4DLC_resnet50_Freezing_07-2020Sep29shuffle1_100000filtered,1808,Unassigned,0.16590089,0.15791024,0.119636536,0.08163362,0.08822858,0.095828705,0.15221527,0.13864613,0.16590089
Animal 11_4DLC_resnet50_Freezing_07-2020Sep29shuffle1_100000filtered,1809,Unassigned,0.17204508,0.1637585,0.08904513,0.084656954,0.091496155,0.0973646,0.15785262,0.14378093,0.17204508
Animal 11_4DLC_resnet50_Freezing_07-2020Sep29shuffle1_100000filtered,1810,Unassigned,0.15720043,0.14962883,0.0786834,0.07735245,0.15099303,0.11053438,0.14423253,0.13137498,0.15720043
Animal 11_4DLC_resnet50_Freezing_07-2020Sep29shuffle1_100000filtered,1811,Unassigned,0.15928613,0.15161407,0.07972735,0.078378744,0.15299638,0.09873311,0.14614618,0.13311805,0.15928613
Animal 11_4DLC_resnet50_Freezing_07-2020Sep29shuffle1_100000filtered,1812,Climb,0.25414717,0.25414717,0.06882751,0.067663275,0.13207962,0.09868802,0.12616596,0.114918955,0.13750948
Animal 11_4DLC_resnet50_Freezing_07-2020Sep29shuffle1_100000filtered,1813,Climb,0.25349578,0.25349578,0.07059302,0.06748985,0.13174109,0.09905623,0.12584259,0.11462441,0.13715704
Animal 11_4DLC_resnet50_Freezing_07-2020Sep29shuffle1_100000filtered,1814,Climb,0.25661552,0.25661552,0.0714618,0.06832043,0.1333624,0.11610231,0.12739131,0.11603507,0.1107112
Animal 11_4DLC_resnet50_Freezing_07-2020Sep29shuffle1_100000filtered,1815,Climb,0.28368604,0.28368604,0.07900035,0.0755276,0.08162927,0.08866093,0.1408299,0.12827569,0.1223902
Animal 11_4DLC_resnet50_Freezing_07-2020Sep29shuffle1_100000filtered,1816,Climb,0.2806235,0.2806235,0.09071977,0.07471224,0.08074803,0.08592711,0.13930956,0.12689088,0.12106893
Animal 11_4DLC_resnet50_Freezing_07-2020Sep29shuffle1_100000filtered,1817,Climb,0.2841965,0.2841965,0.079142496,0.0756635,0.08177614,0.08702116,0.1410833,0.1285065,0.12261042
Animal 11_4DLC_resnet50_Freezing_07-2020Sep29shuffle1_100000filtered,1818,Climb,0.2593184,0.2593184,0.07022797,0.069040045,0.1347671,0.0986562,0.1287331,0.12737986,0.111877315
Animal 11_4DLC_resnet50_Freezing_07-2020Sep29shuffle1_100000filtered,1819,Climb,0.2535967,0.2535967,0.068678424,0.067516714,0.13179353,0.10545429,0.12589267,0.10985609,0.13721164
Animal 11_4DLC_resnet50_Freezing_07-2020Sep29shuffle1_100000filtered,1820,Climb,0.25246772,0.25246772,0.06837268,0.06721614,0.13120681,0.11498887,0.12533222,0.11452828,0.12588724
Animal 11_4DLC_resnet50_Freezing_07-2020Sep29shuffle1_100000filtered,1821,Climb,0.16111903,0.16111903,0.0847256,0.083292454,0.1282486,0.13009438,0.15530834,0.11155518,0.14565638
Animal 11_4DLC_resnet50_Freezing_07-2020Sep29shuffle1_100000filtered,1822,Locomotion,0.1846499,0.16409813,0.08629218,0.08483253,0.10059733,0.1846499,0.1406655,0.1105518,0.12831268
Animal 11_4DLC_resnet50_Freezing_07-2020Sep29shuffle1_100000filtered,1823,Locomotion,0.23486823,0.13255577,0.07898979,0.077653654,0.09208438,0.23486823,0.12876181,0.12815587,0.12693046
Animal 11_4DLC_resnet50_Freezing_07-2020Sep29shuffle1_100000filtered,1824,Turn,0.16686304,0.13377276,0.07971499,0.07836659,0.09292981,0.15572874,0.14585342,0.16686304,0.14677061
Animal 11_4DLC_resnet50_Freezing_07-2020Sep29shuffle1_100000filtered,1825,Turn,0.17615189,0.12939098,0.0771039,0.07579967,0.09353339,0.16498117,0.14107592,0.17615189,0.14196308
Animal 11_4DLC_resnet50_Freezing_07-2020Sep29shuffle1_100000filtered,1826,Turn,0.1779166,0.1405481,0.09722639,0.08233572,0.08898739,0.105540924,0.1532406,0.1779166,0.15420426
Animal 11_4DLC_resnet50_Freezing_07-2020Sep29shuffle1_100000filtered,1827,Turn,0.17593366,0.13898163,0.10940237,0.08141806,0.08799559,0.102250434,0.1515327,0.17593366,0.15248561
Animal 11_4DLC_resnet50_Freezing_07-2020Sep29shuffle1_100000filtered,1828,Turn,0.19434428,0.13377005,0.10529995,0.078365,0.08469589,0.09841621,0.14585045,0.19434428,0.15925819
Animal 11_4DLC_resnet50_Freezing_07-2020Sep29shuffle1_100000filtered,1829,Freeze,0.246423,0.10732897,0.246423,0.06764802,0.07311312,0.084957086,0.11528501,0.1677663,0.1374785
Animal 11_4DLC_resnet50_Freezing_07-2020Sep29shuffle1_100000filtered,1830,Freeze,0.37783894,0.0997441,0.37783894,0.06286738,0.06794626,0.07230424,0.107137896,0.10670428,0.10545685
Animal 11_4DLC_resnet50_Freezing_07-2020Sep29shuffle1_100000filtered,1831,Freeze,0.32150817,0.10195361,0.32150817,0.064260006,0.06945139,0.073905915,0.10951119,0.12881656,0.13059317
Animal 11_4DLC_resnet50_Freezing_07-2020Sep29shuffle1_100000filtered,1832,Freeze,0.24970905,0.1087602,0.24970905,0.06855011,0.07408808,0.07883999,0.11682233,0.16391845,0.13931178
Animal 11_4DLC_resnet50_Freezing_07-2020Sep29shuffle1_100000filtered,1833,Freeze,0.21876565,0.111644424,0.21876565,0.07036801,0.07605284,0.08093076,0.1309667,0.16826543,0.1430062
Animal 11_4DLC_resnet50_Freezing_07-2020Sep29shuffle1_100000filtered,1834,Freeze,0.21876565,0.111644424,0.21876565,0.07036801,0.07605284,0.08093076,0.1309667,0.16826543,0.1430062
Animal 11_4DLC_resnet50_Freezing_07-2020Sep29shuffle1_100000filtered,1835,Turn,0.17987503,0.119347416,0.16486378,0.075223096,0.08130016,0.086514644,0.14000285,0.17987503,0.15287302
Animal 11_4DLC_resnet50_Freezing_07-2020Sep29shuffle1_100000filtered,1836,Turn,0.17987503,0.119347416,0.16486378,0.075223096,0.08130016,0.086514644,0.14000285,0.17987503,0.15287302
Animal 11_4DLC_resnet50_Freezing_07-2020Sep29shuffle1_100000filtered,1837,Turn,0.18141991,0.13076401,0.10063772,0.082418814,0.0890772,0.09479049,0.15339528,0.18141991,0.1674966
Animal 11_4DLC_resnet50_Freezing_07-2020Sep29shuffle1_100000filtered,1838,Turn,0.19143973,0.122474104,0.13613246,0.077193804,0.083430074,0.08878117,0.14367066,0.19143973,0.15687802
Animal 11_4DLC_resnet50_Freezing_07-2020Sep29shuffle1_100000filtered,1839,Turn,0.19980657,0.12782681,0.09837723,0.080567546,0.08707637,0.092661336,0.14994976,0.19980657,0.16373435
Animal 11_4DLC_resnet50_Freezing_07-2020Sep29shuffle1_100000filtered,1840,Turn,0.1927391,0.12330538,0.08174624,0.07771775,0.13251917,0.08938376,0.14464581,0.1927391,0.15794282
Animal 11_4DLC_resnet50_Freezing_07-2020Sep29shuffle1_100000filtered,1841,Jump,0.22773348,0.10945824,0.07073495,0.068990074,0.22773348,0.09858479,0.11319805,0.17109458,0.14020589
Animal 11_4DLC_resnet50_Freezing_07-2020Sep29shuffle1_100000filtered,1842,Jump,0.22739677,0.109296404,0.07007339,0.068888076,0.22739677,0.100474425,0.11303069,0.17084162,0.1399986
Animal 11_4DLC_resnet50_Freezing_07-2020Sep29shuffle1_100000filtered,1843,Jump,0.22578876,0.108523525,0.06957787,0.06840094,0.22578876,0.106835365,0.1122314,0.16963354,0.13900861
Animal 11_4DLC_resnet50_Freezing_07-2020Sep29shuffle1_100000filtered,1844,Jump,0.15926744,0.12926742,0.08287744,0.08147555,0.15926744,0.13941616,0.13368405,0.14083432,0.13317762
Animal 11_4DLC_resnet50_Freezing_07-2020Sep29shuffle1_100000filtered,1845,Jump,0.25986448,0.1086434,0.06965472,0.0684765,0.25986448,0.106953375,0.112355374,0.14580442,0.12824772
Animal 11_4DLC_resnet50_Freezing_07-2020Sep29shuffle1_100000filtered,1846,Jump,0.19219233,0.11127355,0.07134099,0.07013424,0.19219233,0.17366889,0.11507539,0.15167513,0.11463946
Animal 11_4DLC_resnet50_Freezing_07-2020Sep29shuffle1_100000filtered,1847,Jump,0.19668986,0.11692934,0.0749671,0.07369901,0.19668986,0.10749126,0.12092442,0.17127015,0.13802883
Animal 11_4DLC_resnet50_Freezing_07-2020Sep29shuffle1_100000filtered,1848,Turn,0.1909058,0.13033496,0.08356187,0.082148395,0.12666687,0.11981482,0.11271388,0.1909058,0.15385345
Animal 11_4DLC_resnet50_Freezing_07-2020Sep29shuffle1_100000filtered,1849,Turn,0.199169,0.13597642,0.087178774,0.08570413,0.10590538,0.10796084,0.11759262,0.199169,0.16051286
Animal 11_4DLC_resnet50_Freezing_07-2020Sep29shuffle1_100000filtered,1850,Turn,0.199169,0.13597642,0.087178774,0.08570413,0.10590538,0.10796084,0.11759262,0.199169,0.16051286
Animal 11_4DLC_resnet50_Freezing_07-2020Sep29shuffle1_100000filtered,1851,Turn,0.19591257,0.12998836,0.08333965,0.08192994,0.10124157,0.12796628,0.12617736,0.19591257,0.1534443
Animal 11_4DLC_resnet50_Freezing_07-2020Sep29shuffle1_100000filtered,1852,Turn,0.17667139,0.13945004,0.08309808,0.08169246,0.10094811,0.13932882,0.1258116,0.17667139,0.15299952
Animal 11_4DLC_resnet50_Freezing_07-2020Sep29shuffle1_100000filtered,1853,Turn,0.18409364,0.11386404,0.086589165,0.08512449,0.10518911,0.14518225,0.13109715,0.18409364,0.14886014
Animal 11_4DLC_resnet50_Freezing_07-2020Sep29shuffle1_100000filtered,1854,Locomotion,0.20629305,0.10205134,0.07760606,0.076293334,0.13055766,0.20629305,0.117496625,0.16499503,0.12470694
Animal 11_4DLC_resnet50_Freezing_07-2020Sep29shuffle1_100000filtered,1855,Jump,0.2027278,0.10058386,0.076490104,0.07519626,0.2027278,0.12824936,0.11580704,0.16011256,0.14083298
Animal 11_4DLC_resnet50_Freezing_07-2020Sep29shuffle1_100000filtered,1856,Turn,0.18398352,0.10589879,0.0805319,0.07916969,0.15412623,0.12608878,0.12192638,0.18398352,0.14827469
Animal 11_4DLC_resnet50_Freezing_07-2020Sep29shuffle1_100000filtered,1857,Turn,0.16967133,0.10658875,0.08105659,0.079685494,0.1551304,0.13590589,0.122720756,0.16967133,0.14924075
Animal 11_4DLC_resnet50_Freezing_07-2020Sep29shuffle1_100000filtered,1858,Turn,0.16461639,0.10341321,0.07864171,0.07731147,0.15050869,0.15262255,0.11906461,0.16461639,0.15382141
Animal 11_4DLC_resnet50_Freezing_07-2020Sep29shuffle1_100000filtered,1859,Locomotion,0.3301244,0.096368514,0.073284484,0.072044864,0.089550465,0.3301244,0.110953696,0.10991108,0.11776249
Animal 11_4DLC_resnet50_Freezing_07-2020Sep29shuffle1_100000filtered,1860,Locomotion,0.30456352,0.091751255,0.06761021,0.06646657,0.17919272,0.30456352,0.10236277,0.08736261,0.100690395
Animal 11_4DLC_resnet50_Freezing_07-2020Sep29shuffle1_100000filtered,1861,Locomotion,0.3724787,0.091295384,0.06727429,0.06613633,0.113842465,0.3724787,0.10185418,0.08692855,0.1001901
Animal 11_4DLC_resnet50_Freezing_07-2020Sep29shuffle1_100000filtered,1862,Locomotion,0.37284517,0.091385216,0.06734048,0.066201404,0.11312693,0.37284517,0.1019544,0.08701408,0.100132346
Animal 11_4DLC_resnet50_Freezing_07-2020Sep29shuffle1_100000filtered,1863,Locomotion,0.36079463,0.0884316,0.065164,0.06406174,0.121656895,0.36079463,0.1051117,0.09773209,0.0970473
Animal 11_4DLC_resnet50_Freezing_07-2020Sep29shuffle1_100000filtered,1864,Locomotion,0.36079463,0.0884316,0.065164,0.06406174,0.121656895,0.36079463,0.1051117,0.09773209,0.0970473
Animal 11_4DLC_resnet50_Freezing_07-2020Sep29shuffle1_100000filtered,1865,Locomotion,0.3694418,0.08725596,0.06429769,0.06321008,0.120039545,0.3694418,0.10371431,0.0964328,0.09560784
Animal 11_4DLC_resnet50_Freezing_07-2020Sep29shuffle1_100000filtered,1866,Locomotion,0.37295538,0.08808581,0.066745274,0.063811235,0.121181175,0.37295538,0.10470068,0.09734992,0.08517053
Animal 11_4DLC_resnet50_Freezing_07-2020Sep29shuffle1_100000filtered,1867,Locomotion,0.3687711,0.08709755,0.06599644,0.06309532,0.11982161,0.3687711,0.10352601,0.096257724,0.09543427
Animal 11_4DLC_resnet50_Freezing_07-2020Sep29shuffle1_100000filtered,1868,Locomotion,0.17898583,0.10855133,0.08225261,0.0786369,0.14933595,0.17898583,0.12817699,0.11760191,0.15645851
Animal 11_4DLC_resnet50_Freezing_07-2020Sep29shuffle1_100000filtered,1869,Turn,0.16052079,0.14495651,0.089009255,0.07969276,0.10928419,0.14633691,0.11164032,0.16052079,0.15855928
Animal 11_4DLC_resnet50_Freezing_07-2020Sep29shuffle1_100000filtered,1870,Locomotion,0.18257941,0.14590776,0.089593366,0.08021572,0.110001355,0.18257941,0.11237294,0.11972961,0.1595998
Animal 11_4DLC_resnet50_Freezing_07-2020Sep29shuffle1_100000filtered,1871,Unassigned,0.18642686,0.13648827,0.09254511,0.07503717,0.102899894,0.17079248,0.10511838,0.13069184,0.18642686
Animal 11_4DLC_resnet50_Freezing_07-2020Sep29shuffle1_100000filtered,1872,Climb,0.18088196,0.18088196,0.08396034,0.0751723,0.10308521,0.17110005,0.10530769,0.1309272,0.14956523
Animal 11_4DLC_resnet50_Freezing_07-2020Sep29shuffle1_100000filtered,1873,Climb,0.18117923,0.18117923,0.08409832,0.075295836,0.103254616,0.138263,0.105480745,0.16261725,0.14981103
Animal 11_4DLC_resnet50_Freezing_07-2020Sep29shuffle1_100000filtered,1874,Climb,0.17576128,0.17576128,0.08158346,0.0730442,0.10016692,0.1662563,0.102326475,0.15553027,0.14533111
Animal 11_4DLC_resnet50_Freezing_07-2020Sep29shuffle1_100000filtered,1875,Climb,0.17937082,0.17937082,0.09646276,0.07454429,0.089535184,0.12448955,0.11404718,0.17323449,0.14831573
Animal 11_4DLC_resnet50_Freezing_07-2020Sep29shuffle1_100000filtered,1876,Climb,0.18122257,0.18122257,0.091450274,0.07531385,0.09045951,0.11639028,0.115224555,0.18009204,0.14984688
Animal 11_4DLC_resnet50_Freezing_07-2020Sep29shuffle1_100000filtered,1877,Turn,0.18407962,0.14009272,0.10344084,0.07698144,0.09246245,0.118967384,0.117775835,0.18407962,0.16619974
Animal 11_4DLC_resnet50_Freezing_07-2020Sep29shuffle1_100000filtered,1878,Turn,0.17279983,0.1315083,0.15837902,0.07226427,0.086796656,0.11167746,0.11055892,0.17279983,0.15601557
Animal 11_4DLC_resnet50_Freezing_07-2020Sep29shuffle1_100000filtered,1879,Turn,0.17870532,0.13600264,0.14493933,0.07473393,0.08976296,0.10017105,0.11433732,0.17870532,0.16134748
Animal 11_4DLC_resnet50_Freezing_07-2020Sep29shuffle1_100000filtered,1880,Turn,0.18108566,0.1378142,0.13354991,0.07572938,0.0909586,0.10150532,0.11586028,0.18108566,0.16349661
Animal 11_4DLC_resnet50_Freezing_07-2020Sep29shuffle1_100000filtered,1881,Climb,0.18192224,0.18192224,0.079523586,0.075604625,0.10367807,0.099587455,0.11566942,0.18078735,0.16322728
Animal 11_4DLC_resnet50_Freezing_07-2020Sep29shuffle1_100000filtered,1882,Climb,0.16985963,0.16985963,0.07425066,0.070591554,0.1531351,0.10295898,0.107999794,0.1688,0.15240426
Animal 11_4DLC_resnet50_Freezing_07-2020Sep29shuffle1_100000filtered,1883,Climb,0.16232483,0.16232483,0.06916637,0.06746019,0.14634219,0.115406364,0.13234408,0.1613122,0.14564377
Animal 11_4DLC_resnet50_Freezing_07-2020Sep29shuffle1_100000filtered,1884,Climb,0.16961467,0.16961467,0.07170262,0.07048975,0.15291426,0.10669361,0.10784405,0.16855656,0.15218447
Animal 11_4DLC_resnet50_Freezing_07-2020Sep29shuffle1_100000filtered,1885,Climb,0.16768335,0.16768335,0.07088617,0.06968711,0.15117308,0.10989241,0.11358898,0.16663727,0.15045162
Animal 11_4DLC_resnet50_Freezing_07-2020Sep29shuffle1_100000filtered,1886,Climb,0.17147489,0.17147489,0.07248901,0.07126284,0.15459132,0.1018325,0.11615739,0.17040518,0.14178684
Animal 11_4DLC_resnet50_Freezing_07-2020Sep29shuffle1_100000filtered,1887,Climb,0.16785856,0.16785856,0.070960246,0.069759935,0.15133105,0.13904874,0.11370768,0.14853719,0.13879663
Animal 11_4DLC_resnet50_Freezing_07-2020Sep29shuffle1_100000filtered,1888,Climb,0.17432147,0.17432147,0.085547894,0.07244584,0.08701474,0.14212146,0.11808567,0.173234,0.14722891
Animal 11_4DLC_resnet50_Freezing_07-2020Sep29shuffle1_100000filtered,1889,Climb,0.16318351,0.16318351,0.06898392,0.06781704,0.1471163,0.14237095,0.110540785,0.16216551,0.13782197
Animal 11_4DLC_resnet50_Freezing_07-2020Sep29shuffle1_100000filtered,1890,Climb,0.1681896,0.1681896,0.07110018,0.0698975,0.1516295,0.12720184,0.11393192,0.16714036,0.1309091
Animal 11_4DLC_resnet50_Freezing_07-2020Sep29shuffle1_100000filtered,1891,Climb,0.17132662,0.17132662,0.07242633,0.07120122,0.15445764,0.12957439,0.11605695,0.15160607,0.13335077
Animal 11_4DLC_resnet50_Freezing_07-2020Sep29shuffle1_100000filtered,1892,Locomotion,0.16542761,0.16453707,0.069556125,0.06837956,0.13366757,0.16542761,0.11145769,0.1589082,0.12806617
Animal 11_4DLC_resnet50_Freezing_07-2020Sep29shuffle1_100000filtered,1893,Locomotion,0.16380097,0.16291918,0.068872176,0.06770719,0.10439958,0.16380097,0.12995197,0.15734567,0.14500327
Animal 11_4DLC_resnet50_Freezing_07-2020Sep29shuffle1_100000filtered,1894,Locomotion,0.17435302,0.14414659,0.08029456,0.07893635,0.097542375,0.17435302,0.1286651,0.1482243,0.1478377
Animal 11_4DLC_resnet50_Freezing_07-2020Sep29shuffle1_100000filtered,1895,Locomotion,0.18820968,0.13808106,0.07937661,0.07803393,0.09642724,0.18820968,0.12719417,0.14652975,0.14614758
Animal 11_4DLC_resnet50_Freezing_07-2020Sep29shuffle1_100000filtered,1896,Locomotion,0.17996702,0.13203378,0.075900294,0.074616425,0.14526202,0.17996702,0.12162369,0.14011246,0.13048433
Animal 11_4DLC_resnet50_Freezing_07-2020Sep29shuffle1_100000filtered,1897,Locomotion,0.17055191,0.15968104,0.071929514,0.07071281,0.13229409,0.17055191,0.12961218,0.13278237,0.13243605
Animal 11_4DLC_resnet50_Freezing_07-2020Sep29shuffle1_100000filtered,1898,Locomotion,0.18450205,0.15771344,0.0710432,0.06984148,0.09577496,0.18450205,0.12801509,0.16230558,0.13080417
Animal 11_4DLC_resnet50_Freezing_07-2020Sep29shuffle1_100000filtered,1899,Locomotion,0.18021682,0.16872992,0.07600565,0.074719995,0.10246496,0.18021682,0.122018054,0.13590361,0.139941
Animal 11_4DLC_resnet50_Freezing_07-2020Sep29shuffle1_100000filtered,1900,Climb,0.17843665,0.17843665,0.080378115,0.0790185,0.09490916,0.1485419,0.12903754,0.14168662,0.14799155
Animal 11_4DLC_resnet50_Freezing_07-2020Sep29shuffle1_100000filtered,1901,Climb,0.23184592,0.23184592,0.07136338,0.070156254,0.09620661,0.16920954,0.11456545,0.1152592,0.1313937
Animal 11_4DLC_resnet50_Freezing_07-2020Sep29shuffle1_100000filtered,1902,Climb,0.23199977,0.23199977,0.07141074,0.07020281,0.09627046,0.15811443,0.11464147,0.12587936,0.13148089
Animal 11_4DLC_resnet50_Freezing_07-2020Sep29shuffle1_100000filtered,1903,Climb,0.22572573,0.22572573,0.07075218,0.06955539,0.09538264,0.15665628,0.11358424,0.13807522,0.13026835
Animal 11_4DLC_resnet50_Freezing_07-2020Sep29shuffle1_100000filtered,1904,Climb,0.2195248,0.2195248,0.06880855,0.067644626,0.09276237,0.15235277,0.11046396,0.16175324,0.12668975
Animal 11_4DLC_resnet50_Freezing_07-2020Sep29shuffle1_100000filtered,1905,Climb,0.23030055,0.23030055,0.09273346,0.07096508,0.0852362,0.090965636,0.11588627,0.16969317,0.14421962
Animal 11_4DLC_resnet50_Freezing_07-2020Sep29shuffle1_100000filtered,1906,Climb,0.23012097,0.23012097,0.09528224,0.070909746,0.08516974,0.08905338,0.11579591,0.16956085,0.14410718
Animal 11_4DLC_resnet50_Freezing_07-2020Sep29shuffle1_100000filtered,1907,Climb,0.23591492,0.23591492,0.09784597,0.0726951,0.08731413,0.09129555,0.118711405,0.14848745,0.14773548
Animal 11_4DLC_resnet50_Freezing_07-2020Sep29shuffle1_100000filtered,1908,Freeze,0.2324472,0.210878,0.2324472,0.06381139,0.0766439,0.07338995,0.095415205,0.11773292,0.12968145
Animal 11_4DLC_resnet50_Freezing_07-2020Sep29shuffle1_100000filtered,1909,Freeze,0.4445338,0.15952732,0.4445338,0.04915693,0.059042413,0.056535754,0.07350285,0.07524262,0.08245828
Animal 11_4DLC_resnet50_Freezing_07-2020Sep29shuffle1_100000filtered,1910,Climb,0.23285948,0.23285948,0.17916429,0.07046296,0.0846331,0.08103997,0.10536108,0.1154694,0.13100968
Animal 11_4DLC_resnet50_Freezing_07-2020Sep29shuffle1_100000filtered,1911,Climb,0.2277912,0.2277912,0.17325197,0.06892931,0.08279102,0.07927611,0.10306786,0.12481016,0.14008239
Animal 11_4DLC_resnet50_Freezing_07-2020Sep29shuffle1_100000filtered,1912,Freeze,0.28158733,0.1979419,0.28158733,0.05989695,0.071942255,0.06888792,0.08956206,0.10845529,0.12172628
Animal 11_4DLC_resnet50_Freezing_07-2020Sep29shuffle1_100000filtered,1913,Freeze,0.2834943,0.1992824,0.2834943,0.06030258,0.07242946,0.06935444,0.09016859,0.10241759,0.12255063
Animal 11_4DLC_resnet50_Freezing_07-2020Sep29shuffle1_100000filtered,1914,Climb,0.2230917,0.2230917,0.17479289,0.06874374,0.08256815,0.07906269,0.091408916,0.14062661,0.13970529
Animal 11_4DLC_resnet50_Freezing_07-2020Sep29shuffle1_100000filtered,1915,Climb,0.2230917,0.2230917,0.17479289,0.06874374,0.08256815,0.07906269,0.091408916,0.14062661,0.13970529
Animal 11_4DLC_resnet50_Freezing_07-2020Sep29shuffle1_100000filtered,1916,Climb,0.2183843,0.2183843,0.12139428,0.06729319,0.14597993,0.0830515,0.08948011,0.13765927,0.13675739
Animal 11_4DLC_resnet50_Freezing_07-2020Sep29shuffle1_100000filtered,1917,Climb,0.22862121,0.22862121,0.17912526,0.07044761,0.084614664,0.082697585,0.093674555,0.11765114,0.14316799
Animal 11_4DLC_resnet50_Freezing_07-2020Sep29shuffle1_100000filtered,1918,Climb,0.20616244,0.20616244,0.17959245,0.06238447,0.13533138,0.08914558,0.12862998,0.0941069,0.1046468
Animal 11_4DLC_resnet50_Freezing_07-2020Sep29shuffle1_100000filtered,1919,Climb,0.2054936,0.2054936,0.1790098,0.06218208,0.13489233,0.09069361,0.08268384,0.093801595,0.15124317
Animal 11_4DLC_resnet50_Freezing_07-2020Sep29shuffle1_100000filtered,1920,Climb,0.22331929,0.22331929,0.15879974,0.06757611,0.14659366,0.0985609,0.08985631,0.101938486,0.11335552
Animal 11_4DLC_resnet50_Freezing_07-2020Sep29shuffle1_100000filtered,1921,Climb,0.22955519,0.22955519,0.123809755,0.06946309,0.1506871,0.101313084,0.103866,0.10478498,0.11652082
Animal 11_4DLC_resnet50_Freezing_07-2020Sep29shuffle1_100000filtered,1922,Climb,0.24213412,0.24213412,0.090364955,0.07326946,0.1589443,0.09229698,0.10955755,0.11052688,0.12290581
Animal 11_4DLC_resnet50_Freezing_07-2020Sep29shuffle1_100000filtered,1923,Climb,0.37748984,0.37748984,0.06570486,0.058827605,0.12761542,0.07410469,0.0879631,0.08874136,0.11955308
Animal 11_4DLC_resnet50_Freezing_07-2020Sep29shuffle1_100000filtered,1924,Climb,0.36031872,0.36031872,0.15672557,0.056151673,0.0674438,0.06591576,0.08396186,0.09536771,0.114114895
Animal 11_4DLC_resnet50_Freezing_07-2020Sep29shuffle1_100000filtered,1925,Climb,0.3391596,0.3391596,0.107949786,0.06344222,0.07620049,0.07296537,0.10360141,0.10774994,0.12893121
Animal 11_4DLC_resnet50_Freezing_07-2020Sep29shuffle1_100000filtered,1926,Climb,0.21201876,0.21201876,0.11686081,0.07700867,0.092495166,0.08856825,0.12575549,0.13079113,0.15650177
Animal 11_4DLC_resnet50_Freezing_07-2020Sep29shuffle1_100000filtered,1927,Climb,0.19634263,0.19634263,0.09322285,0.07131485,0.15470415,0.10190682,0.11645745,0.12112077,0.14493044
Animal 11_4DLC_resnet50_Freezing_07-2020Sep29shuffle1_100000filtered,1928,Climb,0.19451442,0.19451442,0.081915885,0.07065081,0.15326364,0.11034944,0.11537307,0.13035175,0.14358094
Animal 11_4DLC_resnet50_Freezing_07-2020Sep29shuffle1_100000filtered,1929,Climb,0.21387884,0.21387884,0.09051901,0.07768428,0.09330664,0.09654909,0.12685876,0.1433286,0.1578748
Animal 11_4DLC_resnet50_Freezing_07-2020Sep29shuffle1_100000filtered,1930,Climb,0.21745965,0.21745965,0.08261661,0.078984894,0.0948688,0.090841115,0.12898266,0.14572825,0.16051798
Animal 11_4DLC_resnet50_Freezing_07-2020Sep29shuffle1_100000filtered,1931,Climb,0.21358371,0.21358371,0.09896787,0.07757709,0.093177885,0.089221984,0.12668371,0.14313082,0.15765695
Animal 11_4DLC_resnet50_Freezing_07-2020Sep29shuffle1_100000filtered,1932,Climb,0.1920845,0.1920845,0.12585914,0.06976823,0.15134905,0.08610613,0.10432228,0.12872337,0.14178729
Animal 11_4DLC_resnet50_Freezing_07-2020Sep29shuffle1_100000filtered,1933,Climb,0.19604817,0.19604817,0.18105842,0.071207896,0.085527845,0.083590075,0.106474966,0.13137957,0.14471307
Animal 11_4DLC_resnet50_Freezing_07-2020Sep29shuffle1_100000filtered,1934,Climb,0.19887479,0.19887479,0.18155967,0.07223457,0.08676098,0.08307751,0.10801012,0.12268282,0.14679955
Animal 11_4DLC_resnet50_Freezing_07-2020Sep29shuffle1_100000filtered,1935,Freeze,0.21327397,0.18887246,0.21327397,0.06860156,0.082397364,0.07889915,0.112026624,0.11651252,0.13941632
Animal 11_4DLC_resnet50_Freezing_07-2020Sep29shuffle1_100000filtered,1936,Climb,0.20155478,0.20155478,0.16044731,0.07320798,0.08793015,0.084197044,0.11954894,0.12433606,0.14877777
Animal 11_4DLC_resnet50_Freezing_07-2020Sep29shuffle1_100000filtered,1937,Climb,0.21201876,0.21201876,0.11686081,0.07700867,0.092495166,0.08856825,0.12575549,0.13079113,0.15650177
Animal 11_4DLC_resnet50_Freezing_07-2020Sep29shuffle1_100000filtered,1938,Jump,0.17051327,0.14960134,0.08267682,0.07860247,0.17051327,0.097009115,0.12835816,0.13349803,0.1597408
Animal 11_4DLC_resnet50_Freezing_07-2020Sep29shuffle1_100000filtered,1939,Jump,0.16386339,0.143767,0.0774475,0.07553703,0.16386339,0.117981225,0.12335228,0.14454052,0.15351103
Animal 11_4DLC_resnet50_Freezing_07-2020Sep29shuffle1_100000filtered,1940,Jump,0.1713031,0.10269864,0.08032528,0.078966565,0.1713031,0.1233378,0.12895271,0.15393516,0.16048072
Animal 11_4DLC_resnet50_Freezing_07-2020Sep29shuffle1_100000filtered,1941,Jump,0.16086255,0.10702289,0.08370748,0.08229155,0.16086255,0.12853108,0.15083528,0.14284311,0.14390607
Animal 11_4DLC_resnet50_Freezing_07-2020Sep29shuffle1_100000filtered,1942,Jump,0.28769326,0.08369958,0.06960126,0.06842393,0.28769326,0.1489343,0.12541682,0.104387015,0.11184383
Animal 11_4DLC_resnet50_Freezing_07-2020Sep29shuffle1_100000filtered,1943,Locomotion,0.20327912,0.09124177,0.0746527,0.07338993,0.19785799,0.20327912,0.11962452,0.12894867,0.11100529
Animal 11_4DLC_resnet50_Freezing_07-2020Sep29shuffle1_100000filtered,1944,Locomotion,0.21693295,0.09593901,0.07295788,0.07172378,0.20449418,0.21693295,0.116908714,0.12602119,0.09502233
Animal 11_4DLC_resnet50_Freezing_07-2020Sep29shuffle1_100000filtered,1945,Jump,0.26492473,0.07889247,0.059994638,0.05897982,0.26492473,0.25830325,0.09083269,0.103629604,0.08444282
Animal 11_4DLC_resnet50_Freezing_07-2020Sep29shuffle1_100000filtered,1946,Jump,0.2791116,0.07803912,0.05934571,0.058341864,0.2791116,0.25550932,0.0898502,0.1025087,0.07729346
Animal 11_4DLC_resnet50_Freezing_07-2020Sep29shuffle1_100000filtered,1947,Jump,0.35217637,0.06450154,0.04753028,0.046726298,0.35217637,0.2730996,0.07196148,0.08209973,0.06190472
Animal 11_4DLC_resnet50_Freezing_07-2020Sep29shuffle1_100000filtered,1948,Jump,0.26950437,0.077763714,0.05730299,0.056333695,0.26950437,0.24985395,0.08675749,0.1218295,0.08065429
Animal 11_4DLC_resnet50_Freezing_07-2020Sep29shuffle1_100000filtered,1949,Jump,0.3031002,0.087457575,0.064446256,0.06335613,0.3031002,0.14420521,0.09000596,0.1370165,0.11041213
Animal 11_4DLC_resnet50_Freezing_07-2020Sep29shuffle1_100000filtered,1950,Locomotion,0.363727,0.085906215,0.06330308,0.062232293,0.12903629,0.363727,0.08840939,0.11828629,0.08909946
Animal 11_4DLC_resnet50_Freezing_07-2020Sep29shuffle1_100000filtered,1951,Locomotion,0.31122693,0.073506586,0.054165967,0.053249735,0.2547505,0.31122693,0.07564845,0.10121295,0.076238915
Animal 11_4DLC_resnet50_Freezing_07-2020Sep29shuffle1_100000filtered,1952,Locomotion,0.2782988,0.089887746,0.06623701,0.0651166,0.17390011,0.2782988,0.092506945,0.14082377,0.093228996
Animal 11_4DLC_resnet50_Freezing_07-2020Sep29shuffle1_100000filtered,1953,Locomotion,0.31493232,0.07719064,0.056880694,0.055918545,0.23526937,0.31493232,0.079439856,0.10628561,0.07408296
Animal 11_4DLC_resnet50_Freezing_07-2020Sep29shuffle1_100000filtered,1954,Locomotion,0.31306118,0.07673202,0.056542743,0.055586312,0.23387153,0.31306118,0.07896788,0.10565413,0.07958425
Animal 11_4DLC_resnet50_Freezing_07-2020Sep29shuffle1_100000filtered,1955,Jump,0.20209682,0.1038512,0.07652649,0.07523203,0.20209682,0.16500483,0.10687728,0.1626998,0.107711494
Animal 11_4DLC_resnet50_Freezing_07-2020Sep29shuffle1_100000filtered,1956,Locomotion,0.34197488,0.08381884,0.061764922,0.060720157,0.16311337,0.34197488,0.0862612,0.11541214,0.0869345
Animal 11_4DLC_resnet50_Freezing_07-2020Sep29shuffle1_100000filtered,1957,Locomotion,0.1863179,0.11726528,0.08641113,0.08494947,0.09903462,0.1863179,0.120682225,0.18371515,0.1216242
Animal 11_4DLC_resnet50_Freezing_07-2020Sep29shuffle1_100000filtered,1958,Turn,0.17462882,0.1438387,0.08043885,0.07907821,0.09842214,0.17344058,0.11234131,0.17462882,0.13781135
Animal 11_4DLC_resnet50_Freezing_07-2020Sep29shuffle1_100000filtered,1959,Turn,0.17465143,0.14385732,0.08044926,0.07908844,0.0983055,0.17346303,0.11235584,0.17465143,0.13782918
Animal 11_4DLC_resnet50_Freezing_07-2020Sep29shuffle1_100000filtered,1960,Turn,0.17130621,0.14110191,0.07890836,0.077573605,0.09642259,0.17014056,0.11020382,0.17130621,0.15434296
Animal 11_4DLC_resnet50_Freezing_07-2020Sep29shuffle1_100000filtered,1961,Turn,0.17130621,0.14110191,0.07890836,0.077573605,0.09642259,0.17014056,0.11020382,0.17130621,0.15434296
Animal 11_4DLC_resnet50_Freezing_07-2020Sep29shuffle1_100000filtered,1962,Turn,0.17130621,0.14110191,0.07890836,0.077573605,0.09642259,0.17014056,0.11020382,0.17130621,0.15434296
Animal 11_4DLC_resnet50_Freezing_07-2020Sep29shuffle1_100000filtered,1963,Turn,0.1697337,0.13980666,0.078184016,0.07686152,0.095537476,0.16857876,0.11837166,0.1697337,0.15292618
Animal 11_4DLC_resnet50_Freezing_07-2020Sep29shuffle1_100000filtered,1964,Turn,0.18846554,0.14223318,0.079541,0.07819554,0.09719564,0.13836257,0.12042614,0.18846554,0.15558039
Animal 11_4DLC_resnet50_Freezing_07-2020Sep29shuffle1_100000filtered,1965,Turn,0.18846554,0.14223318,0.079541,0.07819554,0.09719564,0.13836257,0.12042614,0.18846554,0.15558039
Animal 11_4DLC_resnet50_Freezing_07-2020Sep29shuffle1_100000filtered,1966,Turn,0.19705623,0.11247376,0.10683952,0.08175988,0.089011446,0.124271594,0.12591544,0.19705623,0.16267209
Animal 11_4DLC_resnet50_Freezing_07-2020Sep29shuffle1_100000filtered,1967,Turn,0.19102235,0.14010493,0.07835083,0.0770255,0.09504601,0.13353129,0.1186242,0.19102235,0.1662949
Animal 11_4DLC_resnet50_Freezing_07-2020Sep29shuffle1_100000filtered,1968,Locomotion,0.16779485,0.13915655,0.07782046,0.07650411,0.09440264,0.16779485,0.11782122,0.16133091,0.16516922
Animal 11_4DLC_resnet50_Freezing_07-2020Sep29shuffle1_100000filtered,1969,Turn,0.18443453,0.14029476,0.07845698,0.07712986,0.09517479,0.15226404,0.118784934,0.18443453,0.15346009
Animal 11_4DLC_resnet50_Freezing_07-2020Sep29shuffle1_100000filtered,1970,Turn,0.16761637,0.14318785,0.08007488,0.07872039,0.097137436,0.15540396,0.12123444,0.16761637,0.15662464
Animal 11_4DLC_resnet50_Freezing_07-2020Sep29shuffle1_100000filtered,1971,Unassigned,0.15978807,0.14607988,0.08169219,0.080310345,0.09909937,0.15854272,0.12368307,0.15080433,0.15978807
Animal 11_4DLC_resnet50_Freezing_07-2020Sep29shuffle1_100000filtered,1972,Locomotion,0.1676929,0.11725967,0.086407,0.0849454,0.10481882,0.1676929,0.13082136,0.1595079,0.14854696
Animal 11_4DLC_resnet50_Freezing_07-2020Sep29shuffle1_100000filtered,1973,Locomotion,0.3407054,0.092778124,0.06836689,0.06721045,0.11485122,0.3407054,0.10350839,0.11092091,0.10165857
Animal 11_4DLC_resnet50_Freezing_07-2020Sep29shuffle1_100000filtered,1974,Locomotion,0.36187312,0.088695936,0.06535879,0.06425323,0.109797835,0.36187312,0.09895409,0.10604046,0.105026506
Animal 11_4DLC_resnet50_Freezing_07-2020Sep29shuffle1_100000filtered,1975,Locomotion,0.36473292,0.08939689,0.06587531,0.06476101,0.11066555,0.36473292,0.09973611,0.10687848,0.09795369
Animal 11_4DLC_resnet50_Freezing_07-2020Sep29shuffle1_100000filtered,1976,Locomotion,0.36898193,0.09043833,0.06664273,0.06551545,0.11195476,0.36898193,0.100898,0.10812358,0.08744519
Animal 11_4DLC_resnet50_Freezing_07-2020Sep29shuffle1_100000filtered,1977,Locomotion,0.36871925,0.09037395,0.066595286,0.06618069,0.111875065,0.36871925,0.10082617,0.108046606,0.08738294
Animal 11_4DLC_resnet50_Freezing_07-2020Sep29shuffle1_100000filtered,1978,Locomotion,0.36871925,0.09037395,0.066595286,0.06618069,0.111875065,0.36871925,0.10082617,0.108046606,0.08738294
Animal 11_4DLC_resnet50_Freezing_07-2020Sep29shuffle1_100000filtered,1979,Locomotion,0.36860767,0.09034659,0.06657513,0.06646339,0.1118412,0.36860767,0.10079565,0.108013906,0.08735649
Animal 11_4DLC_resnet50_Freezing_07-2020Sep29shuffle1_100000filtered,1980,Locomotion,0.3679148,0.09017677,0.06832966,0.06633846,0.111630976,0.3679148,0.10060618,0.10781087,0.08719229
Animal 11_4DLC_resnet50_Freezing_07-2020Sep29shuffle1_100000filtered,1981,Locomotion,0.3786944,0.09281887,0.07033166,0.06828212,0.11490167,0.3786944,0.10355386,0.08167047,0.08974696
Animal 11_4DLC_resnet50_Freezing_07-2020Sep29shuffle1_100000filtered,1982,Locomotion,0.3786944,0.09281887,0.07033166,0.06828212,0.11490167,0.3786944,0.10355386,0.08167047,0.08974696
Animal 11_4DLC_resnet50_Freezing_07-2020Sep29shuffle1_100000filtered,1983,Locomotion,0.3791669,0.09293468,0.075046,0.06836732,0.07983497,0.3791669,0.10368307,0.111108094,0.089858934
Animal 11_4DLC_resnet50_Freezing_07-2020Sep29shuffle1_100000filtered,1984,Locomotion,0.3791669,0.09293468,0.075046,0.06836732,0.07983497,0.3791669,0.10368307,0.111108094,0.089858934
Animal 11_4DLC_resnet50_Freezing_07-2020Sep29shuffle1_100000filtered,1985,Locomotion,0.39249703,0.09620193,0.07289511,0.07077086,0.082641676,0.39249703,0.10732819,0.08464719,0.09301805
Animal 11_4DLC_resnet50_Freezing_07-2020Sep29shuffle1_100000filtered,1986,Locomotion,0.39249703,0.09620193,0.07289511,0.07077086,0.082641676,0.39249703,0.10732819,0.08464719,0.09301805
Animal 11_4DLC_resnet50_Freezing_07-2020Sep29shuffle1_100000filtered,1987,Locomotion,0.37422013,0.09172222,0.06950069,0.06747536,0.11354411,0.37422013,0.10233037,0.08070553,0.1005016
Animal 11_4DLC_resnet50_Freezing_07-2020Sep29shuffle1_100000filtered,1988,Locomotion,0.3615131,0.0886077,0.06529377,0.065184176,0.10968861,0.3615131,0.098855644,0.10593497,0.10492203
Animal 11_4DLC_resnet50_Freezing_07-2020Sep29shuffle1_100000filtered,1989,Locomotion,0.36207175,0.088744625,0.06539466,0.0652849,0.10985811,0.36207175,0.10548377,0.098078035,0.105084166
Animal 11_4DLC_resnet50_Freezing_07-2020Sep29shuffle1_100000filtered,1990,Groom,0.30548438,0.10026964,0.061349522,0.30548438,0.068609856,0.16044493,0.077903286,0.11783264,0.10810572
Animal 11_4DLC_resnet50_Freezing_07-2020Sep29shuffle1_100000filtered,1991,Groom,0.2976007,0.08179472,0.060039736,0.2976007,0.06656983,0.19172882,0.12662585,0.10278388,0.072856486
Animal 11_4DLC_resnet50_Freezing_07-2020Sep29shuffle1_100000filtered,1992,Locomotion,0.2964912,0.09182368,0.061605092,0.060563024,0.13298357,0.2964912,0.14215162,0.11538636,0.09899542
Animal 11_4DLC_resnet50_Freezing_07-2020Sep29shuffle1_100000filtered,1993,Locomotion,0.35150504,0.08464315,0.056787625,0.055827048,0.122584365,0.35150504,0.13103549,0.106363244,0.09125406
Animal 11_4DLC_resnet50_Freezing_07-2020Sep29shuffle1_100000filtered,1994,Locomotion,0.17794932,0.10729606,0.0719856,0.070767954,0.15539141,0.17794932,0.16610432,0.13482907,0.11567624
Animal 11_4DLC_resnet50_Freezing_07-2020Sep29shuffle1_100000filtered,1995,Locomotion,0.3144657,0.083513424,0.05602968,0.055081926,0.12094823,0.3144657,0.17649454,0.10343116,0.09003536
Animal 11_4DLC_resnet50_Freezing_07-2020Sep29shuffle1_100000filtered,1996,Locomotion,0.2804951,0.08679347,0.058230285,0.057245303,0.12569855,0.2804951,0.19047226,0.10749349,0.09357155
Animal 11_4DLC_resnet50_Freezing_07-2020Sep29shuffle1_100000filtered,1997,Sniff,0.2072464,0.124437824,0.0633584,0.06228667,0.13676833,0.15662275,0.2072464,0.13262466,0.11665497
Animal 11_4DLC_resnet50_Freezing_07-2020Sep29shuffle1_100000filtered,1998,Sniff,0.21504164,0.12911835,0.06574152,0.06462948,0.102475874,0.15175706,0.21504164,0.15019335,0.12104276
Animal 11_4DLC_resnet50_Freezing_07-2020Sep29shuffle1_100000filtered,1999,Locomotion,0.16498944,0.14037676,0.071473815,0.07026482,0.1114112,0.16498944,0.14659764,0.16328937,0.13159701
