animal_id,animal,group,project,experiment,syllable,syllable_frames,freezing_frames,overlap_frames,precision_percent,recall_percent
11.4,Animal 11_4DLC_resnet50_Freezing_07-2020Sep29shuffle1_100000filtered,Control,"Sanguino-Gomez and Krugers, 2024",1,0,1590,2545,1278,80.377358490566039,50.216110019646372
11.4,Animal 11_4DLC_resnet50_Freezing_07-2020Sep29shuffle1_100000filtered,Control,"Sanguino-Gomez and Krugers, 2024",1,1,1742,2545,91,5.2238805970149249,3.5756385068762282
11.4,Animal 11_4DLC_resnet50_Freezing_07-2020Sep29shuffle1_100000filtered,Control,"Sanguino-Gomez and Krugers, 2024",1,2,1270,2545,31,2.4409448818897639,1.2180746561886051
11.4,Animal 11_4DLC_resnet50_Freezing_07-2020Sep29shuffle1_100000filtered,Control,"Sanguino-Gomez and Krugers, 2024",1,3,807,2545,10,1.239157372986369,0.39292730844793711
11.4,Animal 11_4DLC_resnet50_Freezing_07-2020Sep29shuffle1_100000filtered,Control,"Sanguino-Gomez and Krugers, 2024",1,4,789,2545,323,40.937896070975917,12.69155206286837
11.4,Animal 11_4DLC_resnet50_Freezing_07-2020Sep29shuffle1_100000filtered,Control,"Sanguino-Gomez and Krugers, 2024",1,5,1088,2545,11,1.0110294117647061,0.4322200392927309
11.4,Animal 11_4DLC_resnet50_Freezing_07-2020Sep29shuffle1_100000filtered,Control,"Sanguino-Gomez and Krugers, 2024",1,6,693,2545,4,0.57720057720057716,0.15717092337917479
11.4,Animal 11_4DLC_resnet50_Freezing_07-2020Sep29shuffle1_100000filtered,Control,"Sanguino-Gomez and Krugers, 2024",1,7,293,2545,0,0,0
11.4,Animal 11_4DLC_resnet50_Freezing_07-2020Sep29shuffle1_100000filtered,Control,"Sanguino-Gomez and Krugers, 2024",1,8,122,2545,15,12.295081967213109,0.58939096267190572
11.4,Animal 11_4DLC_resnet50_Freezing_07-2020Sep29shuffle1_100000filtered,Control,"Sanguino-Gomez and Krugers, 2024",1,9,23,2545,0,0,0
11.4,Animal 11_4DLC_resnet50_Freezing_07-2020Sep29shuffle1_100000filtered,Control,"Sanguino-Gomez and Krugers, 2024",1,10,35,2545,3,8.5714285714285712,0.1178781925343811
11.4,Animal 11_4DLC_resnet50_Freezing_07-2020Sep29shuffle1_100000filtered,Control,"Sanguino-Gomez and Krugers, 2024",1,11,32,2545,0,0,0
11.4,Animal 11_4DLC_resnet50_Freezing_07-2020Sep29shuffle1_100000filtered,Control,"Sanguino-Gomez and Krugers, 2024",1,12,105,2545,0,0,0
11.4,Animal 11_4DLC_resnet50_Freezing_07-2020Sep29shuffle1_100000filtered,Control,"Sanguino-Gomez and Krugers, 2024",1,13,181,2545,15,8.2872928176795568,0.58939096267190572
11.4,Animal 11_4DLC_resnet50_Freezing_07-2020Sep29shuffle1_100000filtered,Control,"Sanguino-Gomez and Krugers, 2024",1,15,78,2545,4,5.1282051282051277,0.15717092337917479
11.4,Animal 11_4DLC_resnet50_Freezing_07-2020Sep29shuffle1_100000filtered,Control,"Sanguino-Gomez and Krugers, 2024",1,16,14,2545,1,7.1428571428571423,3.9292730844793712E-2
11.4,Animal 11_4DLC_resnet50_Freezing_07-2020Sep29shuffle1_100000filtered,Control,"Sanguino-Gomez and Krugers, 2024",1,17,96,2545,2,2.083333333333333,7.8585461689587424E-2
11.4,Animal 11_4DLC_resnet50_Freezing_07-2020Sep29shuffle1_100000filtered,Control,"Sanguino-Gomez and Krugers, 2024",1,18,76,2545,3,3.947368421052631,0.1178781925343811
11.4,Animal 11_4DLC_resnet50_Freezing_07-2020Sep29shuffle1_100000filtered,Control,"Sanguino-Gomez and Krugers, 2024",1,19,4,2545,1,25,3.9292730844793712E-2
11.4,Animal 11_4DLC_resnet50_Freezing_07-2020Sep29shuffle1_100000filtered,Control,"Sanguino-Gomez and Krugers, 2024",1,20,177,2545,36,20.33898305084746,1.4145383104125739
11.4,Animal 11_4DLC_resnet50_Freezing_07-2020Sep29shuffle1_100000filtered,Control,"Sanguino-Gomez and Krugers, 2024",1,21,12,2545,0,0,0
11.4,Animal 11_4DLC_resnet50_Freezing_07-2020Sep29shuffle1_100000filtered,Control,"Sanguino-Gomez and Krugers, 2024",1,22,275,2545,29,10.54545454545454,1.139489194499018
11.4,Animal 11_4DLC_resnet50_Freezing_07-2020Sep29shuffle1_100000filtered,Control,"Sanguino-Gomez and Krugers, 2024",1,23,48,2545,0,0,0
11.4,Animal 11_4DLC_resnet50_Freezing_07-2020Sep29shuffle1_100000filtered,Control,"Sanguino-Gomez and Krugers, 2024",1,24,28,2545,2,7.1428571428571423,7.8585461689587424E-2
11.4,Animal 11_4DLC_resnet50_Freezing_07-2020Sep29shuffle1_100000filtered,Control,"Sanguino-Gomez and Krugers, 2024",1,25,84,2545,2,2.3809523809523809,7.8585461689587424E-2
11.4,Animal 11_4DLC_resnet50_Freezing_07-2020Sep29shuffle1_100000filtered,Control,"Sanguino-Gomez and Krugers, 2024",1,27,156,2545,0,0,0
11.4,Animal 11_4DLC_resnet50_Freezing_07-2020Sep29shuffle1_100000filtered,Control,"Sanguino-Gomez and Krugers, 2024",1,28,317,2545,297,93.690851735015769,11.66994106090373
11.4,Animal 11_4DLC_resnet50_Freezing_07-2020Sep29shuffle1_100000filtered,Control,"Sanguino-Gomez and Krugers, 2024",1,29,10,2545,0,0,0
11.4,Animal 11_4DLC_resnet50_Freezing_07-2020Sep29shuffle1_100000filtered,Control,"Sanguino-Gomez and Krugers, 2024",1,30,37,2545,0,0,0
11.4,Animal 11_4DLC_resnet50_Freezing_07-2020Sep29shuffle1_100000filtered,Control,"Sanguino-Gomez and Krugers, 2024",1,31,47,2545,0,0,0
11.4,Animal 11_4DLC_resnet50_Freezing_07-2020Sep29shuffle1_100000filtered,Control,"Sanguino-Gomez and Krugers, 2024",1,32,112,2545,33,29.464285714285719,1.296660117878192
11.4,Animal 11_4DLC_resnet50_Freezing_07-2020Sep29shuffle1_100000filtered,Control,"Sanguino-Gomez and Krugers, 2024",1,33,5,2545,2,40,7.8585461689587424E-2
11.4,Animal 11_4DLC_resnet50_Freezing_07-2020Sep29shuffle1_100000filtered,Control,"Sanguino-Gomez and Krugers, 2024",1,34,37,2545,0,0,0
11.4,Animal 11_4DLC_resnet50_Freezing_07-2020Sep29shuffle1_100000filtered,Control,"Sanguino-Gomez and Krugers, 2024",1,35,65,2545,24,36.923076923076927,0.94302554027504915
11.4,Animal 11_4DLC_resnet50_Freezing_07-2020Sep29shuffle1_100000filtered,Control,"Sanguino-Gomez and Krugers, 2024",1,36,17,2545,4,23.52941176470588,0.15717092337917479
11.4,Animal 11_4DLC_resnet50_Freezing_07-2020Sep29shuffle1_100000filtered,Control,"Sanguino-Gomez and Krugers, 2024",1,37,154,2545,2,1.2987012987012989,7.8585461689587424E-2
11.4,Animal 11_4DLC_resnet50_Freezing_07-2020Sep29shuffle1_100000filtered,Control,"Sanguino-Gomez and Krugers, 2024",1,38,327,2545,106,32.415902140672777,4.1650294695481334
11.4,Animal 11_4DLC_resnet50_Freezing_07-2020Sep29shuffle1_100000filtered,Control,"Sanguino-Gomez and Krugers, 2024",1,39,35,2545,0,0,0
11.4,Animal 11_4DLC_resnet50_Freezing_07-2020Sep29shuffle1_100000filtered,Control,"Sanguino-Gomez and Krugers, 2024",1,40,218,2545,192,88.073394495412856,7.5442043222003932
11.4,Animal 11_4DLC_resnet50_Freezing_07-2020Sep29shuffle1_100000filtered,Control,"Sanguino-Gomez and Krugers, 2024",1,42,11,2545,0,0,0
11.4,Animal 11_4DLC_resnet50_Freezing_07-2020Sep29shuffle1_100000filtered,Control,"Sanguino-Gomez and Krugers, 2024",1,53,24,2545,24,100,0.94302554027504915
11.4,Animal 11_4DLC_resnet50_Freezing_07-2020Sep29shuffle1_100000filtered,Control,"Sanguino-Gomez and Krugers, 2024",1,54,16,2545,0,0,0
11.6,Animal 11_6DLC_resnet50_Freezing_07-2020Sep29shuffle1_100000filtered,Control,"Sanguino-Gomez and Krugers, 2024",1,0,2621,3987,2196,83.784814956123626,55.079006772009031
11.6,Animal 11_6DLC_resnet50_Freezing_07-2020Sep29shuffle1_100000filtered,Control,"Sanguino-Gomez and Krugers, 2024",1,1,1491,3987,151,10.127431254191819,3.7873087534487091
11.6,Animal 11_6DLC_resnet50_Freezing_07-2020Sep29shuffle1_100000filtered,Control,"Sanguino-Gomez and Krugers, 2024",1,2,640,3987,15,2.34375,0.3762227238525207
11.6,Animal 11_6DLC_resnet50_Freezing_07-2020Sep29shuffle1_100000filtered,Control,"Sanguino-Gomez and Krugers, 2024",1,3,1090,3987,43,3.9449541284403669,1.0785051417105589
11.6,Animal 11_6DLC_resnet50_Freezing_07-2020Sep29shuffle1_100000filtered,Control,"Sanguino-Gomez and Krugers, 2024",1,4,843,3987,394,46.737841043890867,9.8821168798595433
11.6,Animal 11_6DLC_resnet50_Freezing_07-2020Sep29shuffle1_100000filtered,Control,"Sanguino-Gomez and Krugers, 2024",1,5,421,3987,20,4.7505938242280283,0.5016302984700276
11.6,Animal 11_6DLC_resnet50_Freezing_07-2020Sep29shuffle1_100000filtered,Control,"Sanguino-Gomez and Krugers, 2024",1,6,531,3987,18,3.3898305084745761,0.45146726862302478
11.6,Animal 11_6DLC_resnet50_Freezing_07-2020Sep29shuffle1_100000filtered,Control,"Sanguino-Gomez and Krugers, 2024",1,7,92,3987,0,0,0
11.6,Animal 11_6DLC_resnet50_Freezing_07-2020Sep29shuffle1_100000filtered,Control,"Sanguino-Gomez and Krugers, 2024",1,8,58,3987,12,20.68965517241379,0.30097817908201652
11.6,Animal 11_6DLC_resnet50_Freezing_07-2020Sep29shuffle1_100000filtered,Control,"Sanguino-Gomez and Krugers, 2024",1,9,59,3987,10,16.949152542372879,0.2508151492350138
11.6,Animal 11_6DLC_resnet50_Freezing_07-2020Sep29shuffle1_100000filtered,Control,"Sanguino-Gomez and Krugers, 2024",1,10,42,3987,2,4.7619047619047619,5.0163029847002751E-2
11.6,Animal 11_6DLC_resnet50_Freezing_07-2020Sep29shuffle1_100000filtered,Control,"Sanguino-Gomez and Krugers, 2024",1,11,40,3987,4,10,0.1003260596940055
11.6,Animal 11_6DLC_resnet50_Freezing_07-2020Sep29shuffle1_100000filtered,Control,"Sanguino-Gomez and Krugers, 2024",1,12,31,3987,2,6.4516129032258061,5.0163029847002751E-2
11.6,Animal 11_6DLC_resnet50_Freezing_07-2020Sep29shuffle1_100000filtered,Control,"Sanguino-Gomez and Krugers, 2024",1,13,472,3987,70,14.83050847457627,1.7557060446450961
11.6,Animal 11_6DLC_resnet50_Freezing_07-2020Sep29shuffle1_100000filtered,Control,"Sanguino-Gomez and Krugers, 2024",1,14,15,3987,0,0,0
11.6,Animal 11_6DLC_resnet50_Freezing_07-2020Sep29shuffle1_100000filtered,Control,"Sanguino-Gomez and Krugers, 2024",1,15,22,3987,0,0,0
11.6,Animal 11_6DLC_resnet50_Freezing_07-2020Sep29shuffle1_100000filtered,Control,"Sanguino-Gomez and Krugers, 2024",1,16,19,3987,0,0,0
11.6,Animal 11_6DLC_resnet50_Freezing_07-2020Sep29shuffle1_100000filtered,Control,"Sanguino-Gomez and Krugers, 2024",1,17,93,3987,17,18.27956989247312,0.42638575369952342
11.6,Animal 11_6DLC_resnet50_Freezing_07-2020Sep29shuffle1_100000filtered,Control,"Sanguino-Gomez and Krugers, 2024",1,18,68,3987,4,5.8823529411764701,0.1003260596940055
11.6,Animal 11_6DLC_resnet50_Freezing_07-2020Sep29shuffle1_100000filtered,Control,"Sanguino-Gomez and Krugers, 2024",1,19,35,3987,2,5.7142857142857144,5.0163029847002751E-2
11.6,Animal 11_6DLC_resnet50_Freezing_07-2020Sep29shuffle1_100000filtered,Control,"Sanguino-Gomez and Krugers, 2024",1,20,117,3987,8,6.8376068376068382,0.200652119388011
11.6,Animal 11_6DLC_resnet50_Freezing_07-2020Sep29shuffle1_100000filtered,Control,"Sanguino-Gomez and Krugers, 2024",1,21,21,3987,0,0,0
11.6,Animal 11_6DLC_resnet50_Freezing_07-2020Sep29shuffle1_100000filtered,Control,"Sanguino-Gomez and Krugers, 2024",1,22,487,3987,51,10.47227926078029,1.27915726109857
11.6,Animal 11_6DLC_resnet50_Freezing_07-2020Sep29shuffle1_100000filtered,Control,"Sanguino-Gomez and Krugers, 2024",1,23,3,3987,0,0,0
11.6,Animal 11_6DLC_resnet50_Freezing_07-2020Sep29shuffle1_100000filtered,Control,"Sanguino-Gomez and Krugers, 2024",1,24,10,3987,0,0,0
11.6,Animal 11_6DLC_resnet50_Freezing_07-2020Sep29shuffle1_100000filtered,Control,"Sanguino-Gomez and Krugers, 2024",1,25,18,3987,0,0,0
11.6,Animal 11_6DLC_resnet50_Freezing_07-2020Sep29shuffle1_100000filtered,Control,"Sanguino-Gomez and Krugers, 2024",1,27,91,3987,3,3.296703296703297,7.5244544770504129E-2
11.6,Animal 11_6DLC_resnet50_Freezing_07-2020Sep29shuffle1_100000filtered,Control,"Sanguino-Gomez and Krugers, 2024",1,28,461,3987,423,91.757049891540134,10.609480812641079
11.6,Animal 11_6DLC_resnet50_Freezing_07-2020Sep29shuffle1_100000filtered,Control,"Sanguino-Gomez and Krugers, 2024",1,29,7,3987,0,0,0
11.6,Animal 11_6DLC_resnet50_Freezing_07-2020Sep29shuffle1_100000filtered,Control,"Sanguino-Gomez and Krugers, 2024",1,30,26,3987,0,0,0
11.6,Animal 11_6DLC_resnet50_Freezing_07-2020Sep29shuffle1_100000filtered,Control,"Sanguino-Gomez and Krugers, 2024",1,31,61,3987,14,22.95081967213115,0.35114120892901929
11.6,Animal 11_6DLC_resnet50_Freezing_07-2020Sep29shuffle1_100000filtered,Control,"Sanguino-Gomez and Krugers, 2024",1,32,163,3987,18,11.04294478527607,0.45146726862302478
11.6,Animal 11_6DLC_resnet50_Freezing_07-2020Sep29shuffle1_100000filtered,Control,"Sanguino-Gomez and Krugers, 2024",1,33,14,3987,0,0,0
11.6,Animal 11_6DLC_resnet50_Freezing_07-2020Sep29shuffle1_100000filtered,Control,"Sanguino-Gomez and Krugers, 2024",1,34,14,3987,0,0,0
11.6,Animal 11_6DLC_resnet50_Freezing_07-2020Sep29shuffle1_100000filtered,Control,"Sanguino-Gomez and Krugers, 2024",1,35,129,3987,14,10.85271317829457,0.35114120892901929
11.6,Animal 11_6DLC_resnet50_Freezing_07-2020Sep29shuffle1_100000filtered,Control,"Sanguino-Gomez and Krugers, 2024",1,36,19,3987,7,36.84210526315789,0.17557060446450959
11.6,Animal 11_6DLC_resnet50_Freezing_07-2020Sep29shuffle1_100000filtered,Control,"Sanguino-Gomez and Krugers, 2024",1,37,149,3987,3,2.0134228187919461,7.5244544770504129E-2
11.6,Animal 11_6DLC_resnet50_Freezing_07-2020Sep29shuffle1_100000filtered,Control,"Sanguino-Gomez and Krugers, 2024",1,38,175,3987,65,37.142857142857153,1.63029847002759
11.6,Animal 11_6DLC_resnet50_Freezing_07-2020Sep29shuffle1_100000filtered,Control,"Sanguino-Gomez and Krugers, 2024",1,39,74,3987,5,6.756756756756757,0.1254075746175069
11.6,Animal 11_6DLC_resnet50_Freezing_07-2020Sep29shuffle1_100000filtered,Control,"Sanguino-Gomez and Krugers, 2024",1,40,491,3987,416,84.72505091649694,10.43391020817657
11.6,Animal 11_6DLC_resnet50_Freezing_07-2020Sep29shuffle1_100000filtered,Control,"Sanguino-Gomez and Krugers, 2024",1,42,8,3987,0,0,0
11.6,Animal 11_6DLC_resnet50_Freezing_07-2020Sep29shuffle1_100000filtered,Control,"Sanguino-Gomez and Krugers, 2024",1,43,2,3987,0,0,0
11.6,Animal 11_6DLC_resnet50_Freezing_07-2020Sep29shuffle1_100000filtered,Control,"Sanguino-Gomez and Krugers, 2024",1,51,12,3987,0,0,0
11.6,Animal 11_6DLC_resnet50_Freezing_07-2020Sep29shuffle1_100000filtered,Control,"Sanguino-Gomez and Krugers, 2024",1,52,9,3987,0,0,0
11.6,Animal 11_6DLC_resnet50_Freezing_07-2020Sep29shuffle1_100000filtered,Control,"Sanguino-Gomez and Krugers, 2024",1,58,6,3987,0,0,0
34.4,Animal 34_4DLC_resnet50_Freezing_07-2020Sep29shuffle1_100000filtered,Control,"Sanguino-Gomez and Krugers, 2024",1,0,831,880,577,69.434416365824305,65.568181818181813
34.4,Animal 34_4DLC_resnet50_Freezing_07-2020Sep29shuffle1_100000filtered,Control,"Sanguino-Gomez and Krugers, 2024",1,1,2928,880,175,5.9767759562841523,19.88636363636364
34.4,Animal 34_4DLC_resnet50_Freezing_07-2020Sep29shuffle1_100000filtered,Control,"Sanguino-Gomez and Krugers, 2024",1,2,1829,880,1,5.4674685620557682E-2,0.1136363636363636
34.4,Animal 34_4DLC_resnet50_Freezing_07-2020Sep29shuffle1_100000filtered,Control,"Sanguino-Gomez and Krugers, 2024",1,3,864,880,5,0.57870370370370372,0.56818181818181823
34.4,Animal 34_4DLC_resnet50_Freezing_07-2020Sep29shuffle1_100000filtered,Control,"Sanguino-Gomez and Krugers, 2024",1,4,205,880,60,29.26829268292683,6.8181818181818166
34.4,Animal 34_4DLC_resnet50_Freezing_07-2020Sep29shuffle1_100000filtered,Control,"Sanguino-Gomez and Krugers, 2024",1,5,921,880,6,0.65146579804560267,0.68181818181818177
34.4,Animal 34_4DLC_resnet50_Freezing_07-2020Sep29shuffle1_100000filtered,Control,"Sanguino-Gomez and Krugers, 2024",1,6,543,880,9,1.657458563535912,1.0227272727272729
34.4,Animal 34_4DLC_resnet50_Freezing_07-2020Sep29shuffle1_100000filtered,Control,"Sanguino-Gomez and Krugers, 2024",1,7,247,880,0,0,0
34.4,Animal 34_4DLC_resnet50_Freezing_07-2020Sep29shuffle1_100000filtered,Control,"Sanguino-Gomez and Krugers, 2024",1,8,32,880,3,9.375,0.34090909090909088
34.4,Animal 34_4DLC_resnet50_Freezing_07-2020Sep29shuffle1_100000filtered,Control,"Sanguino-Gomez and Krugers, 2024",1,9,49,880,0,0,0
34.4,Animal 34_4DLC_resnet50_Freezing_07-2020Sep29shuffle1_100000filtered,Control,"Sanguino-Gomez and Krugers, 2024",1,10,520,880,9,1.7307692307692311,1.0227272727272729
34.4,Animal 34_4DLC_resnet50_Freezing_07-2020Sep29shuffle1_100000filtered,Control,"Sanguino-Gomez and Krugers, 2024",1,11,230,880,0,0,0
34.4,Animal 34_4DLC_resnet50_Freezing_07-2020Sep29shuffle1_100000filtered,Control,"Sanguino-Gomez and Krugers, 2024",1,12,79,880,1,1.2658227848101271,0.1136363636363636
34.4,Animal 34_4DLC_resnet50_Freezing_07-2020Sep29shuffle1_100000filtered,Control,"Sanguino-Gomez and Krugers, 2024",1,13,253,880,25,9.8814229249011856,2.8409090909090908
34.4,Animal 34_4DLC_resnet50_Freezing_07-2020Sep29shuffle1_100000filtered,Control,"Sanguino-Gomez and Krugers, 2024",1,14,449,880,2,0.44543429844097993,0.22727272727272729
34.4,Animal 34_4DLC_resnet50_Freezing_07-2020Sep29shuffle1_100000filtered,Control,"Sanguino-Gomez and Krugers, 2024",1,15,109,880,0,0,0
34.4,Animal 34_4DLC_resnet50_Freezing_07-2020Sep29shuffle1_100000filtered,Control,"Sanguino-Gomez and Krugers, 2024",1,16,122,880,0,0,0
34.4,Animal 34_4DLC_resnet50_Freezing_07-2020Sep29shuffle1_100000filtered,Control,"Sanguino-Gomez and Krugers, 2024",1,17,126,880,1,0.79365079365079361,0.1136363636363636
34.4,Animal 34_4DLC_resnet50_Freezing_07-2020Sep29shuffle1_100000filtered,Control,"Sanguino-Gomez and Krugers, 2024",1,18,169,880,0,0,0
34.4,Animal 34_4DLC_resnet50_Freezing_07-2020Sep29shuffle1_100000filtered,Control,"Sanguino-Gomez and Krugers, 2024",1,19,75,880,0,0,0
34.4,Animal 34_4DLC_resnet50_Freezing_07-2020Sep29shuffle1_100000filtered,Control,"Sanguino-Gomez and Krugers, 2024",1,20,49,880,2,4.0816326530612246,0.22727272727272729
34.4,Animal 34_4DLC_resnet50_Freezing_07-2020Sep29shuffle1_100000filtered,Control,"Sanguino-Gomez and Krugers, 2024",1,21,46,880,0,0,0
34.4,Animal 34_4DLC_resnet50_Freezing_07-2020Sep29shuffle1_100000filtered,Control,"Sanguino-Gomez and Krugers, 2024",1,22,14,880,0,0,0
34.4,Animal 34_4DLC_resnet50_Freezing_07-2020Sep29shuffle1_100000filtered,Control,"Sanguino-Gomez and Krugers, 2024",1,23,12,880,0,0,0
34.4,Animal 34_4DLC_resnet50_Freezing_07-2020Sep29shuffle1_100000filtered,Control,"Sanguino-Gomez and Krugers, 2024",1,24,4,880,0,0,0
34.4,Animal 34_4DLC_resnet50_Freezing_07-2020Sep29shuffle1_100000filtered,Control,"Sanguino-Gomez and Krugers, 2024",1,25,182,880,0,0,0
34.4,Animal 34_4DLC_resnet50_Freezing_07-2020Sep29shuffle1_100000filtered,Control,"Sanguino-Gomez and Krugers, 2024",1,26,40,880,3,7.5,0.34090909090909088
34.4,Animal 34_4DLC_resnet50_Freezing_07-2020Sep29shuffle1_100000filtered,Control,"Sanguino-Gomez and Krugers, 2024",1,27,26,880,0,0,0
34.4,Animal 34_4DLC_resnet50_Freezing_07-2020Sep29shuffle1_100000filtered,Control,"Sanguino-Gomez and Krugers, 2024",1,30,29,880,0,0,0
34.4,Animal 34_4DLC_resnet50_Freezing_07-2020Sep29shuffle1_100000filtered,Control,"Sanguino-Gomez and Krugers, 2024",1,32,3,880,0,0,0
34.4,Animal 34_4DLC_resnet50_Freezing_07-2020Sep29shuffle1_100000filtered,Control,"Sanguino-Gomez and Krugers, 2024",1,33,14,880,1,7.1428571428571423,0.1136363636363636
34.4,Animal 34_4DLC_resnet50_Freezing_07-2020Sep29shuffle1_100000filtered,Control,"Sanguino-Gomez and Krugers, 2024",1,34,31,880,0,0,0
34.4,Animal 34_4DLC_resnet50_Freezing_07-2020Sep29shuffle1_100000filtered,Control,"Sanguino-Gomez and Krugers, 2024",1,35,10,880,0,0,0
34.4,Animal 34_4DLC_resnet50_Freezing_07-2020Sep29shuffle1_100000filtered,Control,"Sanguino-Gomez and Krugers, 2024",1,37,36,880,0,0,0
34.4,Animal 34_4DLC_resnet50_Freezing_07-2020Sep29shuffle1_100000filtered,Control,"Sanguino-Gomez and Krugers, 2024",1,38,16,880,0,0,0
34.4,Animal 34_4DLC_resnet50_Freezing_07-2020Sep29shuffle1_100000filtered,Control,"Sanguino-Gomez and Krugers, 2024",1,42,7,880,0,0,0
34.4,Animal 34_4DLC_resnet50_Freezing_07-2020Sep29shuffle1_100000filtered,Control,"Sanguino-Gomez and Krugers, 2024",1,44,125,880,0,0,0
34.4,Animal 34_4DLC_resnet50_Freezing_07-2020Sep29shuffle1_100000filtered,Control,"Sanguino-Gomez and Krugers, 2024",1,69,5,880,0,0,0
34.4,Animal 34_4DLC_resnet50_Freezing_07-2020Sep29shuffle1_100000filtered,Control,"Sanguino-Gomez and Krugers, 2024",1,81,20,880,0,0,0
34.5,Animal 34_5DLC_resnet50_Freezing_07-2020Sep29shuffle1_100000filtered,Control,"Sanguino-Gomez and Krugers, 2024",1,0,1574,1554,1282,81.448538754764925,82.496782496782501
34.5,Animal 34_5DLC_resnet50_Freezing_07-2020Sep29shuffle1_100000filtered,Control,"Sanguino-Gomez and Krugers, 2024",1,1,2029,1554,114,5.6185312962050276,7.3359073359073363
34.5,Animal 34_5DLC_resnet50_Freezing_07-2020Sep29shuffle1_100000filtered,Control,"Sanguino-Gomez and Krugers, 2024",1,2,1932,1554,19,0.9834368530020704,1.2226512226512229
34.5,Animal 34_5DLC_resnet50_Freezing_07-2020Sep29shuffle1_100000filtered,Control,"Sanguino-Gomez and Krugers, 2024",1,3,1099,1554,35,3.184713375796179,2.2522522522522519
34.5,Animal 34_5DLC_resnet50_Freezing_07-2020Sep29shuffle1_100000filtered,Control,"Sanguino-Gomez and Krugers, 2024",1,4,202,1554,16,7.9207920792079207,1.0296010296010301
34.5,Animal 34_5DLC_resnet50_Freezing_07-2020Sep29shuffle1_100000filtered,Control,"Sanguino-Gomez and Krugers, 2024",1,5,872,1554,9,1.032110091743119,0.5791505791505791
34.5,Animal 34_5DLC_resnet50_Freezing_07-2020Sep29shuffle1_100000filtered,Control,"Sanguino-Gomez and Krugers, 2024",1,6,103,1554,13,12.621359223300971,0.83655083655083651
34.5,Animal 34_5DLC_resnet50_Freezing_07-2020Sep29shuffle1_100000filtered,Control,"Sanguino-Gomez and Krugers, 2024",1,7,78,1554,0,0,0
34.5,Animal 34_5DLC_resnet50_Freezing_07-2020Sep29shuffle1_100000filtered,Control,"Sanguino-Gomez and Krugers, 2024",1,8,23,1554,0,0,0
34.5,Animal 34_5DLC_resnet50_Freezing_07-2020Sep29shuffle1_100000filtered,Control,"Sanguino-Gomez and Krugers, 2024",1,9,103,1554,0,0,0
34.5,Animal 34_5DLC_resnet50_Freezing_07-2020Sep29shuffle1_100000filtered,Control,"Sanguino-Gomez and Krugers, 2024",1,10,603,1554,7,1.160862354892205,0.45045045045045051
34.5,Animal 34_5DLC_resnet50_Freezing_07-2020Sep29shuffle1_100000filtered,Control,"Sanguino-Gomez and Krugers, 2024",1,11,285,1554,0,0,0
34.5,Animal 34_5DLC_resnet50_Freezing_07-2020Sep29shuffle1_100000filtered,Control,"Sanguino-Gomez and Krugers, 2024",1,12,211,1554,0,0,0
34.5,Animal 34_5DLC_resnet50_Freezing_07-2020Sep29shuffle1_100000filtered,Control,"Sanguino-Gomez and Krugers, 2024",1,13,208,1554,39,18.75,2.50965250965251
34.5,Animal 34_5DLC_resnet50_Freezing_07-2020Sep29shuffle1_100000filtered,Control,"Sanguino-Gomez and Krugers, 2024",1,14,482,1554,0,0,0
34.5,Animal 34_5DLC_resnet50_Freezing_07-2020Sep29shuffle1_100000filtered,Control,"Sanguino-Gomez and Krugers, 2024",1,15,100,1554,2,2,0.1287001287001287
34.5,Animal 34_5DLC_resnet50_Freezing_07-2020Sep29shuffle1_100000filtered,Control,"Sanguino-Gomez and Krugers, 2024",1,16,454,1554,0,0,0
34.5,Animal 34_5DLC_resnet50_Freezing_07-2020Sep29shuffle1_100000filtered,Control,"Sanguino-Gomez and Krugers, 2024",1,17,155,1554,6,3.870967741935484,0.38610038610038611
34.5,Animal 34_5DLC_resnet50_Freezing_07-2020Sep29shuffle1_100000filtered,Control,"Sanguino-Gomez and Krugers, 2024",1,18,43,1554,0,0,0
34.5,Animal 34_5DLC_resnet50_Freezing_07-2020Sep29shuffle1_100000filtered,Control,"Sanguino-Gomez and Krugers, 2024",1,19,116,1554,0,0,0
34.5,Animal 34_5DLC_resnet50_Freezing_07-2020Sep29shuffle1_100000filtered,Control,"Sanguino-Gomez and Krugers, 2024",1,21,59,1554,1,1.6949152542372881,6.4350064350064351E-2
34.5,Animal 34_5DLC_resnet50_Freezing_07-2020Sep29shuffle1_100000filtered,Control,"Sanguino-Gomez and Krugers, 2024",1,22,18,1554,1,5.5555555555555554,6.4350064350064351E-2
34.5,Animal 34_5DLC_resnet50_Freezing_07-2020Sep29shuffle1_100000filtered,Control,"Sanguino-Gomez and Krugers, 2024",1,23,63,1554,0,0,0
34.5,Animal 34_5DLC_resnet50_Freezing_07-2020Sep29shuffle1_100000filtered,Control,"Sanguino-Gomez and Krugers, 2024",1,24,1,1554,0,0,0
34.5,Animal 34_5DLC_resnet50_Freezing_07-2020Sep29shuffle1_100000filtered,Control,"Sanguino-Gomez and Krugers, 2024",1,25,180,1554,0,0,0
34.5,Animal 34_5DLC_resnet50_Freezing_07-2020Sep29shuffle1_100000filtered,Control,"Sanguino-Gomez and Krugers, 2024",1,26,15,1554,0,0,0
34.5,Animal 34_5DLC_resnet50_Freezing_07-2020Sep29shuffle1_100000filtered,Control,"Sanguino-Gomez and Krugers, 2024",1,27,64,1554,0,0,0
34.5,Animal 34_5DLC_resnet50_Freezing_07-2020Sep29shuffle1_100000filtered,Control,"Sanguino-Gomez and Krugers, 2024",1,28,17,1554,10,58.82352941176471,0.64350064350064351
34.5,Animal 34_5DLC_resnet50_Freezing_07-2020Sep29shuffle1_100000filtered,Control,"Sanguino-Gomez and Krugers, 2024",1,29,70,1554,0,0,0
34.5,Animal 34_5DLC_resnet50_Freezing_07-2020Sep29shuffle1_100000filtered,Control,"Sanguino-Gomez and Krugers, 2024",1,30,25,1554,0,0,0
34.5,Animal 34_5DLC_resnet50_Freezing_07-2020Sep29shuffle1_100000filtered,Control,"Sanguino-Gomez and Krugers, 2024",1,31,3,1554,0,0,0
34.5,Animal 34_5DLC_resnet50_Freezing_07-2020Sep29shuffle1_100000filtered,Control,"Sanguino-Gomez and Krugers, 2024",1,34,9,1554,0,0,0
34.5,Animal 34_5DLC_resnet50_Freezing_07-2020Sep29shuffle1_100000filtered,Control,"Sanguino-Gomez and Krugers, 2024",1,35,1,1554,0,0,0
34.5,Animal 34_5DLC_resnet50_Freezing_07-2020Sep29shuffle1_100000filtered,Control,"Sanguino-Gomez and Krugers, 2024",1,36,24,1554,0,0,0
34.5,Animal 34_5DLC_resnet50_Freezing_07-2020Sep29shuffle1_100000filtered,Control,"Sanguino-Gomez and Krugers, 2024",1,38,12,1554,0,0,0
34.5,Animal 34_5DLC_resnet50_Freezing_07-2020Sep29shuffle1_100000filtered,Control,"Sanguino-Gomez and Krugers, 2024",1,41,17,1554,0,0,0
40.4,Animal_40_4DLC_resnet50_Freezing_07-2020Sep29shuffle1_100000filtered,Control,"Sanguino-Gomez and Krugers, 2024",1,0,1488,2219,1261,84.744623655913969,56.827399729607933
40.4,Animal_40_4DLC_resnet50_Freezing_07-2020Sep29shuffle1_100000filtered,Control,"Sanguino-Gomez and Krugers, 2024",1,1,1659,2219,227,13.6829415310428,10.22983325822443
40.4,Animal_40_4DLC_resnet50_Freezing_07-2020Sep29shuffle1_100000filtered,Control,"Sanguino-Gomez and Krugers, 2024",1,2,2001,2219,22,1.099450274862569,0.9914375844975214
40.4,Animal_40_4DLC_resnet50_Freezing_07-2020Sep29shuffle1_100000filtered,Control,"Sanguino-Gomez and Krugers, 2024",1,3,481,2219,50,10.3950103950104,2.253267237494367
40.4,Animal_40_4DLC_resnet50_Freezing_07-2020Sep29shuffle1_100000filtered,Control,"Sanguino-Gomez and Krugers, 2024",1,4,921,2219,405,43.973941368078172,18.251464623704369
40.4,Animal_40_4DLC_resnet50_Freezing_07-2020Sep29shuffle1_100000filtered,Control,"Sanguino-Gomez and Krugers, 2024",1,5,845,2219,15,1.775147928994083,0.67598017124831
40.4,Animal_40_4DLC_resnet50_Freezing_07-2020Sep29shuffle1_100000filtered,Control,"Sanguino-Gomez and Krugers, 2024",1,6,49,2219,5,10.204081632653059,0.22532672374943671
40.4,Animal_40_4DLC_resnet50_Freezing_07-2020Sep29shuffle1_100000filtered,Control,"Sanguino-Gomez and Krugers, 2024",1,7,224,2219,0,0,0
40.4,Animal_40_4DLC_resnet50_Freezing_07-2020Sep29shuffle1_100000filtered,Control,"Sanguino-Gomez and Krugers, 2024",1,8,130,2219,16,12.30769230769231,0.72104551599819744
40.4,Animal_40_4DLC_resnet50_Freezing_07-2020Sep29shuffle1_100000filtered,Control,"Sanguino-Gomez and Krugers, 2024",1,9,321,2219,4,1.246105919003115,0.18026137899954939
40.4,Animal_40_4DLC_resnet50_Freezing_07-2020Sep29shuffle1_100000filtered,Control,"Sanguino-Gomez and Krugers, 2024",1,10,381,2219,13,3.4120734908136479,0.58584948174853535
40.4,Animal_40_4DLC_resnet50_Freezing_07-2020Sep29shuffle1_100000filtered,Control,"Sanguino-Gomez and Krugers, 2024",1,11,382,2219,1,0.26178010471204188,4.506534474988734E-2
40.4,Animal_40_4DLC_resnet50_Freezing_07-2020Sep29shuffle1_100000filtered,Control,"Sanguino-Gomez and Krugers, 2024",1,12,211,2219,1,0.47393364928909948,4.506534474988734E-2
40.4,Animal_40_4DLC_resnet50_Freezing_07-2020Sep29shuffle1_100000filtered,Control,"Sanguino-Gomez and Krugers, 2024",1,13,127,2219,37,29.13385826771653,1.667417755745831
40.4,Animal_40_4DLC_resnet50_Freezing_07-2020Sep29shuffle1_100000filtered,Control,"Sanguino-Gomez and Krugers, 2024",1,14,322,2219,0,0,0
40.4,Animal_40_4DLC_resnet50_Freezing_07-2020Sep29shuffle1_100000filtered,Control,"Sanguino-Gomez and Krugers, 2024",1,15,148,2219,0,0,0
40.4,Animal_40_4DLC_resnet50_Freezing_07-2020Sep29shuffle1_100000filtered,Control,"Sanguino-Gomez and Krugers, 2024",1,16,87,2219,1,1.149425287356322,4.506534474988734E-2
40.4,Animal_40_4DLC_resnet50_Freezing_07-2020Sep29shuffle1_100000filtered,Control,"Sanguino-Gomez and Krugers, 2024",1,17,339,2219,8,2.359882005899705,0.36052275799909872
40.4,Animal_40_4DLC_resnet50_Freezing_07-2020Sep29shuffle1_100000filtered,Control,"Sanguino-Gomez and Krugers, 2024",1,18,40,2219,0,0,0
40.4,Animal_40_4DLC_resnet50_Freezing_07-2020Sep29shuffle1_100000filtered,Control,"Sanguino-Gomez and Krugers, 2024",1,19,214,2219,0,0,0
40.4,Animal_40_4DLC_resnet50_Freezing_07-2020Sep29shuffle1_100000filtered,Control,"Sanguino-Gomez and Krugers, 2024",1,21,15,2219,0,0,0
40.4,Animal_40_4DLC_resnet50_Freezing_07-2020Sep29shuffle1_100000filtered,Control,"Sanguino-Gomez and Krugers, 2024",1,22,181,2219,47,25.966850828729282,2.1180712032447051
40.4,Animal_40_4DLC_resnet50_Freezing_07-2020Sep29shuffle1_100000filtered,Control,"Sanguino-Gomez and Krugers, 2024",1,23,27,2219,0,0,0
40.4,Animal_40_4DLC_resnet50_Freezing_07-2020Sep29shuffle1_100000filtered,Control,"Sanguino-Gomez and Krugers, 2024",1,24,19,2219,5,26.315789473684209,0.22532672374943671
40.4,Animal_40_4DLC_resnet50_Freezing_07-2020Sep29shuffle1_100000filtered,Control,"Sanguino-Gomez and Krugers, 2024",1,25,42,2219,0,0,0
40.4,Animal_40_4DLC_resnet50_Freezing_07-2020Sep29shuffle1_100000filtered,Control,"Sanguino-Gomez and Krugers, 2024",1,27,77,2219,0,0,0
40.4,Animal_40_4DLC_resnet50_Freezing_07-2020Sep29shuffle1_100000filtered,Control,"Sanguino-Gomez and Krugers, 2024",1,29,22,2219,4,18.18181818181818,0.18026137899954939
40.4,Animal_40_4DLC_resnet50_Freezing_07-2020Sep29shuffle1_100000filtered,Control,"Sanguino-Gomez and Krugers, 2024",1,30,12,2219,0,0,0
40.4,Animal_40_4DLC_resnet50_Freezing_07-2020Sep29shuffle1_100000filtered,Control,"Sanguino-Gomez and Krugers, 2024",1,31,44,2219,0,0,0
40.4,Animal_40_4DLC_resnet50_Freezing_07-2020Sep29shuffle1_100000filtered,Control,"Sanguino-Gomez and Krugers, 2024",1,32,227,2219,19,8.3700440528634363,0.85624155024785942
40.4,Animal_40_4DLC_resnet50_Freezing_07-2020Sep29shuffle1_100000filtered,Control,"Sanguino-Gomez and Krugers, 2024",1,33,46,2219,0,0,0
40.4,Animal_40_4DLC_resnet50_Freezing_07-2020Sep29shuffle1_100000filtered,Control,"Sanguino-Gomez and Krugers, 2024",1,35,16,2219,5,31.25,0.22532672374943671
40.4,Animal_40_4DLC_resnet50_Freezing_07-2020Sep29shuffle1_100000filtered,Control,"Sanguino-Gomez and Krugers, 2024",1,36,7,2219,0,0,0
40.4,Animal_40_4DLC_resnet50_Freezing_07-2020Sep29shuffle1_100000filtered,Control,"Sanguino-Gomez and Krugers, 2024",1,38,6,2219,0,0,0
40.4,Animal_40_4DLC_resnet50_Freezing_07-2020Sep29shuffle1_100000filtered,Control,"Sanguino-Gomez and Krugers, 2024",1,39,10,2219,0,0,0
40.4,Animal_40_4DLC_resnet50_Freezing_07-2020Sep29shuffle1_100000filtered,Control,"Sanguino-Gomez and Krugers, 2024",1,40,39,2219,37,94.871794871794862,1.667417755745831
40.4,Animal_40_4DLC_resnet50_Freezing_07-2020Sep29shuffle1_100000filtered,Control,"Sanguino-Gomez and Krugers, 2024",1,42,62,2219,36,58.064516129032263,1.622352410995944
40.4,Animal_40_4DLC_resnet50_Freezing_07-2020Sep29shuffle1_100000filtered,Control,"Sanguino-Gomez and Krugers, 2024",1,47,5,2219,0,0,0
40.4,Animal_40_4DLC_resnet50_Freezing_07-2020Sep29shuffle1_100000filtered,Control,"Sanguino-Gomez and Krugers, 2024",1,64,15,2219,0,0,0
40.4,Animal_40_4DLC_resnet50_Freezing_07-2020Sep29shuffle1_100000filtered,Control,"Sanguino-Gomez and Krugers, 2024",1,82,8,2219,0,0,0
40.6,Animal_40_6DLC_resnet50_Freezing_07-2020Sep29shuffle1_100000filtered,Control,"Sanguino-Gomez and Krugers, 2024",1,0,1452,1836,1325,91.253443526170798,72.167755991285404
40.6,Animal_40_6DLC_resnet50_Freezing_07-2020Sep29shuffle1_100000filtered,Control,"Sanguino-Gomez and Krugers, 2024",1,1,1444,1836,76,5.2631578947368416,4.1394335511982572
40.6,Animal_40_6DLC_resnet50_Freezing_07-2020Sep29shuffle1_100000filtered,Control,"Sanguino-Gomez and Krugers, 2024",1,2,1688,1836,31,1.83649289099526,1.688453159041394
40.6,Animal_40_6DLC_resnet50_Freezing_07-2020Sep29shuffle1_100000filtered,Control,"Sanguino-Gomez and Krugers, 2024",1,3,1124,1836,35,3.1138790035587189,1.906318082788671
40.6,Animal_40_6DLC_resnet50_Freezing_07-2020Sep29shuffle1_100000filtered,Control,"Sanguino-Gomez and Krugers, 2024",1,4,239,1836,38,15.89958158995816,2.069716775599129
40.6,Animal_40_6DLC_resnet50_Freezing_07-2020Sep29shuffle1_100000filtered,Control,"Sanguino-Gomez and Krugers, 2024",1,5,853,1836,14,1.6412661195779601,0.76252723311546844
40.6,Animal_40_6DLC_resnet50_Freezing_07-2020Sep29shuffle1_100000filtered,Control,"Sanguino-Gomez and Krugers, 2024",1,6,307,1836,20,6.5146579804560263,1.089324618736383
40.6,Animal_40_6DLC_resnet50_Freezing_07-2020Sep29shuffle1_100000filtered,Control,"Sanguino-Gomez and Krugers, 2024",1,7,336,1836,0,0,0
40.6,Animal_40_6DLC_resnet50_Freezing_07-2020Sep29shuffle1_100000filtered,Control,"Sanguino-Gomez and Krugers, 2024",1,8,70,1836,0,0,0
40.6,Animal_40_6DLC_resnet50_Freezing_07-2020Sep29shuffle1_100000filtered,Control,"Sanguino-Gomez and Krugers, 2024",1,9,170,1836,0,0,0
40.6,Animal_40_6DLC_resnet50_Freezing_07-2020Sep29shuffle1_100000filtered,Control,"Sanguino-Gomez and Krugers, 2024",1,10,642,1836,3,0.46728971962616822,0.16339869281045749
40.6,Animal_40_6DLC_resnet50_Freezing_07-2020Sep29shuffle1_100000filtered,Control,"Sanguino-Gomez and Krugers, 2024",1,11,161,1836,0,0,0
40.6,Animal_40_6DLC_resnet50_Freezing_07-2020Sep29shuffle1_100000filtered,Control,"Sanguino-Gomez and Krugers, 2024",1,12,138,1836,3,2.1739130434782612,0.16339869281045749
40.6,Animal_40_6DLC_resnet50_Freezing_07-2020Sep29shuffle1_100000filtered,Control,"Sanguino-Gomez and Krugers, 2024",1,13,150,1836,7,4.666666666666667,0.38126361655773422
40.6,Animal_40_6DLC_resnet50_Freezing_07-2020Sep29shuffle1_100000filtered,Control,"Sanguino-Gomez and Krugers, 2024",1,14,371,1836,0,0,0
40.6,Animal_40_6DLC_resnet50_Freezing_07-2020Sep29shuffle1_100000filtered,Control,"Sanguino-Gomez and Krugers, 2024",1,15,215,1836,1,0.46511627906976738,5.4466230936819182E-2
40.6,Animal_40_6DLC_resnet50_Freezing_07-2020Sep29shuffle1_100000filtered,Control,"Sanguino-Gomez and Krugers, 2024",1,16,126,1836,21,16.666666666666661,1.143790849673203
40.6,Animal_40_6DLC_resnet50_Freezing_07-2020Sep29shuffle1_100000filtered,Control,"Sanguino-Gomez and Krugers, 2024",1,17,237,1836,3,1.2658227848101271,0.16339869281045749
40.6,Animal_40_6DLC_resnet50_Freezing_07-2020Sep29shuffle1_100000filtered,Control,"Sanguino-Gomez and Krugers, 2024",1,19,173,1836,0,0,0
40.6,Animal_40_6DLC_resnet50_Freezing_07-2020Sep29shuffle1_100000filtered,Control,"Sanguino-Gomez and Krugers, 2024",1,20,271,1836,52,19.188191881918819,2.8322440087145968
40.6,Animal_40_6DLC_resnet50_Freezing_07-2020Sep29shuffle1_100000filtered,Control,"Sanguino-Gomez and Krugers, 2024",1,21,28,1836,0,0,0
40.6,Animal_40_6DLC_resnet50_Freezing_07-2020Sep29shuffle1_100000filtered,Control,"Sanguino-Gomez and Krugers, 2024",1,22,160,1836,1,0.625,5.4466230936819182E-2
40.6,Animal_40_6DLC_resnet50_Freezing_07-2020Sep29shuffle1_100000filtered,Control,"Sanguino-Gomez and Krugers, 2024",1,23,33,1836,1,3.0303030303030298,5.4466230936819182E-2
40.6,Animal_40_6DLC_resnet50_Freezing_07-2020Sep29shuffle1_100000filtered,Control,"Sanguino-Gomez and Krugers, 2024",1,24,5,1836,0,0,0
40.6,Animal_40_6DLC_resnet50_Freezing_07-2020Sep29shuffle1_100000filtered,Control,"Sanguino-Gomez and Krugers, 2024",1,25,153,1836,0,0,0
40.6,Animal_40_6DLC_resnet50_Freezing_07-2020Sep29shuffle1_100000filtered,Control,"Sanguino-Gomez and Krugers, 2024",1,26,18,1836,2,11.111111111111111,0.10893246187363841
40.6,Animal_40_6DLC_resnet50_Freezing_07-2020Sep29shuffle1_100000filtered,Control,"Sanguino-Gomez and Krugers, 2024",1,27,104,1836,1,0.96153846153846156,5.4466230936819182E-2
40.6,Animal_40_6DLC_resnet50_Freezing_07-2020Sep29shuffle1_100000filtered,Control,"Sanguino-Gomez and Krugers, 2024",1,28,216,1836,195,90.277777777777786,10.62091503267974
40.6,Animal_40_6DLC_resnet50_Freezing_07-2020Sep29shuffle1_100000filtered,Control,"Sanguino-Gomez and Krugers, 2024",1,29,9,1836,0,0,0
40.6,Animal_40_6DLC_resnet50_Freezing_07-2020Sep29shuffle1_100000filtered,Control,"Sanguino-Gomez and Krugers, 2024",1,30,11,1836,0,0,0
40.6,Animal_40_6DLC_resnet50_Freezing_07-2020Sep29shuffle1_100000filtered,Control,"Sanguino-Gomez and Krugers, 2024",1,31,16,1836,1,6.25,5.4466230936819182E-2
40.6,Animal_40_6DLC_resnet50_Freezing_07-2020Sep29shuffle1_100000filtered,Control,"Sanguino-Gomez and Krugers, 2024",1,32,89,1836,0,0,0
40.6,Animal_40_6DLC_resnet50_Freezing_07-2020Sep29shuffle1_100000filtered,Control,"Sanguino-Gomez and Krugers, 2024",1,33,24,1836,3,12.5,0.16339869281045749
40.6,Animal_40_6DLC_resnet50_Freezing_07-2020Sep29shuffle1_100000filtered,Control,"Sanguino-Gomez and Krugers, 2024",1,34,30,1836,0,0,0
40.6,Animal_40_6DLC_resnet50_Freezing_07-2020Sep29shuffle1_100000filtered,Control,"Sanguino-Gomez and Krugers, 2024",1,35,7,1836,0,0,0
40.6,Animal_40_6DLC_resnet50_Freezing_07-2020Sep29shuffle1_100000filtered,Control,"Sanguino-Gomez and Krugers, 2024",1,36,16,1836,3,18.75,0.16339869281045749
40.6,Animal_40_6DLC_resnet50_Freezing_07-2020Sep29shuffle1_100000filtered,Control,"Sanguino-Gomez and Krugers, 2024",1,37,87,1836,0,0,0
40.6,Animal_40_6DLC_resnet50_Freezing_07-2020Sep29shuffle1_100000filtered,Control,"Sanguino-Gomez and Krugers, 2024",1,39,7,1836,0,0,0
40.6,Animal_40_6DLC_resnet50_Freezing_07-2020Sep29shuffle1_100000filtered,Control,"Sanguino-Gomez and Krugers, 2024",1,43,13,1836,0,0,0
40.6,Animal_40_6DLC_resnet50_Freezing_07-2020Sep29shuffle1_100000filtered,Control,"Sanguino-Gomez and Krugers, 2024",1,45,16,1836,0,0,0
40.6,Animal_40_6DLC_resnet50_Freezing_07-2020Sep29shuffle1_100000filtered,Control,"Sanguino-Gomez and Krugers, 2024",1,49,2,1836,0,0,0
40.6,Animal_40_6DLC_resnet50_Freezing_07-2020Sep29shuffle1_100000filtered,Control,"Sanguino-Gomez and Krugers, 2024",1,63,4,1836,0,0,0
40.6,Animal_40_6DLC_resnet50_Freezing_07-2020Sep29shuffle1_100000filtered,Control,"Sanguino-Gomez and Krugers, 2024",1,73,3,1836,0,0,0
40.6,Animal_40_6DLC_resnet50_Freezing_07-2020Sep29shuffle1_100000filtered,Control,"Sanguino-Gomez and Krugers, 2024",1,84,18,1836,0,0,0
40.6,Animal_40_6DLC_resnet50_Freezing_07-2020Sep29shuffle1_100000filtered,Control,"Sanguino-Gomez and Krugers, 2024",1,93,6,1836,0,0,0
40.6,Animal_40_6DLC_resnet50_Freezing_07-2020Sep29shuffle1_100000filtered,Control,"Sanguino-Gomez and Krugers, 2024",1,95,8,1836,0,0,0
41.4,Animal_41_4DLC_resnet50_Freezing_07-2020Sep29shuffle1_100000filtered,Control,"Sanguino-Gomez and Krugers, 2024",1,0,2667,3409,2491,93.400824896887897,73.071281900850693
41.4,Animal_41_4DLC_resnet50_Freezing_07-2020Sep29shuffle1_100000filtered,Control,"Sanguino-Gomez and Krugers, 2024",1,1,1644,3409,146,8.8807785888077859,4.2827808741566447
41.4,Animal_41_4DLC_resnet50_Freezing_07-2020Sep29shuffle1_100000filtered,Control,"Sanguino-Gomez and Krugers, 2024",1,2,1172,3409,33,2.815699658703072,0.96802581402170729
41.4,Animal_41_4DLC_resnet50_Freezing_07-2020Sep29shuffle1_100000filtered,Control,"Sanguino-Gomez and Krugers, 2024",1,3,1015,3409,25,2.4630541871921179,0.73335288941038423
41.4,Animal_41_4DLC_resnet50_Freezing_07-2020Sep29shuffle1_100000filtered,Control,"Sanguino-Gomez and Krugers, 2024",1,4,875,3409,350,40,10.266940451745381
41.4,Animal_41_4DLC_resnet50_Freezing_07-2020Sep29shuffle1_100000filtered,Control,"Sanguino-Gomez and Krugers, 2024",1,5,658,3409,12,1.8237082066869299,0.35200938691698441
41.4,Animal_41_4DLC_resnet50_Freezing_07-2020Sep29shuffle1_100000filtered,Control,"Sanguino-Gomez and Krugers, 2024",1,6,107,3409,5,4.6728971962616823,0.14667057788207691
41.4,Animal_41_4DLC_resnet50_Freezing_07-2020Sep29shuffle1_100000filtered,Control,"Sanguino-Gomez and Krugers, 2024",1,7,217,3409,0,0,0
41.4,Animal_41_4DLC_resnet50_Freezing_07-2020Sep29shuffle1_100000filtered,Control,"Sanguino-Gomez and Krugers, 2024",1,8,58,3409,24,41.379310344827587,0.70401877383396883
41.4,Animal_41_4DLC_resnet50_Freezing_07-2020Sep29shuffle1_100000filtered,Control,"Sanguino-Gomez and Krugers, 2024",1,9,137,3409,13,9.4890510948905096,0.38134350249339982
41.4,Animal_41_4DLC_resnet50_Freezing_07-2020Sep29shuffle1_100000filtered,Control,"Sanguino-Gomez and Krugers, 2024",1,10,270,3409,2,0.74074074074074081,5.8668231152830742E-2
41.4,Animal_41_4DLC_resnet50_Freezing_07-2020Sep29shuffle1_100000filtered,Control,"Sanguino-Gomez and Krugers, 2024",1,11,146,3409,0,0,0
41.4,Animal_41_4DLC_resnet50_Freezing_07-2020Sep29shuffle1_100000filtered,Control,"Sanguino-Gomez and Krugers, 2024",1,12,207,3409,1,0.48309178743961351,2.9334115576415371E-2
41.4,Animal_41_4DLC_resnet50_Freezing_07-2020Sep29shuffle1_100000filtered,Control,"Sanguino-Gomez and Krugers, 2024",1,13,123,3409,20,16.260162601626011,0.58668231152830741
41.4,Animal_41_4DLC_resnet50_Freezing_07-2020Sep29shuffle1_100000filtered,Control,"Sanguino-Gomez and Krugers, 2024",1,14,283,3409,0,0,0
41.4,Animal_41_4DLC_resnet50_Freezing_07-2020Sep29shuffle1_100000filtered,Control,"Sanguino-Gomez and Krugers, 2024",1,15,250,3409,0,0,0
41.4,Animal_41_4DLC_resnet50_Freezing_07-2020Sep29shuffle1_100000filtered,Control,"Sanguino-Gomez and Krugers, 2024",1,16,34,3409,2,5.8823529411764701,5.8668231152830742E-2
41.4,Animal_41_4DLC_resnet50_Freezing_07-2020Sep29shuffle1_100000filtered,Control,"Sanguino-Gomez and Krugers, 2024",1,17,118,3409,5,4.2372881355932197,0.14667057788207691
41.4,Animal_41_4DLC_resnet50_Freezing_07-2020Sep29shuffle1_100000filtered,Control,"Sanguino-Gomez and Krugers, 2024",1,19,75,3409,0,0,0
41.4,Animal_41_4DLC_resnet50_Freezing_07-2020Sep29shuffle1_100000filtered,Control,"Sanguino-Gomez and Krugers, 2024",1,20,195,3409,29,14.87179487179487,0.85068935171604587
41.4,Animal_41_4DLC_resnet50_Freezing_07-2020Sep29shuffle1_100000filtered,Control,"Sanguino-Gomez and Krugers, 2024",1,21,43,3409,1,2.3255813953488369,2.9334115576415371E-2
41.4,Animal_41_4DLC_resnet50_Freezing_07-2020Sep29shuffle1_100000filtered,Control,"Sanguino-Gomez and Krugers, 2024",1,22,170,3409,19,11.176470588235301,0.55734819595189211
41.4,Animal_41_4DLC_resnet50_Freezing_07-2020Sep29shuffle1_100000filtered,Control,"Sanguino-Gomez and Krugers, 2024",1,23,25,3409,9,36,0.26400704018773841
41.4,Animal_41_4DLC_resnet50_Freezing_07-2020Sep29shuffle1_100000filtered,Control,"Sanguino-Gomez and Krugers, 2024",1,24,7,3409,0,0,0
41.4,Animal_41_4DLC_resnet50_Freezing_07-2020Sep29shuffle1_100000filtered,Control,"Sanguino-Gomez and Krugers, 2024",1,25,33,3409,0,0,0
41.4,Animal_41_4DLC_resnet50_Freezing_07-2020Sep29shuffle1_100000filtered,Control,"Sanguino-Gomez and Krugers, 2024",1,27,17,3409,0,0,0
41.4,Animal_41_4DLC_resnet50_Freezing_07-2020Sep29shuffle1_100000filtered,Control,"Sanguino-Gomez and Krugers, 2024",1,28,166,3409,156,93.975903614457835,4.5761220299207972
41.4,Animal_41_4DLC_resnet50_Freezing_07-2020Sep29shuffle1_100000filtered,Control,"Sanguino-Gomez and Krugers, 2024",1,29,27,3409,2,7.4074074074074074,5.8668231152830742E-2
41.4,Animal_41_4DLC_resnet50_Freezing_07-2020Sep29shuffle1_100000filtered,Control,"Sanguino-Gomez and Krugers, 2024",1,30,2,3409,0,0,0
41.4,Animal_41_4DLC_resnet50_Freezing_07-2020Sep29shuffle1_100000filtered,Control,"Sanguino-Gomez and Krugers, 2024",1,31,28,3409,8,28.571428571428569,0.234672924611323
41.4,Animal_41_4DLC_resnet50_Freezing_07-2020Sep29shuffle1_100000filtered,Control,"Sanguino-Gomez and Krugers, 2024",1,32,112,3409,0,0,0
41.4,Animal_41_4DLC_resnet50_Freezing_07-2020Sep29shuffle1_100000filtered,Control,"Sanguino-Gomez and Krugers, 2024",1,33,10,3409,2,20,5.8668231152830742E-2
41.4,Animal_41_4DLC_resnet50_Freezing_07-2020Sep29shuffle1_100000filtered,Control,"Sanguino-Gomez and Krugers, 2024",1,34,4,3409,4,100,0.1173364623056615
41.4,Animal_41_4DLC_resnet50_Freezing_07-2020Sep29shuffle1_100000filtered,Control,"Sanguino-Gomez and Krugers, 2024",1,35,30,3409,0,0,0
41.4,Animal_41_4DLC_resnet50_Freezing_07-2020Sep29shuffle1_100000filtered,Control,"Sanguino-Gomez and Krugers, 2024",1,36,1,3409,1,100,2.9334115576415371E-2
41.4,Animal_41_4DLC_resnet50_Freezing_07-2020Sep29shuffle1_100000filtered,Control,"Sanguino-Gomez and Krugers, 2024",1,37,181,3409,0,0,0
41.4,Animal_41_4DLC_resnet50_Freezing_07-2020Sep29shuffle1_100000filtered,Control,"Sanguino-Gomez and Krugers, 2024",1,38,16,3409,16,100,0.46934584922264588
41.4,Animal_41_4DLC_resnet50_Freezing_07-2020Sep29shuffle1_100000filtered,Control,"Sanguino-Gomez and Krugers, 2024",1,39,4,3409,4,100,0.1173364623056615
41.4,Animal_41_4DLC_resnet50_Freezing_07-2020Sep29shuffle1_100000filtered,Control,"Sanguino-Gomez and Krugers, 2024",1,40,58,3409,24,41.379310344827587,0.70401877383396883
41.4,Animal_41_4DLC_resnet50_Freezing_07-2020Sep29shuffle1_100000filtered,Control,"Sanguino-Gomez and Krugers, 2024",1,41,26,3409,0,0,0
41.4,Animal_41_4DLC_resnet50_Freezing_07-2020Sep29shuffle1_100000filtered,Control,"Sanguino-Gomez and Krugers, 2024",1,42,22,3409,5,22.72727272727273,0.14667057788207691
41.4,Animal_41_4DLC_resnet50_Freezing_07-2020Sep29shuffle1_100000filtered,Control,"Sanguino-Gomez and Krugers, 2024",1,45,17,3409,0,0,0
41.5,Animal_41_5DLC_resnet50_Freezing_07-2020Sep29shuffle1_100000filtered,Control,"Sanguino-Gomez and Krugers, 2024",1,0,2075,2416,1781,85.831325301204814,73.716887417218544
41.5,Animal_41_5DLC_resnet50_Freezing_07-2020Sep29shuffle1_100000filtered,Control,"Sanguino-Gomez and Krugers, 2024",1,1,1629,2416,147,9.0239410681399637,6.0844370860927146
41.5,Animal_41_5DLC_resnet50_Freezing_07-2020Sep29shuffle1_100000filtered,Control,"Sanguino-Gomez and Krugers, 2024",1,2,1455,2416,22,1.5120274914089351,0.91059602649006621
41.5,Animal_41_5DLC_resnet50_Freezing_07-2020Sep29shuffle1_100000filtered,Control,"Sanguino-Gomez and Krugers, 2024",1,3,1244,2416,51,4.09967845659164,2.1109271523178812
41.5,Animal_41_5DLC_resnet50_Freezing_07-2020Sep29shuffle1_100000filtered,Control,"Sanguino-Gomez and Krugers, 2024",1,4,377,2416,34,9.0185676392572933,1.4072847682119209
41.5,Animal_41_5DLC_resnet50_Freezing_07-2020Sep29shuffle1_100000filtered,Control,"Sanguino-Gomez and Krugers, 2024",1,5,609,2416,7,1.149425287356322,0.28973509933774833
41.5,Animal_41_5DLC_resnet50_Freezing_07-2020Sep29shuffle1_100000filtered,Control,"Sanguino-Gomez and Krugers, 2024",1,6,234,2416,4,1.70940170940171,0.16556291390728481
41.5,Animal_41_5DLC_resnet50_Freezing_07-2020Sep29shuffle1_100000filtered,Control,"Sanguino-Gomez and Krugers, 2024",1,7,96,2416,9,9.375,0.37251655629139069
41.5,Animal_41_5DLC_resnet50_Freezing_07-2020Sep29shuffle1_100000filtered,Control,"Sanguino-Gomez and Krugers, 2024",1,8,41,2416,8,19.512195121951219,0.33112582781456962
41.5,Animal_41_5DLC_resnet50_Freezing_07-2020Sep29shuffle1_100000filtered,Control,"Sanguino-Gomez and Krugers, 2024",1,9,115,2416,1,0.86956521739130432,4.1390728476821202E-2
41.5,Animal_41_5DLC_resnet50_Freezing_07-2020Sep29shuffle1_100000filtered,Control,"Sanguino-Gomez and Krugers, 2024",1,10,624,2416,10,1.602564102564102,0.41390728476821192
41.5,Animal_41_5DLC_resnet50_Freezing_07-2020Sep29shuffle1_100000filtered,Control,"Sanguino-Gomez and Krugers, 2024",1,11,239,2416,3,1.2552301255230121,0.1241721854304636
41.5,Animal_41_5DLC_resnet50_Freezing_07-2020Sep29shuffle1_100000filtered,Control,"Sanguino-Gomez and Krugers, 2024",1,12,94,2416,1,1.063829787234043,4.1390728476821202E-2
41.5,Animal_41_5DLC_resnet50_Freezing_07-2020Sep29shuffle1_100000filtered,Control,"Sanguino-Gomez and Krugers, 2024",1,13,112,2416,29,25.892857142857149,1.2003311258278151
41.5,Animal_41_5DLC_resnet50_Freezing_07-2020Sep29shuffle1_100000filtered,Control,"Sanguino-Gomez and Krugers, 2024",1,14,111,2416,0,0,0
41.5,Animal_41_5DLC_resnet50_Freezing_07-2020Sep29shuffle1_100000filtered,Control,"Sanguino-Gomez and Krugers, 2024",1,15,149,2416,1,0.67114093959731547,4.1390728476821202E-2
41.5,Animal_41_5DLC_resnet50_Freezing_07-2020Sep29shuffle1_100000filtered,Control,"Sanguino-Gomez and Krugers, 2024",1,16,86,2416,0,0,0
41.5,Animal_41_5DLC_resnet50_Freezing_07-2020Sep29shuffle1_100000filtered,Control,"Sanguino-Gomez and Krugers, 2024",1,17,140,2416,0,0,0
41.5,Animal_41_5DLC_resnet50_Freezing_07-2020Sep29shuffle1_100000filtered,Control,"Sanguino-Gomez and Krugers, 2024",1,19,105,2416,0,0,0
41.5,Animal_41_5DLC_resnet50_Freezing_07-2020Sep29shuffle1_100000filtered,Control,"Sanguino-Gomez and Krugers, 2024",1,20,180,2416,9,5,0.37251655629139069
41.5,Animal_41_5DLC_resnet50_Freezing_07-2020Sep29shuffle1_100000filtered,Control,"Sanguino-Gomez and Krugers, 2024",1,21,39,2416,0,0,0
41.5,Animal_41_5DLC_resnet50_Freezing_07-2020Sep29shuffle1_100000filtered,Control,"Sanguino-Gomez and Krugers, 2024",1,22,85,2416,0,0,0
41.5,Animal_41_5DLC_resnet50_Freezing_07-2020Sep29shuffle1_100000filtered,Control,"Sanguino-Gomez and Krugers, 2024",1,23,33,2416,0,0,0
41.5,Animal_41_5DLC_resnet50_Freezing_07-2020Sep29shuffle1_100000filtered,Control,"Sanguino-Gomez and Krugers, 2024",1,24,2,2416,0,0,0
41.5,Animal_41_5DLC_resnet50_Freezing_07-2020Sep29shuffle1_100000filtered,Control,"Sanguino-Gomez and Krugers, 2024",1,25,225,2416,1,0.44444444444444442,4.1390728476821202E-2
41.5,Animal_41_5DLC_resnet50_Freezing_07-2020Sep29shuffle1_100000filtered,Control,"Sanguino-Gomez and Krugers, 2024",1,26,71,2416,11,15.49295774647887,0.45529801324503311
41.5,Animal_41_5DLC_resnet50_Freezing_07-2020Sep29shuffle1_100000filtered,Control,"Sanguino-Gomez and Krugers, 2024",1,27,215,2416,3,1.3953488372093019,0.1241721854304636
41.5,Animal_41_5DLC_resnet50_Freezing_07-2020Sep29shuffle1_100000filtered,Control,"Sanguino-Gomez and Krugers, 2024",1,28,277,2416,248,89.530685920577611,10.264900662251661
41.5,Animal_41_5DLC_resnet50_Freezing_07-2020Sep29shuffle1_100000filtered,Control,"Sanguino-Gomez and Krugers, 2024",1,29,20,2416,0,0,0
41.5,Animal_41_5DLC_resnet50_Freezing_07-2020Sep29shuffle1_100000filtered,Control,"Sanguino-Gomez and Krugers, 2024",1,31,21,2416,0,0,0
41.5,Animal_41_5DLC_resnet50_Freezing_07-2020Sep29shuffle1_100000filtered,Control,"Sanguino-Gomez and Krugers, 2024",1,32,40,2416,5,12.5,0.20695364238410599
41.5,Animal_41_5DLC_resnet50_Freezing_07-2020Sep29shuffle1_100000filtered,Control,"Sanguino-Gomez and Krugers, 2024",1,33,21,2416,2,9.5238095238095237,8.2781456953642391E-2
41.5,Animal_41_5DLC_resnet50_Freezing_07-2020Sep29shuffle1_100000filtered,Control,"Sanguino-Gomez and Krugers, 2024",1,35,2,2416,0,0,0
41.5,Animal_41_5DLC_resnet50_Freezing_07-2020Sep29shuffle1_100000filtered,Control,"Sanguino-Gomez and Krugers, 2024",1,36,23,2416,0,0,0
41.5,Animal_41_5DLC_resnet50_Freezing_07-2020Sep29shuffle1_100000filtered,Control,"Sanguino-Gomez and Krugers, 2024",1,37,365,2416,13,3.5616438356164379,0.53807947019867552
41.5,Animal_41_5DLC_resnet50_Freezing_07-2020Sep29shuffle1_100000filtered,Control,"Sanguino-Gomez and Krugers, 2024",1,39,8,2416,0,0,0
41.5,Animal_41_5DLC_resnet50_Freezing_07-2020Sep29shuffle1_100000filtered,Control,"Sanguino-Gomez and Krugers, 2024",1,44,74,2416,16,21.621621621621621,0.66225165562913912
41.5,Animal_41_5DLC_resnet50_Freezing_07-2020Sep29shuffle1_100000filtered,Control,"Sanguino-Gomez and Krugers, 2024",1,50,14,2416,0,0,0
41.6,Animal_41_6DLC_resnet50_Freezing_07-2020Sep29shuffle1_100000filtered,Control,"Sanguino-Gomez and Krugers, 2024",1,0,2237,2519,2033,90.880643719266871,80.706629614926555
41.6,Animal_41_6DLC_resnet50_Freezing_07-2020Sep29shuffle1_100000filtered,Control,"Sanguino-Gomez and Krugers, 2024",1,1,2189,2519,209,9.5477386934673358,8.2969432314410483
41.6,Animal_41_6DLC_resnet50_Freezing_07-2020Sep29shuffle1_100000filtered,Control,"Sanguino-Gomez and Krugers, 2024",1,2,1289,2519,9,0.69821567106283944,0.35728463676061928
41.6,Animal_41_6DLC_resnet50_Freezing_07-2020Sep29shuffle1_100000filtered,Control,"Sanguino-Gomez and Krugers, 2024",1,3,872,2519,17,1.9495412844036699,0.67487098054783645
41.6,Animal_41_6DLC_resnet50_Freezing_07-2020Sep29shuffle1_100000filtered,Control,"Sanguino-Gomez and Krugers, 2024",1,4,428,2519,45,10.514018691588779,1.7864231838030971
41.6,Animal_41_6DLC_resnet50_Freezing_07-2020Sep29shuffle1_100000filtered,Control,"Sanguino-Gomez and Krugers, 2024",1,5,726,2519,18,2.4793388429752068,0.71456927352123856
41.6,Animal_41_6DLC_resnet50_Freezing_07-2020Sep29shuffle1_100000filtered,Control,"Sanguino-Gomez and Krugers, 2024",1,6,281,2519,15,5.3380782918149468,0.59547439460103213
41.6,Animal_41_6DLC_resnet50_Freezing_07-2020Sep29shuffle1_100000filtered,Control,"Sanguino-Gomez and Krugers, 2024",1,7,41,2519,0,0,0
41.6,Animal_41_6DLC_resnet50_Freezing_07-2020Sep29shuffle1_100000filtered,Control,"Sanguino-Gomez and Krugers, 2024",1,8,20,2519,0,0,0
41.6,Animal_41_6DLC_resnet50_Freezing_07-2020Sep29shuffle1_100000filtered,Control,"Sanguino-Gomez and Krugers, 2024",1,9,131,2519,1,0.76335877862595414,3.969829297340214E-2
41.6,Animal_41_6DLC_resnet50_Freezing_07-2020Sep29shuffle1_100000filtered,Control,"Sanguino-Gomez and Krugers, 2024",1,10,458,2519,13,2.838427947598253,0.51607780865422792
41.6,Animal_41_6DLC_resnet50_Freezing_07-2020Sep29shuffle1_100000filtered,Control,"Sanguino-Gomez and Krugers, 2024",1,11,92,2519,0,0,0
41.6,Animal_41_6DLC_resnet50_Freezing_07-2020Sep29shuffle1_100000filtered,Control,"Sanguino-Gomez and Krugers, 2024",1,12,133,2519,0,0,0
41.6,Animal_41_6DLC_resnet50_Freezing_07-2020Sep29shuffle1_100000filtered,Control,"Sanguino-Gomez and Krugers, 2024",1,13,148,2519,16,10.810810810810811,0.63517268757443424
41.6,Animal_41_6DLC_resnet50_Freezing_07-2020Sep29shuffle1_100000filtered,Control,"Sanguino-Gomez and Krugers, 2024",1,14,199,2519,0,0,0
41.6,Animal_41_6DLC_resnet50_Freezing_07-2020Sep29shuffle1_100000filtered,Control,"Sanguino-Gomez and Krugers, 2024",1,15,114,2519,4,3.5087719298245612,0.15879317189360859
41.6,Animal_41_6DLC_resnet50_Freezing_07-2020Sep29shuffle1_100000filtered,Control,"Sanguino-Gomez and Krugers, 2024",1,16,124,2519,0,0,0
41.6,Animal_41_6DLC_resnet50_Freezing_07-2020Sep29shuffle1_100000filtered,Control,"Sanguino-Gomez and Krugers, 2024",1,17,152,2519,0,0,0
41.6,Animal_41_6DLC_resnet50_Freezing_07-2020Sep29shuffle1_100000filtered,Control,"Sanguino-Gomez and Krugers, 2024",1,19,77,2519,0,0,0
41.6,Animal_41_6DLC_resnet50_Freezing_07-2020Sep29shuffle1_100000filtered,Control,"Sanguino-Gomez and Krugers, 2024",1,20,99,2519,19,19.19191919191919,0.75426756649464077
41.6,Animal_41_6DLC_resnet50_Freezing_07-2020Sep29shuffle1_100000filtered,Control,"Sanguino-Gomez and Krugers, 2024",1,21,16,2519,0,0,0
41.6,Animal_41_6DLC_resnet50_Freezing_07-2020Sep29shuffle1_100000filtered,Control,"Sanguino-Gomez and Krugers, 2024",1,22,144,2519,0,0,0
41.6,Animal_41_6DLC_resnet50_Freezing_07-2020Sep29shuffle1_100000filtered,Control,"Sanguino-Gomez and Krugers, 2024",1,23,55,2519,8,14.54545454545454,0.31758634378721712
41.6,Animal_41_6DLC_resnet50_Freezing_07-2020Sep29shuffle1_100000filtered,Control,"Sanguino-Gomez and Krugers, 2024",1,24,5,2519,0,0,0
41.6,Animal_41_6DLC_resnet50_Freezing_07-2020Sep29shuffle1_100000filtered,Control,"Sanguino-Gomez and Krugers, 2024",1,25,176,2519,0,0,0
41.6,Animal_41_6DLC_resnet50_Freezing_07-2020Sep29shuffle1_100000filtered,Control,"Sanguino-Gomez and Krugers, 2024",1,27,89,2519,0,0,0
41.6,Animal_41_6DLC_resnet50_Freezing_07-2020Sep29shuffle1_100000filtered,Control,"Sanguino-Gomez and Krugers, 2024",1,28,115,2519,104,90.434782608695656,4.1286224692338234
41.6,Animal_41_6DLC_resnet50_Freezing_07-2020Sep29shuffle1_100000filtered,Control,"Sanguino-Gomez and Krugers, 2024",1,29,28,2519,0,0,0
41.6,Animal_41_6DLC_resnet50_Freezing_07-2020Sep29shuffle1_100000filtered,Control,"Sanguino-Gomez and Krugers, 2024",1,30,33,2519,0,0,0
41.6,Animal_41_6DLC_resnet50_Freezing_07-2020Sep29shuffle1_100000filtered,Control,"Sanguino-Gomez and Krugers, 2024",1,31,28,2519,5,17.857142857142861,0.19849146486701069
41.6,Animal_41_6DLC_resnet50_Freezing_07-2020Sep29shuffle1_100000filtered,Control,"Sanguino-Gomez and Krugers, 2024",1,32,209,2519,1,0.4784688995215311,3.969829297340214E-2
41.6,Animal_41_6DLC_resnet50_Freezing_07-2020Sep29shuffle1_100000filtered,Control,"Sanguino-Gomez and Krugers, 2024",1,33,12,2519,0,0,0
41.6,Animal_41_6DLC_resnet50_Freezing_07-2020Sep29shuffle1_100000filtered,Control,"Sanguino-Gomez and Krugers, 2024",1,34,44,2519,0,0,0
41.6,Animal_41_6DLC_resnet50_Freezing_07-2020Sep29shuffle1_100000filtered,Control,"Sanguino-Gomez and Krugers, 2024",1,37,137,2519,1,0.72992700729927007,3.969829297340214E-2
41.6,Animal_41_6DLC_resnet50_Freezing_07-2020Sep29shuffle1_100000filtered,Control,"Sanguino-Gomez and Krugers, 2024",1,42,16,2519,0,0,0
41.6,Animal_41_6DLC_resnet50_Freezing_07-2020Sep29shuffle1_100000filtered,Control,"Sanguino-Gomez and Krugers, 2024",1,44,321,2519,1,0.3115264797507788,3.969829297340214E-2
41.6,Animal_41_6DLC_resnet50_Freezing_07-2020Sep29shuffle1_100000filtered,Control,"Sanguino-Gomez and Krugers, 2024",1,74,7,2519,0,0,0
41.6,Animal_41_6DLC_resnet50_Freezing_07-2020Sep29shuffle1_100000filtered,Control,"Sanguino-Gomez and Krugers, 2024",1,77,5,2519,0,0,0
47.5,Animal_47_5DLC_resnet50_Freezing_07-2020Sep29shuffle1_100000filtered,Control,"Sanguino-Gomez and Krugers, 2024",1,0,1761,2343,1403,79.670641680863142,59.880495091762697
47.5,Animal_47_5DLC_resnet50_Freezing_07-2020Sep29shuffle1_100000filtered,Control,"Sanguino-Gomez and Krugers, 2024",1,1,1822,2343,127,6.9703622392974758,5.4204011950490818
47.5,Animal_47_5DLC_resnet50_Freezing_07-2020Sep29shuffle1_100000filtered,Control,"Sanguino-Gomez and Krugers, 2024",1,2,1304,2343,11,0.84355828220858897,0.46948356807511737
47.5,Animal_47_5DLC_resnet50_Freezing_07-2020Sep29shuffle1_100000filtered,Control,"Sanguino-Gomez and Krugers, 2024",1,3,1095,2343,48,4.3835616438356162,2.0486555697823299
47.5,Animal_47_5DLC_resnet50_Freezing_07-2020Sep29shuffle1_100000filtered,Control,"Sanguino-Gomez and Krugers, 2024",1,4,710,2343,273,38.450704225352112,11.651728553137
47.5,Animal_47_5DLC_resnet50_Freezing_07-2020Sep29shuffle1_100000filtered,Control,"Sanguino-Gomez and Krugers, 2024",1,5,878,2343,22,2.5056947608200448,0.93896713615023475
47.5,Animal_47_5DLC_resnet50_Freezing_07-2020Sep29shuffle1_100000filtered,Control,"Sanguino-Gomez and Krugers, 2024",1,6,234,2343,14,5.982905982905983,0.59752454118651299
47.5,Animal_47_5DLC_resnet50_Freezing_07-2020Sep29shuffle1_100000filtered,Control,"Sanguino-Gomez and Krugers, 2024",1,7,262,2343,0,0,0
47.5,Animal_47_5DLC_resnet50_Freezing_07-2020Sep29shuffle1_100000filtered,Control,"Sanguino-Gomez and Krugers, 2024",1,8,60,2343,4,6.666666666666667,0.17072129748186091
47.5,Animal_47_5DLC_resnet50_Freezing_07-2020Sep29shuffle1_100000filtered,Control,"Sanguino-Gomez and Krugers, 2024",1,9,80,2343,4,5,0.17072129748186091
47.5,Animal_47_5DLC_resnet50_Freezing_07-2020Sep29shuffle1_100000filtered,Control,"Sanguino-Gomez and Krugers, 2024",1,10,166,2343,4,2.4096385542168681,0.17072129748186091
47.5,Animal_47_5DLC_resnet50_Freezing_07-2020Sep29shuffle1_100000filtered,Control,"Sanguino-Gomez and Krugers, 2024",1,11,205,2343,7,3.4146341463414638,0.2987622705932565
47.5,Animal_47_5DLC_resnet50_Freezing_07-2020Sep29shuffle1_100000filtered,Control,"Sanguino-Gomez and Krugers, 2024",1,12,202,2343,2,0.99009900990099009,8.5360648740930439E-2
47.5,Animal_47_5DLC_resnet50_Freezing_07-2020Sep29shuffle1_100000filtered,Control,"Sanguino-Gomez and Krugers, 2024",1,13,316,2343,92,29.11392405063291,3.9265898420827998
47.5,Animal_47_5DLC_resnet50_Freezing_07-2020Sep29shuffle1_100000filtered,Control,"Sanguino-Gomez and Krugers, 2024",1,14,74,2343,0,0,0
47.5,Animal_47_5DLC_resnet50_Freezing_07-2020Sep29shuffle1_100000filtered,Control,"Sanguino-Gomez and Krugers, 2024",1,15,87,2343,0,0,0
47.5,Animal_47_5DLC_resnet50_Freezing_07-2020Sep29shuffle1_100000filtered,Control,"Sanguino-Gomez and Krugers, 2024",1,16,46,2343,0,0,0
47.5,Animal_47_5DLC_resnet50_Freezing_07-2020Sep29shuffle1_100000filtered,Control,"Sanguino-Gomez and Krugers, 2024",1,17,102,2343,4,3.9215686274509798,0.17072129748186091
47.5,Animal_47_5DLC_resnet50_Freezing_07-2020Sep29shuffle1_100000filtered,Control,"Sanguino-Gomez and Krugers, 2024",1,18,41,2343,0,0,0
47.5,Animal_47_5DLC_resnet50_Freezing_07-2020Sep29shuffle1_100000filtered,Control,"Sanguino-Gomez and Krugers, 2024",1,19,67,2343,0,0,0
47.5,Animal_47_5DLC_resnet50_Freezing_07-2020Sep29shuffle1_100000filtered,Control,"Sanguino-Gomez and Krugers, 2024",1,20,253,2343,81,32.015810276679836,3.4571062740076832
47.5,Animal_47_5DLC_resnet50_Freezing_07-2020Sep29shuffle1_100000filtered,Control,"Sanguino-Gomez and Krugers, 2024",1,21,58,2343,2,3.4482758620689649,8.5360648740930439E-2
47.5,Animal_47_5DLC_resnet50_Freezing_07-2020Sep29shuffle1_100000filtered,Control,"Sanguino-Gomez and Krugers, 2024",1,22,282,2343,42,14.893617021276601,1.7925736235595391
47.5,Animal_47_5DLC_resnet50_Freezing_07-2020Sep29shuffle1_100000filtered,Control,"Sanguino-Gomez and Krugers, 2024",1,23,36,2343,0,0,0
47.5,Animal_47_5DLC_resnet50_Freezing_07-2020Sep29shuffle1_100000filtered,Control,"Sanguino-Gomez and Krugers, 2024",1,24,6,2343,0,0,0
47.5,Animal_47_5DLC_resnet50_Freezing_07-2020Sep29shuffle1_100000filtered,Control,"Sanguino-Gomez and Krugers, 2024",1,25,211,2343,0,0,0
47.5,Animal_47_5DLC_resnet50_Freezing_07-2020Sep29shuffle1_100000filtered,Control,"Sanguino-Gomez and Krugers, 2024",1,27,93,2343,0,0,0
47.5,Animal_47_5DLC_resnet50_Freezing_07-2020Sep29shuffle1_100000filtered,Control,"Sanguino-Gomez and Krugers, 2024",1,28,112,2343,112,100,4.7801963294921039
47.5,Animal_47_5DLC_resnet50_Freezing_07-2020Sep29shuffle1_100000filtered,Control,"Sanguino-Gomez and Krugers, 2024",1,29,19,2343,0,0,0
47.5,Animal_47_5DLC_resnet50_Freezing_07-2020Sep29shuffle1_100000filtered,Control,"Sanguino-Gomez and Krugers, 2024",1,30,5,2343,0,0,0
47.5,Animal_47_5DLC_resnet50_Freezing_07-2020Sep29shuffle1_100000filtered,Control,"Sanguino-Gomez and Krugers, 2024",1,31,26,2343,0,0,0
47.5,Animal_47_5DLC_resnet50_Freezing_07-2020Sep29shuffle1_100000filtered,Control,"Sanguino-Gomez and Krugers, 2024",1,32,123,2343,2,1.626016260162602,8.5360648740930439E-2
47.5,Animal_47_5DLC_resnet50_Freezing_07-2020Sep29shuffle1_100000filtered,Control,"Sanguino-Gomez and Krugers, 2024",1,33,17,2343,0,0,0
47.5,Animal_47_5DLC_resnet50_Freezing_07-2020Sep29shuffle1_100000filtered,Control,"Sanguino-Gomez and Krugers, 2024",1,34,55,2343,1,1.8181818181818179,4.268032437046522E-2
47.5,Animal_47_5DLC_resnet50_Freezing_07-2020Sep29shuffle1_100000filtered,Control,"Sanguino-Gomez and Krugers, 2024",1,35,86,2343,13,15.11627906976744,0.55484421681604779
47.5,Animal_47_5DLC_resnet50_Freezing_07-2020Sep29shuffle1_100000filtered,Control,"Sanguino-Gomez and Krugers, 2024",1,36,6,2343,4,66.666666666666657,0.17072129748186091
47.5,Animal_47_5DLC_resnet50_Freezing_07-2020Sep29shuffle1_100000filtered,Control,"Sanguino-Gomez and Krugers, 2024",1,37,88,2343,0,0,0
47.5,Animal_47_5DLC_resnet50_Freezing_07-2020Sep29shuffle1_100000filtered,Control,"Sanguino-Gomez and Krugers, 2024",1,38,166,2343,63,37.951807228915662,2.6888604353393091
47.5,Animal_47_5DLC_resnet50_Freezing_07-2020Sep29shuffle1_100000filtered,Control,"Sanguino-Gomez and Krugers, 2024",1,39,13,2343,0,0,0
47.5,Animal_47_5DLC_resnet50_Freezing_07-2020Sep29shuffle1_100000filtered,Control,"Sanguino-Gomez and Krugers, 2024",1,41,38,2343,1,2.6315789473684208,4.268032437046522E-2
47.5,Animal_47_5DLC_resnet50_Freezing_07-2020Sep29shuffle1_100000filtered,Control,"Sanguino-Gomez and Krugers, 2024",1,42,19,2343,4,21.05263157894737,0.17072129748186091
47.5,Animal_47_5DLC_resnet50_Freezing_07-2020Sep29shuffle1_100000filtered,Control,"Sanguino-Gomez and Krugers, 2024",1,43,1,2343,0,0,0
47.5,Animal_47_5DLC_resnet50_Freezing_07-2020Sep29shuffle1_100000filtered,Control,"Sanguino-Gomez and Krugers, 2024",1,54,10,2343,0,0,0
47.5,Animal_47_5DLC_resnet50_Freezing_07-2020Sep29shuffle1_100000filtered,Control,"Sanguino-Gomez and Krugers, 2024",1,72,3,2343,0,0,0
47.5,Animal_47_5DLC_resnet50_Freezing_07-2020Sep29shuffle1_100000filtered,Control,"Sanguino-Gomez and Krugers, 2024",1,76,12,2343,3,25,0.12804097311139559
5.4,Animal 5_4DLC_resnet50_Freezing_07-2020Sep29shuffle1_100000filtered,Control,"Sanguino-Gomez and Krugers, 2024",1,0,2947,3046,2463,83.576518493383105,80.860144451739984
5.4,Animal 5_4DLC_resnet50_Freezing_07-2020Sep29shuffle1_100000filtered,Control,"Sanguino-Gomez and Krugers, 2024",1,1,2402,3046,186,7.7435470441298921,6.1063690085357853
5.4,Animal 5_4DLC_resnet50_Freezing_07-2020Sep29shuffle1_100000filtered,Control,"Sanguino-Gomez and Krugers, 2024",1,2,855,3046,1,0.1169590643274854,3.2829940906106372E-2
5.4,Animal 5_4DLC_resnet50_Freezing_07-2020Sep29shuffle1_100000filtered,Control,"Sanguino-Gomez and Krugers, 2024",1,3,1683,3046,41,2.4361259655377299,1.3460275771503609
5.4,Animal 5_4DLC_resnet50_Freezing_07-2020Sep29shuffle1_100000filtered,Control,"Sanguino-Gomez and Krugers, 2024",1,4,309,3046,63,20.38834951456311,2.068286277084701
5.4,Animal 5_4DLC_resnet50_Freezing_07-2020Sep29shuffle1_100000filtered,Control,"Sanguino-Gomez and Krugers, 2024",1,5,271,3046,30,11.07011070110701,0.98489822718319098
5.4,Animal 5_4DLC_resnet50_Freezing_07-2020Sep29shuffle1_100000filtered,Control,"Sanguino-Gomez and Krugers, 2024",1,6,678,3046,27,3.9823008849557522,0.88640840446487201
5.4,Animal 5_4DLC_resnet50_Freezing_07-2020Sep29shuffle1_100000filtered,Control,"Sanguino-Gomez and Krugers, 2024",1,7,65,3046,0,0,0
5.4,Animal 5_4DLC_resnet50_Freezing_07-2020Sep29shuffle1_100000filtered,Control,"Sanguino-Gomez and Krugers, 2024",1,8,56,3046,28,50,0.91923834537097837
5.4,Animal 5_4DLC_resnet50_Freezing_07-2020Sep29shuffle1_100000filtered,Control,"Sanguino-Gomez and Krugers, 2024",1,9,54,3046,1,1.8518518518518521,3.2829940906106372E-2
5.4,Animal 5_4DLC_resnet50_Freezing_07-2020Sep29shuffle1_100000filtered,Control,"Sanguino-Gomez and Krugers, 2024",1,10,17,3046,1,5.8823529411764701,3.2829940906106372E-2
5.4,Animal 5_4DLC_resnet50_Freezing_07-2020Sep29shuffle1_100000filtered,Control,"Sanguino-Gomez and Krugers, 2024",1,11,29,3046,0,0,0
5.4,Animal 5_4DLC_resnet50_Freezing_07-2020Sep29shuffle1_100000filtered,Control,"Sanguino-Gomez and Krugers, 2024",1,12,34,3046,0,0,0
5.4,Animal 5_4DLC_resnet50_Freezing_07-2020Sep29shuffle1_100000filtered,Control,"Sanguino-Gomez and Krugers, 2024",1,13,604,3046,142,23.50993377483444,4.6618516086671047
5.4,Animal 5_4DLC_resnet50_Freezing_07-2020Sep29shuffle1_100000filtered,Control,"Sanguino-Gomez and Krugers, 2024",1,14,8,3046,0,0,0
5.4,Animal 5_4DLC_resnet50_Freezing_07-2020Sep29shuffle1_100000filtered,Control,"Sanguino-Gomez and Krugers, 2024",1,15,48,3046,0,0,0
5.4,Animal 5_4DLC_resnet50_Freezing_07-2020Sep29shuffle1_100000filtered,Control,"Sanguino-Gomez and Krugers, 2024",1,16,4,3046,0,0,0
5.4,Animal 5_4DLC_resnet50_Freezing_07-2020Sep29shuffle1_100000filtered,Control,"Sanguino-Gomez and Krugers, 2024",1,17,148,3046,1,0.67567567567567566,3.2829940906106372E-2
5.4,Animal 5_4DLC_resnet50_Freezing_07-2020Sep29shuffle1_100000filtered,Control,"Sanguino-Gomez and Krugers, 2024",1,18,154,3046,0,0,0
5.4,Animal 5_4DLC_resnet50_Freezing_07-2020Sep29shuffle1_100000filtered,Control,"Sanguino-Gomez and Krugers, 2024",1,19,3,3046,0,0,0
5.4,Animal 5_4DLC_resnet50_Freezing_07-2020Sep29shuffle1_100000filtered,Control,"Sanguino-Gomez and Krugers, 2024",1,20,76,3046,8,10.52631578947368,0.26263952724885092
5.4,Animal 5_4DLC_resnet50_Freezing_07-2020Sep29shuffle1_100000filtered,Control,"Sanguino-Gomez and Krugers, 2024",1,21,24,3046,0,0,0
5.4,Animal 5_4DLC_resnet50_Freezing_07-2020Sep29shuffle1_100000filtered,Control,"Sanguino-Gomez and Krugers, 2024",1,22,36,3046,0,0,0
5.4,Animal 5_4DLC_resnet50_Freezing_07-2020Sep29shuffle1_100000filtered,Control,"Sanguino-Gomez and Krugers, 2024",1,23,4,3046,0,0,0
5.4,Animal 5_4DLC_resnet50_Freezing_07-2020Sep29shuffle1_100000filtered,Control,"Sanguino-Gomez and Krugers, 2024",1,24,27,3046,2,7.4074074074074074,6.5659881812212731E-2
5.4,Animal 5_4DLC_resnet50_Freezing_07-2020Sep29shuffle1_100000filtered,Control,"Sanguino-Gomez and Krugers, 2024",1,25,44,3046,0,0,0
5.4,Animal 5_4DLC_resnet50_Freezing_07-2020Sep29shuffle1_100000filtered,Control,"Sanguino-Gomez and Krugers, 2024",1,26,112,3046,20,17.857142857142861,0.65659881812212739
5.4,Animal 5_4DLC_resnet50_Freezing_07-2020Sep29shuffle1_100000filtered,Control,"Sanguino-Gomez and Krugers, 2024",1,27,141,3046,0,0,0
5.4,Animal 5_4DLC_resnet50_Freezing_07-2020Sep29shuffle1_100000filtered,Control,"Sanguino-Gomez and Krugers, 2024",1,29,28,3046,0,0,0
5.4,Animal 5_4DLC_resnet50_Freezing_07-2020Sep29shuffle1_100000filtered,Control,"Sanguino-Gomez and Krugers, 2024",1,30,32,3046,0,0,0
5.4,Animal 5_4DLC_resnet50_Freezing_07-2020Sep29shuffle1_100000filtered,Control,"Sanguino-Gomez and Krugers, 2024",1,31,51,3046,7,13.725490196078431,0.22980958634274459
5.4,Animal 5_4DLC_resnet50_Freezing_07-2020Sep29shuffle1_100000filtered,Control,"Sanguino-Gomez and Krugers, 2024",1,32,80,3046,17,21.25,0.55810899540380832
5.4,Animal 5_4DLC_resnet50_Freezing_07-2020Sep29shuffle1_100000filtered,Control,"Sanguino-Gomez and Krugers, 2024",1,33,12,3046,2,16.666666666666661,6.5659881812212731E-2
5.4,Animal 5_4DLC_resnet50_Freezing_07-2020Sep29shuffle1_100000filtered,Control,"Sanguino-Gomez and Krugers, 2024",1,34,16,3046,0,0,0
5.4,Animal 5_4DLC_resnet50_Freezing_07-2020Sep29shuffle1_100000filtered,Control,"Sanguino-Gomez and Krugers, 2024",1,35,67,3046,2,2.9850746268656709,6.5659881812212731E-2
5.4,Animal 5_4DLC_resnet50_Freezing_07-2020Sep29shuffle1_100000filtered,Control,"Sanguino-Gomez and Krugers, 2024",1,36,15,3046,1,6.666666666666667,3.2829940906106372E-2
5.4,Animal 5_4DLC_resnet50_Freezing_07-2020Sep29shuffle1_100000filtered,Control,"Sanguino-Gomez and Krugers, 2024",1,38,70,3046,3,4.2857142857142856,9.8489822718319103E-2
5.4,Animal 5_4DLC_resnet50_Freezing_07-2020Sep29shuffle1_100000filtered,Control,"Sanguino-Gomez and Krugers, 2024",1,39,21,3046,0,0,0
5.4,Animal 5_4DLC_resnet50_Freezing_07-2020Sep29shuffle1_100000filtered,Control,"Sanguino-Gomez and Krugers, 2024",1,46,9,3046,0,0,0
5.4,Animal 5_4DLC_resnet50_Freezing_07-2020Sep29shuffle1_100000filtered,Control,"Sanguino-Gomez and Krugers, 2024",1,53,6,3046,0,0,0
5.4,Animal 5_4DLC_resnet50_Freezing_07-2020Sep29shuffle1_100000filtered,Control,"Sanguino-Gomez and Krugers, 2024",1,77,10,3046,0,0,0
50.5,Animal_50_5DLC_resnet50_Freezing_07-2020Sep29shuffle1_100000filtered,Control,"Sanguino-Gomez and Krugers, 2024",1,0,3060,3313,2630,85.947712418300654,79.384243887715073
50.5,Animal_50_5DLC_resnet50_Freezing_07-2020Sep29shuffle1_100000filtered,Control,"Sanguino-Gomez and Krugers, 2024",1,1,2308,3313,168,7.2790294627383014,5.0709326894053728
50.5,Animal_50_5DLC_resnet50_Freezing_07-2020Sep29shuffle1_100000filtered,Control,"Sanguino-Gomez and Krugers, 2024",1,2,1119,3313,1,8.936550491510277E-2,3.0184123151222451E-2
50.5,Animal_50_5DLC_resnet50_Freezing_07-2020Sep29shuffle1_100000filtered,Control,"Sanguino-Gomez and Krugers, 2024",1,3,950,3313,19,2,0.57349833987322663
50.5,Animal_50_5DLC_resnet50_Freezing_07-2020Sep29shuffle1_100000filtered,Control,"Sanguino-Gomez and Krugers, 2024",1,4,224,3313,31,13.839285714285721,0.93570781768789624
50.5,Animal_50_5DLC_resnet50_Freezing_07-2020Sep29shuffle1_100000filtered,Control,"Sanguino-Gomez and Krugers, 2024",1,5,242,3313,7,2.892561983471075,0.21128886205855721
50.5,Animal_50_5DLC_resnet50_Freezing_07-2020Sep29shuffle1_100000filtered,Control,"Sanguino-Gomez and Krugers, 2024",1,6,282,3313,2,0.70921985815602839,6.036824630244491E-2
50.5,Animal_50_5DLC_resnet50_Freezing_07-2020Sep29shuffle1_100000filtered,Control,"Sanguino-Gomez and Krugers, 2024",1,7,194,3313,3,1.5463917525773201,9.0552369453667375E-2
50.5,Animal_50_5DLC_resnet50_Freezing_07-2020Sep29shuffle1_100000filtered,Control,"Sanguino-Gomez and Krugers, 2024",1,8,28,3313,1,3.5714285714285712,3.0184123151222451E-2
50.5,Animal_50_5DLC_resnet50_Freezing_07-2020Sep29shuffle1_100000filtered,Control,"Sanguino-Gomez and Krugers, 2024",1,9,83,3313,0,0,0
50.5,Animal_50_5DLC_resnet50_Freezing_07-2020Sep29shuffle1_100000filtered,Control,"Sanguino-Gomez and Krugers, 2024",1,10,292,3313,1,0.34246575342465752,3.0184123151222451E-2
50.5,Animal_50_5DLC_resnet50_Freezing_07-2020Sep29shuffle1_100000filtered,Control,"Sanguino-Gomez and Krugers, 2024",1,11,47,3313,0,0,0
50.5,Animal_50_5DLC_resnet50_Freezing_07-2020Sep29shuffle1_100000filtered,Control,"Sanguino-Gomez and Krugers, 2024",1,12,155,3313,0,0,0
50.5,Animal_50_5DLC_resnet50_Freezing_07-2020Sep29shuffle1_100000filtered,Control,"Sanguino-Gomez and Krugers, 2024",1,13,287,3313,43,14.98257839721254,1.297917295502566
50.5,Animal_50_5DLC_resnet50_Freezing_07-2020Sep29shuffle1_100000filtered,Control,"Sanguino-Gomez and Krugers, 2024",1,14,305,3313,0,0,0
50.5,Animal_50_5DLC_resnet50_Freezing_07-2020Sep29shuffle1_100000filtered,Control,"Sanguino-Gomez and Krugers, 2024",1,15,20,3313,2,10,6.036824630244491E-2
50.5,Animal_50_5DLC_resnet50_Freezing_07-2020Sep29shuffle1_100000filtered,Control,"Sanguino-Gomez and Krugers, 2024",1,16,10,3313,0,0,0
50.5,Animal_50_5DLC_resnet50_Freezing_07-2020Sep29shuffle1_100000filtered,Control,"Sanguino-Gomez and Krugers, 2024",1,17,43,3313,0,0,0
50.5,Animal_50_5DLC_resnet50_Freezing_07-2020Sep29shuffle1_100000filtered,Control,"Sanguino-Gomez and Krugers, 2024",1,18,42,3313,0,0,0
50.5,Animal_50_5DLC_resnet50_Freezing_07-2020Sep29shuffle1_100000filtered,Control,"Sanguino-Gomez and Krugers, 2024",1,19,84,3313,1,1.19047619047619,3.0184123151222451E-2
50.5,Animal_50_5DLC_resnet50_Freezing_07-2020Sep29shuffle1_100000filtered,Control,"Sanguino-Gomez and Krugers, 2024",1,20,387,3313,13,3.3591731266149871,0.39239360096589199
50.5,Animal_50_5DLC_resnet50_Freezing_07-2020Sep29shuffle1_100000filtered,Control,"Sanguino-Gomez and Krugers, 2024",1,21,21,3313,3,14.285714285714279,9.0552369453667375E-2
50.5,Animal_50_5DLC_resnet50_Freezing_07-2020Sep29shuffle1_100000filtered,Control,"Sanguino-Gomez and Krugers, 2024",1,22,146,3313,6,4.10958904109589,0.18110473890733481
50.5,Animal_50_5DLC_resnet50_Freezing_07-2020Sep29shuffle1_100000filtered,Control,"Sanguino-Gomez and Krugers, 2024",1,23,7,3313,4,57.142857142857139,0.12073649260488981
50.5,Animal_50_5DLC_resnet50_Freezing_07-2020Sep29shuffle1_100000filtered,Control,"Sanguino-Gomez and Krugers, 2024",1,25,9,3313,0,0,0
50.5,Animal_50_5DLC_resnet50_Freezing_07-2020Sep29shuffle1_100000filtered,Control,"Sanguino-Gomez and Krugers, 2024",1,27,62,3313,0,0,0
50.5,Animal_50_5DLC_resnet50_Freezing_07-2020Sep29shuffle1_100000filtered,Control,"Sanguino-Gomez and Krugers, 2024",1,28,437,3313,373,85.354691075514879,11.258677935405981
50.5,Animal_50_5DLC_resnet50_Freezing_07-2020Sep29shuffle1_100000filtered,Control,"Sanguino-Gomez and Krugers, 2024",1,29,16,3313,1,6.25,3.0184123151222451E-2
50.5,Animal_50_5DLC_resnet50_Freezing_07-2020Sep29shuffle1_100000filtered,Control,"Sanguino-Gomez and Krugers, 2024",1,30,28,3313,0,0,0
50.5,Animal_50_5DLC_resnet50_Freezing_07-2020Sep29shuffle1_100000filtered,Control,"Sanguino-Gomez and Krugers, 2024",1,31,6,3313,0,0,0
50.5,Animal_50_5DLC_resnet50_Freezing_07-2020Sep29shuffle1_100000filtered,Control,"Sanguino-Gomez and Krugers, 2024",1,32,73,3313,0,0,0
50.5,Animal_50_5DLC_resnet50_Freezing_07-2020Sep29shuffle1_100000filtered,Control,"Sanguino-Gomez and Krugers, 2024",1,33,2,3313,0,0,0
50.5,Animal_50_5DLC_resnet50_Freezing_07-2020Sep29shuffle1_100000filtered,Control,"Sanguino-Gomez and Krugers, 2024",1,35,14,3313,0,0,0
50.5,Animal_50_5DLC_resnet50_Freezing_07-2020Sep29shuffle1_100000filtered,Control,"Sanguino-Gomez and Krugers, 2024",1,36,8,3313,2,25,6.036824630244491E-2
50.5,Animal_50_5DLC_resnet50_Freezing_07-2020Sep29shuffle1_100000filtered,Control,"Sanguino-Gomez and Krugers, 2024",1,37,206,3313,2,0.97087378640776689,6.036824630244491E-2
50.5,Animal_50_5DLC_resnet50_Freezing_07-2020Sep29shuffle1_100000filtered,Control,"Sanguino-Gomez and Krugers, 2024",1,41,29,3313,0,0,0
50.5,Animal_50_5DLC_resnet50_Freezing_07-2020Sep29shuffle1_100000filtered,Control,"Sanguino-Gomez and Krugers, 2024",1,43,5,3313,0,0,0
50.5,Animal_50_5DLC_resnet50_Freezing_07-2020Sep29shuffle1_100000filtered,Control,"Sanguino-Gomez and Krugers, 2024",1,58,19,3313,0,0,0
53.5,Animal_53_5DLC_resnet50_Freezing_07-2020Sep29shuffle1_100000filtered,Control,"Sanguino-Gomez and Krugers, 2024",1,0,2452,3042,2090,85.236541598694942,68.704799474030239
53.5,Animal_53_5DLC_resnet50_Freezing_07-2020Sep29shuffle1_100000filtered,Control,"Sanguino-Gomez and Krugers, 2024",1,1,1480,3042,187,12.63513513513513,6.1472715318869167
53.5,Animal_53_5DLC_resnet50_Freezing_07-2020Sep29shuffle1_100000filtered,Control,"Sanguino-Gomez and Krugers, 2024",1,2,1357,3042,5,0.36845983787767128,0.16436554898093361
53.5,Animal_53_5DLC_resnet50_Freezing_07-2020Sep29shuffle1_100000filtered,Control,"Sanguino-Gomez and Krugers, 2024",1,3,1183,3042,72,6.0862214708368558,2.3668639053254439
53.5,Animal_53_5DLC_resnet50_Freezing_07-2020Sep29shuffle1_100000filtered,Control,"Sanguino-Gomez and Krugers, 2024",1,4,427,3042,79,18.501170960187359,2.5969756738987511
53.5,Animal_53_5DLC_resnet50_Freezing_07-2020Sep29shuffle1_100000filtered,Control,"Sanguino-Gomez and Krugers, 2024",1,5,659,3042,5,0.75872534142640369,0.16436554898093361
53.5,Animal_53_5DLC_resnet50_Freezing_07-2020Sep29shuffle1_100000filtered,Control,"Sanguino-Gomez and Krugers, 2024",1,6,230,3042,9,3.9130434782608701,0.29585798816568049
53.5,Animal_53_5DLC_resnet50_Freezing_07-2020Sep29shuffle1_100000filtered,Control,"Sanguino-Gomez and Krugers, 2024",1,7,180,3042,3,1.666666666666667,9.8619329388560162E-2
53.5,Animal_53_5DLC_resnet50_Freezing_07-2020Sep29shuffle1_100000filtered,Control,"Sanguino-Gomez and Krugers, 2024",1,8,70,3042,3,4.2857142857142856,9.8619329388560162E-2
53.5,Animal_53_5DLC_resnet50_Freezing_07-2020Sep29shuffle1_100000filtered,Control,"Sanguino-Gomez and Krugers, 2024",1,9,94,3042,5,5.3191489361702127,0.16436554898093361
53.5,Animal_53_5DLC_resnet50_Freezing_07-2020Sep29shuffle1_100000filtered,Control,"Sanguino-Gomez and Krugers, 2024",1,10,322,3042,1,0.3105590062111801,3.2873109796186718E-2
53.5,Animal_53_5DLC_resnet50_Freezing_07-2020Sep29shuffle1_100000filtered,Control,"Sanguino-Gomez and Krugers, 2024",1,11,99,3042,0,0,0
53.5,Animal_53_5DLC_resnet50_Freezing_07-2020Sep29shuffle1_100000filtered,Control,"Sanguino-Gomez and Krugers, 2024",1,12,154,3042,4,2.5974025974025969,0.1314924391847469
53.5,Animal_53_5DLC_resnet50_Freezing_07-2020Sep29shuffle1_100000filtered,Control,"Sanguino-Gomez and Krugers, 2024",1,13,71,3042,9,12.67605633802817,0.29585798816568049
53.5,Animal_53_5DLC_resnet50_Freezing_07-2020Sep29shuffle1_100000filtered,Control,"Sanguino-Gomez and Krugers, 2024",1,14,384,3042,0,0,0
53.5,Animal_53_5DLC_resnet50_Freezing_07-2020Sep29shuffle1_100000filtered,Control,"Sanguino-Gomez and Krugers, 2024",1,15,126,3042,3,2.3809523809523809,9.8619329388560162E-2
53.5,Animal_53_5DLC_resnet50_Freezing_07-2020Sep29shuffle1_100000filtered,Control,"Sanguino-Gomez and Krugers, 2024",1,16,36,3042,0,0,0
53.5,Animal_53_5DLC_resnet50_Freezing_07-2020Sep29shuffle1_100000filtered,Control,"Sanguino-Gomez and Krugers, 2024",1,17,81,3042,0,0,0
53.5,Animal_53_5DLC_resnet50_Freezing_07-2020Sep29shuffle1_100000filtered,Control,"Sanguino-Gomez and Krugers, 2024",1,19,103,3042,0,0,0
53.5,Animal_53_5DLC_resnet50_Freezing_07-2020Sep29shuffle1_100000filtered,Control,"Sanguino-Gomez and Krugers, 2024",1,20,243,3042,46,18.930041152263371,1.5121630506245889
53.5,Animal_53_5DLC_resnet50_Freezing_07-2020Sep29shuffle1_100000filtered,Control,"Sanguino-Gomez and Krugers, 2024",1,21,42,3042,0,0,0
53.5,Animal_53_5DLC_resnet50_Freezing_07-2020Sep29shuffle1_100000filtered,Control,"Sanguino-Gomez and Krugers, 2024",1,22,342,3042,23,6.7251461988304087,0.75608152531229456
53.5,Animal_53_5DLC_resnet50_Freezing_07-2020Sep29shuffle1_100000filtered,Control,"Sanguino-Gomez and Krugers, 2024",1,23,40,3042,1,2.5,3.2873109796186718E-2
53.5,Animal_53_5DLC_resnet50_Freezing_07-2020Sep29shuffle1_100000filtered,Control,"Sanguino-Gomez and Krugers, 2024",1,24,6,3042,1,16.666666666666661,3.2873109796186718E-2
53.5,Animal_53_5DLC_resnet50_Freezing_07-2020Sep29shuffle1_100000filtered,Control,"Sanguino-Gomez and Krugers, 2024",1,25,135,3042,0,0,0
53.5,Animal_53_5DLC_resnet50_Freezing_07-2020Sep29shuffle1_100000filtered,Control,"Sanguino-Gomez and Krugers, 2024",1,27,52,3042,0,0,0
53.5,Animal_53_5DLC_resnet50_Freezing_07-2020Sep29shuffle1_100000filtered,Control,"Sanguino-Gomez and Krugers, 2024",1,28,538,3042,478,88.847583643122675,15.713346482577251
53.5,Animal_53_5DLC_resnet50_Freezing_07-2020Sep29shuffle1_100000filtered,Control,"Sanguino-Gomez and Krugers, 2024",1,29,4,3042,0,0,0
53.5,Animal_53_5DLC_resnet50_Freezing_07-2020Sep29shuffle1_100000filtered,Control,"Sanguino-Gomez and Krugers, 2024",1,30,49,3042,0,0,0
53.5,Animal_53_5DLC_resnet50_Freezing_07-2020Sep29shuffle1_100000filtered,Control,"Sanguino-Gomez and Krugers, 2024",1,31,60,3042,4,6.666666666666667,0.1314924391847469
53.5,Animal_53_5DLC_resnet50_Freezing_07-2020Sep29shuffle1_100000filtered,Control,"Sanguino-Gomez and Krugers, 2024",1,32,47,3042,0,0,0
53.5,Animal_53_5DLC_resnet50_Freezing_07-2020Sep29shuffle1_100000filtered,Control,"Sanguino-Gomez and Krugers, 2024",1,33,29,3042,4,13.793103448275859,0.1314924391847469
53.5,Animal_53_5DLC_resnet50_Freezing_07-2020Sep29shuffle1_100000filtered,Control,"Sanguino-Gomez and Krugers, 2024",1,35,27,3042,0,0,0
53.5,Animal_53_5DLC_resnet50_Freezing_07-2020Sep29shuffle1_100000filtered,Control,"Sanguino-Gomez and Krugers, 2024",1,36,8,3042,0,0,0
53.5,Animal_53_5DLC_resnet50_Freezing_07-2020Sep29shuffle1_100000filtered,Control,"Sanguino-Gomez and Krugers, 2024",1,38,41,3042,8,19.512195121951219,0.26298487836949369
53.5,Animal_53_5DLC_resnet50_Freezing_07-2020Sep29shuffle1_100000filtered,Control,"Sanguino-Gomez and Krugers, 2024",1,42,26,3042,2,7.6923076923076934,6.5746219592373437E-2
53.5,Animal_53_5DLC_resnet50_Freezing_07-2020Sep29shuffle1_100000filtered,Control,"Sanguino-Gomez and Krugers, 2024",1,45,23,3042,0,0,0
53.5,Animal_53_5DLC_resnet50_Freezing_07-2020Sep29shuffle1_100000filtered,Control,"Sanguino-Gomez and Krugers, 2024",1,50,14,3042,0,0,0
53.5,Animal_53_5DLC_resnet50_Freezing_07-2020Sep29shuffle1_100000filtered,Control,"Sanguino-Gomez and Krugers, 2024",1,61,6,3042,0,0,0
53.5,Animal_53_5DLC_resnet50_Freezing_07-2020Sep29shuffle1_100000filtered,Control,"Sanguino-Gomez and Krugers, 2024",1,66,5,3042,0,0,0
53.5,Animal_53_5DLC_resnet50_Freezing_07-2020Sep29shuffle1_100000filtered,Control,"Sanguino-Gomez and Krugers, 2024",1,71,2,3042,0,0,0
53.5,Animal_53_5DLC_resnet50_Freezing_07-2020Sep29shuffle1_100000filtered,Control,"Sanguino-Gomez and Krugers, 2024",1,94,3,3042,0,0,0
54.3,Animal_54_3DLC_resnet50_Freezing_07-2020Sep29shuffle1_100000filtered,Control,"Sanguino-Gomez and Krugers, 2024",1,0,1724,2062,1525,88.457076566125295,73.957322987390882
54.3,Animal_54_3DLC_resnet50_Freezing_07-2020Sep29shuffle1_100000filtered,Control,"Sanguino-Gomez and Krugers, 2024",1,1,1992,2062,156,7.8313253012048198,7.5654704170708049
54.3,Animal_54_3DLC_resnet50_Freezing_07-2020Sep29shuffle1_100000filtered,Control,"Sanguino-Gomez and Krugers, 2024",1,2,1820,2062,2,0.1098901098901099,9.6993210475266739E-2
54.3,Animal_54_3DLC_resnet50_Freezing_07-2020Sep29shuffle1_100000filtered,Control,"Sanguino-Gomez and Krugers, 2024",1,3,911,2062,29,3.1833150384193201,1.406401551891368
54.3,Animal_54_3DLC_resnet50_Freezing_07-2020Sep29shuffle1_100000filtered,Control,"Sanguino-Gomez and Krugers, 2024",1,4,321,2062,31,9.657320872274143,1.5033947623666339
54.3,Animal_54_3DLC_resnet50_Freezing_07-2020Sep29shuffle1_100000filtered,Control,"Sanguino-Gomez and Krugers, 2024",1,5,882,2062,4,0.45351473922902502,0.19398642095053351
54.3,Animal_54_3DLC_resnet50_Freezing_07-2020Sep29shuffle1_100000filtered,Control,"Sanguino-Gomez and Krugers, 2024",1,6,216,2062,14,6.481481481481481,0.67895247332686715
54.3,Animal_54_3DLC_resnet50_Freezing_07-2020Sep29shuffle1_100000filtered,Control,"Sanguino-Gomez and Krugers, 2024",1,7,178,2062,1,0.5617977528089888,4.849660523763337E-2
54.3,Animal_54_3DLC_resnet50_Freezing_07-2020Sep29shuffle1_100000filtered,Control,"Sanguino-Gomez and Krugers, 2024",1,8,80,2062,5,6.25,0.24248302618816689
54.3,Animal_54_3DLC_resnet50_Freezing_07-2020Sep29shuffle1_100000filtered,Control,"Sanguino-Gomez and Krugers, 2024",1,9,75,2062,0,0,0
54.3,Animal_54_3DLC_resnet50_Freezing_07-2020Sep29shuffle1_100000filtered,Control,"Sanguino-Gomez and Krugers, 2024",1,10,439,2062,3,0.68337129840546695,0.14548981571290009
54.3,Animal_54_3DLC_resnet50_Freezing_07-2020Sep29shuffle1_100000filtered,Control,"Sanguino-Gomez and Krugers, 2024",1,11,243,2062,0,0,0
54.3,Animal_54_3DLC_resnet50_Freezing_07-2020Sep29shuffle1_100000filtered,Control,"Sanguino-Gomez and Krugers, 2024",1,12,76,2062,1,1.31578947368421,4.849660523763337E-2
54.3,Animal_54_3DLC_resnet50_Freezing_07-2020Sep29shuffle1_100000filtered,Control,"Sanguino-Gomez and Krugers, 2024",1,13,269,2062,46,17.100371747211899,2.2308438409311351
54.3,Animal_54_3DLC_resnet50_Freezing_07-2020Sep29shuffle1_100000filtered,Control,"Sanguino-Gomez and Krugers, 2024",1,14,296,2062,0,0,0
54.3,Animal_54_3DLC_resnet50_Freezing_07-2020Sep29shuffle1_100000filtered,Control,"Sanguino-Gomez and Krugers, 2024",1,15,87,2062,0,0,0
54.3,Animal_54_3DLC_resnet50_Freezing_07-2020Sep29shuffle1_100000filtered,Control,"Sanguino-Gomez and Krugers, 2024",1,16,140,2062,3,2.1428571428571428,0.14548981571290009
54.3,Animal_54_3DLC_resnet50_Freezing_07-2020Sep29shuffle1_100000filtered,Control,"Sanguino-Gomez and Krugers, 2024",1,17,136,2062,5,3.6764705882352939,0.24248302618816689
54.3,Animal_54_3DLC_resnet50_Freezing_07-2020Sep29shuffle1_100000filtered,Control,"Sanguino-Gomez and Krugers, 2024",1,18,31,2062,5,16.12903225806452,0.24248302618816689
54.3,Animal_54_3DLC_resnet50_Freezing_07-2020Sep29shuffle1_100000filtered,Control,"Sanguino-Gomez and Krugers, 2024",1,19,31,2062,0,0,0
54.3,Animal_54_3DLC_resnet50_Freezing_07-2020Sep29shuffle1_100000filtered,Control,"Sanguino-Gomez and Krugers, 2024",1,20,284,2062,31,10.91549295774648,1.5033947623666339
54.3,Animal_54_3DLC_resnet50_Freezing_07-2020Sep29shuffle1_100000filtered,Control,"Sanguino-Gomez and Krugers, 2024",1,21,39,2062,0,0,0
54.3,Animal_54_3DLC_resnet50_Freezing_07-2020Sep29shuffle1_100000filtered,Control,"Sanguino-Gomez and Krugers, 2024",1,22,113,2062,1,0.88495575221238942,4.849660523763337E-2
54.3,Animal_54_3DLC_resnet50_Freezing_07-2020Sep29shuffle1_100000filtered,Control,"Sanguino-Gomez and Krugers, 2024",1,23,24,2062,3,12.5,0.14548981571290009
54.3,Animal_54_3DLC_resnet50_Freezing_07-2020Sep29shuffle1_100000filtered,Control,"Sanguino-Gomez and Krugers, 2024",1,24,20,2062,0,0,0
54.3,Animal_54_3DLC_resnet50_Freezing_07-2020Sep29shuffle1_100000filtered,Control,"Sanguino-Gomez and Krugers, 2024",1,25,132,2062,0,0,0
54.3,Animal_54_3DLC_resnet50_Freezing_07-2020Sep29shuffle1_100000filtered,Control,"Sanguino-Gomez and Krugers, 2024",1,27,44,2062,0,0,0
54.3,Animal_54_3DLC_resnet50_Freezing_07-2020Sep29shuffle1_100000filtered,Control,"Sanguino-Gomez and Krugers, 2024",1,28,241,2062,194,80.497925311203318,9.4083414161008729
54.3,Animal_54_3DLC_resnet50_Freezing_07-2020Sep29shuffle1_100000filtered,Control,"Sanguino-Gomez and Krugers, 2024",1,29,17,2062,0,0,0
54.3,Animal_54_3DLC_resnet50_Freezing_07-2020Sep29shuffle1_100000filtered,Control,"Sanguino-Gomez and Krugers, 2024",1,30,21,2062,0,0,0
54.3,Animal_54_3DLC_resnet50_Freezing_07-2020Sep29shuffle1_100000filtered,Control,"Sanguino-Gomez and Krugers, 2024",1,31,46,2062,0,0,0
54.3,Animal_54_3DLC_resnet50_Freezing_07-2020Sep29shuffle1_100000filtered,Control,"Sanguino-Gomez and Krugers, 2024",1,32,116,2062,0,0,0
54.3,Animal_54_3DLC_resnet50_Freezing_07-2020Sep29shuffle1_100000filtered,Control,"Sanguino-Gomez and Krugers, 2024",1,36,8,2062,0,0,0
54.3,Animal_54_3DLC_resnet50_Freezing_07-2020Sep29shuffle1_100000filtered,Control,"Sanguino-Gomez and Krugers, 2024",1,37,147,2062,0,0,0
54.3,Animal_54_3DLC_resnet50_Freezing_07-2020Sep29shuffle1_100000filtered,Control,"Sanguino-Gomez and Krugers, 2024",1,38,4,2062,0,0,0
54.3,Animal_54_3DLC_resnet50_Freezing_07-2020Sep29shuffle1_100000filtered,Control,"Sanguino-Gomez and Krugers, 2024",1,40,17,2062,3,17.647058823529409,0.14548981571290009
54.3,Animal_54_3DLC_resnet50_Freezing_07-2020Sep29shuffle1_100000filtered,Control,"Sanguino-Gomez and Krugers, 2024",1,41,15,2062,0,0,0
54.3,Animal_54_3DLC_resnet50_Freezing_07-2020Sep29shuffle1_100000filtered,Control,"Sanguino-Gomez and Krugers, 2024",1,42,11,2062,0,0,0
54.3,Animal_54_3DLC_resnet50_Freezing_07-2020Sep29shuffle1_100000filtered,Control,"Sanguino-Gomez and Krugers, 2024",1,43,4,2062,0,0,0
54.4,Animal_54_4DLC_resnet50_Freezing_07-2020Sep29shuffle1_100000filtered,Control,"Sanguino-Gomez and Krugers, 2024",1,0,3420,3730,2972,86.900584795321635,79.678284182305632
54.4,Animal_54_4DLC_resnet50_Freezing_07-2020Sep29shuffle1_100000filtered,Control,"Sanguino-Gomez and Krugers, 2024",1,1,3385,3730,331,9.7784342688330881,8.8739946380697052
54.4,Animal_54_4DLC_resnet50_Freezing_07-2020Sep29shuffle1_100000filtered,Control,"Sanguino-Gomez and Krugers, 2024",1,2,735,3730,3,0.40816326530612251,8.0428954423592491E-2
54.4,Animal_54_4DLC_resnet50_Freezing_07-2020Sep29shuffle1_100000filtered,Control,"Sanguino-Gomez and Krugers, 2024",1,3,763,3730,17,2.2280471821756231,0.4557640750670241
54.4,Animal_54_4DLC_resnet50_Freezing_07-2020Sep29shuffle1_100000filtered,Control,"Sanguino-Gomez and Krugers, 2024",1,4,33,3730,14,42.424242424242422,0.37533512064343172
54.4,Animal_54_4DLC_resnet50_Freezing_07-2020Sep29shuffle1_100000filtered,Control,"Sanguino-Gomez and Krugers, 2024",1,5,474,3730,7,1.4767932489451481,0.1876675603217158
54.4,Animal_54_4DLC_resnet50_Freezing_07-2020Sep29shuffle1_100000filtered,Control,"Sanguino-Gomez and Krugers, 2024",1,6,505,3730,14,2.772277227722773,0.37533512064343172
54.4,Animal_54_4DLC_resnet50_Freezing_07-2020Sep29shuffle1_100000filtered,Control,"Sanguino-Gomez and Krugers, 2024",1,7,89,3730,0,0,0
54.4,Animal_54_4DLC_resnet50_Freezing_07-2020Sep29shuffle1_100000filtered,Control,"Sanguino-Gomez and Krugers, 2024",1,8,18,3730,4,22.222222222222221,0.1072386058981233
54.4,Animal_54_4DLC_resnet50_Freezing_07-2020Sep29shuffle1_100000filtered,Control,"Sanguino-Gomez and Krugers, 2024",1,9,15,3730,0,0,0
54.4,Animal_54_4DLC_resnet50_Freezing_07-2020Sep29shuffle1_100000filtered,Control,"Sanguino-Gomez and Krugers, 2024",1,10,197,3730,1,0.50761421319796951,2.6809651474530839E-2
54.4,Animal_54_4DLC_resnet50_Freezing_07-2020Sep29shuffle1_100000filtered,Control,"Sanguino-Gomez and Krugers, 2024",1,11,58,3730,0,0,0
54.4,Animal_54_4DLC_resnet50_Freezing_07-2020Sep29shuffle1_100000filtered,Control,"Sanguino-Gomez and Krugers, 2024",1,12,32,3730,0,0,0
54.4,Animal_54_4DLC_resnet50_Freezing_07-2020Sep29shuffle1_100000filtered,Control,"Sanguino-Gomez and Krugers, 2024",1,13,598,3730,167,27.926421404682269,4.4772117962466487
54.4,Animal_54_4DLC_resnet50_Freezing_07-2020Sep29shuffle1_100000filtered,Control,"Sanguino-Gomez and Krugers, 2024",1,14,104,3730,0,0,0
54.4,Animal_54_4DLC_resnet50_Freezing_07-2020Sep29shuffle1_100000filtered,Control,"Sanguino-Gomez and Krugers, 2024",1,15,22,3730,0,0,0
54.4,Animal_54_4DLC_resnet50_Freezing_07-2020Sep29shuffle1_100000filtered,Control,"Sanguino-Gomez and Krugers, 2024",1,16,48,3730,0,0,0
54.4,Animal_54_4DLC_resnet50_Freezing_07-2020Sep29shuffle1_100000filtered,Control,"Sanguino-Gomez and Krugers, 2024",1,19,11,3730,0,0,0
54.4,Animal_54_4DLC_resnet50_Freezing_07-2020Sep29shuffle1_100000filtered,Control,"Sanguino-Gomez and Krugers, 2024",1,20,105,3730,3,2.8571428571428572,8.0428954423592491E-2
54.4,Animal_54_4DLC_resnet50_Freezing_07-2020Sep29shuffle1_100000filtered,Control,"Sanguino-Gomez and Krugers, 2024",1,21,10,3730,0,0,0
54.4,Animal_54_4DLC_resnet50_Freezing_07-2020Sep29shuffle1_100000filtered,Control,"Sanguino-Gomez and Krugers, 2024",1,22,137,3730,2,1.4598540145985399,5.361930294906167E-2
54.4,Animal_54_4DLC_resnet50_Freezing_07-2020Sep29shuffle1_100000filtered,Control,"Sanguino-Gomez and Krugers, 2024",1,23,8,3730,0,0,0
54.4,Animal_54_4DLC_resnet50_Freezing_07-2020Sep29shuffle1_100000filtered,Control,"Sanguino-Gomez and Krugers, 2024",1,27,50,3730,1,2,2.6809651474530839E-2
54.4,Animal_54_4DLC_resnet50_Freezing_07-2020Sep29shuffle1_100000filtered,Control,"Sanguino-Gomez and Krugers, 2024",1,28,207,3730,172,83.091787439613526,4.6112600536193034
54.4,Animal_54_4DLC_resnet50_Freezing_07-2020Sep29shuffle1_100000filtered,Control,"Sanguino-Gomez and Krugers, 2024",1,30,15,3730,0,0,0
54.4,Animal_54_4DLC_resnet50_Freezing_07-2020Sep29shuffle1_100000filtered,Control,"Sanguino-Gomez and Krugers, 2024",1,32,18,3730,3,16.666666666666661,8.0428954423592491E-2
54.4,Animal_54_4DLC_resnet50_Freezing_07-2020Sep29shuffle1_100000filtered,Control,"Sanguino-Gomez and Krugers, 2024",1,33,6,3730,0,0,0
54.4,Animal_54_4DLC_resnet50_Freezing_07-2020Sep29shuffle1_100000filtered,Control,"Sanguino-Gomez and Krugers, 2024",1,37,73,3730,1,1.3698630136986301,2.6809651474530839E-2
54.4,Animal_54_4DLC_resnet50_Freezing_07-2020Sep29shuffle1_100000filtered,Control,"Sanguino-Gomez and Krugers, 2024",1,40,112,3730,18,16.071428571428569,0.482573726541555
54.4,Animal_54_4DLC_resnet50_Freezing_07-2020Sep29shuffle1_100000filtered,Control,"Sanguino-Gomez and Krugers, 2024",1,41,2,3730,0,0,0
54.6,Animal_54_6DLC_resnet50_Freezing_07-2020Sep29shuffle1_100000filtered,Control,"Sanguino-Gomez and Krugers, 2024",1,0,2414,2654,2052,85.004142502071261,77.317256970610401
54.6,Animal_54_6DLC_resnet50_Freezing_07-2020Sep29shuffle1_100000filtered,Control,"Sanguino-Gomez and Krugers, 2024",1,1,2275,2654,88,3.8681318681318682,3.3157498116051252
54.6,Animal_54_6DLC_resnet50_Freezing_07-2020Sep29shuffle1_100000filtered,Control,"Sanguino-Gomez and Krugers, 2024",1,2,822,2654,1,0.121654501216545,3.7678975131876423E-2
54.6,Animal_54_6DLC_resnet50_Freezing_07-2020Sep29shuffle1_100000filtered,Control,"Sanguino-Gomez and Krugers, 2024",1,3,1400,2654,50,3.5714285714285712,1.8839487565938211
54.6,Animal_54_6DLC_resnet50_Freezing_07-2020Sep29shuffle1_100000filtered,Control,"Sanguino-Gomez and Krugers, 2024",1,4,116,2654,9,7.7586206896551726,0.33911077618688767
54.6,Animal_54_6DLC_resnet50_Freezing_07-2020Sep29shuffle1_100000filtered,Control,"Sanguino-Gomez and Krugers, 2024",1,5,1053,2654,13,1.2345679012345681,0.48982667671439328
54.6,Animal_54_6DLC_resnet50_Freezing_07-2020Sep29shuffle1_100000filtered,Control,"Sanguino-Gomez and Krugers, 2024",1,6,428,2654,16,3.7383177570093449,0.60286360211002266
54.6,Animal_54_6DLC_resnet50_Freezing_07-2020Sep29shuffle1_100000filtered,Control,"Sanguino-Gomez and Krugers, 2024",1,7,169,2654,1,0.59171597633136097,3.7678975131876423E-2
54.6,Animal_54_6DLC_resnet50_Freezing_07-2020Sep29shuffle1_100000filtered,Control,"Sanguino-Gomez and Krugers, 2024",1,8,2,2654,0,0,0
54.6,Animal_54_6DLC_resnet50_Freezing_07-2020Sep29shuffle1_100000filtered,Control,"Sanguino-Gomez and Krugers, 2024",1,9,62,2654,0,0,0
54.6,Animal_54_6DLC_resnet50_Freezing_07-2020Sep29shuffle1_100000filtered,Control,"Sanguino-Gomez and Krugers, 2024",1,10,486,2654,2,0.41152263374485598,7.5357950263752832E-2
54.6,Animal_54_6DLC_resnet50_Freezing_07-2020Sep29shuffle1_100000filtered,Control,"Sanguino-Gomez and Krugers, 2024",1,11,50,2654,0,0,0
54.6,Animal_54_6DLC_resnet50_Freezing_07-2020Sep29shuffle1_100000filtered,Control,"Sanguino-Gomez and Krugers, 2024",1,12,116,2654,7,6.0344827586206904,0.26375282592313493
54.6,Animal_54_6DLC_resnet50_Freezing_07-2020Sep29shuffle1_100000filtered,Control,"Sanguino-Gomez and Krugers, 2024",1,13,258,2654,20,7.7519379844961236,0.75357950263752826
54.6,Animal_54_6DLC_resnet50_Freezing_07-2020Sep29shuffle1_100000filtered,Control,"Sanguino-Gomez and Krugers, 2024",1,14,336,2654,0,0,0
54.6,Animal_54_6DLC_resnet50_Freezing_07-2020Sep29shuffle1_100000filtered,Control,"Sanguino-Gomez and Krugers, 2024",1,15,113,2654,1,0.88495575221238942,3.7678975131876423E-2
54.6,Animal_54_6DLC_resnet50_Freezing_07-2020Sep29shuffle1_100000filtered,Control,"Sanguino-Gomez and Krugers, 2024",1,16,78,2654,0,0,0
54.6,Animal_54_6DLC_resnet50_Freezing_07-2020Sep29shuffle1_100000filtered,Control,"Sanguino-Gomez and Krugers, 2024",1,17,10,2654,0,0,0
54.6,Animal_54_6DLC_resnet50_Freezing_07-2020Sep29shuffle1_100000filtered,Control,"Sanguino-Gomez and Krugers, 2024",1,19,32,2654,0,0,0
54.6,Animal_54_6DLC_resnet50_Freezing_07-2020Sep29shuffle1_100000filtered,Control,"Sanguino-Gomez and Krugers, 2024",1,20,123,2654,2,1.626016260162602,7.5357950263752832E-2
54.6,Animal_54_6DLC_resnet50_Freezing_07-2020Sep29shuffle1_100000filtered,Control,"Sanguino-Gomez and Krugers, 2024",1,21,27,2654,1,3.7037037037037028,3.7678975131876423E-2
54.6,Animal_54_6DLC_resnet50_Freezing_07-2020Sep29shuffle1_100000filtered,Control,"Sanguino-Gomez and Krugers, 2024",1,22,71,2654,35,49.295774647887328,1.318764129615674
54.6,Animal_54_6DLC_resnet50_Freezing_07-2020Sep29shuffle1_100000filtered,Control,"Sanguino-Gomez and Krugers, 2024",1,23,10,2654,0,0,0
54.6,Animal_54_6DLC_resnet50_Freezing_07-2020Sep29shuffle1_100000filtered,Control,"Sanguino-Gomez and Krugers, 2024",1,24,1,2654,0,0,0
54.6,Animal_54_6DLC_resnet50_Freezing_07-2020Sep29shuffle1_100000filtered,Control,"Sanguino-Gomez and Krugers, 2024",1,25,42,2654,2,4.7619047619047619,7.5357950263752832E-2
54.6,Animal_54_6DLC_resnet50_Freezing_07-2020Sep29shuffle1_100000filtered,Control,"Sanguino-Gomez and Krugers, 2024",1,26,10,2654,0,0,0
54.6,Animal_54_6DLC_resnet50_Freezing_07-2020Sep29shuffle1_100000filtered,Control,"Sanguino-Gomez and Krugers, 2024",1,27,58,2654,1,1.7241379310344831,3.7678975131876423E-2
54.6,Animal_54_6DLC_resnet50_Freezing_07-2020Sep29shuffle1_100000filtered,Control,"Sanguino-Gomez and Krugers, 2024",1,28,402,2654,314,78.109452736318403,11.831198191409189
54.6,Animal_54_6DLC_resnet50_Freezing_07-2020Sep29shuffle1_100000filtered,Control,"Sanguino-Gomez and Krugers, 2024",1,29,6,2654,0,0,0
54.6,Animal_54_6DLC_resnet50_Freezing_07-2020Sep29shuffle1_100000filtered,Control,"Sanguino-Gomez and Krugers, 2024",1,30,25,2654,0,0,0
54.6,Animal_54_6DLC_resnet50_Freezing_07-2020Sep29shuffle1_100000filtered,Control,"Sanguino-Gomez and Krugers, 2024",1,32,45,2654,1,2.2222222222222219,3.7678975131876423E-2
54.6,Animal_54_6DLC_resnet50_Freezing_07-2020Sep29shuffle1_100000filtered,Control,"Sanguino-Gomez and Krugers, 2024",1,33,2,2654,0,0,0
54.6,Animal_54_6DLC_resnet50_Freezing_07-2020Sep29shuffle1_100000filtered,Control,"Sanguino-Gomez and Krugers, 2024",1,37,69,2654,0,0,0
54.6,Animal_54_6DLC_resnet50_Freezing_07-2020Sep29shuffle1_100000filtered,Control,"Sanguino-Gomez and Krugers, 2024",1,38,52,2654,11,21.15384615384615,0.41446872645064059
54.6,Animal_54_6DLC_resnet50_Freezing_07-2020Sep29shuffle1_100000filtered,Control,"Sanguino-Gomez and Krugers, 2024",1,40,38,2654,27,71.05263157894737,1.017332328560663
54.6,Animal_54_6DLC_resnet50_Freezing_07-2020Sep29shuffle1_100000filtered,Control,"Sanguino-Gomez and Krugers, 2024",1,41,18,2654,0,0,0
54.6,Animal_54_6DLC_resnet50_Freezing_07-2020Sep29shuffle1_100000filtered,Control,"Sanguino-Gomez and Krugers, 2024",1,75,31,2654,0,0,0
58.5,Animal_58_5DLC_resnet50_Freezing_07-2020Sep29shuffle1_100000filtered,Control,"Sanguino-Gomez and Krugers, 2024",1,0,1808,2093,1505,83.241150442477874,71.906354515050168
58.5,Animal_58_5DLC_resnet50_Freezing_07-2020Sep29shuffle1_100000filtered,Control,"Sanguino-Gomez and Krugers, 2024",1,1,1969,2093,200,10.15744032503809,9.5556617295747728
58.5,Animal_58_5DLC_resnet50_Freezing_07-2020Sep29shuffle1_100000filtered,Control,"Sanguino-Gomez and Krugers, 2024",1,2,1548,2093,14,0.90439276485788112,0.66889632107023411
58.5,Animal_58_5DLC_resnet50_Freezing_07-2020Sep29shuffle1_100000filtered,Control,"Sanguino-Gomez and Krugers, 2024",1,3,1202,2093,66,5.4908485856905154,3.1533683707596749
58.5,Animal_58_5DLC_resnet50_Freezing_07-2020Sep29shuffle1_100000filtered,Control,"Sanguino-Gomez and Krugers, 2024",1,4,411,2093,96,23.357664233576639,4.5867176301958912
58.5,Animal_58_5DLC_resnet50_Freezing_07-2020Sep29shuffle1_100000filtered,Control,"Sanguino-Gomez and Krugers, 2024",1,5,443,2093,6,1.354401805869075,0.2866698518872432
58.5,Animal_58_5DLC_resnet50_Freezing_07-2020Sep29shuffle1_100000filtered,Control,"Sanguino-Gomez and Krugers, 2024",1,6,200,2093,5,2.5,0.23889154323936929
58.5,Animal_58_5DLC_resnet50_Freezing_07-2020Sep29shuffle1_100000filtered,Control,"Sanguino-Gomez and Krugers, 2024",1,7,204,2093,4,1.9607843137254899,0.19111323459149551
58.5,Animal_58_5DLC_resnet50_Freezing_07-2020Sep29shuffle1_100000filtered,Control,"Sanguino-Gomez and Krugers, 2024",1,8,80,2093,6,7.5,0.2866698518872432
58.5,Animal_58_5DLC_resnet50_Freezing_07-2020Sep29shuffle1_100000filtered,Control,"Sanguino-Gomez and Krugers, 2024",1,9,248,2093,5,2.0161290322580649,0.23889154323936929
58.5,Animal_58_5DLC_resnet50_Freezing_07-2020Sep29shuffle1_100000filtered,Control,"Sanguino-Gomez and Krugers, 2024",1,10,472,2093,1,0.21186440677966101,4.7778308647873857E-2
58.5,Animal_58_5DLC_resnet50_Freezing_07-2020Sep29shuffle1_100000filtered,Control,"Sanguino-Gomez and Krugers, 2024",1,11,309,2093,2,0.64724919093851141,9.5556617295747728E-2
58.5,Animal_58_5DLC_resnet50_Freezing_07-2020Sep29shuffle1_100000filtered,Control,"Sanguino-Gomez and Krugers, 2024",1,12,189,2093,0,0,0
58.5,Animal_58_5DLC_resnet50_Freezing_07-2020Sep29shuffle1_100000filtered,Control,"Sanguino-Gomez and Krugers, 2024",1,13,45,2093,8,17.777777777777779,0.38222646918299091
58.5,Animal_58_5DLC_resnet50_Freezing_07-2020Sep29shuffle1_100000filtered,Control,"Sanguino-Gomez and Krugers, 2024",1,14,499,2093,1,0.20040080160320639,4.7778308647873857E-2
58.5,Animal_58_5DLC_resnet50_Freezing_07-2020Sep29shuffle1_100000filtered,Control,"Sanguino-Gomez and Krugers, 2024",1,15,173,2093,1,0.57803468208092479,4.7778308647873857E-2
58.5,Animal_58_5DLC_resnet50_Freezing_07-2020Sep29shuffle1_100000filtered,Control,"Sanguino-Gomez and Krugers, 2024",1,16,169,2093,0,0,0
58.5,Animal_58_5DLC_resnet50_Freezing_07-2020Sep29shuffle1_100000filtered,Control,"Sanguino-Gomez and Krugers, 2024",1,17,179,2093,3,1.6759776536312849,0.1433349259436216
58.5,Animal_58_5DLC_resnet50_Freezing_07-2020Sep29shuffle1_100000filtered,Control,"Sanguino-Gomez and Krugers, 2024",1,19,80,2093,0,0,0
58.5,Animal_58_5DLC_resnet50_Freezing_07-2020Sep29shuffle1_100000filtered,Control,"Sanguino-Gomez and Krugers, 2024",1,20,85,2093,12,14.117647058823531,0.5733397037744864
58.5,Animal_58_5DLC_resnet50_Freezing_07-2020Sep29shuffle1_100000filtered,Control,"Sanguino-Gomez and Krugers, 2024",1,21,65,2093,0,0,0
58.5,Animal_58_5DLC_resnet50_Freezing_07-2020Sep29shuffle1_100000filtered,Control,"Sanguino-Gomez and Krugers, 2024",1,22,214,2093,18,8.4112149532710276,0.86000955566172954
58.5,Animal_58_5DLC_resnet50_Freezing_07-2020Sep29shuffle1_100000filtered,Control,"Sanguino-Gomez and Krugers, 2024",1,23,40,2093,0,0,0
58.5,Animal_58_5DLC_resnet50_Freezing_07-2020Sep29shuffle1_100000filtered,Control,"Sanguino-Gomez and Krugers, 2024",1,24,5,2093,0,0,0
58.5,Animal_58_5DLC_resnet50_Freezing_07-2020Sep29shuffle1_100000filtered,Control,"Sanguino-Gomez and Krugers, 2024",1,25,109,2093,0,0,0
58.5,Animal_58_5DLC_resnet50_Freezing_07-2020Sep29shuffle1_100000filtered,Control,"Sanguino-Gomez and Krugers, 2024",1,27,15,2093,0,0,0
58.5,Animal_58_5DLC_resnet50_Freezing_07-2020Sep29shuffle1_100000filtered,Control,"Sanguino-Gomez and Krugers, 2024",1,28,123,2093,107,86.99186991869918,5.1122790253225032
58.5,Animal_58_5DLC_resnet50_Freezing_07-2020Sep29shuffle1_100000filtered,Control,"Sanguino-Gomez and Krugers, 2024",1,29,29,2093,0,0,0
58.5,Animal_58_5DLC_resnet50_Freezing_07-2020Sep29shuffle1_100000filtered,Control,"Sanguino-Gomez and Krugers, 2024",1,30,22,2093,0,0,0
58.5,Animal_58_5DLC_resnet50_Freezing_07-2020Sep29shuffle1_100000filtered,Control,"Sanguino-Gomez and Krugers, 2024",1,31,63,2093,1,1.587301587301587,4.7778308647873857E-2
58.5,Animal_58_5DLC_resnet50_Freezing_07-2020Sep29shuffle1_100000filtered,Control,"Sanguino-Gomez and Krugers, 2024",1,32,27,2093,0,0,0
58.5,Animal_58_5DLC_resnet50_Freezing_07-2020Sep29shuffle1_100000filtered,Control,"Sanguino-Gomez and Krugers, 2024",1,33,15,2093,1,6.666666666666667,4.7778308647873857E-2
58.5,Animal_58_5DLC_resnet50_Freezing_07-2020Sep29shuffle1_100000filtered,Control,"Sanguino-Gomez and Krugers, 2024",1,34,11,2093,1,9.0909090909090917,4.7778308647873857E-2
58.5,Animal_58_5DLC_resnet50_Freezing_07-2020Sep29shuffle1_100000filtered,Control,"Sanguino-Gomez and Krugers, 2024",1,35,4,2093,0,0,0
58.5,Animal_58_5DLC_resnet50_Freezing_07-2020Sep29shuffle1_100000filtered,Control,"Sanguino-Gomez and Krugers, 2024",1,36,24,2093,2,8.3333333333333321,9.5556617295747728E-2
58.5,Animal_58_5DLC_resnet50_Freezing_07-2020Sep29shuffle1_100000filtered,Control,"Sanguino-Gomez and Krugers, 2024",1,37,77,2093,2,2.5974025974025969,9.5556617295747728E-2
58.5,Animal_58_5DLC_resnet50_Freezing_07-2020Sep29shuffle1_100000filtered,Control,"Sanguino-Gomez and Krugers, 2024",1,38,11,2093,7,63.636363636363633,0.33444816053511711
58.5,Animal_58_5DLC_resnet50_Freezing_07-2020Sep29shuffle1_100000filtered,Control,"Sanguino-Gomez and Krugers, 2024",1,39,2,2093,0,0,0
58.5,Animal_58_5DLC_resnet50_Freezing_07-2020Sep29shuffle1_100000filtered,Control,"Sanguino-Gomez and Krugers, 2024",1,40,17,2093,17,100,0.81223124701385574
58.5,Animal_58_5DLC_resnet50_Freezing_07-2020Sep29shuffle1_100000filtered,Control,"Sanguino-Gomez and Krugers, 2024",1,41,46,2093,0,0,0
58.5,Animal_58_5DLC_resnet50_Freezing_07-2020Sep29shuffle1_100000filtered,Control,"Sanguino-Gomez and Krugers, 2024",1,42,5,2093,0,0,0
58.5,Animal_58_5DLC_resnet50_Freezing_07-2020Sep29shuffle1_100000filtered,Control,"Sanguino-Gomez and Krugers, 2024",1,49,5,2093,0,0,0
58.5,Animal_58_5DLC_resnet50_Freezing_07-2020Sep29shuffle1_100000filtered,Control,"Sanguino-Gomez and Krugers, 2024",1,79,6,2093,2,33.333333333333329,9.5556617295747728E-2
58.5,Animal_58_5DLC_resnet50_Freezing_07-2020Sep29shuffle1_100000filtered,Control,"Sanguino-Gomez and Krugers, 2024",1,80,2,2093,0,0,0
62.1,Animal_62_1DLC_resnet50_Freezing_07-2020Sep29shuffle1_100000filtered,Control,"Sanguino-Gomez and Krugers, 2024",1,0,1166,1337,958,82.161234991423669,71.652954375467459
62.1,Animal_62_1DLC_resnet50_Freezing_07-2020Sep29shuffle1_100000filtered,Control,"Sanguino-Gomez and Krugers, 2024",1,1,1649,1337,157,9.5209217707701637,11.742707554225881
62.1,Animal_62_1DLC_resnet50_Freezing_07-2020Sep29shuffle1_100000filtered,Control,"Sanguino-Gomez and Krugers, 2024",1,2,2655,1337,9,0.33898305084745761,0.67314884068810776
62.1,Animal_62_1DLC_resnet50_Freezing_07-2020Sep29shuffle1_100000filtered,Control,"Sanguino-Gomez and Krugers, 2024",1,3,987,1337,32,3.2421479229989871,2.3934181002243831
62.1,Animal_62_1DLC_resnet50_Freezing_07-2020Sep29shuffle1_100000filtered,Control,"Sanguino-Gomez and Krugers, 2024",1,4,294,1337,13,4.4217687074829932,0.97232610321615554
62.1,Animal_62_1DLC_resnet50_Freezing_07-2020Sep29shuffle1_100000filtered,Control,"Sanguino-Gomez and Krugers, 2024",1,5,931,1337,17,1.825993555316864,1.271503365744203
62.1,Animal_62_1DLC_resnet50_Freezing_07-2020Sep29shuffle1_100000filtered,Control,"Sanguino-Gomez and Krugers, 2024",1,6,140,1337,7,5,0.52356020942408377
62.1,Animal_62_1DLC_resnet50_Freezing_07-2020Sep29shuffle1_100000filtered,Control,"Sanguino-Gomez and Krugers, 2024",1,7,261,1337,1,0.38314176245210718,7.4794315632011971E-2
62.1,Animal_62_1DLC_resnet50_Freezing_07-2020Sep29shuffle1_100000filtered,Control,"Sanguino-Gomez and Krugers, 2024",1,8,92,1337,0,0,0
62.1,Animal_62_1DLC_resnet50_Freezing_07-2020Sep29shuffle1_100000filtered,Control,"Sanguino-Gomez and Krugers, 2024",1,9,117,1337,0,0,0
62.1,Animal_62_1DLC_resnet50_Freezing_07-2020Sep29shuffle1_100000filtered,Control,"Sanguino-Gomez and Krugers, 2024",1,10,215,1337,1,0.46511627906976738,7.4794315632011971E-2
62.1,Animal_62_1DLC_resnet50_Freezing_07-2020Sep29shuffle1_100000filtered,Control,"Sanguino-Gomez and Krugers, 2024",1,11,231,1337,1,0.4329004329004329,7.4794315632011971E-2
62.1,Animal_62_1DLC_resnet50_Freezing_07-2020Sep29shuffle1_100000filtered,Control,"Sanguino-Gomez and Krugers, 2024",1,12,141,1337,0,0,0
62.1,Animal_62_1DLC_resnet50_Freezing_07-2020Sep29shuffle1_100000filtered,Control,"Sanguino-Gomez and Krugers, 2024",1,13,145,1337,30,20.68965517241379,2.2438294689603588
62.1,Animal_62_1DLC_resnet50_Freezing_07-2020Sep29shuffle1_100000filtered,Control,"Sanguino-Gomez and Krugers, 2024",1,14,338,1337,0,0,0
62.1,Animal_62_1DLC_resnet50_Freezing_07-2020Sep29shuffle1_100000filtered,Control,"Sanguino-Gomez and Krugers, 2024",1,15,258,1337,0,0,0
62.1,Animal_62_1DLC_resnet50_Freezing_07-2020Sep29shuffle1_100000filtered,Control,"Sanguino-Gomez and Krugers, 2024",1,16,104,1337,0,0,0
62.1,Animal_62_1DLC_resnet50_Freezing_07-2020Sep29shuffle1_100000filtered,Control,"Sanguino-Gomez and Krugers, 2024",1,17,118,1337,2,1.6949152542372881,0.14958863126402391
62.1,Animal_62_1DLC_resnet50_Freezing_07-2020Sep29shuffle1_100000filtered,Control,"Sanguino-Gomez and Krugers, 2024",1,18,9,1337,0,0,0
62.1,Animal_62_1DLC_resnet50_Freezing_07-2020Sep29shuffle1_100000filtered,Control,"Sanguino-Gomez and Krugers, 2024",1,19,189,1337,0,0,0
62.1,Animal_62_1DLC_resnet50_Freezing_07-2020Sep29shuffle1_100000filtered,Control,"Sanguino-Gomez and Krugers, 2024",1,20,118,1337,14,11.864406779661021,1.047120418848168
62.1,Animal_62_1DLC_resnet50_Freezing_07-2020Sep29shuffle1_100000filtered,Control,"Sanguino-Gomez and Krugers, 2024",1,21,24,1337,0,0,0
62.1,Animal_62_1DLC_resnet50_Freezing_07-2020Sep29shuffle1_100000filtered,Control,"Sanguino-Gomez and Krugers, 2024",1,22,217,1337,14,6.4516129032258061,1.047120418848168
62.1,Animal_62_1DLC_resnet50_Freezing_07-2020Sep29shuffle1_100000filtered,Control,"Sanguino-Gomez and Krugers, 2024",1,23,81,1337,0,0,0
62.1,Animal_62_1DLC_resnet50_Freezing_07-2020Sep29shuffle1_100000filtered,Control,"Sanguino-Gomez and Krugers, 2024",1,24,10,1337,0,0,0
62.1,Animal_62_1DLC_resnet50_Freezing_07-2020Sep29shuffle1_100000filtered,Control,"Sanguino-Gomez and Krugers, 2024",1,25,88,1337,0,0,0
62.1,Animal_62_1DLC_resnet50_Freezing_07-2020Sep29shuffle1_100000filtered,Control,"Sanguino-Gomez and Krugers, 2024",1,28,40,1337,36,90,2.6925953627524311
62.1,Animal_62_1DLC_resnet50_Freezing_07-2020Sep29shuffle1_100000filtered,Control,"Sanguino-Gomez and Krugers, 2024",1,29,26,1337,0,0,0
62.1,Animal_62_1DLC_resnet50_Freezing_07-2020Sep29shuffle1_100000filtered,Control,"Sanguino-Gomez and Krugers, 2024",1,30,37,1337,0,0,0
62.1,Animal_62_1DLC_resnet50_Freezing_07-2020Sep29shuffle1_100000filtered,Control,"Sanguino-Gomez and Krugers, 2024",1,31,63,1337,1,1.587301587301587,7.4794315632011971E-2
62.1,Animal_62_1DLC_resnet50_Freezing_07-2020Sep29shuffle1_100000filtered,Control,"Sanguino-Gomez and Krugers, 2024",1,32,65,1337,0,0,0
62.1,Animal_62_1DLC_resnet50_Freezing_07-2020Sep29shuffle1_100000filtered,Control,"Sanguino-Gomez and Krugers, 2024",1,33,15,1337,0,0,0
62.1,Animal_62_1DLC_resnet50_Freezing_07-2020Sep29shuffle1_100000filtered,Control,"Sanguino-Gomez and Krugers, 2024",1,35,18,1337,0,0,0
62.1,Animal_62_1DLC_resnet50_Freezing_07-2020Sep29shuffle1_100000filtered,Control,"Sanguino-Gomez and Krugers, 2024",1,36,8,1337,0,0,0
62.1,Animal_62_1DLC_resnet50_Freezing_07-2020Sep29shuffle1_100000filtered,Control,"Sanguino-Gomez and Krugers, 2024",1,37,83,1337,1,1.2048192771084341,7.4794315632011971E-2
62.1,Animal_62_1DLC_resnet50_Freezing_07-2020Sep29shuffle1_100000filtered,Control,"Sanguino-Gomez and Krugers, 2024",1,40,3,1337,0,0,0
62.1,Animal_62_1DLC_resnet50_Freezing_07-2020Sep29shuffle1_100000filtered,Control,"Sanguino-Gomez and Krugers, 2024",1,41,12,1337,0,0,0
62.1,Animal_62_1DLC_resnet50_Freezing_07-2020Sep29shuffle1_100000filtered,Control,"Sanguino-Gomez and Krugers, 2024",1,44,281,1337,43,15.302491103202851,3.2161555721765152
62.1,Animal_62_1DLC_resnet50_Freezing_07-2020Sep29shuffle1_100000filtered,Control,"Sanguino-Gomez and Krugers, 2024",1,45,9,1337,0,0,0
62.1,Animal_62_1DLC_resnet50_Freezing_07-2020Sep29shuffle1_100000filtered,Control,"Sanguino-Gomez and Krugers, 2024",1,59,12,1337,0,0,0
62.2,Animal_62_2DLC_resnet50_Freezing_07-2020Sep29shuffle1_100000filtered,Control,"Sanguino-Gomez and Krugers, 2024",1,0,2626,2631,2103,80.083777608530085,79.931584948688723
62.2,Animal_62_2DLC_resnet50_Freezing_07-2020Sep29shuffle1_100000filtered,Control,"Sanguino-Gomez and Krugers, 2024",1,1,3044,2631,152,4.9934296977660972,5.7772709996199163
62.2,Animal_62_2DLC_resnet50_Freezing_07-2020Sep29shuffle1_100000filtered,Control,"Sanguino-Gomez and Krugers, 2024",1,2,945,2631,2,0.21164021164021171,7.6016723679209419E-2
62.2,Animal_62_2DLC_resnet50_Freezing_07-2020Sep29shuffle1_100000filtered,Control,"Sanguino-Gomez and Krugers, 2024",1,3,1276,2631,26,2.0376175548589339,0.98821740782972256
62.2,Animal_62_2DLC_resnet50_Freezing_07-2020Sep29shuffle1_100000filtered,Control,"Sanguino-Gomez and Krugers, 2024",1,4,145,2631,31,21.379310344827591,1.1782592170277459
62.2,Animal_62_2DLC_resnet50_Freezing_07-2020Sep29shuffle1_100000filtered,Control,"Sanguino-Gomez and Krugers, 2024",1,5,685,2631,21,3.0656934306569341,0.79817559863169896
62.2,Animal_62_2DLC_resnet50_Freezing_07-2020Sep29shuffle1_100000filtered,Control,"Sanguino-Gomez and Krugers, 2024",1,6,573,2631,11,1.919720767888307,0.41809198023565192
62.2,Animal_62_2DLC_resnet50_Freezing_07-2020Sep29shuffle1_100000filtered,Control,"Sanguino-Gomez and Krugers, 2024",1,7,90,2631,3,3.333333333333333,0.1140250855188141
62.2,Animal_62_2DLC_resnet50_Freezing_07-2020Sep29shuffle1_100000filtered,Control,"Sanguino-Gomez and Krugers, 2024",1,8,16,2631,0,0,0
62.2,Animal_62_2DLC_resnet50_Freezing_07-2020Sep29shuffle1_100000filtered,Control,"Sanguino-Gomez and Krugers, 2024",1,9,49,2631,1,2.0408163265306118,3.800836183960471E-2
62.2,Animal_62_2DLC_resnet50_Freezing_07-2020Sep29shuffle1_100000filtered,Control,"Sanguino-Gomez and Krugers, 2024",1,10,138,2631,2,1.449275362318841,7.6016723679209419E-2
62.2,Animal_62_2DLC_resnet50_Freezing_07-2020Sep29shuffle1_100000filtered,Control,"Sanguino-Gomez and Krugers, 2024",1,11,106,2631,2,1.8867924528301889,7.6016723679209419E-2
62.2,Animal_62_2DLC_resnet50_Freezing_07-2020Sep29shuffle1_100000filtered,Control,"Sanguino-Gomez and Krugers, 2024",1,12,42,2631,0,0,0
62.2,Animal_62_2DLC_resnet50_Freezing_07-2020Sep29shuffle1_100000filtered,Control,"Sanguino-Gomez and Krugers, 2024",1,13,456,2631,96,21.05263157894737,3.648802736602053
62.2,Animal_62_2DLC_resnet50_Freezing_07-2020Sep29shuffle1_100000filtered,Control,"Sanguino-Gomez and Krugers, 2024",1,14,46,2631,0,0,0
62.2,Animal_62_2DLC_resnet50_Freezing_07-2020Sep29shuffle1_100000filtered,Control,"Sanguino-Gomez and Krugers, 2024",1,15,85,2631,1,1.1764705882352939,3.800836183960471E-2
62.2,Animal_62_2DLC_resnet50_Freezing_07-2020Sep29shuffle1_100000filtered,Control,"Sanguino-Gomez and Krugers, 2024",1,16,28,2631,0,0,0
62.2,Animal_62_2DLC_resnet50_Freezing_07-2020Sep29shuffle1_100000filtered,Control,"Sanguino-Gomez and Krugers, 2024",1,17,80,2631,2,2.5,7.6016723679209419E-2
62.2,Animal_62_2DLC_resnet50_Freezing_07-2020Sep29shuffle1_100000filtered,Control,"Sanguino-Gomez and Krugers, 2024",1,19,53,2631,0,0,0
62.2,Animal_62_2DLC_resnet50_Freezing_07-2020Sep29shuffle1_100000filtered,Control,"Sanguino-Gomez and Krugers, 2024",1,20,143,2631,22,15.38461538461539,0.83618396047130372
62.2,Animal_62_2DLC_resnet50_Freezing_07-2020Sep29shuffle1_100000filtered,Control,"Sanguino-Gomez and Krugers, 2024",1,21,4,2631,0,0,0
62.2,Animal_62_2DLC_resnet50_Freezing_07-2020Sep29shuffle1_100000filtered,Control,"Sanguino-Gomez and Krugers, 2024",1,22,159,2631,3,1.8867924528301889,0.1140250855188141
62.2,Animal_62_2DLC_resnet50_Freezing_07-2020Sep29shuffle1_100000filtered,Control,"Sanguino-Gomez and Krugers, 2024",1,23,15,2631,0,0,0
62.2,Animal_62_2DLC_resnet50_Freezing_07-2020Sep29shuffle1_100000filtered,Control,"Sanguino-Gomez and Krugers, 2024",1,24,3,2631,0,0,0
62.2,Animal_62_2DLC_resnet50_Freezing_07-2020Sep29shuffle1_100000filtered,Control,"Sanguino-Gomez and Krugers, 2024",1,25,86,2631,0,0,0
62.2,Animal_62_2DLC_resnet50_Freezing_07-2020Sep29shuffle1_100000filtered,Control,"Sanguino-Gomez and Krugers, 2024",1,26,23,2631,9,39.130434782608702,0.34207525655644239
62.2,Animal_62_2DLC_resnet50_Freezing_07-2020Sep29shuffle1_100000filtered,Control,"Sanguino-Gomez and Krugers, 2024",1,28,179,2631,142,79.329608938547494,5.3971873812238691
62.2,Animal_62_2DLC_resnet50_Freezing_07-2020Sep29shuffle1_100000filtered,Control,"Sanguino-Gomez and Krugers, 2024",1,29,8,2631,0,0,0
62.2,Animal_62_2DLC_resnet50_Freezing_07-2020Sep29shuffle1_100000filtered,Control,"Sanguino-Gomez and Krugers, 2024",1,30,6,2631,0,0,0
62.2,Animal_62_2DLC_resnet50_Freezing_07-2020Sep29shuffle1_100000filtered,Control,"Sanguino-Gomez and Krugers, 2024",1,31,8,2631,0,0,0
62.2,Animal_62_2DLC_resnet50_Freezing_07-2020Sep29shuffle1_100000filtered,Control,"Sanguino-Gomez and Krugers, 2024",1,32,10,2631,1,10,3.800836183960471E-2
62.2,Animal_62_2DLC_resnet50_Freezing_07-2020Sep29shuffle1_100000filtered,Control,"Sanguino-Gomez and Krugers, 2024",1,34,6,2631,0,0,0
62.2,Animal_62_2DLC_resnet50_Freezing_07-2020Sep29shuffle1_100000filtered,Control,"Sanguino-Gomez and Krugers, 2024",1,37,83,2631,1,1.2048192771084341,3.800836183960471E-2
62.2,Animal_62_2DLC_resnet50_Freezing_07-2020Sep29shuffle1_100000filtered,Control,"Sanguino-Gomez and Krugers, 2024",1,38,3,2631,0,0,0
62.2,Animal_62_2DLC_resnet50_Freezing_07-2020Sep29shuffle1_100000filtered,Control,"Sanguino-Gomez and Krugers, 2024",1,41,25,2631,0,0,0
62.2,Animal_62_2DLC_resnet50_Freezing_07-2020Sep29shuffle1_100000filtered,Control,"Sanguino-Gomez and Krugers, 2024",1,43,6,2631,0,0,0
62.3,Animal_62_3DLC_resnet50_Freezing_07-2020Sep29shuffle1_100000filtered,Control,"Sanguino-Gomez and Krugers, 2024",1,0,3106,3143,2642,85.061171925305857,84.0598154629335
62.3,Animal_62_3DLC_resnet50_Freezing_07-2020Sep29shuffle1_100000filtered,Control,"Sanguino-Gomez and Krugers, 2024",1,1,1809,3143,127,7.0204532891100051,4.0407254215717474
62.3,Animal_62_3DLC_resnet50_Freezing_07-2020Sep29shuffle1_100000filtered,Control,"Sanguino-Gomez and Krugers, 2024",1,2,1185,3143,10,0.8438818565400843,0.31816735602927138
62.3,Animal_62_3DLC_resnet50_Freezing_07-2020Sep29shuffle1_100000filtered,Control,"Sanguino-Gomez and Krugers, 2024",1,3,899,3143,64,7.1190211345939929,2.0362710785873368
62.3,Animal_62_3DLC_resnet50_Freezing_07-2020Sep29shuffle1_100000filtered,Control,"Sanguino-Gomez and Krugers, 2024",1,4,341,3143,158,46.334310850439877,5.0270442252624878
62.3,Animal_62_3DLC_resnet50_Freezing_07-2020Sep29shuffle1_100000filtered,Control,"Sanguino-Gomez and Krugers, 2024",1,5,967,3143,14,1.4477766287487071,0.44543429844097993
62.3,Animal_62_3DLC_resnet50_Freezing_07-2020Sep29shuffle1_100000filtered,Control,"Sanguino-Gomez and Krugers, 2024",1,6,337,3143,5,1.4836795252225521,0.15908367801463569
62.3,Animal_62_3DLC_resnet50_Freezing_07-2020Sep29shuffle1_100000filtered,Control,"Sanguino-Gomez and Krugers, 2024",1,7,230,3143,6,2.6086956521739131,0.19090041361756291
62.3,Animal_62_3DLC_resnet50_Freezing_07-2020Sep29shuffle1_100000filtered,Control,"Sanguino-Gomez and Krugers, 2024",1,8,94,3143,0,0,0
62.3,Animal_62_3DLC_resnet50_Freezing_07-2020Sep29shuffle1_100000filtered,Control,"Sanguino-Gomez and Krugers, 2024",1,9,54,3143,1,1.8518518518518521,3.1816735602927138E-2
62.3,Animal_62_3DLC_resnet50_Freezing_07-2020Sep29shuffle1_100000filtered,Control,"Sanguino-Gomez and Krugers, 2024",1,10,507,3143,3,0.59171597633136097,9.5450206808781426E-2
62.3,Animal_62_3DLC_resnet50_Freezing_07-2020Sep29shuffle1_100000filtered,Control,"Sanguino-Gomez and Krugers, 2024",1,11,129,3143,0,0,0
62.3,Animal_62_3DLC_resnet50_Freezing_07-2020Sep29shuffle1_100000filtered,Control,"Sanguino-Gomez and Krugers, 2024",1,12,104,3143,0,0,0
62.3,Animal_62_3DLC_resnet50_Freezing_07-2020Sep29shuffle1_100000filtered,Control,"Sanguino-Gomez and Krugers, 2024",1,13,72,3143,21,29.166666666666671,0.66815144766146994
62.3,Animal_62_3DLC_resnet50_Freezing_07-2020Sep29shuffle1_100000filtered,Control,"Sanguino-Gomez and Krugers, 2024",1,14,265,3143,0,0,0
62.3,Animal_62_3DLC_resnet50_Freezing_07-2020Sep29shuffle1_100000filtered,Control,"Sanguino-Gomez and Krugers, 2024",1,15,187,3143,2,1.0695187165775399,6.3633471205854275E-2
62.3,Animal_62_3DLC_resnet50_Freezing_07-2020Sep29shuffle1_100000filtered,Control,"Sanguino-Gomez and Krugers, 2024",1,16,245,3143,0,0,0
62.3,Animal_62_3DLC_resnet50_Freezing_07-2020Sep29shuffle1_100000filtered,Control,"Sanguino-Gomez and Krugers, 2024",1,17,91,3143,3,3.296703296703297,9.5450206808781426E-2
62.3,Animal_62_3DLC_resnet50_Freezing_07-2020Sep29shuffle1_100000filtered,Control,"Sanguino-Gomez and Krugers, 2024",1,19,66,3143,0,0,0
62.3,Animal_62_3DLC_resnet50_Freezing_07-2020Sep29shuffle1_100000filtered,Control,"Sanguino-Gomez and Krugers, 2024",1,20,38,3143,0,0,0
62.3,Animal_62_3DLC_resnet50_Freezing_07-2020Sep29shuffle1_100000filtered,Control,"Sanguino-Gomez and Krugers, 2024",1,21,74,3143,1,1.3513513513513511,3.1816735602927138E-2
62.3,Animal_62_3DLC_resnet50_Freezing_07-2020Sep29shuffle1_100000filtered,Control,"Sanguino-Gomez and Krugers, 2024",1,22,16,3143,0,0,0
62.3,Animal_62_3DLC_resnet50_Freezing_07-2020Sep29shuffle1_100000filtered,Control,"Sanguino-Gomez and Krugers, 2024",1,23,45,3143,0,0,0
62.3,Animal_62_3DLC_resnet50_Freezing_07-2020Sep29shuffle1_100000filtered,Control,"Sanguino-Gomez and Krugers, 2024",1,24,8,3143,1,12.5,3.1816735602927138E-2
62.3,Animal_62_3DLC_resnet50_Freezing_07-2020Sep29shuffle1_100000filtered,Control,"Sanguino-Gomez and Krugers, 2024",1,25,41,3143,0,0,0
62.3,Animal_62_3DLC_resnet50_Freezing_07-2020Sep29shuffle1_100000filtered,Control,"Sanguino-Gomez and Krugers, 2024",1,26,21,3143,3,14.285714285714279,9.5450206808781426E-2
62.3,Animal_62_3DLC_resnet50_Freezing_07-2020Sep29shuffle1_100000filtered,Control,"Sanguino-Gomez and Krugers, 2024",1,28,115,3143,76,66.086956521739125,2.4180719058224631
62.3,Animal_62_3DLC_resnet50_Freezing_07-2020Sep29shuffle1_100000filtered,Control,"Sanguino-Gomez and Krugers, 2024",1,29,21,3143,0,0,0
62.3,Animal_62_3DLC_resnet50_Freezing_07-2020Sep29shuffle1_100000filtered,Control,"Sanguino-Gomez and Krugers, 2024",1,30,18,3143,0,0,0
62.3,Animal_62_3DLC_resnet50_Freezing_07-2020Sep29shuffle1_100000filtered,Control,"Sanguino-Gomez and Krugers, 2024",1,31,32,3143,3,9.375,9.5450206808781426E-2
62.3,Animal_62_3DLC_resnet50_Freezing_07-2020Sep29shuffle1_100000filtered,Control,"Sanguino-Gomez and Krugers, 2024",1,32,3,3143,0,0,0
62.3,Animal_62_3DLC_resnet50_Freezing_07-2020Sep29shuffle1_100000filtered,Control,"Sanguino-Gomez and Krugers, 2024",1,33,17,3143,0,0,0
62.3,Animal_62_3DLC_resnet50_Freezing_07-2020Sep29shuffle1_100000filtered,Control,"Sanguino-Gomez and Krugers, 2024",1,34,19,3143,0,0,0
62.3,Animal_62_3DLC_resnet50_Freezing_07-2020Sep29shuffle1_100000filtered,Control,"Sanguino-Gomez and Krugers, 2024",1,36,7,3143,0,0,0
62.3,Animal_62_3DLC_resnet50_Freezing_07-2020Sep29shuffle1_100000filtered,Control,"Sanguino-Gomez and Krugers, 2024",1,37,66,3143,3,4.5454545454545459,9.5450206808781426E-2
62.3,Animal_62_3DLC_resnet50_Freezing_07-2020Sep29shuffle1_100000filtered,Control,"Sanguino-Gomez and Krugers, 2024",1,41,21,3143,0,0,0
62.4,Animal_62_4DLC_resnet50_Freezing_07-2020Sep29shuffle1_100000filtered,Control,"Sanguino-Gomez and Krugers, 2024",1,0,2760,3003,2411,87.35507246376811,80.286380286380293
62.4,Animal_62_4DLC_resnet50_Freezing_07-2020Sep29shuffle1_100000filtered,Control,"Sanguino-Gomez and Krugers, 2024",1,1,1672,3003,115,6.8779904306220097,3.8295038295038299
62.4,Animal_62_4DLC_resnet50_Freezing_07-2020Sep29shuffle1_100000filtered,Control,"Sanguino-Gomez and Krugers, 2024",1,2,1511,3003,6,0.39708802117802777,0.19980019980019981
62.4,Animal_62_4DLC_resnet50_Freezing_07-2020Sep29shuffle1_100000filtered,Control,"Sanguino-Gomez and Krugers, 2024",1,3,1004,3003,47,4.6812749003984067,1.565101565101565
62.4,Animal_62_4DLC_resnet50_Freezing_07-2020Sep29shuffle1_100000filtered,Control,"Sanguino-Gomez and Krugers, 2024",1,4,584,3003,170,29.109589041095891,5.6610056610056612
62.4,Animal_62_4DLC_resnet50_Freezing_07-2020Sep29shuffle1_100000filtered,Control,"Sanguino-Gomez and Krugers, 2024",1,5,570,3003,15,2.6315789473684208,0.49950049950049952
62.4,Animal_62_4DLC_resnet50_Freezing_07-2020Sep29shuffle1_100000filtered,Control,"Sanguino-Gomez and Krugers, 2024",1,6,315,3003,15,4.7619047619047619,0.49950049950049952
62.4,Animal_62_4DLC_resnet50_Freezing_07-2020Sep29shuffle1_100000filtered,Control,"Sanguino-Gomez and Krugers, 2024",1,7,109,3003,1,0.91743119266055051,3.3300033300033297E-2
62.4,Animal_62_4DLC_resnet50_Freezing_07-2020Sep29shuffle1_100000filtered,Control,"Sanguino-Gomez and Krugers, 2024",1,8,18,3003,0,0,0
62.4,Animal_62_4DLC_resnet50_Freezing_07-2020Sep29shuffle1_100000filtered,Control,"Sanguino-Gomez and Krugers, 2024",1,9,68,3003,2,2.9411764705882351,6.6600066600066593E-2
62.4,Animal_62_4DLC_resnet50_Freezing_07-2020Sep29shuffle1_100000filtered,Control,"Sanguino-Gomez and Krugers, 2024",1,10,571,3003,5,0.87565674255691772,0.1665001665001665
62.4,Animal_62_4DLC_resnet50_Freezing_07-2020Sep29shuffle1_100000filtered,Control,"Sanguino-Gomez and Krugers, 2024",1,11,205,3003,0,0,0
62.4,Animal_62_4DLC_resnet50_Freezing_07-2020Sep29shuffle1_100000filtered,Control,"Sanguino-Gomez and Krugers, 2024",1,12,67,3003,3,4.4776119402985071,9.9900099900099903E-2
62.4,Animal_62_4DLC_resnet50_Freezing_07-2020Sep29shuffle1_100000filtered,Control,"Sanguino-Gomez and Krugers, 2024",1,13,331,3003,75,22.658610271903321,2.4975024975024982
62.4,Animal_62_4DLC_resnet50_Freezing_07-2020Sep29shuffle1_100000filtered,Control,"Sanguino-Gomez and Krugers, 2024",1,14,422,3003,0,0,0
62.4,Animal_62_4DLC_resnet50_Freezing_07-2020Sep29shuffle1_100000filtered,Control,"Sanguino-Gomez and Krugers, 2024",1,15,174,3003,0,0,0
62.4,Animal_62_4DLC_resnet50_Freezing_07-2020Sep29shuffle1_100000filtered,Control,"Sanguino-Gomez and Krugers, 2024",1,16,96,3003,0,0,0
62.4,Animal_62_4DLC_resnet50_Freezing_07-2020Sep29shuffle1_100000filtered,Control,"Sanguino-Gomez and Krugers, 2024",1,17,54,3003,0,0,0
62.4,Animal_62_4DLC_resnet50_Freezing_07-2020Sep29shuffle1_100000filtered,Control,"Sanguino-Gomez and Krugers, 2024",1,19,107,3003,0,0,0
62.4,Animal_62_4DLC_resnet50_Freezing_07-2020Sep29shuffle1_100000filtered,Control,"Sanguino-Gomez and Krugers, 2024",1,20,46,3003,9,19.565217391304351,0.29970029970029971
62.4,Animal_62_4DLC_resnet50_Freezing_07-2020Sep29shuffle1_100000filtered,Control,"Sanguino-Gomez and Krugers, 2024",1,21,67,3003,0,0,0
62.4,Animal_62_4DLC_resnet50_Freezing_07-2020Sep29shuffle1_100000filtered,Control,"Sanguino-Gomez and Krugers, 2024",1,22,78,3003,14,17.948717948717949,0.46620046620046618
62.4,Animal_62_4DLC_resnet50_Freezing_07-2020Sep29shuffle1_100000filtered,Control,"Sanguino-Gomez and Krugers, 2024",1,23,44,3003,0,0,0
62.4,Animal_62_4DLC_resnet50_Freezing_07-2020Sep29shuffle1_100000filtered,Control,"Sanguino-Gomez and Krugers, 2024",1,24,3,3003,0,0,0
62.4,Animal_62_4DLC_resnet50_Freezing_07-2020Sep29shuffle1_100000filtered,Control,"Sanguino-Gomez and Krugers, 2024",1,25,40,3003,0,0,0
62.4,Animal_62_4DLC_resnet50_Freezing_07-2020Sep29shuffle1_100000filtered,Control,"Sanguino-Gomez and Krugers, 2024",1,28,99,3003,93,93.939393939393938,3.0969030969030968
62.4,Animal_62_4DLC_resnet50_Freezing_07-2020Sep29shuffle1_100000filtered,Control,"Sanguino-Gomez and Krugers, 2024",1,29,29,3003,0,0,0
62.4,Animal_62_4DLC_resnet50_Freezing_07-2020Sep29shuffle1_100000filtered,Control,"Sanguino-Gomez and Krugers, 2024",1,30,22,3003,0,0,0
62.4,Animal_62_4DLC_resnet50_Freezing_07-2020Sep29shuffle1_100000filtered,Control,"Sanguino-Gomez and Krugers, 2024",1,32,90,3003,0,0,0
62.4,Animal_62_4DLC_resnet50_Freezing_07-2020Sep29shuffle1_100000filtered,Control,"Sanguino-Gomez and Krugers, 2024",1,33,8,3003,0,0,0
62.4,Animal_62_4DLC_resnet50_Freezing_07-2020Sep29shuffle1_100000filtered,Control,"Sanguino-Gomez and Krugers, 2024",1,34,5,3003,0,0,0
62.4,Animal_62_4DLC_resnet50_Freezing_07-2020Sep29shuffle1_100000filtered,Control,"Sanguino-Gomez and Krugers, 2024",1,35,2,3003,0,0,0
62.4,Animal_62_4DLC_resnet50_Freezing_07-2020Sep29shuffle1_100000filtered,Control,"Sanguino-Gomez and Krugers, 2024",1,40,21,3003,19,90.476190476190482,0.6327006327006327
62.4,Animal_62_4DLC_resnet50_Freezing_07-2020Sep29shuffle1_100000filtered,Control,"Sanguino-Gomez and Krugers, 2024",1,41,12,3003,0,0,0
62.4,Animal_62_4DLC_resnet50_Freezing_07-2020Sep29shuffle1_100000filtered,Control,"Sanguino-Gomez and Krugers, 2024",1,42,13,3003,0,0,0
62.4,Animal_62_4DLC_resnet50_Freezing_07-2020Sep29shuffle1_100000filtered,Control,"Sanguino-Gomez and Krugers, 2024",1,56,12,3003,2,16.666666666666661,6.6600066600066593E-2
62.4,Animal_62_4DLC_resnet50_Freezing_07-2020Sep29shuffle1_100000filtered,Control,"Sanguino-Gomez and Krugers, 2024",1,57,10,3003,1,10,3.3300033300033297E-2
62.4,Animal_62_4DLC_resnet50_Freezing_07-2020Sep29shuffle1_100000filtered,Control,"Sanguino-Gomez and Krugers, 2024",1,92,11,3003,0,0,0
62.5,Animal_62_5DLC_resnet50_Freezing_07-2020Sep29shuffle1_100000filtered,Control,"Sanguino-Gomez and Krugers, 2024",1,0,1072,1362,879,81.996268656716424,64.53744493392071
62.5,Animal_62_5DLC_resnet50_Freezing_07-2020Sep29shuffle1_100000filtered,Control,"Sanguino-Gomez and Krugers, 2024",1,1,2267,1362,119,5.2492280546978387,8.737151248164464
62.5,Animal_62_5DLC_resnet50_Freezing_07-2020Sep29shuffle1_100000filtered,Control,"Sanguino-Gomez and Krugers, 2024",1,2,1832,1362,2,0.1091703056768559,0.14684287812041119
62.5,Animal_62_5DLC_resnet50_Freezing_07-2020Sep29shuffle1_100000filtered,Control,"Sanguino-Gomez and Krugers, 2024",1,3,1225,1362,29,2.3673469387755102,2.1292217327459619
62.5,Animal_62_5DLC_resnet50_Freezing_07-2020Sep29shuffle1_100000filtered,Control,"Sanguino-Gomez and Krugers, 2024",1,4,175,1362,13,7.4285714285714288,0.95447870778267252
62.5,Animal_62_5DLC_resnet50_Freezing_07-2020Sep29shuffle1_100000filtered,Control,"Sanguino-Gomez and Krugers, 2024",1,5,688,1362,9,1.308139534883721,0.66079295154185025
62.5,Animal_62_5DLC_resnet50_Freezing_07-2020Sep29shuffle1_100000filtered,Control,"Sanguino-Gomez and Krugers, 2024",1,6,324,1362,6,1.8518518518518521,0.44052863436123352
62.5,Animal_62_5DLC_resnet50_Freezing_07-2020Sep29shuffle1_100000filtered,Control,"Sanguino-Gomez and Krugers, 2024",1,7,129,1362,5,3.8759689922480618,0.36710719530102792
62.5,Animal_62_5DLC_resnet50_Freezing_07-2020Sep29shuffle1_100000filtered,Control,"Sanguino-Gomez and Krugers, 2024",1,8,12,1362,0,0,0
62.5,Animal_62_5DLC_resnet50_Freezing_07-2020Sep29shuffle1_100000filtered,Control,"Sanguino-Gomez and Krugers, 2024",1,9,54,1362,0,0,0
62.5,Animal_62_5DLC_resnet50_Freezing_07-2020Sep29shuffle1_100000filtered,Control,"Sanguino-Gomez and Krugers, 2024",1,10,416,1362,3,0.72115384615384615,0.22026431718061679
62.5,Animal_62_5DLC_resnet50_Freezing_07-2020Sep29shuffle1_100000filtered,Control,"Sanguino-Gomez and Krugers, 2024",1,11,300,1362,2,0.66666666666666674,0.14684287812041119
62.5,Animal_62_5DLC_resnet50_Freezing_07-2020Sep29shuffle1_100000filtered,Control,"Sanguino-Gomez and Krugers, 2024",1,12,183,1362,0,0,0
62.5,Animal_62_5DLC_resnet50_Freezing_07-2020Sep29shuffle1_100000filtered,Control,"Sanguino-Gomez and Krugers, 2024",1,13,674,1362,223,33.08605341246291,16.372980910425849
62.5,Animal_62_5DLC_resnet50_Freezing_07-2020Sep29shuffle1_100000filtered,Control,"Sanguino-Gomez and Krugers, 2024",1,14,509,1362,0,0,0
62.5,Animal_62_5DLC_resnet50_Freezing_07-2020Sep29shuffle1_100000filtered,Control,"Sanguino-Gomez and Krugers, 2024",1,15,69,1362,0,0,0
62.5,Animal_62_5DLC_resnet50_Freezing_07-2020Sep29shuffle1_100000filtered,Control,"Sanguino-Gomez and Krugers, 2024",1,16,345,1362,0,0,0
62.5,Animal_62_5DLC_resnet50_Freezing_07-2020Sep29shuffle1_100000filtered,Control,"Sanguino-Gomez and Krugers, 2024",1,17,28,1362,0,0,0
62.5,Animal_62_5DLC_resnet50_Freezing_07-2020Sep29shuffle1_100000filtered,Control,"Sanguino-Gomez and Krugers, 2024",1,19,50,1362,0,0,0
62.5,Animal_62_5DLC_resnet50_Freezing_07-2020Sep29shuffle1_100000filtered,Control,"Sanguino-Gomez and Krugers, 2024",1,20,92,1362,12,13.043478260869559,0.88105726872246704
62.5,Animal_62_5DLC_resnet50_Freezing_07-2020Sep29shuffle1_100000filtered,Control,"Sanguino-Gomez and Krugers, 2024",1,21,77,1362,0,0,0
62.5,Animal_62_5DLC_resnet50_Freezing_07-2020Sep29shuffle1_100000filtered,Control,"Sanguino-Gomez and Krugers, 2024",1,22,66,1362,0,0,0
62.5,Animal_62_5DLC_resnet50_Freezing_07-2020Sep29shuffle1_100000filtered,Control,"Sanguino-Gomez and Krugers, 2024",1,23,12,1362,0,0,0
62.5,Animal_62_5DLC_resnet50_Freezing_07-2020Sep29shuffle1_100000filtered,Control,"Sanguino-Gomez and Krugers, 2024",1,25,212,1362,0,0,0
62.5,Animal_62_5DLC_resnet50_Freezing_07-2020Sep29shuffle1_100000filtered,Control,"Sanguino-Gomez and Krugers, 2024",1,26,101,1362,4,3.9603960396039599,0.29368575624082233
62.5,Animal_62_5DLC_resnet50_Freezing_07-2020Sep29shuffle1_100000filtered,Control,"Sanguino-Gomez and Krugers, 2024",1,27,49,1362,2,4.0816326530612246,0.14684287812041119
62.5,Animal_62_5DLC_resnet50_Freezing_07-2020Sep29shuffle1_100000filtered,Control,"Sanguino-Gomez and Krugers, 2024",1,28,65,1362,49,75.384615384615387,3.597650513950073
62.5,Animal_62_5DLC_resnet50_Freezing_07-2020Sep29shuffle1_100000filtered,Control,"Sanguino-Gomez and Krugers, 2024",1,29,23,1362,3,13.043478260869559,0.22026431718061679
62.5,Animal_62_5DLC_resnet50_Freezing_07-2020Sep29shuffle1_100000filtered,Control,"Sanguino-Gomez and Krugers, 2024",1,30,34,1362,0,0,0
62.5,Animal_62_5DLC_resnet50_Freezing_07-2020Sep29shuffle1_100000filtered,Control,"Sanguino-Gomez and Krugers, 2024",1,31,1,1362,0,0,0
62.5,Animal_62_5DLC_resnet50_Freezing_07-2020Sep29shuffle1_100000filtered,Control,"Sanguino-Gomez and Krugers, 2024",1,32,93,1362,2,2.150537634408602,0.14684287812041119
62.5,Animal_62_5DLC_resnet50_Freezing_07-2020Sep29shuffle1_100000filtered,Control,"Sanguino-Gomez and Krugers, 2024",1,33,8,1362,0,0,0
62.5,Animal_62_5DLC_resnet50_Freezing_07-2020Sep29shuffle1_100000filtered,Control,"Sanguino-Gomez and Krugers, 2024",1,34,10,1362,0,0,0
62.5,Animal_62_5DLC_resnet50_Freezing_07-2020Sep29shuffle1_100000filtered,Control,"Sanguino-Gomez and Krugers, 2024",1,37,55,1362,0,0,0
68.1,Animal_68_1DLC_resnet50_Freezing_07-2020Sep29shuffle1_100000filtered,Control,"Sanguino-Gomez and Krugers, 2024",1,0,2042,2219,1698,83.153770812928514,76.520955385308696
68.1,Animal_68_1DLC_resnet50_Freezing_07-2020Sep29shuffle1_100000filtered,Control,"Sanguino-Gomez and Krugers, 2024",1,1,2768,2219,189,6.8280346820809248,8.517350157728707
68.1,Animal_68_1DLC_resnet50_Freezing_07-2020Sep29shuffle1_100000filtered,Control,"Sanguino-Gomez and Krugers, 2024",1,2,1257,2219,0,0,0
68.1,Animal_68_1DLC_resnet50_Freezing_07-2020Sep29shuffle1_100000filtered,Control,"Sanguino-Gomez and Krugers, 2024",1,3,972,2219,24,2.4691358024691361,1.081568273997296
68.1,Animal_68_1DLC_resnet50_Freezing_07-2020Sep29shuffle1_100000filtered,Control,"Sanguino-Gomez and Krugers, 2024",1,4,78,2219,5,6.4102564102564097,0.22532672374943671
68.1,Animal_68_1DLC_resnet50_Freezing_07-2020Sep29shuffle1_100000filtered,Control,"Sanguino-Gomez and Krugers, 2024",1,5,622,2219,6,0.96463022508038598,0.27039206849932401
68.1,Animal_68_1DLC_resnet50_Freezing_07-2020Sep29shuffle1_100000filtered,Control,"Sanguino-Gomez and Krugers, 2024",1,6,498,2219,21,4.2168674698795181,0.94637223974763407
68.1,Animal_68_1DLC_resnet50_Freezing_07-2020Sep29shuffle1_100000filtered,Control,"Sanguino-Gomez and Krugers, 2024",1,7,141,2219,4,2.836879432624114,0.18026137899954939
68.1,Animal_68_1DLC_resnet50_Freezing_07-2020Sep29shuffle1_100000filtered,Control,"Sanguino-Gomez and Krugers, 2024",1,8,32,2219,3,9.375,0.13519603424966201
68.1,Animal_68_1DLC_resnet50_Freezing_07-2020Sep29shuffle1_100000filtered,Control,"Sanguino-Gomez and Krugers, 2024",1,9,75,2219,0,0,0
68.1,Animal_68_1DLC_resnet50_Freezing_07-2020Sep29shuffle1_100000filtered,Control,"Sanguino-Gomez and Krugers, 2024",1,10,418,2219,9,2.1531100478468899,0.40558810274898599
68.1,Animal_68_1DLC_resnet50_Freezing_07-2020Sep29shuffle1_100000filtered,Control,"Sanguino-Gomez and Krugers, 2024",1,11,126,2219,0,0,0
68.1,Animal_68_1DLC_resnet50_Freezing_07-2020Sep29shuffle1_100000filtered,Control,"Sanguino-Gomez and Krugers, 2024",1,12,94,2219,0,0,0
68.1,Animal_68_1DLC_resnet50_Freezing_07-2020Sep29shuffle1_100000filtered,Control,"Sanguino-Gomez and Krugers, 2024",1,13,1023,2219,155,15.15151515151515,6.9851284362325377
68.1,Animal_68_1DLC_resnet50_Freezing_07-2020Sep29shuffle1_100000filtered,Control,"Sanguino-Gomez and Krugers, 2024",1,14,174,2219,0,0,0
68.1,Animal_68_1DLC_resnet50_Freezing_07-2020Sep29shuffle1_100000filtered,Control,"Sanguino-Gomez and Krugers, 2024",1,15,70,2219,0,0,0
68.1,Animal_68_1DLC_resnet50_Freezing_07-2020Sep29shuffle1_100000filtered,Control,"Sanguino-Gomez and Krugers, 2024",1,16,104,2219,0,0,0
68.1,Animal_68_1DLC_resnet50_Freezing_07-2020Sep29shuffle1_100000filtered,Control,"Sanguino-Gomez and Krugers, 2024",1,17,25,2219,0,0,0
68.1,Animal_68_1DLC_resnet50_Freezing_07-2020Sep29shuffle1_100000filtered,Control,"Sanguino-Gomez and Krugers, 2024",1,19,17,2219,0,0,0
68.1,Animal_68_1DLC_resnet50_Freezing_07-2020Sep29shuffle1_100000filtered,Control,"Sanguino-Gomez and Krugers, 2024",1,20,96,2219,3,3.125,0.13519603424966201
68.1,Animal_68_1DLC_resnet50_Freezing_07-2020Sep29shuffle1_100000filtered,Control,"Sanguino-Gomez and Krugers, 2024",1,22,83,2219,0,0,0
68.1,Animal_68_1DLC_resnet50_Freezing_07-2020Sep29shuffle1_100000filtered,Control,"Sanguino-Gomez and Krugers, 2024",1,23,21,2219,0,0,0
68.1,Animal_68_1DLC_resnet50_Freezing_07-2020Sep29shuffle1_100000filtered,Control,"Sanguino-Gomez and Krugers, 2024",1,25,30,2219,0,0,0
68.1,Animal_68_1DLC_resnet50_Freezing_07-2020Sep29shuffle1_100000filtered,Control,"Sanguino-Gomez and Krugers, 2024",1,27,30,2219,0,0,0
68.1,Animal_68_1DLC_resnet50_Freezing_07-2020Sep29shuffle1_100000filtered,Control,"Sanguino-Gomez and Krugers, 2024",1,28,98,2219,92,93.877551020408163,4.1460117169896353
68.1,Animal_68_1DLC_resnet50_Freezing_07-2020Sep29shuffle1_100000filtered,Control,"Sanguino-Gomez and Krugers, 2024",1,29,2,2219,0,0,0
68.1,Animal_68_1DLC_resnet50_Freezing_07-2020Sep29shuffle1_100000filtered,Control,"Sanguino-Gomez and Krugers, 2024",1,30,17,2219,0,0,0
68.1,Animal_68_1DLC_resnet50_Freezing_07-2020Sep29shuffle1_100000filtered,Control,"Sanguino-Gomez and Krugers, 2024",1,31,9,2219,6,66.666666666666657,0.27039206849932401
68.1,Animal_68_1DLC_resnet50_Freezing_07-2020Sep29shuffle1_100000filtered,Control,"Sanguino-Gomez and Krugers, 2024",1,32,91,2219,0,0,0
68.1,Animal_68_1DLC_resnet50_Freezing_07-2020Sep29shuffle1_100000filtered,Control,"Sanguino-Gomez and Krugers, 2024",1,33,5,2219,0,0,0
68.1,Animal_68_1DLC_resnet50_Freezing_07-2020Sep29shuffle1_100000filtered,Control,"Sanguino-Gomez and Krugers, 2024",1,34,3,2219,0,0,0
68.1,Animal_68_1DLC_resnet50_Freezing_07-2020Sep29shuffle1_100000filtered,Control,"Sanguino-Gomez and Krugers, 2024",1,36,17,2219,1,5.8823529411764701,4.506534474988734E-2
68.1,Animal_68_1DLC_resnet50_Freezing_07-2020Sep29shuffle1_100000filtered,Control,"Sanguino-Gomez and Krugers, 2024",1,37,192,2219,3,1.5625,0.13519603424966201
68.1,Animal_68_1DLC_resnet50_Freezing_07-2020Sep29shuffle1_100000filtered,Control,"Sanguino-Gomez and Krugers, 2024",1,42,13,2219,0,0,0
68.1,Animal_68_1DLC_resnet50_Freezing_07-2020Sep29shuffle1_100000filtered,Control,"Sanguino-Gomez and Krugers, 2024",1,43,7,2219,0,0,0
74.1,Animal_74_1DLC_resnet50_Freezing_07-2020Sep29shuffle1_100000filtered,Control,"Sanguino-Gomez and Krugers, 2024",1,0,1897,1931,1419,74.802319451765939,73.485240807871563
74.1,Animal_74_1DLC_resnet50_Freezing_07-2020Sep29shuffle1_100000filtered,Control,"Sanguino-Gomez and Krugers, 2024",1,1,1706,1931,212,12.426729191090271,10.978767477990679
74.1,Animal_74_1DLC_resnet50_Freezing_07-2020Sep29shuffle1_100000filtered,Control,"Sanguino-Gomez and Krugers, 2024",1,2,726,1931,1,0.1377410468319559,5.178663904712584E-2
74.1,Animal_74_1DLC_resnet50_Freezing_07-2020Sep29shuffle1_100000filtered,Control,"Sanguino-Gomez and Krugers, 2024",1,3,1785,1931,68,3.8095238095238102,3.5214914552045569
74.1,Animal_74_1DLC_resnet50_Freezing_07-2020Sep29shuffle1_100000filtered,Control,"Sanguino-Gomez and Krugers, 2024",1,4,161,1931,15,9.316770186335404,0.77679958570688767
74.1,Animal_74_1DLC_resnet50_Freezing_07-2020Sep29shuffle1_100000filtered,Control,"Sanguino-Gomez and Krugers, 2024",1,5,640,1931,27,4.21875,1.398239254272398
74.1,Animal_74_1DLC_resnet50_Freezing_07-2020Sep29shuffle1_100000filtered,Control,"Sanguino-Gomez and Krugers, 2024",1,6,1282,1931,35,2.7301092043681749,1.8125323666494051
74.1,Animal_74_1DLC_resnet50_Freezing_07-2020Sep29shuffle1_100000filtered,Control,"Sanguino-Gomez and Krugers, 2024",1,7,159,1931,0,0,0
74.1,Animal_74_1DLC_resnet50_Freezing_07-2020Sep29shuffle1_100000filtered,Control,"Sanguino-Gomez and Krugers, 2024",1,9,8,1931,0,0,0
74.1,Animal_74_1DLC_resnet50_Freezing_07-2020Sep29shuffle1_100000filtered,Control,"Sanguino-Gomez and Krugers, 2024",1,10,152,1931,8,5.2631578947368416,0.41429311237700672
74.1,Animal_74_1DLC_resnet50_Freezing_07-2020Sep29shuffle1_100000filtered,Control,"Sanguino-Gomez and Krugers, 2024",1,11,67,1931,0,0,0
74.1,Animal_74_1DLC_resnet50_Freezing_07-2020Sep29shuffle1_100000filtered,Control,"Sanguino-Gomez and Krugers, 2024",1,12,61,1931,0,0,0
74.1,Animal_74_1DLC_resnet50_Freezing_07-2020Sep29shuffle1_100000filtered,Control,"Sanguino-Gomez and Krugers, 2024",1,13,532,1931,94,17.669172932330831,4.8679440704298287
74.1,Animal_74_1DLC_resnet50_Freezing_07-2020Sep29shuffle1_100000filtered,Control,"Sanguino-Gomez and Krugers, 2024",1,14,14,1931,0,0,0
74.1,Animal_74_1DLC_resnet50_Freezing_07-2020Sep29shuffle1_100000filtered,Control,"Sanguino-Gomez and Krugers, 2024",1,15,14,1931,2,14.285714285714279,0.10357327809425169
74.1,Animal_74_1DLC_resnet50_Freezing_07-2020Sep29shuffle1_100000filtered,Control,"Sanguino-Gomez and Krugers, 2024",1,16,48,1931,0,0,0
74.1,Animal_74_1DLC_resnet50_Freezing_07-2020Sep29shuffle1_100000filtered,Control,"Sanguino-Gomez and Krugers, 2024",1,17,47,1931,1,2.1276595744680851,5.178663904712584E-2
74.1,Animal_74_1DLC_resnet50_Freezing_07-2020Sep29shuffle1_100000filtered,Control,"Sanguino-Gomez and Krugers, 2024",1,18,1145,1931,16,1.3973799126637549,0.82858622475401345
74.1,Animal_74_1DLC_resnet50_Freezing_07-2020Sep29shuffle1_100000filtered,Control,"Sanguino-Gomez and Krugers, 2024",1,19,1,1931,0,0,0
74.1,Animal_74_1DLC_resnet50_Freezing_07-2020Sep29shuffle1_100000filtered,Control,"Sanguino-Gomez and Krugers, 2024",1,20,76,1931,0,0,0
74.1,Animal_74_1DLC_resnet50_Freezing_07-2020Sep29shuffle1_100000filtered,Control,"Sanguino-Gomez and Krugers, 2024",1,21,6,1931,0,0,0
74.1,Animal_74_1DLC_resnet50_Freezing_07-2020Sep29shuffle1_100000filtered,Control,"Sanguino-Gomez and Krugers, 2024",1,22,68,1931,0,0,0
74.1,Animal_74_1DLC_resnet50_Freezing_07-2020Sep29shuffle1_100000filtered,Control,"Sanguino-Gomez and Krugers, 2024",1,23,48,1931,0,0,0
74.1,Animal_74_1DLC_resnet50_Freezing_07-2020Sep29shuffle1_100000filtered,Control,"Sanguino-Gomez and Krugers, 2024",1,25,73,1931,0,0,0
74.1,Animal_74_1DLC_resnet50_Freezing_07-2020Sep29shuffle1_100000filtered,Control,"Sanguino-Gomez and Krugers, 2024",1,26,442,1931,33,7.4660633484162897,1.7089590885551531
74.1,Animal_74_1DLC_resnet50_Freezing_07-2020Sep29shuffle1_100000filtered,Control,"Sanguino-Gomez and Krugers, 2024",1,29,20,1931,0,0,0
74.1,Animal_74_1DLC_resnet50_Freezing_07-2020Sep29shuffle1_100000filtered,Control,"Sanguino-Gomez and Krugers, 2024",1,34,10,1931,0,0,0
74.1,Animal_74_1DLC_resnet50_Freezing_07-2020Sep29shuffle1_100000filtered,Control,"Sanguino-Gomez and Krugers, 2024",1,44,62,1931,0,0,0
80.3,Animal_80_3DLC_resnet50_Freezing_07-2020Sep29shuffle1_100000filtered,Control,"Sanguino-Gomez and Krugers, 2024",1,0,664,562,345,51.957831325301207,61.387900355871878
80.3,Animal_80_3DLC_resnet50_Freezing_07-2020Sep29shuffle1_100000filtered,Control,"Sanguino-Gomez and Krugers, 2024",1,1,3302,562,51,1.5445184736523321,9.07473309608541
80.3,Animal_80_3DLC_resnet50_Freezing_07-2020Sep29shuffle1_100000filtered,Control,"Sanguino-Gomez and Krugers, 2024",1,2,854,562,4,0.46838407494145201,0.71174377224199281
80.3,Animal_80_3DLC_resnet50_Freezing_07-2020Sep29shuffle1_100000filtered,Control,"Sanguino-Gomez and Krugers, 2024",1,3,1269,562,12,0.94562647754137119,2.1352313167259789
80.3,Animal_80_3DLC_resnet50_Freezing_07-2020Sep29shuffle1_100000filtered,Control,"Sanguino-Gomez and Krugers, 2024",1,4,41,562,0,0,0
80.3,Animal_80_3DLC_resnet50_Freezing_07-2020Sep29shuffle1_100000filtered,Control,"Sanguino-Gomez and Krugers, 2024",1,5,1078,562,4,0.3710575139146568,0.71174377224199281
80.3,Animal_80_3DLC_resnet50_Freezing_07-2020Sep29shuffle1_100000filtered,Control,"Sanguino-Gomez and Krugers, 2024",1,6,760,562,4,0.52631578947368418,0.71174377224199281
80.3,Animal_80_3DLC_resnet50_Freezing_07-2020Sep29shuffle1_100000filtered,Control,"Sanguino-Gomez and Krugers, 2024",1,7,106,562,0,0,0
80.3,Animal_80_3DLC_resnet50_Freezing_07-2020Sep29shuffle1_100000filtered,Control,"Sanguino-Gomez and Krugers, 2024",1,8,2,562,0,0,0
80.3,Animal_80_3DLC_resnet50_Freezing_07-2020Sep29shuffle1_100000filtered,Control,"Sanguino-Gomez and Krugers, 2024",1,9,52,562,2,3.8461538461538458,0.35587188612099641
80.3,Animal_80_3DLC_resnet50_Freezing_07-2020Sep29shuffle1_100000filtered,Control,"Sanguino-Gomez and Krugers, 2024",1,10,146,562,2,1.3698630136986301,0.35587188612099641
80.3,Animal_80_3DLC_resnet50_Freezing_07-2020Sep29shuffle1_100000filtered,Control,"Sanguino-Gomez and Krugers, 2024",1,11,41,562,0,0,0
80.3,Animal_80_3DLC_resnet50_Freezing_07-2020Sep29shuffle1_100000filtered,Control,"Sanguino-Gomez and Krugers, 2024",1,12,62,562,0,0,0
80.3,Animal_80_3DLC_resnet50_Freezing_07-2020Sep29shuffle1_100000filtered,Control,"Sanguino-Gomez and Krugers, 2024",1,13,1461,562,135,9.2402464065708418,24.021352313167259
80.3,Animal_80_3DLC_resnet50_Freezing_07-2020Sep29shuffle1_100000filtered,Control,"Sanguino-Gomez and Krugers, 2024",1,14,185,562,0,0,0
80.3,Animal_80_3DLC_resnet50_Freezing_07-2020Sep29shuffle1_100000filtered,Control,"Sanguino-Gomez and Krugers, 2024",1,15,103,562,0,0,0
80.3,Animal_80_3DLC_resnet50_Freezing_07-2020Sep29shuffle1_100000filtered,Control,"Sanguino-Gomez and Krugers, 2024",1,16,32,562,0,0,0
80.3,Animal_80_3DLC_resnet50_Freezing_07-2020Sep29shuffle1_100000filtered,Control,"Sanguino-Gomez and Krugers, 2024",1,17,54,562,0,0,0
80.3,Animal_80_3DLC_resnet50_Freezing_07-2020Sep29shuffle1_100000filtered,Control,"Sanguino-Gomez and Krugers, 2024",1,18,394,562,3,0.76142131979695438,0.53380782918149472
80.3,Animal_80_3DLC_resnet50_Freezing_07-2020Sep29shuffle1_100000filtered,Control,"Sanguino-Gomez and Krugers, 2024",1,19,33,562,0,0,0
80.3,Animal_80_3DLC_resnet50_Freezing_07-2020Sep29shuffle1_100000filtered,Control,"Sanguino-Gomez and Krugers, 2024",1,20,69,562,0,0,0
80.3,Animal_80_3DLC_resnet50_Freezing_07-2020Sep29shuffle1_100000filtered,Control,"Sanguino-Gomez and Krugers, 2024",1,21,100,562,0,0,0
80.3,Animal_80_3DLC_resnet50_Freezing_07-2020Sep29shuffle1_100000filtered,Control,"Sanguino-Gomez and Krugers, 2024",1,22,66,562,0,0,0
80.3,Animal_80_3DLC_resnet50_Freezing_07-2020Sep29shuffle1_100000filtered,Control,"Sanguino-Gomez and Krugers, 2024",1,23,92,562,0,0,0
80.3,Animal_80_3DLC_resnet50_Freezing_07-2020Sep29shuffle1_100000filtered,Control,"Sanguino-Gomez and Krugers, 2024",1,25,28,562,0,0,0
80.3,Animal_80_3DLC_resnet50_Freezing_07-2020Sep29shuffle1_100000filtered,Control,"Sanguino-Gomez and Krugers, 2024",1,26,96,562,0,0,0
80.3,Animal_80_3DLC_resnet50_Freezing_07-2020Sep29shuffle1_100000filtered,Control,"Sanguino-Gomez and Krugers, 2024",1,27,116,562,0,0,0
80.3,Animal_80_3DLC_resnet50_Freezing_07-2020Sep29shuffle1_100000filtered,Control,"Sanguino-Gomez and Krugers, 2024",1,29,8,562,0,0,0
80.3,Animal_80_3DLC_resnet50_Freezing_07-2020Sep29shuffle1_100000filtered,Control,"Sanguino-Gomez and Krugers, 2024",1,30,19,562,0,0,0
80.3,Animal_80_3DLC_resnet50_Freezing_07-2020Sep29shuffle1_100000filtered,Control,"Sanguino-Gomez and Krugers, 2024",1,35,17,562,0,0,0
15.4,Animal 15_4DLC_resnet50_Freezing_07-2020Sep29shuffle1_100000filtered,ELS,"Sanguino-Gomez and Krugers, 2024",1,0,1704,2184,1283,75.293427230046944,58.745421245421248
15.4,Animal 15_4DLC_resnet50_Freezing_07-2020Sep29shuffle1_100000filtered,ELS,"Sanguino-Gomez and Krugers, 2024",1,1,2290,2184,151,6.5938864628820966,6.9139194139194142
15.4,Animal 15_4DLC_resnet50_Freezing_07-2020Sep29shuffle1_100000filtered,ELS,"Sanguino-Gomez and Krugers, 2024",1,2,1341,2184,3,0.2237136465324385,0.1373626373626374
15.4,Animal 15_4DLC_resnet50_Freezing_07-2020Sep29shuffle1_100000filtered,ELS,"Sanguino-Gomez and Krugers, 2024",1,3,853,2184,10,1.1723329425556861,0.45787545787545791
15.4,Animal 15_4DLC_resnet50_Freezing_07-2020Sep29shuffle1_100000filtered,ELS,"Sanguino-Gomez and Krugers, 2024",1,4,374,2184,97,25.935828877005349,4.4413919413919416
15.4,Animal 15_4DLC_resnet50_Freezing_07-2020Sep29shuffle1_100000filtered,ELS,"Sanguino-Gomez and Krugers, 2024",1,5,340,2184,0,0,0
15.4,Animal 15_4DLC_resnet50_Freezing_07-2020Sep29shuffle1_100000filtered,ELS,"Sanguino-Gomez and Krugers, 2024",1,6,518,2184,4,0.77220077220077221,0.18315018315018311
15.4,Animal 15_4DLC_resnet50_Freezing_07-2020Sep29shuffle1_100000filtered,ELS,"Sanguino-Gomez and Krugers, 2024",1,7,340,2184,5,1.470588235294118,0.22893772893772901
15.4,Animal 15_4DLC_resnet50_Freezing_07-2020Sep29shuffle1_100000filtered,ELS,"Sanguino-Gomez and Krugers, 2024",1,8,39,2184,7,17.948717948717949,0.32051282051282048
15.4,Animal 15_4DLC_resnet50_Freezing_07-2020Sep29shuffle1_100000filtered,ELS,"Sanguino-Gomez and Krugers, 2024",1,9,41,2184,2,4.8780487804878048,9.1575091575091569E-2
15.4,Animal 15_4DLC_resnet50_Freezing_07-2020Sep29shuffle1_100000filtered,ELS,"Sanguino-Gomez and Krugers, 2024",1,10,53,2184,4,7.5471698113207548,0.18315018315018311
15.4,Animal 15_4DLC_resnet50_Freezing_07-2020Sep29shuffle1_100000filtered,ELS,"Sanguino-Gomez and Krugers, 2024",1,11,48,2184,0,0,0
15.4,Animal 15_4DLC_resnet50_Freezing_07-2020Sep29shuffle1_100000filtered,ELS,"Sanguino-Gomez and Krugers, 2024",1,12,71,2184,0,0,0
15.4,Animal 15_4DLC_resnet50_Freezing_07-2020Sep29shuffle1_100000filtered,ELS,"Sanguino-Gomez and Krugers, 2024",1,13,179,2184,30,16.759776536312849,1.3736263736263741
15.4,Animal 15_4DLC_resnet50_Freezing_07-2020Sep29shuffle1_100000filtered,ELS,"Sanguino-Gomez and Krugers, 2024",1,15,81,2184,0,0,0
15.4,Animal 15_4DLC_resnet50_Freezing_07-2020Sep29shuffle1_100000filtered,ELS,"Sanguino-Gomez and Krugers, 2024",1,16,35,2184,0,0,0
15.4,Animal 15_4DLC_resnet50_Freezing_07-2020Sep29shuffle1_100000filtered,ELS,"Sanguino-Gomez and Krugers, 2024",1,17,47,2184,2,4.2553191489361701,9.1575091575091569E-2
15.4,Animal 15_4DLC_resnet50_Freezing_07-2020Sep29shuffle1_100000filtered,ELS,"Sanguino-Gomez and Krugers, 2024",1,18,305,2184,3,0.98360655737704927,0.1373626373626374
15.4,Animal 15_4DLC_resnet50_Freezing_07-2020Sep29shuffle1_100000filtered,ELS,"Sanguino-Gomez and Krugers, 2024",1,19,27,2184,0,0,0
15.4,Animal 15_4DLC_resnet50_Freezing_07-2020Sep29shuffle1_100000filtered,ELS,"Sanguino-Gomez and Krugers, 2024",1,20,648,2184,114,17.592592592592592,5.2197802197802199
15.4,Animal 15_4DLC_resnet50_Freezing_07-2020Sep29shuffle1_100000filtered,ELS,"Sanguino-Gomez and Krugers, 2024",1,21,26,2184,0,0,0
15.4,Animal 15_4DLC_resnet50_Freezing_07-2020Sep29shuffle1_100000filtered,ELS,"Sanguino-Gomez and Krugers, 2024",1,22,172,2184,14,8.1395348837209305,0.64102564102564097
15.4,Animal 15_4DLC_resnet50_Freezing_07-2020Sep29shuffle1_100000filtered,ELS,"Sanguino-Gomez and Krugers, 2024",1,23,11,2184,0,0,0
15.4,Animal 15_4DLC_resnet50_Freezing_07-2020Sep29shuffle1_100000filtered,ELS,"Sanguino-Gomez and Krugers, 2024",1,24,11,2184,0,0,0
15.4,Animal 15_4DLC_resnet50_Freezing_07-2020Sep29shuffle1_100000filtered,ELS,"Sanguino-Gomez and Krugers, 2024",1,25,113,2184,0,0,0
15.4,Animal 15_4DLC_resnet50_Freezing_07-2020Sep29shuffle1_100000filtered,ELS,"Sanguino-Gomez and Krugers, 2024",1,27,414,2184,0,0,0
15.4,Animal 15_4DLC_resnet50_Freezing_07-2020Sep29shuffle1_100000filtered,ELS,"Sanguino-Gomez and Krugers, 2024",1,28,306,2184,288,94.117647058823522,13.18681318681319
15.4,Animal 15_4DLC_resnet50_Freezing_07-2020Sep29shuffle1_100000filtered,ELS,"Sanguino-Gomez and Krugers, 2024",1,29,4,2184,0,0,0
15.4,Animal 15_4DLC_resnet50_Freezing_07-2020Sep29shuffle1_100000filtered,ELS,"Sanguino-Gomez and Krugers, 2024",1,30,25,2184,0,0,0
15.4,Animal 15_4DLC_resnet50_Freezing_07-2020Sep29shuffle1_100000filtered,ELS,"Sanguino-Gomez and Krugers, 2024",1,31,20,2184,5,25,0.22893772893772901
15.4,Animal 15_4DLC_resnet50_Freezing_07-2020Sep29shuffle1_100000filtered,ELS,"Sanguino-Gomez and Krugers, 2024",1,32,26,2184,0,0,0
15.4,Animal 15_4DLC_resnet50_Freezing_07-2020Sep29shuffle1_100000filtered,ELS,"Sanguino-Gomez and Krugers, 2024",1,33,4,2184,0,0,0
15.4,Animal 15_4DLC_resnet50_Freezing_07-2020Sep29shuffle1_100000filtered,ELS,"Sanguino-Gomez and Krugers, 2024",1,34,17,2184,0,0,0
15.4,Animal 15_4DLC_resnet50_Freezing_07-2020Sep29shuffle1_100000filtered,ELS,"Sanguino-Gomez and Krugers, 2024",1,35,84,2184,8,9.5238095238095237,0.36630036630036628
15.4,Animal 15_4DLC_resnet50_Freezing_07-2020Sep29shuffle1_100000filtered,ELS,"Sanguino-Gomez and Krugers, 2024",1,36,69,2184,7,10.144927536231879,0.32051282051282048
15.4,Animal 15_4DLC_resnet50_Freezing_07-2020Sep29shuffle1_100000filtered,ELS,"Sanguino-Gomez and Krugers, 2024",1,37,246,2184,1,0.40650406504065051,4.5787545787545778E-2
15.4,Animal 15_4DLC_resnet50_Freezing_07-2020Sep29shuffle1_100000filtered,ELS,"Sanguino-Gomez and Krugers, 2024",1,38,316,2184,124,39.24050632911392,5.6776556776556779
15.4,Animal 15_4DLC_resnet50_Freezing_07-2020Sep29shuffle1_100000filtered,ELS,"Sanguino-Gomez and Krugers, 2024",1,39,7,2184,2,28.571428571428569,9.1575091575091569E-2
15.4,Animal 15_4DLC_resnet50_Freezing_07-2020Sep29shuffle1_100000filtered,ELS,"Sanguino-Gomez and Krugers, 2024",1,40,17,2184,16,94.117647058823522,0.73260073260073255
15.4,Animal 15_4DLC_resnet50_Freezing_07-2020Sep29shuffle1_100000filtered,ELS,"Sanguino-Gomez and Krugers, 2024",1,42,6,2184,4,66.666666666666657,0.18315018315018311
15.4,Animal 15_4DLC_resnet50_Freezing_07-2020Sep29shuffle1_100000filtered,ELS,"Sanguino-Gomez and Krugers, 2024",1,45,2,2184,0,0,0
15.4,Animal 15_4DLC_resnet50_Freezing_07-2020Sep29shuffle1_100000filtered,ELS,"Sanguino-Gomez and Krugers, 2024",1,75,20,2184,0,0,0
15.6,Animal 15_6DLC_resnet50_Freezing_07-2020Sep29shuffle1_100000filtered,ELS,"Sanguino-Gomez and Krugers, 2024",1,0,1914,2069,1405,73.406478578892376,67.907201546640891
15.6,Animal 15_6DLC_resnet50_Freezing_07-2020Sep29shuffle1_100000filtered,ELS,"Sanguino-Gomez and Krugers, 2024",1,1,3088,2069,198,6.4119170984455964,9.5698405026582893
15.6,Animal 15_6DLC_resnet50_Freezing_07-2020Sep29shuffle1_100000filtered,ELS,"Sanguino-Gomez and Krugers, 2024",1,2,972,2069,23,2.3662551440329218,1.11164813919768
15.6,Animal 15_6DLC_resnet50_Freezing_07-2020Sep29shuffle1_100000filtered,ELS,"Sanguino-Gomez and Krugers, 2024",1,3,763,2069,21,2.7522935779816522,1.0149830836152729
15.6,Animal 15_6DLC_resnet50_Freezing_07-2020Sep29shuffle1_100000filtered,ELS,"Sanguino-Gomez and Krugers, 2024",1,4,399,2069,120,30.075187969924809,5.7999033349444176
15.6,Animal 15_6DLC_resnet50_Freezing_07-2020Sep29shuffle1_100000filtered,ELS,"Sanguino-Gomez and Krugers, 2024",1,5,578,2069,21,3.6332179930795849,1.0149830836152729
15.6,Animal 15_6DLC_resnet50_Freezing_07-2020Sep29shuffle1_100000filtered,ELS,"Sanguino-Gomez and Krugers, 2024",1,6,701,2069,21,2.9957203994293859,1.0149830836152729
15.6,Animal 15_6DLC_resnet50_Freezing_07-2020Sep29shuffle1_100000filtered,ELS,"Sanguino-Gomez and Krugers, 2024",1,7,229,2069,1,0.43668122270742349,4.8332527791203478E-2
15.6,Animal 15_6DLC_resnet50_Freezing_07-2020Sep29shuffle1_100000filtered,ELS,"Sanguino-Gomez and Krugers, 2024",1,8,41,2069,2,4.8780487804878048,9.6665055582406956E-2
15.6,Animal 15_6DLC_resnet50_Freezing_07-2020Sep29shuffle1_100000filtered,ELS,"Sanguino-Gomez and Krugers, 2024",1,9,21,2069,3,14.285714285714279,0.14499758337361041
15.6,Animal 15_6DLC_resnet50_Freezing_07-2020Sep29shuffle1_100000filtered,ELS,"Sanguino-Gomez and Krugers, 2024",1,10,79,2069,2,2.5316455696202529,9.6665055582406956E-2
15.6,Animal 15_6DLC_resnet50_Freezing_07-2020Sep29shuffle1_100000filtered,ELS,"Sanguino-Gomez and Krugers, 2024",1,11,33,2069,0,0,0
15.6,Animal 15_6DLC_resnet50_Freezing_07-2020Sep29shuffle1_100000filtered,ELS,"Sanguino-Gomez and Krugers, 2024",1,12,68,2069,1,1.470588235294118,4.8332527791203478E-2
15.6,Animal 15_6DLC_resnet50_Freezing_07-2020Sep29shuffle1_100000filtered,ELS,"Sanguino-Gomez and Krugers, 2024",1,13,674,2069,79,11.72106824925816,3.8182696955050748
15.6,Animal 15_6DLC_resnet50_Freezing_07-2020Sep29shuffle1_100000filtered,ELS,"Sanguino-Gomez and Krugers, 2024",1,15,47,2069,2,4.2553191489361701,9.6665055582406956E-2
15.6,Animal 15_6DLC_resnet50_Freezing_07-2020Sep29shuffle1_100000filtered,ELS,"Sanguino-Gomez and Krugers, 2024",1,16,7,2069,0,0,0
15.6,Animal 15_6DLC_resnet50_Freezing_07-2020Sep29shuffle1_100000filtered,ELS,"Sanguino-Gomez and Krugers, 2024",1,17,50,2069,1,2,4.8332527791203478E-2
15.6,Animal 15_6DLC_resnet50_Freezing_07-2020Sep29shuffle1_100000filtered,ELS,"Sanguino-Gomez and Krugers, 2024",1,19,9,2069,0,0,0
15.6,Animal 15_6DLC_resnet50_Freezing_07-2020Sep29shuffle1_100000filtered,ELS,"Sanguino-Gomez and Krugers, 2024",1,20,451,2069,56,12.41685144124169,2.706621556307395
15.6,Animal 15_6DLC_resnet50_Freezing_07-2020Sep29shuffle1_100000filtered,ELS,"Sanguino-Gomez and Krugers, 2024",1,21,31,2069,0,0,0
15.6,Animal 15_6DLC_resnet50_Freezing_07-2020Sep29shuffle1_100000filtered,ELS,"Sanguino-Gomez and Krugers, 2024",1,22,47,2069,0,0,0
15.6,Animal 15_6DLC_resnet50_Freezing_07-2020Sep29shuffle1_100000filtered,ELS,"Sanguino-Gomez and Krugers, 2024",1,23,61,2069,0,0,0
15.6,Animal 15_6DLC_resnet50_Freezing_07-2020Sep29shuffle1_100000filtered,ELS,"Sanguino-Gomez and Krugers, 2024",1,24,22,2069,4,18.18181818181818,0.19333011116481391
15.6,Animal 15_6DLC_resnet50_Freezing_07-2020Sep29shuffle1_100000filtered,ELS,"Sanguino-Gomez and Krugers, 2024",1,25,22,2069,0,0,0
15.6,Animal 15_6DLC_resnet50_Freezing_07-2020Sep29shuffle1_100000filtered,ELS,"Sanguino-Gomez and Krugers, 2024",1,26,34,2069,1,2.9411764705882351,4.8332527791203478E-2
15.6,Animal 15_6DLC_resnet50_Freezing_07-2020Sep29shuffle1_100000filtered,ELS,"Sanguino-Gomez and Krugers, 2024",1,27,116,2069,0,0,0
15.6,Animal 15_6DLC_resnet50_Freezing_07-2020Sep29shuffle1_100000filtered,ELS,"Sanguino-Gomez and Krugers, 2024",1,28,131,2069,92,70.229007633587784,4.4465925567907201
15.6,Animal 15_6DLC_resnet50_Freezing_07-2020Sep29shuffle1_100000filtered,ELS,"Sanguino-Gomez and Krugers, 2024",1,30,55,2069,0,0,0
15.6,Animal 15_6DLC_resnet50_Freezing_07-2020Sep29shuffle1_100000filtered,ELS,"Sanguino-Gomez and Krugers, 2024",1,31,36,2069,1,2.7777777777777781,4.8332527791203478E-2
15.6,Animal 15_6DLC_resnet50_Freezing_07-2020Sep29shuffle1_100000filtered,ELS,"Sanguino-Gomez and Krugers, 2024",1,32,202,2069,1,0.49504950495049499,4.8332527791203478E-2
15.6,Animal 15_6DLC_resnet50_Freezing_07-2020Sep29shuffle1_100000filtered,ELS,"Sanguino-Gomez and Krugers, 2024",1,33,9,2069,0,0,0
15.6,Animal 15_6DLC_resnet50_Freezing_07-2020Sep29shuffle1_100000filtered,ELS,"Sanguino-Gomez and Krugers, 2024",1,34,9,2069,0,0,0
15.6,Animal 15_6DLC_resnet50_Freezing_07-2020Sep29shuffle1_100000filtered,ELS,"Sanguino-Gomez and Krugers, 2024",1,36,4,2069,0,0,0
15.6,Animal 15_6DLC_resnet50_Freezing_07-2020Sep29shuffle1_100000filtered,ELS,"Sanguino-Gomez and Krugers, 2024",1,37,274,2069,3,1.0948905109489051,0.14499758337361041
15.6,Animal 15_6DLC_resnet50_Freezing_07-2020Sep29shuffle1_100000filtered,ELS,"Sanguino-Gomez and Krugers, 2024",1,40,49,2069,11,22.448979591836739,0.53165780570323828
15.6,Animal 15_6DLC_resnet50_Freezing_07-2020Sep29shuffle1_100000filtered,ELS,"Sanguino-Gomez and Krugers, 2024",1,43,6,2069,0,0,0
15.6,Animal 15_6DLC_resnet50_Freezing_07-2020Sep29shuffle1_100000filtered,ELS,"Sanguino-Gomez and Krugers, 2024",1,64,18,2069,0,0,0
2.4,Animal 2_4DLC_resnet50_Freezing_07-2020Sep29shuffle1_100000filtered,ELS,"Sanguino-Gomez and Krugers, 2024",1,0,2097,2422,1664,79.351454458750595,68.703550784475638
2.4,Animal 2_4DLC_resnet50_Freezing_07-2020Sep29shuffle1_100000filtered,ELS,"Sanguino-Gomez and Krugers, 2024",1,1,1606,2422,67,4.1718555417185552,2.766308835672997
2.4,Animal 2_4DLC_resnet50_Freezing_07-2020Sep29shuffle1_100000filtered,ELS,"Sanguino-Gomez and Krugers, 2024",1,2,1389,2422,4,0.28797696184305249,0.16515276630883571
2.4,Animal 2_4DLC_resnet50_Freezing_07-2020Sep29shuffle1_100000filtered,ELS,"Sanguino-Gomez and Krugers, 2024",1,3,1033,2422,46,4.4530493707647629,1.8992568125516101
2.4,Animal 2_4DLC_resnet50_Freezing_07-2020Sep29shuffle1_100000filtered,ELS,"Sanguino-Gomez and Krugers, 2024",1,4,437,2422,191,43.707093821510298,7.886044591246903
2.4,Animal 2_4DLC_resnet50_Freezing_07-2020Sep29shuffle1_100000filtered,ELS,"Sanguino-Gomez and Krugers, 2024",1,5,836,2422,7,0.83732057416267947,0.28901734104046239
2.4,Animal 2_4DLC_resnet50_Freezing_07-2020Sep29shuffle1_100000filtered,ELS,"Sanguino-Gomez and Krugers, 2024",1,6,1045,2422,9,0.86124401913875592,0.37159372419488018
2.4,Animal 2_4DLC_resnet50_Freezing_07-2020Sep29shuffle1_100000filtered,ELS,"Sanguino-Gomez and Krugers, 2024",1,7,354,2422,1,0.2824858757062147,4.1288191577208908E-2
2.4,Animal 2_4DLC_resnet50_Freezing_07-2020Sep29shuffle1_100000filtered,ELS,"Sanguino-Gomez and Krugers, 2024",1,8,87,2422,11,12.64367816091954,0.45417010734929808
2.4,Animal 2_4DLC_resnet50_Freezing_07-2020Sep29shuffle1_100000filtered,ELS,"Sanguino-Gomez and Krugers, 2024",1,9,84,2422,2,2.3809523809523809,8.2576383154417829E-2
2.4,Animal 2_4DLC_resnet50_Freezing_07-2020Sep29shuffle1_100000filtered,ELS,"Sanguino-Gomez and Krugers, 2024",1,10,17,2422,4,23.52941176470588,0.16515276630883571
2.4,Animal 2_4DLC_resnet50_Freezing_07-2020Sep29shuffle1_100000filtered,ELS,"Sanguino-Gomez and Krugers, 2024",1,11,29,2422,0,0,0
2.4,Animal 2_4DLC_resnet50_Freezing_07-2020Sep29shuffle1_100000filtered,ELS,"Sanguino-Gomez and Krugers, 2024",1,12,71,2422,1,1.408450704225352,4.1288191577208908E-2
2.4,Animal 2_4DLC_resnet50_Freezing_07-2020Sep29shuffle1_100000filtered,ELS,"Sanguino-Gomez and Krugers, 2024",1,13,188,2422,15,7.9787234042553186,0.61932287365813377
2.4,Animal 2_4DLC_resnet50_Freezing_07-2020Sep29shuffle1_100000filtered,ELS,"Sanguino-Gomez and Krugers, 2024",1,15,54,2422,5,9.2592592592592595,0.20644095788604461
2.4,Animal 2_4DLC_resnet50_Freezing_07-2020Sep29shuffle1_100000filtered,ELS,"Sanguino-Gomez and Krugers, 2024",1,16,20,2422,0,0,0
2.4,Animal 2_4DLC_resnet50_Freezing_07-2020Sep29shuffle1_100000filtered,ELS,"Sanguino-Gomez and Krugers, 2024",1,17,117,2422,7,5.982905982905983,0.28901734104046239
2.4,Animal 2_4DLC_resnet50_Freezing_07-2020Sep29shuffle1_100000filtered,ELS,"Sanguino-Gomez and Krugers, 2024",1,18,117,2422,0,0,0
2.4,Animal 2_4DLC_resnet50_Freezing_07-2020Sep29shuffle1_100000filtered,ELS,"Sanguino-Gomez and Krugers, 2024",1,19,24,2422,0,0,0
2.4,Animal 2_4DLC_resnet50_Freezing_07-2020Sep29shuffle1_100000filtered,ELS,"Sanguino-Gomez and Krugers, 2024",1,20,140,2422,3,2.1428571428571428,0.12386457473162681
2.4,Animal 2_4DLC_resnet50_Freezing_07-2020Sep29shuffle1_100000filtered,ELS,"Sanguino-Gomez and Krugers, 2024",1,21,10,2422,0,0,0
2.4,Animal 2_4DLC_resnet50_Freezing_07-2020Sep29shuffle1_100000filtered,ELS,"Sanguino-Gomez and Krugers, 2024",1,22,146,2422,16,10.95890410958904,0.66061106523534263
2.4,Animal 2_4DLC_resnet50_Freezing_07-2020Sep29shuffle1_100000filtered,ELS,"Sanguino-Gomez and Krugers, 2024",1,23,19,2422,0,0,0
2.4,Animal 2_4DLC_resnet50_Freezing_07-2020Sep29shuffle1_100000filtered,ELS,"Sanguino-Gomez and Krugers, 2024",1,24,36,2422,3,8.3333333333333321,0.12386457473162681
2.4,Animal 2_4DLC_resnet50_Freezing_07-2020Sep29shuffle1_100000filtered,ELS,"Sanguino-Gomez and Krugers, 2024",1,25,36,2422,0,0,0
2.4,Animal 2_4DLC_resnet50_Freezing_07-2020Sep29shuffle1_100000filtered,ELS,"Sanguino-Gomez and Krugers, 2024",1,27,317,2422,0,0,0
2.4,Animal 2_4DLC_resnet50_Freezing_07-2020Sep29shuffle1_100000filtered,ELS,"Sanguino-Gomez and Krugers, 2024",1,28,241,2422,216,89.626556016597519,8.9182493806771266
2.4,Animal 2_4DLC_resnet50_Freezing_07-2020Sep29shuffle1_100000filtered,ELS,"Sanguino-Gomez and Krugers, 2024",1,29,6,2422,0,0,0
2.4,Animal 2_4DLC_resnet50_Freezing_07-2020Sep29shuffle1_100000filtered,ELS,"Sanguino-Gomez and Krugers, 2024",1,30,15,2422,0,0,0
2.4,Animal 2_4DLC_resnet50_Freezing_07-2020Sep29shuffle1_100000filtered,ELS,"Sanguino-Gomez and Krugers, 2024",1,31,43,2422,9,20.93023255813954,0.37159372419488018
2.4,Animal 2_4DLC_resnet50_Freezing_07-2020Sep29shuffle1_100000filtered,ELS,"Sanguino-Gomez and Krugers, 2024",1,32,211,2422,1,0.47393364928909948,4.1288191577208908E-2
2.4,Animal 2_4DLC_resnet50_Freezing_07-2020Sep29shuffle1_100000filtered,ELS,"Sanguino-Gomez and Krugers, 2024",1,33,4,2422,0,0,0
2.4,Animal 2_4DLC_resnet50_Freezing_07-2020Sep29shuffle1_100000filtered,ELS,"Sanguino-Gomez and Krugers, 2024",1,34,34,2422,2,5.8823529411764701,8.2576383154417829E-2
2.4,Animal 2_4DLC_resnet50_Freezing_07-2020Sep29shuffle1_100000filtered,ELS,"Sanguino-Gomez and Krugers, 2024",1,35,101,2422,0,0,0
2.4,Animal 2_4DLC_resnet50_Freezing_07-2020Sep29shuffle1_100000filtered,ELS,"Sanguino-Gomez and Krugers, 2024",1,36,47,2422,5,10.638297872340431,0.20644095788604461
2.4,Animal 2_4DLC_resnet50_Freezing_07-2020Sep29shuffle1_100000filtered,ELS,"Sanguino-Gomez and Krugers, 2024",1,38,61,2422,15,24.590163934426229,0.61932287365813377
2.4,Animal 2_4DLC_resnet50_Freezing_07-2020Sep29shuffle1_100000filtered,ELS,"Sanguino-Gomez and Krugers, 2024",1,39,23,2422,0,0,0
2.4,Animal 2_4DLC_resnet50_Freezing_07-2020Sep29shuffle1_100000filtered,ELS,"Sanguino-Gomez and Krugers, 2024",1,40,131,2422,118,90.07633587786259,4.8720066061106522
2.4,Animal 2_4DLC_resnet50_Freezing_07-2020Sep29shuffle1_100000filtered,ELS,"Sanguino-Gomez and Krugers, 2024",1,41,4,2422,0,0,0
2.4,Animal 2_4DLC_resnet50_Freezing_07-2020Sep29shuffle1_100000filtered,ELS,"Sanguino-Gomez and Krugers, 2024",1,46,8,2422,0,0,0
2.4,Animal 2_4DLC_resnet50_Freezing_07-2020Sep29shuffle1_100000filtered,ELS,"Sanguino-Gomez and Krugers, 2024",1,47,9,2422,0,0,0
2.4,Animal 2_4DLC_resnet50_Freezing_07-2020Sep29shuffle1_100000filtered,ELS,"Sanguino-Gomez and Krugers, 2024",1,62,3,2422,0,0,0
23.4,Animal 23_4DLC_resnet50_Freezing_07-2020Sep29shuffle1_100000filtered,ELS,"Sanguino-Gomez and Krugers, 2024",1,0,1601,1600,1209,75.515302935665204,75.5625
23.4,Animal 23_4DLC_resnet50_Freezing_07-2020Sep29shuffle1_100000filtered,ELS,"Sanguino-Gomez and Krugers, 2024",1,1,2250,1600,134,5.9555555555555557,8.375
23.4,Animal 23_4DLC_resnet50_Freezing_07-2020Sep29shuffle1_100000filtered,ELS,"Sanguino-Gomez and Krugers, 2024",1,2,1554,1600,15,0.96525096525096521,0.9375
23.4,Animal 23_4DLC_resnet50_Freezing_07-2020Sep29shuffle1_100000filtered,ELS,"Sanguino-Gomez and Krugers, 2024",1,3,1044,1600,30,2.873563218390804,1.875
23.4,Animal 23_4DLC_resnet50_Freezing_07-2020Sep29shuffle1_100000filtered,ELS,"Sanguino-Gomez and Krugers, 2024",1,4,476,1600,48,10.08403361344538,3
23.4,Animal 23_4DLC_resnet50_Freezing_07-2020Sep29shuffle1_100000filtered,ELS,"Sanguino-Gomez and Krugers, 2024",1,5,1406,1600,29,2.0625889046941679,1.8125
23.4,Animal 23_4DLC_resnet50_Freezing_07-2020Sep29shuffle1_100000filtered,ELS,"Sanguino-Gomez and Krugers, 2024",1,6,282,1600,3,1.063829787234043,0.1875
23.4,Animal 23_4DLC_resnet50_Freezing_07-2020Sep29shuffle1_100000filtered,ELS,"Sanguino-Gomez and Krugers, 2024",1,7,259,1600,0,0,0
23.4,Animal 23_4DLC_resnet50_Freezing_07-2020Sep29shuffle1_100000filtered,ELS,"Sanguino-Gomez and Krugers, 2024",1,8,4,1600,0,0,0
23.4,Animal 23_4DLC_resnet50_Freezing_07-2020Sep29shuffle1_100000filtered,ELS,"Sanguino-Gomez and Krugers, 2024",1,9,41,1600,1,2.4390243902439019,6.25E-2
23.4,Animal 23_4DLC_resnet50_Freezing_07-2020Sep29shuffle1_100000filtered,ELS,"Sanguino-Gomez and Krugers, 2024",1,10,163,1600,4,2.4539877300613502,0.25
23.4,Animal 23_4DLC_resnet50_Freezing_07-2020Sep29shuffle1_100000filtered,ELS,"Sanguino-Gomez and Krugers, 2024",1,11,290,1600,0,0,0
23.4,Animal 23_4DLC_resnet50_Freezing_07-2020Sep29shuffle1_100000filtered,ELS,"Sanguino-Gomez and Krugers, 2024",1,12,78,1600,3,3.8461538461538458,0.1875
23.4,Animal 23_4DLC_resnet50_Freezing_07-2020Sep29shuffle1_100000filtered,ELS,"Sanguino-Gomez and Krugers, 2024",1,13,275,1600,76,27.63636363636364,4.75
23.4,Animal 23_4DLC_resnet50_Freezing_07-2020Sep29shuffle1_100000filtered,ELS,"Sanguino-Gomez and Krugers, 2024",1,14,187,1600,0,0,0
23.4,Animal 23_4DLC_resnet50_Freezing_07-2020Sep29shuffle1_100000filtered,ELS,"Sanguino-Gomez and Krugers, 2024",1,15,351,1600,2,0.56980056980056981,0.125
23.4,Animal 23_4DLC_resnet50_Freezing_07-2020Sep29shuffle1_100000filtered,ELS,"Sanguino-Gomez and Krugers, 2024",1,16,105,1600,0,0,0
23.4,Animal 23_4DLC_resnet50_Freezing_07-2020Sep29shuffle1_100000filtered,ELS,"Sanguino-Gomez and Krugers, 2024",1,17,95,1600,0,0,0
23.4,Animal 23_4DLC_resnet50_Freezing_07-2020Sep29shuffle1_100000filtered,ELS,"Sanguino-Gomez and Krugers, 2024",1,18,101,1600,0,0,0
23.4,Animal 23_4DLC_resnet50_Freezing_07-2020Sep29shuffle1_100000filtered,ELS,"Sanguino-Gomez and Krugers, 2024",1,19,77,1600,2,2.5974025974025969,0.125
23.4,Animal 23_4DLC_resnet50_Freezing_07-2020Sep29shuffle1_100000filtered,ELS,"Sanguino-Gomez and Krugers, 2024",1,20,69,1600,4,5.7971014492753623,0.25
23.4,Animal 23_4DLC_resnet50_Freezing_07-2020Sep29shuffle1_100000filtered,ELS,"Sanguino-Gomez and Krugers, 2024",1,21,20,1600,0,0,0
23.4,Animal 23_4DLC_resnet50_Freezing_07-2020Sep29shuffle1_100000filtered,ELS,"Sanguino-Gomez and Krugers, 2024",1,22,24,1600,0,0,0
23.4,Animal 23_4DLC_resnet50_Freezing_07-2020Sep29shuffle1_100000filtered,ELS,"Sanguino-Gomez and Krugers, 2024",1,23,17,1600,0,0,0
23.4,Animal 23_4DLC_resnet50_Freezing_07-2020Sep29shuffle1_100000filtered,ELS,"Sanguino-Gomez and Krugers, 2024",1,24,8,1600,0,0,0
23.4,Animal 23_4DLC_resnet50_Freezing_07-2020Sep29shuffle1_100000filtered,ELS,"Sanguino-Gomez and Krugers, 2024",1,25,37,1600,0,0,0
23.4,Animal 23_4DLC_resnet50_Freezing_07-2020Sep29shuffle1_100000filtered,ELS,"Sanguino-Gomez and Krugers, 2024",1,28,61,1600,40,65.573770491803273,2.5
23.4,Animal 23_4DLC_resnet50_Freezing_07-2020Sep29shuffle1_100000filtered,ELS,"Sanguino-Gomez and Krugers, 2024",1,29,19,1600,0,0,0
23.4,Animal 23_4DLC_resnet50_Freezing_07-2020Sep29shuffle1_100000filtered,ELS,"Sanguino-Gomez and Krugers, 2024",1,30,18,1600,0,0,0
23.4,Animal 23_4DLC_resnet50_Freezing_07-2020Sep29shuffle1_100000filtered,ELS,"Sanguino-Gomez and Krugers, 2024",1,32,37,1600,0,0,0
23.4,Animal 23_4DLC_resnet50_Freezing_07-2020Sep29shuffle1_100000filtered,ELS,"Sanguino-Gomez and Krugers, 2024",1,33,7,1600,0,0,0
23.4,Animal 23_4DLC_resnet50_Freezing_07-2020Sep29shuffle1_100000filtered,ELS,"Sanguino-Gomez and Krugers, 2024",1,34,2,1600,0,0,0
23.4,Animal 23_4DLC_resnet50_Freezing_07-2020Sep29shuffle1_100000filtered,ELS,"Sanguino-Gomez and Krugers, 2024",1,37,244,1600,0,0,0
23.4,Animal 23_4DLC_resnet50_Freezing_07-2020Sep29shuffle1_100000filtered,ELS,"Sanguino-Gomez and Krugers, 2024",1,41,48,1600,0,0,0
25.1,Animal 25_1DLC_resnet50_Freezing_07-2020Sep29shuffle1_100000filtered,ELS,"Sanguino-Gomez and Krugers, 2024",1,0,1520,1992,1268,83.421052631578945,63.654618473895589
25.1,Animal 25_1DLC_resnet50_Freezing_07-2020Sep29shuffle1_100000filtered,ELS,"Sanguino-Gomez and Krugers, 2024",1,1,2761,1992,258,9.3444404201376319,12.95180722891566
25.1,Animal 25_1DLC_resnet50_Freezing_07-2020Sep29shuffle1_100000filtered,ELS,"Sanguino-Gomez and Krugers, 2024",1,2,1216,1992,24,1.9736842105263159,1.2048192771084341
25.1,Animal 25_1DLC_resnet50_Freezing_07-2020Sep29shuffle1_100000filtered,ELS,"Sanguino-Gomez and Krugers, 2024",1,3,1604,1992,52,3.2418952618453871,2.6104417670682731
25.1,Animal 25_1DLC_resnet50_Freezing_07-2020Sep29shuffle1_100000filtered,ELS,"Sanguino-Gomez and Krugers, 2024",1,4,383,1992,89,23.237597911227159,4.4678714859437747
25.1,Animal 25_1DLC_resnet50_Freezing_07-2020Sep29shuffle1_100000filtered,ELS,"Sanguino-Gomez and Krugers, 2024",1,5,567,1992,5,0.88183421516754845,0.25100401606425699
25.1,Animal 25_1DLC_resnet50_Freezing_07-2020Sep29shuffle1_100000filtered,ELS,"Sanguino-Gomez and Krugers, 2024",1,6,282,1992,10,3.5460992907801421,0.50200803212851408
25.1,Animal 25_1DLC_resnet50_Freezing_07-2020Sep29shuffle1_100000filtered,ELS,"Sanguino-Gomez and Krugers, 2024",1,7,157,1992,0,0,0
25.1,Animal 25_1DLC_resnet50_Freezing_07-2020Sep29shuffle1_100000filtered,ELS,"Sanguino-Gomez and Krugers, 2024",1,8,42,1992,8,19.047619047619051,0.40160642570281119
25.1,Animal 25_1DLC_resnet50_Freezing_07-2020Sep29shuffle1_100000filtered,ELS,"Sanguino-Gomez and Krugers, 2024",1,9,39,1992,1,2.5641025641025639,5.0200803212851398E-2
25.1,Animal 25_1DLC_resnet50_Freezing_07-2020Sep29shuffle1_100000filtered,ELS,"Sanguino-Gomez and Krugers, 2024",1,10,139,1992,2,1.43884892086331,0.1004016064257028
25.1,Animal 25_1DLC_resnet50_Freezing_07-2020Sep29shuffle1_100000filtered,ELS,"Sanguino-Gomez and Krugers, 2024",1,11,36,1992,2,5.5555555555555554,0.1004016064257028
25.1,Animal 25_1DLC_resnet50_Freezing_07-2020Sep29shuffle1_100000filtered,ELS,"Sanguino-Gomez and Krugers, 2024",1,12,114,1992,0,0,0
25.1,Animal 25_1DLC_resnet50_Freezing_07-2020Sep29shuffle1_100000filtered,ELS,"Sanguino-Gomez and Krugers, 2024",1,13,400,1992,105,26.25,5.2710843373493983
25.1,Animal 25_1DLC_resnet50_Freezing_07-2020Sep29shuffle1_100000filtered,ELS,"Sanguino-Gomez and Krugers, 2024",1,15,43,1992,2,4.6511627906976747,0.1004016064257028
25.1,Animal 25_1DLC_resnet50_Freezing_07-2020Sep29shuffle1_100000filtered,ELS,"Sanguino-Gomez and Krugers, 2024",1,16,25,1992,0,0,0
25.1,Animal 25_1DLC_resnet50_Freezing_07-2020Sep29shuffle1_100000filtered,ELS,"Sanguino-Gomez and Krugers, 2024",1,17,95,1992,0,0,0
25.1,Animal 25_1DLC_resnet50_Freezing_07-2020Sep29shuffle1_100000filtered,ELS,"Sanguino-Gomez and Krugers, 2024",1,18,61,1992,0,0,0
25.1,Animal 25_1DLC_resnet50_Freezing_07-2020Sep29shuffle1_100000filtered,ELS,"Sanguino-Gomez and Krugers, 2024",1,19,32,1992,2,6.25,0.1004016064257028
25.1,Animal 25_1DLC_resnet50_Freezing_07-2020Sep29shuffle1_100000filtered,ELS,"Sanguino-Gomez and Krugers, 2024",1,20,138,1992,64,46.376811594202898,3.2128514056224891
25.1,Animal 25_1DLC_resnet50_Freezing_07-2020Sep29shuffle1_100000filtered,ELS,"Sanguino-Gomez and Krugers, 2024",1,21,69,1992,1,1.449275362318841,5.0200803212851398E-2
25.1,Animal 25_1DLC_resnet50_Freezing_07-2020Sep29shuffle1_100000filtered,ELS,"Sanguino-Gomez and Krugers, 2024",1,22,190,1992,4,2.1052631578947372,0.20080321285140559
25.1,Animal 25_1DLC_resnet50_Freezing_07-2020Sep29shuffle1_100000filtered,ELS,"Sanguino-Gomez and Krugers, 2024",1,23,10,1992,0,0,0
25.1,Animal 25_1DLC_resnet50_Freezing_07-2020Sep29shuffle1_100000filtered,ELS,"Sanguino-Gomez and Krugers, 2024",1,24,6,1992,1,16.666666666666661,5.0200803212851398E-2
25.1,Animal 25_1DLC_resnet50_Freezing_07-2020Sep29shuffle1_100000filtered,ELS,"Sanguino-Gomez and Krugers, 2024",1,25,67,1992,0,0,0
25.1,Animal 25_1DLC_resnet50_Freezing_07-2020Sep29shuffle1_100000filtered,ELS,"Sanguino-Gomez and Krugers, 2024",1,27,624,1992,6,0.96153846153846156,0.30120481927710852
25.1,Animal 25_1DLC_resnet50_Freezing_07-2020Sep29shuffle1_100000filtered,ELS,"Sanguino-Gomez and Krugers, 2024",1,28,76,1992,69,90.789473684210535,3.463855421686747
25.1,Animal 25_1DLC_resnet50_Freezing_07-2020Sep29shuffle1_100000filtered,ELS,"Sanguino-Gomez and Krugers, 2024",1,29,21,1992,0,0,0
25.1,Animal 25_1DLC_resnet50_Freezing_07-2020Sep29shuffle1_100000filtered,ELS,"Sanguino-Gomez and Krugers, 2024",1,30,37,1992,0,0,0
25.1,Animal 25_1DLC_resnet50_Freezing_07-2020Sep29shuffle1_100000filtered,ELS,"Sanguino-Gomez and Krugers, 2024",1,31,30,1992,0,0,0
25.1,Animal 25_1DLC_resnet50_Freezing_07-2020Sep29shuffle1_100000filtered,ELS,"Sanguino-Gomez and Krugers, 2024",1,32,28,1992,0,0,0
25.1,Animal 25_1DLC_resnet50_Freezing_07-2020Sep29shuffle1_100000filtered,ELS,"Sanguino-Gomez and Krugers, 2024",1,33,23,1992,3,13.043478260869559,0.1506024096385542
25.1,Animal 25_1DLC_resnet50_Freezing_07-2020Sep29shuffle1_100000filtered,ELS,"Sanguino-Gomez and Krugers, 2024",1,34,25,1992,2,8,0.1004016064257028
25.1,Animal 25_1DLC_resnet50_Freezing_07-2020Sep29shuffle1_100000filtered,ELS,"Sanguino-Gomez and Krugers, 2024",1,35,69,1992,2,2.8985507246376812,0.1004016064257028
25.1,Animal 25_1DLC_resnet50_Freezing_07-2020Sep29shuffle1_100000filtered,ELS,"Sanguino-Gomez and Krugers, 2024",1,36,5,1992,5,100,0.25100401606425699
25.1,Animal 25_1DLC_resnet50_Freezing_07-2020Sep29shuffle1_100000filtered,ELS,"Sanguino-Gomez and Krugers, 2024",1,37,195,1992,5,2.5641025641025639,0.25100401606425699
25.1,Animal 25_1DLC_resnet50_Freezing_07-2020Sep29shuffle1_100000filtered,ELS,"Sanguino-Gomez and Krugers, 2024",1,38,15,1992,2,13.33333333333333,0.1004016064257028
25.1,Animal 25_1DLC_resnet50_Freezing_07-2020Sep29shuffle1_100000filtered,ELS,"Sanguino-Gomez and Krugers, 2024",1,39,47,1992,0,0,0
25.1,Animal 25_1DLC_resnet50_Freezing_07-2020Sep29shuffle1_100000filtered,ELS,"Sanguino-Gomez and Krugers, 2024",1,42,6,1992,0,0,0
25.1,Animal 25_1DLC_resnet50_Freezing_07-2020Sep29shuffle1_100000filtered,ELS,"Sanguino-Gomez and Krugers, 2024",1,43,7,1992,0,0,0
25.1,Animal 25_1DLC_resnet50_Freezing_07-2020Sep29shuffle1_100000filtered,ELS,"Sanguino-Gomez and Krugers, 2024",1,60,7,1992,0,0,0
25.1,Animal 25_1DLC_resnet50_Freezing_07-2020Sep29shuffle1_100000filtered,ELS,"Sanguino-Gomez and Krugers, 2024",1,62,3,1992,0,0,0
25.1,Animal 25_1DLC_resnet50_Freezing_07-2020Sep29shuffle1_100000filtered,ELS,"Sanguino-Gomez and Krugers, 2024",1,76,9,1992,0,0,0
25.1,Animal 25_1DLC_resnet50_Freezing_07-2020Sep29shuffle1_100000filtered,ELS,"Sanguino-Gomez and Krugers, 2024",1,87,24,1992,0,0,0
25.1,Animal 25_1DLC_resnet50_Freezing_07-2020Sep29shuffle1_100000filtered,ELS,"Sanguino-Gomez and Krugers, 2024",1,91,3,1992,0,0,0
26.4,Animal 26_4DLC_resnet50_Freezing_07-2020Sep29shuffle1_100000filtered,ELS,"Sanguino-Gomez and Krugers, 2024",1,0,3197,3049,2692,84.203941194870197,88.291243030501803
26.4,Animal 26_4DLC_resnet50_Freezing_07-2020Sep29shuffle1_100000filtered,ELS,"Sanguino-Gomez and Krugers, 2024",1,1,2819,3049,164,5.8176658389499822,5.3788127254837654
26.4,Animal 26_4DLC_resnet50_Freezing_07-2020Sep29shuffle1_100000filtered,ELS,"Sanguino-Gomez and Krugers, 2024",1,2,1430,3049,7,0.48951048951048948,0.22958346999016069
26.4,Animal 26_4DLC_resnet50_Freezing_07-2020Sep29shuffle1_100000filtered,ELS,"Sanguino-Gomez and Krugers, 2024",1,3,1193,3049,44,3.6881810561609378,1.4430960970810101
26.4,Animal 26_4DLC_resnet50_Freezing_07-2020Sep29shuffle1_100000filtered,ELS,"Sanguino-Gomez and Krugers, 2024",1,4,54,3049,0,0,0
26.4,Animal 26_4DLC_resnet50_Freezing_07-2020Sep29shuffle1_100000filtered,ELS,"Sanguino-Gomez and Krugers, 2024",1,5,554,3049,2,0.36101083032490983,6.5595277140045913E-2
26.4,Animal 26_4DLC_resnet50_Freezing_07-2020Sep29shuffle1_100000filtered,ELS,"Sanguino-Gomez and Krugers, 2024",1,6,224,3049,6,2.6785714285714279,0.19678583142013781
26.4,Animal 26_4DLC_resnet50_Freezing_07-2020Sep29shuffle1_100000filtered,ELS,"Sanguino-Gomez and Krugers, 2024",1,7,44,3049,5,11.36363636363636,0.16398819285011479
26.4,Animal 26_4DLC_resnet50_Freezing_07-2020Sep29shuffle1_100000filtered,ELS,"Sanguino-Gomez and Krugers, 2024",1,8,4,3049,0,0,0
26.4,Animal 26_4DLC_resnet50_Freezing_07-2020Sep29shuffle1_100000filtered,ELS,"Sanguino-Gomez and Krugers, 2024",1,9,42,3049,0,0,0
26.4,Animal 26_4DLC_resnet50_Freezing_07-2020Sep29shuffle1_100000filtered,ELS,"Sanguino-Gomez and Krugers, 2024",1,10,462,3049,3,0.64935064935064934,9.8392915710068876E-2
26.4,Animal 26_4DLC_resnet50_Freezing_07-2020Sep29shuffle1_100000filtered,ELS,"Sanguino-Gomez and Krugers, 2024",1,11,93,3049,1,1.075268817204301,3.2797638570022963E-2
26.4,Animal 26_4DLC_resnet50_Freezing_07-2020Sep29shuffle1_100000filtered,ELS,"Sanguino-Gomez and Krugers, 2024",1,12,130,3049,1,0.76923076923076927,3.2797638570022963E-2
26.4,Animal 26_4DLC_resnet50_Freezing_07-2020Sep29shuffle1_100000filtered,ELS,"Sanguino-Gomez and Krugers, 2024",1,13,408,3049,99,24.264705882352938,3.2469662184322732
26.4,Animal 26_4DLC_resnet50_Freezing_07-2020Sep29shuffle1_100000filtered,ELS,"Sanguino-Gomez and Krugers, 2024",1,14,174,3049,0,0,0
26.4,Animal 26_4DLC_resnet50_Freezing_07-2020Sep29shuffle1_100000filtered,ELS,"Sanguino-Gomez and Krugers, 2024",1,15,16,3049,0,0,0
26.4,Animal 26_4DLC_resnet50_Freezing_07-2020Sep29shuffle1_100000filtered,ELS,"Sanguino-Gomez and Krugers, 2024",1,16,62,3049,3,4.838709677419355,9.8392915710068876E-2
26.4,Animal 26_4DLC_resnet50_Freezing_07-2020Sep29shuffle1_100000filtered,ELS,"Sanguino-Gomez and Krugers, 2024",1,17,10,3049,0,0,0
26.4,Animal 26_4DLC_resnet50_Freezing_07-2020Sep29shuffle1_100000filtered,ELS,"Sanguino-Gomez and Krugers, 2024",1,18,50,3049,0,0,0
26.4,Animal 26_4DLC_resnet50_Freezing_07-2020Sep29shuffle1_100000filtered,ELS,"Sanguino-Gomez and Krugers, 2024",1,19,9,3049,2,22.222222222222221,6.5595277140045913E-2
26.4,Animal 26_4DLC_resnet50_Freezing_07-2020Sep29shuffle1_100000filtered,ELS,"Sanguino-Gomez and Krugers, 2024",1,20,35,3049,0,0,0
26.4,Animal 26_4DLC_resnet50_Freezing_07-2020Sep29shuffle1_100000filtered,ELS,"Sanguino-Gomez and Krugers, 2024",1,21,21,3049,0,0,0
26.4,Animal 26_4DLC_resnet50_Freezing_07-2020Sep29shuffle1_100000filtered,ELS,"Sanguino-Gomez and Krugers, 2024",1,22,56,3049,11,19.642857142857139,0.36077402427025262
26.4,Animal 26_4DLC_resnet50_Freezing_07-2020Sep29shuffle1_100000filtered,ELS,"Sanguino-Gomez and Krugers, 2024",1,23,27,3049,0,0,0
26.4,Animal 26_4DLC_resnet50_Freezing_07-2020Sep29shuffle1_100000filtered,ELS,"Sanguino-Gomez and Krugers, 2024",1,25,33,3049,0,0,0
26.4,Animal 26_4DLC_resnet50_Freezing_07-2020Sep29shuffle1_100000filtered,ELS,"Sanguino-Gomez and Krugers, 2024",1,27,41,3049,1,2.4390243902439019,3.2797638570022963E-2
26.4,Animal 26_4DLC_resnet50_Freezing_07-2020Sep29shuffle1_100000filtered,ELS,"Sanguino-Gomez and Krugers, 2024",1,28,14,3049,8,57.142857142857139,0.26238110856018371
26.4,Animal 26_4DLC_resnet50_Freezing_07-2020Sep29shuffle1_100000filtered,ELS,"Sanguino-Gomez and Krugers, 2024",1,29,23,3049,0,0,0
26.4,Animal 26_4DLC_resnet50_Freezing_07-2020Sep29shuffle1_100000filtered,ELS,"Sanguino-Gomez and Krugers, 2024",1,39,13,3049,0,0,0
26.4,Animal 26_4DLC_resnet50_Freezing_07-2020Sep29shuffle1_100000filtered,ELS,"Sanguino-Gomez and Krugers, 2024",1,48,12,3049,0,0,0
32.2,Animal 32_2DLC_resnet50_Freezing_07-2020Sep29shuffle1_100000filtered,ELS,"Sanguino-Gomez and Krugers, 2024",1,0,1201,1595,896,74.604496253122392,56.175548589341687
32.2,Animal 32_2DLC_resnet50_Freezing_07-2020Sep29shuffle1_100000filtered,ELS,"Sanguino-Gomez and Krugers, 2024",1,1,2758,1595,121,4.3872371283538794,7.5862068965517242
32.2,Animal 32_2DLC_resnet50_Freezing_07-2020Sep29shuffle1_100000filtered,ELS,"Sanguino-Gomez and Krugers, 2024",1,2,929,1595,19,2.045209903121636,1.1912225705329149
32.2,Animal 32_2DLC_resnet50_Freezing_07-2020Sep29shuffle1_100000filtered,ELS,"Sanguino-Gomez and Krugers, 2024",1,3,788,1595,31,3.9340101522842641,1.9435736677115989
32.2,Animal 32_2DLC_resnet50_Freezing_07-2020Sep29shuffle1_100000filtered,ELS,"Sanguino-Gomez and Krugers, 2024",1,4,521,1595,140,26.871401151631481,8.7774294670846391
32.2,Animal 32_2DLC_resnet50_Freezing_07-2020Sep29shuffle1_100000filtered,ELS,"Sanguino-Gomez and Krugers, 2024",1,5,678,1595,9,1.3274336283185839,0.56426332288401249
32.2,Animal 32_2DLC_resnet50_Freezing_07-2020Sep29shuffle1_100000filtered,ELS,"Sanguino-Gomez and Krugers, 2024",1,6,1194,1595,37,3.0988274706867669,2.319749216300941
32.2,Animal 32_2DLC_resnet50_Freezing_07-2020Sep29shuffle1_100000filtered,ELS,"Sanguino-Gomez and Krugers, 2024",1,7,215,1595,3,1.3953488372093019,0.18808777429467091
32.2,Animal 32_2DLC_resnet50_Freezing_07-2020Sep29shuffle1_100000filtered,ELS,"Sanguino-Gomez and Krugers, 2024",1,8,63,1595,10,15.87301587301587,0.62695924764890276
32.2,Animal 32_2DLC_resnet50_Freezing_07-2020Sep29shuffle1_100000filtered,ELS,"Sanguino-Gomez and Krugers, 2024",1,9,38,1595,2,5.2631578947368416,0.12539184952978061
32.2,Animal 32_2DLC_resnet50_Freezing_07-2020Sep29shuffle1_100000filtered,ELS,"Sanguino-Gomez and Krugers, 2024",1,10,39,1595,1,2.5641025641025639,6.269592476489029E-2
32.2,Animal 32_2DLC_resnet50_Freezing_07-2020Sep29shuffle1_100000filtered,ELS,"Sanguino-Gomez and Krugers, 2024",1,11,108,1595,25,23.148148148148149,1.567398119122257
32.2,Animal 32_2DLC_resnet50_Freezing_07-2020Sep29shuffle1_100000filtered,ELS,"Sanguino-Gomez and Krugers, 2024",1,12,37,1595,0,0,0
32.2,Animal 32_2DLC_resnet50_Freezing_07-2020Sep29shuffle1_100000filtered,ELS,"Sanguino-Gomez and Krugers, 2024",1,13,711,1595,143,20.112517580872009,8.9655172413793096
32.2,Animal 32_2DLC_resnet50_Freezing_07-2020Sep29shuffle1_100000filtered,ELS,"Sanguino-Gomez and Krugers, 2024",1,14,28,1595,0,0,0
32.2,Animal 32_2DLC_resnet50_Freezing_07-2020Sep29shuffle1_100000filtered,ELS,"Sanguino-Gomez and Krugers, 2024",1,15,5,1595,0,0,0
32.2,Animal 32_2DLC_resnet50_Freezing_07-2020Sep29shuffle1_100000filtered,ELS,"Sanguino-Gomez and Krugers, 2024",1,16,11,1595,1,9.0909090909090917,6.269592476489029E-2
32.2,Animal 32_2DLC_resnet50_Freezing_07-2020Sep29shuffle1_100000filtered,ELS,"Sanguino-Gomez and Krugers, 2024",1,17,77,1595,14,18.18181818181818,0.87774294670846398
32.2,Animal 32_2DLC_resnet50_Freezing_07-2020Sep29shuffle1_100000filtered,ELS,"Sanguino-Gomez and Krugers, 2024",1,18,425,1595,4,0.94117647058823517,0.25078369905956122
32.2,Animal 32_2DLC_resnet50_Freezing_07-2020Sep29shuffle1_100000filtered,ELS,"Sanguino-Gomez and Krugers, 2024",1,19,6,1595,0,0,0
32.2,Animal 32_2DLC_resnet50_Freezing_07-2020Sep29shuffle1_100000filtered,ELS,"Sanguino-Gomez and Krugers, 2024",1,20,91,1595,4,4.395604395604396,0.25078369905956122
32.2,Animal 32_2DLC_resnet50_Freezing_07-2020Sep29shuffle1_100000filtered,ELS,"Sanguino-Gomez and Krugers, 2024",1,22,97,1595,2,2.061855670103093,0.12539184952978061
32.2,Animal 32_2DLC_resnet50_Freezing_07-2020Sep29shuffle1_100000filtered,ELS,"Sanguino-Gomez and Krugers, 2024",1,23,46,1595,0,0,0
32.2,Animal 32_2DLC_resnet50_Freezing_07-2020Sep29shuffle1_100000filtered,ELS,"Sanguino-Gomez and Krugers, 2024",1,24,62,1595,2,3.225806451612903,0.12539184952978061
32.2,Animal 32_2DLC_resnet50_Freezing_07-2020Sep29shuffle1_100000filtered,ELS,"Sanguino-Gomez and Krugers, 2024",1,25,44,1595,0,0,0
32.2,Animal 32_2DLC_resnet50_Freezing_07-2020Sep29shuffle1_100000filtered,ELS,"Sanguino-Gomez and Krugers, 2024",1,26,108,1595,0,0,0
32.2,Animal 32_2DLC_resnet50_Freezing_07-2020Sep29shuffle1_100000filtered,ELS,"Sanguino-Gomez and Krugers, 2024",1,27,551,1595,5,0.90744101633393837,0.31347962382445138
32.2,Animal 32_2DLC_resnet50_Freezing_07-2020Sep29shuffle1_100000filtered,ELS,"Sanguino-Gomez and Krugers, 2024",1,28,41,1595,36,87.804878048780495,2.2570532915360499
32.2,Animal 32_2DLC_resnet50_Freezing_07-2020Sep29shuffle1_100000filtered,ELS,"Sanguino-Gomez and Krugers, 2024",1,29,5,1595,0,0,0
32.2,Animal 32_2DLC_resnet50_Freezing_07-2020Sep29shuffle1_100000filtered,ELS,"Sanguino-Gomez and Krugers, 2024",1,30,10,1595,0,0,0
32.2,Animal 32_2DLC_resnet50_Freezing_07-2020Sep29shuffle1_100000filtered,ELS,"Sanguino-Gomez and Krugers, 2024",1,31,54,1595,22,40.74074074074074,1.3793103448275861
32.2,Animal 32_2DLC_resnet50_Freezing_07-2020Sep29shuffle1_100000filtered,ELS,"Sanguino-Gomez and Krugers, 2024",1,32,22,1595,0,0,0
32.2,Animal 32_2DLC_resnet50_Freezing_07-2020Sep29shuffle1_100000filtered,ELS,"Sanguino-Gomez and Krugers, 2024",1,33,3,1595,3,100,0.18808777429467091
32.2,Animal 32_2DLC_resnet50_Freezing_07-2020Sep29shuffle1_100000filtered,ELS,"Sanguino-Gomez and Krugers, 2024",1,34,107,1595,35,32.710280373831772,2.1943573667711598
32.2,Animal 32_2DLC_resnet50_Freezing_07-2020Sep29shuffle1_100000filtered,ELS,"Sanguino-Gomez and Krugers, 2024",1,36,38,1595,12,31.578947368421051,0.75235109717868343
32.2,Animal 32_2DLC_resnet50_Freezing_07-2020Sep29shuffle1_100000filtered,ELS,"Sanguino-Gomez and Krugers, 2024",1,37,46,1595,0,0,0
32.2,Animal 32_2DLC_resnet50_Freezing_07-2020Sep29shuffle1_100000filtered,ELS,"Sanguino-Gomez and Krugers, 2024",1,39,46,1595,2,4.3478260869565224,0.12539184952978061
32.2,Animal 32_2DLC_resnet50_Freezing_07-2020Sep29shuffle1_100000filtered,ELS,"Sanguino-Gomez and Krugers, 2024",1,42,47,1595,16,34.042553191489361,1.0031347962382451
32.4,Animal 32_4DLC_resnet50_Freezing_07-2020Sep29shuffle1_100000filtered,ELS,"Sanguino-Gomez and Krugers, 2024",1,0,1004,1680,821,81.772908366533869,48.86904761904762
32.4,Animal 32_4DLC_resnet50_Freezing_07-2020Sep29shuffle1_100000filtered,ELS,"Sanguino-Gomez and Krugers, 2024",1,1,2989,1680,217,7.2599531615925059,12.91666666666667
32.4,Animal 32_4DLC_resnet50_Freezing_07-2020Sep29shuffle1_100000filtered,ELS,"Sanguino-Gomez and Krugers, 2024",1,2,936,1680,2,0.21367521367521369,0.1190476190476191
32.4,Animal 32_4DLC_resnet50_Freezing_07-2020Sep29shuffle1_100000filtered,ELS,"Sanguino-Gomez and Krugers, 2024",1,3,1482,1680,58,3.9136302294197032,3.452380952380953
32.4,Animal 32_4DLC_resnet50_Freezing_07-2020Sep29shuffle1_100000filtered,ELS,"Sanguino-Gomez and Krugers, 2024",1,4,553,1680,193,34.900542495479201,11.488095238095241
32.4,Animal 32_4DLC_resnet50_Freezing_07-2020Sep29shuffle1_100000filtered,ELS,"Sanguino-Gomez and Krugers, 2024",1,5,218,1680,0,0,0
32.4,Animal 32_4DLC_resnet50_Freezing_07-2020Sep29shuffle1_100000filtered,ELS,"Sanguino-Gomez and Krugers, 2024",1,6,609,1680,11,1.80623973727422,0.65476190476190477
32.4,Animal 32_4DLC_resnet50_Freezing_07-2020Sep29shuffle1_100000filtered,ELS,"Sanguino-Gomez and Krugers, 2024",1,7,269,1680,3,1.1152416356877319,0.1785714285714286
32.4,Animal 32_4DLC_resnet50_Freezing_07-2020Sep29shuffle1_100000filtered,ELS,"Sanguino-Gomez and Krugers, 2024",1,8,62,1680,10,16.12903225806452,0.59523809523809523
32.4,Animal 32_4DLC_resnet50_Freezing_07-2020Sep29shuffle1_100000filtered,ELS,"Sanguino-Gomez and Krugers, 2024",1,9,56,1680,3,5.3571428571428568,0.1785714285714286
32.4,Animal 32_4DLC_resnet50_Freezing_07-2020Sep29shuffle1_100000filtered,ELS,"Sanguino-Gomez and Krugers, 2024",1,10,38,1680,0,0,0
32.4,Animal 32_4DLC_resnet50_Freezing_07-2020Sep29shuffle1_100000filtered,ELS,"Sanguino-Gomez and Krugers, 2024",1,11,44,1680,0,0,0
32.4,Animal 32_4DLC_resnet50_Freezing_07-2020Sep29shuffle1_100000filtered,ELS,"Sanguino-Gomez and Krugers, 2024",1,12,50,1680,0,0,0
32.4,Animal 32_4DLC_resnet50_Freezing_07-2020Sep29shuffle1_100000filtered,ELS,"Sanguino-Gomez and Krugers, 2024",1,13,546,1680,135,24.72527472527473,8.0357142857142865
32.4,Animal 32_4DLC_resnet50_Freezing_07-2020Sep29shuffle1_100000filtered,ELS,"Sanguino-Gomez and Krugers, 2024",1,14,7,1680,0,0,0
32.4,Animal 32_4DLC_resnet50_Freezing_07-2020Sep29shuffle1_100000filtered,ELS,"Sanguino-Gomez and Krugers, 2024",1,15,3,1680,0,0,0
32.4,Animal 32_4DLC_resnet50_Freezing_07-2020Sep29shuffle1_100000filtered,ELS,"Sanguino-Gomez and Krugers, 2024",1,16,16,1680,0,0,0
32.4,Animal 32_4DLC_resnet50_Freezing_07-2020Sep29shuffle1_100000filtered,ELS,"Sanguino-Gomez and Krugers, 2024",1,17,100,1680,0,0,0
32.4,Animal 32_4DLC_resnet50_Freezing_07-2020Sep29shuffle1_100000filtered,ELS,"Sanguino-Gomez and Krugers, 2024",1,18,73,1680,2,2.7397260273972601,0.1190476190476191
32.4,Animal 32_4DLC_resnet50_Freezing_07-2020Sep29shuffle1_100000filtered,ELS,"Sanguino-Gomez and Krugers, 2024",1,19,21,1680,0,0,0
32.4,Animal 32_4DLC_resnet50_Freezing_07-2020Sep29shuffle1_100000filtered,ELS,"Sanguino-Gomez and Krugers, 2024",1,20,66,1680,13,19.696969696969699,0.77380952380952384
32.4,Animal 32_4DLC_resnet50_Freezing_07-2020Sep29shuffle1_100000filtered,ELS,"Sanguino-Gomez and Krugers, 2024",1,21,47,1680,6,12.76595744680851,0.35714285714285721
32.4,Animal 32_4DLC_resnet50_Freezing_07-2020Sep29shuffle1_100000filtered,ELS,"Sanguino-Gomez and Krugers, 2024",1,22,55,1680,11,20,0.65476190476190477
32.4,Animal 32_4DLC_resnet50_Freezing_07-2020Sep29shuffle1_100000filtered,ELS,"Sanguino-Gomez and Krugers, 2024",1,23,28,1680,13,46.428571428571431,0.77380952380952384
32.4,Animal 32_4DLC_resnet50_Freezing_07-2020Sep29shuffle1_100000filtered,ELS,"Sanguino-Gomez and Krugers, 2024",1,24,21,1680,0,0,0
32.4,Animal 32_4DLC_resnet50_Freezing_07-2020Sep29shuffle1_100000filtered,ELS,"Sanguino-Gomez and Krugers, 2024",1,25,9,1680,0,0,0
32.4,Animal 32_4DLC_resnet50_Freezing_07-2020Sep29shuffle1_100000filtered,ELS,"Sanguino-Gomez and Krugers, 2024",1,27,463,1680,2,0.43196544276457888,0.1190476190476191
32.4,Animal 32_4DLC_resnet50_Freezing_07-2020Sep29shuffle1_100000filtered,ELS,"Sanguino-Gomez and Krugers, 2024",1,28,170,1680,104,61.176470588235297,6.1904761904761907
32.4,Animal 32_4DLC_resnet50_Freezing_07-2020Sep29shuffle1_100000filtered,ELS,"Sanguino-Gomez and Krugers, 2024",1,29,12,1680,0,0,0
32.4,Animal 32_4DLC_resnet50_Freezing_07-2020Sep29shuffle1_100000filtered,ELS,"Sanguino-Gomez and Krugers, 2024",1,30,23,1680,0,0,0
32.4,Animal 32_4DLC_resnet50_Freezing_07-2020Sep29shuffle1_100000filtered,ELS,"Sanguino-Gomez and Krugers, 2024",1,31,76,1680,12,15.789473684210529,0.7142857142857143
32.4,Animal 32_4DLC_resnet50_Freezing_07-2020Sep29shuffle1_100000filtered,ELS,"Sanguino-Gomez and Krugers, 2024",1,32,136,1680,0,0,0
32.4,Animal 32_4DLC_resnet50_Freezing_07-2020Sep29shuffle1_100000filtered,ELS,"Sanguino-Gomez and Krugers, 2024",1,33,3,1680,0,0,0
32.4,Animal 32_4DLC_resnet50_Freezing_07-2020Sep29shuffle1_100000filtered,ELS,"Sanguino-Gomez and Krugers, 2024",1,34,9,1680,0,0,0
32.4,Animal 32_4DLC_resnet50_Freezing_07-2020Sep29shuffle1_100000filtered,ELS,"Sanguino-Gomez and Krugers, 2024",1,35,28,1680,0,0,0
32.4,Animal 32_4DLC_resnet50_Freezing_07-2020Sep29shuffle1_100000filtered,ELS,"Sanguino-Gomez and Krugers, 2024",1,36,20,1680,4,20,0.23809523809523811
32.4,Animal 32_4DLC_resnet50_Freezing_07-2020Sep29shuffle1_100000filtered,ELS,"Sanguino-Gomez and Krugers, 2024",1,37,898,1680,22,2.4498886414253902,1.30952380952381
32.4,Animal 32_4DLC_resnet50_Freezing_07-2020Sep29shuffle1_100000filtered,ELS,"Sanguino-Gomez and Krugers, 2024",1,38,28,1680,11,39.285714285714278,0.65476190476190477
32.4,Animal 32_4DLC_resnet50_Freezing_07-2020Sep29shuffle1_100000filtered,ELS,"Sanguino-Gomez and Krugers, 2024",1,39,26,1680,2,7.6923076923076934,0.1190476190476191
32.4,Animal 32_4DLC_resnet50_Freezing_07-2020Sep29shuffle1_100000filtered,ELS,"Sanguino-Gomez and Krugers, 2024",1,44,7,1680,7,100,0.41666666666666669
32.4,Animal 32_4DLC_resnet50_Freezing_07-2020Sep29shuffle1_100000filtered,ELS,"Sanguino-Gomez and Krugers, 2024",1,47,4,1680,1,25,5.9523809523809527E-2
32.4,Animal 32_4DLC_resnet50_Freezing_07-2020Sep29shuffle1_100000filtered,ELS,"Sanguino-Gomez and Krugers, 2024",1,48,23,1680,9,39.130434782608702,0.5357142857142857
32.4,Animal 32_4DLC_resnet50_Freezing_07-2020Sep29shuffle1_100000filtered,ELS,"Sanguino-Gomez and Krugers, 2024",1,50,7,1680,2,28.571428571428569,0.1190476190476191
32.4,Animal 32_4DLC_resnet50_Freezing_07-2020Sep29shuffle1_100000filtered,ELS,"Sanguino-Gomez and Krugers, 2024",1,57,4,1680,0,0,0
32.4,Animal 32_4DLC_resnet50_Freezing_07-2020Sep29shuffle1_100000filtered,ELS,"Sanguino-Gomez and Krugers, 2024",1,59,5,1680,0,0,0
32.4,Animal 32_4DLC_resnet50_Freezing_07-2020Sep29shuffle1_100000filtered,ELS,"Sanguino-Gomez and Krugers, 2024",1,68,6,1680,6,100,0.35714285714285721
43.3,Animal_43_3DLC_resnet50_Freezing_07-2020Sep29shuffle1_100000filtered,ELS,"Sanguino-Gomez and Krugers, 2024",1,0,1342,1840,1113,82.935916542473919,60.489130434782609
43.3,Animal_43_3DLC_resnet50_Freezing_07-2020Sep29shuffle1_100000filtered,ELS,"Sanguino-Gomez and Krugers, 2024",1,1,1511,1840,118,7.809397749834547,6.4130434782608701
43.3,Animal_43_3DLC_resnet50_Freezing_07-2020Sep29shuffle1_100000filtered,ELS,"Sanguino-Gomez and Krugers, 2024",1,2,1703,1840,13,0.76335877862595414,0.70652173913043481
43.3,Animal_43_3DLC_resnet50_Freezing_07-2020Sep29shuffle1_100000filtered,ELS,"Sanguino-Gomez and Krugers, 2024",1,3,736,1840,26,3.5326086956521738,1.4130434782608701
43.3,Animal_43_3DLC_resnet50_Freezing_07-2020Sep29shuffle1_100000filtered,ELS,"Sanguino-Gomez and Krugers, 2024",1,4,431,1840,100,23.201856148491881,5.4347826086956523
43.3,Animal_43_3DLC_resnet50_Freezing_07-2020Sep29shuffle1_100000filtered,ELS,"Sanguino-Gomez and Krugers, 2024",1,5,946,1840,15,1.585623678646934,0.81521739130434778
43.3,Animal_43_3DLC_resnet50_Freezing_07-2020Sep29shuffle1_100000filtered,ELS,"Sanguino-Gomez and Krugers, 2024",1,6,228,1840,2,0.8771929824561403,0.108695652173913
43.3,Animal_43_3DLC_resnet50_Freezing_07-2020Sep29shuffle1_100000filtered,ELS,"Sanguino-Gomez and Krugers, 2024",1,7,341,1840,6,1.759530791788857,0.32608695652173908
43.3,Animal_43_3DLC_resnet50_Freezing_07-2020Sep29shuffle1_100000filtered,ELS,"Sanguino-Gomez and Krugers, 2024",1,8,59,1840,3,5.0847457627118651,0.1630434782608696
43.3,Animal_43_3DLC_resnet50_Freezing_07-2020Sep29shuffle1_100000filtered,ELS,"Sanguino-Gomez and Krugers, 2024",1,9,185,1840,6,3.243243243243243,0.32608695652173908
43.3,Animal_43_3DLC_resnet50_Freezing_07-2020Sep29shuffle1_100000filtered,ELS,"Sanguino-Gomez and Krugers, 2024",1,10,765,1840,8,1.0457516339869279,0.43478260869565222
43.3,Animal_43_3DLC_resnet50_Freezing_07-2020Sep29shuffle1_100000filtered,ELS,"Sanguino-Gomez and Krugers, 2024",1,11,174,1840,1,0.57471264367816088,5.434782608695652E-2
43.3,Animal_43_3DLC_resnet50_Freezing_07-2020Sep29shuffle1_100000filtered,ELS,"Sanguino-Gomez and Krugers, 2024",1,12,58,1840,0,0,0
43.3,Animal_43_3DLC_resnet50_Freezing_07-2020Sep29shuffle1_100000filtered,ELS,"Sanguino-Gomez and Krugers, 2024",1,13,91,1840,39,42.857142857142847,2.1195652173913042
43.3,Animal_43_3DLC_resnet50_Freezing_07-2020Sep29shuffle1_100000filtered,ELS,"Sanguino-Gomez and Krugers, 2024",1,14,309,1840,0,0,0
43.3,Animal_43_3DLC_resnet50_Freezing_07-2020Sep29shuffle1_100000filtered,ELS,"Sanguino-Gomez and Krugers, 2024",1,15,245,1840,2,0.81632653061224492,0.108695652173913
43.3,Animal_43_3DLC_resnet50_Freezing_07-2020Sep29shuffle1_100000filtered,ELS,"Sanguino-Gomez and Krugers, 2024",1,16,261,1840,0,0,0
43.3,Animal_43_3DLC_resnet50_Freezing_07-2020Sep29shuffle1_100000filtered,ELS,"Sanguino-Gomez and Krugers, 2024",1,17,294,1840,4,1.360544217687075,0.21739130434782611
43.3,Animal_43_3DLC_resnet50_Freezing_07-2020Sep29shuffle1_100000filtered,ELS,"Sanguino-Gomez and Krugers, 2024",1,18,86,1840,1,1.1627906976744189,5.434782608695652E-2
43.3,Animal_43_3DLC_resnet50_Freezing_07-2020Sep29shuffle1_100000filtered,ELS,"Sanguino-Gomez and Krugers, 2024",1,19,211,1840,2,0.94786729857819907,0.108695652173913
43.3,Animal_43_3DLC_resnet50_Freezing_07-2020Sep29shuffle1_100000filtered,ELS,"Sanguino-Gomez and Krugers, 2024",1,20,170,1840,31,18.235294117647062,1.6847826086956521
43.3,Animal_43_3DLC_resnet50_Freezing_07-2020Sep29shuffle1_100000filtered,ELS,"Sanguino-Gomez and Krugers, 2024",1,21,52,1840,0,0,0
43.3,Animal_43_3DLC_resnet50_Freezing_07-2020Sep29shuffle1_100000filtered,ELS,"Sanguino-Gomez and Krugers, 2024",1,22,82,1840,15,18.292682926829269,0.81521739130434778
43.3,Animal_43_3DLC_resnet50_Freezing_07-2020Sep29shuffle1_100000filtered,ELS,"Sanguino-Gomez and Krugers, 2024",1,23,21,1840,0,0,0
43.3,Animal_43_3DLC_resnet50_Freezing_07-2020Sep29shuffle1_100000filtered,ELS,"Sanguino-Gomez and Krugers, 2024",1,24,5,1840,0,0,0
43.3,Animal_43_3DLC_resnet50_Freezing_07-2020Sep29shuffle1_100000filtered,ELS,"Sanguino-Gomez and Krugers, 2024",1,25,152,1840,0,0,0
43.3,Animal_43_3DLC_resnet50_Freezing_07-2020Sep29shuffle1_100000filtered,ELS,"Sanguino-Gomez and Krugers, 2024",1,27,15,1840,0,0,0
43.3,Animal_43_3DLC_resnet50_Freezing_07-2020Sep29shuffle1_100000filtered,ELS,"Sanguino-Gomez and Krugers, 2024",1,28,359,1840,322,89.693593314763234,17.5
43.3,Animal_43_3DLC_resnet50_Freezing_07-2020Sep29shuffle1_100000filtered,ELS,"Sanguino-Gomez and Krugers, 2024",1,29,40,1840,1,2.5,5.434782608695652E-2
43.3,Animal_43_3DLC_resnet50_Freezing_07-2020Sep29shuffle1_100000filtered,ELS,"Sanguino-Gomez and Krugers, 2024",1,30,16,1840,0,0,0
43.3,Animal_43_3DLC_resnet50_Freezing_07-2020Sep29shuffle1_100000filtered,ELS,"Sanguino-Gomez and Krugers, 2024",1,31,4,1840,1,25,5.434782608695652E-2
43.3,Animal_43_3DLC_resnet50_Freezing_07-2020Sep29shuffle1_100000filtered,ELS,"Sanguino-Gomez and Krugers, 2024",1,32,76,1840,6,7.8947368421052628,0.32608695652173908
43.3,Animal_43_3DLC_resnet50_Freezing_07-2020Sep29shuffle1_100000filtered,ELS,"Sanguino-Gomez and Krugers, 2024",1,33,24,1840,3,12.5,0.1630434782608696
43.3,Animal_43_3DLC_resnet50_Freezing_07-2020Sep29shuffle1_100000filtered,ELS,"Sanguino-Gomez and Krugers, 2024",1,34,55,1840,2,3.6363636363636358,0.108695652173913
43.3,Animal_43_3DLC_resnet50_Freezing_07-2020Sep29shuffle1_100000filtered,ELS,"Sanguino-Gomez and Krugers, 2024",1,35,31,1840,0,0,0
43.3,Animal_43_3DLC_resnet50_Freezing_07-2020Sep29shuffle1_100000filtered,ELS,"Sanguino-Gomez and Krugers, 2024",1,36,9,1840,0,0,0
43.3,Animal_43_3DLC_resnet50_Freezing_07-2020Sep29shuffle1_100000filtered,ELS,"Sanguino-Gomez and Krugers, 2024",1,37,107,1840,0,0,0
43.3,Animal_43_3DLC_resnet50_Freezing_07-2020Sep29shuffle1_100000filtered,ELS,"Sanguino-Gomez and Krugers, 2024",1,39,9,1840,0,0,0
43.3,Animal_43_3DLC_resnet50_Freezing_07-2020Sep29shuffle1_100000filtered,ELS,"Sanguino-Gomez and Krugers, 2024",1,41,11,1840,0,0,0
43.3,Animal_43_3DLC_resnet50_Freezing_07-2020Sep29shuffle1_100000filtered,ELS,"Sanguino-Gomez and Krugers, 2024",1,43,20,1840,0,0,0
43.3,Animal_43_3DLC_resnet50_Freezing_07-2020Sep29shuffle1_100000filtered,ELS,"Sanguino-Gomez and Krugers, 2024",1,47,6,1840,0,0,0
43.3,Animal_43_3DLC_resnet50_Freezing_07-2020Sep29shuffle1_100000filtered,ELS,"Sanguino-Gomez and Krugers, 2024",1,51,4,1840,0,0,0
43.3,Animal_43_3DLC_resnet50_Freezing_07-2020Sep29shuffle1_100000filtered,ELS,"Sanguino-Gomez and Krugers, 2024",1,71,6,1840,0,0,0
43.5,Animal_43_5DLC_resnet50_Freezing_07-2020Sep29shuffle1_100000filtered,ELS,"Sanguino-Gomez and Krugers, 2024",1,0,1865,1818,1521,81.554959785522783,83.663366336633658
43.5,Animal_43_5DLC_resnet50_Freezing_07-2020Sep29shuffle1_100000filtered,ELS,"Sanguino-Gomez and Krugers, 2024",1,1,1863,1818,102,5.4750402576489536,5.6105610561056114
43.5,Animal_43_5DLC_resnet50_Freezing_07-2020Sep29shuffle1_100000filtered,ELS,"Sanguino-Gomez and Krugers, 2024",1,2,2392,1818,4,0.1672240802675585,0.22002200220022
43.5,Animal_43_5DLC_resnet50_Freezing_07-2020Sep29shuffle1_100000filtered,ELS,"Sanguino-Gomez and Krugers, 2024",1,3,1473,1818,45,3.0549898167006111,2.4752475247524748
43.5,Animal_43_5DLC_resnet50_Freezing_07-2020Sep29shuffle1_100000filtered,ELS,"Sanguino-Gomez and Krugers, 2024",1,4,98,1818,26,26.530612244897959,1.43014301430143
43.5,Animal_43_5DLC_resnet50_Freezing_07-2020Sep29shuffle1_100000filtered,ELS,"Sanguino-Gomez and Krugers, 2024",1,5,679,1818,6,0.88365243004418259,0.33003300330032997
43.5,Animal_43_5DLC_resnet50_Freezing_07-2020Sep29shuffle1_100000filtered,ELS,"Sanguino-Gomez and Krugers, 2024",1,6,265,1818,16,6.0377358490566042,0.88008800880088001
43.5,Animal_43_5DLC_resnet50_Freezing_07-2020Sep29shuffle1_100000filtered,ELS,"Sanguino-Gomez and Krugers, 2024",1,7,157,1818,0,0,0
43.5,Animal_43_5DLC_resnet50_Freezing_07-2020Sep29shuffle1_100000filtered,ELS,"Sanguino-Gomez and Krugers, 2024",1,8,18,1818,1,5.5555555555555554,5.5005500550055E-2
43.5,Animal_43_5DLC_resnet50_Freezing_07-2020Sep29shuffle1_100000filtered,ELS,"Sanguino-Gomez and Krugers, 2024",1,9,96,1818,0,0,0
43.5,Animal_43_5DLC_resnet50_Freezing_07-2020Sep29shuffle1_100000filtered,ELS,"Sanguino-Gomez and Krugers, 2024",1,10,372,1818,11,2.956989247311828,0.60506050605060502
43.5,Animal_43_5DLC_resnet50_Freezing_07-2020Sep29shuffle1_100000filtered,ELS,"Sanguino-Gomez and Krugers, 2024",1,11,243,1818,2,0.82304526748971196,0.11001100110011
43.5,Animal_43_5DLC_resnet50_Freezing_07-2020Sep29shuffle1_100000filtered,ELS,"Sanguino-Gomez and Krugers, 2024",1,12,149,1818,0,0,0
43.5,Animal_43_5DLC_resnet50_Freezing_07-2020Sep29shuffle1_100000filtered,ELS,"Sanguino-Gomez and Krugers, 2024",1,13,254,1818,47,18.503937007874011,2.5852585258525851
43.5,Animal_43_5DLC_resnet50_Freezing_07-2020Sep29shuffle1_100000filtered,ELS,"Sanguino-Gomez and Krugers, 2024",1,14,184,1818,0,0,0
43.5,Animal_43_5DLC_resnet50_Freezing_07-2020Sep29shuffle1_100000filtered,ELS,"Sanguino-Gomez and Krugers, 2024",1,15,40,1818,1,2.5,5.5005500550055E-2
43.5,Animal_43_5DLC_resnet50_Freezing_07-2020Sep29shuffle1_100000filtered,ELS,"Sanguino-Gomez and Krugers, 2024",1,16,118,1818,0,0,0
43.5,Animal_43_5DLC_resnet50_Freezing_07-2020Sep29shuffle1_100000filtered,ELS,"Sanguino-Gomez and Krugers, 2024",1,17,65,1818,1,1.538461538461539,5.5005500550055E-2
43.5,Animal_43_5DLC_resnet50_Freezing_07-2020Sep29shuffle1_100000filtered,ELS,"Sanguino-Gomez and Krugers, 2024",1,18,72,1818,1,1.3888888888888891,5.5005500550055E-2
43.5,Animal_43_5DLC_resnet50_Freezing_07-2020Sep29shuffle1_100000filtered,ELS,"Sanguino-Gomez and Krugers, 2024",1,19,30,1818,0,0,0
43.5,Animal_43_5DLC_resnet50_Freezing_07-2020Sep29shuffle1_100000filtered,ELS,"Sanguino-Gomez and Krugers, 2024",1,20,68,1818,9,13.23529411764706,0.49504950495049499
43.5,Animal_43_5DLC_resnet50_Freezing_07-2020Sep29shuffle1_100000filtered,ELS,"Sanguino-Gomez and Krugers, 2024",1,21,26,1818,2,7.6923076923076934,0.11001100110011
43.5,Animal_43_5DLC_resnet50_Freezing_07-2020Sep29shuffle1_100000filtered,ELS,"Sanguino-Gomez and Krugers, 2024",1,22,55,1818,0,0,0
43.5,Animal_43_5DLC_resnet50_Freezing_07-2020Sep29shuffle1_100000filtered,ELS,"Sanguino-Gomez and Krugers, 2024",1,23,21,1818,0,0,0
43.5,Animal_43_5DLC_resnet50_Freezing_07-2020Sep29shuffle1_100000filtered,ELS,"Sanguino-Gomez and Krugers, 2024",1,25,272,1818,0,0,0
43.5,Animal_43_5DLC_resnet50_Freezing_07-2020Sep29shuffle1_100000filtered,ELS,"Sanguino-Gomez and Krugers, 2024",1,27,64,1818,0,0,0
43.5,Animal_43_5DLC_resnet50_Freezing_07-2020Sep29shuffle1_100000filtered,ELS,"Sanguino-Gomez and Krugers, 2024",1,29,3,1818,0,0,0
43.5,Animal_43_5DLC_resnet50_Freezing_07-2020Sep29shuffle1_100000filtered,ELS,"Sanguino-Gomez and Krugers, 2024",1,30,14,1818,0,0,0
43.5,Animal_43_5DLC_resnet50_Freezing_07-2020Sep29shuffle1_100000filtered,ELS,"Sanguino-Gomez and Krugers, 2024",1,31,19,1818,1,5.2631578947368416,5.5005500550055E-2
43.5,Animal_43_5DLC_resnet50_Freezing_07-2020Sep29shuffle1_100000filtered,ELS,"Sanguino-Gomez and Krugers, 2024",1,32,23,1818,0,0,0
43.5,Animal_43_5DLC_resnet50_Freezing_07-2020Sep29shuffle1_100000filtered,ELS,"Sanguino-Gomez and Krugers, 2024",1,33,6,1818,1,16.666666666666661,5.5005500550055E-2
43.5,Animal_43_5DLC_resnet50_Freezing_07-2020Sep29shuffle1_100000filtered,ELS,"Sanguino-Gomez and Krugers, 2024",1,34,43,1818,4,9.3023255813953494,0.22002200220022
43.5,Animal_43_5DLC_resnet50_Freezing_07-2020Sep29shuffle1_100000filtered,ELS,"Sanguino-Gomez and Krugers, 2024",1,35,5,1818,5,100,0.27502750275027499
43.5,Animal_43_5DLC_resnet50_Freezing_07-2020Sep29shuffle1_100000filtered,ELS,"Sanguino-Gomez and Krugers, 2024",1,36,3,1818,0,0,0
43.5,Animal_43_5DLC_resnet50_Freezing_07-2020Sep29shuffle1_100000filtered,ELS,"Sanguino-Gomez and Krugers, 2024",1,37,154,1818,12,7.7922077922077921,0.66006600660066006
43.5,Animal_43_5DLC_resnet50_Freezing_07-2020Sep29shuffle1_100000filtered,ELS,"Sanguino-Gomez and Krugers, 2024",1,41,10,1818,0,0,0
43.5,Animal_43_5DLC_resnet50_Freezing_07-2020Sep29shuffle1_100000filtered,ELS,"Sanguino-Gomez and Krugers, 2024",1,42,9,1818,0,0,0
43.5,Animal_43_5DLC_resnet50_Freezing_07-2020Sep29shuffle1_100000filtered,ELS,"Sanguino-Gomez and Krugers, 2024",1,46,17,1818,0,0,0
43.5,Animal_43_5DLC_resnet50_Freezing_07-2020Sep29shuffle1_100000filtered,ELS,"Sanguino-Gomez and Krugers, 2024",1,66,5,1818,0,0,0
49.5,Animal_49_5DLC_resnet50_Freezing_07-2020Sep29shuffle1_100000filtered,ELS,"Sanguino-Gomez and Krugers, 2024",1,0,711,1053,576,81.012658227848107,54.700854700854713
49.5,Animal_49_5DLC_resnet50_Freezing_07-2020Sep29shuffle1_100000filtered,ELS,"Sanguino-Gomez and Krugers, 2024",1,1,2584,1053,170,6.5789473684210522,16.144349477682809
49.5,Animal_49_5DLC_resnet50_Freezing_07-2020Sep29shuffle1_100000filtered,ELS,"Sanguino-Gomez and Krugers, 2024",1,2,1698,1053,10,0.58892815076560656,0.94966761633428298
49.5,Animal_49_5DLC_resnet50_Freezing_07-2020Sep29shuffle1_100000filtered,ELS,"Sanguino-Gomez and Krugers, 2024",1,3,904,1053,21,2.3230088495575218,1.994301994301994
49.5,Animal_49_5DLC_resnet50_Freezing_07-2020Sep29shuffle1_100000filtered,ELS,"Sanguino-Gomez and Krugers, 2024",1,4,476,1053,46,9.6638655462184886,4.3684710351377021
49.5,Animal_49_5DLC_resnet50_Freezing_07-2020Sep29shuffle1_100000filtered,ELS,"Sanguino-Gomez and Krugers, 2024",1,5,652,1053,1,0.15337423312883439,9.4966761633428307E-2
49.5,Animal_49_5DLC_resnet50_Freezing_07-2020Sep29shuffle1_100000filtered,ELS,"Sanguino-Gomez and Krugers, 2024",1,6,552,1053,10,1.811594202898551,0.94966761633428298
49.5,Animal_49_5DLC_resnet50_Freezing_07-2020Sep29shuffle1_100000filtered,ELS,"Sanguino-Gomez and Krugers, 2024",1,7,271,1053,4,1.476014760147601,0.37986704653371323
49.5,Animal_49_5DLC_resnet50_Freezing_07-2020Sep29shuffle1_100000filtered,ELS,"Sanguino-Gomez and Krugers, 2024",1,8,52,1053,0,0,0
49.5,Animal_49_5DLC_resnet50_Freezing_07-2020Sep29shuffle1_100000filtered,ELS,"Sanguino-Gomez and Krugers, 2024",1,9,71,1053,0,0,0
49.5,Animal_49_5DLC_resnet50_Freezing_07-2020Sep29shuffle1_100000filtered,ELS,"Sanguino-Gomez and Krugers, 2024",1,10,123,1053,0,0,0
49.5,Animal_49_5DLC_resnet50_Freezing_07-2020Sep29shuffle1_100000filtered,ELS,"Sanguino-Gomez and Krugers, 2024",1,11,144,1053,7,4.8611111111111116,0.66476733143399813
49.5,Animal_49_5DLC_resnet50_Freezing_07-2020Sep29shuffle1_100000filtered,ELS,"Sanguino-Gomez and Krugers, 2024",1,12,138,1053,0,0,0
49.5,Animal_49_5DLC_resnet50_Freezing_07-2020Sep29shuffle1_100000filtered,ELS,"Sanguino-Gomez and Krugers, 2024",1,13,220,1053,58,26.36363636363636,5.5080721747388406
49.5,Animal_49_5DLC_resnet50_Freezing_07-2020Sep29shuffle1_100000filtered,ELS,"Sanguino-Gomez and Krugers, 2024",1,14,286,1053,0,0,0
49.5,Animal_49_5DLC_resnet50_Freezing_07-2020Sep29shuffle1_100000filtered,ELS,"Sanguino-Gomez and Krugers, 2024",1,15,99,1053,0,0,0
49.5,Animal_49_5DLC_resnet50_Freezing_07-2020Sep29shuffle1_100000filtered,ELS,"Sanguino-Gomez and Krugers, 2024",1,16,122,1053,0,0,0
49.5,Animal_49_5DLC_resnet50_Freezing_07-2020Sep29shuffle1_100000filtered,ELS,"Sanguino-Gomez and Krugers, 2024",1,17,53,1053,0,0,0
49.5,Animal_49_5DLC_resnet50_Freezing_07-2020Sep29shuffle1_100000filtered,ELS,"Sanguino-Gomez and Krugers, 2024",1,19,83,1053,0,0,0
49.5,Animal_49_5DLC_resnet50_Freezing_07-2020Sep29shuffle1_100000filtered,ELS,"Sanguino-Gomez and Krugers, 2024",1,20,367,1053,45,12.26158038147139,4.2735042735042734
49.5,Animal_49_5DLC_resnet50_Freezing_07-2020Sep29shuffle1_100000filtered,ELS,"Sanguino-Gomez and Krugers, 2024",1,21,79,1053,0,0,0
49.5,Animal_49_5DLC_resnet50_Freezing_07-2020Sep29shuffle1_100000filtered,ELS,"Sanguino-Gomez and Krugers, 2024",1,22,109,1053,31,28.440366972477069,2.943969610636278
49.5,Animal_49_5DLC_resnet50_Freezing_07-2020Sep29shuffle1_100000filtered,ELS,"Sanguino-Gomez and Krugers, 2024",1,23,16,1053,0,0,0
49.5,Animal_49_5DLC_resnet50_Freezing_07-2020Sep29shuffle1_100000filtered,ELS,"Sanguino-Gomez and Krugers, 2024",1,24,8,1053,0,0,0
49.5,Animal_49_5DLC_resnet50_Freezing_07-2020Sep29shuffle1_100000filtered,ELS,"Sanguino-Gomez and Krugers, 2024",1,25,145,1053,1,0.68965517241379315,9.4966761633428307E-2
49.5,Animal_49_5DLC_resnet50_Freezing_07-2020Sep29shuffle1_100000filtered,ELS,"Sanguino-Gomez and Krugers, 2024",1,27,253,1053,1,0.39525691699604742,9.4966761633428307E-2
49.5,Animal_49_5DLC_resnet50_Freezing_07-2020Sep29shuffle1_100000filtered,ELS,"Sanguino-Gomez and Krugers, 2024",1,28,70,1053,59,84.285714285714292,5.6030389363722701
49.5,Animal_49_5DLC_resnet50_Freezing_07-2020Sep29shuffle1_100000filtered,ELS,"Sanguino-Gomez and Krugers, 2024",1,29,19,1053,0,0,0
49.5,Animal_49_5DLC_resnet50_Freezing_07-2020Sep29shuffle1_100000filtered,ELS,"Sanguino-Gomez and Krugers, 2024",1,30,29,1053,0,0,0
49.5,Animal_49_5DLC_resnet50_Freezing_07-2020Sep29shuffle1_100000filtered,ELS,"Sanguino-Gomez and Krugers, 2024",1,31,2,1053,0,0,0
49.5,Animal_49_5DLC_resnet50_Freezing_07-2020Sep29shuffle1_100000filtered,ELS,"Sanguino-Gomez and Krugers, 2024",1,32,317,1053,7,2.20820189274448,0.66476733143399813
49.5,Animal_49_5DLC_resnet50_Freezing_07-2020Sep29shuffle1_100000filtered,ELS,"Sanguino-Gomez and Krugers, 2024",1,33,22,1053,2,9.0909090909090917,0.18993352326685661
49.5,Animal_49_5DLC_resnet50_Freezing_07-2020Sep29shuffle1_100000filtered,ELS,"Sanguino-Gomez and Krugers, 2024",1,34,26,1053,0,0,0
49.5,Animal_49_5DLC_resnet50_Freezing_07-2020Sep29shuffle1_100000filtered,ELS,"Sanguino-Gomez and Krugers, 2024",1,35,19,1053,0,0,0
49.5,Animal_49_5DLC_resnet50_Freezing_07-2020Sep29shuffle1_100000filtered,ELS,"Sanguino-Gomez and Krugers, 2024",1,36,12,1053,0,0,0
49.5,Animal_49_5DLC_resnet50_Freezing_07-2020Sep29shuffle1_100000filtered,ELS,"Sanguino-Gomez and Krugers, 2024",1,37,433,1053,4,0.92378752886836024,0.37986704653371323
49.5,Animal_49_5DLC_resnet50_Freezing_07-2020Sep29shuffle1_100000filtered,ELS,"Sanguino-Gomez and Krugers, 2024",1,38,41,1053,0,0,0
49.5,Animal_49_5DLC_resnet50_Freezing_07-2020Sep29shuffle1_100000filtered,ELS,"Sanguino-Gomez and Krugers, 2024",1,39,14,1053,0,0,0
49.5,Animal_49_5DLC_resnet50_Freezing_07-2020Sep29shuffle1_100000filtered,ELS,"Sanguino-Gomez and Krugers, 2024",1,41,3,1053,0,0,0
49.5,Animal_49_5DLC_resnet50_Freezing_07-2020Sep29shuffle1_100000filtered,ELS,"Sanguino-Gomez and Krugers, 2024",1,59,3,1053,0,0,0
49.5,Animal_49_5DLC_resnet50_Freezing_07-2020Sep29shuffle1_100000filtered,ELS,"Sanguino-Gomez and Krugers, 2024",1,68,10,1053,0,0,0
49.5,Animal_49_5DLC_resnet50_Freezing_07-2020Sep29shuffle1_100000filtered,ELS,"Sanguino-Gomez and Krugers, 2024",1,78,8,1053,0,0,0
49.5,Animal_49_5DLC_resnet50_Freezing_07-2020Sep29shuffle1_100000filtered,ELS,"Sanguino-Gomez and Krugers, 2024",1,79,4,1053,0,0,0
49.5,Animal_49_5DLC_resnet50_Freezing_07-2020Sep29shuffle1_100000filtered,ELS,"Sanguino-Gomez and Krugers, 2024",1,83,2,1053,0,0,0
49.6,Animal_49_6DLC_resnet50_Freezing_07-2020Sep29shuffle1_100000filtered,ELS,"Sanguino-Gomez and Krugers, 2024",1,0,3678,4264,3237,88.009787928221854,75.91463414634147
49.6,Animal_49_6DLC_resnet50_Freezing_07-2020Sep29shuffle1_100000filtered,ELS,"Sanguino-Gomez and Krugers, 2024",1,1,1586,4264,172,10.844892812105931,4.0337711069418383
49.6,Animal_49_6DLC_resnet50_Freezing_07-2020Sep29shuffle1_100000filtered,ELS,"Sanguino-Gomez and Krugers, 2024",1,2,1031,4264,8,0.77594568380213391,0.18761726078799251
49.6,Animal_49_6DLC_resnet50_Freezing_07-2020Sep29shuffle1_100000filtered,ELS,"Sanguino-Gomez and Krugers, 2024",1,3,1437,4264,50,3.4794711203897011,1.1726078799249531
49.6,Animal_49_6DLC_resnet50_Freezing_07-2020Sep29shuffle1_100000filtered,ELS,"Sanguino-Gomez and Krugers, 2024",1,4,97,4264,23,23.711340206185561,0.53939962476547842
49.6,Animal_49_6DLC_resnet50_Freezing_07-2020Sep29shuffle1_100000filtered,ELS,"Sanguino-Gomez and Krugers, 2024",1,5,617,4264,31,5.0243111831442464,0.72701688555347099
49.6,Animal_49_6DLC_resnet50_Freezing_07-2020Sep29shuffle1_100000filtered,ELS,"Sanguino-Gomez and Krugers, 2024",1,6,271,4264,11,4.0590405904059041,0.25797373358348968
49.6,Animal_49_6DLC_resnet50_Freezing_07-2020Sep29shuffle1_100000filtered,ELS,"Sanguino-Gomez and Krugers, 2024",1,7,129,4264,8,6.2015503875968996,0.18761726078799251
49.6,Animal_49_6DLC_resnet50_Freezing_07-2020Sep29shuffle1_100000filtered,ELS,"Sanguino-Gomez and Krugers, 2024",1,8,24,4264,3,12.5,7.0356472795497185E-2
49.6,Animal_49_6DLC_resnet50_Freezing_07-2020Sep29shuffle1_100000filtered,ELS,"Sanguino-Gomez and Krugers, 2024",1,9,33,4264,2,6.0606060606060614,4.6904315196998121E-2
49.6,Animal_49_6DLC_resnet50_Freezing_07-2020Sep29shuffle1_100000filtered,ELS,"Sanguino-Gomez and Krugers, 2024",1,10,175,4264,9,5.1428571428571423,0.2110694183864916
49.6,Animal_49_6DLC_resnet50_Freezing_07-2020Sep29shuffle1_100000filtered,ELS,"Sanguino-Gomez and Krugers, 2024",1,11,74,4264,7,9.4594594594594597,0.16416510318949351
49.6,Animal_49_6DLC_resnet50_Freezing_07-2020Sep29shuffle1_100000filtered,ELS,"Sanguino-Gomez and Krugers, 2024",1,12,66,4264,0,0,0
49.6,Animal_49_6DLC_resnet50_Freezing_07-2020Sep29shuffle1_100000filtered,ELS,"Sanguino-Gomez and Krugers, 2024",1,13,75,4264,1,1.333333333333333,2.3452157598499061E-2
49.6,Animal_49_6DLC_resnet50_Freezing_07-2020Sep29shuffle1_100000filtered,ELS,"Sanguino-Gomez and Krugers, 2024",1,14,118,4264,0,0,0
49.6,Animal_49_6DLC_resnet50_Freezing_07-2020Sep29shuffle1_100000filtered,ELS,"Sanguino-Gomez and Krugers, 2024",1,15,108,4264,0,0,0
49.6,Animal_49_6DLC_resnet50_Freezing_07-2020Sep29shuffle1_100000filtered,ELS,"Sanguino-Gomez and Krugers, 2024",1,16,18,4264,0,0,0
49.6,Animal_49_6DLC_resnet50_Freezing_07-2020Sep29shuffle1_100000filtered,ELS,"Sanguino-Gomez and Krugers, 2024",1,17,153,4264,0,0,0
49.6,Animal_49_6DLC_resnet50_Freezing_07-2020Sep29shuffle1_100000filtered,ELS,"Sanguino-Gomez and Krugers, 2024",1,18,5,4264,0,0,0
49.6,Animal_49_6DLC_resnet50_Freezing_07-2020Sep29shuffle1_100000filtered,ELS,"Sanguino-Gomez and Krugers, 2024",1,19,44,4264,0,0,0
49.6,Animal_49_6DLC_resnet50_Freezing_07-2020Sep29shuffle1_100000filtered,ELS,"Sanguino-Gomez and Krugers, 2024",1,20,353,4264,106,30.028328611898019,2.4859287054409012
49.6,Animal_49_6DLC_resnet50_Freezing_07-2020Sep29shuffle1_100000filtered,ELS,"Sanguino-Gomez and Krugers, 2024",1,21,30,4264,0,0,0
49.6,Animal_49_6DLC_resnet50_Freezing_07-2020Sep29shuffle1_100000filtered,ELS,"Sanguino-Gomez and Krugers, 2024",1,22,99,4264,7,7.0707070707070701,0.16416510318949351
49.6,Animal_49_6DLC_resnet50_Freezing_07-2020Sep29shuffle1_100000filtered,ELS,"Sanguino-Gomez and Krugers, 2024",1,23,40,4264,0,0,0
49.6,Animal_49_6DLC_resnet50_Freezing_07-2020Sep29shuffle1_100000filtered,ELS,"Sanguino-Gomez and Krugers, 2024",1,24,4,4264,1,25,2.3452157598499061E-2
49.6,Animal_49_6DLC_resnet50_Freezing_07-2020Sep29shuffle1_100000filtered,ELS,"Sanguino-Gomez and Krugers, 2024",1,25,22,4264,0,0,0
49.6,Animal_49_6DLC_resnet50_Freezing_07-2020Sep29shuffle1_100000filtered,ELS,"Sanguino-Gomez and Krugers, 2024",1,27,61,4264,0,0,0
49.6,Animal_49_6DLC_resnet50_Freezing_07-2020Sep29shuffle1_100000filtered,ELS,"Sanguino-Gomez and Krugers, 2024",1,28,592,4264,557,94.087837837837839,13.06285178236398
49.6,Animal_49_6DLC_resnet50_Freezing_07-2020Sep29shuffle1_100000filtered,ELS,"Sanguino-Gomez and Krugers, 2024",1,29,5,4264,0,0,0
49.6,Animal_49_6DLC_resnet50_Freezing_07-2020Sep29shuffle1_100000filtered,ELS,"Sanguino-Gomez and Krugers, 2024",1,30,12,4264,0,0,0
49.6,Animal_49_6DLC_resnet50_Freezing_07-2020Sep29shuffle1_100000filtered,ELS,"Sanguino-Gomez and Krugers, 2024",1,31,10,4264,0,0,0
49.6,Animal_49_6DLC_resnet50_Freezing_07-2020Sep29shuffle1_100000filtered,ELS,"Sanguino-Gomez and Krugers, 2024",1,32,67,4264,0,0,0
49.6,Animal_49_6DLC_resnet50_Freezing_07-2020Sep29shuffle1_100000filtered,ELS,"Sanguino-Gomez and Krugers, 2024",1,33,10,4264,0,0,0
49.6,Animal_49_6DLC_resnet50_Freezing_07-2020Sep29shuffle1_100000filtered,ELS,"Sanguino-Gomez and Krugers, 2024",1,34,37,4264,0,0,0
49.6,Animal_49_6DLC_resnet50_Freezing_07-2020Sep29shuffle1_100000filtered,ELS,"Sanguino-Gomez and Krugers, 2024",1,35,9,4264,0,0,0
49.6,Animal_49_6DLC_resnet50_Freezing_07-2020Sep29shuffle1_100000filtered,ELS,"Sanguino-Gomez and Krugers, 2024",1,37,54,4264,0,0,0
49.6,Animal_49_6DLC_resnet50_Freezing_07-2020Sep29shuffle1_100000filtered,ELS,"Sanguino-Gomez and Krugers, 2024",1,40,55,4264,30,54.54545454545454,0.70356472795497182
49.6,Animal_49_6DLC_resnet50_Freezing_07-2020Sep29shuffle1_100000filtered,ELS,"Sanguino-Gomez and Krugers, 2024",1,41,12,4264,0,0,0
49.6,Animal_49_6DLC_resnet50_Freezing_07-2020Sep29shuffle1_100000filtered,ELS,"Sanguino-Gomez and Krugers, 2024",1,49,5,4264,0,0,0
49.6,Animal_49_6DLC_resnet50_Freezing_07-2020Sep29shuffle1_100000filtered,ELS,"Sanguino-Gomez and Krugers, 2024",1,65,27,4264,1,3.7037037037037028,2.3452157598499061E-2
49.6,Animal_49_6DLC_resnet50_Freezing_07-2020Sep29shuffle1_100000filtered,ELS,"Sanguino-Gomez and Krugers, 2024",1,74,7,4264,0,0,0
55.3,Animal_55_3DLC_resnet50_Freezing_07-2020Sep29shuffle1_100000filtered,ELS,"Sanguino-Gomez and Krugers, 2024",1,0,1389,1992,1124,80.921526277897769,56.425702811244982
55.3,Animal_55_3DLC_resnet50_Freezing_07-2020Sep29shuffle1_100000filtered,ELS,"Sanguino-Gomez and Krugers, 2024",1,1,1888,1992,195,10.32838983050847,9.7891566265060241
55.3,Animal_55_3DLC_resnet50_Freezing_07-2020Sep29shuffle1_100000filtered,ELS,"Sanguino-Gomez and Krugers, 2024",1,2,1304,1992,11,0.84355828220858897,0.55220883534136544
55.3,Animal_55_3DLC_resnet50_Freezing_07-2020Sep29shuffle1_100000filtered,ELS,"Sanguino-Gomez and Krugers, 2024",1,3,960,1992,53,5.520833333333333,2.6606425702811252
55.3,Animal_55_3DLC_resnet50_Freezing_07-2020Sep29shuffle1_100000filtered,ELS,"Sanguino-Gomez and Krugers, 2024",1,4,640,1992,136,21.25,6.8273092369477917
55.3,Animal_55_3DLC_resnet50_Freezing_07-2020Sep29shuffle1_100000filtered,ELS,"Sanguino-Gomez and Krugers, 2024",1,5,929,1992,25,2.6910656620021531,1.255020080321285
55.3,Animal_55_3DLC_resnet50_Freezing_07-2020Sep29shuffle1_100000filtered,ELS,"Sanguino-Gomez and Krugers, 2024",1,6,91,1992,5,5.4945054945054954,0.25100401606425699
55.3,Animal_55_3DLC_resnet50_Freezing_07-2020Sep29shuffle1_100000filtered,ELS,"Sanguino-Gomez and Krugers, 2024",1,7,299,1992,4,1.337792642140468,0.20080321285140559
55.3,Animal_55_3DLC_resnet50_Freezing_07-2020Sep29shuffle1_100000filtered,ELS,"Sanguino-Gomez and Krugers, 2024",1,8,66,1992,15,22.72727272727273,0.75301204819277112
55.3,Animal_55_3DLC_resnet50_Freezing_07-2020Sep29shuffle1_100000filtered,ELS,"Sanguino-Gomez and Krugers, 2024",1,9,169,1992,1,0.59171597633136097,5.0200803212851398E-2
55.3,Animal_55_3DLC_resnet50_Freezing_07-2020Sep29shuffle1_100000filtered,ELS,"Sanguino-Gomez and Krugers, 2024",1,10,265,1992,6,2.2641509433962259,0.30120481927710852
55.3,Animal_55_3DLC_resnet50_Freezing_07-2020Sep29shuffle1_100000filtered,ELS,"Sanguino-Gomez and Krugers, 2024",1,11,204,1992,0,0,0
55.3,Animal_55_3DLC_resnet50_Freezing_07-2020Sep29shuffle1_100000filtered,ELS,"Sanguino-Gomez and Krugers, 2024",1,12,314,1992,2,0.63694267515923575,0.1004016064257028
55.3,Animal_55_3DLC_resnet50_Freezing_07-2020Sep29shuffle1_100000filtered,ELS,"Sanguino-Gomez and Krugers, 2024",1,13,92,1992,24,26.086956521739129,1.2048192771084341
55.3,Animal_55_3DLC_resnet50_Freezing_07-2020Sep29shuffle1_100000filtered,ELS,"Sanguino-Gomez and Krugers, 2024",1,14,418,1992,1,0.23923444976076549,5.0200803212851398E-2
55.3,Animal_55_3DLC_resnet50_Freezing_07-2020Sep29shuffle1_100000filtered,ELS,"Sanguino-Gomez and Krugers, 2024",1,15,362,1992,10,2.7624309392265189,0.50200803212851408
55.3,Animal_55_3DLC_resnet50_Freezing_07-2020Sep29shuffle1_100000filtered,ELS,"Sanguino-Gomez and Krugers, 2024",1,16,146,1992,0,0,0
55.3,Animal_55_3DLC_resnet50_Freezing_07-2020Sep29shuffle1_100000filtered,ELS,"Sanguino-Gomez and Krugers, 2024",1,17,199,1992,0,0,0
55.3,Animal_55_3DLC_resnet50_Freezing_07-2020Sep29shuffle1_100000filtered,ELS,"Sanguino-Gomez and Krugers, 2024",1,19,118,1992,0,0,0
55.3,Animal_55_3DLC_resnet50_Freezing_07-2020Sep29shuffle1_100000filtered,ELS,"Sanguino-Gomez and Krugers, 2024",1,20,121,1992,17,14.049586776859501,0.85341365461847396
55.3,Animal_55_3DLC_resnet50_Freezing_07-2020Sep29shuffle1_100000filtered,ELS,"Sanguino-Gomez and Krugers, 2024",1,21,59,1992,0,0,0
55.3,Animal_55_3DLC_resnet50_Freezing_07-2020Sep29shuffle1_100000filtered,ELS,"Sanguino-Gomez and Krugers, 2024",1,22,115,1992,1,0.86956521739130432,5.0200803212851398E-2
55.3,Animal_55_3DLC_resnet50_Freezing_07-2020Sep29shuffle1_100000filtered,ELS,"Sanguino-Gomez and Krugers, 2024",1,23,39,1992,1,2.5641025641025639,5.0200803212851398E-2
55.3,Animal_55_3DLC_resnet50_Freezing_07-2020Sep29shuffle1_100000filtered,ELS,"Sanguino-Gomez and Krugers, 2024",1,24,4,1992,0,0,0
55.3,Animal_55_3DLC_resnet50_Freezing_07-2020Sep29shuffle1_100000filtered,ELS,"Sanguino-Gomez and Krugers, 2024",1,27,32,1992,0,0,0
55.3,Animal_55_3DLC_resnet50_Freezing_07-2020Sep29shuffle1_100000filtered,ELS,"Sanguino-Gomez and Krugers, 2024",1,28,111,1992,102,91.891891891891902,5.1204819277108431
55.3,Animal_55_3DLC_resnet50_Freezing_07-2020Sep29shuffle1_100000filtered,ELS,"Sanguino-Gomez and Krugers, 2024",1,29,16,1992,0,0,0
55.3,Animal_55_3DLC_resnet50_Freezing_07-2020Sep29shuffle1_100000filtered,ELS,"Sanguino-Gomez and Krugers, 2024",1,30,21,1992,0,0,0
55.3,Animal_55_3DLC_resnet50_Freezing_07-2020Sep29shuffle1_100000filtered,ELS,"Sanguino-Gomez and Krugers, 2024",1,31,20,1992,0,0,0
55.3,Animal_55_3DLC_resnet50_Freezing_07-2020Sep29shuffle1_100000filtered,ELS,"Sanguino-Gomez and Krugers, 2024",1,32,66,1992,1,1.5151515151515149,5.0200803212851398E-2
55.3,Animal_55_3DLC_resnet50_Freezing_07-2020Sep29shuffle1_100000filtered,ELS,"Sanguino-Gomez and Krugers, 2024",1,33,25,1992,2,8,0.1004016064257028
55.3,Animal_55_3DLC_resnet50_Freezing_07-2020Sep29shuffle1_100000filtered,ELS,"Sanguino-Gomez and Krugers, 2024",1,34,59,1992,4,6.7796610169491522,0.20080321285140559
55.3,Animal_55_3DLC_resnet50_Freezing_07-2020Sep29shuffle1_100000filtered,ELS,"Sanguino-Gomez and Krugers, 2024",1,35,6,1992,2,33.333333333333329,0.1004016064257028
55.3,Animal_55_3DLC_resnet50_Freezing_07-2020Sep29shuffle1_100000filtered,ELS,"Sanguino-Gomez and Krugers, 2024",1,36,3,1992,0,0,0
55.3,Animal_55_3DLC_resnet50_Freezing_07-2020Sep29shuffle1_100000filtered,ELS,"Sanguino-Gomez and Krugers, 2024",1,37,167,1992,6,3.5928143712574849,0.30120481927710852
55.3,Animal_55_3DLC_resnet50_Freezing_07-2020Sep29shuffle1_100000filtered,ELS,"Sanguino-Gomez and Krugers, 2024",1,38,333,1992,122,36.636636636636638,6.1244979919678713
55.3,Animal_55_3DLC_resnet50_Freezing_07-2020Sep29shuffle1_100000filtered,ELS,"Sanguino-Gomez and Krugers, 2024",1,40,128,1992,111,86.71875,5.572289156626506
55.3,Animal_55_3DLC_resnet50_Freezing_07-2020Sep29shuffle1_100000filtered,ELS,"Sanguino-Gomez and Krugers, 2024",1,46,5,1992,0,0,0
55.3,Animal_55_3DLC_resnet50_Freezing_07-2020Sep29shuffle1_100000filtered,ELS,"Sanguino-Gomez and Krugers, 2024",1,48,4,1992,3,75,0.1506024096385542
55.3,Animal_55_3DLC_resnet50_Freezing_07-2020Sep29shuffle1_100000filtered,ELS,"Sanguino-Gomez and Krugers, 2024",1,49,1,1992,0,0,0
55.3,Animal_55_3DLC_resnet50_Freezing_07-2020Sep29shuffle1_100000filtered,ELS,"Sanguino-Gomez and Krugers, 2024",1,51,2,1992,2,100,0.1004016064257028
55.3,Animal_55_3DLC_resnet50_Freezing_07-2020Sep29shuffle1_100000filtered,ELS,"Sanguino-Gomez and Krugers, 2024",1,53,5,1992,0,0,0
55.3,Animal_55_3DLC_resnet50_Freezing_07-2020Sep29shuffle1_100000filtered,ELS,"Sanguino-Gomez and Krugers, 2024",1,57,7,1992,0,0,0
55.3,Animal_55_3DLC_resnet50_Freezing_07-2020Sep29shuffle1_100000filtered,ELS,"Sanguino-Gomez and Krugers, 2024",1,58,15,1992,0,0,0
55.3,Animal_55_3DLC_resnet50_Freezing_07-2020Sep29shuffle1_100000filtered,ELS,"Sanguino-Gomez and Krugers, 2024",1,60,4,1992,1,25,5.0200803212851398E-2
55.3,Animal_55_3DLC_resnet50_Freezing_07-2020Sep29shuffle1_100000filtered,ELS,"Sanguino-Gomez and Krugers, 2024",1,61,5,1992,5,100,0.25100401606425699
55.3,Animal_55_3DLC_resnet50_Freezing_07-2020Sep29shuffle1_100000filtered,ELS,"Sanguino-Gomez and Krugers, 2024",1,67,8,1992,0,0,0
55.3,Animal_55_3DLC_resnet50_Freezing_07-2020Sep29shuffle1_100000filtered,ELS,"Sanguino-Gomez and Krugers, 2024",1,86,16,1992,0,0,0
55.5,Animal_55_5DLC_resnet50_Freezing_07-2020Sep29shuffle1_100000filtered,ELS,"Sanguino-Gomez and Krugers, 2024",1,0,676,738,443,65.532544378698219,60.027100271002709
55.5,Animal_55_5DLC_resnet50_Freezing_07-2020Sep29shuffle1_100000filtered,ELS,"Sanguino-Gomez and Krugers, 2024",1,1,2361,738,130,5.506141465480729,17.615176151761521
55.5,Animal_55_5DLC_resnet50_Freezing_07-2020Sep29shuffle1_100000filtered,ELS,"Sanguino-Gomez and Krugers, 2024",1,2,1743,738,8,0.45897877223178418,1.084010840108401
55.5,Animal_55_5DLC_resnet50_Freezing_07-2020Sep29shuffle1_100000filtered,ELS,"Sanguino-Gomez and Krugers, 2024",1,3,872,738,27,3.096330275229358,3.6585365853658529
55.5,Animal_55_5DLC_resnet50_Freezing_07-2020Sep29shuffle1_100000filtered,ELS,"Sanguino-Gomez and Krugers, 2024",1,4,396,738,43,10.85858585858586,5.8265582655826558
55.5,Animal_55_5DLC_resnet50_Freezing_07-2020Sep29shuffle1_100000filtered,ELS,"Sanguino-Gomez and Krugers, 2024",1,5,869,738,2,0.2301495972382048,0.27100271002710019
55.5,Animal_55_5DLC_resnet50_Freezing_07-2020Sep29shuffle1_100000filtered,ELS,"Sanguino-Gomez and Krugers, 2024",1,6,522,738,25,4.7892720306513414,3.3875338753387529
55.5,Animal_55_5DLC_resnet50_Freezing_07-2020Sep29shuffle1_100000filtered,ELS,"Sanguino-Gomez and Krugers, 2024",1,7,309,738,4,1.294498381877023,0.54200542005420049
55.5,Animal_55_5DLC_resnet50_Freezing_07-2020Sep29shuffle1_100000filtered,ELS,"Sanguino-Gomez and Krugers, 2024",1,8,40,738,0,0,0
55.5,Animal_55_5DLC_resnet50_Freezing_07-2020Sep29shuffle1_100000filtered,ELS,"Sanguino-Gomez and Krugers, 2024",1,9,74,738,0,0,0
55.5,Animal_55_5DLC_resnet50_Freezing_07-2020Sep29shuffle1_100000filtered,ELS,"Sanguino-Gomez and Krugers, 2024",1,10,485,738,1,0.2061855670103093,0.1355013550135501
55.5,Animal_55_5DLC_resnet50_Freezing_07-2020Sep29shuffle1_100000filtered,ELS,"Sanguino-Gomez and Krugers, 2024",1,11,295,738,3,1.0169491525423731,0.40650406504065051
55.5,Animal_55_5DLC_resnet50_Freezing_07-2020Sep29shuffle1_100000filtered,ELS,"Sanguino-Gomez and Krugers, 2024",1,12,231,738,0,0,0
55.5,Animal_55_5DLC_resnet50_Freezing_07-2020Sep29shuffle1_100000filtered,ELS,"Sanguino-Gomez and Krugers, 2024",1,13,53,738,3,5.6603773584905666,0.40650406504065051
55.5,Animal_55_5DLC_resnet50_Freezing_07-2020Sep29shuffle1_100000filtered,ELS,"Sanguino-Gomez and Krugers, 2024",1,14,476,738,5,1.0504201680672269,0.6775067750677507
55.5,Animal_55_5DLC_resnet50_Freezing_07-2020Sep29shuffle1_100000filtered,ELS,"Sanguino-Gomez and Krugers, 2024",1,15,113,738,0,0,0
55.5,Animal_55_5DLC_resnet50_Freezing_07-2020Sep29shuffle1_100000filtered,ELS,"Sanguino-Gomez and Krugers, 2024",1,16,122,738,0,0,0
55.5,Animal_55_5DLC_resnet50_Freezing_07-2020Sep29shuffle1_100000filtered,ELS,"Sanguino-Gomez and Krugers, 2024",1,17,96,738,1,1.041666666666667,0.1355013550135501
55.5,Animal_55_5DLC_resnet50_Freezing_07-2020Sep29shuffle1_100000filtered,ELS,"Sanguino-Gomez and Krugers, 2024",1,19,95,738,0,0,0
55.5,Animal_55_5DLC_resnet50_Freezing_07-2020Sep29shuffle1_100000filtered,ELS,"Sanguino-Gomez and Krugers, 2024",1,20,231,738,20,8.6580086580086579,2.7100271002710028
55.5,Animal_55_5DLC_resnet50_Freezing_07-2020Sep29shuffle1_100000filtered,ELS,"Sanguino-Gomez and Krugers, 2024",1,22,108,738,0,0,0
55.5,Animal_55_5DLC_resnet50_Freezing_07-2020Sep29shuffle1_100000filtered,ELS,"Sanguino-Gomez and Krugers, 2024",1,23,22,738,0,0,0
55.5,Animal_55_5DLC_resnet50_Freezing_07-2020Sep29shuffle1_100000filtered,ELS,"Sanguino-Gomez and Krugers, 2024",1,24,1,738,0,0,0
55.5,Animal_55_5DLC_resnet50_Freezing_07-2020Sep29shuffle1_100000filtered,ELS,"Sanguino-Gomez and Krugers, 2024",1,25,35,738,0,0,0
55.5,Animal_55_5DLC_resnet50_Freezing_07-2020Sep29shuffle1_100000filtered,ELS,"Sanguino-Gomez and Krugers, 2024",1,27,15,738,2,13.33333333333333,0.27100271002710019
55.5,Animal_55_5DLC_resnet50_Freezing_07-2020Sep29shuffle1_100000filtered,ELS,"Sanguino-Gomez and Krugers, 2024",1,28,15,738,8,53.333333333333343,1.084010840108401
55.5,Animal_55_5DLC_resnet50_Freezing_07-2020Sep29shuffle1_100000filtered,ELS,"Sanguino-Gomez and Krugers, 2024",1,29,14,738,0,0,0
55.5,Animal_55_5DLC_resnet50_Freezing_07-2020Sep29shuffle1_100000filtered,ELS,"Sanguino-Gomez and Krugers, 2024",1,30,20,738,3,15,0.40650406504065051
55.5,Animal_55_5DLC_resnet50_Freezing_07-2020Sep29shuffle1_100000filtered,ELS,"Sanguino-Gomez and Krugers, 2024",1,31,45,738,0,0,0
55.5,Animal_55_5DLC_resnet50_Freezing_07-2020Sep29shuffle1_100000filtered,ELS,"Sanguino-Gomez and Krugers, 2024",1,32,54,738,0,0,0
55.5,Animal_55_5DLC_resnet50_Freezing_07-2020Sep29shuffle1_100000filtered,ELS,"Sanguino-Gomez and Krugers, 2024",1,33,16,738,0,0,0
55.5,Animal_55_5DLC_resnet50_Freezing_07-2020Sep29shuffle1_100000filtered,ELS,"Sanguino-Gomez and Krugers, 2024",1,34,3,738,0,0,0
55.5,Animal_55_5DLC_resnet50_Freezing_07-2020Sep29shuffle1_100000filtered,ELS,"Sanguino-Gomez and Krugers, 2024",1,35,15,738,0,0,0
55.5,Animal_55_5DLC_resnet50_Freezing_07-2020Sep29shuffle1_100000filtered,ELS,"Sanguino-Gomez and Krugers, 2024",1,36,7,738,0,0,0
55.5,Animal_55_5DLC_resnet50_Freezing_07-2020Sep29shuffle1_100000filtered,ELS,"Sanguino-Gomez and Krugers, 2024",1,37,821,738,10,1.2180267965895251,1.355013550135501
56.3,Animal_56_3DLC_resnet50_Freezing_07-2020Sep29shuffle1_100000filtered,ELS,"Sanguino-Gomez and Krugers, 2024",1,0,2126,2279,1806,84.948259642521165,79.245283018867923
56.3,Animal_56_3DLC_resnet50_Freezing_07-2020Sep29shuffle1_100000filtered,ELS,"Sanguino-Gomez and Krugers, 2024",1,1,2084,2279,140,6.7178502879078703,6.1430451952610792
56.3,Animal_56_3DLC_resnet50_Freezing_07-2020Sep29shuffle1_100000filtered,ELS,"Sanguino-Gomez and Krugers, 2024",1,2,1097,2279,1,9.1157702825888781E-2,4.3878894251864857E-2
56.3,Animal_56_3DLC_resnet50_Freezing_07-2020Sep29shuffle1_100000filtered,ELS,"Sanguino-Gomez and Krugers, 2024",1,3,1119,2279,30,2.6809651474530831,1.316366827555945
56.3,Animal_56_3DLC_resnet50_Freezing_07-2020Sep29shuffle1_100000filtered,ELS,"Sanguino-Gomez and Krugers, 2024",1,4,200,2279,21,10.5,0.92145677928916181
56.3,Animal_56_3DLC_resnet50_Freezing_07-2020Sep29shuffle1_100000filtered,ELS,"Sanguino-Gomez and Krugers, 2024",1,5,910,2279,7,0.76923076923076927,0.30715225976305399
56.3,Animal_56_3DLC_resnet50_Freezing_07-2020Sep29shuffle1_100000filtered,ELS,"Sanguino-Gomez and Krugers, 2024",1,6,270,2279,10,3.7037037037037028,0.43878894251864858
56.3,Animal_56_3DLC_resnet50_Freezing_07-2020Sep29shuffle1_100000filtered,ELS,"Sanguino-Gomez and Krugers, 2024",1,7,59,2279,0,0,0
56.3,Animal_56_3DLC_resnet50_Freezing_07-2020Sep29shuffle1_100000filtered,ELS,"Sanguino-Gomez and Krugers, 2024",1,8,38,2279,3,7.8947368421052628,0.13163668275559459
56.3,Animal_56_3DLC_resnet50_Freezing_07-2020Sep29shuffle1_100000filtered,ELS,"Sanguino-Gomez and Krugers, 2024",1,9,50,2279,0,0,0
56.3,Animal_56_3DLC_resnet50_Freezing_07-2020Sep29shuffle1_100000filtered,ELS,"Sanguino-Gomez and Krugers, 2024",1,10,975,2279,5,0.51282051282051277,0.21939447125932429
56.3,Animal_56_3DLC_resnet50_Freezing_07-2020Sep29shuffle1_100000filtered,ELS,"Sanguino-Gomez and Krugers, 2024",1,11,212,2279,0,0,0
56.3,Animal_56_3DLC_resnet50_Freezing_07-2020Sep29shuffle1_100000filtered,ELS,"Sanguino-Gomez and Krugers, 2024",1,12,207,2279,0,0,0
56.3,Animal_56_3DLC_resnet50_Freezing_07-2020Sep29shuffle1_100000filtered,ELS,"Sanguino-Gomez and Krugers, 2024",1,13,157,2279,29,18.471337579617831,1.2724879333040811
56.3,Animal_56_3DLC_resnet50_Freezing_07-2020Sep29shuffle1_100000filtered,ELS,"Sanguino-Gomez and Krugers, 2024",1,14,306,2279,0,0,0
56.3,Animal_56_3DLC_resnet50_Freezing_07-2020Sep29shuffle1_100000filtered,ELS,"Sanguino-Gomez and Krugers, 2024",1,15,124,2279,3,2.419354838709677,0.13163668275559459
56.3,Animal_56_3DLC_resnet50_Freezing_07-2020Sep29shuffle1_100000filtered,ELS,"Sanguino-Gomez and Krugers, 2024",1,16,61,2279,3,4.918032786885246,0.13163668275559459
56.3,Animal_56_3DLC_resnet50_Freezing_07-2020Sep29shuffle1_100000filtered,ELS,"Sanguino-Gomez and Krugers, 2024",1,17,64,2279,0,0,0
56.3,Animal_56_3DLC_resnet50_Freezing_07-2020Sep29shuffle1_100000filtered,ELS,"Sanguino-Gomez and Krugers, 2024",1,19,35,2279,0,0,0
56.3,Animal_56_3DLC_resnet50_Freezing_07-2020Sep29shuffle1_100000filtered,ELS,"Sanguino-Gomez and Krugers, 2024",1,20,279,2279,47,16.845878136200721,2.0623080298376482
56.3,Animal_56_3DLC_resnet50_Freezing_07-2020Sep29shuffle1_100000filtered,ELS,"Sanguino-Gomez and Krugers, 2024",1,21,95,2279,0,0,0
56.3,Animal_56_3DLC_resnet50_Freezing_07-2020Sep29shuffle1_100000filtered,ELS,"Sanguino-Gomez and Krugers, 2024",1,22,67,2279,11,16.417910447761191,0.48266783677051339
56.3,Animal_56_3DLC_resnet50_Freezing_07-2020Sep29shuffle1_100000filtered,ELS,"Sanguino-Gomez and Krugers, 2024",1,23,19,2279,0,0,0
56.3,Animal_56_3DLC_resnet50_Freezing_07-2020Sep29shuffle1_100000filtered,ELS,"Sanguino-Gomez and Krugers, 2024",1,25,166,2279,0,0,0
56.3,Animal_56_3DLC_resnet50_Freezing_07-2020Sep29shuffle1_100000filtered,ELS,"Sanguino-Gomez and Krugers, 2024",1,27,7,2279,0,0,0
56.3,Animal_56_3DLC_resnet50_Freezing_07-2020Sep29shuffle1_100000filtered,ELS,"Sanguino-Gomez and Krugers, 2024",1,28,200,2279,161,80.5,7.0645019745502413
56.3,Animal_56_3DLC_resnet50_Freezing_07-2020Sep29shuffle1_100000filtered,ELS,"Sanguino-Gomez and Krugers, 2024",1,29,9,2279,0,0,0
56.3,Animal_56_3DLC_resnet50_Freezing_07-2020Sep29shuffle1_100000filtered,ELS,"Sanguino-Gomez and Krugers, 2024",1,30,28,2279,0,0,0
56.3,Animal_56_3DLC_resnet50_Freezing_07-2020Sep29shuffle1_100000filtered,ELS,"Sanguino-Gomez and Krugers, 2024",1,31,17,2279,0,0,0
56.3,Animal_56_3DLC_resnet50_Freezing_07-2020Sep29shuffle1_100000filtered,ELS,"Sanguino-Gomez and Krugers, 2024",1,32,39,2279,0,0,0
56.3,Animal_56_3DLC_resnet50_Freezing_07-2020Sep29shuffle1_100000filtered,ELS,"Sanguino-Gomez and Krugers, 2024",1,33,1,2279,0,0,0
56.3,Animal_56_3DLC_resnet50_Freezing_07-2020Sep29shuffle1_100000filtered,ELS,"Sanguino-Gomez and Krugers, 2024",1,35,12,2279,0,0,0
56.3,Animal_56_3DLC_resnet50_Freezing_07-2020Sep29shuffle1_100000filtered,ELS,"Sanguino-Gomez and Krugers, 2024",1,37,140,2279,0,0,0
56.3,Animal_56_3DLC_resnet50_Freezing_07-2020Sep29shuffle1_100000filtered,ELS,"Sanguino-Gomez and Krugers, 2024",1,38,35,2279,2,5.7142857142857144,8.7757788503729714E-2
56.3,Animal_56_3DLC_resnet50_Freezing_07-2020Sep29shuffle1_100000filtered,ELS,"Sanguino-Gomez and Krugers, 2024",1,41,22,2279,0,0,0
56.3,Animal_56_3DLC_resnet50_Freezing_07-2020Sep29shuffle1_100000filtered,ELS,"Sanguino-Gomez and Krugers, 2024",1,42,13,2279,0,0,0
56.3,Animal_56_3DLC_resnet50_Freezing_07-2020Sep29shuffle1_100000filtered,ELS,"Sanguino-Gomez and Krugers, 2024",1,46,7,2279,0,0,0
63.3,Animal_63_3DLC_resnet50_Freezing_07-2020Sep29shuffle1_100000filtered,ELS,"Sanguino-Gomez and Krugers, 2024",1,0,2015,2081,1664,82.58064516129032,79.96155694377704
63.3,Animal_63_3DLC_resnet50_Freezing_07-2020Sep29shuffle1_100000filtered,ELS,"Sanguino-Gomez and Krugers, 2024",1,1,3103,2081,182,5.8652916532388018,8.7457952907256118
63.3,Animal_63_3DLC_resnet50_Freezing_07-2020Sep29shuffle1_100000filtered,ELS,"Sanguino-Gomez and Krugers, 2024",1,2,1676,2081,13,0.77565632458233891,0.62469966362325813
63.3,Animal_63_3DLC_resnet50_Freezing_07-2020Sep29shuffle1_100000filtered,ELS,"Sanguino-Gomez and Krugers, 2024",1,3,1048,2081,17,1.6221374045801531,0.81691494473810666
63.3,Animal_63_3DLC_resnet50_Freezing_07-2020Sep29shuffle1_100000filtered,ELS,"Sanguino-Gomez and Krugers, 2024",1,4,143,2081,0,0,0
63.3,Animal_63_3DLC_resnet50_Freezing_07-2020Sep29shuffle1_100000filtered,ELS,"Sanguino-Gomez and Krugers, 2024",1,5,516,2081,13,2.5193798449612399,0.62469966362325813
63.3,Animal_63_3DLC_resnet50_Freezing_07-2020Sep29shuffle1_100000filtered,ELS,"Sanguino-Gomez and Krugers, 2024",1,6,229,2081,0,0,0
63.3,Animal_63_3DLC_resnet50_Freezing_07-2020Sep29shuffle1_100000filtered,ELS,"Sanguino-Gomez and Krugers, 2024",1,7,267,2081,1,0.37453183520599248,4.8053820278712162E-2
63.3,Animal_63_3DLC_resnet50_Freezing_07-2020Sep29shuffle1_100000filtered,ELS,"Sanguino-Gomez and Krugers, 2024",1,8,9,2081,0,0,0
63.3,Animal_63_3DLC_resnet50_Freezing_07-2020Sep29shuffle1_100000filtered,ELS,"Sanguino-Gomez and Krugers, 2024",1,9,30,2081,0,0,0
63.3,Animal_63_3DLC_resnet50_Freezing_07-2020Sep29shuffle1_100000filtered,ELS,"Sanguino-Gomez and Krugers, 2024",1,10,311,2081,3,0.96463022508038598,0.14416146083613651
63.3,Animal_63_3DLC_resnet50_Freezing_07-2020Sep29shuffle1_100000filtered,ELS,"Sanguino-Gomez and Krugers, 2024",1,11,106,2081,0,0,0
63.3,Animal_63_3DLC_resnet50_Freezing_07-2020Sep29shuffle1_100000filtered,ELS,"Sanguino-Gomez and Krugers, 2024",1,12,113,2081,0,0,0
63.3,Animal_63_3DLC_resnet50_Freezing_07-2020Sep29shuffle1_100000filtered,ELS,"Sanguino-Gomez and Krugers, 2024",1,13,235,2081,38,16.170212765957451,1.8260451705910621
63.3,Animal_63_3DLC_resnet50_Freezing_07-2020Sep29shuffle1_100000filtered,ELS,"Sanguino-Gomez and Krugers, 2024",1,14,337,2081,0,0,0
63.3,Animal_63_3DLC_resnet50_Freezing_07-2020Sep29shuffle1_100000filtered,ELS,"Sanguino-Gomez and Krugers, 2024",1,15,58,2081,1,1.7241379310344831,4.8053820278712162E-2
63.3,Animal_63_3DLC_resnet50_Freezing_07-2020Sep29shuffle1_100000filtered,ELS,"Sanguino-Gomez and Krugers, 2024",1,16,139,2081,0,0,0
63.3,Animal_63_3DLC_resnet50_Freezing_07-2020Sep29shuffle1_100000filtered,ELS,"Sanguino-Gomez and Krugers, 2024",1,17,125,2081,0,0,0
63.3,Animal_63_3DLC_resnet50_Freezing_07-2020Sep29shuffle1_100000filtered,ELS,"Sanguino-Gomez and Krugers, 2024",1,18,69,2081,0,0,0
63.3,Animal_63_3DLC_resnet50_Freezing_07-2020Sep29shuffle1_100000filtered,ELS,"Sanguino-Gomez and Krugers, 2024",1,19,58,2081,0,0,0
63.3,Animal_63_3DLC_resnet50_Freezing_07-2020Sep29shuffle1_100000filtered,ELS,"Sanguino-Gomez and Krugers, 2024",1,20,101,2081,2,1.98019801980198,9.6107640557424323E-2
63.3,Animal_63_3DLC_resnet50_Freezing_07-2020Sep29shuffle1_100000filtered,ELS,"Sanguino-Gomez and Krugers, 2024",1,21,28,2081,0,0,0
63.3,Animal_63_3DLC_resnet50_Freezing_07-2020Sep29shuffle1_100000filtered,ELS,"Sanguino-Gomez and Krugers, 2024",1,22,46,2081,0,0,0
63.3,Animal_63_3DLC_resnet50_Freezing_07-2020Sep29shuffle1_100000filtered,ELS,"Sanguino-Gomez and Krugers, 2024",1,23,8,2081,0,0,0
63.3,Animal_63_3DLC_resnet50_Freezing_07-2020Sep29shuffle1_100000filtered,ELS,"Sanguino-Gomez and Krugers, 2024",1,25,100,2081,0,0,0
63.3,Animal_63_3DLC_resnet50_Freezing_07-2020Sep29shuffle1_100000filtered,ELS,"Sanguino-Gomez and Krugers, 2024",1,28,163,2081,136,83.435582822085891,6.5353195579048533
63.3,Animal_63_3DLC_resnet50_Freezing_07-2020Sep29shuffle1_100000filtered,ELS,"Sanguino-Gomez and Krugers, 2024",1,30,53,2081,0,0,0
63.3,Animal_63_3DLC_resnet50_Freezing_07-2020Sep29shuffle1_100000filtered,ELS,"Sanguino-Gomez and Krugers, 2024",1,31,3,2081,0,0,0
63.3,Animal_63_3DLC_resnet50_Freezing_07-2020Sep29shuffle1_100000filtered,ELS,"Sanguino-Gomez and Krugers, 2024",1,32,69,2081,8,11.594202898550719,0.38443056222969729
63.3,Animal_63_3DLC_resnet50_Freezing_07-2020Sep29shuffle1_100000filtered,ELS,"Sanguino-Gomez and Krugers, 2024",1,33,7,2081,0,0,0
63.3,Animal_63_3DLC_resnet50_Freezing_07-2020Sep29shuffle1_100000filtered,ELS,"Sanguino-Gomez and Krugers, 2024",1,34,18,2081,0,0,0
63.3,Animal_63_3DLC_resnet50_Freezing_07-2020Sep29shuffle1_100000filtered,ELS,"Sanguino-Gomez and Krugers, 2024",1,36,20,2081,0,0,0
63.3,Animal_63_3DLC_resnet50_Freezing_07-2020Sep29shuffle1_100000filtered,ELS,"Sanguino-Gomez and Krugers, 2024",1,37,38,2081,1,2.6315789473684208,4.8053820278712162E-2
63.3,Animal_63_3DLC_resnet50_Freezing_07-2020Sep29shuffle1_100000filtered,ELS,"Sanguino-Gomez and Krugers, 2024",1,43,9,2081,2,22.222222222222221,9.6107640557424323E-2
69.1,Animal_69_1DLC_resnet50_Freezing_07-2020Sep29shuffle1_100000filtered,ELS,"Sanguino-Gomez and Krugers, 2024",1,0,1685,1823,1321,78.397626112759639,72.462973121228742
69.1,Animal_69_1DLC_resnet50_Freezing_07-2020Sep29shuffle1_100000filtered,ELS,"Sanguino-Gomez and Krugers, 2024",1,1,2581,1823,156,6.0441689267725689,8.5573230938014255
69.1,Animal_69_1DLC_resnet50_Freezing_07-2020Sep29shuffle1_100000filtered,ELS,"Sanguino-Gomez and Krugers, 2024",1,2,1399,1823,10,0.71479628305932807,0.54854635216675807
69.1,Animal_69_1DLC_resnet50_Freezing_07-2020Sep29shuffle1_100000filtered,ELS,"Sanguino-Gomez and Krugers, 2024",1,3,832,1823,35,4.2067307692307692,1.9199122325836531
69.1,Animal_69_1DLC_resnet50_Freezing_07-2020Sep29shuffle1_100000filtered,ELS,"Sanguino-Gomez and Krugers, 2024",1,4,134,1823,42,31.343283582089551,2.303894679100384
69.1,Animal_69_1DLC_resnet50_Freezing_07-2020Sep29shuffle1_100000filtered,ELS,"Sanguino-Gomez and Krugers, 2024",1,5,966,1823,14,1.449275362318841,0.76796489303346127
69.1,Animal_69_1DLC_resnet50_Freezing_07-2020Sep29shuffle1_100000filtered,ELS,"Sanguino-Gomez and Krugers, 2024",1,6,641,1823,20,3.1201248049922001,1.0970927043335159
69.1,Animal_69_1DLC_resnet50_Freezing_07-2020Sep29shuffle1_100000filtered,ELS,"Sanguino-Gomez and Krugers, 2024",1,7,213,1823,5,2.347417840375587,0.27427317608337898
69.1,Animal_69_1DLC_resnet50_Freezing_07-2020Sep29shuffle1_100000filtered,ELS,"Sanguino-Gomez and Krugers, 2024",1,8,20,1823,0,0,0
69.1,Animal_69_1DLC_resnet50_Freezing_07-2020Sep29shuffle1_100000filtered,ELS,"Sanguino-Gomez and Krugers, 2024",1,9,42,1823,1,2.3809523809523809,5.4854635216675808E-2
69.1,Animal_69_1DLC_resnet50_Freezing_07-2020Sep29shuffle1_100000filtered,ELS,"Sanguino-Gomez and Krugers, 2024",1,10,398,1823,5,1.256281407035176,0.27427317608337898
69.1,Animal_69_1DLC_resnet50_Freezing_07-2020Sep29shuffle1_100000filtered,ELS,"Sanguino-Gomez and Krugers, 2024",1,11,136,1823,1,0.73529411764705876,5.4854635216675808E-2
69.1,Animal_69_1DLC_resnet50_Freezing_07-2020Sep29shuffle1_100000filtered,ELS,"Sanguino-Gomez and Krugers, 2024",1,12,111,1823,0,0,0
69.1,Animal_69_1DLC_resnet50_Freezing_07-2020Sep29shuffle1_100000filtered,ELS,"Sanguino-Gomez and Krugers, 2024",1,13,341,1823,61,17.888563049853371,3.346132748217225
69.1,Animal_69_1DLC_resnet50_Freezing_07-2020Sep29shuffle1_100000filtered,ELS,"Sanguino-Gomez and Krugers, 2024",1,14,222,1823,0,0,0
69.1,Animal_69_1DLC_resnet50_Freezing_07-2020Sep29shuffle1_100000filtered,ELS,"Sanguino-Gomez and Krugers, 2024",1,15,301,1823,0,0,0
69.1,Animal_69_1DLC_resnet50_Freezing_07-2020Sep29shuffle1_100000filtered,ELS,"Sanguino-Gomez and Krugers, 2024",1,16,97,1823,0,0,0
69.1,Animal_69_1DLC_resnet50_Freezing_07-2020Sep29shuffle1_100000filtered,ELS,"Sanguino-Gomez and Krugers, 2024",1,17,65,1823,0,0,0
69.1,Animal_69_1DLC_resnet50_Freezing_07-2020Sep29shuffle1_100000filtered,ELS,"Sanguino-Gomez and Krugers, 2024",1,18,58,1823,0,0,0
69.1,Animal_69_1DLC_resnet50_Freezing_07-2020Sep29shuffle1_100000filtered,ELS,"Sanguino-Gomez and Krugers, 2024",1,19,3,1823,1,33.333333333333329,5.4854635216675808E-2
69.1,Animal_69_1DLC_resnet50_Freezing_07-2020Sep29shuffle1_100000filtered,ELS,"Sanguino-Gomez and Krugers, 2024",1,20,221,1823,18,8.1447963800904972,0.98738343390016459
69.1,Animal_69_1DLC_resnet50_Freezing_07-2020Sep29shuffle1_100000filtered,ELS,"Sanguino-Gomez and Krugers, 2024",1,21,91,1823,3,3.296703296703297,0.1645639056500274
69.1,Animal_69_1DLC_resnet50_Freezing_07-2020Sep29shuffle1_100000filtered,ELS,"Sanguino-Gomez and Krugers, 2024",1,22,34,1823,0,0,0
69.1,Animal_69_1DLC_resnet50_Freezing_07-2020Sep29shuffle1_100000filtered,ELS,"Sanguino-Gomez and Krugers, 2024",1,23,40,1823,0,0,0
69.1,Animal_69_1DLC_resnet50_Freezing_07-2020Sep29shuffle1_100000filtered,ELS,"Sanguino-Gomez and Krugers, 2024",1,25,122,1823,0,0,0
69.1,Animal_69_1DLC_resnet50_Freezing_07-2020Sep29shuffle1_100000filtered,ELS,"Sanguino-Gomez and Krugers, 2024",1,26,25,1823,4,16,0.21941854086670329
69.1,Animal_69_1DLC_resnet50_Freezing_07-2020Sep29shuffle1_100000filtered,ELS,"Sanguino-Gomez and Krugers, 2024",1,27,19,1823,0,0,0
69.1,Animal_69_1DLC_resnet50_Freezing_07-2020Sep29shuffle1_100000filtered,ELS,"Sanguino-Gomez and Krugers, 2024",1,28,156,1823,125,80.128205128205138,6.8568294020844762
69.1,Animal_69_1DLC_resnet50_Freezing_07-2020Sep29shuffle1_100000filtered,ELS,"Sanguino-Gomez and Krugers, 2024",1,29,17,1823,0,0,0
69.1,Animal_69_1DLC_resnet50_Freezing_07-2020Sep29shuffle1_100000filtered,ELS,"Sanguino-Gomez and Krugers, 2024",1,31,7,1823,0,0,0
69.1,Animal_69_1DLC_resnet50_Freezing_07-2020Sep29shuffle1_100000filtered,ELS,"Sanguino-Gomez and Krugers, 2024",1,32,16,1823,0,0,0
69.1,Animal_69_1DLC_resnet50_Freezing_07-2020Sep29shuffle1_100000filtered,ELS,"Sanguino-Gomez and Krugers, 2024",1,34,56,1823,0,0,0
69.1,Animal_69_1DLC_resnet50_Freezing_07-2020Sep29shuffle1_100000filtered,ELS,"Sanguino-Gomez and Krugers, 2024",1,35,4,1823,0,0,0
69.1,Animal_69_1DLC_resnet50_Freezing_07-2020Sep29shuffle1_100000filtered,ELS,"Sanguino-Gomez and Krugers, 2024",1,37,182,1823,1,0.5494505494505495,5.4854635216675808E-2
69.1,Animal_69_1DLC_resnet50_Freezing_07-2020Sep29shuffle1_100000filtered,ELS,"Sanguino-Gomez and Krugers, 2024",1,88,15,1823,0,0,0
69.2,Animal_69_2DLC_resnet50_Freezing_07-2020Sep29shuffle1_100000filtered,ELS,"Sanguino-Gomez and Krugers, 2024",1,0,765,764,453,59.215686274509807,59.293193717277482
69.2,Animal_69_2DLC_resnet50_Freezing_07-2020Sep29shuffle1_100000filtered,ELS,"Sanguino-Gomez and Krugers, 2024",1,1,2791,764,152,5.4460766750268723,19.89528795811518
69.2,Animal_69_2DLC_resnet50_Freezing_07-2020Sep29shuffle1_100000filtered,ELS,"Sanguino-Gomez and Krugers, 2024",1,2,2528,764,3,0.1186708860759494,0.3926701570680628
69.2,Animal_69_2DLC_resnet50_Freezing_07-2020Sep29shuffle1_100000filtered,ELS,"Sanguino-Gomez and Krugers, 2024",1,3,520,764,8,1.538461538461539,1.047120418848168
69.2,Animal_69_2DLC_resnet50_Freezing_07-2020Sep29shuffle1_100000filtered,ELS,"Sanguino-Gomez and Krugers, 2024",1,4,140,764,3,2.1428571428571428,0.3926701570680628
69.2,Animal_69_2DLC_resnet50_Freezing_07-2020Sep29shuffle1_100000filtered,ELS,"Sanguino-Gomez and Krugers, 2024",1,5,889,764,7,0.78740157480314954,0.91623036649214651
69.2,Animal_69_2DLC_resnet50_Freezing_07-2020Sep29shuffle1_100000filtered,ELS,"Sanguino-Gomez and Krugers, 2024",1,6,262,764,5,1.908396946564886,0.65445026178010468
69.2,Animal_69_2DLC_resnet50_Freezing_07-2020Sep29shuffle1_100000filtered,ELS,"Sanguino-Gomez and Krugers, 2024",1,7,162,764,1,0.61728395061728392,0.13089005235602089
69.2,Animal_69_2DLC_resnet50_Freezing_07-2020Sep29shuffle1_100000filtered,ELS,"Sanguino-Gomez and Krugers, 2024",1,8,20,764,0,0,0
69.2,Animal_69_2DLC_resnet50_Freezing_07-2020Sep29shuffle1_100000filtered,ELS,"Sanguino-Gomez and Krugers, 2024",1,9,97,764,0,0,0
69.2,Animal_69_2DLC_resnet50_Freezing_07-2020Sep29shuffle1_100000filtered,ELS,"Sanguino-Gomez and Krugers, 2024",1,10,369,764,1,0.27100271002710019,0.13089005235602089
69.2,Animal_69_2DLC_resnet50_Freezing_07-2020Sep29shuffle1_100000filtered,ELS,"Sanguino-Gomez and Krugers, 2024",1,11,212,764,0,0,0
69.2,Animal_69_2DLC_resnet50_Freezing_07-2020Sep29shuffle1_100000filtered,ELS,"Sanguino-Gomez and Krugers, 2024",1,12,208,764,0,0,0
69.2,Animal_69_2DLC_resnet50_Freezing_07-2020Sep29shuffle1_100000filtered,ELS,"Sanguino-Gomez and Krugers, 2024",1,13,340,764,98,28.823529411764699,12.827225130890049
69.2,Animal_69_2DLC_resnet50_Freezing_07-2020Sep29shuffle1_100000filtered,ELS,"Sanguino-Gomez and Krugers, 2024",1,14,441,764,0,0,0
69.2,Animal_69_2DLC_resnet50_Freezing_07-2020Sep29shuffle1_100000filtered,ELS,"Sanguino-Gomez and Krugers, 2024",1,15,109,764,0,0,0
69.2,Animal_69_2DLC_resnet50_Freezing_07-2020Sep29shuffle1_100000filtered,ELS,"Sanguino-Gomez and Krugers, 2024",1,16,337,764,0,0,0
69.2,Animal_69_2DLC_resnet50_Freezing_07-2020Sep29shuffle1_100000filtered,ELS,"Sanguino-Gomez and Krugers, 2024",1,17,27,764,0,0,0
69.2,Animal_69_2DLC_resnet50_Freezing_07-2020Sep29shuffle1_100000filtered,ELS,"Sanguino-Gomez and Krugers, 2024",1,19,66,764,0,0,0
69.2,Animal_69_2DLC_resnet50_Freezing_07-2020Sep29shuffle1_100000filtered,ELS,"Sanguino-Gomez and Krugers, 2024",1,20,25,764,0,0,0
69.2,Animal_69_2DLC_resnet50_Freezing_07-2020Sep29shuffle1_100000filtered,ELS,"Sanguino-Gomez and Krugers, 2024",1,21,84,764,0,0,0
69.2,Animal_69_2DLC_resnet50_Freezing_07-2020Sep29shuffle1_100000filtered,ELS,"Sanguino-Gomez and Krugers, 2024",1,22,57,764,0,0,0
69.2,Animal_69_2DLC_resnet50_Freezing_07-2020Sep29shuffle1_100000filtered,ELS,"Sanguino-Gomez and Krugers, 2024",1,23,50,764,2,4,0.26178010471204188
69.2,Animal_69_2DLC_resnet50_Freezing_07-2020Sep29shuffle1_100000filtered,ELS,"Sanguino-Gomez and Krugers, 2024",1,24,12,764,0,0,0
69.2,Animal_69_2DLC_resnet50_Freezing_07-2020Sep29shuffle1_100000filtered,ELS,"Sanguino-Gomez and Krugers, 2024",1,25,35,764,0,0,0
69.2,Animal_69_2DLC_resnet50_Freezing_07-2020Sep29shuffle1_100000filtered,ELS,"Sanguino-Gomez and Krugers, 2024",1,27,46,764,0,0,0
69.2,Animal_69_2DLC_resnet50_Freezing_07-2020Sep29shuffle1_100000filtered,ELS,"Sanguino-Gomez and Krugers, 2024",1,28,81,764,25,30.8641975308642,3.2722513089005241
69.2,Animal_69_2DLC_resnet50_Freezing_07-2020Sep29shuffle1_100000filtered,ELS,"Sanguino-Gomez and Krugers, 2024",1,29,21,764,0,0,0
69.2,Animal_69_2DLC_resnet50_Freezing_07-2020Sep29shuffle1_100000filtered,ELS,"Sanguino-Gomez and Krugers, 2024",1,30,10,764,0,0,0
69.2,Animal_69_2DLC_resnet50_Freezing_07-2020Sep29shuffle1_100000filtered,ELS,"Sanguino-Gomez and Krugers, 2024",1,31,9,764,0,0,0
69.2,Animal_69_2DLC_resnet50_Freezing_07-2020Sep29shuffle1_100000filtered,ELS,"Sanguino-Gomez and Krugers, 2024",1,32,52,764,0,0,0
69.2,Animal_69_2DLC_resnet50_Freezing_07-2020Sep29shuffle1_100000filtered,ELS,"Sanguino-Gomez and Krugers, 2024",1,33,13,764,0,0,0
69.2,Animal_69_2DLC_resnet50_Freezing_07-2020Sep29shuffle1_100000filtered,ELS,"Sanguino-Gomez and Krugers, 2024",1,34,41,764,0,0,0
69.2,Animal_69_2DLC_resnet50_Freezing_07-2020Sep29shuffle1_100000filtered,ELS,"Sanguino-Gomez and Krugers, 2024",1,37,401,764,6,1.4962593516209479,0.78534031413612559
69.2,Animal_69_2DLC_resnet50_Freezing_07-2020Sep29shuffle1_100000filtered,ELS,"Sanguino-Gomez and Krugers, 2024",1,45,19,764,0,0,0
69.2,Animal_69_2DLC_resnet50_Freezing_07-2020Sep29shuffle1_100000filtered,ELS,"Sanguino-Gomez and Krugers, 2024",1,63,11,764,0,0,0
69.3,Animal_69_3DLC_resnet50_Freezing_07-2020Sep29shuffle1_100000filtered,ELS,"Sanguino-Gomez and Krugers, 2024",1,0,1272,1208,909,71.462264150943398,75.248344370860934
69.3,Animal_69_3DLC_resnet50_Freezing_07-2020Sep29shuffle1_100000filtered,ELS,"Sanguino-Gomez and Krugers, 2024",1,1,2893,1208,138,4.7701348081576214,11.423841059602649
69.3,Animal_69_3DLC_resnet50_Freezing_07-2020Sep29shuffle1_100000filtered,ELS,"Sanguino-Gomez and Krugers, 2024",1,2,1311,1208,17,1.296720061022121,1.4072847682119209
69.3,Animal_69_3DLC_resnet50_Freezing_07-2020Sep29shuffle1_100000filtered,ELS,"Sanguino-Gomez and Krugers, 2024",1,3,928,1208,15,1.6163793103448281,1.241721854304636
69.3,Animal_69_3DLC_resnet50_Freezing_07-2020Sep29shuffle1_100000filtered,ELS,"Sanguino-Gomez and Krugers, 2024",1,4,204,1208,14,6.8627450980392162,1.1589403973509931
69.3,Animal_69_3DLC_resnet50_Freezing_07-2020Sep29shuffle1_100000filtered,ELS,"Sanguino-Gomez and Krugers, 2024",1,5,494,1208,1,0.20242914979757079,8.2781456953642391E-2
69.3,Animal_69_3DLC_resnet50_Freezing_07-2020Sep29shuffle1_100000filtered,ELS,"Sanguino-Gomez and Krugers, 2024",1,6,1017,1208,10,0.98328416912487704,0.82781456953642385
69.3,Animal_69_3DLC_resnet50_Freezing_07-2020Sep29shuffle1_100000filtered,ELS,"Sanguino-Gomez and Krugers, 2024",1,7,121,1208,1,0.82644628099173556,8.2781456953642391E-2
69.3,Animal_69_3DLC_resnet50_Freezing_07-2020Sep29shuffle1_100000filtered,ELS,"Sanguino-Gomez and Krugers, 2024",1,8,20,1208,0,0,0
69.3,Animal_69_3DLC_resnet50_Freezing_07-2020Sep29shuffle1_100000filtered,ELS,"Sanguino-Gomez and Krugers, 2024",1,9,2,1208,0,0,0
69.3,Animal_69_3DLC_resnet50_Freezing_07-2020Sep29shuffle1_100000filtered,ELS,"Sanguino-Gomez and Krugers, 2024",1,10,655,1208,7,1.0687022900763361,0.57947019867549665
69.3,Animal_69_3DLC_resnet50_Freezing_07-2020Sep29shuffle1_100000filtered,ELS,"Sanguino-Gomez and Krugers, 2024",1,11,95,1208,0,0,0
69.3,Animal_69_3DLC_resnet50_Freezing_07-2020Sep29shuffle1_100000filtered,ELS,"Sanguino-Gomez and Krugers, 2024",1,12,111,1208,4,3.6036036036036041,0.33112582781456962
69.3,Animal_69_3DLC_resnet50_Freezing_07-2020Sep29shuffle1_100000filtered,ELS,"Sanguino-Gomez and Krugers, 2024",1,13,600,1208,62,10.33333333333333,5.1324503311258276
69.3,Animal_69_3DLC_resnet50_Freezing_07-2020Sep29shuffle1_100000filtered,ELS,"Sanguino-Gomez and Krugers, 2024",1,14,354,1208,0,0,0
69.3,Animal_69_3DLC_resnet50_Freezing_07-2020Sep29shuffle1_100000filtered,ELS,"Sanguino-Gomez and Krugers, 2024",1,15,60,1208,1,1.666666666666667,8.2781456953642391E-2
69.3,Animal_69_3DLC_resnet50_Freezing_07-2020Sep29shuffle1_100000filtered,ELS,"Sanguino-Gomez and Krugers, 2024",1,16,103,1208,0,0,0
69.3,Animal_69_3DLC_resnet50_Freezing_07-2020Sep29shuffle1_100000filtered,ELS,"Sanguino-Gomez and Krugers, 2024",1,17,36,1208,0,0,0
69.3,Animal_69_3DLC_resnet50_Freezing_07-2020Sep29shuffle1_100000filtered,ELS,"Sanguino-Gomez and Krugers, 2024",1,18,225,1208,2,0.88888888888888884,0.16556291390728481
69.3,Animal_69_3DLC_resnet50_Freezing_07-2020Sep29shuffle1_100000filtered,ELS,"Sanguino-Gomez and Krugers, 2024",1,19,8,1208,0,0,0
69.3,Animal_69_3DLC_resnet50_Freezing_07-2020Sep29shuffle1_100000filtered,ELS,"Sanguino-Gomez and Krugers, 2024",1,20,17,1208,12,70.588235294117652,0.99337748344370869
69.3,Animal_69_3DLC_resnet50_Freezing_07-2020Sep29shuffle1_100000filtered,ELS,"Sanguino-Gomez and Krugers, 2024",1,21,35,1208,0,0,0
69.3,Animal_69_3DLC_resnet50_Freezing_07-2020Sep29shuffle1_100000filtered,ELS,"Sanguino-Gomez and Krugers, 2024",1,22,6,1208,0,0,0
69.3,Animal_69_3DLC_resnet50_Freezing_07-2020Sep29shuffle1_100000filtered,ELS,"Sanguino-Gomez and Krugers, 2024",1,23,7,1208,0,0,0
69.3,Animal_69_3DLC_resnet50_Freezing_07-2020Sep29shuffle1_100000filtered,ELS,"Sanguino-Gomez and Krugers, 2024",1,24,5,1208,0,0,0
69.3,Animal_69_3DLC_resnet50_Freezing_07-2020Sep29shuffle1_100000filtered,ELS,"Sanguino-Gomez and Krugers, 2024",1,25,85,1208,0,0,0
69.3,Animal_69_3DLC_resnet50_Freezing_07-2020Sep29shuffle1_100000filtered,ELS,"Sanguino-Gomez and Krugers, 2024",1,27,57,1208,0,0,0
69.3,Animal_69_3DLC_resnet50_Freezing_07-2020Sep29shuffle1_100000filtered,ELS,"Sanguino-Gomez and Krugers, 2024",1,28,17,1208,13,76.470588235294116,1.076158940397351
69.3,Animal_69_3DLC_resnet50_Freezing_07-2020Sep29shuffle1_100000filtered,ELS,"Sanguino-Gomez and Krugers, 2024",1,29,19,1208,0,0,0
69.3,Animal_69_3DLC_resnet50_Freezing_07-2020Sep29shuffle1_100000filtered,ELS,"Sanguino-Gomez and Krugers, 2024",1,30,52,1208,0,0,0
69.3,Animal_69_3DLC_resnet50_Freezing_07-2020Sep29shuffle1_100000filtered,ELS,"Sanguino-Gomez and Krugers, 2024",1,31,6,1208,0,0,0
69.3,Animal_69_3DLC_resnet50_Freezing_07-2020Sep29shuffle1_100000filtered,ELS,"Sanguino-Gomez and Krugers, 2024",1,32,32,1208,2,6.25,0.16556291390728481
69.3,Animal_69_3DLC_resnet50_Freezing_07-2020Sep29shuffle1_100000filtered,ELS,"Sanguino-Gomez and Krugers, 2024",1,33,3,1208,0,0,0
69.3,Animal_69_3DLC_resnet50_Freezing_07-2020Sep29shuffle1_100000filtered,ELS,"Sanguino-Gomez and Krugers, 2024",1,34,15,1208,0,0,0
69.3,Animal_69_3DLC_resnet50_Freezing_07-2020Sep29shuffle1_100000filtered,ELS,"Sanguino-Gomez and Krugers, 2024",1,37,318,1208,0,0,0
69.3,Animal_69_3DLC_resnet50_Freezing_07-2020Sep29shuffle1_100000filtered,ELS,"Sanguino-Gomez and Krugers, 2024",1,41,7,1208,0,0,0
69.3,Animal_69_3DLC_resnet50_Freezing_07-2020Sep29shuffle1_100000filtered,ELS,"Sanguino-Gomez and Krugers, 2024",1,65,60,1208,0,0,0
69.5,Animal_69_5DLC_resnet50_Freezing_07-2020Sep29shuffle1_100000filtered,ELS,"Sanguino-Gomez and Krugers, 2024",1,0,1809,1703,1316,72.747374239911551,77.275396359365828
69.5,Animal_69_5DLC_resnet50_Freezing_07-2020Sep29shuffle1_100000filtered,ELS,"Sanguino-Gomez and Krugers, 2024",1,1,2760,1703,163,5.9057971014492754,9.5713446858485032
69.5,Animal_69_5DLC_resnet50_Freezing_07-2020Sep29shuffle1_100000filtered,ELS,"Sanguino-Gomez and Krugers, 2024",1,2,972,1703,2,0.20576131687242799,0.1174398120963006
69.5,Animal_69_5DLC_resnet50_Freezing_07-2020Sep29shuffle1_100000filtered,ELS,"Sanguino-Gomez and Krugers, 2024",1,3,442,1703,3,0.67873303167420818,0.176159718144451
69.5,Animal_69_5DLC_resnet50_Freezing_07-2020Sep29shuffle1_100000filtered,ELS,"Sanguino-Gomez and Krugers, 2024",1,4,280,1703,42,15,2.4662360540223141
69.5,Animal_69_5DLC_resnet50_Freezing_07-2020Sep29shuffle1_100000filtered,ELS,"Sanguino-Gomez and Krugers, 2024",1,5,1098,1703,4,0.36429872495446258,0.23487962419260131
69.5,Animal_69_5DLC_resnet50_Freezing_07-2020Sep29shuffle1_100000filtered,ELS,"Sanguino-Gomez and Krugers, 2024",1,6,1062,1703,41,3.8606403013182669,2.4075161479741629
69.5,Animal_69_5DLC_resnet50_Freezing_07-2020Sep29shuffle1_100000filtered,ELS,"Sanguino-Gomez and Krugers, 2024",1,7,157,1703,0,0,0
69.5,Animal_69_5DLC_resnet50_Freezing_07-2020Sep29shuffle1_100000filtered,ELS,"Sanguino-Gomez and Krugers, 2024",1,8,16,1703,0,0,0
69.5,Animal_69_5DLC_resnet50_Freezing_07-2020Sep29shuffle1_100000filtered,ELS,"Sanguino-Gomez and Krugers, 2024",1,9,64,1703,0,0,0
69.5,Animal_69_5DLC_resnet50_Freezing_07-2020Sep29shuffle1_100000filtered,ELS,"Sanguino-Gomez and Krugers, 2024",1,10,432,1703,1,0.23148148148148151,5.8719906048150319E-2
69.5,Animal_69_5DLC_resnet50_Freezing_07-2020Sep29shuffle1_100000filtered,ELS,"Sanguino-Gomez and Krugers, 2024",1,11,90,1703,7,7.7777777777777777,0.41103934233705219
69.5,Animal_69_5DLC_resnet50_Freezing_07-2020Sep29shuffle1_100000filtered,ELS,"Sanguino-Gomez and Krugers, 2024",1,12,174,1703,0,0,0
69.5,Animal_69_5DLC_resnet50_Freezing_07-2020Sep29shuffle1_100000filtered,ELS,"Sanguino-Gomez and Krugers, 2024",1,13,787,1703,106,13.46886912325286,6.2243100411039336
69.5,Animal_69_5DLC_resnet50_Freezing_07-2020Sep29shuffle1_100000filtered,ELS,"Sanguino-Gomez and Krugers, 2024",1,14,336,1703,0,0,0
69.5,Animal_69_5DLC_resnet50_Freezing_07-2020Sep29shuffle1_100000filtered,ELS,"Sanguino-Gomez and Krugers, 2024",1,15,120,1703,0,0,0
69.5,Animal_69_5DLC_resnet50_Freezing_07-2020Sep29shuffle1_100000filtered,ELS,"Sanguino-Gomez and Krugers, 2024",1,16,118,1703,0,0,0
69.5,Animal_69_5DLC_resnet50_Freezing_07-2020Sep29shuffle1_100000filtered,ELS,"Sanguino-Gomez and Krugers, 2024",1,17,36,1703,1,2.7777777777777781,5.8719906048150319E-2
69.5,Animal_69_5DLC_resnet50_Freezing_07-2020Sep29shuffle1_100000filtered,ELS,"Sanguino-Gomez and Krugers, 2024",1,19,68,1703,0,0,0
69.5,Animal_69_5DLC_resnet50_Freezing_07-2020Sep29shuffle1_100000filtered,ELS,"Sanguino-Gomez and Krugers, 2024",1,20,134,1703,1,0.74626865671641784,5.8719906048150319E-2
69.5,Animal_69_5DLC_resnet50_Freezing_07-2020Sep29shuffle1_100000filtered,ELS,"Sanguino-Gomez and Krugers, 2024",1,21,97,1703,0,0,0
69.5,Animal_69_5DLC_resnet50_Freezing_07-2020Sep29shuffle1_100000filtered,ELS,"Sanguino-Gomez and Krugers, 2024",1,22,15,1703,2,13.33333333333333,0.1174398120963006
69.5,Animal_69_5DLC_resnet50_Freezing_07-2020Sep29shuffle1_100000filtered,ELS,"Sanguino-Gomez and Krugers, 2024",1,23,23,1703,0,0,0
69.5,Animal_69_5DLC_resnet50_Freezing_07-2020Sep29shuffle1_100000filtered,ELS,"Sanguino-Gomez and Krugers, 2024",1,24,3,1703,0,0,0
69.5,Animal_69_5DLC_resnet50_Freezing_07-2020Sep29shuffle1_100000filtered,ELS,"Sanguino-Gomez and Krugers, 2024",1,28,32,1703,12,37.5,0.70463887257780389
69.5,Animal_69_5DLC_resnet50_Freezing_07-2020Sep29shuffle1_100000filtered,ELS,"Sanguino-Gomez and Krugers, 2024",1,29,14,1703,0,0,0
69.5,Animal_69_5DLC_resnet50_Freezing_07-2020Sep29shuffle1_100000filtered,ELS,"Sanguino-Gomez and Krugers, 2024",1,30,1,1703,0,0,0
69.5,Animal_69_5DLC_resnet50_Freezing_07-2020Sep29shuffle1_100000filtered,ELS,"Sanguino-Gomez and Krugers, 2024",1,31,8,1703,0,0,0
69.5,Animal_69_5DLC_resnet50_Freezing_07-2020Sep29shuffle1_100000filtered,ELS,"Sanguino-Gomez and Krugers, 2024",1,32,37,1703,0,0,0
69.5,Animal_69_5DLC_resnet50_Freezing_07-2020Sep29shuffle1_100000filtered,ELS,"Sanguino-Gomez and Krugers, 2024",1,33,2,1703,0,0,0
69.5,Animal_69_5DLC_resnet50_Freezing_07-2020Sep29shuffle1_100000filtered,ELS,"Sanguino-Gomez and Krugers, 2024",1,34,14,1703,0,0,0
69.5,Animal_69_5DLC_resnet50_Freezing_07-2020Sep29shuffle1_100000filtered,ELS,"Sanguino-Gomez and Krugers, 2024",1,36,9,1703,0,0,0
69.5,Animal_69_5DLC_resnet50_Freezing_07-2020Sep29shuffle1_100000filtered,ELS,"Sanguino-Gomez and Krugers, 2024",1,40,32,1703,2,6.25,0.1174398120963006
69.5,Animal_69_5DLC_resnet50_Freezing_07-2020Sep29shuffle1_100000filtered,ELS,"Sanguino-Gomez and Krugers, 2024",1,42,8,1703,0,0,0
73.1,Animal_73_1DLC_resnet50_Freezing_07-2020Sep29shuffle1_100000filtered,ELS,"Sanguino-Gomez and Krugers, 2024",1,0,1760,1623,1345,76.420454545454547,82.871226124460875
73.1,Animal_73_1DLC_resnet50_Freezing_07-2020Sep29shuffle1_100000filtered,ELS,"Sanguino-Gomez and Krugers, 2024",1,1,2970,1623,65,2.188552188552189,4.0049291435613057
73.1,Animal_73_1DLC_resnet50_Freezing_07-2020Sep29shuffle1_100000filtered,ELS,"Sanguino-Gomez and Krugers, 2024",1,2,360,1623,0,0,0
73.1,Animal_73_1DLC_resnet50_Freezing_07-2020Sep29shuffle1_100000filtered,ELS,"Sanguino-Gomez and Krugers, 2024",1,3,815,1623,7,0.85889570552147243,0.43130006161429452
73.1,Animal_73_1DLC_resnet50_Freezing_07-2020Sep29shuffle1_100000filtered,ELS,"Sanguino-Gomez and Krugers, 2024",1,4,31,1623,0,0,0
73.1,Animal_73_1DLC_resnet50_Freezing_07-2020Sep29shuffle1_100000filtered,ELS,"Sanguino-Gomez and Krugers, 2024",1,5,187,1623,3,1.6042780748663099,0.1848428835489834
73.1,Animal_73_1DLC_resnet50_Freezing_07-2020Sep29shuffle1_100000filtered,ELS,"Sanguino-Gomez and Krugers, 2024",1,6,1879,1623,17,0.90473656200106434,1.047443006777572
73.1,Animal_73_1DLC_resnet50_Freezing_07-2020Sep29shuffle1_100000filtered,ELS,"Sanguino-Gomez and Krugers, 2024",1,7,100,1623,0,0,0
73.1,Animal_73_1DLC_resnet50_Freezing_07-2020Sep29shuffle1_100000filtered,ELS,"Sanguino-Gomez and Krugers, 2024",1,8,2,1623,0,0,0
73.1,Animal_73_1DLC_resnet50_Freezing_07-2020Sep29shuffle1_100000filtered,ELS,"Sanguino-Gomez and Krugers, 2024",1,9,21,1623,0,0,0
73.1,Animal_73_1DLC_resnet50_Freezing_07-2020Sep29shuffle1_100000filtered,ELS,"Sanguino-Gomez and Krugers, 2024",1,10,97,1623,1,1.0309278350515461,6.1614294516327793E-2
73.1,Animal_73_1DLC_resnet50_Freezing_07-2020Sep29shuffle1_100000filtered,ELS,"Sanguino-Gomez and Krugers, 2024",1,11,34,1623,0,0,0
73.1,Animal_73_1DLC_resnet50_Freezing_07-2020Sep29shuffle1_100000filtered,ELS,"Sanguino-Gomez and Krugers, 2024",1,12,82,1623,0,0,0
73.1,Animal_73_1DLC_resnet50_Freezing_07-2020Sep29shuffle1_100000filtered,ELS,"Sanguino-Gomez and Krugers, 2024",1,13,883,1623,168,19.026047565118908,10.35120147874307
73.1,Animal_73_1DLC_resnet50_Freezing_07-2020Sep29shuffle1_100000filtered,ELS,"Sanguino-Gomez and Krugers, 2024",1,14,48,1623,0,0,0
73.1,Animal_73_1DLC_resnet50_Freezing_07-2020Sep29shuffle1_100000filtered,ELS,"Sanguino-Gomez and Krugers, 2024",1,15,41,1623,0,0,0
73.1,Animal_73_1DLC_resnet50_Freezing_07-2020Sep29shuffle1_100000filtered,ELS,"Sanguino-Gomez and Krugers, 2024",1,16,18,1623,0,0,0
73.1,Animal_73_1DLC_resnet50_Freezing_07-2020Sep29shuffle1_100000filtered,ELS,"Sanguino-Gomez and Krugers, 2024",1,17,7,1623,0,0,0
73.1,Animal_73_1DLC_resnet50_Freezing_07-2020Sep29shuffle1_100000filtered,ELS,"Sanguino-Gomez and Krugers, 2024",1,18,1402,1623,10,0.71326676176890158,0.61614294516327783
73.1,Animal_73_1DLC_resnet50_Freezing_07-2020Sep29shuffle1_100000filtered,ELS,"Sanguino-Gomez and Krugers, 2024",1,19,35,1623,0,0,0
73.1,Animal_73_1DLC_resnet50_Freezing_07-2020Sep29shuffle1_100000filtered,ELS,"Sanguino-Gomez and Krugers, 2024",1,20,94,1623,0,0,0
73.1,Animal_73_1DLC_resnet50_Freezing_07-2020Sep29shuffle1_100000filtered,ELS,"Sanguino-Gomez and Krugers, 2024",1,21,52,1623,0,0,0
73.1,Animal_73_1DLC_resnet50_Freezing_07-2020Sep29shuffle1_100000filtered,ELS,"Sanguino-Gomez and Krugers, 2024",1,22,12,1623,0,0,0
73.1,Animal_73_1DLC_resnet50_Freezing_07-2020Sep29shuffle1_100000filtered,ELS,"Sanguino-Gomez and Krugers, 2024",1,25,48,1623,0,0,0
73.1,Animal_73_1DLC_resnet50_Freezing_07-2020Sep29shuffle1_100000filtered,ELS,"Sanguino-Gomez and Krugers, 2024",1,26,234,1623,1,0.42735042735042739,6.1614294516327793E-2
73.1,Animal_73_1DLC_resnet50_Freezing_07-2020Sep29shuffle1_100000filtered,ELS,"Sanguino-Gomez and Krugers, 2024",1,29,4,1623,0,0,0
73.1,Animal_73_1DLC_resnet50_Freezing_07-2020Sep29shuffle1_100000filtered,ELS,"Sanguino-Gomez and Krugers, 2024",1,30,15,1623,0,0,0
73.1,Animal_73_1DLC_resnet50_Freezing_07-2020Sep29shuffle1_100000filtered,ELS,"Sanguino-Gomez and Krugers, 2024",1,32,5,1623,0,0,0
73.1,Animal_73_1DLC_resnet50_Freezing_07-2020Sep29shuffle1_100000filtered,ELS,"Sanguino-Gomez and Krugers, 2024",1,39,7,1623,6,85.714285714285708,0.36968576709796669
73.1,Animal_73_1DLC_resnet50_Freezing_07-2020Sep29shuffle1_100000filtered,ELS,"Sanguino-Gomez and Krugers, 2024",1,43,7,1623,0,0,0
73.4,Animal_73_4DLC_resnet50_Freezing_07-2020Sep29shuffle1_100000filtered,ELS,"Sanguino-Gomez and Krugers, 2024",1,0,1582,1292,1043,65.929203539823007,80.727554179566567
73.4,Animal_73_4DLC_resnet50_Freezing_07-2020Sep29shuffle1_100000filtered,ELS,"Sanguino-Gomez and Krugers, 2024",1,1,2652,1292,111,4.1855203619909496,8.5913312693498458
73.4,Animal_73_4DLC_resnet50_Freezing_07-2020Sep29shuffle1_100000filtered,ELS,"Sanguino-Gomez and Krugers, 2024",1,2,700,1292,0,0,0
73.4,Animal_73_4DLC_resnet50_Freezing_07-2020Sep29shuffle1_100000filtered,ELS,"Sanguino-Gomez and Krugers, 2024",1,3,621,1292,6,0.96618357487922701,0.46439628482972128
73.4,Animal_73_4DLC_resnet50_Freezing_07-2020Sep29shuffle1_100000filtered,ELS,"Sanguino-Gomez and Krugers, 2024",1,4,35,1292,4,11.428571428571431,0.30959752321981432
73.4,Animal_73_4DLC_resnet50_Freezing_07-2020Sep29shuffle1_100000filtered,ELS,"Sanguino-Gomez and Krugers, 2024",1,5,461,1292,3,0.65075921908893708,0.2321981424148607
73.4,Animal_73_4DLC_resnet50_Freezing_07-2020Sep29shuffle1_100000filtered,ELS,"Sanguino-Gomez and Krugers, 2024",1,6,1548,1292,11,0.710594315245478,0.85139318885448911
73.4,Animal_73_4DLC_resnet50_Freezing_07-2020Sep29shuffle1_100000filtered,ELS,"Sanguino-Gomez and Krugers, 2024",1,7,233,1292,0,0,0
73.4,Animal_73_4DLC_resnet50_Freezing_07-2020Sep29shuffle1_100000filtered,ELS,"Sanguino-Gomez and Krugers, 2024",1,8,9,1292,0,0,0
73.4,Animal_73_4DLC_resnet50_Freezing_07-2020Sep29shuffle1_100000filtered,ELS,"Sanguino-Gomez and Krugers, 2024",1,9,18,1292,0,0,0
73.4,Animal_73_4DLC_resnet50_Freezing_07-2020Sep29shuffle1_100000filtered,ELS,"Sanguino-Gomez and Krugers, 2024",1,10,103,1292,0,0,0
73.4,Animal_73_4DLC_resnet50_Freezing_07-2020Sep29shuffle1_100000filtered,ELS,"Sanguino-Gomez and Krugers, 2024",1,11,15,1292,0,0,0
73.4,Animal_73_4DLC_resnet50_Freezing_07-2020Sep29shuffle1_100000filtered,ELS,"Sanguino-Gomez and Krugers, 2024",1,12,86,1292,0,0,0
73.4,Animal_73_4DLC_resnet50_Freezing_07-2020Sep29shuffle1_100000filtered,ELS,"Sanguino-Gomez and Krugers, 2024",1,13,610,1292,68,11.147540983606561,5.2631578947368416
73.4,Animal_73_4DLC_resnet50_Freezing_07-2020Sep29shuffle1_100000filtered,ELS,"Sanguino-Gomez and Krugers, 2024",1,14,76,1292,0,0,0
73.4,Animal_73_4DLC_resnet50_Freezing_07-2020Sep29shuffle1_100000filtered,ELS,"Sanguino-Gomez and Krugers, 2024",1,15,28,1292,0,0,0
73.4,Animal_73_4DLC_resnet50_Freezing_07-2020Sep29shuffle1_100000filtered,ELS,"Sanguino-Gomez and Krugers, 2024",1,16,5,1292,0,0,0
73.4,Animal_73_4DLC_resnet50_Freezing_07-2020Sep29shuffle1_100000filtered,ELS,"Sanguino-Gomez and Krugers, 2024",1,17,22,1292,0,0,0
73.4,Animal_73_4DLC_resnet50_Freezing_07-2020Sep29shuffle1_100000filtered,ELS,"Sanguino-Gomez and Krugers, 2024",1,18,1733,1292,15,0.86555106751298316,1.160990712074303
73.4,Animal_73_4DLC_resnet50_Freezing_07-2020Sep29shuffle1_100000filtered,ELS,"Sanguino-Gomez and Krugers, 2024",1,19,5,1292,0,0,0
73.4,Animal_73_4DLC_resnet50_Freezing_07-2020Sep29shuffle1_100000filtered,ELS,"Sanguino-Gomez and Krugers, 2024",1,20,13,1292,4,30.76923076923077,0.30959752321981432
73.4,Animal_73_4DLC_resnet50_Freezing_07-2020Sep29shuffle1_100000filtered,ELS,"Sanguino-Gomez and Krugers, 2024",1,21,26,1292,0,0,0
73.4,Animal_73_4DLC_resnet50_Freezing_07-2020Sep29shuffle1_100000filtered,ELS,"Sanguino-Gomez and Krugers, 2024",1,22,16,1292,0,0,0
73.4,Animal_73_4DLC_resnet50_Freezing_07-2020Sep29shuffle1_100000filtered,ELS,"Sanguino-Gomez and Krugers, 2024",1,23,51,1292,0,0,0
73.4,Animal_73_4DLC_resnet50_Freezing_07-2020Sep29shuffle1_100000filtered,ELS,"Sanguino-Gomez and Krugers, 2024",1,24,4,1292,0,0,0
73.4,Animal_73_4DLC_resnet50_Freezing_07-2020Sep29shuffle1_100000filtered,ELS,"Sanguino-Gomez and Krugers, 2024",1,25,7,1292,0,0,0
73.4,Animal_73_4DLC_resnet50_Freezing_07-2020Sep29shuffle1_100000filtered,ELS,"Sanguino-Gomez and Krugers, 2024",1,26,453,1292,19,4.1942604856512142,1.470588235294118
73.4,Animal_73_4DLC_resnet50_Freezing_07-2020Sep29shuffle1_100000filtered,ELS,"Sanguino-Gomez and Krugers, 2024",1,27,21,1292,0,0,0
73.4,Animal_73_4DLC_resnet50_Freezing_07-2020Sep29shuffle1_100000filtered,ELS,"Sanguino-Gomez and Krugers, 2024",1,28,14,1292,8,57.142857142857139,0.61919504643962853
73.4,Animal_73_4DLC_resnet50_Freezing_07-2020Sep29shuffle1_100000filtered,ELS,"Sanguino-Gomez and Krugers, 2024",1,29,13,1292,0,0,0
73.4,Animal_73_4DLC_resnet50_Freezing_07-2020Sep29shuffle1_100000filtered,ELS,"Sanguino-Gomez and Krugers, 2024",1,30,47,1292,0,0,0
73.4,Animal_73_4DLC_resnet50_Freezing_07-2020Sep29shuffle1_100000filtered,ELS,"Sanguino-Gomez and Krugers, 2024",1,31,7,1292,0,0,0
73.4,Animal_73_4DLC_resnet50_Freezing_07-2020Sep29shuffle1_100000filtered,ELS,"Sanguino-Gomez and Krugers, 2024",1,32,21,1292,0,0,0
73.4,Animal_73_4DLC_resnet50_Freezing_07-2020Sep29shuffle1_100000filtered,ELS,"Sanguino-Gomez and Krugers, 2024",1,34,15,1292,0,0,0
75.1,Animal_75_1DLC_resnet50_Freezing_07-2020Sep29shuffle1_100000filtered,ELS,"Sanguino-Gomez and Krugers, 2024",1,0,984,814,666,67.682926829268297,81.818181818181827
75.1,Animal_75_1DLC_resnet50_Freezing_07-2020Sep29shuffle1_100000filtered,ELS,"Sanguino-Gomez and Krugers, 2024",1,1,1627,814,24,1.4751075599262451,2.9484029484029479
75.1,Animal_75_1DLC_resnet50_Freezing_07-2020Sep29shuffle1_100000filtered,ELS,"Sanguino-Gomez and Krugers, 2024",1,2,2112,814,2,9.4696969696969696E-2,0.24570024570024571
75.1,Animal_75_1DLC_resnet50_Freezing_07-2020Sep29shuffle1_100000filtered,ELS,"Sanguino-Gomez and Krugers, 2024",1,3,1242,814,9,0.72463768115942029,1.105651105651106
75.1,Animal_75_1DLC_resnet50_Freezing_07-2020Sep29shuffle1_100000filtered,ELS,"Sanguino-Gomez and Krugers, 2024",1,4,80,814,5,6.25,0.61425061425061422
75.1,Animal_75_1DLC_resnet50_Freezing_07-2020Sep29shuffle1_100000filtered,ELS,"Sanguino-Gomez and Krugers, 2024",1,5,728,814,5,0.68681318681318682,0.61425061425061422
75.1,Animal_75_1DLC_resnet50_Freezing_07-2020Sep29shuffle1_100000filtered,ELS,"Sanguino-Gomez and Krugers, 2024",1,6,1271,814,34,2.6750590086546029,4.176904176904177
75.1,Animal_75_1DLC_resnet50_Freezing_07-2020Sep29shuffle1_100000filtered,ELS,"Sanguino-Gomez and Krugers, 2024",1,7,337,814,0,0,0
75.1,Animal_75_1DLC_resnet50_Freezing_07-2020Sep29shuffle1_100000filtered,ELS,"Sanguino-Gomez and Krugers, 2024",1,8,2,814,0,0,0
75.1,Animal_75_1DLC_resnet50_Freezing_07-2020Sep29shuffle1_100000filtered,ELS,"Sanguino-Gomez and Krugers, 2024",1,9,67,814,0,0,0
75.1,Animal_75_1DLC_resnet50_Freezing_07-2020Sep29shuffle1_100000filtered,ELS,"Sanguino-Gomez and Krugers, 2024",1,10,250,814,2,0.8,0.24570024570024571
75.1,Animal_75_1DLC_resnet50_Freezing_07-2020Sep29shuffle1_100000filtered,ELS,"Sanguino-Gomez and Krugers, 2024",1,11,103,814,0,0,0
75.1,Animal_75_1DLC_resnet50_Freezing_07-2020Sep29shuffle1_100000filtered,ELS,"Sanguino-Gomez and Krugers, 2024",1,12,325,814,0,0,0
75.1,Animal_75_1DLC_resnet50_Freezing_07-2020Sep29shuffle1_100000filtered,ELS,"Sanguino-Gomez and Krugers, 2024",1,13,352,814,43,12.21590909090909,5.2825552825552826
75.1,Animal_75_1DLC_resnet50_Freezing_07-2020Sep29shuffle1_100000filtered,ELS,"Sanguino-Gomez and Krugers, 2024",1,14,285,814,0,0,0
75.1,Animal_75_1DLC_resnet50_Freezing_07-2020Sep29shuffle1_100000filtered,ELS,"Sanguino-Gomez and Krugers, 2024",1,15,40,814,0,0,0
75.1,Animal_75_1DLC_resnet50_Freezing_07-2020Sep29shuffle1_100000filtered,ELS,"Sanguino-Gomez and Krugers, 2024",1,16,87,814,0,0,0
75.1,Animal_75_1DLC_resnet50_Freezing_07-2020Sep29shuffle1_100000filtered,ELS,"Sanguino-Gomez and Krugers, 2024",1,17,64,814,1,1.5625,0.12285012285012289
75.1,Animal_75_1DLC_resnet50_Freezing_07-2020Sep29shuffle1_100000filtered,ELS,"Sanguino-Gomez and Krugers, 2024",1,18,588,814,0,0,0
75.1,Animal_75_1DLC_resnet50_Freezing_07-2020Sep29shuffle1_100000filtered,ELS,"Sanguino-Gomez and Krugers, 2024",1,19,81,814,1,1.2345679012345681,0.12285012285012289
75.1,Animal_75_1DLC_resnet50_Freezing_07-2020Sep29shuffle1_100000filtered,ELS,"Sanguino-Gomez and Krugers, 2024",1,20,50,814,0,0,0
75.1,Animal_75_1DLC_resnet50_Freezing_07-2020Sep29shuffle1_100000filtered,ELS,"Sanguino-Gomez and Krugers, 2024",1,21,137,814,0,0,0
75.1,Animal_75_1DLC_resnet50_Freezing_07-2020Sep29shuffle1_100000filtered,ELS,"Sanguino-Gomez and Krugers, 2024",1,22,89,814,0,0,0
75.1,Animal_75_1DLC_resnet50_Freezing_07-2020Sep29shuffle1_100000filtered,ELS,"Sanguino-Gomez and Krugers, 2024",1,23,15,814,0,0,0
75.1,Animal_75_1DLC_resnet50_Freezing_07-2020Sep29shuffle1_100000filtered,ELS,"Sanguino-Gomez and Krugers, 2024",1,24,2,814,0,0,0
75.1,Animal_75_1DLC_resnet50_Freezing_07-2020Sep29shuffle1_100000filtered,ELS,"Sanguino-Gomez and Krugers, 2024",1,25,80,814,0,0,0
75.1,Animal_75_1DLC_resnet50_Freezing_07-2020Sep29shuffle1_100000filtered,ELS,"Sanguino-Gomez and Krugers, 2024",1,26,36,814,5,13.888888888888889,0.61425061425061422
75.1,Animal_75_1DLC_resnet50_Freezing_07-2020Sep29shuffle1_100000filtered,ELS,"Sanguino-Gomez and Krugers, 2024",1,27,21,814,0,0,0
75.1,Animal_75_1DLC_resnet50_Freezing_07-2020Sep29shuffle1_100000filtered,ELS,"Sanguino-Gomez and Krugers, 2024",1,28,25,814,17,68,2.088452088452089
75.1,Animal_75_1DLC_resnet50_Freezing_07-2020Sep29shuffle1_100000filtered,ELS,"Sanguino-Gomez and Krugers, 2024",1,29,35,814,0,0,0
75.1,Animal_75_1DLC_resnet50_Freezing_07-2020Sep29shuffle1_100000filtered,ELS,"Sanguino-Gomez and Krugers, 2024",1,30,22,814,0,0,0
75.1,Animal_75_1DLC_resnet50_Freezing_07-2020Sep29shuffle1_100000filtered,ELS,"Sanguino-Gomez and Krugers, 2024",1,32,27,814,0,0,0
75.1,Animal_75_1DLC_resnet50_Freezing_07-2020Sep29shuffle1_100000filtered,ELS,"Sanguino-Gomez and Krugers, 2024",1,33,4,814,0,0,0
75.1,Animal_75_1DLC_resnet50_Freezing_07-2020Sep29shuffle1_100000filtered,ELS,"Sanguino-Gomez and Krugers, 2024",1,39,20,814,0,0,0
75.1,Animal_75_1DLC_resnet50_Freezing_07-2020Sep29shuffle1_100000filtered,ELS,"Sanguino-Gomez and Krugers, 2024",1,41,6,814,0,0,0
75.1,Animal_75_1DLC_resnet50_Freezing_07-2020Sep29shuffle1_100000filtered,ELS,"Sanguino-Gomez and Krugers, 2024",1,43,11,814,0,0,0
75.1,Animal_75_1DLC_resnet50_Freezing_07-2020Sep29shuffle1_100000filtered,ELS,"Sanguino-Gomez and Krugers, 2024",1,45,45,814,0,0,0
88.2,Animal_88_2DLC_resnet50_Freezing_07-2020Sep29shuffle1_100000filtered,ELS,"Sanguino-Gomez and Krugers, 2024",1,0,1499,1357,1083,72.248165443629091,79.808400884303609
88.2,Animal_88_2DLC_resnet50_Freezing_07-2020Sep29shuffle1_100000filtered,ELS,"Sanguino-Gomez and Krugers, 2024",1,1,2312,1357,119,5.1470588235294112,8.7693441414885775
88.2,Animal_88_2DLC_resnet50_Freezing_07-2020Sep29shuffle1_100000filtered,ELS,"Sanguino-Gomez and Krugers, 2024",1,2,2171,1357,10,0.46061722708429292,0.73691967575534267
88.2,Animal_88_2DLC_resnet50_Freezing_07-2020Sep29shuffle1_100000filtered,ELS,"Sanguino-Gomez and Krugers, 2024",1,3,1337,1357,30,2.2438294689603588,2.210759027266028
88.2,Animal_88_2DLC_resnet50_Freezing_07-2020Sep29shuffle1_100000filtered,ELS,"Sanguino-Gomez and Krugers, 2024",1,4,67,1357,0,0,0
88.2,Animal_88_2DLC_resnet50_Freezing_07-2020Sep29shuffle1_100000filtered,ELS,"Sanguino-Gomez and Krugers, 2024",1,5,339,1357,7,2.0648967551622421,0.51584377302873985
88.2,Animal_88_2DLC_resnet50_Freezing_07-2020Sep29shuffle1_100000filtered,ELS,"Sanguino-Gomez and Krugers, 2024",1,6,1126,1357,19,1.687388987566607,1.400147383935151
88.2,Animal_88_2DLC_resnet50_Freezing_07-2020Sep29shuffle1_100000filtered,ELS,"Sanguino-Gomez and Krugers, 2024",1,7,329,1357,0,0,0
88.2,Animal_88_2DLC_resnet50_Freezing_07-2020Sep29shuffle1_100000filtered,ELS,"Sanguino-Gomez and Krugers, 2024",1,8,10,1357,0,0,0
88.2,Animal_88_2DLC_resnet50_Freezing_07-2020Sep29shuffle1_100000filtered,ELS,"Sanguino-Gomez and Krugers, 2024",1,9,16,1357,0,0,0
88.2,Animal_88_2DLC_resnet50_Freezing_07-2020Sep29shuffle1_100000filtered,ELS,"Sanguino-Gomez and Krugers, 2024",1,10,308,1357,2,0.64935064935064934,0.14738393515106851
88.2,Animal_88_2DLC_resnet50_Freezing_07-2020Sep29shuffle1_100000filtered,ELS,"Sanguino-Gomez and Krugers, 2024",1,11,141,1357,0,0,0
88.2,Animal_88_2DLC_resnet50_Freezing_07-2020Sep29shuffle1_100000filtered,ELS,"Sanguino-Gomez and Krugers, 2024",1,12,154,1357,0,0,0
88.2,Animal_88_2DLC_resnet50_Freezing_07-2020Sep29shuffle1_100000filtered,ELS,"Sanguino-Gomez and Krugers, 2024",1,13,183,1357,52,28.415300546448091,3.831982313927782
88.2,Animal_88_2DLC_resnet50_Freezing_07-2020Sep29shuffle1_100000filtered,ELS,"Sanguino-Gomez and Krugers, 2024",1,14,113,1357,0,0,0
88.2,Animal_88_2DLC_resnet50_Freezing_07-2020Sep29shuffle1_100000filtered,ELS,"Sanguino-Gomez and Krugers, 2024",1,15,50,1357,0,0,0
88.2,Animal_88_2DLC_resnet50_Freezing_07-2020Sep29shuffle1_100000filtered,ELS,"Sanguino-Gomez and Krugers, 2024",1,16,47,1357,0,0,0
88.2,Animal_88_2DLC_resnet50_Freezing_07-2020Sep29shuffle1_100000filtered,ELS,"Sanguino-Gomez and Krugers, 2024",1,18,380,1357,0,0,0
88.2,Animal_88_2DLC_resnet50_Freezing_07-2020Sep29shuffle1_100000filtered,ELS,"Sanguino-Gomez and Krugers, 2024",1,19,23,1357,0,0,0
88.2,Animal_88_2DLC_resnet50_Freezing_07-2020Sep29shuffle1_100000filtered,ELS,"Sanguino-Gomez and Krugers, 2024",1,20,194,1357,21,10.82474226804124,1.5475313190862201
88.2,Animal_88_2DLC_resnet50_Freezing_07-2020Sep29shuffle1_100000filtered,ELS,"Sanguino-Gomez and Krugers, 2024",1,21,80,1357,3,3.75,0.2210759027266028
88.2,Animal_88_2DLC_resnet50_Freezing_07-2020Sep29shuffle1_100000filtered,ELS,"Sanguino-Gomez and Krugers, 2024",1,22,78,1357,0,0,0
88.2,Animal_88_2DLC_resnet50_Freezing_07-2020Sep29shuffle1_100000filtered,ELS,"Sanguino-Gomez and Krugers, 2024",1,25,29,1357,0,0,0
88.2,Animal_88_2DLC_resnet50_Freezing_07-2020Sep29shuffle1_100000filtered,ELS,"Sanguino-Gomez and Krugers, 2024",1,27,113,1357,0,0,0
88.2,Animal_88_2DLC_resnet50_Freezing_07-2020Sep29shuffle1_100000filtered,ELS,"Sanguino-Gomez and Krugers, 2024",1,28,22,1357,9,40.909090909090907,0.66322770817980836
88.2,Animal_88_2DLC_resnet50_Freezing_07-2020Sep29shuffle1_100000filtered,ELS,"Sanguino-Gomez and Krugers, 2024",1,30,33,1357,0,0,0
88.2,Animal_88_2DLC_resnet50_Freezing_07-2020Sep29shuffle1_100000filtered,ELS,"Sanguino-Gomez and Krugers, 2024",1,33,6,1357,0,0,0
88.2,Animal_88_2DLC_resnet50_Freezing_07-2020Sep29shuffle1_100000filtered,ELS,"Sanguino-Gomez and Krugers, 2024",1,36,5,1357,0,0,0
88.2,Animal_88_2DLC_resnet50_Freezing_07-2020Sep29shuffle1_100000filtered,ELS,"Sanguino-Gomez and Krugers, 2024",1,37,81,1357,1,1.2345679012345681,7.369196757553427E-2
88.2,Animal_88_2DLC_resnet50_Freezing_07-2020Sep29shuffle1_100000filtered,ELS,"Sanguino-Gomez and Krugers, 2024",1,41,4,1357,1,25,7.369196757553427E-2
88.3,Animal_88_3DLC_resnet50_Freezing_07-2020Sep29shuffle1_100000filtered,ELS,"Sanguino-Gomez and Krugers, 2024",1,0,1410,1420,1125,79.787234042553195,79.225352112676063
88.3,Animal_88_3DLC_resnet50_Freezing_07-2020Sep29shuffle1_100000filtered,ELS,"Sanguino-Gomez and Krugers, 2024",1,1,1892,1420,112,5.9196617336152224,7.887323943661972
88.3,Animal_88_3DLC_resnet50_Freezing_07-2020Sep29shuffle1_100000filtered,ELS,"Sanguino-Gomez and Krugers, 2024",1,2,1147,1420,5,0.4359197907585004,0.35211267605633811
88.3,Animal_88_3DLC_resnet50_Freezing_07-2020Sep29shuffle1_100000filtered,ELS,"Sanguino-Gomez and Krugers, 2024",1,3,2441,1420,34,1.3928717738631711,2.394366197183099
88.3,Animal_88_3DLC_resnet50_Freezing_07-2020Sep29shuffle1_100000filtered,ELS,"Sanguino-Gomez and Krugers, 2024",1,4,97,1420,28,28.865979381443299,1.971830985915493
88.3,Animal_88_3DLC_resnet50_Freezing_07-2020Sep29shuffle1_100000filtered,ELS,"Sanguino-Gomez and Krugers, 2024",1,5,782,1420,6,0.76726342710997442,0.42253521126760563
88.3,Animal_88_3DLC_resnet50_Freezing_07-2020Sep29shuffle1_100000filtered,ELS,"Sanguino-Gomez and Krugers, 2024",1,6,797,1420,16,2.0075282308657458,1.126760563380282
88.3,Animal_88_3DLC_resnet50_Freezing_07-2020Sep29shuffle1_100000filtered,ELS,"Sanguino-Gomez and Krugers, 2024",1,7,235,1420,0,0,0
88.3,Animal_88_3DLC_resnet50_Freezing_07-2020Sep29shuffle1_100000filtered,ELS,"Sanguino-Gomez and Krugers, 2024",1,8,15,1420,0,0,0
88.3,Animal_88_3DLC_resnet50_Freezing_07-2020Sep29shuffle1_100000filtered,ELS,"Sanguino-Gomez and Krugers, 2024",1,9,36,1420,0,0,0
88.3,Animal_88_3DLC_resnet50_Freezing_07-2020Sep29shuffle1_100000filtered,ELS,"Sanguino-Gomez and Krugers, 2024",1,10,381,1420,1,0.26246719160104992,7.0422535211267609E-2
88.3,Animal_88_3DLC_resnet50_Freezing_07-2020Sep29shuffle1_100000filtered,ELS,"Sanguino-Gomez and Krugers, 2024",1,11,192,1420,0,0,0
88.3,Animal_88_3DLC_resnet50_Freezing_07-2020Sep29shuffle1_100000filtered,ELS,"Sanguino-Gomez and Krugers, 2024",1,12,199,1420,0,0,0
88.3,Animal_88_3DLC_resnet50_Freezing_07-2020Sep29shuffle1_100000filtered,ELS,"Sanguino-Gomez and Krugers, 2024",1,13,309,1420,67,21.68284789644013,4.71830985915493
88.3,Animal_88_3DLC_resnet50_Freezing_07-2020Sep29shuffle1_100000filtered,ELS,"Sanguino-Gomez and Krugers, 2024",1,14,161,1420,0,0,0
88.3,Animal_88_3DLC_resnet50_Freezing_07-2020Sep29shuffle1_100000filtered,ELS,"Sanguino-Gomez and Krugers, 2024",1,15,74,1420,0,0,0
88.3,Animal_88_3DLC_resnet50_Freezing_07-2020Sep29shuffle1_100000filtered,ELS,"Sanguino-Gomez and Krugers, 2024",1,16,93,1420,3,3.225806451612903,0.21126760563380281
88.3,Animal_88_3DLC_resnet50_Freezing_07-2020Sep29shuffle1_100000filtered,ELS,"Sanguino-Gomez and Krugers, 2024",1,17,38,1420,4,10.52631578947368,0.28169014084507038
88.3,Animal_88_3DLC_resnet50_Freezing_07-2020Sep29shuffle1_100000filtered,ELS,"Sanguino-Gomez and Krugers, 2024",1,18,223,1420,0,0,0
88.3,Animal_88_3DLC_resnet50_Freezing_07-2020Sep29shuffle1_100000filtered,ELS,"Sanguino-Gomez and Krugers, 2024",1,19,45,1420,0,0,0
88.3,Animal_88_3DLC_resnet50_Freezing_07-2020Sep29shuffle1_100000filtered,ELS,"Sanguino-Gomez and Krugers, 2024",1,20,104,1420,19,18.26923076923077,1.3380281690140849
88.3,Animal_88_3DLC_resnet50_Freezing_07-2020Sep29shuffle1_100000filtered,ELS,"Sanguino-Gomez and Krugers, 2024",1,21,121,1420,0,0,0
88.3,Animal_88_3DLC_resnet50_Freezing_07-2020Sep29shuffle1_100000filtered,ELS,"Sanguino-Gomez and Krugers, 2024",1,22,56,1420,0,0,0
88.3,Animal_88_3DLC_resnet50_Freezing_07-2020Sep29shuffle1_100000filtered,ELS,"Sanguino-Gomez and Krugers, 2024",1,23,39,1420,0,0,0
88.3,Animal_88_3DLC_resnet50_Freezing_07-2020Sep29shuffle1_100000filtered,ELS,"Sanguino-Gomez and Krugers, 2024",1,24,6,1420,0,0,0
88.3,Animal_88_3DLC_resnet50_Freezing_07-2020Sep29shuffle1_100000filtered,ELS,"Sanguino-Gomez and Krugers, 2024",1,25,204,1420,0,0,0
88.3,Animal_88_3DLC_resnet50_Freezing_07-2020Sep29shuffle1_100000filtered,ELS,"Sanguino-Gomez and Krugers, 2024",1,27,55,1420,0,0,0
88.3,Animal_88_3DLC_resnet50_Freezing_07-2020Sep29shuffle1_100000filtered,ELS,"Sanguino-Gomez and Krugers, 2024",1,29,22,1420,0,0,0
88.3,Animal_88_3DLC_resnet50_Freezing_07-2020Sep29shuffle1_100000filtered,ELS,"Sanguino-Gomez and Krugers, 2024",1,30,21,1420,0,0,0
88.3,Animal_88_3DLC_resnet50_Freezing_07-2020Sep29shuffle1_100000filtered,ELS,"Sanguino-Gomez and Krugers, 2024",1,31,7,1420,0,0,0
88.3,Animal_88_3DLC_resnet50_Freezing_07-2020Sep29shuffle1_100000filtered,ELS,"Sanguino-Gomez and Krugers, 2024",1,32,18,1420,0,0,0
88.3,Animal_88_3DLC_resnet50_Freezing_07-2020Sep29shuffle1_100000filtered,ELS,"Sanguino-Gomez and Krugers, 2024",1,33,5,1420,0,0,0
88.3,Animal_88_3DLC_resnet50_Freezing_07-2020Sep29shuffle1_100000filtered,ELS,"Sanguino-Gomez and Krugers, 2024",1,34,7,1420,0,0,0
88.3,Animal_88_3DLC_resnet50_Freezing_07-2020Sep29shuffle1_100000filtered,ELS,"Sanguino-Gomez and Krugers, 2024",1,35,5,1420,0,0,0
88.3,Animal_88_3DLC_resnet50_Freezing_07-2020Sep29shuffle1_100000filtered,ELS,"Sanguino-Gomez and Krugers, 2024",1,36,7,1420,0,0,0
88.3,Animal_88_3DLC_resnet50_Freezing_07-2020Sep29shuffle1_100000filtered,ELS,"Sanguino-Gomez and Krugers, 2024",1,42,6,1420,0,0,0
129.1,Animal_129_1DLC_resnet50_Freezing_07-2020Sep29shuffle1_100000filtered,Control,"Sanguino-Gomez et al., 2024",3,0,3680,3083,2741,74.483695652173907,88.906908855011352
129.1,Animal_129_1DLC_resnet50_Freezing_07-2020Sep29shuffle1_100000filtered,Control,"Sanguino-Gomez et al., 2024",3,1,1163,3083,28,2.407566638005159,0.90820629257216989
129.1,Animal_129_1DLC_resnet50_Freezing_07-2020Sep29shuffle1_100000filtered,Control,"Sanguino-Gomez et al., 2024",3,2,46,3083,0,0,0
129.1,Animal_129_1DLC_resnet50_Freezing_07-2020Sep29shuffle1_100000filtered,Control,"Sanguino-Gomez et al., 2024",3,3,77,3083,2,2.5974025974025969,6.4871878040869274E-2
129.1,Animal_129_1DLC_resnet50_Freezing_07-2020Sep29shuffle1_100000filtered,Control,"Sanguino-Gomez et al., 2024",3,4,66,3083,5,7.5757575757575761,0.1621796951021732
129.1,Animal_129_1DLC_resnet50_Freezing_07-2020Sep29shuffle1_100000filtered,Control,"Sanguino-Gomez et al., 2024",3,5,59,3083,0,0,0
129.1,Animal_129_1DLC_resnet50_Freezing_07-2020Sep29shuffle1_100000filtered,Control,"Sanguino-Gomez et al., 2024",3,6,1465,3083,14,0.95563139931740604,0.45410314628608489
129.1,Animal_129_1DLC_resnet50_Freezing_07-2020Sep29shuffle1_100000filtered,Control,"Sanguino-Gomez et al., 2024",3,7,23,3083,0,0,0
129.1,Animal_129_1DLC_resnet50_Freezing_07-2020Sep29shuffle1_100000filtered,Control,"Sanguino-Gomez et al., 2024",3,9,5,3083,0,0,0
129.1,Animal_129_1DLC_resnet50_Freezing_07-2020Sep29shuffle1_100000filtered,Control,"Sanguino-Gomez et al., 2024",3,10,2,3083,0,0,0
129.1,Animal_129_1DLC_resnet50_Freezing_07-2020Sep29shuffle1_100000filtered,Control,"Sanguino-Gomez et al., 2024",3,12,23,3083,0,0,0
129.1,Animal_129_1DLC_resnet50_Freezing_07-2020Sep29shuffle1_100000filtered,Control,"Sanguino-Gomez et al., 2024",3,13,1509,3083,278,18.422796554009281,9.0171910476808304
129.1,Animal_129_1DLC_resnet50_Freezing_07-2020Sep29shuffle1_100000filtered,Control,"Sanguino-Gomez et al., 2024",3,15,18,3083,0,0,0
129.1,Animal_129_1DLC_resnet50_Freezing_07-2020Sep29shuffle1_100000filtered,Control,"Sanguino-Gomez et al., 2024",3,16,6,3083,0,0,0
129.1,Animal_129_1DLC_resnet50_Freezing_07-2020Sep29shuffle1_100000filtered,Control,"Sanguino-Gomez et al., 2024",3,18,2382,3083,12,0.50377833753148615,0.3892312682452157
129.1,Animal_129_1DLC_resnet50_Freezing_07-2020Sep29shuffle1_100000filtered,Control,"Sanguino-Gomez et al., 2024",3,19,7,3083,0,0,0
129.1,Animal_129_1DLC_resnet50_Freezing_07-2020Sep29shuffle1_100000filtered,Control,"Sanguino-Gomez et al., 2024",3,20,95,3083,0,0,0
129.1,Animal_129_1DLC_resnet50_Freezing_07-2020Sep29shuffle1_100000filtered,Control,"Sanguino-Gomez et al., 2024",3,21,5,3083,0,0,0
129.1,Animal_129_1DLC_resnet50_Freezing_07-2020Sep29shuffle1_100000filtered,Control,"Sanguino-Gomez et al., 2024",3,22,18,3083,0,0,0
129.1,Animal_129_1DLC_resnet50_Freezing_07-2020Sep29shuffle1_100000filtered,Control,"Sanguino-Gomez et al., 2024",3,23,7,3083,0,0,0
129.1,Animal_129_1DLC_resnet50_Freezing_07-2020Sep29shuffle1_100000filtered,Control,"Sanguino-Gomez et al., 2024",3,25,24,3083,0,0,0
129.1,Animal_129_1DLC_resnet50_Freezing_07-2020Sep29shuffle1_100000filtered,Control,"Sanguino-Gomez et al., 2024",3,26,532,3083,3,0.56390977443609014,9.7307817061303925E-2
129.1,Animal_129_1DLC_resnet50_Freezing_07-2020Sep29shuffle1_100000filtered,Control,"Sanguino-Gomez et al., 2024",3,30,17,3083,0,0,0
129.1,Animal_129_1DLC_resnet50_Freezing_07-2020Sep29shuffle1_100000filtered,Control,"Sanguino-Gomez et al., 2024",3,31,4,3083,0,0,0
129.1,Animal_129_1DLC_resnet50_Freezing_07-2020Sep29shuffle1_100000filtered,Control,"Sanguino-Gomez et al., 2024",3,33,1,3083,0,0,0
129.1,Animal_129_1DLC_resnet50_Freezing_07-2020Sep29shuffle1_100000filtered,Control,"Sanguino-Gomez et al., 2024",3,34,1,3083,0,0,0
129.1,Animal_129_1DLC_resnet50_Freezing_07-2020Sep29shuffle1_100000filtered,Control,"Sanguino-Gomez et al., 2024",3,35,15,3083,0,0,0
129.4,Animal_129_4DLC_resnet50_Freezing_07-2020Sep29shuffle1_100000filtered,Control,"Sanguino-Gomez et al., 2024",3,0,4047,3846,3509,86.706202125030885,91.237649505980229
129.4,Animal_129_4DLC_resnet50_Freezing_07-2020Sep29shuffle1_100000filtered,Control,"Sanguino-Gomez et al., 2024",3,1,2766,3846,54,1.952277657266811,1.40405616224649
129.4,Animal_129_4DLC_resnet50_Freezing_07-2020Sep29shuffle1_100000filtered,Control,"Sanguino-Gomez et al., 2024",3,2,35,3846,0,0,0
129.4,Animal_129_4DLC_resnet50_Freezing_07-2020Sep29shuffle1_100000filtered,Control,"Sanguino-Gomez et al., 2024",3,3,300,3846,18,6,0.46801872074883
129.4,Animal_129_4DLC_resnet50_Freezing_07-2020Sep29shuffle1_100000filtered,Control,"Sanguino-Gomez et al., 2024",3,4,429,3846,117,27.27272727272727,3.0421216848673951
129.4,Animal_129_4DLC_resnet50_Freezing_07-2020Sep29shuffle1_100000filtered,Control,"Sanguino-Gomez et al., 2024",3,5,19,3846,0,0,0
129.4,Animal_129_4DLC_resnet50_Freezing_07-2020Sep29shuffle1_100000filtered,Control,"Sanguino-Gomez et al., 2024",3,6,1537,3846,16,1.040988939492518,0.41601664066562671
129.4,Animal_129_4DLC_resnet50_Freezing_07-2020Sep29shuffle1_100000filtered,Control,"Sanguino-Gomez et al., 2024",3,7,52,3846,0,0,0
129.4,Animal_129_4DLC_resnet50_Freezing_07-2020Sep29shuffle1_100000filtered,Control,"Sanguino-Gomez et al., 2024",3,9,12,3846,0,0,0
129.4,Animal_129_4DLC_resnet50_Freezing_07-2020Sep29shuffle1_100000filtered,Control,"Sanguino-Gomez et al., 2024",3,11,15,3846,0,0,0
129.4,Animal_129_4DLC_resnet50_Freezing_07-2020Sep29shuffle1_100000filtered,Control,"Sanguino-Gomez et al., 2024",3,13,1307,3846,130,9.946442234123948,3.3801352054082159
129.4,Animal_129_4DLC_resnet50_Freezing_07-2020Sep29shuffle1_100000filtered,Control,"Sanguino-Gomez et al., 2024",3,15,6,3846,0,0,0
129.4,Animal_129_4DLC_resnet50_Freezing_07-2020Sep29shuffle1_100000filtered,Control,"Sanguino-Gomez et al., 2024",3,16,7,3846,0,0,0
129.4,Animal_129_4DLC_resnet50_Freezing_07-2020Sep29shuffle1_100000filtered,Control,"Sanguino-Gomez et al., 2024",3,18,144,3846,0,0,0
129.4,Animal_129_4DLC_resnet50_Freezing_07-2020Sep29shuffle1_100000filtered,Control,"Sanguino-Gomez et al., 2024",3,19,22,3846,0,0,0
129.4,Animal_129_4DLC_resnet50_Freezing_07-2020Sep29shuffle1_100000filtered,Control,"Sanguino-Gomez et al., 2024",3,20,66,3846,0,0,0
129.4,Animal_129_4DLC_resnet50_Freezing_07-2020Sep29shuffle1_100000filtered,Control,"Sanguino-Gomez et al., 2024",3,23,65,3846,0,0,0
129.4,Animal_129_4DLC_resnet50_Freezing_07-2020Sep29shuffle1_100000filtered,Control,"Sanguino-Gomez et al., 2024",3,25,24,3846,0,0,0
129.4,Animal_129_4DLC_resnet50_Freezing_07-2020Sep29shuffle1_100000filtered,Control,"Sanguino-Gomez et al., 2024",3,26,300,3846,2,0.66666666666666674,5.2002080083203332E-2
129.4,Animal_129_4DLC_resnet50_Freezing_07-2020Sep29shuffle1_100000filtered,Control,"Sanguino-Gomez et al., 2024",3,27,62,3846,0,0,0
129.4,Animal_129_4DLC_resnet50_Freezing_07-2020Sep29shuffle1_100000filtered,Control,"Sanguino-Gomez et al., 2024",3,29,5,3846,0,0,0
129.4,Animal_129_4DLC_resnet50_Freezing_07-2020Sep29shuffle1_100000filtered,Control,"Sanguino-Gomez et al., 2024",3,30,27,3846,0,0,0
129.4,Animal_129_4DLC_resnet50_Freezing_07-2020Sep29shuffle1_100000filtered,Control,"Sanguino-Gomez et al., 2024",3,34,3,3846,0,0,0
136.2,Animal_136_2DLC_resnet50_Freezing_07-2020Sep29shuffle1_100000filtered,Control,"Sanguino-Gomez et al., 2024",3,0,2680,2374,2102,78.432835820895519,88.542544229149115
136.2,Animal_136_2DLC_resnet50_Freezing_07-2020Sep29shuffle1_100000filtered,Control,"Sanguino-Gomez et al., 2024",3,1,1774,2374,71,4.0022547914317927,2.9907329401853411
136.2,Animal_136_2DLC_resnet50_Freezing_07-2020Sep29shuffle1_100000filtered,Control,"Sanguino-Gomez et al., 2024",3,2,347,2374,1,0.28818443804034583,4.2122999157540017E-2
136.2,Animal_136_2DLC_resnet50_Freezing_07-2020Sep29shuffle1_100000filtered,Control,"Sanguino-Gomez et al., 2024",3,3,775,2374,10,1.290322580645161,0.42122999157540009
136.2,Animal_136_2DLC_resnet50_Freezing_07-2020Sep29shuffle1_100000filtered,Control,"Sanguino-Gomez et al., 2024",3,4,135,2374,11,8.1481481481481488,0.46335299073294017
136.2,Animal_136_2DLC_resnet50_Freezing_07-2020Sep29shuffle1_100000filtered,Control,"Sanguino-Gomez et al., 2024",3,5,44,2374,3,6.8181818181818166,0.12636899747262001
136.2,Animal_136_2DLC_resnet50_Freezing_07-2020Sep29shuffle1_100000filtered,Control,"Sanguino-Gomez et al., 2024",3,6,2198,2374,33,1.501364877161055,1.390058972198821
136.2,Animal_136_2DLC_resnet50_Freezing_07-2020Sep29shuffle1_100000filtered,Control,"Sanguino-Gomez et al., 2024",3,7,48,2374,4,8.3333333333333321,0.1684919966301601
136.2,Animal_136_2DLC_resnet50_Freezing_07-2020Sep29shuffle1_100000filtered,Control,"Sanguino-Gomez et al., 2024",3,10,36,2374,0,0,0
136.2,Animal_136_2DLC_resnet50_Freezing_07-2020Sep29shuffle1_100000filtered,Control,"Sanguino-Gomez et al., 2024",3,11,22,2374,0,0,0
136.2,Animal_136_2DLC_resnet50_Freezing_07-2020Sep29shuffle1_100000filtered,Control,"Sanguino-Gomez et al., 2024",3,12,54,2374,0,0,0
136.2,Animal_136_2DLC_resnet50_Freezing_07-2020Sep29shuffle1_100000filtered,Control,"Sanguino-Gomez et al., 2024",3,13,786,2374,95,12.086513994910939,4.0016849199663014
136.2,Animal_136_2DLC_resnet50_Freezing_07-2020Sep29shuffle1_100000filtered,Control,"Sanguino-Gomez et al., 2024",3,15,19,2374,0,0,0
136.2,Animal_136_2DLC_resnet50_Freezing_07-2020Sep29shuffle1_100000filtered,Control,"Sanguino-Gomez et al., 2024",3,16,14,2374,0,0,0
136.2,Animal_136_2DLC_resnet50_Freezing_07-2020Sep29shuffle1_100000filtered,Control,"Sanguino-Gomez et al., 2024",3,17,9,2374,1,11.111111111111111,4.2122999157540017E-2
136.2,Animal_136_2DLC_resnet50_Freezing_07-2020Sep29shuffle1_100000filtered,Control,"Sanguino-Gomez et al., 2024",3,18,1397,2374,2,0.1431639226914817,8.4245998315080034E-2
136.2,Animal_136_2DLC_resnet50_Freezing_07-2020Sep29shuffle1_100000filtered,Control,"Sanguino-Gomez et al., 2024",3,19,6,2374,0,0,0
136.2,Animal_136_2DLC_resnet50_Freezing_07-2020Sep29shuffle1_100000filtered,Control,"Sanguino-Gomez et al., 2024",3,20,17,2374,0,0,0
136.2,Animal_136_2DLC_resnet50_Freezing_07-2020Sep29shuffle1_100000filtered,Control,"Sanguino-Gomez et al., 2024",3,21,27,2374,0,0,0
136.2,Animal_136_2DLC_resnet50_Freezing_07-2020Sep29shuffle1_100000filtered,Control,"Sanguino-Gomez et al., 2024",3,22,15,2374,0,0,0
136.2,Animal_136_2DLC_resnet50_Freezing_07-2020Sep29shuffle1_100000filtered,Control,"Sanguino-Gomez et al., 2024",3,23,8,2374,0,0,0
136.2,Animal_136_2DLC_resnet50_Freezing_07-2020Sep29shuffle1_100000filtered,Control,"Sanguino-Gomez et al., 2024",3,25,6,2374,0,0,0
136.2,Animal_136_2DLC_resnet50_Freezing_07-2020Sep29shuffle1_100000filtered,Control,"Sanguino-Gomez et al., 2024",3,26,564,2374,32,5.6737588652482271,1.347935973041281
136.2,Animal_136_2DLC_resnet50_Freezing_07-2020Sep29shuffle1_100000filtered,Control,"Sanguino-Gomez et al., 2024",3,28,18,2374,9,50,0.37910699241786022
136.2,Animal_136_2DLC_resnet50_Freezing_07-2020Sep29shuffle1_100000filtered,Control,"Sanguino-Gomez et al., 2024",3,29,2,2374,0,0,0
136.2,Animal_136_2DLC_resnet50_Freezing_07-2020Sep29shuffle1_100000filtered,Control,"Sanguino-Gomez et al., 2024",3,30,9,2374,0,0,0
136.2,Animal_136_2DLC_resnet50_Freezing_07-2020Sep29shuffle1_100000filtered,Control,"Sanguino-Gomez et al., 2024",3,32,7,2374,0,0,0
136.2,Animal_136_2DLC_resnet50_Freezing_07-2020Sep29shuffle1_100000filtered,Control,"Sanguino-Gomez et al., 2024",3,33,6,2374,0,0,0
136.2,Animal_136_2DLC_resnet50_Freezing_07-2020Sep29shuffle1_100000filtered,Control,"Sanguino-Gomez et al., 2024",3,35,13,2374,0,0,0
136.2,Animal_136_2DLC_resnet50_Freezing_07-2020Sep29shuffle1_100000filtered,Control,"Sanguino-Gomez et al., 2024",3,37,132,2374,0,0,0
136.2,Animal_136_2DLC_resnet50_Freezing_07-2020Sep29shuffle1_100000filtered,Control,"Sanguino-Gomez et al., 2024",3,44,82,2374,0,0,0
136.3,Animal_136_3DLC_resnet50_Freezing_07-2020Sep29shuffle1_100000filtered,Control,"Sanguino-Gomez et al., 2024",3,0,2300,2420,1848,80.347826086956516,76.363636363636374
136.3,Animal_136_3DLC_resnet50_Freezing_07-2020Sep29shuffle1_100000filtered,Control,"Sanguino-Gomez et al., 2024",3,1,3086,2420,88,2.8515878159429682,3.6363636363636358
136.3,Animal_136_3DLC_resnet50_Freezing_07-2020Sep29shuffle1_100000filtered,Control,"Sanguino-Gomez et al., 2024",3,2,36,2420,0,0,0
136.3,Animal_136_3DLC_resnet50_Freezing_07-2020Sep29shuffle1_100000filtered,Control,"Sanguino-Gomez et al., 2024",3,3,278,2420,5,1.7985611510791371,0.20661157024793389
136.3,Animal_136_3DLC_resnet50_Freezing_07-2020Sep29shuffle1_100000filtered,Control,"Sanguino-Gomez et al., 2024",3,4,79,2420,0,0,0
136.3,Animal_136_3DLC_resnet50_Freezing_07-2020Sep29shuffle1_100000filtered,Control,"Sanguino-Gomez et al., 2024",3,5,86,2420,0,0,0
136.3,Animal_136_3DLC_resnet50_Freezing_07-2020Sep29shuffle1_100000filtered,Control,"Sanguino-Gomez et al., 2024",3,6,1987,2420,21,1.056869652742829,0.86776859504132231
136.3,Animal_136_3DLC_resnet50_Freezing_07-2020Sep29shuffle1_100000filtered,Control,"Sanguino-Gomez et al., 2024",3,7,44,2420,0,0,0
136.3,Animal_136_3DLC_resnet50_Freezing_07-2020Sep29shuffle1_100000filtered,Control,"Sanguino-Gomez et al., 2024",3,8,10,2420,0,0,0
136.3,Animal_136_3DLC_resnet50_Freezing_07-2020Sep29shuffle1_100000filtered,Control,"Sanguino-Gomez et al., 2024",3,9,11,2420,0,0,0
136.3,Animal_136_3DLC_resnet50_Freezing_07-2020Sep29shuffle1_100000filtered,Control,"Sanguino-Gomez et al., 2024",3,11,3,2420,1,33.333333333333329,4.1322314049586778E-2
136.3,Animal_136_3DLC_resnet50_Freezing_07-2020Sep29shuffle1_100000filtered,Control,"Sanguino-Gomez et al., 2024",3,12,52,2420,0,0,0
136.3,Animal_136_3DLC_resnet50_Freezing_07-2020Sep29shuffle1_100000filtered,Control,"Sanguino-Gomez et al., 2024",3,13,1959,2420,402,20.520673813169989,16.61157024793388
136.3,Animal_136_3DLC_resnet50_Freezing_07-2020Sep29shuffle1_100000filtered,Control,"Sanguino-Gomez et al., 2024",3,14,8,2420,0,0,0
136.3,Animal_136_3DLC_resnet50_Freezing_07-2020Sep29shuffle1_100000filtered,Control,"Sanguino-Gomez et al., 2024",3,15,2,2420,1,50,4.1322314049586778E-2
136.3,Animal_136_3DLC_resnet50_Freezing_07-2020Sep29shuffle1_100000filtered,Control,"Sanguino-Gomez et al., 2024",3,16,4,2420,0,0,0
136.3,Animal_136_3DLC_resnet50_Freezing_07-2020Sep29shuffle1_100000filtered,Control,"Sanguino-Gomez et al., 2024",3,18,323,2420,2,0.61919504643962853,8.2644628099173556E-2
136.3,Animal_136_3DLC_resnet50_Freezing_07-2020Sep29shuffle1_100000filtered,Control,"Sanguino-Gomez et al., 2024",3,20,139,2420,2,1.43884892086331,8.2644628099173556E-2
136.3,Animal_136_3DLC_resnet50_Freezing_07-2020Sep29shuffle1_100000filtered,Control,"Sanguino-Gomez et al., 2024",3,21,56,2420,0,0,0
136.3,Animal_136_3DLC_resnet50_Freezing_07-2020Sep29shuffle1_100000filtered,Control,"Sanguino-Gomez et al., 2024",3,25,6,2420,0,0,0
136.3,Animal_136_3DLC_resnet50_Freezing_07-2020Sep29shuffle1_100000filtered,Control,"Sanguino-Gomez et al., 2024",3,26,676,2420,32,4.7337278106508878,1.3223140495867769
136.3,Animal_136_3DLC_resnet50_Freezing_07-2020Sep29shuffle1_100000filtered,Control,"Sanguino-Gomez et al., 2024",3,27,38,2420,0,0,0
136.3,Animal_136_3DLC_resnet50_Freezing_07-2020Sep29shuffle1_100000filtered,Control,"Sanguino-Gomez et al., 2024",3,28,26,2420,17,65.384615384615387,0.7024793388429752
136.3,Animal_136_3DLC_resnet50_Freezing_07-2020Sep29shuffle1_100000filtered,Control,"Sanguino-Gomez et al., 2024",3,31,10,2420,1,10,4.1322314049586778E-2
136.3,Animal_136_3DLC_resnet50_Freezing_07-2020Sep29shuffle1_100000filtered,Control,"Sanguino-Gomez et al., 2024",3,32,13,2420,0,0,0
136.3,Animal_136_3DLC_resnet50_Freezing_07-2020Sep29shuffle1_100000filtered,Control,"Sanguino-Gomez et al., 2024",3,33,9,2420,0,0,0
136.3,Animal_136_3DLC_resnet50_Freezing_07-2020Sep29shuffle1_100000filtered,Control,"Sanguino-Gomez et al., 2024",3,45,9,2420,0,0,0
136.5,Animal_136_5DLC_resnet50_Freezing_07-2020Sep29shuffle1_100000filtered,Control,"Sanguino-Gomez et al., 2024",3,0,3673,3609,3097,84.31799618840185,85.813244666112496
136.5,Animal_136_5DLC_resnet50_Freezing_07-2020Sep29shuffle1_100000filtered,Control,"Sanguino-Gomez et al., 2024",3,1,1349,3609,62,4.5959970348406234,1.7179274037129399
136.5,Animal_136_5DLC_resnet50_Freezing_07-2020Sep29shuffle1_100000filtered,Control,"Sanguino-Gomez et al., 2024",3,2,103,3609,0,0,0
136.5,Animal_136_5DLC_resnet50_Freezing_07-2020Sep29shuffle1_100000filtered,Control,"Sanguino-Gomez et al., 2024",3,3,237,3609,2,0.8438818565400843,5.5417013022998063E-2
136.5,Animal_136_5DLC_resnet50_Freezing_07-2020Sep29shuffle1_100000filtered,Control,"Sanguino-Gomez et al., 2024",3,4,46,3609,0,0,0
136.5,Animal_136_5DLC_resnet50_Freezing_07-2020Sep29shuffle1_100000filtered,Control,"Sanguino-Gomez et al., 2024",3,5,55,3609,4,7.2727272727272716,0.1108340260459961
136.5,Animal_136_5DLC_resnet50_Freezing_07-2020Sep29shuffle1_100000filtered,Control,"Sanguino-Gomez et al., 2024",3,6,1050,3609,5,0.47619047619047622,0.13854253255749521
136.5,Animal_136_5DLC_resnet50_Freezing_07-2020Sep29shuffle1_100000filtered,Control,"Sanguino-Gomez et al., 2024",3,7,16,3609,0,0,0
136.5,Animal_136_5DLC_resnet50_Freezing_07-2020Sep29shuffle1_100000filtered,Control,"Sanguino-Gomez et al., 2024",3,8,17,3609,0,0,0
136.5,Animal_136_5DLC_resnet50_Freezing_07-2020Sep29shuffle1_100000filtered,Control,"Sanguino-Gomez et al., 2024",3,9,1,3609,0,0,0
136.5,Animal_136_5DLC_resnet50_Freezing_07-2020Sep29shuffle1_100000filtered,Control,"Sanguino-Gomez et al., 2024",3,12,18,3609,0,0,0
136.5,Animal_136_5DLC_resnet50_Freezing_07-2020Sep29shuffle1_100000filtered,Control,"Sanguino-Gomez et al., 2024",3,13,3058,3609,308,10.07194244604317,8.5342200055417017
136.5,Animal_136_5DLC_resnet50_Freezing_07-2020Sep29shuffle1_100000filtered,Control,"Sanguino-Gomez et al., 2024",3,15,3,3609,0,0,0
136.5,Animal_136_5DLC_resnet50_Freezing_07-2020Sep29shuffle1_100000filtered,Control,"Sanguino-Gomez et al., 2024",3,16,4,3609,0,0,0
136.5,Animal_136_5DLC_resnet50_Freezing_07-2020Sep29shuffle1_100000filtered,Control,"Sanguino-Gomez et al., 2024",3,18,506,3609,4,0.79051383399209485,0.1108340260459961
136.5,Animal_136_5DLC_resnet50_Freezing_07-2020Sep29shuffle1_100000filtered,Control,"Sanguino-Gomez et al., 2024",3,20,537,3609,10,1.8621973929236499,0.27708506511499031
136.5,Animal_136_5DLC_resnet50_Freezing_07-2020Sep29shuffle1_100000filtered,Control,"Sanguino-Gomez et al., 2024",3,21,44,3609,0,0,0
136.5,Animal_136_5DLC_resnet50_Freezing_07-2020Sep29shuffle1_100000filtered,Control,"Sanguino-Gomez et al., 2024",3,25,3,3609,0,0,0
136.5,Animal_136_5DLC_resnet50_Freezing_07-2020Sep29shuffle1_100000filtered,Control,"Sanguino-Gomez et al., 2024",3,26,342,3609,14,4.0935672514619883,0.38791909116098638
136.5,Animal_136_5DLC_resnet50_Freezing_07-2020Sep29shuffle1_100000filtered,Control,"Sanguino-Gomez et al., 2024",3,28,170,3609,98,57.647058823529413,2.7154336381269051
136.5,Animal_136_5DLC_resnet50_Freezing_07-2020Sep29shuffle1_100000filtered,Control,"Sanguino-Gomez et al., 2024",3,29,12,3609,0,0,0
136.5,Animal_136_5DLC_resnet50_Freezing_07-2020Sep29shuffle1_100000filtered,Control,"Sanguino-Gomez et al., 2024",3,33,1,3609,0,0,0
136.5,Animal_136_5DLC_resnet50_Freezing_07-2020Sep29shuffle1_100000filtered,Control,"Sanguino-Gomez et al., 2024",3,35,5,3609,5,100,0.13854253255749521
137.3,Animal_137_3DLC_resnet50_Freezing_07-2020Sep29shuffle1_100000filtered,Control,"Sanguino-Gomez et al., 2024",3,0,945,870,672,71.111111111111114,77.241379310344826
137.3,Animal_137_3DLC_resnet50_Freezing_07-2020Sep29shuffle1_100000filtered,Control,"Sanguino-Gomez et al., 2024",3,1,2145,870,53,2.4708624708624711,6.0919540229885056
137.3,Animal_137_3DLC_resnet50_Freezing_07-2020Sep29shuffle1_100000filtered,Control,"Sanguino-Gomez et al., 2024",3,2,1102,870,0,0,0
137.3,Animal_137_3DLC_resnet50_Freezing_07-2020Sep29shuffle1_100000filtered,Control,"Sanguino-Gomez et al., 2024",3,3,1228,870,3,0.24429967426710089,0.34482758620689657
137.3,Animal_137_3DLC_resnet50_Freezing_07-2020Sep29shuffle1_100000filtered,Control,"Sanguino-Gomez et al., 2024",3,4,88,870,9,10.22727272727273,1.0344827586206899
137.3,Animal_137_3DLC_resnet50_Freezing_07-2020Sep29shuffle1_100000filtered,Control,"Sanguino-Gomez et al., 2024",3,5,266,870,1,0.37593984962406007,0.1149425287356322
137.3,Animal_137_3DLC_resnet50_Freezing_07-2020Sep29shuffle1_100000filtered,Control,"Sanguino-Gomez et al., 2024",3,6,1219,870,6,0.49220672682526662,0.68965517241379315
137.3,Animal_137_3DLC_resnet50_Freezing_07-2020Sep29shuffle1_100000filtered,Control,"Sanguino-Gomez et al., 2024",3,7,390,870,0,0,0
137.3,Animal_137_3DLC_resnet50_Freezing_07-2020Sep29shuffle1_100000filtered,Control,"Sanguino-Gomez et al., 2024",3,8,11,870,0,0,0
137.3,Animal_137_3DLC_resnet50_Freezing_07-2020Sep29shuffle1_100000filtered,Control,"Sanguino-Gomez et al., 2024",3,9,13,870,0,0,0
137.3,Animal_137_3DLC_resnet50_Freezing_07-2020Sep29shuffle1_100000filtered,Control,"Sanguino-Gomez et al., 2024",3,10,55,870,0,0,0
137.3,Animal_137_3DLC_resnet50_Freezing_07-2020Sep29shuffle1_100000filtered,Control,"Sanguino-Gomez et al., 2024",3,11,69,870,0,0,0
137.3,Animal_137_3DLC_resnet50_Freezing_07-2020Sep29shuffle1_100000filtered,Control,"Sanguino-Gomez et al., 2024",3,12,243,870,0,0,0
137.3,Animal_137_3DLC_resnet50_Freezing_07-2020Sep29shuffle1_100000filtered,Control,"Sanguino-Gomez et al., 2024",3,13,457,870,68,14.879649890590811,7.8160919540229887
137.3,Animal_137_3DLC_resnet50_Freezing_07-2020Sep29shuffle1_100000filtered,Control,"Sanguino-Gomez et al., 2024",3,14,26,870,0,0,0
137.3,Animal_137_3DLC_resnet50_Freezing_07-2020Sep29shuffle1_100000filtered,Control,"Sanguino-Gomez et al., 2024",3,15,29,870,0,0,0
137.3,Animal_137_3DLC_resnet50_Freezing_07-2020Sep29shuffle1_100000filtered,Control,"Sanguino-Gomez et al., 2024",3,16,21,870,0,0,0
137.3,Animal_137_3DLC_resnet50_Freezing_07-2020Sep29shuffle1_100000filtered,Control,"Sanguino-Gomez et al., 2024",3,18,1680,870,18,1.071428571428571,2.068965517241379
137.3,Animal_137_3DLC_resnet50_Freezing_07-2020Sep29shuffle1_100000filtered,Control,"Sanguino-Gomez et al., 2024",3,19,25,870,0,0,0
137.3,Animal_137_3DLC_resnet50_Freezing_07-2020Sep29shuffle1_100000filtered,Control,"Sanguino-Gomez et al., 2024",3,20,247,870,23,9.3117408906882595,2.6436781609195399
137.3,Animal_137_3DLC_resnet50_Freezing_07-2020Sep29shuffle1_100000filtered,Control,"Sanguino-Gomez et al., 2024",3,21,140,870,0,0,0
137.3,Animal_137_3DLC_resnet50_Freezing_07-2020Sep29shuffle1_100000filtered,Control,"Sanguino-Gomez et al., 2024",3,22,32,870,0,0,0
137.3,Animal_137_3DLC_resnet50_Freezing_07-2020Sep29shuffle1_100000filtered,Control,"Sanguino-Gomez et al., 2024",3,23,8,870,0,0,0
137.3,Animal_137_3DLC_resnet50_Freezing_07-2020Sep29shuffle1_100000filtered,Control,"Sanguino-Gomez et al., 2024",3,25,13,870,0,0,0
137.3,Animal_137_3DLC_resnet50_Freezing_07-2020Sep29shuffle1_100000filtered,Control,"Sanguino-Gomez et al., 2024",3,26,359,870,16,4.4568245125348191,1.8390804597701149
137.3,Animal_137_3DLC_resnet50_Freezing_07-2020Sep29shuffle1_100000filtered,Control,"Sanguino-Gomez et al., 2024",3,27,419,870,1,0.2386634844868735,0.1149425287356322
137.3,Animal_137_3DLC_resnet50_Freezing_07-2020Sep29shuffle1_100000filtered,Control,"Sanguino-Gomez et al., 2024",3,29,6,870,0,0,0
137.3,Animal_137_3DLC_resnet50_Freezing_07-2020Sep29shuffle1_100000filtered,Control,"Sanguino-Gomez et al., 2024",3,30,14,870,0,0,0
145.5,Animal_145_5DLC_resnet50_Freezing_07-2020Sep29shuffle1_100000filtered,Control,"Sanguino-Gomez et al., 2024",3,0,2646,2610,2241,84.693877551020407,85.862068965517253
145.5,Animal_145_5DLC_resnet50_Freezing_07-2020Sep29shuffle1_100000filtered,Control,"Sanguino-Gomez et al., 2024",3,1,2108,2610,122,5.7874762808349152,4.6743295019157092
145.5,Animal_145_5DLC_resnet50_Freezing_07-2020Sep29shuffle1_100000filtered,Control,"Sanguino-Gomez et al., 2024",3,2,847,2610,0,0,0
145.5,Animal_145_5DLC_resnet50_Freezing_07-2020Sep29shuffle1_100000filtered,Control,"Sanguino-Gomez et al., 2024",3,3,704,2610,9,1.2784090909090911,0.34482758620689657
145.5,Animal_145_5DLC_resnet50_Freezing_07-2020Sep29shuffle1_100000filtered,Control,"Sanguino-Gomez et al., 2024",3,4,237,2610,6,2.5316455696202529,0.22988505747126439
145.5,Animal_145_5DLC_resnet50_Freezing_07-2020Sep29shuffle1_100000filtered,Control,"Sanguino-Gomez et al., 2024",3,5,1472,2610,9,0.61141304347826086,0.34482758620689657
145.5,Animal_145_5DLC_resnet50_Freezing_07-2020Sep29shuffle1_100000filtered,Control,"Sanguino-Gomez et al., 2024",3,6,916,2610,9,0.98253275109170313,0.34482758620689657
145.5,Animal_145_5DLC_resnet50_Freezing_07-2020Sep29shuffle1_100000filtered,Control,"Sanguino-Gomez et al., 2024",3,7,638,2610,3,0.47021943573667713,0.1149425287356322
145.5,Animal_145_5DLC_resnet50_Freezing_07-2020Sep29shuffle1_100000filtered,Control,"Sanguino-Gomez et al., 2024",3,8,24,2610,0,0,0
145.5,Animal_145_5DLC_resnet50_Freezing_07-2020Sep29shuffle1_100000filtered,Control,"Sanguino-Gomez et al., 2024",3,9,6,2610,0,0,0
145.5,Animal_145_5DLC_resnet50_Freezing_07-2020Sep29shuffle1_100000filtered,Control,"Sanguino-Gomez et al., 2024",3,10,32,2610,3,9.375,0.1149425287356322
145.5,Animal_145_5DLC_resnet50_Freezing_07-2020Sep29shuffle1_100000filtered,Control,"Sanguino-Gomez et al., 2024",3,11,62,2610,0,0,0
145.5,Animal_145_5DLC_resnet50_Freezing_07-2020Sep29shuffle1_100000filtered,Control,"Sanguino-Gomez et al., 2024",3,12,168,2610,5,2.9761904761904758,0.19157088122605359
145.5,Animal_145_5DLC_resnet50_Freezing_07-2020Sep29shuffle1_100000filtered,Control,"Sanguino-Gomez et al., 2024",3,13,48,2610,0,0,0
145.5,Animal_145_5DLC_resnet50_Freezing_07-2020Sep29shuffle1_100000filtered,Control,"Sanguino-Gomez et al., 2024",3,15,38,2610,1,2.6315789473684208,3.8314176245210732E-2
145.5,Animal_145_5DLC_resnet50_Freezing_07-2020Sep29shuffle1_100000filtered,Control,"Sanguino-Gomez et al., 2024",3,16,28,2610,0,0,0
145.5,Animal_145_5DLC_resnet50_Freezing_07-2020Sep29shuffle1_100000filtered,Control,"Sanguino-Gomez et al., 2024",3,17,29,2610,1,3.4482758620689649,3.8314176245210732E-2
145.5,Animal_145_5DLC_resnet50_Freezing_07-2020Sep29shuffle1_100000filtered,Control,"Sanguino-Gomez et al., 2024",3,18,144,2610,0,0,0
145.5,Animal_145_5DLC_resnet50_Freezing_07-2020Sep29shuffle1_100000filtered,Control,"Sanguino-Gomez et al., 2024",3,19,51,2610,0,0,0
145.5,Animal_145_5DLC_resnet50_Freezing_07-2020Sep29shuffle1_100000filtered,Control,"Sanguino-Gomez et al., 2024",3,20,109,2610,29,26.60550458715597,1.1111111111111109
145.5,Animal_145_5DLC_resnet50_Freezing_07-2020Sep29shuffle1_100000filtered,Control,"Sanguino-Gomez et al., 2024",3,21,46,2610,0,0,0
145.5,Animal_145_5DLC_resnet50_Freezing_07-2020Sep29shuffle1_100000filtered,Control,"Sanguino-Gomez et al., 2024",3,22,102,2610,2,1.9607843137254899,7.6628352490421464E-2
145.5,Animal_145_5DLC_resnet50_Freezing_07-2020Sep29shuffle1_100000filtered,Control,"Sanguino-Gomez et al., 2024",3,23,26,2610,0,0,0
145.5,Animal_145_5DLC_resnet50_Freezing_07-2020Sep29shuffle1_100000filtered,Control,"Sanguino-Gomez et al., 2024",3,25,23,2610,0,0,0
145.5,Animal_145_5DLC_resnet50_Freezing_07-2020Sep29shuffle1_100000filtered,Control,"Sanguino-Gomez et al., 2024",3,27,444,2610,0,0,0
145.5,Animal_145_5DLC_resnet50_Freezing_07-2020Sep29shuffle1_100000filtered,Control,"Sanguino-Gomez et al., 2024",3,28,200,2610,170,85,6.5134099616858236
145.5,Animal_145_5DLC_resnet50_Freezing_07-2020Sep29shuffle1_100000filtered,Control,"Sanguino-Gomez et al., 2024",3,29,16,2610,0,0,0
145.5,Animal_145_5DLC_resnet50_Freezing_07-2020Sep29shuffle1_100000filtered,Control,"Sanguino-Gomez et al., 2024",3,30,4,2610,0,0,0
145.5,Animal_145_5DLC_resnet50_Freezing_07-2020Sep29shuffle1_100000filtered,Control,"Sanguino-Gomez et al., 2024",3,31,9,2610,0,0,0
145.5,Animal_145_5DLC_resnet50_Freezing_07-2020Sep29shuffle1_100000filtered,Control,"Sanguino-Gomez et al., 2024",3,32,29,2610,0,0,0
145.5,Animal_145_5DLC_resnet50_Freezing_07-2020Sep29shuffle1_100000filtered,Control,"Sanguino-Gomez et al., 2024",3,34,5,2610,0,0,0
145.5,Animal_145_5DLC_resnet50_Freezing_07-2020Sep29shuffle1_100000filtered,Control,"Sanguino-Gomez et al., 2024",3,36,24,2610,0,0,0
145.5,Animal_145_5DLC_resnet50_Freezing_07-2020Sep29shuffle1_100000filtered,Control,"Sanguino-Gomez et al., 2024",3,42,7,2610,0,0,0
145.5,Animal_145_5DLC_resnet50_Freezing_07-2020Sep29shuffle1_100000filtered,Control,"Sanguino-Gomez et al., 2024",3,73,8,2610,0,0,0
146.6,Animal_146_6DLC_resnet50_Freezing_07-2020Sep29shuffle1_100000filtered,Control,"Sanguino-Gomez et al., 2024",3,0,4015,4664,3654,91.008717310087178,78.344768439108066
146.6,Animal_146_6DLC_resnet50_Freezing_07-2020Sep29shuffle1_100000filtered,Control,"Sanguino-Gomez et al., 2024",3,1,801,4664,92,11.4856429463171,1.972555746140652
146.6,Animal_146_6DLC_resnet50_Freezing_07-2020Sep29shuffle1_100000filtered,Control,"Sanguino-Gomez et al., 2024",3,2,444,4664,0,0,0
146.6,Animal_146_6DLC_resnet50_Freezing_07-2020Sep29shuffle1_100000filtered,Control,"Sanguino-Gomez et al., 2024",3,3,1401,4664,50,3.5688793718772311,1.0720411663807889
146.6,Animal_146_6DLC_resnet50_Freezing_07-2020Sep29shuffle1_100000filtered,Control,"Sanguino-Gomez et al., 2024",3,4,521,4664,172,33.013435700575819,3.6878216123499139
146.6,Animal_146_6DLC_resnet50_Freezing_07-2020Sep29shuffle1_100000filtered,Control,"Sanguino-Gomez et al., 2024",3,5,1002,4664,36,3.5928143712574849,0.77186963979416812
146.6,Animal_146_6DLC_resnet50_Freezing_07-2020Sep29shuffle1_100000filtered,Control,"Sanguino-Gomez et al., 2024",3,6,351,4664,12,3.4188034188034191,0.25728987993138941
146.6,Animal_146_6DLC_resnet50_Freezing_07-2020Sep29shuffle1_100000filtered,Control,"Sanguino-Gomez et al., 2024",3,7,274,4664,3,1.0948905109489051,6.4322469982847352E-2
146.6,Animal_146_6DLC_resnet50_Freezing_07-2020Sep29shuffle1_100000filtered,Control,"Sanguino-Gomez et al., 2024",3,8,27,4664,0,0,0
146.6,Animal_146_6DLC_resnet50_Freezing_07-2020Sep29shuffle1_100000filtered,Control,"Sanguino-Gomez et al., 2024",3,9,52,4664,4,7.6923076923076934,8.5763293310463118E-2
146.6,Animal_146_6DLC_resnet50_Freezing_07-2020Sep29shuffle1_100000filtered,Control,"Sanguino-Gomez et al., 2024",3,10,94,4664,1,1.063829787234043,2.1440823327615779E-2
146.6,Animal_146_6DLC_resnet50_Freezing_07-2020Sep29shuffle1_100000filtered,Control,"Sanguino-Gomez et al., 2024",3,11,4,4664,0,0,0
146.6,Animal_146_6DLC_resnet50_Freezing_07-2020Sep29shuffle1_100000filtered,Control,"Sanguino-Gomez et al., 2024",3,12,98,4664,0,0,0
146.6,Animal_146_6DLC_resnet50_Freezing_07-2020Sep29shuffle1_100000filtered,Control,"Sanguino-Gomez et al., 2024",3,13,18,4664,0,0,0
146.6,Animal_146_6DLC_resnet50_Freezing_07-2020Sep29shuffle1_100000filtered,Control,"Sanguino-Gomez et al., 2024",3,14,22,4664,0,0,0
146.6,Animal_146_6DLC_resnet50_Freezing_07-2020Sep29shuffle1_100000filtered,Control,"Sanguino-Gomez et al., 2024",3,15,16,4664,0,0,0
146.6,Animal_146_6DLC_resnet50_Freezing_07-2020Sep29shuffle1_100000filtered,Control,"Sanguino-Gomez et al., 2024",3,16,13,4664,0,0,0
146.6,Animal_146_6DLC_resnet50_Freezing_07-2020Sep29shuffle1_100000filtered,Control,"Sanguino-Gomez et al., 2024",3,17,88,4664,2,2.2727272727272729,4.2881646655231559E-2
146.6,Animal_146_6DLC_resnet50_Freezing_07-2020Sep29shuffle1_100000filtered,Control,"Sanguino-Gomez et al., 2024",3,18,45,4664,1,2.2222222222222219,2.1440823327615779E-2
146.6,Animal_146_6DLC_resnet50_Freezing_07-2020Sep29shuffle1_100000filtered,Control,"Sanguino-Gomez et al., 2024",3,19,23,4664,0,0,0
146.6,Animal_146_6DLC_resnet50_Freezing_07-2020Sep29shuffle1_100000filtered,Control,"Sanguino-Gomez et al., 2024",3,20,166,4664,20,12.04819277108434,0.42881646655231559
146.6,Animal_146_6DLC_resnet50_Freezing_07-2020Sep29shuffle1_100000filtered,Control,"Sanguino-Gomez et al., 2024",3,21,24,4664,0,0,0
146.6,Animal_146_6DLC_resnet50_Freezing_07-2020Sep29shuffle1_100000filtered,Control,"Sanguino-Gomez et al., 2024",3,22,133,4664,3,2.255639097744361,6.4322469982847352E-2
146.6,Animal_146_6DLC_resnet50_Freezing_07-2020Sep29shuffle1_100000filtered,Control,"Sanguino-Gomez et al., 2024",3,23,50,4664,0,0,0
146.6,Animal_146_6DLC_resnet50_Freezing_07-2020Sep29shuffle1_100000filtered,Control,"Sanguino-Gomez et al., 2024",3,24,3,4664,0,0,0
146.6,Animal_146_6DLC_resnet50_Freezing_07-2020Sep29shuffle1_100000filtered,Control,"Sanguino-Gomez et al., 2024",3,25,38,4664,0,0,0
146.6,Animal_146_6DLC_resnet50_Freezing_07-2020Sep29shuffle1_100000filtered,Control,"Sanguino-Gomez et al., 2024",3,27,565,4664,0,0,0
146.6,Animal_146_6DLC_resnet50_Freezing_07-2020Sep29shuffle1_100000filtered,Control,"Sanguino-Gomez et al., 2024",3,28,625,4664,600,96,12.86449399656947
146.6,Animal_146_6DLC_resnet50_Freezing_07-2020Sep29shuffle1_100000filtered,Control,"Sanguino-Gomez et al., 2024",3,29,7,4664,0,0,0
146.6,Animal_146_6DLC_resnet50_Freezing_07-2020Sep29shuffle1_100000filtered,Control,"Sanguino-Gomez et al., 2024",3,30,22,4664,0,0,0
146.6,Animal_146_6DLC_resnet50_Freezing_07-2020Sep29shuffle1_100000filtered,Control,"Sanguino-Gomez et al., 2024",3,32,130,4664,4,3.0769230769230771,8.5763293310463118E-2
146.6,Animal_146_6DLC_resnet50_Freezing_07-2020Sep29shuffle1_100000filtered,Control,"Sanguino-Gomez et al., 2024",3,33,5,4664,0,0,0
146.6,Animal_146_6DLC_resnet50_Freezing_07-2020Sep29shuffle1_100000filtered,Control,"Sanguino-Gomez et al., 2024",3,34,47,4664,2,4.2553191489361701,4.2881646655231559E-2
146.6,Animal_146_6DLC_resnet50_Freezing_07-2020Sep29shuffle1_100000filtered,Control,"Sanguino-Gomez et al., 2024",3,35,13,4664,8,61.53846153846154,0.17152658662092621
146.6,Animal_146_6DLC_resnet50_Freezing_07-2020Sep29shuffle1_100000filtered,Control,"Sanguino-Gomez et al., 2024",3,37,61,4664,0,0,0
146.6,Animal_146_6DLC_resnet50_Freezing_07-2020Sep29shuffle1_100000filtered,Control,"Sanguino-Gomez et al., 2024",3,38,17,4664,0,0,0
146.6,Animal_146_6DLC_resnet50_Freezing_07-2020Sep29shuffle1_100000filtered,Control,"Sanguino-Gomez et al., 2024",3,39,2,4664,0,0,0
146.6,Animal_146_6DLC_resnet50_Freezing_07-2020Sep29shuffle1_100000filtered,Control,"Sanguino-Gomez et al., 2024",3,41,15,4664,0,0,0
146.6,Animal_146_6DLC_resnet50_Freezing_07-2020Sep29shuffle1_100000filtered,Control,"Sanguino-Gomez et al., 2024",3,78,18,4664,0,0,0
147.4,Animal_147_4DLC_resnet50_Freezing_07-2020Sep29shuffle1_100000filtered,Control,"Sanguino-Gomez et al., 2024",3,0,2050,3320,1873,91.365853658536594,56.415662650602407
147.4,Animal_147_4DLC_resnet50_Freezing_07-2020Sep29shuffle1_100000filtered,Control,"Sanguino-Gomez et al., 2024",3,1,805,3320,79,9.8136645962732914,2.379518072289156
147.4,Animal_147_4DLC_resnet50_Freezing_07-2020Sep29shuffle1_100000filtered,Control,"Sanguino-Gomez et al., 2024",3,2,817,3320,2,0.24479804161566701,6.0240963855421693E-2
147.4,Animal_147_4DLC_resnet50_Freezing_07-2020Sep29shuffle1_100000filtered,Control,"Sanguino-Gomez et al., 2024",3,3,1178,3320,33,2.801358234295416,0.99397590361445776
147.4,Animal_147_4DLC_resnet50_Freezing_07-2020Sep29shuffle1_100000filtered,Control,"Sanguino-Gomez et al., 2024",3,4,616,3320,196,31.81818181818182,5.903614457831325
147.4,Animal_147_4DLC_resnet50_Freezing_07-2020Sep29shuffle1_100000filtered,Control,"Sanguino-Gomez et al., 2024",3,5,1548,3320,14,0.90439276485788112,0.42168674698795178
147.4,Animal_147_4DLC_resnet50_Freezing_07-2020Sep29shuffle1_100000filtered,Control,"Sanguino-Gomez et al., 2024",3,6,310,3320,19,6.129032258064516,0.57228915662650603
147.4,Animal_147_4DLC_resnet50_Freezing_07-2020Sep29shuffle1_100000filtered,Control,"Sanguino-Gomez et al., 2024",3,7,435,3320,14,3.2183908045977012,0.42168674698795178
147.4,Animal_147_4DLC_resnet50_Freezing_07-2020Sep29shuffle1_100000filtered,Control,"Sanguino-Gomez et al., 2024",3,8,38,3320,1,2.6315789473684208,3.012048192771085E-2
147.4,Animal_147_4DLC_resnet50_Freezing_07-2020Sep29shuffle1_100000filtered,Control,"Sanguino-Gomez et al., 2024",3,9,55,3320,2,3.6363636363636358,6.0240963855421693E-2
147.4,Animal_147_4DLC_resnet50_Freezing_07-2020Sep29shuffle1_100000filtered,Control,"Sanguino-Gomez et al., 2024",3,10,113,3320,1,0.88495575221238942,3.012048192771085E-2
147.4,Animal_147_4DLC_resnet50_Freezing_07-2020Sep29shuffle1_100000filtered,Control,"Sanguino-Gomez et al., 2024",3,11,47,3320,0,0,0
147.4,Animal_147_4DLC_resnet50_Freezing_07-2020Sep29shuffle1_100000filtered,Control,"Sanguino-Gomez et al., 2024",3,12,86,3320,0,0,0
147.4,Animal_147_4DLC_resnet50_Freezing_07-2020Sep29shuffle1_100000filtered,Control,"Sanguino-Gomez et al., 2024",3,13,23,3320,0,0,0
147.4,Animal_147_4DLC_resnet50_Freezing_07-2020Sep29shuffle1_100000filtered,Control,"Sanguino-Gomez et al., 2024",3,14,66,3320,0,0,0
147.4,Animal_147_4DLC_resnet50_Freezing_07-2020Sep29shuffle1_100000filtered,Control,"Sanguino-Gomez et al., 2024",3,15,159,3320,3,1.8867924528301889,9.036144578313253E-2
147.4,Animal_147_4DLC_resnet50_Freezing_07-2020Sep29shuffle1_100000filtered,Control,"Sanguino-Gomez et al., 2024",3,16,19,3320,0,0,0
147.4,Animal_147_4DLC_resnet50_Freezing_07-2020Sep29shuffle1_100000filtered,Control,"Sanguino-Gomez et al., 2024",3,17,153,3320,0,0,0
147.4,Animal_147_4DLC_resnet50_Freezing_07-2020Sep29shuffle1_100000filtered,Control,"Sanguino-Gomez et al., 2024",3,19,72,3320,0,0,0
147.4,Animal_147_4DLC_resnet50_Freezing_07-2020Sep29shuffle1_100000filtered,Control,"Sanguino-Gomez et al., 2024",3,20,169,3320,14,8.2840236686390547,0.42168674698795178
147.4,Animal_147_4DLC_resnet50_Freezing_07-2020Sep29shuffle1_100000filtered,Control,"Sanguino-Gomez et al., 2024",3,21,43,3320,0,0,0
147.4,Animal_147_4DLC_resnet50_Freezing_07-2020Sep29shuffle1_100000filtered,Control,"Sanguino-Gomez et al., 2024",3,22,283,3320,46,16.25441696113074,1.3855421686746989
147.4,Animal_147_4DLC_resnet50_Freezing_07-2020Sep29shuffle1_100000filtered,Control,"Sanguino-Gomez et al., 2024",3,23,66,3320,0,0,0
147.4,Animal_147_4DLC_resnet50_Freezing_07-2020Sep29shuffle1_100000filtered,Control,"Sanguino-Gomez et al., 2024",3,24,20,3320,1,5,3.012048192771085E-2
147.4,Animal_147_4DLC_resnet50_Freezing_07-2020Sep29shuffle1_100000filtered,Control,"Sanguino-Gomez et al., 2024",3,25,20,3320,0,0,0
147.4,Animal_147_4DLC_resnet50_Freezing_07-2020Sep29shuffle1_100000filtered,Control,"Sanguino-Gomez et al., 2024",3,27,656,3320,0,0,0
147.4,Animal_147_4DLC_resnet50_Freezing_07-2020Sep29shuffle1_100000filtered,Control,"Sanguino-Gomez et al., 2024",3,28,1074,3320,1014,94.413407821229043,30.542168674698789
147.4,Animal_147_4DLC_resnet50_Freezing_07-2020Sep29shuffle1_100000filtered,Control,"Sanguino-Gomez et al., 2024",3,29,17,3320,0,0,0
147.4,Animal_147_4DLC_resnet50_Freezing_07-2020Sep29shuffle1_100000filtered,Control,"Sanguino-Gomez et al., 2024",3,30,27,3320,0,0,0
147.4,Animal_147_4DLC_resnet50_Freezing_07-2020Sep29shuffle1_100000filtered,Control,"Sanguino-Gomez et al., 2024",3,31,23,3320,0,0,0
147.4,Animal_147_4DLC_resnet50_Freezing_07-2020Sep29shuffle1_100000filtered,Control,"Sanguino-Gomez et al., 2024",3,32,181,3320,6,3.3149171270718232,0.18072289156626509
147.4,Animal_147_4DLC_resnet50_Freezing_07-2020Sep29shuffle1_100000filtered,Control,"Sanguino-Gomez et al., 2024",3,33,34,3320,2,5.8823529411764701,6.0240963855421693E-2
147.4,Animal_147_4DLC_resnet50_Freezing_07-2020Sep29shuffle1_100000filtered,Control,"Sanguino-Gomez et al., 2024",3,34,9,3320,0,0,0
147.4,Animal_147_4DLC_resnet50_Freezing_07-2020Sep29shuffle1_100000filtered,Control,"Sanguino-Gomez et al., 2024",3,39,13,3320,0,0,0
147.4,Animal_147_4DLC_resnet50_Freezing_07-2020Sep29shuffle1_100000filtered,Control,"Sanguino-Gomez et al., 2024",3,40,13,3320,0,0,0
147.4,Animal_147_4DLC_resnet50_Freezing_07-2020Sep29shuffle1_100000filtered,Control,"Sanguino-Gomez et al., 2024",3,41,12,3320,0,0,0
152.3,Animal_152_3DLC_resnet50_Freezing_07-2020Sep29shuffle1_100000filtered,Control,"Sanguino-Gomez et al., 2024",3,0,2376,2533,2055,86.48989898989899,81.129095933675487
152.3,Animal_152_3DLC_resnet50_Freezing_07-2020Sep29shuffle1_100000filtered,Control,"Sanguino-Gomez et al., 2024",3,1,862,2533,95,11.02088167053364,3.7504934859849981
152.3,Animal_152_3DLC_resnet50_Freezing_07-2020Sep29shuffle1_100000filtered,Control,"Sanguino-Gomez et al., 2024",3,2,1236,2533,14,1.1326860841423949,0.55270430319778918
152.3,Animal_152_3DLC_resnet50_Freezing_07-2020Sep29shuffle1_100000filtered,Control,"Sanguino-Gomez et al., 2024",3,3,1191,2533,47,3.946263643996641,1.855507303592578
152.3,Animal_152_3DLC_resnet50_Freezing_07-2020Sep29shuffle1_100000filtered,Control,"Sanguino-Gomez et al., 2024",3,4,438,2533,136,31.05022831050228,5.3691275167785237
152.3,Animal_152_3DLC_resnet50_Freezing_07-2020Sep29shuffle1_100000filtered,Control,"Sanguino-Gomez et al., 2024",3,5,1151,2533,34,2.9539530842745441,1.3422818791946309
152.3,Animal_152_3DLC_resnet50_Freezing_07-2020Sep29shuffle1_100000filtered,Control,"Sanguino-Gomez et al., 2024",3,6,460,2533,41,8.9130434782608692,1.618634030793525
152.3,Animal_152_3DLC_resnet50_Freezing_07-2020Sep29shuffle1_100000filtered,Control,"Sanguino-Gomez et al., 2024",3,7,500,2533,12,2.4,0.47374654559810497
152.3,Animal_152_3DLC_resnet50_Freezing_07-2020Sep29shuffle1_100000filtered,Control,"Sanguino-Gomez et al., 2024",3,8,5,2533,0,0,0
152.3,Animal_152_3DLC_resnet50_Freezing_07-2020Sep29shuffle1_100000filtered,Control,"Sanguino-Gomez et al., 2024",3,9,74,2533,2,2.7027027027027031,7.8957757599684167E-2
152.3,Animal_152_3DLC_resnet50_Freezing_07-2020Sep29shuffle1_100000filtered,Control,"Sanguino-Gomez et al., 2024",3,10,2,2533,0,0,0
152.3,Animal_152_3DLC_resnet50_Freezing_07-2020Sep29shuffle1_100000filtered,Control,"Sanguino-Gomez et al., 2024",3,11,105,2533,0,0,0
152.3,Animal_152_3DLC_resnet50_Freezing_07-2020Sep29shuffle1_100000filtered,Control,"Sanguino-Gomez et al., 2024",3,12,265,2533,0,0,0
152.3,Animal_152_3DLC_resnet50_Freezing_07-2020Sep29shuffle1_100000filtered,Control,"Sanguino-Gomez et al., 2024",3,14,205,2533,0,0,0
152.3,Animal_152_3DLC_resnet50_Freezing_07-2020Sep29shuffle1_100000filtered,Control,"Sanguino-Gomez et al., 2024",3,15,333,2533,0,0,0
152.3,Animal_152_3DLC_resnet50_Freezing_07-2020Sep29shuffle1_100000filtered,Control,"Sanguino-Gomez et al., 2024",3,16,64,2533,0,0,0
152.3,Animal_152_3DLC_resnet50_Freezing_07-2020Sep29shuffle1_100000filtered,Control,"Sanguino-Gomez et al., 2024",3,17,386,2533,10,2.590673575129534,0.39478878799842088
152.3,Animal_152_3DLC_resnet50_Freezing_07-2020Sep29shuffle1_100000filtered,Control,"Sanguino-Gomez et al., 2024",3,18,21,2533,0,0,0
152.3,Animal_152_3DLC_resnet50_Freezing_07-2020Sep29shuffle1_100000filtered,Control,"Sanguino-Gomez et al., 2024",3,19,255,2533,3,1.1764705882352939,0.1184366363995263
152.3,Animal_152_3DLC_resnet50_Freezing_07-2020Sep29shuffle1_100000filtered,Control,"Sanguino-Gomez et al., 2024",3,20,56,2533,16,28.571428571428569,0.63166206079747333
152.3,Animal_152_3DLC_resnet50_Freezing_07-2020Sep29shuffle1_100000filtered,Control,"Sanguino-Gomez et al., 2024",3,21,182,2533,5,2.7472527472527468,0.19739439399921041
152.3,Animal_152_3DLC_resnet50_Freezing_07-2020Sep29shuffle1_100000filtered,Control,"Sanguino-Gomez et al., 2024",3,23,93,2533,0,0,0
152.3,Animal_152_3DLC_resnet50_Freezing_07-2020Sep29shuffle1_100000filtered,Control,"Sanguino-Gomez et al., 2024",3,25,416,2533,0,0,0
152.3,Animal_152_3DLC_resnet50_Freezing_07-2020Sep29shuffle1_100000filtered,Control,"Sanguino-Gomez et al., 2024",3,27,408,2533,2,0.49019607843137247,7.8957757599684167E-2
152.3,Animal_152_3DLC_resnet50_Freezing_07-2020Sep29shuffle1_100000filtered,Control,"Sanguino-Gomez et al., 2024",3,28,67,2533,60,89.552238805970148,2.3687327279905248
152.3,Animal_152_3DLC_resnet50_Freezing_07-2020Sep29shuffle1_100000filtered,Control,"Sanguino-Gomez et al., 2024",3,29,17,2533,0,0,0
152.3,Animal_152_3DLC_resnet50_Freezing_07-2020Sep29shuffle1_100000filtered,Control,"Sanguino-Gomez et al., 2024",3,30,14,2533,0,0,0
152.3,Animal_152_3DLC_resnet50_Freezing_07-2020Sep29shuffle1_100000filtered,Control,"Sanguino-Gomez et al., 2024",3,32,35,2533,0,0,0
152.3,Animal_152_3DLC_resnet50_Freezing_07-2020Sep29shuffle1_100000filtered,Control,"Sanguino-Gomez et al., 2024",3,33,5,2533,0,0,0
152.3,Animal_152_3DLC_resnet50_Freezing_07-2020Sep29shuffle1_100000filtered,Control,"Sanguino-Gomez et al., 2024",3,34,10,2533,0,0,0
152.3,Animal_152_3DLC_resnet50_Freezing_07-2020Sep29shuffle1_100000filtered,Control,"Sanguino-Gomez et al., 2024",3,43,4,2533,0,0,0
152.3,Animal_152_3DLC_resnet50_Freezing_07-2020Sep29shuffle1_100000filtered,Control,"Sanguino-Gomez et al., 2024",3,45,14,2533,1,7.1428571428571423,3.9478878799842083E-2
152.5,Animal_152_5DLC_resnet50_Freezing_07-2020Sep29shuffle1_100000filtered,Control,"Sanguino-Gomez et al., 2024",3,0,3829,3922,3390,88.534865500130579,86.435492095869463
152.5,Animal_152_5DLC_resnet50_Freezing_07-2020Sep29shuffle1_100000filtered,Control,"Sanguino-Gomez et al., 2024",3,1,1379,3922,109,7.9042784626540978,2.779194288628251
152.5,Animal_152_5DLC_resnet50_Freezing_07-2020Sep29shuffle1_100000filtered,Control,"Sanguino-Gomez et al., 2024",3,2,975,3922,3,0.30769230769230771,7.6491585925548194E-2
152.5,Animal_152_5DLC_resnet50_Freezing_07-2020Sep29shuffle1_100000filtered,Control,"Sanguino-Gomez et al., 2024",3,3,728,3922,14,1.9230769230769229,0.35696073431922493
152.5,Animal_152_5DLC_resnet50_Freezing_07-2020Sep29shuffle1_100000filtered,Control,"Sanguino-Gomez et al., 2024",3,4,119,3922,35,29.411764705882359,0.89240183579806209
152.5,Animal_152_5DLC_resnet50_Freezing_07-2020Sep29shuffle1_100000filtered,Control,"Sanguino-Gomez et al., 2024",3,5,1367,3922,40,2.926115581565472,1.019887812340643
152.5,Animal_152_5DLC_resnet50_Freezing_07-2020Sep29shuffle1_100000filtered,Control,"Sanguino-Gomez et al., 2024",3,6,760,3922,26,3.4210526315789478,0.6629270780214177
152.5,Animal_152_5DLC_resnet50_Freezing_07-2020Sep29shuffle1_100000filtered,Control,"Sanguino-Gomez et al., 2024",3,7,132,3922,2,1.5151515151515149,5.0994390617032127E-2
152.5,Animal_152_5DLC_resnet50_Freezing_07-2020Sep29shuffle1_100000filtered,Control,"Sanguino-Gomez et al., 2024",3,8,11,3922,0,0,0
152.5,Animal_152_5DLC_resnet50_Freezing_07-2020Sep29shuffle1_100000filtered,Control,"Sanguino-Gomez et al., 2024",3,9,14,3922,0,0,0
152.5,Animal_152_5DLC_resnet50_Freezing_07-2020Sep29shuffle1_100000filtered,Control,"Sanguino-Gomez et al., 2024",3,10,246,3922,6,2.4390243902439019,0.15298317185109639
152.5,Animal_152_5DLC_resnet50_Freezing_07-2020Sep29shuffle1_100000filtered,Control,"Sanguino-Gomez et al., 2024",3,11,30,3922,0,0,0
152.5,Animal_152_5DLC_resnet50_Freezing_07-2020Sep29shuffle1_100000filtered,Control,"Sanguino-Gomez et al., 2024",3,12,116,3922,0,0,0
152.5,Animal_152_5DLC_resnet50_Freezing_07-2020Sep29shuffle1_100000filtered,Control,"Sanguino-Gomez et al., 2024",3,13,194,3922,53,27.319587628865978,1.3513513513513511
152.5,Animal_152_5DLC_resnet50_Freezing_07-2020Sep29shuffle1_100000filtered,Control,"Sanguino-Gomez et al., 2024",3,14,36,3922,0,0,0
152.5,Animal_152_5DLC_resnet50_Freezing_07-2020Sep29shuffle1_100000filtered,Control,"Sanguino-Gomez et al., 2024",3,15,159,3922,2,1.257861635220126,5.0994390617032127E-2
152.5,Animal_152_5DLC_resnet50_Freezing_07-2020Sep29shuffle1_100000filtered,Control,"Sanguino-Gomez et al., 2024",3,16,43,3922,0,0,0
152.5,Animal_152_5DLC_resnet50_Freezing_07-2020Sep29shuffle1_100000filtered,Control,"Sanguino-Gomez et al., 2024",3,17,55,3922,2,3.6363636363636358,5.0994390617032127E-2
152.5,Animal_152_5DLC_resnet50_Freezing_07-2020Sep29shuffle1_100000filtered,Control,"Sanguino-Gomez et al., 2024",3,18,74,3922,2,2.7027027027027031,5.0994390617032127E-2
152.5,Animal_152_5DLC_resnet50_Freezing_07-2020Sep29shuffle1_100000filtered,Control,"Sanguino-Gomez et al., 2024",3,19,61,3922,0,0,0
152.5,Animal_152_5DLC_resnet50_Freezing_07-2020Sep29shuffle1_100000filtered,Control,"Sanguino-Gomez et al., 2024",3,20,70,3922,9,12.857142857142859,0.22947475777664461
152.5,Animal_152_5DLC_resnet50_Freezing_07-2020Sep29shuffle1_100000filtered,Control,"Sanguino-Gomez et al., 2024",3,21,22,3922,5,22.72727272727273,0.12748597654258029
152.5,Animal_152_5DLC_resnet50_Freezing_07-2020Sep29shuffle1_100000filtered,Control,"Sanguino-Gomez et al., 2024",3,22,11,3922,0,0,0
152.5,Animal_152_5DLC_resnet50_Freezing_07-2020Sep29shuffle1_100000filtered,Control,"Sanguino-Gomez et al., 2024",3,23,56,3922,0,0,0
152.5,Animal_152_5DLC_resnet50_Freezing_07-2020Sep29shuffle1_100000filtered,Control,"Sanguino-Gomez et al., 2024",3,24,5,3922,0,0,0
152.5,Animal_152_5DLC_resnet50_Freezing_07-2020Sep29shuffle1_100000filtered,Control,"Sanguino-Gomez et al., 2024",3,25,35,3922,0,0,0
152.5,Animal_152_5DLC_resnet50_Freezing_07-2020Sep29shuffle1_100000filtered,Control,"Sanguino-Gomez et al., 2024",3,26,44,3922,1,2.2727272727272729,2.549719530851606E-2
152.5,Animal_152_5DLC_resnet50_Freezing_07-2020Sep29shuffle1_100000filtered,Control,"Sanguino-Gomez et al., 2024",3,27,324,3922,5,1.5432098765432101,0.12748597654258029
152.5,Animal_152_5DLC_resnet50_Freezing_07-2020Sep29shuffle1_100000filtered,Control,"Sanguino-Gomez et al., 2024",3,28,227,3922,213,93.832599118942724,5.4309026007139218
152.5,Animal_152_5DLC_resnet50_Freezing_07-2020Sep29shuffle1_100000filtered,Control,"Sanguino-Gomez et al., 2024",3,29,19,3922,1,5.2631578947368416,2.549719530851606E-2
152.5,Animal_152_5DLC_resnet50_Freezing_07-2020Sep29shuffle1_100000filtered,Control,"Sanguino-Gomez et al., 2024",3,30,12,3922,0,0,0
152.5,Animal_152_5DLC_resnet50_Freezing_07-2020Sep29shuffle1_100000filtered,Control,"Sanguino-Gomez et al., 2024",3,31,4,3922,0,0,0
152.5,Animal_152_5DLC_resnet50_Freezing_07-2020Sep29shuffle1_100000filtered,Control,"Sanguino-Gomez et al., 2024",3,32,9,3922,0,0,0
152.5,Animal_152_5DLC_resnet50_Freezing_07-2020Sep29shuffle1_100000filtered,Control,"Sanguino-Gomez et al., 2024",3,33,2,3922,0,0,0
152.5,Animal_152_5DLC_resnet50_Freezing_07-2020Sep29shuffle1_100000filtered,Control,"Sanguino-Gomez et al., 2024",3,34,31,3922,0,0,0
152.5,Animal_152_5DLC_resnet50_Freezing_07-2020Sep29shuffle1_100000filtered,Control,"Sanguino-Gomez et al., 2024",3,35,10,3922,0,0,0
152.5,Animal_152_5DLC_resnet50_Freezing_07-2020Sep29shuffle1_100000filtered,Control,"Sanguino-Gomez et al., 2024",3,38,13,3922,0,0,0
152.5,Animal_152_5DLC_resnet50_Freezing_07-2020Sep29shuffle1_100000filtered,Control,"Sanguino-Gomez et al., 2024",3,39,6,3922,4,66.666666666666657,0.1019887812340643
152.5,Animal_152_5DLC_resnet50_Freezing_07-2020Sep29shuffle1_100000filtered,Control,"Sanguino-Gomez et al., 2024",3,67,22,3922,0,0,0
157.1,Animal_157_1DLC_resnet50_Freezing_07-2020Sep29shuffle1_100000filtered,Control,"Sanguino-Gomez et al., 2024",3,0,1832,2275,1531,83.569868995633186,67.296703296703299
157.1,Animal_157_1DLC_resnet50_Freezing_07-2020Sep29shuffle1_100000filtered,Control,"Sanguino-Gomez et al., 2024",3,1,1961,2275,196,9.9949005609382962,8.615384615384615
157.1,Animal_157_1DLC_resnet50_Freezing_07-2020Sep29shuffle1_100000filtered,Control,"Sanguino-Gomez et al., 2024",3,2,855,2275,13,1.5204678362573101,0.5714285714285714
157.1,Animal_157_1DLC_resnet50_Freezing_07-2020Sep29shuffle1_100000filtered,Control,"Sanguino-Gomez et al., 2024",3,3,771,2275,27,3.5019455252918288,1.186813186813187
157.1,Animal_157_1DLC_resnet50_Freezing_07-2020Sep29shuffle1_100000filtered,Control,"Sanguino-Gomez et al., 2024",3,4,613,2275,87,14.192495921696571,3.8241758241758239
157.1,Animal_157_1DLC_resnet50_Freezing_07-2020Sep29shuffle1_100000filtered,Control,"Sanguino-Gomez et al., 2024",3,5,431,2275,2,0.46403712296983762,8.7912087912087905E-2
157.1,Animal_157_1DLC_resnet50_Freezing_07-2020Sep29shuffle1_100000filtered,Control,"Sanguino-Gomez et al., 2024",3,6,519,2275,30,5.7803468208092488,1.3186813186813191
157.1,Animal_157_1DLC_resnet50_Freezing_07-2020Sep29shuffle1_100000filtered,Control,"Sanguino-Gomez et al., 2024",3,7,567,2275,3,0.52910052910052907,0.1318681318681319
157.1,Animal_157_1DLC_resnet50_Freezing_07-2020Sep29shuffle1_100000filtered,Control,"Sanguino-Gomez et al., 2024",3,8,46,2275,0,0,0
157.1,Animal_157_1DLC_resnet50_Freezing_07-2020Sep29shuffle1_100000filtered,Control,"Sanguino-Gomez et al., 2024",3,9,86,2275,0,0,0
157.1,Animal_157_1DLC_resnet50_Freezing_07-2020Sep29shuffle1_100000filtered,Control,"Sanguino-Gomez et al., 2024",3,10,71,2275,8,11.26760563380282,0.35164835164835162
157.1,Animal_157_1DLC_resnet50_Freezing_07-2020Sep29shuffle1_100000filtered,Control,"Sanguino-Gomez et al., 2024",3,11,85,2275,0,0,0
157.1,Animal_157_1DLC_resnet50_Freezing_07-2020Sep29shuffle1_100000filtered,Control,"Sanguino-Gomez et al., 2024",3,12,294,2275,2,0.68027210884353739,8.7912087912087905E-2
157.1,Animal_157_1DLC_resnet50_Freezing_07-2020Sep29shuffle1_100000filtered,Control,"Sanguino-Gomez et al., 2024",3,13,438,2275,101,23.05936073059361,4.4395604395604398
157.1,Animal_157_1DLC_resnet50_Freezing_07-2020Sep29shuffle1_100000filtered,Control,"Sanguino-Gomez et al., 2024",3,14,133,2275,0,0,0
157.1,Animal_157_1DLC_resnet50_Freezing_07-2020Sep29shuffle1_100000filtered,Control,"Sanguino-Gomez et al., 2024",3,15,130,2275,0,0,0
157.1,Animal_157_1DLC_resnet50_Freezing_07-2020Sep29shuffle1_100000filtered,Control,"Sanguino-Gomez et al., 2024",3,16,94,2275,0,0,0
157.1,Animal_157_1DLC_resnet50_Freezing_07-2020Sep29shuffle1_100000filtered,Control,"Sanguino-Gomez et al., 2024",3,17,116,2275,6,5.1724137931034484,0.26373626373626369
157.1,Animal_157_1DLC_resnet50_Freezing_07-2020Sep29shuffle1_100000filtered,Control,"Sanguino-Gomez et al., 2024",3,19,29,2275,0,0,0
157.1,Animal_157_1DLC_resnet50_Freezing_07-2020Sep29shuffle1_100000filtered,Control,"Sanguino-Gomez et al., 2024",3,20,89,2275,0,0,0
157.1,Animal_157_1DLC_resnet50_Freezing_07-2020Sep29shuffle1_100000filtered,Control,"Sanguino-Gomez et al., 2024",3,21,156,2275,0,0,0
157.1,Animal_157_1DLC_resnet50_Freezing_07-2020Sep29shuffle1_100000filtered,Control,"Sanguino-Gomez et al., 2024",3,22,619,2275,10,1.615508885298869,0.43956043956043961
157.1,Animal_157_1DLC_resnet50_Freezing_07-2020Sep29shuffle1_100000filtered,Control,"Sanguino-Gomez et al., 2024",3,23,10,2275,0,0,0
157.1,Animal_157_1DLC_resnet50_Freezing_07-2020Sep29shuffle1_100000filtered,Control,"Sanguino-Gomez et al., 2024",3,25,217,2275,0,0,0
157.1,Animal_157_1DLC_resnet50_Freezing_07-2020Sep29shuffle1_100000filtered,Control,"Sanguino-Gomez et al., 2024",3,27,520,2275,9,1.7307692307692311,0.39560439560439559
157.1,Animal_157_1DLC_resnet50_Freezing_07-2020Sep29shuffle1_100000filtered,Control,"Sanguino-Gomez et al., 2024",3,28,286,2275,228,79.72027972027972,10.02197802197802
157.1,Animal_157_1DLC_resnet50_Freezing_07-2020Sep29shuffle1_100000filtered,Control,"Sanguino-Gomez et al., 2024",3,29,14,2275,0,0,0
157.1,Animal_157_1DLC_resnet50_Freezing_07-2020Sep29shuffle1_100000filtered,Control,"Sanguino-Gomez et al., 2024",3,30,14,2275,0,0,0
157.1,Animal_157_1DLC_resnet50_Freezing_07-2020Sep29shuffle1_100000filtered,Control,"Sanguino-Gomez et al., 2024",3,31,8,2275,0,0,0
157.1,Animal_157_1DLC_resnet50_Freezing_07-2020Sep29shuffle1_100000filtered,Control,"Sanguino-Gomez et al., 2024",3,32,133,2275,20,15.03759398496241,0.87912087912087911
157.1,Animal_157_1DLC_resnet50_Freezing_07-2020Sep29shuffle1_100000filtered,Control,"Sanguino-Gomez et al., 2024",3,33,12,2275,0,0,0
157.1,Animal_157_1DLC_resnet50_Freezing_07-2020Sep29shuffle1_100000filtered,Control,"Sanguino-Gomez et al., 2024",3,34,3,2275,1,33.333333333333329,4.3956043956043953E-2
157.1,Animal_157_1DLC_resnet50_Freezing_07-2020Sep29shuffle1_100000filtered,Control,"Sanguino-Gomez et al., 2024",3,35,20,2275,0,0,0
157.1,Animal_157_1DLC_resnet50_Freezing_07-2020Sep29shuffle1_100000filtered,Control,"Sanguino-Gomez et al., 2024",3,36,6,2275,0,0,0
157.1,Animal_157_1DLC_resnet50_Freezing_07-2020Sep29shuffle1_100000filtered,Control,"Sanguino-Gomez et al., 2024",3,38,16,2275,0,0,0
157.1,Animal_157_1DLC_resnet50_Freezing_07-2020Sep29shuffle1_100000filtered,Control,"Sanguino-Gomez et al., 2024",3,39,26,2275,0,0,0
157.1,Animal_157_1DLC_resnet50_Freezing_07-2020Sep29shuffle1_100000filtered,Control,"Sanguino-Gomez et al., 2024",3,46,5,2275,0,0,0
157.1,Animal_157_1DLC_resnet50_Freezing_07-2020Sep29shuffle1_100000filtered,Control,"Sanguino-Gomez et al., 2024",3,48,8,2275,0,0,0
157.1,Animal_157_1DLC_resnet50_Freezing_07-2020Sep29shuffle1_100000filtered,Control,"Sanguino-Gomez et al., 2024",3,49,4,2275,0,0,0
157.1,Animal_157_1DLC_resnet50_Freezing_07-2020Sep29shuffle1_100000filtered,Control,"Sanguino-Gomez et al., 2024",3,85,13,2275,1,7.6923076923076934,4.3956043956043953E-2
157.4,Animal_157_4DLC_resnet50_Freezing_07-2020Sep29shuffle1_100000filtered,Control,"Sanguino-Gomez et al., 2024",3,0,2166,2533,1946,89.843028624192058,76.825898144492697
157.4,Animal_157_4DLC_resnet50_Freezing_07-2020Sep29shuffle1_100000filtered,Control,"Sanguino-Gomez et al., 2024",3,1,1752,2533,79,4.5091324200913236,3.1188314251875249
157.4,Animal_157_4DLC_resnet50_Freezing_07-2020Sep29shuffle1_100000filtered,Control,"Sanguino-Gomez et al., 2024",3,2,1046,2533,1,9.5602294455066919E-2,3.9478878799842083E-2
157.4,Animal_157_4DLC_resnet50_Freezing_07-2020Sep29shuffle1_100000filtered,Control,"Sanguino-Gomez et al., 2024",3,3,1896,2533,41,2.1624472573839659,1.618634030793525
157.4,Animal_157_4DLC_resnet50_Freezing_07-2020Sep29shuffle1_100000filtered,Control,"Sanguino-Gomez et al., 2024",3,4,516,2533,136,26.356589147286829,5.3691275167785237
157.4,Animal_157_4DLC_resnet50_Freezing_07-2020Sep29shuffle1_100000filtered,Control,"Sanguino-Gomez et al., 2024",3,5,788,2533,9,1.142131979695431,0.35530990919857869
157.4,Animal_157_4DLC_resnet50_Freezing_07-2020Sep29shuffle1_100000filtered,Control,"Sanguino-Gomez et al., 2024",3,6,1115,2533,166,14.887892376681609,6.5534938807737859
157.4,Animal_157_4DLC_resnet50_Freezing_07-2020Sep29shuffle1_100000filtered,Control,"Sanguino-Gomez et al., 2024",3,7,156,2533,0,0,0
157.4,Animal_157_4DLC_resnet50_Freezing_07-2020Sep29shuffle1_100000filtered,Control,"Sanguino-Gomez et al., 2024",3,8,47,2533,0,0,0
157.4,Animal_157_4DLC_resnet50_Freezing_07-2020Sep29shuffle1_100000filtered,Control,"Sanguino-Gomez et al., 2024",3,9,105,2533,0,0,0
157.4,Animal_157_4DLC_resnet50_Freezing_07-2020Sep29shuffle1_100000filtered,Control,"Sanguino-Gomez et al., 2024",3,10,122,2533,0,0,0
157.4,Animal_157_4DLC_resnet50_Freezing_07-2020Sep29shuffle1_100000filtered,Control,"Sanguino-Gomez et al., 2024",3,11,22,2533,0,0,0
157.4,Animal_157_4DLC_resnet50_Freezing_07-2020Sep29shuffle1_100000filtered,Control,"Sanguino-Gomez et al., 2024",3,12,126,2533,0,0,0
157.4,Animal_157_4DLC_resnet50_Freezing_07-2020Sep29shuffle1_100000filtered,Control,"Sanguino-Gomez et al., 2024",3,13,339,2533,117,34.513274336283182,4.6190288195815246
157.4,Animal_157_4DLC_resnet50_Freezing_07-2020Sep29shuffle1_100000filtered,Control,"Sanguino-Gomez et al., 2024",3,14,36,2533,0,0,0
157.4,Animal_157_4DLC_resnet50_Freezing_07-2020Sep29shuffle1_100000filtered,Control,"Sanguino-Gomez et al., 2024",3,15,68,2533,0,0,0
157.4,Animal_157_4DLC_resnet50_Freezing_07-2020Sep29shuffle1_100000filtered,Control,"Sanguino-Gomez et al., 2024",3,16,37,2533,0,0,0
157.4,Animal_157_4DLC_resnet50_Freezing_07-2020Sep29shuffle1_100000filtered,Control,"Sanguino-Gomez et al., 2024",3,17,265,2533,1,0.37735849056603782,3.9478878799842083E-2
157.4,Animal_157_4DLC_resnet50_Freezing_07-2020Sep29shuffle1_100000filtered,Control,"Sanguino-Gomez et al., 2024",3,18,106,2533,0,0,0
157.4,Animal_157_4DLC_resnet50_Freezing_07-2020Sep29shuffle1_100000filtered,Control,"Sanguino-Gomez et al., 2024",3,19,19,2533,0,0,0
157.4,Animal_157_4DLC_resnet50_Freezing_07-2020Sep29shuffle1_100000filtered,Control,"Sanguino-Gomez et al., 2024",3,20,18,2533,2,11.111111111111111,7.8957757599684167E-2
157.4,Animal_157_4DLC_resnet50_Freezing_07-2020Sep29shuffle1_100000filtered,Control,"Sanguino-Gomez et al., 2024",3,21,97,2533,0,0,0
157.4,Animal_157_4DLC_resnet50_Freezing_07-2020Sep29shuffle1_100000filtered,Control,"Sanguino-Gomez et al., 2024",3,22,101,2533,32,31.683168316831679,1.2633241215949469
157.4,Animal_157_4DLC_resnet50_Freezing_07-2020Sep29shuffle1_100000filtered,Control,"Sanguino-Gomez et al., 2024",3,23,42,2533,0,0,0
157.4,Animal_157_4DLC_resnet50_Freezing_07-2020Sep29shuffle1_100000filtered,Control,"Sanguino-Gomez et al., 2024",3,24,8,2533,0,0,0
157.4,Animal_157_4DLC_resnet50_Freezing_07-2020Sep29shuffle1_100000filtered,Control,"Sanguino-Gomez et al., 2024",3,25,45,2533,0,0,0
157.4,Animal_157_4DLC_resnet50_Freezing_07-2020Sep29shuffle1_100000filtered,Control,"Sanguino-Gomez et al., 2024",3,26,55,2533,3,5.4545454545454541,0.1184366363995263
157.4,Animal_157_4DLC_resnet50_Freezing_07-2020Sep29shuffle1_100000filtered,Control,"Sanguino-Gomez et al., 2024",3,27,41,2533,0,0,0
157.4,Animal_157_4DLC_resnet50_Freezing_07-2020Sep29shuffle1_100000filtered,Control,"Sanguino-Gomez et al., 2024",3,29,23,2533,0,0,0
157.4,Animal_157_4DLC_resnet50_Freezing_07-2020Sep29shuffle1_100000filtered,Control,"Sanguino-Gomez et al., 2024",3,30,10,2533,0,0,0
157.4,Animal_157_4DLC_resnet50_Freezing_07-2020Sep29shuffle1_100000filtered,Control,"Sanguino-Gomez et al., 2024",3,32,23,2533,0,0,0
157.4,Animal_157_4DLC_resnet50_Freezing_07-2020Sep29shuffle1_100000filtered,Control,"Sanguino-Gomez et al., 2024",3,34,38,2533,0,0,0
157.4,Animal_157_4DLC_resnet50_Freezing_07-2020Sep29shuffle1_100000filtered,Control,"Sanguino-Gomez et al., 2024",3,36,22,2533,0,0,0
158.5,Animal_158_5DLC_resnet50_Freezing_07-2020Sep29shuffle1_100000filtered,Control,"Sanguino-Gomez et al., 2024",3,0,3200,2892,2663,83.21875,92.081604426002755
158.5,Animal_158_5DLC_resnet50_Freezing_07-2020Sep29shuffle1_100000filtered,Control,"Sanguino-Gomez et al., 2024",3,1,1514,2892,42,2.7741083223249672,1.4522821576763481
158.5,Animal_158_5DLC_resnet50_Freezing_07-2020Sep29shuffle1_100000filtered,Control,"Sanguino-Gomez et al., 2024",3,2,1010,2892,3,0.29702970297029702,0.1037344398340249
158.5,Animal_158_5DLC_resnet50_Freezing_07-2020Sep29shuffle1_100000filtered,Control,"Sanguino-Gomez et al., 2024",3,3,1525,2892,13,0.85245901639344268,0.44951590594744117
158.5,Animal_158_5DLC_resnet50_Freezing_07-2020Sep29shuffle1_100000filtered,Control,"Sanguino-Gomez et al., 2024",3,4,227,2892,13,5.7268722466960353,0.44951590594744117
158.5,Animal_158_5DLC_resnet50_Freezing_07-2020Sep29shuffle1_100000filtered,Control,"Sanguino-Gomez et al., 2024",3,5,571,2892,5,0.87565674255691772,0.17289073305670821
158.5,Animal_158_5DLC_resnet50_Freezing_07-2020Sep29shuffle1_100000filtered,Control,"Sanguino-Gomez et al., 2024",3,6,1210,2892,6,0.49586776859504128,0.2074688796680498
158.5,Animal_158_5DLC_resnet50_Freezing_07-2020Sep29shuffle1_100000filtered,Control,"Sanguino-Gomez et al., 2024",3,7,239,2892,1,0.41841004184100422,3.4578146611341627E-2
158.5,Animal_158_5DLC_resnet50_Freezing_07-2020Sep29shuffle1_100000filtered,Control,"Sanguino-Gomez et al., 2024",3,8,85,2892,1,1.1764705882352939,3.4578146611341627E-2
158.5,Animal_158_5DLC_resnet50_Freezing_07-2020Sep29shuffle1_100000filtered,Control,"Sanguino-Gomez et al., 2024",3,9,59,2892,0,0,0
158.5,Animal_158_5DLC_resnet50_Freezing_07-2020Sep29shuffle1_100000filtered,Control,"Sanguino-Gomez et al., 2024",3,10,32,2892,1,3.125,3.4578146611341627E-2
158.5,Animal_158_5DLC_resnet50_Freezing_07-2020Sep29shuffle1_100000filtered,Control,"Sanguino-Gomez et al., 2024",3,11,34,2892,0,0,0
158.5,Animal_158_5DLC_resnet50_Freezing_07-2020Sep29shuffle1_100000filtered,Control,"Sanguino-Gomez et al., 2024",3,12,73,2892,0,0,0
158.5,Animal_158_5DLC_resnet50_Freezing_07-2020Sep29shuffle1_100000filtered,Control,"Sanguino-Gomez et al., 2024",3,13,171,2892,31,18.12865497076023,1.071922544951591
158.5,Animal_158_5DLC_resnet50_Freezing_07-2020Sep29shuffle1_100000filtered,Control,"Sanguino-Gomez et al., 2024",3,14,12,2892,0,0,0
158.5,Animal_158_5DLC_resnet50_Freezing_07-2020Sep29shuffle1_100000filtered,Control,"Sanguino-Gomez et al., 2024",3,15,20,2892,4,20,0.13831258644536651
158.5,Animal_158_5DLC_resnet50_Freezing_07-2020Sep29shuffle1_100000filtered,Control,"Sanguino-Gomez et al., 2024",3,16,65,2892,0,0,0
158.5,Animal_158_5DLC_resnet50_Freezing_07-2020Sep29shuffle1_100000filtered,Control,"Sanguino-Gomez et al., 2024",3,17,78,2892,2,2.5641025641025639,6.9156293222683268E-2
158.5,Animal_158_5DLC_resnet50_Freezing_07-2020Sep29shuffle1_100000filtered,Control,"Sanguino-Gomez et al., 2024",3,18,116,2892,0,0,0
158.5,Animal_158_5DLC_resnet50_Freezing_07-2020Sep29shuffle1_100000filtered,Control,"Sanguino-Gomez et al., 2024",3,19,45,2892,0,0,0
158.5,Animal_158_5DLC_resnet50_Freezing_07-2020Sep29shuffle1_100000filtered,Control,"Sanguino-Gomez et al., 2024",3,20,53,2892,0,0,0
158.5,Animal_158_5DLC_resnet50_Freezing_07-2020Sep29shuffle1_100000filtered,Control,"Sanguino-Gomez et al., 2024",3,21,17,2892,0,0,0
158.5,Animal_158_5DLC_resnet50_Freezing_07-2020Sep29shuffle1_100000filtered,Control,"Sanguino-Gomez et al., 2024",3,22,87,2892,6,6.8965517241379306,0.2074688796680498
158.5,Animal_158_5DLC_resnet50_Freezing_07-2020Sep29shuffle1_100000filtered,Control,"Sanguino-Gomez et al., 2024",3,23,56,2892,0,0,0
158.5,Animal_158_5DLC_resnet50_Freezing_07-2020Sep29shuffle1_100000filtered,Control,"Sanguino-Gomez et al., 2024",3,24,7,2892,0,0,0
158.5,Animal_158_5DLC_resnet50_Freezing_07-2020Sep29shuffle1_100000filtered,Control,"Sanguino-Gomez et al., 2024",3,25,81,2892,0,0,0
158.5,Animal_158_5DLC_resnet50_Freezing_07-2020Sep29shuffle1_100000filtered,Control,"Sanguino-Gomez et al., 2024",3,26,270,2892,3,1.1111111111111109,0.1037344398340249
158.5,Animal_158_5DLC_resnet50_Freezing_07-2020Sep29shuffle1_100000filtered,Control,"Sanguino-Gomez et al., 2024",3,27,121,2892,0,0,0
158.5,Animal_158_5DLC_resnet50_Freezing_07-2020Sep29shuffle1_100000filtered,Control,"Sanguino-Gomez et al., 2024",3,28,121,2892,95,78.512396694214885,3.2849239280774549
158.5,Animal_158_5DLC_resnet50_Freezing_07-2020Sep29shuffle1_100000filtered,Control,"Sanguino-Gomez et al., 2024",3,29,21,2892,0,0,0
158.5,Animal_158_5DLC_resnet50_Freezing_07-2020Sep29shuffle1_100000filtered,Control,"Sanguino-Gomez et al., 2024",3,30,31,2892,2,6.4516129032258061,6.9156293222683268E-2
158.5,Animal_158_5DLC_resnet50_Freezing_07-2020Sep29shuffle1_100000filtered,Control,"Sanguino-Gomez et al., 2024",3,31,28,2892,0,0,0
158.5,Animal_158_5DLC_resnet50_Freezing_07-2020Sep29shuffle1_100000filtered,Control,"Sanguino-Gomez et al., 2024",3,32,11,2892,1,9.0909090909090917,3.4578146611341627E-2
158.5,Animal_158_5DLC_resnet50_Freezing_07-2020Sep29shuffle1_100000filtered,Control,"Sanguino-Gomez et al., 2024",3,33,4,2892,0,0,0
158.5,Animal_158_5DLC_resnet50_Freezing_07-2020Sep29shuffle1_100000filtered,Control,"Sanguino-Gomez et al., 2024",3,34,30,2892,0,0,0
158.5,Animal_158_5DLC_resnet50_Freezing_07-2020Sep29shuffle1_100000filtered,Control,"Sanguino-Gomez et al., 2024",3,40,26,2892,0,0,0
161.1,Animal_161_1DLC_resnet50_Freezing_07-2020Sep29shuffle1_100000filtered,Control,"Sanguino-Gomez et al., 2024",3,0,3953,3808,3460,87.52845939792563,90.861344537815128
161.1,Animal_161_1DLC_resnet50_Freezing_07-2020Sep29shuffle1_100000filtered,Control,"Sanguino-Gomez et al., 2024",3,1,2449,3808,154,6.2882809309922418,4.0441176470588234
161.1,Animal_161_1DLC_resnet50_Freezing_07-2020Sep29shuffle1_100000filtered,Control,"Sanguino-Gomez et al., 2024",3,2,658,3808,0,0,0
161.1,Animal_161_1DLC_resnet50_Freezing_07-2020Sep29shuffle1_100000filtered,Control,"Sanguino-Gomez et al., 2024",3,3,911,3808,14,1.5367727771679469,0.36764705882352938
161.1,Animal_161_1DLC_resnet50_Freezing_07-2020Sep29shuffle1_100000filtered,Control,"Sanguino-Gomez et al., 2024",3,4,140,3808,53,37.857142857142847,1.391806722689076
161.1,Animal_161_1DLC_resnet50_Freezing_07-2020Sep29shuffle1_100000filtered,Control,"Sanguino-Gomez et al., 2024",3,5,583,3808,9,1.543739279588336,0.23634453781512599
161.1,Animal_161_1DLC_resnet50_Freezing_07-2020Sep29shuffle1_100000filtered,Control,"Sanguino-Gomez et al., 2024",3,6,1022,3808,10,0.97847358121330719,0.26260504201680668
161.1,Animal_161_1DLC_resnet50_Freezing_07-2020Sep29shuffle1_100000filtered,Control,"Sanguino-Gomez et al., 2024",3,7,241,3808,0,0,0
161.1,Animal_161_1DLC_resnet50_Freezing_07-2020Sep29shuffle1_100000filtered,Control,"Sanguino-Gomez et al., 2024",3,9,24,3808,2,8.3333333333333321,5.2521008403361352E-2
161.1,Animal_161_1DLC_resnet50_Freezing_07-2020Sep29shuffle1_100000filtered,Control,"Sanguino-Gomez et al., 2024",3,10,27,3808,0,0,0
161.1,Animal_161_1DLC_resnet50_Freezing_07-2020Sep29shuffle1_100000filtered,Control,"Sanguino-Gomez et al., 2024",3,11,32,3808,0,0,0
161.1,Animal_161_1DLC_resnet50_Freezing_07-2020Sep29shuffle1_100000filtered,Control,"Sanguino-Gomez et al., 2024",3,12,110,3808,0,0,0
161.1,Animal_161_1DLC_resnet50_Freezing_07-2020Sep29shuffle1_100000filtered,Control,"Sanguino-Gomez et al., 2024",3,13,364,3808,75,20.604395604395599,1.9695378151260501
161.1,Animal_161_1DLC_resnet50_Freezing_07-2020Sep29shuffle1_100000filtered,Control,"Sanguino-Gomez et al., 2024",3,15,15,3808,0,0,0
161.1,Animal_161_1DLC_resnet50_Freezing_07-2020Sep29shuffle1_100000filtered,Control,"Sanguino-Gomez et al., 2024",3,16,44,3808,0,0,0
161.1,Animal_161_1DLC_resnet50_Freezing_07-2020Sep29shuffle1_100000filtered,Control,"Sanguino-Gomez et al., 2024",3,19,2,3808,0,0,0
161.1,Animal_161_1DLC_resnet50_Freezing_07-2020Sep29shuffle1_100000filtered,Control,"Sanguino-Gomez et al., 2024",3,20,48,3808,0,0,0
161.1,Animal_161_1DLC_resnet50_Freezing_07-2020Sep29shuffle1_100000filtered,Control,"Sanguino-Gomez et al., 2024",3,21,31,3808,0,0,0
161.1,Animal_161_1DLC_resnet50_Freezing_07-2020Sep29shuffle1_100000filtered,Control,"Sanguino-Gomez et al., 2024",3,23,91,3808,0,0,0
161.1,Animal_161_1DLC_resnet50_Freezing_07-2020Sep29shuffle1_100000filtered,Control,"Sanguino-Gomez et al., 2024",3,26,102,3808,5,4.9019607843137258,0.13130252100840339
161.1,Animal_161_1DLC_resnet50_Freezing_07-2020Sep29shuffle1_100000filtered,Control,"Sanguino-Gomez et al., 2024",3,27,160,3808,1,0.625,2.6260504201680669E-2
161.1,Animal_161_1DLC_resnet50_Freezing_07-2020Sep29shuffle1_100000filtered,Control,"Sanguino-Gomez et al., 2024",3,28,86,3808,25,29.069767441860471,0.65651260504201681
161.1,Animal_161_1DLC_resnet50_Freezing_07-2020Sep29shuffle1_100000filtered,Control,"Sanguino-Gomez et al., 2024",3,29,14,3808,0,0,0
161.1,Animal_161_1DLC_resnet50_Freezing_07-2020Sep29shuffle1_100000filtered,Control,"Sanguino-Gomez et al., 2024",3,30,6,3808,0,0,0
161.1,Animal_161_1DLC_resnet50_Freezing_07-2020Sep29shuffle1_100000filtered,Control,"Sanguino-Gomez et al., 2024",3,32,31,3808,0,0,0
161.1,Animal_161_1DLC_resnet50_Freezing_07-2020Sep29shuffle1_100000filtered,Control,"Sanguino-Gomez et al., 2024",3,33,11,3808,0,0,0
161.1,Animal_161_1DLC_resnet50_Freezing_07-2020Sep29shuffle1_100000filtered,Control,"Sanguino-Gomez et al., 2024",3,37,95,3808,0,0,0
161.3,Animal_161_3DLC_resnet50_Freezing_07-2020Sep29shuffle1_100000filtered,Control,"Sanguino-Gomez et al., 2024",3,0,3072,3033,2729,88.834635416666657,89.976920540718766
161.3,Animal_161_3DLC_resnet50_Freezing_07-2020Sep29shuffle1_100000filtered,Control,"Sanguino-Gomez et al., 2024",3,1,1484,3033,90,6.0646900269541781,2.9673590504451042
161.3,Animal_161_3DLC_resnet50_Freezing_07-2020Sep29shuffle1_100000filtered,Control,"Sanguino-Gomez et al., 2024",3,2,894,3033,6,0.67114093959731547,0.19782393669634021
161.3,Animal_161_3DLC_resnet50_Freezing_07-2020Sep29shuffle1_100000filtered,Control,"Sanguino-Gomez et al., 2024",3,3,1371,3033,10,0.7293946024799417,0.32970656116056712
161.3,Animal_161_3DLC_resnet50_Freezing_07-2020Sep29shuffle1_100000filtered,Control,"Sanguino-Gomez et al., 2024",3,4,300,3033,51,17,1.681503461918892
161.3,Animal_161_3DLC_resnet50_Freezing_07-2020Sep29shuffle1_100000filtered,Control,"Sanguino-Gomez et al., 2024",3,5,629,3033,11,1.748807631160572,0.36267721727662378
161.3,Animal_161_3DLC_resnet50_Freezing_07-2020Sep29shuffle1_100000filtered,Control,"Sanguino-Gomez et al., 2024",3,6,1429,3033,18,1.2596221133659899,0.59347181008902083
161.3,Animal_161_3DLC_resnet50_Freezing_07-2020Sep29shuffle1_100000filtered,Control,"Sanguino-Gomez et al., 2024",3,7,103,3033,0,0,0
161.3,Animal_161_3DLC_resnet50_Freezing_07-2020Sep29shuffle1_100000filtered,Control,"Sanguino-Gomez et al., 2024",3,8,2,3033,0,0,0
161.3,Animal_161_3DLC_resnet50_Freezing_07-2020Sep29shuffle1_100000filtered,Control,"Sanguino-Gomez et al., 2024",3,9,4,3033,0,0,0
161.3,Animal_161_3DLC_resnet50_Freezing_07-2020Sep29shuffle1_100000filtered,Control,"Sanguino-Gomez et al., 2024",3,10,75,3033,4,5.3333333333333339,0.1318826244642268
161.3,Animal_161_3DLC_resnet50_Freezing_07-2020Sep29shuffle1_100000filtered,Control,"Sanguino-Gomez et al., 2024",3,11,36,3033,0,0,0
161.3,Animal_161_3DLC_resnet50_Freezing_07-2020Sep29shuffle1_100000filtered,Control,"Sanguino-Gomez et al., 2024",3,12,131,3033,0,0,0
161.3,Animal_161_3DLC_resnet50_Freezing_07-2020Sep29shuffle1_100000filtered,Control,"Sanguino-Gomez et al., 2024",3,13,62,3033,0,0,0
161.3,Animal_161_3DLC_resnet50_Freezing_07-2020Sep29shuffle1_100000filtered,Control,"Sanguino-Gomez et al., 2024",3,14,36,3033,2,5.5555555555555554,6.5941312232113414E-2
161.3,Animal_161_3DLC_resnet50_Freezing_07-2020Sep29shuffle1_100000filtered,Control,"Sanguino-Gomez et al., 2024",3,15,8,3033,1,12.5,3.2970656116056707E-2
161.3,Animal_161_3DLC_resnet50_Freezing_07-2020Sep29shuffle1_100000filtered,Control,"Sanguino-Gomez et al., 2024",3,16,41,3033,0,0,0
161.3,Animal_161_3DLC_resnet50_Freezing_07-2020Sep29shuffle1_100000filtered,Control,"Sanguino-Gomez et al., 2024",3,17,30,3033,0,0,0
161.3,Animal_161_3DLC_resnet50_Freezing_07-2020Sep29shuffle1_100000filtered,Control,"Sanguino-Gomez et al., 2024",3,18,355,3033,4,1.126760563380282,0.1318826244642268
161.3,Animal_161_3DLC_resnet50_Freezing_07-2020Sep29shuffle1_100000filtered,Control,"Sanguino-Gomez et al., 2024",3,19,40,3033,0,0,0
161.3,Animal_161_3DLC_resnet50_Freezing_07-2020Sep29shuffle1_100000filtered,Control,"Sanguino-Gomez et al., 2024",3,20,33,3033,0,0,0
161.3,Animal_161_3DLC_resnet50_Freezing_07-2020Sep29shuffle1_100000filtered,Control,"Sanguino-Gomez et al., 2024",3,21,33,3033,0,0,0
161.3,Animal_161_3DLC_resnet50_Freezing_07-2020Sep29shuffle1_100000filtered,Control,"Sanguino-Gomez et al., 2024",3,22,54,3033,0,0,0
161.3,Animal_161_3DLC_resnet50_Freezing_07-2020Sep29shuffle1_100000filtered,Control,"Sanguino-Gomez et al., 2024",3,23,60,3033,2,3.333333333333333,6.5941312232113414E-2
161.3,Animal_161_3DLC_resnet50_Freezing_07-2020Sep29shuffle1_100000filtered,Control,"Sanguino-Gomez et al., 2024",3,25,148,3033,1,0.67567567567567566,3.2970656116056707E-2
161.3,Animal_161_3DLC_resnet50_Freezing_07-2020Sep29shuffle1_100000filtered,Control,"Sanguino-Gomez et al., 2024",3,26,103,3033,5,4.8543689320388346,0.16485328058028359
161.3,Animal_161_3DLC_resnet50_Freezing_07-2020Sep29shuffle1_100000filtered,Control,"Sanguino-Gomez et al., 2024",3,27,474,3033,1,0.2109704641350211,3.2970656116056707E-2
161.3,Animal_161_3DLC_resnet50_Freezing_07-2020Sep29shuffle1_100000filtered,Control,"Sanguino-Gomez et al., 2024",3,28,118,3033,98,83.050847457627114,3.2311242993735578
161.3,Animal_161_3DLC_resnet50_Freezing_07-2020Sep29shuffle1_100000filtered,Control,"Sanguino-Gomez et al., 2024",3,29,10,3033,0,0,0
161.3,Animal_161_3DLC_resnet50_Freezing_07-2020Sep29shuffle1_100000filtered,Control,"Sanguino-Gomez et al., 2024",3,30,15,3033,0,0,0
161.3,Animal_161_3DLC_resnet50_Freezing_07-2020Sep29shuffle1_100000filtered,Control,"Sanguino-Gomez et al., 2024",3,31,2,3033,0,0,0
161.3,Animal_161_3DLC_resnet50_Freezing_07-2020Sep29shuffle1_100000filtered,Control,"Sanguino-Gomez et al., 2024",3,32,57,3033,0,0,0
161.3,Animal_161_3DLC_resnet50_Freezing_07-2020Sep29shuffle1_100000filtered,Control,"Sanguino-Gomez et al., 2024",3,34,33,3033,0,0,0
161.3,Animal_161_3DLC_resnet50_Freezing_07-2020Sep29shuffle1_100000filtered,Control,"Sanguino-Gomez et al., 2024",3,35,6,3033,0,0,0
161.3,Animal_161_3DLC_resnet50_Freezing_07-2020Sep29shuffle1_100000filtered,Control,"Sanguino-Gomez et al., 2024",3,39,2,3033,0,0,0
123.1,Animal_123_1DLC_resnet50_Freezing_07-2020Sep29shuffle1_100000filtered,ELS,"Sanguino-Gomez et al., 2024",3,0,2835,2814,2269,80.03527336860671,80.632551528073918
123.1,Animal_123_1DLC_resnet50_Freezing_07-2020Sep29shuffle1_100000filtered,ELS,"Sanguino-Gomez et al., 2024",3,1,2815,2814,140,4.9733570159857896,4.9751243781094532
123.1,Animal_123_1DLC_resnet50_Freezing_07-2020Sep29shuffle1_100000filtered,ELS,"Sanguino-Gomez et al., 2024",3,3,878,2814,28,3.1890660592255129,0.99502487562189057
123.1,Animal_123_1DLC_resnet50_Freezing_07-2020Sep29shuffle1_100000filtered,ELS,"Sanguino-Gomez et al., 2024",3,4,331,2814,53,16.012084592145019,1.8834399431414359
123.1,Animal_123_1DLC_resnet50_Freezing_07-2020Sep29shuffle1_100000filtered,ELS,"Sanguino-Gomez et al., 2024",3,5,141,2814,5,3.5460992907801421,0.177683013503909
123.1,Animal_123_1DLC_resnet50_Freezing_07-2020Sep29shuffle1_100000filtered,ELS,"Sanguino-Gomez et al., 2024",3,6,1222,2814,25,2.0458265139116198,0.88841506751954524
123.1,Animal_123_1DLC_resnet50_Freezing_07-2020Sep29shuffle1_100000filtered,ELS,"Sanguino-Gomez et al., 2024",3,7,5,2814,0,0,0
123.1,Animal_123_1DLC_resnet50_Freezing_07-2020Sep29shuffle1_100000filtered,ELS,"Sanguino-Gomez et al., 2024",3,8,6,2814,0,0,0
123.1,Animal_123_1DLC_resnet50_Freezing_07-2020Sep29shuffle1_100000filtered,ELS,"Sanguino-Gomez et al., 2024",3,9,30,2814,0,0,0
123.1,Animal_123_1DLC_resnet50_Freezing_07-2020Sep29shuffle1_100000filtered,ELS,"Sanguino-Gomez et al., 2024",3,11,3,2814,0,0,0
123.1,Animal_123_1DLC_resnet50_Freezing_07-2020Sep29shuffle1_100000filtered,ELS,"Sanguino-Gomez et al., 2024",3,12,31,2814,0,0,0
123.1,Animal_123_1DLC_resnet50_Freezing_07-2020Sep29shuffle1_100000filtered,ELS,"Sanguino-Gomez et al., 2024",3,13,1020,2814,183,17.941176470588239,6.5031982942430702
123.1,Animal_123_1DLC_resnet50_Freezing_07-2020Sep29shuffle1_100000filtered,ELS,"Sanguino-Gomez et al., 2024",3,15,4,2814,0,0,0
123.1,Animal_123_1DLC_resnet50_Freezing_07-2020Sep29shuffle1_100000filtered,ELS,"Sanguino-Gomez et al., 2024",3,17,39,2814,0,0,0
123.1,Animal_123_1DLC_resnet50_Freezing_07-2020Sep29shuffle1_100000filtered,ELS,"Sanguino-Gomez et al., 2024",3,18,835,2814,11,1.317365269461078,0.39090262970859979
123.1,Animal_123_1DLC_resnet50_Freezing_07-2020Sep29shuffle1_100000filtered,ELS,"Sanguino-Gomez et al., 2024",3,19,1,2814,0,0,0
123.1,Animal_123_1DLC_resnet50_Freezing_07-2020Sep29shuffle1_100000filtered,ELS,"Sanguino-Gomez et al., 2024",3,21,55,2814,1,1.8181818181818179,3.5536602700781808E-2
123.1,Animal_123_1DLC_resnet50_Freezing_07-2020Sep29shuffle1_100000filtered,ELS,"Sanguino-Gomez et al., 2024",3,22,41,2814,0,0,0
123.1,Animal_123_1DLC_resnet50_Freezing_07-2020Sep29shuffle1_100000filtered,ELS,"Sanguino-Gomez et al., 2024",3,24,2,2814,0,0,0
123.1,Animal_123_1DLC_resnet50_Freezing_07-2020Sep29shuffle1_100000filtered,ELS,"Sanguino-Gomez et al., 2024",3,26,861,2814,99,11.49825783972125,3.5181236673773988
123.1,Animal_123_1DLC_resnet50_Freezing_07-2020Sep29shuffle1_100000filtered,ELS,"Sanguino-Gomez et al., 2024",3,27,34,2814,0,0,0
123.1,Animal_123_1DLC_resnet50_Freezing_07-2020Sep29shuffle1_100000filtered,ELS,"Sanguino-Gomez et al., 2024",3,31,5,2814,0,0,0
123.1,Animal_123_1DLC_resnet50_Freezing_07-2020Sep29shuffle1_100000filtered,ELS,"Sanguino-Gomez et al., 2024",3,32,11,2814,0,0,0
123.1,Animal_123_1DLC_resnet50_Freezing_07-2020Sep29shuffle1_100000filtered,ELS,"Sanguino-Gomez et al., 2024",3,34,9,2814,0,0,0
123.1,Animal_123_1DLC_resnet50_Freezing_07-2020Sep29shuffle1_100000filtered,ELS,"Sanguino-Gomez et al., 2024",3,35,31,2814,0,0,0
123.1,Animal_123_1DLC_resnet50_Freezing_07-2020Sep29shuffle1_100000filtered,ELS,"Sanguino-Gomez et al., 2024",3,41,5,2814,0,0,0
123.3,Animal_123_3DLC_resnet50_Freezing_07-2020Sep29shuffle1_100000filtered,ELS,"Sanguino-Gomez et al., 2024",3,0,3284,3204,3021,91.991473812423877,94.288389513108612
123.3,Animal_123_3DLC_resnet50_Freezing_07-2020Sep29shuffle1_100000filtered,ELS,"Sanguino-Gomez et al., 2024",3,1,1546,3204,73,4.7218628719275548,2.2784019975031211
123.3,Animal_123_3DLC_resnet50_Freezing_07-2020Sep29shuffle1_100000filtered,ELS,"Sanguino-Gomez et al., 2024",3,2,857,3204,0,0,0
123.3,Animal_123_3DLC_resnet50_Freezing_07-2020Sep29shuffle1_100000filtered,ELS,"Sanguino-Gomez et al., 2024",3,3,1828,3204,52,2.844638949671773,1.622971285892634
123.3,Animal_123_3DLC_resnet50_Freezing_07-2020Sep29shuffle1_100000filtered,ELS,"Sanguino-Gomez et al., 2024",3,4,391,3204,17,4.3478260869565224,0.53058676654182269
123.3,Animal_123_3DLC_resnet50_Freezing_07-2020Sep29shuffle1_100000filtered,ELS,"Sanguino-Gomez et al., 2024",3,5,795,3204,8,1.0062893081761011,0.24968789013732831
123.3,Animal_123_3DLC_resnet50_Freezing_07-2020Sep29shuffle1_100000filtered,ELS,"Sanguino-Gomez et al., 2024",3,6,627,3204,3,0.4784688995215311,9.3632958801498134E-2
123.3,Animal_123_3DLC_resnet50_Freezing_07-2020Sep29shuffle1_100000filtered,ELS,"Sanguino-Gomez et al., 2024",3,7,320,3204,2,0.625,6.2421972534332078E-2
123.3,Animal_123_3DLC_resnet50_Freezing_07-2020Sep29shuffle1_100000filtered,ELS,"Sanguino-Gomez et al., 2024",3,8,30,3204,0,0,0
123.3,Animal_123_3DLC_resnet50_Freezing_07-2020Sep29shuffle1_100000filtered,ELS,"Sanguino-Gomez et al., 2024",3,9,39,3204,0,0,0
123.3,Animal_123_3DLC_resnet50_Freezing_07-2020Sep29shuffle1_100000filtered,ELS,"Sanguino-Gomez et al., 2024",3,10,16,3204,0,0,0
123.3,Animal_123_3DLC_resnet50_Freezing_07-2020Sep29shuffle1_100000filtered,ELS,"Sanguino-Gomez et al., 2024",3,11,16,3204,0,0,0
123.3,Animal_123_3DLC_resnet50_Freezing_07-2020Sep29shuffle1_100000filtered,ELS,"Sanguino-Gomez et al., 2024",3,12,120,3204,0,0,0
123.3,Animal_123_3DLC_resnet50_Freezing_07-2020Sep29shuffle1_100000filtered,ELS,"Sanguino-Gomez et al., 2024",3,14,40,3204,0,0,0
123.3,Animal_123_3DLC_resnet50_Freezing_07-2020Sep29shuffle1_100000filtered,ELS,"Sanguino-Gomez et al., 2024",3,15,30,3204,0,0,0
123.3,Animal_123_3DLC_resnet50_Freezing_07-2020Sep29shuffle1_100000filtered,ELS,"Sanguino-Gomez et al., 2024",3,16,44,3204,0,0,0
123.3,Animal_123_3DLC_resnet50_Freezing_07-2020Sep29shuffle1_100000filtered,ELS,"Sanguino-Gomez et al., 2024",3,17,105,3204,5,4.7619047619047619,0.1560549313358302
123.3,Animal_123_3DLC_resnet50_Freezing_07-2020Sep29shuffle1_100000filtered,ELS,"Sanguino-Gomez et al., 2024",3,18,74,3204,1,1.3513513513513511,3.1210986267166039E-2
123.3,Animal_123_3DLC_resnet50_Freezing_07-2020Sep29shuffle1_100000filtered,ELS,"Sanguino-Gomez et al., 2024",3,19,42,3204,0,0,0
123.3,Animal_123_3DLC_resnet50_Freezing_07-2020Sep29shuffle1_100000filtered,ELS,"Sanguino-Gomez et al., 2024",3,21,27,3204,1,3.7037037037037028,3.1210986267166039E-2
123.3,Animal_123_3DLC_resnet50_Freezing_07-2020Sep29shuffle1_100000filtered,ELS,"Sanguino-Gomez et al., 2024",3,22,84,3204,0,0,0
123.3,Animal_123_3DLC_resnet50_Freezing_07-2020Sep29shuffle1_100000filtered,ELS,"Sanguino-Gomez et al., 2024",3,23,55,3204,0,0,0
123.3,Animal_123_3DLC_resnet50_Freezing_07-2020Sep29shuffle1_100000filtered,ELS,"Sanguino-Gomez et al., 2024",3,24,4,3204,0,0,0
123.3,Animal_123_3DLC_resnet50_Freezing_07-2020Sep29shuffle1_100000filtered,ELS,"Sanguino-Gomez et al., 2024",3,25,83,3204,0,0,0
123.3,Animal_123_3DLC_resnet50_Freezing_07-2020Sep29shuffle1_100000filtered,ELS,"Sanguino-Gomez et al., 2024",3,26,43,3204,3,6.9767441860465116,9.3632958801498134E-2
123.3,Animal_123_3DLC_resnet50_Freezing_07-2020Sep29shuffle1_100000filtered,ELS,"Sanguino-Gomez et al., 2024",3,27,539,3204,0,0,0
123.3,Animal_123_3DLC_resnet50_Freezing_07-2020Sep29shuffle1_100000filtered,ELS,"Sanguino-Gomez et al., 2024",3,28,39,3204,17,43.589743589743591,0.53058676654182269
123.3,Animal_123_3DLC_resnet50_Freezing_07-2020Sep29shuffle1_100000filtered,ELS,"Sanguino-Gomez et al., 2024",3,29,8,3204,0,0,0
123.3,Animal_123_3DLC_resnet50_Freezing_07-2020Sep29shuffle1_100000filtered,ELS,"Sanguino-Gomez et al., 2024",3,30,8,3204,0,0,0
123.3,Animal_123_3DLC_resnet50_Freezing_07-2020Sep29shuffle1_100000filtered,ELS,"Sanguino-Gomez et al., 2024",3,31,16,3204,1,6.25,3.1210986267166039E-2
123.3,Animal_123_3DLC_resnet50_Freezing_07-2020Sep29shuffle1_100000filtered,ELS,"Sanguino-Gomez et al., 2024",3,32,61,3204,0,0,0
123.3,Animal_123_3DLC_resnet50_Freezing_07-2020Sep29shuffle1_100000filtered,ELS,"Sanguino-Gomez et al., 2024",3,33,9,3204,0,0,0
123.3,Animal_123_3DLC_resnet50_Freezing_07-2020Sep29shuffle1_100000filtered,ELS,"Sanguino-Gomez et al., 2024",3,34,9,3204,0,0,0
123.3,Animal_123_3DLC_resnet50_Freezing_07-2020Sep29shuffle1_100000filtered,ELS,"Sanguino-Gomez et al., 2024",3,37,59,3204,0,0,0
123.3,Animal_123_3DLC_resnet50_Freezing_07-2020Sep29shuffle1_100000filtered,ELS,"Sanguino-Gomez et al., 2024",3,53,2,3204,0,0,0
128.4,Animal_128_4DLC_resnet50_Freezing_07-2020Sep29shuffle1_100000filtered,ELS,"Sanguino-Gomez et al., 2024",3,0,2969,2829,2555,86.055911081172113,90.314598798161896
128.4,Animal_128_4DLC_resnet50_Freezing_07-2020Sep29shuffle1_100000filtered,ELS,"Sanguino-Gomez et al., 2024",3,1,1228,2829,81,6.5960912052117262,2.8632025450689289
128.4,Animal_128_4DLC_resnet50_Freezing_07-2020Sep29shuffle1_100000filtered,ELS,"Sanguino-Gomez et al., 2024",3,2,269,2829,0,0,0
128.4,Animal_128_4DLC_resnet50_Freezing_07-2020Sep29shuffle1_100000filtered,ELS,"Sanguino-Gomez et al., 2024",3,3,182,2829,6,3.296703296703297,0.21208907741251329
128.4,Animal_128_4DLC_resnet50_Freezing_07-2020Sep29shuffle1_100000filtered,ELS,"Sanguino-Gomez et al., 2024",3,4,27,2829,0,0,0
128.4,Animal_128_4DLC_resnet50_Freezing_07-2020Sep29shuffle1_100000filtered,ELS,"Sanguino-Gomez et al., 2024",3,5,100,2829,2,2,7.0696359137504425E-2
128.4,Animal_128_4DLC_resnet50_Freezing_07-2020Sep29shuffle1_100000filtered,ELS,"Sanguino-Gomez et al., 2024",3,6,992,2829,10,1.008064516129032,0.35348179568752208
128.4,Animal_128_4DLC_resnet50_Freezing_07-2020Sep29shuffle1_100000filtered,ELS,"Sanguino-Gomez et al., 2024",3,7,79,2829,0,0,0
128.4,Animal_128_4DLC_resnet50_Freezing_07-2020Sep29shuffle1_100000filtered,ELS,"Sanguino-Gomez et al., 2024",3,8,9,2829,0,0,0
128.4,Animal_128_4DLC_resnet50_Freezing_07-2020Sep29shuffle1_100000filtered,ELS,"Sanguino-Gomez et al., 2024",3,9,4,2829,0,0,0
128.4,Animal_128_4DLC_resnet50_Freezing_07-2020Sep29shuffle1_100000filtered,ELS,"Sanguino-Gomez et al., 2024",3,10,6,2829,0,0,0
128.4,Animal_128_4DLC_resnet50_Freezing_07-2020Sep29shuffle1_100000filtered,ELS,"Sanguino-Gomez et al., 2024",3,11,2,2829,0,0,0
128.4,Animal_128_4DLC_resnet50_Freezing_07-2020Sep29shuffle1_100000filtered,ELS,"Sanguino-Gomez et al., 2024",3,12,73,2829,0,0,0
128.4,Animal_128_4DLC_resnet50_Freezing_07-2020Sep29shuffle1_100000filtered,ELS,"Sanguino-Gomez et al., 2024",3,13,786,2829,115,14.63104325699746,4.0650406504065044
128.4,Animal_128_4DLC_resnet50_Freezing_07-2020Sep29shuffle1_100000filtered,ELS,"Sanguino-Gomez et al., 2024",3,15,1,2829,0,0,0
128.4,Animal_128_4DLC_resnet50_Freezing_07-2020Sep29shuffle1_100000filtered,ELS,"Sanguino-Gomez et al., 2024",3,16,25,2829,0,0,0
128.4,Animal_128_4DLC_resnet50_Freezing_07-2020Sep29shuffle1_100000filtered,ELS,"Sanguino-Gomez et al., 2024",3,17,25,2829,0,0,0
128.4,Animal_128_4DLC_resnet50_Freezing_07-2020Sep29shuffle1_100000filtered,ELS,"Sanguino-Gomez et al., 2024",3,18,3253,2829,9,0.27666769136181979,0.31813361611876989
128.4,Animal_128_4DLC_resnet50_Freezing_07-2020Sep29shuffle1_100000filtered,ELS,"Sanguino-Gomez et al., 2024",3,19,18,2829,0,0,0
128.4,Animal_128_4DLC_resnet50_Freezing_07-2020Sep29shuffle1_100000filtered,ELS,"Sanguino-Gomez et al., 2024",3,21,31,2829,0,0,0
128.4,Animal_128_4DLC_resnet50_Freezing_07-2020Sep29shuffle1_100000filtered,ELS,"Sanguino-Gomez et al., 2024",3,22,19,2829,0,0,0
128.4,Animal_128_4DLC_resnet50_Freezing_07-2020Sep29shuffle1_100000filtered,ELS,"Sanguino-Gomez et al., 2024",3,23,16,2829,0,0,0
128.4,Animal_128_4DLC_resnet50_Freezing_07-2020Sep29shuffle1_100000filtered,ELS,"Sanguino-Gomez et al., 2024",3,25,2,2829,0,0,0
128.4,Animal_128_4DLC_resnet50_Freezing_07-2020Sep29shuffle1_100000filtered,ELS,"Sanguino-Gomez et al., 2024",3,26,1069,2829,51,4.7708138447146862,1.802757158006363
128.4,Animal_128_4DLC_resnet50_Freezing_07-2020Sep29shuffle1_100000filtered,ELS,"Sanguino-Gomez et al., 2024",3,29,43,2829,0,0,0
128.4,Animal_128_4DLC_resnet50_Freezing_07-2020Sep29shuffle1_100000filtered,ELS,"Sanguino-Gomez et al., 2024",3,34,11,2829,0,0,0
128.4,Animal_128_4DLC_resnet50_Freezing_07-2020Sep29shuffle1_100000filtered,ELS,"Sanguino-Gomez et al., 2024",3,35,11,2829,0,0,0
133.3,Animal_133_3DLC_resnet50_Freezing_07-2020Sep29shuffle1_100000filtered,ELS,"Sanguino-Gomez et al., 2024",3,0,3775,3646,3220,85.298013245033104,88.315962698848054
133.3,Animal_133_3DLC_resnet50_Freezing_07-2020Sep29shuffle1_100000filtered,ELS,"Sanguino-Gomez et al., 2024",3,1,1331,3646,97,7.2877535687453054,2.6604498080087771
133.3,Animal_133_3DLC_resnet50_Freezing_07-2020Sep29shuffle1_100000filtered,ELS,"Sanguino-Gomez et al., 2024",3,2,541,3646,0,0,0
133.3,Animal_133_3DLC_resnet50_Freezing_07-2020Sep29shuffle1_100000filtered,ELS,"Sanguino-Gomez et al., 2024",3,3,1113,3646,15,1.3477088948787059,0.41140976412506858
133.3,Animal_133_3DLC_resnet50_Freezing_07-2020Sep29shuffle1_100000filtered,ELS,"Sanguino-Gomez et al., 2024",3,4,45,3646,6,13.33333333333333,0.1645639056500274
133.3,Animal_133_3DLC_resnet50_Freezing_07-2020Sep29shuffle1_100000filtered,ELS,"Sanguino-Gomez et al., 2024",3,5,409,3646,7,1.711491442542787,0.19199122325836529
133.3,Animal_133_3DLC_resnet50_Freezing_07-2020Sep29shuffle1_100000filtered,ELS,"Sanguino-Gomez et al., 2024",3,6,1399,3646,71,5.0750536097212304,1.947339550191991
133.3,Animal_133_3DLC_resnet50_Freezing_07-2020Sep29shuffle1_100000filtered,ELS,"Sanguino-Gomez et al., 2024",3,7,313,3646,0,0,0
133.3,Animal_133_3DLC_resnet50_Freezing_07-2020Sep29shuffle1_100000filtered,ELS,"Sanguino-Gomez et al., 2024",3,8,6,3646,0,0,0
133.3,Animal_133_3DLC_resnet50_Freezing_07-2020Sep29shuffle1_100000filtered,ELS,"Sanguino-Gomez et al., 2024",3,9,15,3646,0,0,0
133.3,Animal_133_3DLC_resnet50_Freezing_07-2020Sep29shuffle1_100000filtered,ELS,"Sanguino-Gomez et al., 2024",3,10,30,3646,0,0,0
133.3,Animal_133_3DLC_resnet50_Freezing_07-2020Sep29shuffle1_100000filtered,ELS,"Sanguino-Gomez et al., 2024",3,11,52,3646,0,0,0
133.3,Animal_133_3DLC_resnet50_Freezing_07-2020Sep29shuffle1_100000filtered,ELS,"Sanguino-Gomez et al., 2024",3,12,127,3646,0,0,0
133.3,Animal_133_3DLC_resnet50_Freezing_07-2020Sep29shuffle1_100000filtered,ELS,"Sanguino-Gomez et al., 2024",3,13,1017,3646,194,19.075712881022621,5.3208996160175532
133.3,Animal_133_3DLC_resnet50_Freezing_07-2020Sep29shuffle1_100000filtered,ELS,"Sanguino-Gomez et al., 2024",3,14,26,3646,0,0,0
133.3,Animal_133_3DLC_resnet50_Freezing_07-2020Sep29shuffle1_100000filtered,ELS,"Sanguino-Gomez et al., 2024",3,15,33,3646,0,0,0
133.3,Animal_133_3DLC_resnet50_Freezing_07-2020Sep29shuffle1_100000filtered,ELS,"Sanguino-Gomez et al., 2024",3,16,40,3646,0,0,0
133.3,Animal_133_3DLC_resnet50_Freezing_07-2020Sep29shuffle1_100000filtered,ELS,"Sanguino-Gomez et al., 2024",3,17,56,3646,0,0,0
133.3,Animal_133_3DLC_resnet50_Freezing_07-2020Sep29shuffle1_100000filtered,ELS,"Sanguino-Gomez et al., 2024",3,18,85,3646,0,0,0
133.3,Animal_133_3DLC_resnet50_Freezing_07-2020Sep29shuffle1_100000filtered,ELS,"Sanguino-Gomez et al., 2024",3,19,3,3646,0,0,0
133.3,Animal_133_3DLC_resnet50_Freezing_07-2020Sep29shuffle1_100000filtered,ELS,"Sanguino-Gomez et al., 2024",3,20,45,3646,0,0,0
133.3,Animal_133_3DLC_resnet50_Freezing_07-2020Sep29shuffle1_100000filtered,ELS,"Sanguino-Gomez et al., 2024",3,21,7,3646,0,0,0
133.3,Animal_133_3DLC_resnet50_Freezing_07-2020Sep29shuffle1_100000filtered,ELS,"Sanguino-Gomez et al., 2024",3,22,32,3646,0,0,0
133.3,Animal_133_3DLC_resnet50_Freezing_07-2020Sep29shuffle1_100000filtered,ELS,"Sanguino-Gomez et al., 2024",3,23,79,3646,0,0,0
133.3,Animal_133_3DLC_resnet50_Freezing_07-2020Sep29shuffle1_100000filtered,ELS,"Sanguino-Gomez et al., 2024",3,25,27,3646,0,0,0
133.3,Animal_133_3DLC_resnet50_Freezing_07-2020Sep29shuffle1_100000filtered,ELS,"Sanguino-Gomez et al., 2024",3,26,40,3646,2,5,5.4854635216675808E-2
133.3,Animal_133_3DLC_resnet50_Freezing_07-2020Sep29shuffle1_100000filtered,ELS,"Sanguino-Gomez et al., 2024",3,27,474,3646,0,0,0
133.3,Animal_133_3DLC_resnet50_Freezing_07-2020Sep29shuffle1_100000filtered,ELS,"Sanguino-Gomez et al., 2024",3,28,62,3646,34,54.838709677419352,0.93252879868348881
133.3,Animal_133_3DLC_resnet50_Freezing_07-2020Sep29shuffle1_100000filtered,ELS,"Sanguino-Gomez et al., 2024",3,29,4,3646,0,0,0
133.3,Animal_133_3DLC_resnet50_Freezing_07-2020Sep29shuffle1_100000filtered,ELS,"Sanguino-Gomez et al., 2024",3,30,33,3646,0,0,0
133.3,Animal_133_3DLC_resnet50_Freezing_07-2020Sep29shuffle1_100000filtered,ELS,"Sanguino-Gomez et al., 2024",3,31,9,3646,0,0,0
133.3,Animal_133_3DLC_resnet50_Freezing_07-2020Sep29shuffle1_100000filtered,ELS,"Sanguino-Gomez et al., 2024",3,34,22,3646,0,0,0
134.2,Animal_134_2DLC_resnet50_Freezing_07-2020Sep29shuffle1_100000filtered,ELS,"Sanguino-Gomez et al., 2024",3,0,3243,3201,2858,88.128276287388218,89.284598562949085
134.2,Animal_134_2DLC_resnet50_Freezing_07-2020Sep29shuffle1_100000filtered,ELS,"Sanguino-Gomez et al., 2024",3,1,1452,3201,80,5.5096418732782384,2.4992189940643552
134.2,Animal_134_2DLC_resnet50_Freezing_07-2020Sep29shuffle1_100000filtered,ELS,"Sanguino-Gomez et al., 2024",3,2,1189,3201,8,0.67283431455004206,0.2499218994064355
134.2,Animal_134_2DLC_resnet50_Freezing_07-2020Sep29shuffle1_100000filtered,ELS,"Sanguino-Gomez et al., 2024",3,3,1233,3201,49,3.974047039740471,1.5307716338644179
134.2,Animal_134_2DLC_resnet50_Freezing_07-2020Sep29shuffle1_100000filtered,ELS,"Sanguino-Gomez et al., 2024",3,4,271,3201,178,65.682656826568262,5.5607622617931893
134.2,Animal_134_2DLC_resnet50_Freezing_07-2020Sep29shuffle1_100000filtered,ELS,"Sanguino-Gomez et al., 2024",3,5,811,3201,0,0,0
134.2,Animal_134_2DLC_resnet50_Freezing_07-2020Sep29shuffle1_100000filtered,ELS,"Sanguino-Gomez et al., 2024",3,6,993,3201,2,0.2014098690835851,6.2480474851608868E-2
134.2,Animal_134_2DLC_resnet50_Freezing_07-2020Sep29shuffle1_100000filtered,ELS,"Sanguino-Gomez et al., 2024",3,7,167,3201,0,0,0
134.2,Animal_134_2DLC_resnet50_Freezing_07-2020Sep29shuffle1_100000filtered,ELS,"Sanguino-Gomez et al., 2024",3,8,11,3201,0,0,0
134.2,Animal_134_2DLC_resnet50_Freezing_07-2020Sep29shuffle1_100000filtered,ELS,"Sanguino-Gomez et al., 2024",3,9,28,3201,2,7.1428571428571423,6.2480474851608868E-2
134.2,Animal_134_2DLC_resnet50_Freezing_07-2020Sep29shuffle1_100000filtered,ELS,"Sanguino-Gomez et al., 2024",3,10,80,3201,0,0,0
134.2,Animal_134_2DLC_resnet50_Freezing_07-2020Sep29shuffle1_100000filtered,ELS,"Sanguino-Gomez et al., 2024",3,11,55,3201,0,0,0
134.2,Animal_134_2DLC_resnet50_Freezing_07-2020Sep29shuffle1_100000filtered,ELS,"Sanguino-Gomez et al., 2024",3,12,228,3201,0,0,0
134.2,Animal_134_2DLC_resnet50_Freezing_07-2020Sep29shuffle1_100000filtered,ELS,"Sanguino-Gomez et al., 2024",3,13,264,3201,22,8.3333333333333321,0.6872852233676976
134.2,Animal_134_2DLC_resnet50_Freezing_07-2020Sep29shuffle1_100000filtered,ELS,"Sanguino-Gomez et al., 2024",3,14,119,3201,0,0,0
134.2,Animal_134_2DLC_resnet50_Freezing_07-2020Sep29shuffle1_100000filtered,ELS,"Sanguino-Gomez et al., 2024",3,15,36,3201,1,2.7777777777777781,3.124023742580443E-2
134.2,Animal_134_2DLC_resnet50_Freezing_07-2020Sep29shuffle1_100000filtered,ELS,"Sanguino-Gomez et al., 2024",3,16,41,3201,0,0,0
134.2,Animal_134_2DLC_resnet50_Freezing_07-2020Sep29shuffle1_100000filtered,ELS,"Sanguino-Gomez et al., 2024",3,17,216,3201,1,0.46296296296296291,3.124023742580443E-2
134.2,Animal_134_2DLC_resnet50_Freezing_07-2020Sep29shuffle1_100000filtered,ELS,"Sanguino-Gomez et al., 2024",3,18,81,3201,0,0,0
134.2,Animal_134_2DLC_resnet50_Freezing_07-2020Sep29shuffle1_100000filtered,ELS,"Sanguino-Gomez et al., 2024",3,19,15,3201,0,0,0
134.2,Animal_134_2DLC_resnet50_Freezing_07-2020Sep29shuffle1_100000filtered,ELS,"Sanguino-Gomez et al., 2024",3,21,72,3201,0,0,0
134.2,Animal_134_2DLC_resnet50_Freezing_07-2020Sep29shuffle1_100000filtered,ELS,"Sanguino-Gomez et al., 2024",3,22,6,3201,0,0,0
134.2,Animal_134_2DLC_resnet50_Freezing_07-2020Sep29shuffle1_100000filtered,ELS,"Sanguino-Gomez et al., 2024",3,23,58,3201,0,0,0
134.2,Animal_134_2DLC_resnet50_Freezing_07-2020Sep29shuffle1_100000filtered,ELS,"Sanguino-Gomez et al., 2024",3,24,3,3201,0,0,0
134.2,Animal_134_2DLC_resnet50_Freezing_07-2020Sep29shuffle1_100000filtered,ELS,"Sanguino-Gomez et al., 2024",3,25,276,3201,0,0,0
134.2,Animal_134_2DLC_resnet50_Freezing_07-2020Sep29shuffle1_100000filtered,ELS,"Sanguino-Gomez et al., 2024",3,27,191,3201,0,0,0
134.2,Animal_134_2DLC_resnet50_Freezing_07-2020Sep29shuffle1_100000filtered,ELS,"Sanguino-Gomez et al., 2024",3,29,15,3201,0,0,0
134.2,Animal_134_2DLC_resnet50_Freezing_07-2020Sep29shuffle1_100000filtered,ELS,"Sanguino-Gomez et al., 2024",3,30,56,3201,0,0,0
134.2,Animal_134_2DLC_resnet50_Freezing_07-2020Sep29shuffle1_100000filtered,ELS,"Sanguino-Gomez et al., 2024",3,31,3,3201,0,0,0
134.2,Animal_134_2DLC_resnet50_Freezing_07-2020Sep29shuffle1_100000filtered,ELS,"Sanguino-Gomez et al., 2024",3,34,18,3201,0,0,0
134.2,Animal_134_2DLC_resnet50_Freezing_07-2020Sep29shuffle1_100000filtered,ELS,"Sanguino-Gomez et al., 2024",3,35,8,3201,0,0,0
134.2,Animal_134_2DLC_resnet50_Freezing_07-2020Sep29shuffle1_100000filtered,ELS,"Sanguino-Gomez et al., 2024",3,36,5,3201,0,0,0
134.2,Animal_134_2DLC_resnet50_Freezing_07-2020Sep29shuffle1_100000filtered,ELS,"Sanguino-Gomez et al., 2024",3,41,6,3201,0,0,0
134.4,Animal_134_4DLC_resnet50_Freezing_07-2020Sep29shuffle1_100000filtered,ELS,"Sanguino-Gomez et al., 2024",3,0,2708,2453,2224,82.127031019202363,90.664492458214426
134.4,Animal_134_4DLC_resnet50_Freezing_07-2020Sep29shuffle1_100000filtered,ELS,"Sanguino-Gomez et al., 2024",3,1,2005,2453,119,5.9351620947630934,4.8512026090501434
134.4,Animal_134_4DLC_resnet50_Freezing_07-2020Sep29shuffle1_100000filtered,ELS,"Sanguino-Gomez et al., 2024",3,2,1087,2453,4,0.36798528058877639,0.16306563391765189
134.4,Animal_134_4DLC_resnet50_Freezing_07-2020Sep29shuffle1_100000filtered,ELS,"Sanguino-Gomez et al., 2024",3,3,902,2453,9,0.99778270509977818,0.36689767631471659
134.4,Animal_134_4DLC_resnet50_Freezing_07-2020Sep29shuffle1_100000filtered,ELS,"Sanguino-Gomez et al., 2024",3,4,52,2453,4,7.6923076923076934,0.16306563391765189
134.4,Animal_134_4DLC_resnet50_Freezing_07-2020Sep29shuffle1_100000filtered,ELS,"Sanguino-Gomez et al., 2024",3,5,763,2453,7,0.91743119266055051,0.28536485935589079
134.4,Animal_134_4DLC_resnet50_Freezing_07-2020Sep29shuffle1_100000filtered,ELS,"Sanguino-Gomez et al., 2024",3,6,1472,2453,19,1.2907608695652171,0.77456176110884634
134.4,Animal_134_4DLC_resnet50_Freezing_07-2020Sep29shuffle1_100000filtered,ELS,"Sanguino-Gomez et al., 2024",3,7,207,2453,0,0,0
134.4,Animal_134_4DLC_resnet50_Freezing_07-2020Sep29shuffle1_100000filtered,ELS,"Sanguino-Gomez et al., 2024",3,8,16,2453,0,0,0
134.4,Animal_134_4DLC_resnet50_Freezing_07-2020Sep29shuffle1_100000filtered,ELS,"Sanguino-Gomez et al., 2024",3,9,19,2453,0,0,0
134.4,Animal_134_4DLC_resnet50_Freezing_07-2020Sep29shuffle1_100000filtered,ELS,"Sanguino-Gomez et al., 2024",3,10,46,2453,0,0,0
134.4,Animal_134_4DLC_resnet50_Freezing_07-2020Sep29shuffle1_100000filtered,ELS,"Sanguino-Gomez et al., 2024",3,11,84,2453,0,0,0
134.4,Animal_134_4DLC_resnet50_Freezing_07-2020Sep29shuffle1_100000filtered,ELS,"Sanguino-Gomez et al., 2024",3,12,200,2453,2,1,8.1532816958825929E-2
134.4,Animal_134_4DLC_resnet50_Freezing_07-2020Sep29shuffle1_100000filtered,ELS,"Sanguino-Gomez et al., 2024",3,13,303,2453,56,18.481848184818482,2.2829188748471259
134.4,Animal_134_4DLC_resnet50_Freezing_07-2020Sep29shuffle1_100000filtered,ELS,"Sanguino-Gomez et al., 2024",3,14,100,2453,0,0,0
134.4,Animal_134_4DLC_resnet50_Freezing_07-2020Sep29shuffle1_100000filtered,ELS,"Sanguino-Gomez et al., 2024",3,15,30,2453,0,0,0
134.4,Animal_134_4DLC_resnet50_Freezing_07-2020Sep29shuffle1_100000filtered,ELS,"Sanguino-Gomez et al., 2024",3,16,29,2453,0,0,0
134.4,Animal_134_4DLC_resnet50_Freezing_07-2020Sep29shuffle1_100000filtered,ELS,"Sanguino-Gomez et al., 2024",3,17,9,2453,0,0,0
134.4,Animal_134_4DLC_resnet50_Freezing_07-2020Sep29shuffle1_100000filtered,ELS,"Sanguino-Gomez et al., 2024",3,18,187,2453,3,1.6042780748663099,0.1222992254382389
134.4,Animal_134_4DLC_resnet50_Freezing_07-2020Sep29shuffle1_100000filtered,ELS,"Sanguino-Gomez et al., 2024",3,19,28,2453,0,0,0
134.4,Animal_134_4DLC_resnet50_Freezing_07-2020Sep29shuffle1_100000filtered,ELS,"Sanguino-Gomez et al., 2024",3,21,41,2453,0,0,0
134.4,Animal_134_4DLC_resnet50_Freezing_07-2020Sep29shuffle1_100000filtered,ELS,"Sanguino-Gomez et al., 2024",3,22,27,2453,0,0,0
134.4,Animal_134_4DLC_resnet50_Freezing_07-2020Sep29shuffle1_100000filtered,ELS,"Sanguino-Gomez et al., 2024",3,23,58,2453,0,0,0
134.4,Animal_134_4DLC_resnet50_Freezing_07-2020Sep29shuffle1_100000filtered,ELS,"Sanguino-Gomez et al., 2024",3,24,2,2453,0,0,0
134.4,Animal_134_4DLC_resnet50_Freezing_07-2020Sep29shuffle1_100000filtered,ELS,"Sanguino-Gomez et al., 2024",3,25,13,2453,0,0,0
134.4,Animal_134_4DLC_resnet50_Freezing_07-2020Sep29shuffle1_100000filtered,ELS,"Sanguino-Gomez et al., 2024",3,27,694,2453,0,0,0
134.4,Animal_134_4DLC_resnet50_Freezing_07-2020Sep29shuffle1_100000filtered,ELS,"Sanguino-Gomez et al., 2024",3,28,14,2453,5,35.714285714285722,0.20383204239706479
134.4,Animal_134_4DLC_resnet50_Freezing_07-2020Sep29shuffle1_100000filtered,ELS,"Sanguino-Gomez et al., 2024",3,29,12,2453,0,0,0
134.4,Animal_134_4DLC_resnet50_Freezing_07-2020Sep29shuffle1_100000filtered,ELS,"Sanguino-Gomez et al., 2024",3,30,21,2453,0,0,0
134.4,Animal_134_4DLC_resnet50_Freezing_07-2020Sep29shuffle1_100000filtered,ELS,"Sanguino-Gomez et al., 2024",3,31,23,2453,0,0,0
134.4,Animal_134_4DLC_resnet50_Freezing_07-2020Sep29shuffle1_100000filtered,ELS,"Sanguino-Gomez et al., 2024",3,32,22,2453,0,0,0
134.4,Animal_134_4DLC_resnet50_Freezing_07-2020Sep29shuffle1_100000filtered,ELS,"Sanguino-Gomez et al., 2024",3,33,5,2453,0,0,0
134.4,Animal_134_4DLC_resnet50_Freezing_07-2020Sep29shuffle1_100000filtered,ELS,"Sanguino-Gomez et al., 2024",3,34,21,2453,0,0,0
134.4,Animal_134_4DLC_resnet50_Freezing_07-2020Sep29shuffle1_100000filtered,ELS,"Sanguino-Gomez et al., 2024",3,37,41,2453,1,2.4390243902439019,4.0766408479412958E-2
134.4,Animal_134_4DLC_resnet50_Freezing_07-2020Sep29shuffle1_100000filtered,ELS,"Sanguino-Gomez et al., 2024",3,42,9,2453,0,0,0
144.3,Animal_144_3DLC_resnet50_Freezing_07-2020Sep29shuffle1_100000filtered,ELS,"Sanguino-Gomez et al., 2024",3,0,1303,1363,952,73.062164236377598,69.845928099779897
144.3,Animal_144_3DLC_resnet50_Freezing_07-2020Sep29shuffle1_100000filtered,ELS,"Sanguino-Gomez et al., 2024",3,1,2538,1363,85,3.3490937746256901,6.2362435803374909
144.3,Animal_144_3DLC_resnet50_Freezing_07-2020Sep29shuffle1_100000filtered,ELS,"Sanguino-Gomez et al., 2024",3,2,299,1363,1,0.33444816053511711,7.3367571533382248E-2
144.3,Animal_144_3DLC_resnet50_Freezing_07-2020Sep29shuffle1_100000filtered,ELS,"Sanguino-Gomez et al., 2024",3,3,715,1363,23,3.2167832167832171,1.687454145267792
144.3,Animal_144_3DLC_resnet50_Freezing_07-2020Sep29shuffle1_100000filtered,ELS,"Sanguino-Gomez et al., 2024",3,4,94,1363,1,1.063829787234043,7.3367571533382248E-2
144.3,Animal_144_3DLC_resnet50_Freezing_07-2020Sep29shuffle1_100000filtered,ELS,"Sanguino-Gomez et al., 2024",3,5,397,1363,4,1.0075566750629721,0.29347028613352899
144.3,Animal_144_3DLC_resnet50_Freezing_07-2020Sep29shuffle1_100000filtered,ELS,"Sanguino-Gomez et al., 2024",3,6,3070,1363,28,0.91205211726384361,2.0542920029347029
144.3,Animal_144_3DLC_resnet50_Freezing_07-2020Sep29shuffle1_100000filtered,ELS,"Sanguino-Gomez et al., 2024",3,7,208,1363,0,0,0
144.3,Animal_144_3DLC_resnet50_Freezing_07-2020Sep29shuffle1_100000filtered,ELS,"Sanguino-Gomez et al., 2024",3,9,14,1363,0,0,0
144.3,Animal_144_3DLC_resnet50_Freezing_07-2020Sep29shuffle1_100000filtered,ELS,"Sanguino-Gomez et al., 2024",3,10,52,1363,0,0,0
144.3,Animal_144_3DLC_resnet50_Freezing_07-2020Sep29shuffle1_100000filtered,ELS,"Sanguino-Gomez et al., 2024",3,11,38,1363,0,0,0
144.3,Animal_144_3DLC_resnet50_Freezing_07-2020Sep29shuffle1_100000filtered,ELS,"Sanguino-Gomez et al., 2024",3,12,59,1363,0,0,0
144.3,Animal_144_3DLC_resnet50_Freezing_07-2020Sep29shuffle1_100000filtered,ELS,"Sanguino-Gomez et al., 2024",3,13,488,1363,36,7.3770491803278686,2.6412325752017609
144.3,Animal_144_3DLC_resnet50_Freezing_07-2020Sep29shuffle1_100000filtered,ELS,"Sanguino-Gomez et al., 2024",3,15,40,1363,0,0,0
144.3,Animal_144_3DLC_resnet50_Freezing_07-2020Sep29shuffle1_100000filtered,ELS,"Sanguino-Gomez et al., 2024",3,16,4,1363,0,0,0
144.3,Animal_144_3DLC_resnet50_Freezing_07-2020Sep29shuffle1_100000filtered,ELS,"Sanguino-Gomez et al., 2024",3,17,13,1363,1,7.6923076923076934,7.3367571533382248E-2
144.3,Animal_144_3DLC_resnet50_Freezing_07-2020Sep29shuffle1_100000filtered,ELS,"Sanguino-Gomez et al., 2024",3,18,913,1363,2,0.2190580503833516,0.1467351430667645
144.3,Animal_144_3DLC_resnet50_Freezing_07-2020Sep29shuffle1_100000filtered,ELS,"Sanguino-Gomez et al., 2024",3,19,33,1363,2,6.0606060606060614,0.1467351430667645
144.3,Animal_144_3DLC_resnet50_Freezing_07-2020Sep29shuffle1_100000filtered,ELS,"Sanguino-Gomez et al., 2024",3,20,246,1363,50,20.325203252032519,3.6683785766691122
144.3,Animal_144_3DLC_resnet50_Freezing_07-2020Sep29shuffle1_100000filtered,ELS,"Sanguino-Gomez et al., 2024",3,21,43,1363,0,0,0
144.3,Animal_144_3DLC_resnet50_Freezing_07-2020Sep29shuffle1_100000filtered,ELS,"Sanguino-Gomez et al., 2024",3,23,60,1363,0,0,0
144.3,Animal_144_3DLC_resnet50_Freezing_07-2020Sep29shuffle1_100000filtered,ELS,"Sanguino-Gomez et al., 2024",3,26,274,1363,13,4.7445255474452548,0.95377842993396922
144.3,Animal_144_3DLC_resnet50_Freezing_07-2020Sep29shuffle1_100000filtered,ELS,"Sanguino-Gomez et al., 2024",3,27,130,1363,0,0,0
144.3,Animal_144_3DLC_resnet50_Freezing_07-2020Sep29shuffle1_100000filtered,ELS,"Sanguino-Gomez et al., 2024",3,28,204,1363,165,80.882352941176478,12.10564930300807
144.3,Animal_144_3DLC_resnet50_Freezing_07-2020Sep29shuffle1_100000filtered,ELS,"Sanguino-Gomez et al., 2024",3,29,2,1363,0,0,0
144.3,Animal_144_3DLC_resnet50_Freezing_07-2020Sep29shuffle1_100000filtered,ELS,"Sanguino-Gomez et al., 2024",3,36,4,1363,0,0,0
144.3,Animal_144_3DLC_resnet50_Freezing_07-2020Sep29shuffle1_100000filtered,ELS,"Sanguino-Gomez et al., 2024",3,42,9,1363,0,0,0
144.5,Animal_144_5DLC_resnet50_Freezing_07-2020Sep29shuffle1_100000filtered,ELS,"Sanguino-Gomez et al., 2024",3,0,2049,1841,1543,75.305026842362139,83.813145029875074
144.5,Animal_144_5DLC_resnet50_Freezing_07-2020Sep29shuffle1_100000filtered,ELS,"Sanguino-Gomez et al., 2024",3,1,2510,1841,90,3.5856573705179291,4.8886474741988044
144.5,Animal_144_5DLC_resnet50_Freezing_07-2020Sep29shuffle1_100000filtered,ELS,"Sanguino-Gomez et al., 2024",3,2,441,1841,0,0,0
144.5,Animal_144_5DLC_resnet50_Freezing_07-2020Sep29shuffle1_100000filtered,ELS,"Sanguino-Gomez et al., 2024",3,3,686,1841,22,3.2069970845481048,1.195002715915263
144.5,Animal_144_5DLC_resnet50_Freezing_07-2020Sep29shuffle1_100000filtered,ELS,"Sanguino-Gomez et al., 2024",3,4,50,1841,0,0,0
144.5,Animal_144_5DLC_resnet50_Freezing_07-2020Sep29shuffle1_100000filtered,ELS,"Sanguino-Gomez et al., 2024",3,5,238,1841,6,2.521008403361344,0.32590983161325371
144.5,Animal_144_5DLC_resnet50_Freezing_07-2020Sep29shuffle1_100000filtered,ELS,"Sanguino-Gomez et al., 2024",3,6,1677,1841,15,0.89445438282647582,0.81477457903313422
144.5,Animal_144_5DLC_resnet50_Freezing_07-2020Sep29shuffle1_100000filtered,ELS,"Sanguino-Gomez et al., 2024",3,7,73,1841,0,0,0
144.5,Animal_144_5DLC_resnet50_Freezing_07-2020Sep29shuffle1_100000filtered,ELS,"Sanguino-Gomez et al., 2024",3,8,14,1841,0,0,0
144.5,Animal_144_5DLC_resnet50_Freezing_07-2020Sep29shuffle1_100000filtered,ELS,"Sanguino-Gomez et al., 2024",3,9,7,1841,0,0,0
144.5,Animal_144_5DLC_resnet50_Freezing_07-2020Sep29shuffle1_100000filtered,ELS,"Sanguino-Gomez et al., 2024",3,10,6,1841,0,0,0
144.5,Animal_144_5DLC_resnet50_Freezing_07-2020Sep29shuffle1_100000filtered,ELS,"Sanguino-Gomez et al., 2024",3,11,48,1841,0,0,0
144.5,Animal_144_5DLC_resnet50_Freezing_07-2020Sep29shuffle1_100000filtered,ELS,"Sanguino-Gomez et al., 2024",3,12,37,1841,0,0,0
144.5,Animal_144_5DLC_resnet50_Freezing_07-2020Sep29shuffle1_100000filtered,ELS,"Sanguino-Gomez et al., 2024",3,13,1057,1841,151,14.285714285714279,8.2020640956002175
144.5,Animal_144_5DLC_resnet50_Freezing_07-2020Sep29shuffle1_100000filtered,ELS,"Sanguino-Gomez et al., 2024",3,15,10,1841,0,0,0
144.5,Animal_144_5DLC_resnet50_Freezing_07-2020Sep29shuffle1_100000filtered,ELS,"Sanguino-Gomez et al., 2024",3,17,51,1841,0,0,0
144.5,Animal_144_5DLC_resnet50_Freezing_07-2020Sep29shuffle1_100000filtered,ELS,"Sanguino-Gomez et al., 2024",3,18,1992,1841,14,0.70281124497991965,0.76045627376425851
144.5,Animal_144_5DLC_resnet50_Freezing_07-2020Sep29shuffle1_100000filtered,ELS,"Sanguino-Gomez et al., 2024",3,20,58,1841,0,0,0
144.5,Animal_144_5DLC_resnet50_Freezing_07-2020Sep29shuffle1_100000filtered,ELS,"Sanguino-Gomez et al., 2024",3,21,12,1841,0,0,0
144.5,Animal_144_5DLC_resnet50_Freezing_07-2020Sep29shuffle1_100000filtered,ELS,"Sanguino-Gomez et al., 2024",3,22,36,1841,0,0,0
144.5,Animal_144_5DLC_resnet50_Freezing_07-2020Sep29shuffle1_100000filtered,ELS,"Sanguino-Gomez et al., 2024",3,24,2,1841,0,0,0
144.5,Animal_144_5DLC_resnet50_Freezing_07-2020Sep29shuffle1_100000filtered,ELS,"Sanguino-Gomez et al., 2024",3,25,24,1841,0,0,0
144.5,Animal_144_5DLC_resnet50_Freezing_07-2020Sep29shuffle1_100000filtered,ELS,"Sanguino-Gomez et al., 2024",3,26,144,1841,0,0,0
144.5,Animal_144_5DLC_resnet50_Freezing_07-2020Sep29shuffle1_100000filtered,ELS,"Sanguino-Gomez et al., 2024",3,32,22,1841,0,0,0
144.5,Animal_144_5DLC_resnet50_Freezing_07-2020Sep29shuffle1_100000filtered,ELS,"Sanguino-Gomez et al., 2024",3,43,6,1841,0,0,0
148.4,Animal_148_4DLC_resnet50_Freezing_07-2020Sep29shuffle1_100000filtered,ELS,"Sanguino-Gomez et al., 2024",3,0,2632,2642,2286,86.854103343465056,86.525359576078728
148.4,Animal_148_4DLC_resnet50_Freezing_07-2020Sep29shuffle1_100000filtered,ELS,"Sanguino-Gomez et al., 2024",3,1,1319,2642,112,8.4912812736921914,4.2392127176381527
148.4,Animal_148_4DLC_resnet50_Freezing_07-2020Sep29shuffle1_100000filtered,ELS,"Sanguino-Gomez et al., 2024",3,2,1315,2642,5,0.38022813688212931,0.18925056775170329
148.4,Animal_148_4DLC_resnet50_Freezing_07-2020Sep29shuffle1_100000filtered,ELS,"Sanguino-Gomez et al., 2024",3,3,1300,2642,16,1.2307692307692311,0.60560181680545044
148.4,Animal_148_4DLC_resnet50_Freezing_07-2020Sep29shuffle1_100000filtered,ELS,"Sanguino-Gomez et al., 2024",3,4,200,2642,36,18,1.3626040878122629
148.4,Animal_148_4DLC_resnet50_Freezing_07-2020Sep29shuffle1_100000filtered,ELS,"Sanguino-Gomez et al., 2024",3,5,1338,2642,7,0.52316890881913303,0.26495079485238449
148.4,Animal_148_4DLC_resnet50_Freezing_07-2020Sep29shuffle1_100000filtered,ELS,"Sanguino-Gomez et al., 2024",3,6,653,2642,29,4.4410413476263404,1.097653292959879
148.4,Animal_148_4DLC_resnet50_Freezing_07-2020Sep29shuffle1_100000filtered,ELS,"Sanguino-Gomez et al., 2024",3,7,297,2642,0,0,0
148.4,Animal_148_4DLC_resnet50_Freezing_07-2020Sep29shuffle1_100000filtered,ELS,"Sanguino-Gomez et al., 2024",3,8,22,2642,0,0,0
148.4,Animal_148_4DLC_resnet50_Freezing_07-2020Sep29shuffle1_100000filtered,ELS,"Sanguino-Gomez et al., 2024",3,9,70,2642,2,2.8571428571428572,7.5700227100681305E-2
148.4,Animal_148_4DLC_resnet50_Freezing_07-2020Sep29shuffle1_100000filtered,ELS,"Sanguino-Gomez et al., 2024",3,10,101,2642,2,1.98019801980198,7.5700227100681305E-2
148.4,Animal_148_4DLC_resnet50_Freezing_07-2020Sep29shuffle1_100000filtered,ELS,"Sanguino-Gomez et al., 2024",3,11,109,2642,1,0.91743119266055051,3.7850113550340653E-2
148.4,Animal_148_4DLC_resnet50_Freezing_07-2020Sep29shuffle1_100000filtered,ELS,"Sanguino-Gomez et al., 2024",3,12,223,2642,4,1.79372197309417,0.15140045420136261
148.4,Animal_148_4DLC_resnet50_Freezing_07-2020Sep29shuffle1_100000filtered,ELS,"Sanguino-Gomez et al., 2024",3,14,73,2642,0,0,0
148.4,Animal_148_4DLC_resnet50_Freezing_07-2020Sep29shuffle1_100000filtered,ELS,"Sanguino-Gomez et al., 2024",3,15,124,2642,0,0,0
148.4,Animal_148_4DLC_resnet50_Freezing_07-2020Sep29shuffle1_100000filtered,ELS,"Sanguino-Gomez et al., 2024",3,16,62,2642,0,0,0
148.4,Animal_148_4DLC_resnet50_Freezing_07-2020Sep29shuffle1_100000filtered,ELS,"Sanguino-Gomez et al., 2024",3,17,107,2642,0,0,0
148.4,Animal_148_4DLC_resnet50_Freezing_07-2020Sep29shuffle1_100000filtered,ELS,"Sanguino-Gomez et al., 2024",3,18,99,2642,1,1.0101010101010099,3.7850113550340653E-2
148.4,Animal_148_4DLC_resnet50_Freezing_07-2020Sep29shuffle1_100000filtered,ELS,"Sanguino-Gomez et al., 2024",3,19,84,2642,0,0,0
148.4,Animal_148_4DLC_resnet50_Freezing_07-2020Sep29shuffle1_100000filtered,ELS,"Sanguino-Gomez et al., 2024",3,20,34,2642,14,41.17647058823529,0.52990158970476908
148.4,Animal_148_4DLC_resnet50_Freezing_07-2020Sep29shuffle1_100000filtered,ELS,"Sanguino-Gomez et al., 2024",3,21,88,2642,0,0,0
148.4,Animal_148_4DLC_resnet50_Freezing_07-2020Sep29shuffle1_100000filtered,ELS,"Sanguino-Gomez et al., 2024",3,22,64,2642,0,0,0
148.4,Animal_148_4DLC_resnet50_Freezing_07-2020Sep29shuffle1_100000filtered,ELS,"Sanguino-Gomez et al., 2024",3,23,23,2642,6,26.086956521739129,0.22710068130204389
148.4,Animal_148_4DLC_resnet50_Freezing_07-2020Sep29shuffle1_100000filtered,ELS,"Sanguino-Gomez et al., 2024",3,25,311,2642,0,0,0
148.4,Animal_148_4DLC_resnet50_Freezing_07-2020Sep29shuffle1_100000filtered,ELS,"Sanguino-Gomez et al., 2024",3,27,360,2642,1,0.27777777777777779,3.7850113550340653E-2
148.4,Animal_148_4DLC_resnet50_Freezing_07-2020Sep29shuffle1_100000filtered,ELS,"Sanguino-Gomez et al., 2024",3,28,142,2642,120,84.507042253521121,4.5420136260408794
148.4,Animal_148_4DLC_resnet50_Freezing_07-2020Sep29shuffle1_100000filtered,ELS,"Sanguino-Gomez et al., 2024",3,29,18,2642,0,0,0
148.4,Animal_148_4DLC_resnet50_Freezing_07-2020Sep29shuffle1_100000filtered,ELS,"Sanguino-Gomez et al., 2024",3,30,12,2642,0,0,0
148.4,Animal_148_4DLC_resnet50_Freezing_07-2020Sep29shuffle1_100000filtered,ELS,"Sanguino-Gomez et al., 2024",3,31,16,2642,0,0,0
148.4,Animal_148_4DLC_resnet50_Freezing_07-2020Sep29shuffle1_100000filtered,ELS,"Sanguino-Gomez et al., 2024",3,32,8,2642,0,0,0
148.4,Animal_148_4DLC_resnet50_Freezing_07-2020Sep29shuffle1_100000filtered,ELS,"Sanguino-Gomez et al., 2024",3,33,5,2642,0,0,0
148.4,Animal_148_4DLC_resnet50_Freezing_07-2020Sep29shuffle1_100000filtered,ELS,"Sanguino-Gomez et al., 2024",3,34,35,2642,0,0,0
148.4,Animal_148_4DLC_resnet50_Freezing_07-2020Sep29shuffle1_100000filtered,ELS,"Sanguino-Gomez et al., 2024",3,39,6,2642,0,0,0
150.3,Animal_150_3DLC_resnet50_Freezing_07-2020Sep29shuffle1_100000filtered,ELS,"Sanguino-Gomez et al., 2024",3,0,3777,3493,3196,84.617421233783432,91.497280274835376
150.3,Animal_150_3DLC_resnet50_Freezing_07-2020Sep29shuffle1_100000filtered,ELS,"Sanguino-Gomez et al., 2024",3,1,2725,3493,130,4.7706422018348622,3.721729172630976
150.3,Animal_150_3DLC_resnet50_Freezing_07-2020Sep29shuffle1_100000filtered,ELS,"Sanguino-Gomez et al., 2024",3,2,101,3493,0,0,0
150.3,Animal_150_3DLC_resnet50_Freezing_07-2020Sep29shuffle1_100000filtered,ELS,"Sanguino-Gomez et al., 2024",3,3,345,3493,6,1.7391304347826091,0.1717721156598912
150.3,Animal_150_3DLC_resnet50_Freezing_07-2020Sep29shuffle1_100000filtered,ELS,"Sanguino-Gomez et al., 2024",3,4,11,3493,6,54.54545454545454,0.1717721156598912
150.3,Animal_150_3DLC_resnet50_Freezing_07-2020Sep29shuffle1_100000filtered,ELS,"Sanguino-Gomez et al., 2024",3,5,128,3493,2,1.5625,5.7257371886630402E-2
150.3,Animal_150_3DLC_resnet50_Freezing_07-2020Sep29shuffle1_100000filtered,ELS,"Sanguino-Gomez et al., 2024",3,6,1206,3493,30,2.487562189054727,0.85886057829945606
150.3,Animal_150_3DLC_resnet50_Freezing_07-2020Sep29shuffle1_100000filtered,ELS,"Sanguino-Gomez et al., 2024",3,7,116,3493,1,0.86206896551724133,2.8628685943315201E-2
150.3,Animal_150_3DLC_resnet50_Freezing_07-2020Sep29shuffle1_100000filtered,ELS,"Sanguino-Gomez et al., 2024",3,8,3,3493,0,0,0
150.3,Animal_150_3DLC_resnet50_Freezing_07-2020Sep29shuffle1_100000filtered,ELS,"Sanguino-Gomez et al., 2024",3,9,4,3493,0,0,0
150.3,Animal_150_3DLC_resnet50_Freezing_07-2020Sep29shuffle1_100000filtered,ELS,"Sanguino-Gomez et al., 2024",3,10,28,3493,0,0,0
150.3,Animal_150_3DLC_resnet50_Freezing_07-2020Sep29shuffle1_100000filtered,ELS,"Sanguino-Gomez et al., 2024",3,11,18,3493,0,0,0
150.3,Animal_150_3DLC_resnet50_Freezing_07-2020Sep29shuffle1_100000filtered,ELS,"Sanguino-Gomez et al., 2024",3,13,558,3493,78,13.97849462365591,2.233037503578585
150.3,Animal_150_3DLC_resnet50_Freezing_07-2020Sep29shuffle1_100000filtered,ELS,"Sanguino-Gomez et al., 2024",3,14,7,3493,0,0,0
150.3,Animal_150_3DLC_resnet50_Freezing_07-2020Sep29shuffle1_100000filtered,ELS,"Sanguino-Gomez et al., 2024",3,16,3,3493,0,0,0
150.3,Animal_150_3DLC_resnet50_Freezing_07-2020Sep29shuffle1_100000filtered,ELS,"Sanguino-Gomez et al., 2024",3,17,5,3493,4,80,0.1145147437732608
150.3,Animal_150_3DLC_resnet50_Freezing_07-2020Sep29shuffle1_100000filtered,ELS,"Sanguino-Gomez et al., 2024",3,18,805,3493,4,0.49689440993788819,0.1145147437732608
150.3,Animal_150_3DLC_resnet50_Freezing_07-2020Sep29shuffle1_100000filtered,ELS,"Sanguino-Gomez et al., 2024",3,19,19,3493,0,0,0
150.3,Animal_150_3DLC_resnet50_Freezing_07-2020Sep29shuffle1_100000filtered,ELS,"Sanguino-Gomez et al., 2024",3,20,464,3493,7,1.5086206896551719,0.20040080160320639
150.3,Animal_150_3DLC_resnet50_Freezing_07-2020Sep29shuffle1_100000filtered,ELS,"Sanguino-Gomez et al., 2024",3,21,17,3493,0,0,0
150.3,Animal_150_3DLC_resnet50_Freezing_07-2020Sep29shuffle1_100000filtered,ELS,"Sanguino-Gomez et al., 2024",3,22,19,3493,0,0,0
150.3,Animal_150_3DLC_resnet50_Freezing_07-2020Sep29shuffle1_100000filtered,ELS,"Sanguino-Gomez et al., 2024",3,23,10,3493,0,0,0
150.3,Animal_150_3DLC_resnet50_Freezing_07-2020Sep29shuffle1_100000filtered,ELS,"Sanguino-Gomez et al., 2024",3,24,1,3493,0,0,0
150.3,Animal_150_3DLC_resnet50_Freezing_07-2020Sep29shuffle1_100000filtered,ELS,"Sanguino-Gomez et al., 2024",3,26,463,3493,9,1.9438444924406051,0.25765817348983677
150.3,Animal_150_3DLC_resnet50_Freezing_07-2020Sep29shuffle1_100000filtered,ELS,"Sanguino-Gomez et al., 2024",3,27,122,3493,0,0,0
150.3,Animal_150_3DLC_resnet50_Freezing_07-2020Sep29shuffle1_100000filtered,ELS,"Sanguino-Gomez et al., 2024",3,28,26,3493,19,73.076923076923066,0.54394503292298879
150.3,Animal_150_3DLC_resnet50_Freezing_07-2020Sep29shuffle1_100000filtered,ELS,"Sanguino-Gomez et al., 2024",3,29,9,3493,0,0,0
150.3,Animal_150_3DLC_resnet50_Freezing_07-2020Sep29shuffle1_100000filtered,ELS,"Sanguino-Gomez et al., 2024",3,30,27,3493,0,0,0
150.3,Animal_150_3DLC_resnet50_Freezing_07-2020Sep29shuffle1_100000filtered,ELS,"Sanguino-Gomez et al., 2024",3,31,5,3493,0,0,0
150.3,Animal_150_3DLC_resnet50_Freezing_07-2020Sep29shuffle1_100000filtered,ELS,"Sanguino-Gomez et al., 2024",3,34,10,3493,0,0,0
150.3,Animal_150_3DLC_resnet50_Freezing_07-2020Sep29shuffle1_100000filtered,ELS,"Sanguino-Gomez et al., 2024",3,37,218,3493,1,0.45871559633027531,2.8628685943315201E-2
150.5,Animal_150_5DLC_resnet50_Freezing_07-2020Sep29shuffle1_100000filtered,ELS,"Sanguino-Gomez et al., 2024",3,0,1335,1338,1076,80.599250936329597,80.418535127055307
150.5,Animal_150_5DLC_resnet50_Freezing_07-2020Sep29shuffle1_100000filtered,ELS,"Sanguino-Gomez et al., 2024",3,1,1545,1338,46,2.9773462783171518,3.4379671150971598
150.5,Animal_150_5DLC_resnet50_Freezing_07-2020Sep29shuffle1_100000filtered,ELS,"Sanguino-Gomez et al., 2024",3,2,971,1338,2,0.20597322348094749,0.1494768310911809
150.5,Animal_150_5DLC_resnet50_Freezing_07-2020Sep29shuffle1_100000filtered,ELS,"Sanguino-Gomez et al., 2024",3,3,962,1338,23,2.3908523908523911,1.7189835575485799
150.5,Animal_150_5DLC_resnet50_Freezing_07-2020Sep29shuffle1_100000filtered,ELS,"Sanguino-Gomez et al., 2024",3,4,134,1338,7,5.2238805970149249,0.52316890881913303
150.5,Animal_150_5DLC_resnet50_Freezing_07-2020Sep29shuffle1_100000filtered,ELS,"Sanguino-Gomez et al., 2024",3,5,362,1338,1,0.27624309392265189,7.4738415545590436E-2
150.5,Animal_150_5DLC_resnet50_Freezing_07-2020Sep29shuffle1_100000filtered,ELS,"Sanguino-Gomez et al., 2024",3,6,2140,1338,16,0.74766355140186924,1.195814648729447
150.5,Animal_150_5DLC_resnet50_Freezing_07-2020Sep29shuffle1_100000filtered,ELS,"Sanguino-Gomez et al., 2024",3,7,112,1338,0,0,0
150.5,Animal_150_5DLC_resnet50_Freezing_07-2020Sep29shuffle1_100000filtered,ELS,"Sanguino-Gomez et al., 2024",3,8,12,1338,0,0,0
150.5,Animal_150_5DLC_resnet50_Freezing_07-2020Sep29shuffle1_100000filtered,ELS,"Sanguino-Gomez et al., 2024",3,9,35,1338,0,0,0
150.5,Animal_150_5DLC_resnet50_Freezing_07-2020Sep29shuffle1_100000filtered,ELS,"Sanguino-Gomez et al., 2024",3,10,59,1338,0,0,0
150.5,Animal_150_5DLC_resnet50_Freezing_07-2020Sep29shuffle1_100000filtered,ELS,"Sanguino-Gomez et al., 2024",3,11,48,1338,0,0,0
150.5,Animal_150_5DLC_resnet50_Freezing_07-2020Sep29shuffle1_100000filtered,ELS,"Sanguino-Gomez et al., 2024",3,12,260,1338,0,0,0
150.5,Animal_150_5DLC_resnet50_Freezing_07-2020Sep29shuffle1_100000filtered,ELS,"Sanguino-Gomez et al., 2024",3,13,634,1338,83,13.09148264984227,6.203288490284006
150.5,Animal_150_5DLC_resnet50_Freezing_07-2020Sep29shuffle1_100000filtered,ELS,"Sanguino-Gomez et al., 2024",3,14,5,1338,0,0,0
150.5,Animal_150_5DLC_resnet50_Freezing_07-2020Sep29shuffle1_100000filtered,ELS,"Sanguino-Gomez et al., 2024",3,15,9,1338,0,0,0
150.5,Animal_150_5DLC_resnet50_Freezing_07-2020Sep29shuffle1_100000filtered,ELS,"Sanguino-Gomez et al., 2024",3,16,11,1338,0,0,0
150.5,Animal_150_5DLC_resnet50_Freezing_07-2020Sep29shuffle1_100000filtered,ELS,"Sanguino-Gomez et al., 2024",3,17,18,1338,0,0,0
150.5,Animal_150_5DLC_resnet50_Freezing_07-2020Sep29shuffle1_100000filtered,ELS,"Sanguino-Gomez et al., 2024",3,18,1884,1338,12,0.63694267515923575,0.89686098654708524
150.5,Animal_150_5DLC_resnet50_Freezing_07-2020Sep29shuffle1_100000filtered,ELS,"Sanguino-Gomez et al., 2024",3,19,59,1338,0,0,0
150.5,Animal_150_5DLC_resnet50_Freezing_07-2020Sep29shuffle1_100000filtered,ELS,"Sanguino-Gomez et al., 2024",3,21,114,1338,0,0,0
150.5,Animal_150_5DLC_resnet50_Freezing_07-2020Sep29shuffle1_100000filtered,ELS,"Sanguino-Gomez et al., 2024",3,23,20,1338,0,0,0
150.5,Animal_150_5DLC_resnet50_Freezing_07-2020Sep29shuffle1_100000filtered,ELS,"Sanguino-Gomez et al., 2024",3,25,134,1338,0,0,0
150.5,Animal_150_5DLC_resnet50_Freezing_07-2020Sep29shuffle1_100000filtered,ELS,"Sanguino-Gomez et al., 2024",3,26,101,1338,6,5.9405940594059414,0.44843049327354262
150.5,Animal_150_5DLC_resnet50_Freezing_07-2020Sep29shuffle1_100000filtered,ELS,"Sanguino-Gomez et al., 2024",3,27,91,1338,0,0,0
150.5,Animal_150_5DLC_resnet50_Freezing_07-2020Sep29shuffle1_100000filtered,ELS,"Sanguino-Gomez et al., 2024",3,28,86,1338,66,76.744186046511629,4.9327354260089686
150.5,Animal_150_5DLC_resnet50_Freezing_07-2020Sep29shuffle1_100000filtered,ELS,"Sanguino-Gomez et al., 2024",3,29,12,1338,0,0,0
150.5,Animal_150_5DLC_resnet50_Freezing_07-2020Sep29shuffle1_100000filtered,ELS,"Sanguino-Gomez et al., 2024",3,30,11,1338,0,0,0
150.5,Animal_150_5DLC_resnet50_Freezing_07-2020Sep29shuffle1_100000filtered,ELS,"Sanguino-Gomez et al., 2024",3,32,36,1338,0,0,0
150.5,Animal_150_5DLC_resnet50_Freezing_07-2020Sep29shuffle1_100000filtered,ELS,"Sanguino-Gomez et al., 2024",3,33,6,1338,0,0,0
150.5,Animal_150_5DLC_resnet50_Freezing_07-2020Sep29shuffle1_100000filtered,ELS,"Sanguino-Gomez et al., 2024",3,35,36,1338,0,0,0
150.5,Animal_150_5DLC_resnet50_Freezing_07-2020Sep29shuffle1_100000filtered,ELS,"Sanguino-Gomez et al., 2024",3,39,2,1338,0,0,0
150.5,Animal_150_5DLC_resnet50_Freezing_07-2020Sep29shuffle1_100000filtered,ELS,"Sanguino-Gomez et al., 2024",3,43,6,1338,0,0,0
153.4,Animal_153_4DLC_resnet50_Freezing_07-2020Sep29shuffle1_100000filtered,ELS,"Sanguino-Gomez et al., 2024",3,0,3113,2824,2573,82.65338901381304,91.111898016997173
153.4,Animal_153_4DLC_resnet50_Freezing_07-2020Sep29shuffle1_100000filtered,ELS,"Sanguino-Gomez et al., 2024",3,1,2243,2824,97,4.3245653143111902,3.4348441926345612
153.4,Animal_153_4DLC_resnet50_Freezing_07-2020Sep29shuffle1_100000filtered,ELS,"Sanguino-Gomez et al., 2024",3,2,440,2824,0,0,0
153.4,Animal_153_4DLC_resnet50_Freezing_07-2020Sep29shuffle1_100000filtered,ELS,"Sanguino-Gomez et al., 2024",3,3,1100,2824,5,0.45454545454545447,0.17705382436260619
153.4,Animal_153_4DLC_resnet50_Freezing_07-2020Sep29shuffle1_100000filtered,ELS,"Sanguino-Gomez et al., 2024",3,4,144,2824,11,7.6388888888888893,0.3895184135977337
153.4,Animal_153_4DLC_resnet50_Freezing_07-2020Sep29shuffle1_100000filtered,ELS,"Sanguino-Gomez et al., 2024",3,5,526,2824,7,1.3307984790874521,0.24787535410764869
153.4,Animal_153_4DLC_resnet50_Freezing_07-2020Sep29shuffle1_100000filtered,ELS,"Sanguino-Gomez et al., 2024",3,6,1752,2824,19,1.084474885844749,0.67280453257790362
153.4,Animal_153_4DLC_resnet50_Freezing_07-2020Sep29shuffle1_100000filtered,ELS,"Sanguino-Gomez et al., 2024",3,7,106,2824,0,0,0
153.4,Animal_153_4DLC_resnet50_Freezing_07-2020Sep29shuffle1_100000filtered,ELS,"Sanguino-Gomez et al., 2024",3,8,2,2824,0,0,0
153.4,Animal_153_4DLC_resnet50_Freezing_07-2020Sep29shuffle1_100000filtered,ELS,"Sanguino-Gomez et al., 2024",3,9,10,2824,0,0,0
153.4,Animal_153_4DLC_resnet50_Freezing_07-2020Sep29shuffle1_100000filtered,ELS,"Sanguino-Gomez et al., 2024",3,10,145,2824,1,0.68965517241379315,3.5410764872521247E-2
153.4,Animal_153_4DLC_resnet50_Freezing_07-2020Sep29shuffle1_100000filtered,ELS,"Sanguino-Gomez et al., 2024",3,11,27,2824,0,0,0
153.4,Animal_153_4DLC_resnet50_Freezing_07-2020Sep29shuffle1_100000filtered,ELS,"Sanguino-Gomez et al., 2024",3,12,22,2824,0,0,0
153.4,Animal_153_4DLC_resnet50_Freezing_07-2020Sep29shuffle1_100000filtered,ELS,"Sanguino-Gomez et al., 2024",3,13,654,2824,95,14.525993883792051,3.3640226628895178
153.4,Animal_153_4DLC_resnet50_Freezing_07-2020Sep29shuffle1_100000filtered,ELS,"Sanguino-Gomez et al., 2024",3,15,5,2824,0,0,0
153.4,Animal_153_4DLC_resnet50_Freezing_07-2020Sep29shuffle1_100000filtered,ELS,"Sanguino-Gomez et al., 2024",3,16,25,2824,0,0,0
153.4,Animal_153_4DLC_resnet50_Freezing_07-2020Sep29shuffle1_100000filtered,ELS,"Sanguino-Gomez et al., 2024",3,17,8,2824,0,0,0
153.4,Animal_153_4DLC_resnet50_Freezing_07-2020Sep29shuffle1_100000filtered,ELS,"Sanguino-Gomez et al., 2024",3,18,505,2824,0,0,0
153.4,Animal_153_4DLC_resnet50_Freezing_07-2020Sep29shuffle1_100000filtered,ELS,"Sanguino-Gomez et al., 2024",3,19,30,2824,0,0,0
153.4,Animal_153_4DLC_resnet50_Freezing_07-2020Sep29shuffle1_100000filtered,ELS,"Sanguino-Gomez et al., 2024",3,20,18,2824,0,0,0
153.4,Animal_153_4DLC_resnet50_Freezing_07-2020Sep29shuffle1_100000filtered,ELS,"Sanguino-Gomez et al., 2024",3,21,25,2824,0,0,0
153.4,Animal_153_4DLC_resnet50_Freezing_07-2020Sep29shuffle1_100000filtered,ELS,"Sanguino-Gomez et al., 2024",3,22,22,2824,0,0,0
153.4,Animal_153_4DLC_resnet50_Freezing_07-2020Sep29shuffle1_100000filtered,ELS,"Sanguino-Gomez et al., 2024",3,23,90,2824,0,0,0
153.4,Animal_153_4DLC_resnet50_Freezing_07-2020Sep29shuffle1_100000filtered,ELS,"Sanguino-Gomez et al., 2024",3,24,1,2824,0,0,0
153.4,Animal_153_4DLC_resnet50_Freezing_07-2020Sep29shuffle1_100000filtered,ELS,"Sanguino-Gomez et al., 2024",3,25,12,2824,0,0,0
153.4,Animal_153_4DLC_resnet50_Freezing_07-2020Sep29shuffle1_100000filtered,ELS,"Sanguino-Gomez et al., 2024",3,26,119,2824,0,0,0
153.4,Animal_153_4DLC_resnet50_Freezing_07-2020Sep29shuffle1_100000filtered,ELS,"Sanguino-Gomez et al., 2024",3,27,32,2824,0,0,0
153.4,Animal_153_4DLC_resnet50_Freezing_07-2020Sep29shuffle1_100000filtered,ELS,"Sanguino-Gomez et al., 2024",3,28,32,2824,16,50,0.56657223796033995
153.4,Animal_153_4DLC_resnet50_Freezing_07-2020Sep29shuffle1_100000filtered,ELS,"Sanguino-Gomez et al., 2024",3,29,4,2824,0,0,0
153.4,Animal_153_4DLC_resnet50_Freezing_07-2020Sep29shuffle1_100000filtered,ELS,"Sanguino-Gomez et al., 2024",3,30,17,2824,0,0,0
153.4,Animal_153_4DLC_resnet50_Freezing_07-2020Sep29shuffle1_100000filtered,ELS,"Sanguino-Gomez et al., 2024",3,31,14,2824,0,0,0
153.4,Animal_153_4DLC_resnet50_Freezing_07-2020Sep29shuffle1_100000filtered,ELS,"Sanguino-Gomez et al., 2024",3,33,3,2824,0,0,0
153.4,Animal_153_4DLC_resnet50_Freezing_07-2020Sep29shuffle1_100000filtered,ELS,"Sanguino-Gomez et al., 2024",3,34,1,2824,0,0,0
153.4,Animal_153_4DLC_resnet50_Freezing_07-2020Sep29shuffle1_100000filtered,ELS,"Sanguino-Gomez et al., 2024",3,36,3,2824,0,0,0
154.4,Animal_154_4DLC_resnet50_Freezing_07-2020Sep29shuffle1_100000filtered,ELS,"Sanguino-Gomez et al., 2024",3,0,2698,2730,2316,85.841363973313562,84.835164835164832
154.4,Animal_154_4DLC_resnet50_Freezing_07-2020Sep29shuffle1_100000filtered,ELS,"Sanguino-Gomez et al., 2024",3,1,1598,2730,30,1.877346683354193,1.098901098901099
154.4,Animal_154_4DLC_resnet50_Freezing_07-2020Sep29shuffle1_100000filtered,ELS,"Sanguino-Gomez et al., 2024",3,2,795,2730,0,0,0
154.4,Animal_154_4DLC_resnet50_Freezing_07-2020Sep29shuffle1_100000filtered,ELS,"Sanguino-Gomez et al., 2024",3,3,1606,2730,24,1.4943960149439599,0.87912087912087911
154.4,Animal_154_4DLC_resnet50_Freezing_07-2020Sep29shuffle1_100000filtered,ELS,"Sanguino-Gomez et al., 2024",3,4,375,2730,75,20,2.7472527472527468
154.4,Animal_154_4DLC_resnet50_Freezing_07-2020Sep29shuffle1_100000filtered,ELS,"Sanguino-Gomez et al., 2024",3,5,845,2730,11,1.3017751479289941,0.402930402930403
154.4,Animal_154_4DLC_resnet50_Freezing_07-2020Sep29shuffle1_100000filtered,ELS,"Sanguino-Gomez et al., 2024",3,6,843,2730,21,2.4911032028469751,0.76923076923076927
154.4,Animal_154_4DLC_resnet50_Freezing_07-2020Sep29shuffle1_100000filtered,ELS,"Sanguino-Gomez et al., 2024",3,7,193,2730,2,1.036269430051814,7.3260073260073263E-2
154.4,Animal_154_4DLC_resnet50_Freezing_07-2020Sep29shuffle1_100000filtered,ELS,"Sanguino-Gomez et al., 2024",3,9,21,2730,0,0,0
154.4,Animal_154_4DLC_resnet50_Freezing_07-2020Sep29shuffle1_100000filtered,ELS,"Sanguino-Gomez et al., 2024",3,10,55,2730,0,0,0
154.4,Animal_154_4DLC_resnet50_Freezing_07-2020Sep29shuffle1_100000filtered,ELS,"Sanguino-Gomez et al., 2024",3,11,67,2730,0,0,0
154.4,Animal_154_4DLC_resnet50_Freezing_07-2020Sep29shuffle1_100000filtered,ELS,"Sanguino-Gomez et al., 2024",3,12,92,2730,3,3.2608695652173911,0.1098901098901099
154.4,Animal_154_4DLC_resnet50_Freezing_07-2020Sep29shuffle1_100000filtered,ELS,"Sanguino-Gomez et al., 2024",3,13,327,2730,67,20.48929663608563,2.4542124542124539
154.4,Animal_154_4DLC_resnet50_Freezing_07-2020Sep29shuffle1_100000filtered,ELS,"Sanguino-Gomez et al., 2024",3,14,42,2730,0,0,0
154.4,Animal_154_4DLC_resnet50_Freezing_07-2020Sep29shuffle1_100000filtered,ELS,"Sanguino-Gomez et al., 2024",3,15,63,2730,0,0,0
154.4,Animal_154_4DLC_resnet50_Freezing_07-2020Sep29shuffle1_100000filtered,ELS,"Sanguino-Gomez et al., 2024",3,16,37,2730,0,0,0
154.4,Animal_154_4DLC_resnet50_Freezing_07-2020Sep29shuffle1_100000filtered,ELS,"Sanguino-Gomez et al., 2024",3,17,61,2730,0,0,0
154.4,Animal_154_4DLC_resnet50_Freezing_07-2020Sep29shuffle1_100000filtered,ELS,"Sanguino-Gomez et al., 2024",3,18,181,2730,3,1.657458563535912,0.1098901098901099
154.4,Animal_154_4DLC_resnet50_Freezing_07-2020Sep29shuffle1_100000filtered,ELS,"Sanguino-Gomez et al., 2024",3,19,23,2730,0,0,0
154.4,Animal_154_4DLC_resnet50_Freezing_07-2020Sep29shuffle1_100000filtered,ELS,"Sanguino-Gomez et al., 2024",3,20,29,2730,0,0,0
154.4,Animal_154_4DLC_resnet50_Freezing_07-2020Sep29shuffle1_100000filtered,ELS,"Sanguino-Gomez et al., 2024",3,21,36,2730,0,0,0
154.4,Animal_154_4DLC_resnet50_Freezing_07-2020Sep29shuffle1_100000filtered,ELS,"Sanguino-Gomez et al., 2024",3,22,100,2730,6,6,0.2197802197802198
154.4,Animal_154_4DLC_resnet50_Freezing_07-2020Sep29shuffle1_100000filtered,ELS,"Sanguino-Gomez et al., 2024",3,23,79,2730,0,0,0
154.4,Animal_154_4DLC_resnet50_Freezing_07-2020Sep29shuffle1_100000filtered,ELS,"Sanguino-Gomez et al., 2024",3,25,125,2730,0,0,0
154.4,Animal_154_4DLC_resnet50_Freezing_07-2020Sep29shuffle1_100000filtered,ELS,"Sanguino-Gomez et al., 2024",3,27,659,2730,3,0.45523520485584218,0.1098901098901099
154.4,Animal_154_4DLC_resnet50_Freezing_07-2020Sep29shuffle1_100000filtered,ELS,"Sanguino-Gomez et al., 2024",3,28,163,2730,159,97.546012269938657,5.8241758241758239
154.4,Animal_154_4DLC_resnet50_Freezing_07-2020Sep29shuffle1_100000filtered,ELS,"Sanguino-Gomez et al., 2024",3,29,5,2730,0,0,0
154.4,Animal_154_4DLC_resnet50_Freezing_07-2020Sep29shuffle1_100000filtered,ELS,"Sanguino-Gomez et al., 2024",3,30,34,2730,0,0,0
154.4,Animal_154_4DLC_resnet50_Freezing_07-2020Sep29shuffle1_100000filtered,ELS,"Sanguino-Gomez et al., 2024",3,31,2,2730,0,0,0
154.4,Animal_154_4DLC_resnet50_Freezing_07-2020Sep29shuffle1_100000filtered,ELS,"Sanguino-Gomez et al., 2024",3,32,43,2730,0,0,0
154.4,Animal_154_4DLC_resnet50_Freezing_07-2020Sep29shuffle1_100000filtered,ELS,"Sanguino-Gomez et al., 2024",3,34,30,2730,0,0,0
154.4,Animal_154_4DLC_resnet50_Freezing_07-2020Sep29shuffle1_100000filtered,ELS,"Sanguino-Gomez et al., 2024",3,39,10,2730,10,100,0.36630036630036628
154.4,Animal_154_4DLC_resnet50_Freezing_07-2020Sep29shuffle1_100000filtered,ELS,"Sanguino-Gomez et al., 2024",3,42,13,2730,0,0,0
159.3,Animal_159_3DLC_resnet50_Freezing_07-2020Sep29shuffle1_100000filtered,ELS,"Sanguino-Gomez et al., 2024",3,0,1358,1202,957,70.471281296023562,79.617304492512474
159.3,Animal_159_3DLC_resnet50_Freezing_07-2020Sep29shuffle1_100000filtered,ELS,"Sanguino-Gomez et al., 2024",3,1,2223,1202,99,4.4534412955465594,8.2362728785357735
159.3,Animal_159_3DLC_resnet50_Freezing_07-2020Sep29shuffle1_100000filtered,ELS,"Sanguino-Gomez et al., 2024",3,2,263,1202,0,0,0
159.3,Animal_159_3DLC_resnet50_Freezing_07-2020Sep29shuffle1_100000filtered,ELS,"Sanguino-Gomez et al., 2024",3,3,91,1202,2,2.197802197802198,0.1663893510815308
159.3,Animal_159_3DLC_resnet50_Freezing_07-2020Sep29shuffle1_100000filtered,ELS,"Sanguino-Gomez et al., 2024",3,4,31,1202,0,0,0
159.3,Animal_159_3DLC_resnet50_Freezing_07-2020Sep29shuffle1_100000filtered,ELS,"Sanguino-Gomez et al., 2024",3,5,42,1202,0,0,0
159.3,Animal_159_3DLC_resnet50_Freezing_07-2020Sep29shuffle1_100000filtered,ELS,"Sanguino-Gomez et al., 2024",3,6,2311,1202,31,1.341410644742536,2.5790349417637271
159.3,Animal_159_3DLC_resnet50_Freezing_07-2020Sep29shuffle1_100000filtered,ELS,"Sanguino-Gomez et al., 2024",3,7,173,1202,0,0,0
159.3,Animal_159_3DLC_resnet50_Freezing_07-2020Sep29shuffle1_100000filtered,ELS,"Sanguino-Gomez et al., 2024",3,8,1,1202,0,0,0
159.3,Animal_159_3DLC_resnet50_Freezing_07-2020Sep29shuffle1_100000filtered,ELS,"Sanguino-Gomez et al., 2024",3,9,13,1202,0,0,0
159.3,Animal_159_3DLC_resnet50_Freezing_07-2020Sep29shuffle1_100000filtered,ELS,"Sanguino-Gomez et al., 2024",3,10,5,1202,0,0,0
159.3,Animal_159_3DLC_resnet50_Freezing_07-2020Sep29shuffle1_100000filtered,ELS,"Sanguino-Gomez et al., 2024",3,11,23,1202,0,0,0
159.3,Animal_159_3DLC_resnet50_Freezing_07-2020Sep29shuffle1_100000filtered,ELS,"Sanguino-Gomez et al., 2024",3,12,39,1202,0,0,0
159.3,Animal_159_3DLC_resnet50_Freezing_07-2020Sep29shuffle1_100000filtered,ELS,"Sanguino-Gomez et al., 2024",3,13,602,1202,71,11.79401993355482,5.9068219633943428
159.3,Animal_159_3DLC_resnet50_Freezing_07-2020Sep29shuffle1_100000filtered,ELS,"Sanguino-Gomez et al., 2024",3,15,15,1202,0,0,0
159.3,Animal_159_3DLC_resnet50_Freezing_07-2020Sep29shuffle1_100000filtered,ELS,"Sanguino-Gomez et al., 2024",3,16,9,1202,0,0,0
159.3,Animal_159_3DLC_resnet50_Freezing_07-2020Sep29shuffle1_100000filtered,ELS,"Sanguino-Gomez et al., 2024",3,18,2864,1202,9,0.31424581005586588,0.74875207986688852
159.3,Animal_159_3DLC_resnet50_Freezing_07-2020Sep29shuffle1_100000filtered,ELS,"Sanguino-Gomez et al., 2024",3,20,17,1202,0,0,0
159.3,Animal_159_3DLC_resnet50_Freezing_07-2020Sep29shuffle1_100000filtered,ELS,"Sanguino-Gomez et al., 2024",3,21,79,1202,0,0,0
159.3,Animal_159_3DLC_resnet50_Freezing_07-2020Sep29shuffle1_100000filtered,ELS,"Sanguino-Gomez et al., 2024",3,22,77,1202,0,0,0
159.3,Animal_159_3DLC_resnet50_Freezing_07-2020Sep29shuffle1_100000filtered,ELS,"Sanguino-Gomez et al., 2024",3,25,10,1202,0,0,0
159.3,Animal_159_3DLC_resnet50_Freezing_07-2020Sep29shuffle1_100000filtered,ELS,"Sanguino-Gomez et al., 2024",3,26,923,1202,33,3.575297941495124,2.7454242928452581
159.3,Animal_159_3DLC_resnet50_Freezing_07-2020Sep29shuffle1_100000filtered,ELS,"Sanguino-Gomez et al., 2024",3,27,6,1202,0,0,0
159.3,Animal_159_3DLC_resnet50_Freezing_07-2020Sep29shuffle1_100000filtered,ELS,"Sanguino-Gomez et al., 2024",3,29,9,1202,0,0,0
159.3,Animal_159_3DLC_resnet50_Freezing_07-2020Sep29shuffle1_100000filtered,ELS,"Sanguino-Gomez et al., 2024",3,30,16,1202,0,0,0
159.3,Animal_159_3DLC_resnet50_Freezing_07-2020Sep29shuffle1_100000filtered,ELS,"Sanguino-Gomez et al., 2024",3,32,37,1202,0,0,0
159.3,Animal_159_3DLC_resnet50_Freezing_07-2020Sep29shuffle1_100000filtered,ELS,"Sanguino-Gomez et al., 2024",3,35,7,1202,0,0,0
159.3,Animal_159_3DLC_resnet50_Freezing_07-2020Sep29shuffle1_100000filtered,ELS,"Sanguino-Gomez et al., 2024",3,39,6,1202,0,0,0
159.4,Animal_159_4DLC_resnet50_Freezing_07-2020Sep29shuffle1_100000filtered,ELS,"Sanguino-Gomez et al., 2024",3,0,3757,3490,3114,82.885280809156242,89.226361031518621
159.4,Animal_159_4DLC_resnet50_Freezing_07-2020Sep29shuffle1_100000filtered,ELS,"Sanguino-Gomez et al., 2024",3,1,1868,3490,89,4.7644539614561028,2.550143266475644
159.4,Animal_159_4DLC_resnet50_Freezing_07-2020Sep29shuffle1_100000filtered,ELS,"Sanguino-Gomez et al., 2024",3,2,14,3490,0,0,0
159.4,Animal_159_4DLC_resnet50_Freezing_07-2020Sep29shuffle1_100000filtered,ELS,"Sanguino-Gomez et al., 2024",3,3,146,3490,3,2.054794520547945,8.5959885386819479E-2
159.4,Animal_159_4DLC_resnet50_Freezing_07-2020Sep29shuffle1_100000filtered,ELS,"Sanguino-Gomez et al., 2024",3,4,81,3490,12,14.81481481481481,0.34383954154727792
159.4,Animal_159_4DLC_resnet50_Freezing_07-2020Sep29shuffle1_100000filtered,ELS,"Sanguino-Gomez et al., 2024",3,5,10,3490,1,10,2.865329512893983E-2
159.4,Animal_159_4DLC_resnet50_Freezing_07-2020Sep29shuffle1_100000filtered,ELS,"Sanguino-Gomez et al., 2024",3,6,1552,3490,38,2.4484536082474229,1.088825214899714
159.4,Animal_159_4DLC_resnet50_Freezing_07-2020Sep29shuffle1_100000filtered,ELS,"Sanguino-Gomez et al., 2024",3,7,31,3490,0,0,0
159.4,Animal_159_4DLC_resnet50_Freezing_07-2020Sep29shuffle1_100000filtered,ELS,"Sanguino-Gomez et al., 2024",3,8,1,3490,0,0,0
159.4,Animal_159_4DLC_resnet50_Freezing_07-2020Sep29shuffle1_100000filtered,ELS,"Sanguino-Gomez et al., 2024",3,9,4,3490,0,0,0
159.4,Animal_159_4DLC_resnet50_Freezing_07-2020Sep29shuffle1_100000filtered,ELS,"Sanguino-Gomez et al., 2024",3,11,17,3490,0,0,0
159.4,Animal_159_4DLC_resnet50_Freezing_07-2020Sep29shuffle1_100000filtered,ELS,"Sanguino-Gomez et al., 2024",3,12,29,3490,0,0,0
159.4,Animal_159_4DLC_resnet50_Freezing_07-2020Sep29shuffle1_100000filtered,ELS,"Sanguino-Gomez et al., 2024",3,13,1297,3490,189,14.572089437162679,5.4154727793696278
159.4,Animal_159_4DLC_resnet50_Freezing_07-2020Sep29shuffle1_100000filtered,ELS,"Sanguino-Gomez et al., 2024",3,16,5,3490,0,0,0
159.4,Animal_159_4DLC_resnet50_Freezing_07-2020Sep29shuffle1_100000filtered,ELS,"Sanguino-Gomez et al., 2024",3,17,7,3490,0,0,0
159.4,Animal_159_4DLC_resnet50_Freezing_07-2020Sep29shuffle1_100000filtered,ELS,"Sanguino-Gomez et al., 2024",3,18,1327,3490,4,0.30143180105501127,0.11461318051575931
159.4,Animal_159_4DLC_resnet50_Freezing_07-2020Sep29shuffle1_100000filtered,ELS,"Sanguino-Gomez et al., 2024",3,19,10,3490,0,0,0
159.4,Animal_159_4DLC_resnet50_Freezing_07-2020Sep29shuffle1_100000filtered,ELS,"Sanguino-Gomez et al., 2024",3,20,36,3490,0,0,0
159.4,Animal_159_4DLC_resnet50_Freezing_07-2020Sep29shuffle1_100000filtered,ELS,"Sanguino-Gomez et al., 2024",3,21,28,3490,0,0,0
159.4,Animal_159_4DLC_resnet50_Freezing_07-2020Sep29shuffle1_100000filtered,ELS,"Sanguino-Gomez et al., 2024",3,22,19,3490,0,0,0
159.4,Animal_159_4DLC_resnet50_Freezing_07-2020Sep29shuffle1_100000filtered,ELS,"Sanguino-Gomez et al., 2024",3,26,892,3490,40,4.4843049327354256,1.1461318051575931
159.4,Animal_159_4DLC_resnet50_Freezing_07-2020Sep29shuffle1_100000filtered,ELS,"Sanguino-Gomez et al., 2024",3,29,1,3490,0,0,0
159.4,Animal_159_4DLC_resnet50_Freezing_07-2020Sep29shuffle1_100000filtered,ELS,"Sanguino-Gomez et al., 2024",3,37,109,3490,0,0,0
159.4,Animal_159_4DLC_resnet50_Freezing_07-2020Sep29shuffle1_100000filtered,ELS,"Sanguino-Gomez et al., 2024",3,70,9,3490,0,0,0
159.5,Animal_159_5DLC_resnet50_Freezing_07-2020Sep29shuffle1_100000filtered,ELS,"Sanguino-Gomez et al., 2024",3,0,1065,802,579,54.366197183098599,72.194513715710727
159.5,Animal_159_5DLC_resnet50_Freezing_07-2020Sep29shuffle1_100000filtered,ELS,"Sanguino-Gomez et al., 2024",3,1,2903,802,122,4.2025490871512234,15.211970074812969
159.5,Animal_159_5DLC_resnet50_Freezing_07-2020Sep29shuffle1_100000filtered,ELS,"Sanguino-Gomez et al., 2024",3,2,293,802,0,0,0
159.5,Animal_159_5DLC_resnet50_Freezing_07-2020Sep29shuffle1_100000filtered,ELS,"Sanguino-Gomez et al., 2024",3,3,630,802,4,0.63492063492063489,0.49875311720698251
159.5,Animal_159_5DLC_resnet50_Freezing_07-2020Sep29shuffle1_100000filtered,ELS,"Sanguino-Gomez et al., 2024",3,4,65,802,1,1.538461538461539,0.1246882793017456
159.5,Animal_159_5DLC_resnet50_Freezing_07-2020Sep29shuffle1_100000filtered,ELS,"Sanguino-Gomez et al., 2024",3,5,42,802,0,0,0
159.5,Animal_159_5DLC_resnet50_Freezing_07-2020Sep29shuffle1_100000filtered,ELS,"Sanguino-Gomez et al., 2024",3,6,1145,802,4,0.34934497816593879,0.49875311720698251
159.5,Animal_159_5DLC_resnet50_Freezing_07-2020Sep29shuffle1_100000filtered,ELS,"Sanguino-Gomez et al., 2024",3,7,217,802,0,0,0
159.5,Animal_159_5DLC_resnet50_Freezing_07-2020Sep29shuffle1_100000filtered,ELS,"Sanguino-Gomez et al., 2024",3,8,5,802,0,0,0
159.5,Animal_159_5DLC_resnet50_Freezing_07-2020Sep29shuffle1_100000filtered,ELS,"Sanguino-Gomez et al., 2024",3,9,14,802,0,0,0
159.5,Animal_159_5DLC_resnet50_Freezing_07-2020Sep29shuffle1_100000filtered,ELS,"Sanguino-Gomez et al., 2024",3,10,15,802,0,0,0
159.5,Animal_159_5DLC_resnet50_Freezing_07-2020Sep29shuffle1_100000filtered,ELS,"Sanguino-Gomez et al., 2024",3,11,18,802,0,0,0
159.5,Animal_159_5DLC_resnet50_Freezing_07-2020Sep29shuffle1_100000filtered,ELS,"Sanguino-Gomez et al., 2024",3,12,39,802,0,0,0
159.5,Animal_159_5DLC_resnet50_Freezing_07-2020Sep29shuffle1_100000filtered,ELS,"Sanguino-Gomez et al., 2024",3,13,561,802,33,5.8823529411764701,4.1147132169576057
159.5,Animal_159_5DLC_resnet50_Freezing_07-2020Sep29shuffle1_100000filtered,ELS,"Sanguino-Gomez et al., 2024",3,15,19,802,0,0,0
159.5,Animal_159_5DLC_resnet50_Freezing_07-2020Sep29shuffle1_100000filtered,ELS,"Sanguino-Gomez et al., 2024",3,17,6,802,0,0,0
159.5,Animal_159_5DLC_resnet50_Freezing_07-2020Sep29shuffle1_100000filtered,ELS,"Sanguino-Gomez et al., 2024",3,18,2593,802,27,1.041264944080216,3.3665835411471319
159.5,Animal_159_5DLC_resnet50_Freezing_07-2020Sep29shuffle1_100000filtered,ELS,"Sanguino-Gomez et al., 2024",3,19,22,802,0,0,0
159.5,Animal_159_5DLC_resnet50_Freezing_07-2020Sep29shuffle1_100000filtered,ELS,"Sanguino-Gomez et al., 2024",3,20,76,802,4,5.2631578947368416,0.49875311720698251
159.5,Animal_159_5DLC_resnet50_Freezing_07-2020Sep29shuffle1_100000filtered,ELS,"Sanguino-Gomez et al., 2024",3,21,17,802,0,0,0
159.5,Animal_159_5DLC_resnet50_Freezing_07-2020Sep29shuffle1_100000filtered,ELS,"Sanguino-Gomez et al., 2024",3,23,30,802,0,0,0
159.5,Animal_159_5DLC_resnet50_Freezing_07-2020Sep29shuffle1_100000filtered,ELS,"Sanguino-Gomez et al., 2024",3,25,26,802,0,0,0
159.5,Animal_159_5DLC_resnet50_Freezing_07-2020Sep29shuffle1_100000filtered,ELS,"Sanguino-Gomez et al., 2024",3,26,1362,802,22,1.6152716593245231,2.7431421446384041
159.5,Animal_159_5DLC_resnet50_Freezing_07-2020Sep29shuffle1_100000filtered,ELS,"Sanguino-Gomez et al., 2024",3,27,13,802,0,0,0
159.5,Animal_159_5DLC_resnet50_Freezing_07-2020Sep29shuffle1_100000filtered,ELS,"Sanguino-Gomez et al., 2024",3,29,10,802,0,0,0
159.5,Animal_159_5DLC_resnet50_Freezing_07-2020Sep29shuffle1_100000filtered,ELS,"Sanguino-Gomez et al., 2024",3,30,13,802,0,0,0
159.5,Animal_159_5DLC_resnet50_Freezing_07-2020Sep29shuffle1_100000filtered,ELS,"Sanguino-Gomez et al., 2024",3,31,6,802,0,0,0
159.5,Animal_159_5DLC_resnet50_Freezing_07-2020Sep29shuffle1_100000filtered,ELS,"Sanguino-Gomez et al., 2024",3,32,20,802,0,0,0
159.5,Animal_159_5DLC_resnet50_Freezing_07-2020Sep29shuffle1_100000filtered,ELS,"Sanguino-Gomez et al., 2024",3,34,7,802,0,0,0
159.5,Animal_159_5DLC_resnet50_Freezing_07-2020Sep29shuffle1_100000filtered,ELS,"Sanguino-Gomez et al., 2024",3,39,5,802,0,0,0
159.5,Animal_159_5DLC_resnet50_Freezing_07-2020Sep29shuffle1_100000filtered,ELS,"Sanguino-Gomez et al., 2024",3,42,13,802,6,46.153846153846153,0.74812967581047385
