animal_id,name,group,project,experiment,syllable,frames_in_video,total_video_frames,total_frames_all_videos,percent_video_frames,percent_all_frames,tested_in_all_videos
11.4,Animal 11_4DLC_resnet50_Freezing_07-2020Sep29shuffle1_100000filtered,Control,"Sanguino-Gomez and Krugers, 2024",1,0,1590,11250,180625,14.133333333333329,19.579945799457999,"Yes, all 82 manuscript-cohort videos"
11.6,Animal 11_6DLC_resnet50_Freezing_07-2020Sep29shuffle1_100000filtered,Control,"Sanguino-Gomez and Krugers, 2024",1,0,2621,11250,180625,23.297777777777782,19.579945799457999,"Yes, all 82 manuscript-cohort videos"
34.4,Animal 34_4DLC_resnet50_Freezing_07-2020Sep29shuffle1_100000filtered,Control,"Sanguino-Gomez and Krugers, 2024",1,0,831,11250,180625,7.3866666666666667,19.579945799457999,"Yes, all 82 manuscript-cohort videos"
34.5,Animal 34_5DLC_resnet50_Freezing_07-2020Sep29shuffle1_100000filtered,Control,"Sanguino-Gomez and Krugers, 2024",1,0,1574,11250,180625,13.99111111111111,19.579945799457999,"Yes, all 82 manuscript-cohort videos"
40.4,Animal_40_4DLC_resnet50_Freezing_07-2020Sep29shuffle1_100000filtered,Control,"Sanguino-Gomez and Krugers, 2024",1,0,1488,11250,180625,13.22666666666667,19.579945799457999,"Yes, all 82 manuscript-cohort videos"
40.6,Animal_40_6DLC_resnet50_Freezing_07-2020Sep29shuffle1_100000filtered,Control,"Sanguino-Gomez and Krugers, 2024",1,0,1452,11250,180625,12.90666666666667,19.579945799457999,"Yes, all 82 manuscript-cohort videos"
41.4,Animal_41_4DLC_resnet50_Freezing_07-2020Sep29shuffle1_100000filtered,Control,"Sanguino-Gomez and Krugers, 2024",1,0,2667,11250,180625,23.706666666666671,19.579945799457999,"Yes, all 82 manuscript-cohort videos"
41.5,Animal_41_5DLC_resnet50_Freezing_07-2020Sep29shuffle1_100000filtered,Control,"Sanguino-Gomez and Krugers, 2024",1,0,2075,11250,180625,18.444444444444439,19.579945799457999,"Yes, all 82 manuscript-cohort videos"
41.6,Animal_41_6DLC_resnet50_Freezing_07-2020Sep29shuffle1_100000filtered,Control,"Sanguino-Gomez and Krugers, 2024",1,0,2237,11250,180625,19.884444444444441,19.579945799457999,"Yes, all 82 manuscript-cohort videos"
47.5,Animal_47_5DLC_resnet50_Freezing_07-2020Sep29shuffle1_100000filtered,Control,"Sanguino-Gomez and Krugers, 2024",1,0,1761,11250,180625,15.653333333333331,19.579945799457999,"Yes, all 82 manuscript-cohort videos"
5.4,Animal 5_4DLC_resnet50_Freezing_07-2020Sep29shuffle1_100000filtered,Control,"Sanguino-Gomez and Krugers, 2024",1,0,2947,11250,180625,26.195555555555551,19.579945799457999,"Yes, all 82 manuscript-cohort videos"
50.5,Animal_50_5DLC_resnet50_Freezing_07-2020Sep29shuffle1_100000filtered,Control,"Sanguino-Gomez and Krugers, 2024",1,0,3060,11250,180625,27.2,19.579945799457999,"Yes, all 82 manuscript-cohort videos"
53.5,Animal_53_5DLC_resnet50_Freezing_07-2020Sep29shuffle1_100000filtered,Control,"Sanguino-Gomez and Krugers, 2024",1,0,2452,11250,180625,21.795555555555559,19.579945799457999,"Yes, all 82 manuscript-cohort videos"
54.3,Animal_54_3DLC_resnet50_Freezing_07-2020Sep29shuffle1_100000filtered,Control,"Sanguino-Gomez and Krugers, 2024",1,0,1724,11250,180625,15.32444444444444,19.579945799457999,"Yes, all 82 manuscript-cohort videos"
54.4,Animal_54_4DLC_resnet50_Freezing_07-2020Sep29shuffle1_100000filtered,Control,"Sanguino-Gomez and Krugers, 2024",1,0,3420,11250,180625,30.4,19.579945799457999,"Yes, all 82 manuscript-cohort videos"
54.6,Animal_54_6DLC_resnet50_Freezing_07-2020Sep29shuffle1_100000filtered,Control,"Sanguino-Gomez and Krugers, 2024",1,0,2414,11250,180625,21.457777777777778,19.579945799457999,"Yes, all 82 manuscript-cohort videos"
58.5,Animal_58_5DLC_resnet50_Freezing_07-2020Sep29shuffle1_100000filtered,Control,"Sanguino-Gomez and Krugers, 2024",1,0,1808,11250,180625,16.071111111111112,19.579945799457999,"Yes, all 82 manuscript-cohort videos"
62.1,Animal_62_1DLC_resnet50_Freezing_07-2020Sep29shuffle1_100000filtered,Control,"Sanguino-Gomez and Krugers, 2024",1,0,1166,11250,180625,10.364444444444439,19.579945799457999,"Yes, all 82 manuscript-cohort videos"
62.2,Animal_62_2DLC_resnet50_Freezing_07-2020Sep29shuffle1_100000filtered,Control,"Sanguino-Gomez and Krugers, 2024",1,0,2626,11250,180625,23.342222222222219,19.579945799457999,"Yes, all 82 manuscript-cohort videos"
62.3,Animal_62_3DLC_resnet50_Freezing_07-2020Sep29shuffle1_100000filtered,Control,"Sanguino-Gomez and Krugers, 2024",1,0,3106,11250,180625,27.608888888888892,19.579945799457999,"Yes, all 82 manuscript-cohort videos"
62.4,Animal_62_4DLC_resnet50_Freezing_07-2020Sep29shuffle1_100000filtered,Control,"Sanguino-Gomez and Krugers, 2024",1,0,2760,11250,180625,24.533333333333331,19.579945799457999,"Yes, all 82 manuscript-cohort videos"
62.5,Animal_62_5DLC_resnet50_Freezing_07-2020Sep29shuffle1_100000filtered,Control,"Sanguino-Gomez and Krugers, 2024",1,0,1072,11250,180625,9.5288888888888899,19.579945799457999,"Yes, all 82 manuscript-cohort videos"
68.1,Animal_68_1DLC_resnet50_Freezing_07-2020Sep29shuffle1_100000filtered,Control,"Sanguino-Gomez and Krugers, 2024",1,0,2042,11250,180625,18.15111111111111,19.579945799457999,"Yes, all 82 manuscript-cohort videos"
74.1,Animal_74_1DLC_resnet50_Freezing_07-2020Sep29shuffle1_100000filtered,Control,"Sanguino-Gomez and Krugers, 2024",1,0,1897,11250,180625,16.862222222222218,19.579945799457999,"Yes, all 82 manuscript-cohort videos"
80.3,Animal_80_3DLC_resnet50_Freezing_07-2020Sep29shuffle1_100000filtered,Control,"Sanguino-Gomez and Krugers, 2024",1,0,664,11250,180625,5.902222222222222,19.579945799457999,"Yes, all 82 manuscript-cohort videos"
15.4,Animal 15_4DLC_resnet50_Freezing_07-2020Sep29shuffle1_100000filtered,ELS,"Sanguino-Gomez and Krugers, 2024",1,0,1704,11250,180625,15.14666666666667,19.579945799457999,"Yes, all 82 manuscript-cohort videos"
15.6,Animal 15_6DLC_resnet50_Freezing_07-2020Sep29shuffle1_100000filtered,ELS,"Sanguino-Gomez and Krugers, 2024",1,0,1914,11250,180625,17.013333333333328,19.579945799457999,"Yes, all 82 manuscript-cohort videos"
2.4,Animal 2_4DLC_resnet50_Freezing_07-2020Sep29shuffle1_100000filtered,ELS,"Sanguino-Gomez and Krugers, 2024",1,0,2097,11250,180625,18.64,19.579945799457999,"Yes, all 82 manuscript-cohort videos"
23.4,Animal 23_4DLC_resnet50_Freezing_07-2020Sep29shuffle1_100000filtered,ELS,"Sanguino-Gomez and Krugers, 2024",1,0,1601,11250,180625,14.23111111111111,19.579945799457999,"Yes, all 82 manuscript-cohort videos"
25.1,Animal 25_1DLC_resnet50_Freezing_07-2020Sep29shuffle1_100000filtered,ELS,"Sanguino-Gomez and Krugers, 2024",1,0,1520,11250,180625,13.511111111111109,19.579945799457999,"Yes, all 82 manuscript-cohort videos"
26.4,Animal 26_4DLC_resnet50_Freezing_07-2020Sep29shuffle1_100000filtered,ELS,"Sanguino-Gomez and Krugers, 2024",1,0,3197,11250,180625,28.417777777777779,19.579945799457999,"Yes, all 82 manuscript-cohort videos"
32.2,Animal 32_2DLC_resnet50_Freezing_07-2020Sep29shuffle1_100000filtered,ELS,"Sanguino-Gomez and Krugers, 2024",1,0,1201,11250,180625,10.67555555555556,19.579945799457999,"Yes, all 82 manuscript-cohort videos"
32.4,Animal 32_4DLC_resnet50_Freezing_07-2020Sep29shuffle1_100000filtered,ELS,"Sanguino-Gomez and Krugers, 2024",1,0,1004,11250,180625,8.9244444444444451,19.579945799457999,"Yes, all 82 manuscript-cohort videos"
43.3,Animal_43_3DLC_resnet50_Freezing_07-2020Sep29shuffle1_100000filtered,ELS,"Sanguino-Gomez and Krugers, 2024",1,0,1342,11250,180625,11.92888888888889,19.579945799457999,"Yes, all 82 manuscript-cohort videos"
43.5,Animal_43_5DLC_resnet50_Freezing_07-2020Sep29shuffle1_100000filtered,ELS,"Sanguino-Gomez and Krugers, 2024",1,0,1865,11250,180625,16.577777777777779,19.579945799457999,"Yes, all 82 manuscript-cohort videos"
49.5,Animal_49_5DLC_resnet50_Freezing_07-2020Sep29shuffle1_100000filtered,ELS,"Sanguino-Gomez and Krugers, 2024",1,0,711,11250,180625,6.32,19.579945799457999,"Yes, all 82 manuscript-cohort videos"
49.6,Animal_49_6DLC_resnet50_Freezing_07-2020Sep29shuffle1_100000filtered,ELS,"Sanguino-Gomez and Krugers, 2024",1,0,3678,11250,180625,32.693333333333342,19.579945799457999,"Yes, all 82 manuscript-cohort videos"
55.3,Animal_55_3DLC_resnet50_Freezing_07-2020Sep29shuffle1_100000filtered,ELS,"Sanguino-Gomez and Krugers, 2024",1,0,1389,11250,180625,12.346666666666669,19.579945799457999,"Yes, all 82 manuscript-cohort videos"
55.5,Animal_55_5DLC_resnet50_Freezing_07-2020Sep29shuffle1_100000filtered,ELS,"Sanguino-Gomez and Krugers, 2024",1,0,676,11250,180625,6.0088888888888894,19.579945799457999,"Yes, all 82 manuscript-cohort videos"
56.3,Animal_56_3DLC_resnet50_Freezing_07-2020Sep29shuffle1_100000filtered,ELS,"Sanguino-Gomez and Krugers, 2024",1,0,2126,11250,180625,18.89777777777778,19.579945799457999,"Yes, all 82 manuscript-cohort videos"
63.3,Animal_63_3DLC_resnet50_Freezing_07-2020Sep29shuffle1_100000filtered,ELS,"Sanguino-Gomez and Krugers, 2024",1,0,2015,11250,180625,17.911111111111111,19.579945799457999,"Yes, all 82 manuscript-cohort videos"
69.1,Animal_69_1DLC_resnet50_Freezing_07-2020Sep29shuffle1_100000filtered,ELS,"Sanguino-Gomez and Krugers, 2024",1,0,1685,11250,180625,14.97777777777778,19.579945799457999,"Yes, all 82 manuscript-cohort videos"
69.2,Animal_69_2DLC_resnet50_Freezing_07-2020Sep29shuffle1_100000filtered,ELS,"Sanguino-Gomez and Krugers, 2024",1,0,765,11250,180625,6.8000000000000007,19.579945799457999,"Yes, all 82 manuscript-cohort videos"
69.3,Animal_69_3DLC_resnet50_Freezing_07-2020Sep29shuffle1_100000filtered,ELS,"Sanguino-Gomez and Krugers, 2024",1,0,1272,11250,180625,11.30666666666667,19.579945799457999,"Yes, all 82 manuscript-cohort videos"
69.5,Animal_69_5DLC_resnet50_Freezing_07-2020Sep29shuffle1_100000filtered,ELS,"Sanguino-Gomez and Krugers, 2024",1,0,1809,11250,180625,16.079999999999998,19.579945799457999,"Yes, all 82 manuscript-cohort videos"
73.1,Animal_73_1DLC_resnet50_Freezing_07-2020Sep29shuffle1_100000filtered,ELS,"Sanguino-Gomez and Krugers, 2024",1,0,1760,11250,180625,15.64444444444444,19.579945799457999,"Yes, all 82 manuscript-cohort videos"
73.4,Animal_73_4DLC_resnet50_Freezing_07-2020Sep29shuffle1_100000filtered,ELS,"Sanguino-Gomez and Krugers, 2024",1,0,1582,11250,180625,14.06222222222222,19.579945799457999,"Yes, all 82 manuscript-cohort videos"
75.1,Animal_75_1DLC_resnet50_Freezing_07-2020Sep29shuffle1_100000filtered,ELS,"Sanguino-Gomez and Krugers, 2024",1,0,984,11250,180625,8.7466666666666661,19.579945799457999,"Yes, all 82 manuscript-cohort videos"
88.2,Animal_88_2DLC_resnet50_Freezing_07-2020Sep29shuffle1_100000filtered,ELS,"Sanguino-Gomez and Krugers, 2024",1,0,1499,11250,180625,13.32444444444444,19.579945799457999,"Yes, all 82 manuscript-cohort videos"
88.3,Animal_88_3DLC_resnet50_Freezing_07-2020Sep29shuffle1_100000filtered,ELS,"Sanguino-Gomez and Krugers, 2024",1,0,1410,11250,180625,12.53333333333333,19.579945799457999,"Yes, all 82 manuscript-cohort videos"
129.1,Animal_129_1DLC_resnet50_Freezing_07-2020Sep29shuffle1_100000filtered,Control,"Sanguino-Gomez et al., 2024",3,0,3680,11250,180625,32.711111111111123,19.579945799457999,"Yes, all 82 manuscript-cohort videos"
129.4,Animal_129_4DLC_resnet50_Freezing_07-2020Sep29shuffle1_100000filtered,Control,"Sanguino-Gomez et al., 2024",3,0,4047,11250,180625,35.973333333333343,19.579945799457999,"Yes, all 82 manuscript-cohort videos"
136.2,Animal_136_2DLC_resnet50_Freezing_07-2020Sep29shuffle1_100000filtered,Control,"Sanguino-Gomez et al., 2024",3,0,2680,11250,180625,23.822222222222219,19.579945799457999,"Yes, all 82 manuscript-cohort videos"
136.3,Animal_136_3DLC_resnet50_Freezing_07-2020Sep29shuffle1_100000filtered,Control,"Sanguino-Gomez et al., 2024",3,0,2300,11250,180625,20.44444444444445,19.579945799457999,"Yes, all 82 manuscript-cohort videos"
136.5,Animal_136_5DLC_resnet50_Freezing_07-2020Sep29shuffle1_100000filtered,Control,"Sanguino-Gomez et al., 2024",3,0,3673,11250,180625,32.648888888888891,19.579945799457999,"Yes, all 82 manuscript-cohort videos"
137.3,Animal_137_3DLC_resnet50_Freezing_07-2020Sep29shuffle1_100000filtered,Control,"Sanguino-Gomez et al., 2024",3,0,945,11250,180625,8.4,19.579945799457999,"Yes, all 82 manuscript-cohort videos"
145.5,Animal_145_5DLC_resnet50_Freezing_07-2020Sep29shuffle1_100000filtered,Control,"Sanguino-Gomez et al., 2024",3,0,2646,11250,180625,23.52,19.579945799457999,"Yes, all 82 manuscript-cohort videos"
146.6,Animal_146_6DLC_resnet50_Freezing_07-2020Sep29shuffle1_100000filtered,Control,"Sanguino-Gomez et al., 2024",3,0,4015,11250,180625,35.68888888888889,19.579945799457999,"Yes, all 82 manuscript-cohort videos"
147.4,Animal_147_4DLC_resnet50_Freezing_07-2020Sep29shuffle1_100000filtered,Control,"Sanguino-Gomez et al., 2024",3,0,2050,11250,180625,18.222222222222221,19.579945799457999,"Yes, all 82 manuscript-cohort videos"
152.3,Animal_152_3DLC_resnet50_Freezing_07-2020Sep29shuffle1_100000filtered,Control,"Sanguino-Gomez et al., 2024",3,0,2376,11250,180625,21.12,19.579945799457999,"Yes, all 82 manuscript-cohort videos"
152.5,Animal_152_5DLC_resnet50_Freezing_07-2020Sep29shuffle1_100000filtered,Control,"Sanguino-Gomez et al., 2024",3,0,3829,11250,180625,34.035555555555561,19.579945799457999,"Yes, all 82 manuscript-cohort videos"
157.1,Animal_157_1DLC_resnet50_Freezing_07-2020Sep29shuffle1_100000filtered,Control,"Sanguino-Gomez et al., 2024",3,0,1832,11250,180625,16.28444444444445,19.579945799457999,"Yes, all 82 manuscript-cohort videos"
157.4,Animal_157_4DLC_resnet50_Freezing_07-2020Sep29shuffle1_100000filtered,Control,"Sanguino-Gomez et al., 2024",3,0,2166,11250,180625,19.25333333333333,19.579945799457999,"Yes, all 82 manuscript-cohort videos"
158.5,Animal_158_5DLC_resnet50_Freezing_07-2020Sep29shuffle1_100000filtered,Control,"Sanguino-Gomez et al., 2024",3,0,3200,11250,180625,28.444444444444439,19.579945799457999,"Yes, all 82 manuscript-cohort videos"
161.1,Animal_161_1DLC_resnet50_Freezing_07-2020Sep29shuffle1_100000filtered,Control,"Sanguino-Gomez et al., 2024",3,0,3953,11250,180625,35.137777777777778,19.579945799457999,"Yes, all 82 manuscript-cohort videos"
161.3,Animal_161_3DLC_resnet50_Freezing_07-2020Sep29shuffle1_100000filtered,Control,"Sanguino-Gomez et al., 2024",3,0,3072,11250,180625,27.306666666666668,19.579945799457999,"Yes, all 82 manuscript-cohort videos"
123.1,Animal_123_1DLC_resnet50_Freezing_07-2020Sep29shuffle1_100000filtered,ELS,"Sanguino-Gomez et al., 2024",3,0,2835,11250,180625,25.2,19.579945799457999,"Yes, all 82 manuscript-cohort videos"
123.3,Animal_123_3DLC_resnet50_Freezing_07-2020Sep29shuffle1_100000filtered,ELS,"Sanguino-Gomez et al., 2024",3,0,3284,11250,180625,29.191111111111109,19.579945799457999,"Yes, all 82 manuscript-cohort videos"
128.4,Animal_128_4DLC_resnet50_Freezing_07-2020Sep29shuffle1_100000filtered,ELS,"Sanguino-Gomez et al., 2024",3,0,2969,11250,180625,26.391111111111108,19.579945799457999,"Yes, all 82 manuscript-cohort videos"
133.3,Animal_133_3DLC_resnet50_Freezing_07-2020Sep29shuffle1_100000filtered,ELS,"Sanguino-Gomez et al., 2024",3,0,3775,11250,180625,33.555555555555557,19.579945799457999,"Yes, all 82 manuscript-cohort videos"
134.2,Animal_134_2DLC_resnet50_Freezing_07-2020Sep29shuffle1_100000filtered,ELS,"Sanguino-Gomez et al., 2024",3,0,3243,11250,180625,28.826666666666672,19.579945799457999,"Yes, all 82 manuscript-cohort videos"
134.4,Animal_134_4DLC_resnet50_Freezing_07-2020Sep29shuffle1_100000filtered,ELS,"Sanguino-Gomez et al., 2024",3,0,2708,11250,180625,24.071111111111112,19.579945799457999,"Yes, all 82 manuscript-cohort videos"
144.3,Animal_144_3DLC_resnet50_Freezing_07-2020Sep29shuffle1_100000filtered,ELS,"Sanguino-Gomez et al., 2024",3,0,1303,11250,180625,11.582222222222221,19.579945799457999,"Yes, all 82 manuscript-cohort videos"
144.5,Animal_144_5DLC_resnet50_Freezing_07-2020Sep29shuffle1_100000filtered,ELS,"Sanguino-Gomez et al., 2024",3,0,2049,11250,180625,18.213333333333331,19.579945799457999,"Yes, all 82 manuscript-cohort videos"
148.4,Animal_148_4DLC_resnet50_Freezing_07-2020Sep29shuffle1_100000filtered,ELS,"Sanguino-Gomez et al., 2024",3,0,2632,11250,180625,23.395555555555561,19.579945799457999,"Yes, all 82 manuscript-cohort videos"
150.3,Animal_150_3DLC_resnet50_Freezing_07-2020Sep29shuffle1_100000filtered,ELS,"Sanguino-Gomez et al., 2024",3,0,3777,11250,180625,33.573333333333331,19.579945799457999,"Yes, all 82 manuscript-cohort videos"
150.5,Animal_150_5DLC_resnet50_Freezing_07-2020Sep29shuffle1_100000filtered,ELS,"Sanguino-Gomez et al., 2024",3,0,1335,11250,180625,11.866666666666671,19.579945799457999,"Yes, all 82 manuscript-cohort videos"
153.4,Animal_153_4DLC_resnet50_Freezing_07-2020Sep29shuffle1_100000filtered,ELS,"Sanguino-Gomez et al., 2024",3,0,3113,11250,180625,27.671111111111109,19.579945799457999,"Yes, all 82 manuscript-cohort videos"
154.4,Animal_154_4DLC_resnet50_Freezing_07-2020Sep29shuffle1_100000filtered,ELS,"Sanguino-Gomez et al., 2024",3,0,2698,11250,180625,23.982222222222219,19.579945799457999,"Yes, all 82 manuscript-cohort videos"
159.3,Animal_159_3DLC_resnet50_Freezing_07-2020Sep29shuffle1_100000filtered,ELS,"Sanguino-Gomez et al., 2024",3,0,1358,11250,180625,12.07111111111111,19.579945799457999,"Yes, all 82 manuscript-cohort videos"
159.4,Animal_159_4DLC_resnet50_Freezing_07-2020Sep29shuffle1_100000filtered,ELS,"Sanguino-Gomez et al., 2024",3,0,3757,11250,180625,33.395555555555553,19.579945799457999,"Yes, all 82 manuscript-cohort videos"
159.5,Animal_159_5DLC_resnet50_Freezing_07-2020Sep29shuffle1_100000filtered,ELS,"Sanguino-Gomez et al., 2024",3,0,1065,11250,180625,9.4666666666666668,19.579945799457999,"Yes, all 82 manuscript-cohort videos"
11.4,Animal 11_4DLC_resnet50_Freezing_07-2020Sep29shuffle1_100000filtered,Control,"Sanguino-Gomez and Krugers, 2024",1,1,1742,11250,171871,15.484444444444449,18.631002710027101,"Yes, all 82 manuscript-cohort videos"
11.6,Animal 11_6DLC_resnet50_Freezing_07-2020Sep29shuffle1_100000filtered,Control,"Sanguino-Gomez and Krugers, 2024",1,1,1491,11250,171871,13.25333333333333,18.631002710027101,"Yes, all 82 manuscript-cohort videos"
34.4,Animal 34_4DLC_resnet50_Freezing_07-2020Sep29shuffle1_100000filtered,Control,"Sanguino-Gomez and Krugers, 2024",1,1,2928,11250,171871,26.02666666666666,18.631002710027101,"Yes, all 82 manuscript-cohort videos"
34.5,Animal 34_5DLC_resnet50_Freezing_07-2020Sep29shuffle1_100000filtered,Control,"Sanguino-Gomez and Krugers, 2024",1,1,2029,11250,171871,18.03555555555555,18.631002710027101,"Yes, all 82 manuscript-cohort videos"
40.4,Animal_40_4DLC_resnet50_Freezing_07-2020Sep29shuffle1_100000filtered,Control,"Sanguino-Gomez and Krugers, 2024",1,1,1659,11250,171871,14.74666666666667,18.631002710027101,"Yes, all 82 manuscript-cohort videos"
40.6,Animal_40_6DLC_resnet50_Freezing_07-2020Sep29shuffle1_100000filtered,Control,"Sanguino-Gomez and Krugers, 2024",1,1,1444,11250,171871,12.835555555555549,18.631002710027101,"Yes, all 82 manuscript-cohort videos"
41.4,Animal_41_4DLC_resnet50_Freezing_07-2020Sep29shuffle1_100000filtered,Control,"Sanguino-Gomez and Krugers, 2024",1,1,1644,11250,171871,14.61333333333333,18.631002710027101,"Yes, all 82 manuscript-cohort videos"
41.5,Animal_41_5DLC_resnet50_Freezing_07-2020Sep29shuffle1_100000filtered,Control,"Sanguino-Gomez and Krugers, 2024",1,1,1629,11250,171871,14.48,18.631002710027101,"Yes, all 82 manuscript-cohort videos"
41.6,Animal_41_6DLC_resnet50_Freezing_07-2020Sep29shuffle1_100000filtered,Control,"Sanguino-Gomez and Krugers, 2024",1,1,2189,11250,171871,19.457777777777778,18.631002710027101,"Yes, all 82 manuscript-cohort videos"
47.5,Animal_47_5DLC_resnet50_Freezing_07-2020Sep29shuffle1_100000filtered,Control,"Sanguino-Gomez and Krugers, 2024",1,1,1822,11250,171871,16.195555555555551,18.631002710027101,"Yes, all 82 manuscript-cohort videos"
5.4,Animal 5_4DLC_resnet50_Freezing_07-2020Sep29shuffle1_100000filtered,Control,"Sanguino-Gomez and Krugers, 2024",1,1,2402,11250,171871,21.351111111111109,18.631002710027101,"Yes, all 82 manuscript-cohort videos"
50.5,Animal_50_5DLC_resnet50_Freezing_07-2020Sep29shuffle1_100000filtered,Control,"Sanguino-Gomez and Krugers, 2024",1,1,2308,11250,171871,20.515555555555562,18.631002710027101,"Yes, all 82 manuscript-cohort videos"
53.5,Animal_53_5DLC_resnet50_Freezing_07-2020Sep29shuffle1_100000filtered,Control,"Sanguino-Gomez and Krugers, 2024",1,1,1480,11250,171871,13.15555555555556,18.631002710027101,"Yes, all 82 manuscript-cohort videos"
54.3,Animal_54_3DLC_resnet50_Freezing_07-2020Sep29shuffle1_100000filtered,Control,"Sanguino-Gomez and Krugers, 2024",1,1,1992,11250,171871,17.706666666666671,18.631002710027101,"Yes, all 82 manuscript-cohort videos"
54.4,Animal_54_4DLC_resnet50_Freezing_07-2020Sep29shuffle1_100000filtered,Control,"Sanguino-Gomez and Krugers, 2024",1,1,3385,11250,171871,30.088888888888889,18.631002710027101,"Yes, all 82 manuscript-cohort videos"
54.6,Animal_54_6DLC_resnet50_Freezing_07-2020Sep29shuffle1_100000filtered,Control,"Sanguino-Gomez and Krugers, 2024",1,1,2275,11250,171871,20.222222222222221,18.631002710027101,"Yes, all 82 manuscript-cohort videos"
58.5,Animal_58_5DLC_resnet50_Freezing_07-2020Sep29shuffle1_100000filtered,Control,"Sanguino-Gomez and Krugers, 2024",1,1,1969,11250,171871,17.502222222222219,18.631002710027101,"Yes, all 82 manuscript-cohort videos"
62.1,Animal_62_1DLC_resnet50_Freezing_07-2020Sep29shuffle1_100000filtered,Control,"Sanguino-Gomez and Krugers, 2024",1,1,1649,11250,171871,14.657777777777779,18.631002710027101,"Yes, all 82 manuscript-cohort videos"
62.2,Animal_62_2DLC_resnet50_Freezing_07-2020Sep29shuffle1_100000filtered,Control,"Sanguino-Gomez and Krugers, 2024",1,1,3044,11250,171871,27.05777777777778,18.631002710027101,"Yes, all 82 manuscript-cohort videos"
62.3,Animal_62_3DLC_resnet50_Freezing_07-2020Sep29shuffle1_100000filtered,Control,"Sanguino-Gomez and Krugers, 2024",1,1,1809,11250,171871,16.079999999999998,18.631002710027101,"Yes, all 82 manuscript-cohort videos"
62.4,Animal_62_4DLC_resnet50_Freezing_07-2020Sep29shuffle1_100000filtered,Control,"Sanguino-Gomez and Krugers, 2024",1,1,1672,11250,171871,14.86222222222222,18.631002710027101,"Yes, all 82 manuscript-cohort videos"
62.5,Animal_62_5DLC_resnet50_Freezing_07-2020Sep29shuffle1_100000filtered,Control,"Sanguino-Gomez and Krugers, 2024",1,1,2267,11250,171871,20.15111111111111,18.631002710027101,"Yes, all 82 manuscript-cohort videos"
68.1,Animal_68_1DLC_resnet50_Freezing_07-2020Sep29shuffle1_100000filtered,Control,"Sanguino-Gomez and Krugers, 2024",1,1,2768,11250,171871,24.60444444444445,18.631002710027101,"Yes, all 82 manuscript-cohort videos"
74.1,Animal_74_1DLC_resnet50_Freezing_07-2020Sep29shuffle1_100000filtered,Control,"Sanguino-Gomez and Krugers, 2024",1,1,1706,11250,171871,15.16444444444444,18.631002710027101,"Yes, all 82 manuscript-cohort videos"
80.3,Animal_80_3DLC_resnet50_Freezing_07-2020Sep29shuffle1_100000filtered,Control,"Sanguino-Gomez and Krugers, 2024",1,1,3302,11250,171871,29.351111111111109,18.631002710027101,"Yes, all 82 manuscript-cohort videos"
15.4,Animal 15_4DLC_resnet50_Freezing_07-2020Sep29shuffle1_100000filtered,ELS,"Sanguino-Gomez and Krugers, 2024",1,1,2290,11250,171871,20.355555555555551,18.631002710027101,"Yes, all 82 manuscript-cohort videos"
15.6,Animal 15_6DLC_resnet50_Freezing_07-2020Sep29shuffle1_100000filtered,ELS,"Sanguino-Gomez and Krugers, 2024",1,1,3088,11250,171871,27.448888888888892,18.631002710027101,"Yes, all 82 manuscript-cohort videos"
2.4,Animal 2_4DLC_resnet50_Freezing_07-2020Sep29shuffle1_100000filtered,ELS,"Sanguino-Gomez and Krugers, 2024",1,1,1606,11250,171871,14.27555555555556,18.631002710027101,"Yes, all 82 manuscript-cohort videos"
23.4,Animal 23_4DLC_resnet50_Freezing_07-2020Sep29shuffle1_100000filtered,ELS,"Sanguino-Gomez and Krugers, 2024",1,1,2250,11250,171871,20,18.631002710027101,"Yes, all 82 manuscript-cohort videos"
25.1,Animal 25_1DLC_resnet50_Freezing_07-2020Sep29shuffle1_100000filtered,ELS,"Sanguino-Gomez and Krugers, 2024",1,1,2761,11250,171871,24.542222222222229,18.631002710027101,"Yes, all 82 manuscript-cohort videos"
26.4,Animal 26_4DLC_resnet50_Freezing_07-2020Sep29shuffle1_100000filtered,ELS,"Sanguino-Gomez and Krugers, 2024",1,1,2819,11250,171871,25.05777777777778,18.631002710027101,"Yes, all 82 manuscript-cohort videos"
32.2,Animal 32_2DLC_resnet50_Freezing_07-2020Sep29shuffle1_100000filtered,ELS,"Sanguino-Gomez and Krugers, 2024",1,1,2758,11250,171871,24.515555555555551,18.631002710027101,"Yes, all 82 manuscript-cohort videos"
32.4,Animal 32_4DLC_resnet50_Freezing_07-2020Sep29shuffle1_100000filtered,ELS,"Sanguino-Gomez and Krugers, 2024",1,1,2989,11250,171871,26.568888888888889,18.631002710027101,"Yes, all 82 manuscript-cohort videos"
43.3,Animal_43_3DLC_resnet50_Freezing_07-2020Sep29shuffle1_100000filtered,ELS,"Sanguino-Gomez and Krugers, 2024",1,1,1511,11250,171871,13.431111111111109,18.631002710027101,"Yes, all 82 manuscript-cohort videos"
43.5,Animal_43_5DLC_resnet50_Freezing_07-2020Sep29shuffle1_100000filtered,ELS,"Sanguino-Gomez and Krugers, 2024",1,1,1863,11250,171871,16.559999999999999,18.631002710027101,"Yes, all 82 manuscript-cohort videos"
49.5,Animal_49_5DLC_resnet50_Freezing_07-2020Sep29shuffle1_100000filtered,ELS,"Sanguino-Gomez and Krugers, 2024",1,1,2584,11250,171871,22.968888888888891,18.631002710027101,"Yes, all 82 manuscript-cohort videos"
49.6,Animal_49_6DLC_resnet50_Freezing_07-2020Sep29shuffle1_100000filtered,ELS,"Sanguino-Gomez and Krugers, 2024",1,1,1586,11250,171871,14.097777777777781,18.631002710027101,"Yes, all 82 manuscript-cohort videos"
55.3,Animal_55_3DLC_resnet50_Freezing_07-2020Sep29shuffle1_100000filtered,ELS,"Sanguino-Gomez and Krugers, 2024",1,1,1888,11250,171871,16.78222222222222,18.631002710027101,"Yes, all 82 manuscript-cohort videos"
55.5,Animal_55_5DLC_resnet50_Freezing_07-2020Sep29shuffle1_100000filtered,ELS,"Sanguino-Gomez and Krugers, 2024",1,1,2361,11250,171871,20.986666666666672,18.631002710027101,"Yes, all 82 manuscript-cohort videos"
56.3,Animal_56_3DLC_resnet50_Freezing_07-2020Sep29shuffle1_100000filtered,ELS,"Sanguino-Gomez and Krugers, 2024",1,1,2084,11250,171871,18.524444444444441,18.631002710027101,"Yes, all 82 manuscript-cohort videos"
63.3,Animal_63_3DLC_resnet50_Freezing_07-2020Sep29shuffle1_100000filtered,ELS,"Sanguino-Gomez and Krugers, 2024",1,1,3103,11250,171871,27.582222222222221,18.631002710027101,"Yes, all 82 manuscript-cohort videos"
69.1,Animal_69_1DLC_resnet50_Freezing_07-2020Sep29shuffle1_100000filtered,ELS,"Sanguino-Gomez and Krugers, 2024",1,1,2581,11250,171871,22.94222222222222,18.631002710027101,"Yes, all 82 manuscript-cohort videos"
69.2,Animal_69_2DLC_resnet50_Freezing_07-2020Sep29shuffle1_100000filtered,ELS,"Sanguino-Gomez and Krugers, 2024",1,1,2791,11250,171871,24.808888888888891,18.631002710027101,"Yes, all 82 manuscript-cohort videos"
69.3,Animal_69_3DLC_resnet50_Freezing_07-2020Sep29shuffle1_100000filtered,ELS,"Sanguino-Gomez and Krugers, 2024",1,1,2893,11250,171871,25.715555555555561,18.631002710027101,"Yes, all 82 manuscript-cohort videos"
69.5,Animal_69_5DLC_resnet50_Freezing_07-2020Sep29shuffle1_100000filtered,ELS,"Sanguino-Gomez and Krugers, 2024",1,1,2760,11250,171871,24.533333333333331,18.631002710027101,"Yes, all 82 manuscript-cohort videos"
73.1,Animal_73_1DLC_resnet50_Freezing_07-2020Sep29shuffle1_100000filtered,ELS,"Sanguino-Gomez and Krugers, 2024",1,1,2970,11250,171871,26.4,18.631002710027101,"Yes, all 82 manuscript-cohort videos"
73.4,Animal_73_4DLC_resnet50_Freezing_07-2020Sep29shuffle1_100000filtered,ELS,"Sanguino-Gomez and Krugers, 2024",1,1,2652,11250,171871,23.573333333333331,18.631002710027101,"Yes, all 82 manuscript-cohort videos"
75.1,Animal_75_1DLC_resnet50_Freezing_07-2020Sep29shuffle1_100000filtered,ELS,"Sanguino-Gomez and Krugers, 2024",1,1,1627,11250,171871,14.46222222222222,18.631002710027101,"Yes, all 82 manuscript-cohort videos"
88.2,Animal_88_2DLC_resnet50_Freezing_07-2020Sep29shuffle1_100000filtered,ELS,"Sanguino-Gomez and Krugers, 2024",1,1,2312,11250,171871,20.551111111111108,18.631002710027101,"Yes, all 82 manuscript-cohort videos"
88.3,Animal_88_3DLC_resnet50_Freezing_07-2020Sep29shuffle1_100000filtered,ELS,"Sanguino-Gomez and Krugers, 2024",1,1,1892,11250,171871,16.817777777777781,18.631002710027101,"Yes, all 82 manuscript-cohort videos"
129.1,Animal_129_1DLC_resnet50_Freezing_07-2020Sep29shuffle1_100000filtered,Control,"Sanguino-Gomez et al., 2024",3,1,1163,11250,171871,10.337777777777781,18.631002710027101,"Yes, all 82 manuscript-cohort videos"
129.4,Animal_129_4DLC_resnet50_Freezing_07-2020Sep29shuffle1_100000filtered,Control,"Sanguino-Gomez et al., 2024",3,1,2766,11250,171871,24.58666666666667,18.631002710027101,"Yes, all 82 manuscript-cohort videos"
136.2,Animal_136_2DLC_resnet50_Freezing_07-2020Sep29shuffle1_100000filtered,Control,"Sanguino-Gomez et al., 2024",3,1,1774,11250,171871,15.76888888888889,18.631002710027101,"Yes, all 82 manuscript-cohort videos"
136.3,Animal_136_3DLC_resnet50_Freezing_07-2020Sep29shuffle1_100000filtered,Control,"Sanguino-Gomez et al., 2024",3,1,3086,11250,171871,27.431111111111111,18.631002710027101,"Yes, all 82 manuscript-cohort videos"
136.5,Animal_136_5DLC_resnet50_Freezing_07-2020Sep29shuffle1_100000filtered,Control,"Sanguino-Gomez et al., 2024",3,1,1349,11250,171871,11.99111111111111,18.631002710027101,"Yes, all 82 manuscript-cohort videos"
137.3,Animal_137_3DLC_resnet50_Freezing_07-2020Sep29shuffle1_100000filtered,Control,"Sanguino-Gomez et al., 2024",3,1,2145,11250,171871,19.06666666666667,18.631002710027101,"Yes, all 82 manuscript-cohort videos"
145.5,Animal_145_5DLC_resnet50_Freezing_07-2020Sep29shuffle1_100000filtered,Control,"Sanguino-Gomez et al., 2024",3,1,2108,11250,171871,18.737777777777779,18.631002710027101,"Yes, all 82 manuscript-cohort videos"
146.6,Animal_146_6DLC_resnet50_Freezing_07-2020Sep29shuffle1_100000filtered,Control,"Sanguino-Gomez et al., 2024",3,1,801,11250,171871,7.12,18.631002710027101,"Yes, all 82 manuscript-cohort videos"
147.4,Animal_147_4DLC_resnet50_Freezing_07-2020Sep29shuffle1_100000filtered,Control,"Sanguino-Gomez et al., 2024",3,1,805,11250,171871,7.155555555555555,18.631002710027101,"Yes, all 82 manuscript-cohort videos"
152.3,Animal_152_3DLC_resnet50_Freezing_07-2020Sep29shuffle1_100000filtered,Control,"Sanguino-Gomez et al., 2024",3,1,862,11250,171871,7.6622222222222218,18.631002710027101,"Yes, all 82 manuscript-cohort videos"
152.5,Animal_152_5DLC_resnet50_Freezing_07-2020Sep29shuffle1_100000filtered,Control,"Sanguino-Gomez et al., 2024",3,1,1379,11250,171871,12.257777777777781,18.631002710027101,"Yes, all 82 manuscript-cohort videos"
157.1,Animal_157_1DLC_resnet50_Freezing_07-2020Sep29shuffle1_100000filtered,Control,"Sanguino-Gomez et al., 2024",3,1,1961,11250,171871,17.431111111111111,18.631002710027101,"Yes, all 82 manuscript-cohort videos"
157.4,Animal_157_4DLC_resnet50_Freezing_07-2020Sep29shuffle1_100000filtered,Control,"Sanguino-Gomez et al., 2024",3,1,1752,11250,171871,15.573333333333331,18.631002710027101,"Yes, all 82 manuscript-cohort videos"
158.5,Animal_158_5DLC_resnet50_Freezing_07-2020Sep29shuffle1_100000filtered,Control,"Sanguino-Gomez et al., 2024",3,1,1514,11250,171871,13.45777777777778,18.631002710027101,"Yes, all 82 manuscript-cohort videos"
161.1,Animal_161_1DLC_resnet50_Freezing_07-2020Sep29shuffle1_100000filtered,Control,"Sanguino-Gomez et al., 2024",3,1,2449,11250,171871,21.768888888888888,18.631002710027101,"Yes, all 82 manuscript-cohort videos"
161.3,Animal_161_3DLC_resnet50_Freezing_07-2020Sep29shuffle1_100000filtered,Control,"Sanguino-Gomez et al., 2024",3,1,1484,11250,171871,13.191111111111111,18.631002710027101,"Yes, all 82 manuscript-cohort videos"
123.1,Animal_123_1DLC_resnet50_Freezing_07-2020Sep29shuffle1_100000filtered,ELS,"Sanguino-Gomez et al., 2024",3,1,2815,11250,171871,25.022222222222219,18.631002710027101,"Yes, all 82 manuscript-cohort videos"
123.3,Animal_123_3DLC_resnet50_Freezing_07-2020Sep29shuffle1_100000filtered,ELS,"Sanguino-Gomez et al., 2024",3,1,1546,11250,171871,13.742222222222219,18.631002710027101,"Yes, all 82 manuscript-cohort videos"
128.4,Animal_128_4DLC_resnet50_Freezing_07-2020Sep29shuffle1_100000filtered,ELS,"Sanguino-Gomez et al., 2024",3,1,1228,11250,171871,10.91555555555556,18.631002710027101,"Yes, all 82 manuscript-cohort videos"
133.3,Animal_133_3DLC_resnet50_Freezing_07-2020Sep29shuffle1_100000filtered,ELS,"Sanguino-Gomez et al., 2024",3,1,1331,11250,171871,11.83111111111111,18.631002710027101,"Yes, all 82 manuscript-cohort videos"
134.2,Animal_134_2DLC_resnet50_Freezing_07-2020Sep29shuffle1_100000filtered,ELS,"Sanguino-Gomez et al., 2024",3,1,1452,11250,171871,12.90666666666667,18.631002710027101,"Yes, all 82 manuscript-cohort videos"
134.4,Animal_134_4DLC_resnet50_Freezing_07-2020Sep29shuffle1_100000filtered,ELS,"Sanguino-Gomez et al., 2024",3,1,2005,11250,171871,17.822222222222219,18.631002710027101,"Yes, all 82 manuscript-cohort videos"
144.3,Animal_144_3DLC_resnet50_Freezing_07-2020Sep29shuffle1_100000filtered,ELS,"Sanguino-Gomez et al., 2024",3,1,2538,11250,171871,22.56,18.631002710027101,"Yes, all 82 manuscript-cohort videos"
144.5,Animal_144_5DLC_resnet50_Freezing_07-2020Sep29shuffle1_100000filtered,ELS,"Sanguino-Gomez et al., 2024",3,1,2510,11250,171871,22.31111111111111,18.631002710027101,"Yes, all 82 manuscript-cohort videos"
148.4,Animal_148_4DLC_resnet50_Freezing_07-2020Sep29shuffle1_100000filtered,ELS,"Sanguino-Gomez et al., 2024",3,1,1319,11250,171871,11.72444444444444,18.631002710027101,"Yes, all 82 manuscript-cohort videos"
150.3,Animal_150_3DLC_resnet50_Freezing_07-2020Sep29shuffle1_100000filtered,ELS,"Sanguino-Gomez et al., 2024",3,1,2725,11250,171871,24.222222222222221,18.631002710027101,"Yes, all 82 manuscript-cohort videos"
150.5,Animal_150_5DLC_resnet50_Freezing_07-2020Sep29shuffle1_100000filtered,ELS,"Sanguino-Gomez et al., 2024",3,1,1545,11250,171871,13.733333333333331,18.631002710027101,"Yes, all 82 manuscript-cohort videos"
153.4,Animal_153_4DLC_resnet50_Freezing_07-2020Sep29shuffle1_100000filtered,ELS,"Sanguino-Gomez et al., 2024",3,1,2243,11250,171871,19.937777777777779,18.631002710027101,"Yes, all 82 manuscript-cohort videos"
154.4,Animal_154_4DLC_resnet50_Freezing_07-2020Sep29shuffle1_100000filtered,ELS,"Sanguino-Gomez et al., 2024",3,1,1598,11250,171871,14.204444444444441,18.631002710027101,"Yes, all 82 manuscript-cohort videos"
159.3,Animal_159_3DLC_resnet50_Freezing_07-2020Sep29shuffle1_100000filtered,ELS,"Sanguino-Gomez et al., 2024",3,1,2223,11250,171871,19.760000000000002,18.631002710027101,"Yes, all 82 manuscript-cohort videos"
159.4,Animal_159_4DLC_resnet50_Freezing_07-2020Sep29shuffle1_100000filtered,ELS,"Sanguino-Gomez et al., 2024",3,1,1868,11250,171871,16.604444444444439,18.631002710027101,"Yes, all 82 manuscript-cohort videos"
159.5,Animal_159_5DLC_resnet50_Freezing_07-2020Sep29shuffle1_100000filtered,ELS,"Sanguino-Gomez et al., 2024",3,1,2903,11250,171871,25.804444444444449,18.631002710027101,"Yes, all 82 manuscript-cohort videos"
11.4,Animal 11_4DLC_resnet50_Freezing_07-2020Sep29shuffle1_100000filtered,Control,"Sanguino-Gomez and Krugers, 2024",1,2,1270,11250,88238,11.28888888888889,9.5650948509485101,"Yes, all 82 manuscript-cohort videos"
11.6,Animal 11_6DLC_resnet50_Freezing_07-2020Sep29shuffle1_100000filtered,Control,"Sanguino-Gomez and Krugers, 2024",1,2,640,11250,88238,5.6888888888888891,9.5650948509485101,"Yes, all 82 manuscript-cohort videos"
34.4,Animal 34_4DLC_resnet50_Freezing_07-2020Sep29shuffle1_100000filtered,Control,"Sanguino-Gomez and Krugers, 2024",1,2,1829,11250,88238,16.257777777777779,9.5650948509485101,"Yes, all 82 manuscript-cohort videos"
34.5,Animal 34_5DLC_resnet50_Freezing_07-2020Sep29shuffle1_100000filtered,Control,"Sanguino-Gomez and Krugers, 2024",1,2,1932,11250,88238,17.173333333333328,9.5650948509485101,"Yes, all 82 manuscript-cohort videos"
40.4,Animal_40_4DLC_resnet50_Freezing_07-2020Sep29shuffle1_100000filtered,Control,"Sanguino-Gomez and Krugers, 2024",1,2,2001,11250,88238,17.786666666666669,9.5650948509485101,"Yes, all 82 manuscript-cohort videos"
40.6,Animal_40_6DLC_resnet50_Freezing_07-2020Sep29shuffle1_100000filtered,Control,"Sanguino-Gomez and Krugers, 2024",1,2,1688,11250,88238,15.00444444444445,9.5650948509485101,"Yes, all 82 manuscript-cohort videos"
41.4,Animal_41_4DLC_resnet50_Freezing_07-2020Sep29shuffle1_100000filtered,Control,"Sanguino-Gomez and Krugers, 2024",1,2,1172,11250,88238,10.417777777777779,9.5650948509485101,"Yes, all 82 manuscript-cohort videos"
41.5,Animal_41_5DLC_resnet50_Freezing_07-2020Sep29shuffle1_100000filtered,Control,"Sanguino-Gomez and Krugers, 2024",1,2,1455,11250,88238,12.93333333333333,9.5650948509485101,"Yes, all 82 manuscript-cohort videos"
41.6,Animal_41_6DLC_resnet50_Freezing_07-2020Sep29shuffle1_100000filtered,Control,"Sanguino-Gomez and Krugers, 2024",1,2,1289,11250,88238,11.45777777777778,9.5650948509485101,"Yes, all 82 manuscript-cohort videos"
47.5,Animal_47_5DLC_resnet50_Freezing_07-2020Sep29shuffle1_100000filtered,Control,"Sanguino-Gomez and Krugers, 2024",1,2,1304,11250,88238,11.591111111111109,9.5650948509485101,"Yes, all 82 manuscript-cohort videos"
5.4,Animal 5_4DLC_resnet50_Freezing_07-2020Sep29shuffle1_100000filtered,Control,"Sanguino-Gomez and Krugers, 2024",1,2,855,11250,88238,7.6,9.5650948509485101,"Yes, all 82 manuscript-cohort videos"
50.5,Animal_50_5DLC_resnet50_Freezing_07-2020Sep29shuffle1_100000filtered,Control,"Sanguino-Gomez and Krugers, 2024",1,2,1119,11250,88238,9.9466666666666654,9.5650948509485101,"Yes, all 82 manuscript-cohort videos"
53.5,Animal_53_5DLC_resnet50_Freezing_07-2020Sep29shuffle1_100000filtered,Control,"Sanguino-Gomez and Krugers, 2024",1,2,1357,11250,88238,12.06222222222222,9.5650948509485101,"Yes, all 82 manuscript-cohort videos"
54.3,Animal_54_3DLC_resnet50_Freezing_07-2020Sep29shuffle1_100000filtered,Control,"Sanguino-Gomez and Krugers, 2024",1,2,1820,11250,88238,16.177777777777781,9.5650948509485101,"Yes, all 82 manuscript-cohort videos"
54.4,Animal_54_4DLC_resnet50_Freezing_07-2020Sep29shuffle1_100000filtered,Control,"Sanguino-Gomez and Krugers, 2024",1,2,735,11250,88238,6.5333333333333323,9.5650948509485101,"Yes, all 82 manuscript-cohort videos"
54.6,Animal_54_6DLC_resnet50_Freezing_07-2020Sep29shuffle1_100000filtered,Control,"Sanguino-Gomez and Krugers, 2024",1,2,822,11250,88238,7.3066666666666666,9.5650948509485101,"Yes, all 82 manuscript-cohort videos"
58.5,Animal_58_5DLC_resnet50_Freezing_07-2020Sep29shuffle1_100000filtered,Control,"Sanguino-Gomez and Krugers, 2024",1,2,1548,11250,88238,13.76,9.5650948509485101,"Yes, all 82 manuscript-cohort videos"
62.1,Animal_62_1DLC_resnet50_Freezing_07-2020Sep29shuffle1_100000filtered,Control,"Sanguino-Gomez and Krugers, 2024",1,2,2655,11250,88238,23.6,9.5650948509485101,"Yes, all 82 manuscript-cohort videos"
62.2,Animal_62_2DLC_resnet50_Freezing_07-2020Sep29shuffle1_100000filtered,Control,"Sanguino-Gomez and Krugers, 2024",1,2,945,11250,88238,8.4,9.5650948509485101,"Yes, all 82 manuscript-cohort videos"
62.3,Animal_62_3DLC_resnet50_Freezing_07-2020Sep29shuffle1_100000filtered,Control,"Sanguino-Gomez and Krugers, 2024",1,2,1185,11250,88238,10.53333333333333,9.5650948509485101,"Yes, all 82 manuscript-cohort videos"
62.4,Animal_62_4DLC_resnet50_Freezing_07-2020Sep29shuffle1_100000filtered,Control,"Sanguino-Gomez and Krugers, 2024",1,2,1511,11250,88238,13.431111111111109,9.5650948509485101,"Yes, all 82 manuscript-cohort videos"
62.5,Animal_62_5DLC_resnet50_Freezing_07-2020Sep29shuffle1_100000filtered,Control,"Sanguino-Gomez and Krugers, 2024",1,2,1832,11250,88238,16.28444444444445,9.5650948509485101,"Yes, all 82 manuscript-cohort videos"
68.1,Animal_68_1DLC_resnet50_Freezing_07-2020Sep29shuffle1_100000filtered,Control,"Sanguino-Gomez and Krugers, 2024",1,2,1257,11250,88238,11.17333333333333,9.5650948509485101,"Yes, all 82 manuscript-cohort videos"
74.1,Animal_74_1DLC_resnet50_Freezing_07-2020Sep29shuffle1_100000filtered,Control,"Sanguino-Gomez and Krugers, 2024",1,2,726,11250,88238,6.4533333333333331,9.5650948509485101,"Yes, all 82 manuscript-cohort videos"
80.3,Animal_80_3DLC_resnet50_Freezing_07-2020Sep29shuffle1_100000filtered,Control,"Sanguino-Gomez and Krugers, 2024",1,2,854,11250,88238,7.5911111111111111,9.5650948509485101,"Yes, all 82 manuscript-cohort videos"
15.4,Animal 15_4DLC_resnet50_Freezing_07-2020Sep29shuffle1_100000filtered,ELS,"Sanguino-Gomez and Krugers, 2024",1,2,1341,11250,88238,11.92,9.5650948509485101,"Yes, all 82 manuscript-cohort videos"
15.6,Animal 15_6DLC_resnet50_Freezing_07-2020Sep29shuffle1_100000filtered,ELS,"Sanguino-Gomez and Krugers, 2024",1,2,972,11250,88238,8.64,9.5650948509485101,"Yes, all 82 manuscript-cohort videos"
2.4,Animal 2_4DLC_resnet50_Freezing_07-2020Sep29shuffle1_100000filtered,ELS,"Sanguino-Gomez and Krugers, 2024",1,2,1389,11250,88238,12.346666666666669,9.5650948509485101,"Yes, all 82 manuscript-cohort videos"
23.4,Animal 23_4DLC_resnet50_Freezing_07-2020Sep29shuffle1_100000filtered,ELS,"Sanguino-Gomez and Krugers, 2024",1,2,1554,11250,88238,13.813333333333331,9.5650948509485101,"Yes, all 82 manuscript-cohort videos"
25.1,Animal 25_1DLC_resnet50_Freezing_07-2020Sep29shuffle1_100000filtered,ELS,"Sanguino-Gomez and Krugers, 2024",1,2,1216,11250,88238,10.808888888888889,9.5650948509485101,"Yes, all 82 manuscript-cohort videos"
26.4,Animal 26_4DLC_resnet50_Freezing_07-2020Sep29shuffle1_100000filtered,ELS,"Sanguino-Gomez and Krugers, 2024",1,2,1430,11250,88238,12.71111111111111,9.5650948509485101,"Yes, all 82 manuscript-cohort videos"
32.2,Animal 32_2DLC_resnet50_Freezing_07-2020Sep29shuffle1_100000filtered,ELS,"Sanguino-Gomez and Krugers, 2024",1,2,929,11250,88238,8.2577777777777772,9.5650948509485101,"Yes, all 82 manuscript-cohort videos"
32.4,Animal 32_4DLC_resnet50_Freezing_07-2020Sep29shuffle1_100000filtered,ELS,"Sanguino-Gomez and Krugers, 2024",1,2,936,11250,88238,8.32,9.5650948509485101,"Yes, all 82 manuscript-cohort videos"
43.3,Animal_43_3DLC_resnet50_Freezing_07-2020Sep29shuffle1_100000filtered,ELS,"Sanguino-Gomez and Krugers, 2024",1,2,1703,11250,88238,15.13777777777778,9.5650948509485101,"Yes, all 82 manuscript-cohort videos"
43.5,Animal_43_5DLC_resnet50_Freezing_07-2020Sep29shuffle1_100000filtered,ELS,"Sanguino-Gomez and Krugers, 2024",1,2,2392,11250,88238,21.262222222222221,9.5650948509485101,"Yes, all 82 manuscript-cohort videos"
49.5,Animal_49_5DLC_resnet50_Freezing_07-2020Sep29shuffle1_100000filtered,ELS,"Sanguino-Gomez and Krugers, 2024",1,2,1698,11250,88238,15.09333333333333,9.5650948509485101,"Yes, all 82 manuscript-cohort videos"
49.6,Animal_49_6DLC_resnet50_Freezing_07-2020Sep29shuffle1_100000filtered,ELS,"Sanguino-Gomez and Krugers, 2024",1,2,1031,11250,88238,9.1644444444444453,9.5650948509485101,"Yes, all 82 manuscript-cohort videos"
55.3,Animal_55_3DLC_resnet50_Freezing_07-2020Sep29shuffle1_100000filtered,ELS,"Sanguino-Gomez and Krugers, 2024",1,2,1304,11250,88238,11.591111111111109,9.5650948509485101,"Yes, all 82 manuscript-cohort videos"
55.5,Animal_55_5DLC_resnet50_Freezing_07-2020Sep29shuffle1_100000filtered,ELS,"Sanguino-Gomez and Krugers, 2024",1,2,1743,11250,88238,15.493333333333331,9.5650948509485101,"Yes, all 82 manuscript-cohort videos"
56.3,Animal_56_3DLC_resnet50_Freezing_07-2020Sep29shuffle1_100000filtered,ELS,"Sanguino-Gomez and Krugers, 2024",1,2,1097,11250,88238,9.7511111111111113,9.5650948509485101,"Yes, all 82 manuscript-cohort videos"
63.3,Animal_63_3DLC_resnet50_Freezing_07-2020Sep29shuffle1_100000filtered,ELS,"Sanguino-Gomez and Krugers, 2024",1,2,1676,11250,88238,14.89777777777778,9.5650948509485101,"Yes, all 82 manuscript-cohort videos"
69.1,Animal_69_1DLC_resnet50_Freezing_07-2020Sep29shuffle1_100000filtered,ELS,"Sanguino-Gomez and Krugers, 2024",1,2,1399,11250,88238,12.43555555555556,9.5650948509485101,"Yes, all 82 manuscript-cohort videos"
69.2,Animal_69_2DLC_resnet50_Freezing_07-2020Sep29shuffle1_100000filtered,ELS,"Sanguino-Gomez and Krugers, 2024",1,2,2528,11250,88238,22.47111111111111,9.5650948509485101,"Yes, all 82 manuscript-cohort videos"
69.3,Animal_69_3DLC_resnet50_Freezing_07-2020Sep29shuffle1_100000filtered,ELS,"Sanguino-Gomez and Krugers, 2024",1,2,1311,11250,88238,11.653333333333331,9.5650948509485101,"Yes, all 82 manuscript-cohort videos"
69.5,Animal_69_5DLC_resnet50_Freezing_07-2020Sep29shuffle1_100000filtered,ELS,"Sanguino-Gomez and Krugers, 2024",1,2,972,11250,88238,8.64,9.5650948509485101,"Yes, all 82 manuscript-cohort videos"
73.1,Animal_73_1DLC_resnet50_Freezing_07-2020Sep29shuffle1_100000filtered,ELS,"Sanguino-Gomez and Krugers, 2024",1,2,360,11250,88238,3.2,9.5650948509485101,"Yes, all 82 manuscript-cohort videos"
73.4,Animal_73_4DLC_resnet50_Freezing_07-2020Sep29shuffle1_100000filtered,ELS,"Sanguino-Gomez and Krugers, 2024",1,2,700,11250,88238,6.2222222222222223,9.5650948509485101,"Yes, all 82 manuscript-cohort videos"
75.1,Animal_75_1DLC_resnet50_Freezing_07-2020Sep29shuffle1_100000filtered,ELS,"Sanguino-Gomez and Krugers, 2024",1,2,2112,11250,88238,18.77333333333333,9.5650948509485101,"Yes, all 82 manuscript-cohort videos"
88.2,Animal_88_2DLC_resnet50_Freezing_07-2020Sep29shuffle1_100000filtered,ELS,"Sanguino-Gomez and Krugers, 2024",1,2,2171,11250,88238,19.297777777777782,9.5650948509485101,"Yes, all 82 manuscript-cohort videos"
88.3,Animal_88_3DLC_resnet50_Freezing_07-2020Sep29shuffle1_100000filtered,ELS,"Sanguino-Gomez and Krugers, 2024",1,2,1147,11250,88238,10.195555555555551,9.5650948509485101,"Yes, all 82 manuscript-cohort videos"
129.1,Animal_129_1DLC_resnet50_Freezing_07-2020Sep29shuffle1_100000filtered,Control,"Sanguino-Gomez et al., 2024",3,2,46,11250,88238,0.40888888888888891,9.5650948509485101,"Yes, all 82 manuscript-cohort videos"
129.4,Animal_129_4DLC_resnet50_Freezing_07-2020Sep29shuffle1_100000filtered,Control,"Sanguino-Gomez et al., 2024",3,2,35,11250,88238,0.31111111111111112,9.5650948509485101,"Yes, all 82 manuscript-cohort videos"
136.2,Animal_136_2DLC_resnet50_Freezing_07-2020Sep29shuffle1_100000filtered,Control,"Sanguino-Gomez et al., 2024",3,2,347,11250,88238,3.0844444444444439,9.5650948509485101,"Yes, all 82 manuscript-cohort videos"
136.3,Animal_136_3DLC_resnet50_Freezing_07-2020Sep29shuffle1_100000filtered,Control,"Sanguino-Gomez et al., 2024",3,2,36,11250,88238,0.32,9.5650948509485101,"Yes, all 82 manuscript-cohort videos"
136.5,Animal_136_5DLC_resnet50_Freezing_07-2020Sep29shuffle1_100000filtered,Control,"Sanguino-Gomez et al., 2024",3,2,103,11250,88238,0.91555555555555557,9.5650948509485101,"Yes, all 82 manuscript-cohort videos"
137.3,Animal_137_3DLC_resnet50_Freezing_07-2020Sep29shuffle1_100000filtered,Control,"Sanguino-Gomez et al., 2024",3,2,1102,11250,88238,9.7955555555555556,9.5650948509485101,"Yes, all 82 manuscript-cohort videos"
145.5,Animal_145_5DLC_resnet50_Freezing_07-2020Sep29shuffle1_100000filtered,Control,"Sanguino-Gomez et al., 2024",3,2,847,11250,88238,7.528888888888889,9.5650948509485101,"Yes, all 82 manuscript-cohort videos"
146.6,Animal_146_6DLC_resnet50_Freezing_07-2020Sep29shuffle1_100000filtered,Control,"Sanguino-Gomez et al., 2024",3,2,444,11250,88238,3.9466666666666659,9.5650948509485101,"Yes, all 82 manuscript-cohort videos"
147.4,Animal_147_4DLC_resnet50_Freezing_07-2020Sep29shuffle1_100000filtered,Control,"Sanguino-Gomez et al., 2024",3,2,817,11250,88238,7.2622222222222224,9.5650948509485101,"Yes, all 82 manuscript-cohort videos"
152.3,Animal_152_3DLC_resnet50_Freezing_07-2020Sep29shuffle1_100000filtered,Control,"Sanguino-Gomez et al., 2024",3,2,1236,11250,88238,10.98666666666667,9.5650948509485101,"Yes, all 82 manuscript-cohort videos"
152.5,Animal_152_5DLC_resnet50_Freezing_07-2020Sep29shuffle1_100000filtered,Control,"Sanguino-Gomez et al., 2024",3,2,975,11250,88238,8.6666666666666679,9.5650948509485101,"Yes, all 82 manuscript-cohort videos"
157.1,Animal_157_1DLC_resnet50_Freezing_07-2020Sep29shuffle1_100000filtered,Control,"Sanguino-Gomez et al., 2024",3,2,855,11250,88238,7.6,9.5650948509485101,"Yes, all 82 manuscript-cohort videos"
157.4,Animal_157_4DLC_resnet50_Freezing_07-2020Sep29shuffle1_100000filtered,Control,"Sanguino-Gomez et al., 2024",3,2,1046,11250,88238,9.2977777777777781,9.5650948509485101,"Yes, all 82 manuscript-cohort videos"
158.5,Animal_158_5DLC_resnet50_Freezing_07-2020Sep29shuffle1_100000filtered,Control,"Sanguino-Gomez et al., 2024",3,2,1010,11250,88238,8.9777777777777779,9.5650948509485101,"Yes, all 82 manuscript-cohort videos"
161.1,Animal_161_1DLC_resnet50_Freezing_07-2020Sep29shuffle1_100000filtered,Control,"Sanguino-Gomez et al., 2024",3,2,658,11250,88238,5.8488888888888892,9.5650948509485101,"Yes, all 82 manuscript-cohort videos"
161.3,Animal_161_3DLC_resnet50_Freezing_07-2020Sep29shuffle1_100000filtered,Control,"Sanguino-Gomez et al., 2024",3,2,894,11250,88238,7.9466666666666672,9.5650948509485101,"Yes, all 82 manuscript-cohort videos"
123.3,Animal_123_3DLC_resnet50_Freezing_07-2020Sep29shuffle1_100000filtered,ELS,"Sanguino-Gomez et al., 2024",3,2,857,11250,88238,7.6177777777777784,9.5650948509485101,"Yes, all 82 manuscript-cohort videos"
128.4,Animal_128_4DLC_resnet50_Freezing_07-2020Sep29shuffle1_100000filtered,ELS,"Sanguino-Gomez et al., 2024",3,2,269,11250,88238,2.391111111111111,9.5650948509485101,"Yes, all 82 manuscript-cohort videos"
133.3,Animal_133_3DLC_resnet50_Freezing_07-2020Sep29shuffle1_100000filtered,ELS,"Sanguino-Gomez et al., 2024",3,2,541,11250,88238,4.8088888888888892,9.5650948509485101,"Yes, all 82 manuscript-cohort videos"
134.2,Animal_134_2DLC_resnet50_Freezing_07-2020Sep29shuffle1_100000filtered,ELS,"Sanguino-Gomez et al., 2024",3,2,1189,11250,88238,10.568888888888891,9.5650948509485101,"Yes, all 82 manuscript-cohort videos"
134.4,Animal_134_4DLC_resnet50_Freezing_07-2020Sep29shuffle1_100000filtered,ELS,"Sanguino-Gomez et al., 2024",3,2,1087,11250,88238,9.6622222222222227,9.5650948509485101,"Yes, all 82 manuscript-cohort videos"
144.3,Animal_144_3DLC_resnet50_Freezing_07-2020Sep29shuffle1_100000filtered,ELS,"Sanguino-Gomez et al., 2024",3,2,299,11250,88238,2.657777777777778,9.5650948509485101,"Yes, all 82 manuscript-cohort videos"
144.5,Animal_144_5DLC_resnet50_Freezing_07-2020Sep29shuffle1_100000filtered,ELS,"Sanguino-Gomez et al., 2024",3,2,441,11250,88238,3.92,9.5650948509485101,"Yes, all 82 manuscript-cohort videos"
148.4,Animal_148_4DLC_resnet50_Freezing_07-2020Sep29shuffle1_100000filtered,ELS,"Sanguino-Gomez et al., 2024",3,2,1315,11250,88238,11.68888888888889,9.5650948509485101,"Yes, all 82 manuscript-cohort videos"
150.3,Animal_150_3DLC_resnet50_Freezing_07-2020Sep29shuffle1_100000filtered,ELS,"Sanguino-Gomez et al., 2024",3,2,101,11250,88238,0.89777777777777767,9.5650948509485101,"Yes, all 82 manuscript-cohort videos"
150.5,Animal_150_5DLC_resnet50_Freezing_07-2020Sep29shuffle1_100000filtered,ELS,"Sanguino-Gomez et al., 2024",3,2,971,11250,88238,8.6311111111111121,9.5650948509485101,"Yes, all 82 manuscript-cohort videos"
153.4,Animal_153_4DLC_resnet50_Freezing_07-2020Sep29shuffle1_100000filtered,ELS,"Sanguino-Gomez et al., 2024",3,2,440,11250,88238,3.911111111111111,9.5650948509485101,"Yes, all 82 manuscript-cohort videos"
154.4,Animal_154_4DLC_resnet50_Freezing_07-2020Sep29shuffle1_100000filtered,ELS,"Sanguino-Gomez et al., 2024",3,2,795,11250,88238,7.0666666666666673,9.5650948509485101,"Yes, all 82 manuscript-cohort videos"
159.3,Animal_159_3DLC_resnet50_Freezing_07-2020Sep29shuffle1_100000filtered,ELS,"Sanguino-Gomez et al., 2024",3,2,263,11250,88238,2.3377777777777782,9.5650948509485101,"Yes, all 82 manuscript-cohort videos"
159.4,Animal_159_4DLC_resnet50_Freezing_07-2020Sep29shuffle1_100000filtered,ELS,"Sanguino-Gomez et al., 2024",3,2,14,11250,88238,0.1244444444444445,9.5650948509485101,"Yes, all 82 manuscript-cohort videos"
159.5,Animal_159_5DLC_resnet50_Freezing_07-2020Sep29shuffle1_100000filtered,ELS,"Sanguino-Gomez et al., 2024",3,2,293,11250,88238,2.6044444444444439,9.5650948509485101,"Yes, all 82 manuscript-cohort videos"
11.4,Animal 11_4DLC_resnet50_Freezing_07-2020Sep29shuffle1_100000filtered,Control,"Sanguino-Gomez and Krugers, 2024",1,3,807,11250,81975,7.1733333333333329,8.8861788617886184,"Yes, all 82 manuscript-cohort videos"
11.6,Animal 11_6DLC_resnet50_Freezing_07-2020Sep29shuffle1_100000filtered,Control,"Sanguino-Gomez and Krugers, 2024",1,3,1090,11250,81975,9.6888888888888882,8.8861788617886184,"Yes, all 82 manuscript-cohort videos"
34.4,Animal 34_4DLC_resnet50_Freezing_07-2020Sep29shuffle1_100000filtered,Control,"Sanguino-Gomez and Krugers, 2024",1,3,864,11250,81975,7.68,8.8861788617886184,"Yes, all 82 manuscript-cohort videos"
34.5,Animal 34_5DLC_resnet50_Freezing_07-2020Sep29shuffle1_100000filtered,Control,"Sanguino-Gomez and Krugers, 2024",1,3,1099,11250,81975,9.7688888888888901,8.8861788617886184,"Yes, all 82 manuscript-cohort videos"
40.4,Animal_40_4DLC_resnet50_Freezing_07-2020Sep29shuffle1_100000filtered,Control,"Sanguino-Gomez and Krugers, 2024",1,3,481,11250,81975,4.2755555555555551,8.8861788617886184,"Yes, all 82 manuscript-cohort videos"
40.6,Animal_40_6DLC_resnet50_Freezing_07-2020Sep29shuffle1_100000filtered,Control,"Sanguino-Gomez and Krugers, 2024",1,3,1124,11250,81975,9.9911111111111115,8.8861788617886184,"Yes, all 82 manuscript-cohort videos"
41.4,Animal_41_4DLC_resnet50_Freezing_07-2020Sep29shuffle1_100000filtered,Control,"Sanguino-Gomez and Krugers, 2024",1,3,1015,11250,81975,9.0222222222222221,8.8861788617886184,"Yes, all 82 manuscript-cohort videos"
41.5,Animal_41_5DLC_resnet50_Freezing_07-2020Sep29shuffle1_100000filtered,Control,"Sanguino-Gomez and Krugers, 2024",1,3,1244,11250,81975,11.05777777777778,8.8861788617886184,"Yes, all 82 manuscript-cohort videos"
41.6,Animal_41_6DLC_resnet50_Freezing_07-2020Sep29shuffle1_100000filtered,Control,"Sanguino-Gomez and Krugers, 2024",1,3,872,11250,81975,7.7511111111111113,8.8861788617886184,"Yes, all 82 manuscript-cohort videos"
47.5,Animal_47_5DLC_resnet50_Freezing_07-2020Sep29shuffle1_100000filtered,Control,"Sanguino-Gomez and Krugers, 2024",1,3,1095,11250,81975,9.7333333333333325,8.8861788617886184,"Yes, all 82 manuscript-cohort videos"
5.4,Animal 5_4DLC_resnet50_Freezing_07-2020Sep29shuffle1_100000filtered,Control,"Sanguino-Gomez and Krugers, 2024",1,3,1683,11250,81975,14.96,8.8861788617886184,"Yes, all 82 manuscript-cohort videos"
50.5,Animal_50_5DLC_resnet50_Freezing_07-2020Sep29shuffle1_100000filtered,Control,"Sanguino-Gomez and Krugers, 2024",1,3,950,11250,81975,8.4444444444444446,8.8861788617886184,"Yes, all 82 manuscript-cohort videos"
53.5,Animal_53_5DLC_resnet50_Freezing_07-2020Sep29shuffle1_100000filtered,Control,"Sanguino-Gomez and Krugers, 2024",1,3,1183,11250,81975,10.51555555555556,8.8861788617886184,"Yes, all 82 manuscript-cohort videos"
54.3,Animal_54_3DLC_resnet50_Freezing_07-2020Sep29shuffle1_100000filtered,Control,"Sanguino-Gomez and Krugers, 2024",1,3,911,11250,81975,8.0977777777777771,8.8861788617886184,"Yes, all 82 manuscript-cohort videos"
54.4,Animal_54_4DLC_resnet50_Freezing_07-2020Sep29shuffle1_100000filtered,Control,"Sanguino-Gomez and Krugers, 2024",1,3,763,11250,81975,6.7822222222222228,8.8861788617886184,"Yes, all 82 manuscript-cohort videos"
54.6,Animal_54_6DLC_resnet50_Freezing_07-2020Sep29shuffle1_100000filtered,Control,"Sanguino-Gomez and Krugers, 2024",1,3,1400,11250,81975,12.444444444444439,8.8861788617886184,"Yes, all 82 manuscript-cohort videos"
58.5,Animal_58_5DLC_resnet50_Freezing_07-2020Sep29shuffle1_100000filtered,Control,"Sanguino-Gomez and Krugers, 2024",1,3,1202,11250,81975,10.68444444444444,8.8861788617886184,"Yes, all 82 manuscript-cohort videos"
62.1,Animal_62_1DLC_resnet50_Freezing_07-2020Sep29shuffle1_100000filtered,Control,"Sanguino-Gomez and Krugers, 2024",1,3,987,11250,81975,8.7733333333333334,8.8861788617886184,"Yes, all 82 manuscript-cohort videos"
62.2,Animal_62_2DLC_resnet50_Freezing_07-2020Sep29shuffle1_100000filtered,Control,"Sanguino-Gomez and Krugers, 2024",1,3,1276,11250,81975,11.342222222222221,8.8861788617886184,"Yes, all 82 manuscript-cohort videos"
62.3,Animal_62_3DLC_resnet50_Freezing_07-2020Sep29shuffle1_100000filtered,Control,"Sanguino-Gomez and Krugers, 2024",1,3,899,11250,81975,7.9911111111111106,8.8861788617886184,"Yes, all 82 manuscript-cohort videos"
62.4,Animal_62_4DLC_resnet50_Freezing_07-2020Sep29shuffle1_100000filtered,Control,"Sanguino-Gomez and Krugers, 2024",1,3,1004,11250,81975,8.9244444444444451,8.8861788617886184,"Yes, all 82 manuscript-cohort videos"
62.5,Animal_62_5DLC_resnet50_Freezing_07-2020Sep29shuffle1_100000filtered,Control,"Sanguino-Gomez and Krugers, 2024",1,3,1225,11250,81975,10.888888888888889,8.8861788617886184,"Yes, all 82 manuscript-cohort videos"
68.1,Animal_68_1DLC_resnet50_Freezing_07-2020Sep29shuffle1_100000filtered,Control,"Sanguino-Gomez and Krugers, 2024",1,3,972,11250,81975,8.64,8.8861788617886184,"Yes, all 82 manuscript-cohort videos"
74.1,Animal_74_1DLC_resnet50_Freezing_07-2020Sep29shuffle1_100000filtered,Control,"Sanguino-Gomez and Krugers, 2024",1,3,1785,11250,81975,15.866666666666671,8.8861788617886184,"Yes, all 82 manuscript-cohort videos"
80.3,Animal_80_3DLC_resnet50_Freezing_07-2020Sep29shuffle1_100000filtered,Control,"Sanguino-Gomez and Krugers, 2024",1,3,1269,11250,81975,11.28,8.8861788617886184,"Yes, all 82 manuscript-cohort videos"
15.4,Animal 15_4DLC_resnet50_Freezing_07-2020Sep29shuffle1_100000filtered,ELS,"Sanguino-Gomez and Krugers, 2024",1,3,853,11250,81975,7.5822222222222218,8.8861788617886184,"Yes, all 82 manuscript-cohort videos"
15.6,Animal 15_6DLC_resnet50_Freezing_07-2020Sep29shuffle1_100000filtered,ELS,"Sanguino-Gomez and Krugers, 2024",1,3,763,11250,81975,6.7822222222222228,8.8861788617886184,"Yes, all 82 manuscript-cohort videos"
2.4,Animal 2_4DLC_resnet50_Freezing_07-2020Sep29shuffle1_100000filtered,ELS,"Sanguino-Gomez and Krugers, 2024",1,3,1033,11250,81975,9.1822222222222223,8.8861788617886184,"Yes, all 82 manuscript-cohort videos"
23.4,Animal 23_4DLC_resnet50_Freezing_07-2020Sep29shuffle1_100000filtered,ELS,"Sanguino-Gomez and Krugers, 2024",1,3,1044,11250,81975,9.2799999999999994,8.8861788617886184,"Yes, all 82 manuscript-cohort videos"
25.1,Animal 25_1DLC_resnet50_Freezing_07-2020Sep29shuffle1_100000filtered,ELS,"Sanguino-Gomez and Krugers, 2024",1,3,1604,11250,81975,14.257777777777781,8.8861788617886184,"Yes, all 82 manuscript-cohort videos"
26.4,Animal 26_4DLC_resnet50_Freezing_07-2020Sep29shuffle1_100000filtered,ELS,"Sanguino-Gomez and Krugers, 2024",1,3,1193,11250,81975,10.604444444444439,8.8861788617886184,"Yes, all 82 manuscript-cohort videos"
32.2,Animal 32_2DLC_resnet50_Freezing_07-2020Sep29shuffle1_100000filtered,ELS,"Sanguino-Gomez and Krugers, 2024",1,3,788,11250,81975,7.0044444444444451,8.8861788617886184,"Yes, all 82 manuscript-cohort videos"
32.4,Animal 32_4DLC_resnet50_Freezing_07-2020Sep29shuffle1_100000filtered,ELS,"Sanguino-Gomez and Krugers, 2024",1,3,1482,11250,81975,13.17333333333333,8.8861788617886184,"Yes, all 82 manuscript-cohort videos"
43.3,Animal_43_3DLC_resnet50_Freezing_07-2020Sep29shuffle1_100000filtered,ELS,"Sanguino-Gomez and Krugers, 2024",1,3,736,11250,81975,6.5422222222222226,8.8861788617886184,"Yes, all 82 manuscript-cohort videos"
43.5,Animal_43_5DLC_resnet50_Freezing_07-2020Sep29shuffle1_100000filtered,ELS,"Sanguino-Gomez and Krugers, 2024",1,3,1473,11250,81975,13.09333333333333,8.8861788617886184,"Yes, all 82 manuscript-cohort videos"
49.5,Animal_49_5DLC_resnet50_Freezing_07-2020Sep29shuffle1_100000filtered,ELS,"Sanguino-Gomez and Krugers, 2024",1,3,904,11250,81975,8.0355555555555558,8.8861788617886184,"Yes, all 82 manuscript-cohort videos"
49.6,Animal_49_6DLC_resnet50_Freezing_07-2020Sep29shuffle1_100000filtered,ELS,"Sanguino-Gomez and Krugers, 2024",1,3,1437,11250,81975,12.77333333333333,8.8861788617886184,"Yes, all 82 manuscript-cohort videos"
55.3,Animal_55_3DLC_resnet50_Freezing_07-2020Sep29shuffle1_100000filtered,ELS,"Sanguino-Gomez and Krugers, 2024",1,3,960,11250,81975,8.5333333333333332,8.8861788617886184,"Yes, all 82 manuscript-cohort videos"
55.5,Animal_55_5DLC_resnet50_Freezing_07-2020Sep29shuffle1_100000filtered,ELS,"Sanguino-Gomez and Krugers, 2024",1,3,872,11250,81975,7.7511111111111113,8.8861788617886184,"Yes, all 82 manuscript-cohort videos"
56.3,Animal_56_3DLC_resnet50_Freezing_07-2020Sep29shuffle1_100000filtered,ELS,"Sanguino-Gomez and Krugers, 2024",1,3,1119,11250,81975,9.9466666666666654,8.8861788617886184,"Yes, all 82 manuscript-cohort videos"
63.3,Animal_63_3DLC_resnet50_Freezing_07-2020Sep29shuffle1_100000filtered,ELS,"Sanguino-Gomez and Krugers, 2024",1,3,1048,11250,81975,9.3155555555555569,8.8861788617886184,"Yes, all 82 manuscript-cohort videos"
69.1,Animal_69_1DLC_resnet50_Freezing_07-2020Sep29shuffle1_100000filtered,ELS,"Sanguino-Gomez and Krugers, 2024",1,3,832,11250,81975,7.3955555555555552,8.8861788617886184,"Yes, all 82 manuscript-cohort videos"
69.2,Animal_69_2DLC_resnet50_Freezing_07-2020Sep29shuffle1_100000filtered,ELS,"Sanguino-Gomez and Krugers, 2024",1,3,520,11250,81975,4.6222222222222218,8.8861788617886184,"Yes, all 82 manuscript-cohort videos"
69.3,Animal_69_3DLC_resnet50_Freezing_07-2020Sep29shuffle1_100000filtered,ELS,"Sanguino-Gomez and Krugers, 2024",1,3,928,11250,81975,8.2488888888888887,8.8861788617886184,"Yes, all 82 manuscript-cohort videos"
69.5,Animal_69_5DLC_resnet50_Freezing_07-2020Sep29shuffle1_100000filtered,ELS,"Sanguino-Gomez and Krugers, 2024",1,3,442,11250,81975,3.9288888888888889,8.8861788617886184,"Yes, all 82 manuscript-cohort videos"
73.1,Animal_73_1DLC_resnet50_Freezing_07-2020Sep29shuffle1_100000filtered,ELS,"Sanguino-Gomez and Krugers, 2024",1,3,815,11250,81975,7.2444444444444454,8.8861788617886184,"Yes, all 82 manuscript-cohort videos"
73.4,Animal_73_4DLC_resnet50_Freezing_07-2020Sep29shuffle1_100000filtered,ELS,"Sanguino-Gomez and Krugers, 2024",1,3,621,11250,81975,5.52,8.8861788617886184,"Yes, all 82 manuscript-cohort videos"
75.1,Animal_75_1DLC_resnet50_Freezing_07-2020Sep29shuffle1_100000filtered,ELS,"Sanguino-Gomez and Krugers, 2024",1,3,1242,11250,81975,11.04,8.8861788617886184,"Yes, all 82 manuscript-cohort videos"
88.2,Animal_88_2DLC_resnet50_Freezing_07-2020Sep29shuffle1_100000filtered,ELS,"Sanguino-Gomez and Krugers, 2024",1,3,1337,11250,81975,11.884444444444441,8.8861788617886184,"Yes, all 82 manuscript-cohort videos"
88.3,Animal_88_3DLC_resnet50_Freezing_07-2020Sep29shuffle1_100000filtered,ELS,"Sanguino-Gomez and Krugers, 2024",1,3,2441,11250,81975,21.69777777777778,8.8861788617886184,"Yes, all 82 manuscript-cohort videos"
129.1,Animal_129_1DLC_resnet50_Freezing_07-2020Sep29shuffle1_100000filtered,Control,"Sanguino-Gomez et al., 2024",3,3,77,11250,81975,0.68444444444444441,8.8861788617886184,"Yes, all 82 manuscript-cohort videos"
129.4,Animal_129_4DLC_resnet50_Freezing_07-2020Sep29shuffle1_100000filtered,Control,"Sanguino-Gomez et al., 2024",3,3,300,11250,81975,2.666666666666667,8.8861788617886184,"Yes, all 82 manuscript-cohort videos"
136.2,Animal_136_2DLC_resnet50_Freezing_07-2020Sep29shuffle1_100000filtered,Control,"Sanguino-Gomez et al., 2024",3,3,775,11250,81975,6.8888888888888893,8.8861788617886184,"Yes, all 82 manuscript-cohort videos"
136.3,Animal_136_3DLC_resnet50_Freezing_07-2020Sep29shuffle1_100000filtered,Control,"Sanguino-Gomez et al., 2024",3,3,278,11250,81975,2.471111111111111,8.8861788617886184,"Yes, all 82 manuscript-cohort videos"
136.5,Animal_136_5DLC_resnet50_Freezing_07-2020Sep29shuffle1_100000filtered,Control,"Sanguino-Gomez et al., 2024",3,3,237,11250,81975,2.1066666666666669,8.8861788617886184,"Yes, all 82 manuscript-cohort videos"
137.3,Animal_137_3DLC_resnet50_Freezing_07-2020Sep29shuffle1_100000filtered,Control,"Sanguino-Gomez et al., 2024",3,3,1228,11250,81975,10.91555555555556,8.8861788617886184,"Yes, all 82 manuscript-cohort videos"
145.5,Animal_145_5DLC_resnet50_Freezing_07-2020Sep29shuffle1_100000filtered,Control,"Sanguino-Gomez et al., 2024",3,3,704,11250,81975,6.2577777777777772,8.8861788617886184,"Yes, all 82 manuscript-cohort videos"
146.6,Animal_146_6DLC_resnet50_Freezing_07-2020Sep29shuffle1_100000filtered,Control,"Sanguino-Gomez et al., 2024",3,3,1401,11250,81975,12.45333333333333,8.8861788617886184,"Yes, all 82 manuscript-cohort videos"
147.4,Animal_147_4DLC_resnet50_Freezing_07-2020Sep29shuffle1_100000filtered,Control,"Sanguino-Gomez et al., 2024",3,3,1178,11250,81975,10.47111111111111,8.8861788617886184,"Yes, all 82 manuscript-cohort videos"
152.3,Animal_152_3DLC_resnet50_Freezing_07-2020Sep29shuffle1_100000filtered,Control,"Sanguino-Gomez et al., 2024",3,3,1191,11250,81975,10.58666666666667,8.8861788617886184,"Yes, all 82 manuscript-cohort videos"
152.5,Animal_152_5DLC_resnet50_Freezing_07-2020Sep29shuffle1_100000filtered,Control,"Sanguino-Gomez et al., 2024",3,3,728,11250,81975,6.471111111111111,8.8861788617886184,"Yes, all 82 manuscript-cohort videos"
157.1,Animal_157_1DLC_resnet50_Freezing_07-2020Sep29shuffle1_100000filtered,Control,"Sanguino-Gomez et al., 2024",3,3,771,11250,81975,6.8533333333333326,8.8861788617886184,"Yes, all 82 manuscript-cohort videos"
157.4,Animal_157_4DLC_resnet50_Freezing_07-2020Sep29shuffle1_100000filtered,Control,"Sanguino-Gomez et al., 2024",3,3,1896,11250,81975,16.853333333333339,8.8861788617886184,"Yes, all 82 manuscript-cohort videos"
158.5,Animal_158_5DLC_resnet50_Freezing_07-2020Sep29shuffle1_100000filtered,Control,"Sanguino-Gomez et al., 2024",3,3,1525,11250,81975,13.555555555555561,8.8861788617886184,"Yes, all 82 manuscript-cohort videos"
161.1,Animal_161_1DLC_resnet50_Freezing_07-2020Sep29shuffle1_100000filtered,Control,"Sanguino-Gomez et al., 2024",3,3,911,11250,81975,8.0977777777777771,8.8861788617886184,"Yes, all 82 manuscript-cohort videos"
161.3,Animal_161_3DLC_resnet50_Freezing_07-2020Sep29shuffle1_100000filtered,Control,"Sanguino-Gomez et al., 2024",3,3,1371,11250,81975,12.186666666666669,8.8861788617886184,"Yes, all 82 manuscript-cohort videos"
123.1,Animal_123_1DLC_resnet50_Freezing_07-2020Sep29shuffle1_100000filtered,ELS,"Sanguino-Gomez et al., 2024",3,3,878,11250,81975,7.8044444444444441,8.8861788617886184,"Yes, all 82 manuscript-cohort videos"
123.3,Animal_123_3DLC_resnet50_Freezing_07-2020Sep29shuffle1_100000filtered,ELS,"Sanguino-Gomez et al., 2024",3,3,1828,11250,81975,16.248888888888889,8.8861788617886184,"Yes, all 82 manuscript-cohort videos"
128.4,Animal_128_4DLC_resnet50_Freezing_07-2020Sep29shuffle1_100000filtered,ELS,"Sanguino-Gomez et al., 2024",3,3,182,11250,81975,1.617777777777778,8.8861788617886184,"Yes, all 82 manuscript-cohort videos"
133.3,Animal_133_3DLC_resnet50_Freezing_07-2020Sep29shuffle1_100000filtered,ELS,"Sanguino-Gomez et al., 2024",3,3,1113,11250,81975,9.8933333333333326,8.8861788617886184,"Yes, all 82 manuscript-cohort videos"
134.2,Animal_134_2DLC_resnet50_Freezing_07-2020Sep29shuffle1_100000filtered,ELS,"Sanguino-Gomez et al., 2024",3,3,1233,11250,81975,10.96,8.8861788617886184,"Yes, all 82 manuscript-cohort videos"
134.4,Animal_134_4DLC_resnet50_Freezing_07-2020Sep29shuffle1_100000filtered,ELS,"Sanguino-Gomez et al., 2024",3,3,902,11250,81975,8.017777777777777,8.8861788617886184,"Yes, all 82 manuscript-cohort videos"
144.3,Animal_144_3DLC_resnet50_Freezing_07-2020Sep29shuffle1_100000filtered,ELS,"Sanguino-Gomez et al., 2024",3,3,715,11250,81975,6.3555555555555561,8.8861788617886184,"Yes, all 82 manuscript-cohort videos"
144.5,Animal_144_5DLC_resnet50_Freezing_07-2020Sep29shuffle1_100000filtered,ELS,"Sanguino-Gomez et al., 2024",3,3,686,11250,81975,6.097777777777778,8.8861788617886184,"Yes, all 82 manuscript-cohort videos"
148.4,Animal_148_4DLC_resnet50_Freezing_07-2020Sep29shuffle1_100000filtered,ELS,"Sanguino-Gomez et al., 2024",3,3,1300,11250,81975,11.555555555555561,8.8861788617886184,"Yes, all 82 manuscript-cohort videos"
150.3,Animal_150_3DLC_resnet50_Freezing_07-2020Sep29shuffle1_100000filtered,ELS,"Sanguino-Gomez et al., 2024",3,3,345,11250,81975,3.066666666666666,8.8861788617886184,"Yes, all 82 manuscript-cohort videos"
150.5,Animal_150_5DLC_resnet50_Freezing_07-2020Sep29shuffle1_100000filtered,ELS,"Sanguino-Gomez et al., 2024",3,3,962,11250,81975,8.5511111111111102,8.8861788617886184,"Yes, all 82 manuscript-cohort videos"
153.4,Animal_153_4DLC_resnet50_Freezing_07-2020Sep29shuffle1_100000filtered,ELS,"Sanguino-Gomez et al., 2024",3,3,1100,11250,81975,9.7777777777777786,8.8861788617886184,"Yes, all 82 manuscript-cohort videos"
154.4,Animal_154_4DLC_resnet50_Freezing_07-2020Sep29shuffle1_100000filtered,ELS,"Sanguino-Gomez et al., 2024",3,3,1606,11250,81975,14.27555555555556,8.8861788617886184,"Yes, all 82 manuscript-cohort videos"
159.3,Animal_159_3DLC_resnet50_Freezing_07-2020Sep29shuffle1_100000filtered,ELS,"Sanguino-Gomez et al., 2024",3,3,91,11250,81975,0.80888888888888888,8.8861788617886184,"Yes, all 82 manuscript-cohort videos"
159.4,Animal_159_4DLC_resnet50_Freezing_07-2020Sep29shuffle1_100000filtered,ELS,"Sanguino-Gomez et al., 2024",3,3,146,11250,81975,1.2977777777777779,8.8861788617886184,"Yes, all 82 manuscript-cohort videos"
159.5,Animal_159_5DLC_resnet50_Freezing_07-2020Sep29shuffle1_100000filtered,ELS,"Sanguino-Gomez et al., 2024",3,3,630,11250,81975,5.6000000000000014,8.8861788617886184,"Yes, all 82 manuscript-cohort videos"
11.4,Animal 11_4DLC_resnet50_Freezing_07-2020Sep29shuffle1_100000filtered,Control,"Sanguino-Gomez and Krugers, 2024",1,4,789,11250,22867,7.0133333333333336,2.4788075880758811,"Yes, all 82 manuscript-cohort videos"
11.6,Animal 11_6DLC_resnet50_Freezing_07-2020Sep29shuffle1_100000filtered,Control,"Sanguino-Gomez and Krugers, 2024",1,4,843,11250,22867,7.4933333333333341,2.4788075880758811,"Yes, all 82 manuscript-cohort videos"
34.4,Animal 34_4DLC_resnet50_Freezing_07-2020Sep29shuffle1_100000filtered,Control,"Sanguino-Gomez and Krugers, 2024",1,4,205,11250,22867,1.822222222222222,2.4788075880758811,"Yes, all 82 manuscript-cohort videos"
34.5,Animal 34_5DLC_resnet50_Freezing_07-2020Sep29shuffle1_100000filtered,Control,"Sanguino-Gomez and Krugers, 2024",1,4,202,11250,22867,1.7955555555555549,2.4788075880758811,"Yes, all 82 manuscript-cohort videos"
40.4,Animal_40_4DLC_resnet50_Freezing_07-2020Sep29shuffle1_100000filtered,Control,"Sanguino-Gomez and Krugers, 2024",1,4,921,11250,22867,8.1866666666666674,2.4788075880758811,"Yes, all 82 manuscript-cohort videos"
40.6,Animal_40_6DLC_resnet50_Freezing_07-2020Sep29shuffle1_100000filtered,Control,"Sanguino-Gomez and Krugers, 2024",1,4,239,11250,22867,2.1244444444444439,2.4788075880758811,"Yes, all 82 manuscript-cohort videos"
41.4,Animal_41_4DLC_resnet50_Freezing_07-2020Sep29shuffle1_100000filtered,Control,"Sanguino-Gomez and Krugers, 2024",1,4,875,11250,22867,7.7777777777777777,2.4788075880758811,"Yes, all 82 manuscript-cohort videos"
41.5,Animal_41_5DLC_resnet50_Freezing_07-2020Sep29shuffle1_100000filtered,Control,"Sanguino-Gomez and Krugers, 2024",1,4,377,11250,22867,3.3511111111111109,2.4788075880758811,"Yes, all 82 manuscript-cohort videos"
41.6,Animal_41_6DLC_resnet50_Freezing_07-2020Sep29shuffle1_100000filtered,Control,"Sanguino-Gomez and Krugers, 2024",1,4,428,11250,22867,3.804444444444445,2.4788075880758811,"Yes, all 82 manuscript-cohort videos"
47.5,Animal_47_5DLC_resnet50_Freezing_07-2020Sep29shuffle1_100000filtered,Control,"Sanguino-Gomez and Krugers, 2024",1,4,710,11250,22867,6.3111111111111118,2.4788075880758811,"Yes, all 82 manuscript-cohort videos"
5.4,Animal 5_4DLC_resnet50_Freezing_07-2020Sep29shuffle1_100000filtered,Control,"Sanguino-Gomez and Krugers, 2024",1,4,309,11250,22867,2.746666666666667,2.4788075880758811,"Yes, all 82 manuscript-cohort videos"
50.5,Animal_50_5DLC_resnet50_Freezing_07-2020Sep29shuffle1_100000filtered,Control,"Sanguino-Gomez and Krugers, 2024",1,4,224,11250,22867,1.9911111111111111,2.4788075880758811,"Yes, all 82 manuscript-cohort videos"
53.5,Animal_53_5DLC_resnet50_Freezing_07-2020Sep29shuffle1_100000filtered,Control,"Sanguino-Gomez and Krugers, 2024",1,4,427,11250,22867,3.795555555555556,2.4788075880758811,"Yes, all 82 manuscript-cohort videos"
54.3,Animal_54_3DLC_resnet50_Freezing_07-2020Sep29shuffle1_100000filtered,Control,"Sanguino-Gomez and Krugers, 2024",1,4,321,11250,22867,2.8533333333333331,2.4788075880758811,"Yes, all 82 manuscript-cohort videos"
54.4,Animal_54_4DLC_resnet50_Freezing_07-2020Sep29shuffle1_100000filtered,Control,"Sanguino-Gomez and Krugers, 2024",1,4,33,11250,22867,0.29333333333333328,2.4788075880758811,"Yes, all 82 manuscript-cohort videos"
54.6,Animal_54_6DLC_resnet50_Freezing_07-2020Sep29shuffle1_100000filtered,Control,"Sanguino-Gomez and Krugers, 2024",1,4,116,11250,22867,1.0311111111111111,2.4788075880758811,"Yes, all 82 manuscript-cohort videos"
58.5,Animal_58_5DLC_resnet50_Freezing_07-2020Sep29shuffle1_100000filtered,Control,"Sanguino-Gomez and Krugers, 2024",1,4,411,11250,22867,3.6533333333333329,2.4788075880758811,"Yes, all 82 manuscript-cohort videos"
62.1,Animal_62_1DLC_resnet50_Freezing_07-2020Sep29shuffle1_100000filtered,Control,"Sanguino-Gomez and Krugers, 2024",1,4,294,11250,22867,2.6133333333333328,2.4788075880758811,"Yes, all 82 manuscript-cohort videos"
62.2,Animal_62_2DLC_resnet50_Freezing_07-2020Sep29shuffle1_100000filtered,Control,"Sanguino-Gomez and Krugers, 2024",1,4,145,11250,22867,1.288888888888889,2.4788075880758811,"Yes, all 82 manuscript-cohort videos"
62.3,Animal_62_3DLC_resnet50_Freezing_07-2020Sep29shuffle1_100000filtered,Control,"Sanguino-Gomez and Krugers, 2024",1,4,341,11250,22867,3.0311111111111111,2.4788075880758811,"Yes, all 82 manuscript-cohort videos"
62.4,Animal_62_4DLC_resnet50_Freezing_07-2020Sep29shuffle1_100000filtered,Control,"Sanguino-Gomez and Krugers, 2024",1,4,584,11250,22867,5.1911111111111108,2.4788075880758811,"Yes, all 82 manuscript-cohort videos"
62.5,Animal_62_5DLC_resnet50_Freezing_07-2020Sep29shuffle1_100000filtered,Control,"Sanguino-Gomez and Krugers, 2024",1,4,175,11250,22867,1.555555555555556,2.4788075880758811,"Yes, all 82 manuscript-cohort videos"
68.1,Animal_68_1DLC_resnet50_Freezing_07-2020Sep29shuffle1_100000filtered,Control,"Sanguino-Gomez and Krugers, 2024",1,4,78,11250,22867,0.69333333333333336,2.4788075880758811,"Yes, all 82 manuscript-cohort videos"
74.1,Animal_74_1DLC_resnet50_Freezing_07-2020Sep29shuffle1_100000filtered,Control,"Sanguino-Gomez and Krugers, 2024",1,4,161,11250,22867,1.431111111111111,2.4788075880758811,"Yes, all 82 manuscript-cohort videos"
80.3,Animal_80_3DLC_resnet50_Freezing_07-2020Sep29shuffle1_100000filtered,Control,"Sanguino-Gomez and Krugers, 2024",1,4,41,11250,22867,0.36444444444444452,2.4788075880758811,"Yes, all 82 manuscript-cohort videos"
15.4,Animal 15_4DLC_resnet50_Freezing_07-2020Sep29shuffle1_100000filtered,ELS,"Sanguino-Gomez and Krugers, 2024",1,4,374,11250,22867,3.324444444444445,2.4788075880758811,"Yes, all 82 manuscript-cohort videos"
15.6,Animal 15_6DLC_resnet50_Freezing_07-2020Sep29shuffle1_100000filtered,ELS,"Sanguino-Gomez and Krugers, 2024",1,4,399,11250,22867,3.5466666666666669,2.4788075880758811,"Yes, all 82 manuscript-cohort videos"
2.4,Animal 2_4DLC_resnet50_Freezing_07-2020Sep29shuffle1_100000filtered,ELS,"Sanguino-Gomez and Krugers, 2024",1,4,437,11250,22867,3.884444444444445,2.4788075880758811,"Yes, all 82 manuscript-cohort videos"
23.4,Animal 23_4DLC_resnet50_Freezing_07-2020Sep29shuffle1_100000filtered,ELS,"Sanguino-Gomez and Krugers, 2024",1,4,476,11250,22867,4.2311111111111108,2.4788075880758811,"Yes, all 82 manuscript-cohort videos"
25.1,Animal 25_1DLC_resnet50_Freezing_07-2020Sep29shuffle1_100000filtered,ELS,"Sanguino-Gomez and Krugers, 2024",1,4,383,11250,22867,3.4044444444444451,2.4788075880758811,"Yes, all 82 manuscript-cohort videos"
26.4,Animal 26_4DLC_resnet50_Freezing_07-2020Sep29shuffle1_100000filtered,ELS,"Sanguino-Gomez and Krugers, 2024",1,4,54,11250,22867,0.48,2.4788075880758811,"Yes, all 82 manuscript-cohort videos"
32.2,Animal 32_2DLC_resnet50_Freezing_07-2020Sep29shuffle1_100000filtered,ELS,"Sanguino-Gomez and Krugers, 2024",1,4,521,11250,22867,4.6311111111111112,2.4788075880758811,"Yes, all 82 manuscript-cohort videos"
32.4,Animal 32_4DLC_resnet50_Freezing_07-2020Sep29shuffle1_100000filtered,ELS,"Sanguino-Gomez and Krugers, 2024",1,4,553,11250,22867,4.9155555555555557,2.4788075880758811,"Yes, all 82 manuscript-cohort videos"
43.3,Animal_43_3DLC_resnet50_Freezing_07-2020Sep29shuffle1_100000filtered,ELS,"Sanguino-Gomez and Krugers, 2024",1,4,431,11250,22867,3.8311111111111109,2.4788075880758811,"Yes, all 82 manuscript-cohort videos"
43.5,Animal_43_5DLC_resnet50_Freezing_07-2020Sep29shuffle1_100000filtered,ELS,"Sanguino-Gomez and Krugers, 2024",1,4,98,11250,22867,0.87111111111111106,2.4788075880758811,"Yes, all 82 manuscript-cohort videos"
49.5,Animal_49_5DLC_resnet50_Freezing_07-2020Sep29shuffle1_100000filtered,ELS,"Sanguino-Gomez and Krugers, 2024",1,4,476,11250,22867,4.2311111111111108,2.4788075880758811,"Yes, all 82 manuscript-cohort videos"
49.6,Animal_49_6DLC_resnet50_Freezing_07-2020Sep29shuffle1_100000filtered,ELS,"Sanguino-Gomez and Krugers, 2024",1,4,97,11250,22867,0.86222222222222222,2.4788075880758811,"Yes, all 82 manuscript-cohort videos"
55.3,Animal_55_3DLC_resnet50_Freezing_07-2020Sep29shuffle1_100000filtered,ELS,"Sanguino-Gomez and Krugers, 2024",1,4,640,11250,22867,5.6888888888888891,2.4788075880758811,"Yes, all 82 manuscript-cohort videos"
55.5,Animal_55_5DLC_resnet50_Freezing_07-2020Sep29shuffle1_100000filtered,ELS,"Sanguino-Gomez and Krugers, 2024",1,4,396,11250,22867,3.52,2.4788075880758811,"Yes, all 82 manuscript-cohort videos"
56.3,Animal_56_3DLC_resnet50_Freezing_07-2020Sep29shuffle1_100000filtered,ELS,"Sanguino-Gomez and Krugers, 2024",1,4,200,11250,22867,1.7777777777777779,2.4788075880758811,"Yes, all 82 manuscript-cohort videos"
63.3,Animal_63_3DLC_resnet50_Freezing_07-2020Sep29shuffle1_100000filtered,ELS,"Sanguino-Gomez and Krugers, 2024",1,4,143,11250,22867,1.2711111111111111,2.4788075880758811,"Yes, all 82 manuscript-cohort videos"
69.1,Animal_69_1DLC_resnet50_Freezing_07-2020Sep29shuffle1_100000filtered,ELS,"Sanguino-Gomez and Krugers, 2024",1,4,134,11250,22867,1.191111111111111,2.4788075880758811,"Yes, all 82 manuscript-cohort videos"
69.2,Animal_69_2DLC_resnet50_Freezing_07-2020Sep29shuffle1_100000filtered,ELS,"Sanguino-Gomez and Krugers, 2024",1,4,140,11250,22867,1.244444444444444,2.4788075880758811,"Yes, all 82 manuscript-cohort videos"
69.3,Animal_69_3DLC_resnet50_Freezing_07-2020Sep29shuffle1_100000filtered,ELS,"Sanguino-Gomez and Krugers, 2024",1,4,204,11250,22867,1.813333333333333,2.4788075880758811,"Yes, all 82 manuscript-cohort videos"
69.5,Animal_69_5DLC_resnet50_Freezing_07-2020Sep29shuffle1_100000filtered,ELS,"Sanguino-Gomez and Krugers, 2024",1,4,280,11250,22867,2.4888888888888889,2.4788075880758811,"Yes, all 82 manuscript-cohort videos"
73.1,Animal_73_1DLC_resnet50_Freezing_07-2020Sep29shuffle1_100000filtered,ELS,"Sanguino-Gomez and Krugers, 2024",1,4,31,11250,22867,0.27555555555555561,2.4788075880758811,"Yes, all 82 manuscript-cohort videos"
73.4,Animal_73_4DLC_resnet50_Freezing_07-2020Sep29shuffle1_100000filtered,ELS,"Sanguino-Gomez and Krugers, 2024",1,4,35,11250,22867,0.31111111111111112,2.4788075880758811,"Yes, all 82 manuscript-cohort videos"
75.1,Animal_75_1DLC_resnet50_Freezing_07-2020Sep29shuffle1_100000filtered,ELS,"Sanguino-Gomez and Krugers, 2024",1,4,80,11250,22867,0.71111111111111114,2.4788075880758811,"Yes, all 82 manuscript-cohort videos"
88.2,Animal_88_2DLC_resnet50_Freezing_07-2020Sep29shuffle1_100000filtered,ELS,"Sanguino-Gomez and Krugers, 2024",1,4,67,11250,22867,0.59555555555555562,2.4788075880758811,"Yes, all 82 manuscript-cohort videos"
88.3,Animal_88_3DLC_resnet50_Freezing_07-2020Sep29shuffle1_100000filtered,ELS,"Sanguino-Gomez and Krugers, 2024",1,4,97,11250,22867,0.86222222222222222,2.4788075880758811,"Yes, all 82 manuscript-cohort videos"
129.1,Animal_129_1DLC_resnet50_Freezing_07-2020Sep29shuffle1_100000filtered,Control,"Sanguino-Gomez et al., 2024",3,4,66,11250,22867,0.58666666666666667,2.4788075880758811,"Yes, all 82 manuscript-cohort videos"
129.4,Animal_129_4DLC_resnet50_Freezing_07-2020Sep29shuffle1_100000filtered,Control,"Sanguino-Gomez et al., 2024",3,4,429,11250,22867,3.813333333333333,2.4788075880758811,"Yes, all 82 manuscript-cohort videos"
136.2,Animal_136_2DLC_resnet50_Freezing_07-2020Sep29shuffle1_100000filtered,Control,"Sanguino-Gomez et al., 2024",3,4,135,11250,22867,1.2,2.4788075880758811,"Yes, all 82 manuscript-cohort videos"
136.3,Animal_136_3DLC_resnet50_Freezing_07-2020Sep29shuffle1_100000filtered,Control,"Sanguino-Gomez et al., 2024",3,4,79,11250,22867,0.70222222222222219,2.4788075880758811,"Yes, all 82 manuscript-cohort videos"
136.5,Animal_136_5DLC_resnet50_Freezing_07-2020Sep29shuffle1_100000filtered,Control,"Sanguino-Gomez et al., 2024",3,4,46,11250,22867,0.40888888888888891,2.4788075880758811,"Yes, all 82 manuscript-cohort videos"
137.3,Animal_137_3DLC_resnet50_Freezing_07-2020Sep29shuffle1_100000filtered,Control,"Sanguino-Gomez et al., 2024",3,4,88,11250,22867,0.78222222222222215,2.4788075880758811,"Yes, all 82 manuscript-cohort videos"
145.5,Animal_145_5DLC_resnet50_Freezing_07-2020Sep29shuffle1_100000filtered,Control,"Sanguino-Gomez et al., 2024",3,4,237,11250,22867,2.1066666666666669,2.4788075880758811,"Yes, all 82 manuscript-cohort videos"
146.6,Animal_146_6DLC_resnet50_Freezing_07-2020Sep29shuffle1_100000filtered,Control,"Sanguino-Gomez et al., 2024",3,4,521,11250,22867,4.6311111111111112,2.4788075880758811,"Yes, all 82 manuscript-cohort videos"
147.4,Animal_147_4DLC_resnet50_Freezing_07-2020Sep29shuffle1_100000filtered,Control,"Sanguino-Gomez et al., 2024",3,4,616,11250,22867,5.4755555555555553,2.4788075880758811,"Yes, all 82 manuscript-cohort videos"
152.3,Animal_152_3DLC_resnet50_Freezing_07-2020Sep29shuffle1_100000filtered,Control,"Sanguino-Gomez et al., 2024",3,4,438,11250,22867,3.893333333333334,2.4788075880758811,"Yes, all 82 manuscript-cohort videos"
152.5,Animal_152_5DLC_resnet50_Freezing_07-2020Sep29shuffle1_100000filtered,Control,"Sanguino-Gomez et al., 2024",3,4,119,11250,22867,1.0577777777777779,2.4788075880758811,"Yes, all 82 manuscript-cohort videos"
157.1,Animal_157_1DLC_resnet50_Freezing_07-2020Sep29shuffle1_100000filtered,Control,"Sanguino-Gomez et al., 2024",3,4,613,11250,22867,5.4488888888888889,2.4788075880758811,"Yes, all 82 manuscript-cohort videos"
157.4,Animal_157_4DLC_resnet50_Freezing_07-2020Sep29shuffle1_100000filtered,Control,"Sanguino-Gomez et al., 2024",3,4,516,11250,22867,4.5866666666666669,2.4788075880758811,"Yes, all 82 manuscript-cohort videos"
158.5,Animal_158_5DLC_resnet50_Freezing_07-2020Sep29shuffle1_100000filtered,Control,"Sanguino-Gomez et al., 2024",3,4,227,11250,22867,2.0177777777777779,2.4788075880758811,"Yes, all 82 manuscript-cohort videos"
161.1,Animal_161_1DLC_resnet50_Freezing_07-2020Sep29shuffle1_100000filtered,Control,"Sanguino-Gomez et al., 2024",3,4,140,11250,22867,1.244444444444444,2.4788075880758811,"Yes, all 82 manuscript-cohort videos"
161.3,Animal_161_3DLC_resnet50_Freezing_07-2020Sep29shuffle1_100000filtered,Control,"Sanguino-Gomez et al., 2024",3,4,300,11250,22867,2.666666666666667,2.4788075880758811,"Yes, all 82 manuscript-cohort videos"
123.1,Animal_123_1DLC_resnet50_Freezing_07-2020Sep29shuffle1_100000filtered,ELS,"Sanguino-Gomez et al., 2024",3,4,331,11250,22867,2.9422222222222221,2.4788075880758811,"Yes, all 82 manuscript-cohort videos"
123.3,Animal_123_3DLC_resnet50_Freezing_07-2020Sep29shuffle1_100000filtered,ELS,"Sanguino-Gomez et al., 2024",3,4,391,11250,22867,3.4755555555555548,2.4788075880758811,"Yes, all 82 manuscript-cohort videos"
128.4,Animal_128_4DLC_resnet50_Freezing_07-2020Sep29shuffle1_100000filtered,ELS,"Sanguino-Gomez et al., 2024",3,4,27,11250,22867,0.24,2.4788075880758811,"Yes, all 82 manuscript-cohort videos"
133.3,Animal_133_3DLC_resnet50_Freezing_07-2020Sep29shuffle1_100000filtered,ELS,"Sanguino-Gomez et al., 2024",3,4,45,11250,22867,0.4,2.4788075880758811,"Yes, all 82 manuscript-cohort videos"
134.2,Animal_134_2DLC_resnet50_Freezing_07-2020Sep29shuffle1_100000filtered,ELS,"Sanguino-Gomez et al., 2024",3,4,271,11250,22867,2.4088888888888889,2.4788075880758811,"Yes, all 82 manuscript-cohort videos"
134.4,Animal_134_4DLC_resnet50_Freezing_07-2020Sep29shuffle1_100000filtered,ELS,"Sanguino-Gomez et al., 2024",3,4,52,11250,22867,0.4622222222222222,2.4788075880758811,"Yes, all 82 manuscript-cohort videos"
144.3,Animal_144_3DLC_resnet50_Freezing_07-2020Sep29shuffle1_100000filtered,ELS,"Sanguino-Gomez et al., 2024",3,4,94,11250,22867,0.8355555555555555,2.4788075880758811,"Yes, all 82 manuscript-cohort videos"
144.5,Animal_144_5DLC_resnet50_Freezing_07-2020Sep29shuffle1_100000filtered,ELS,"Sanguino-Gomez et al., 2024",3,4,50,11250,22867,0.44444444444444442,2.4788075880758811,"Yes, all 82 manuscript-cohort videos"
148.4,Animal_148_4DLC_resnet50_Freezing_07-2020Sep29shuffle1_100000filtered,ELS,"Sanguino-Gomez et al., 2024",3,4,200,11250,22867,1.7777777777777779,2.4788075880758811,"Yes, all 82 manuscript-cohort videos"
150.3,Animal_150_3DLC_resnet50_Freezing_07-2020Sep29shuffle1_100000filtered,ELS,"Sanguino-Gomez et al., 2024",3,4,11,11250,22867,9.7777777777777769E-2,2.4788075880758811,"Yes, all 82 manuscript-cohort videos"
150.5,Animal_150_5DLC_resnet50_Freezing_07-2020Sep29shuffle1_100000filtered,ELS,"Sanguino-Gomez et al., 2024",3,4,134,11250,22867,1.191111111111111,2.4788075880758811,"Yes, all 82 manuscript-cohort videos"
153.4,Animal_153_4DLC_resnet50_Freezing_07-2020Sep29shuffle1_100000filtered,ELS,"Sanguino-Gomez et al., 2024",3,4,144,11250,22867,1.28,2.4788075880758811,"Yes, all 82 manuscript-cohort videos"
154.4,Animal_154_4DLC_resnet50_Freezing_07-2020Sep29shuffle1_100000filtered,ELS,"Sanguino-Gomez et al., 2024",3,4,375,11250,22867,3.333333333333333,2.4788075880758811,"Yes, all 82 manuscript-cohort videos"
159.3,Animal_159_3DLC_resnet50_Freezing_07-2020Sep29shuffle1_100000filtered,ELS,"Sanguino-Gomez et al., 2024",3,4,31,11250,22867,0.27555555555555561,2.4788075880758811,"Yes, all 82 manuscript-cohort videos"
159.4,Animal_159_4DLC_resnet50_Freezing_07-2020Sep29shuffle1_100000filtered,ELS,"Sanguino-Gomez et al., 2024",3,4,81,11250,22867,0.72,2.4788075880758811,"Yes, all 82 manuscript-cohort videos"
159.5,Animal_159_5DLC_resnet50_Freezing_07-2020Sep29shuffle1_100000filtered,ELS,"Sanguino-Gomez et al., 2024",3,4,65,11250,22867,0.57777777777777772,2.4788075880758811,"Yes, all 82 manuscript-cohort videos"
11.4,Animal 11_4DLC_resnet50_Freezing_07-2020Sep29shuffle1_100000filtered,Control,"Sanguino-Gomez and Krugers, 2024",1,5,1088,11250,52333,9.6711111111111112,5.6729539295392959,"Yes, all 82 manuscript-cohort videos"
11.6,Animal 11_6DLC_resnet50_Freezing_07-2020Sep29shuffle1_100000filtered,Control,"Sanguino-Gomez and Krugers, 2024",1,5,421,11250,52333,3.7422222222222219,5.6729539295392959,"Yes, all 82 manuscript-cohort videos"
34.4,Animal 34_4DLC_resnet50_Freezing_07-2020Sep29shuffle1_100000filtered,Control,"Sanguino-Gomez and Krugers, 2024",1,5,921,11250,52333,8.1866666666666674,5.6729539295392959,"Yes, all 82 manuscript-cohort videos"
34.5,Animal 34_5DLC_resnet50_Freezing_07-2020Sep29shuffle1_100000filtered,Control,"Sanguino-Gomez and Krugers, 2024",1,5,872,11250,52333,7.7511111111111113,5.6729539295392959,"Yes, all 82 manuscript-cohort videos"
40.4,Animal_40_4DLC_resnet50_Freezing_07-2020Sep29shuffle1_100000filtered,Control,"Sanguino-Gomez and Krugers, 2024",1,5,845,11250,52333,7.5111111111111111,5.6729539295392959,"Yes, all 82 manuscript-cohort videos"
40.6,Animal_40_6DLC_resnet50_Freezing_07-2020Sep29shuffle1_100000filtered,Control,"Sanguino-Gomez and Krugers, 2024",1,5,853,11250,52333,7.5822222222222218,5.6729539295392959,"Yes, all 82 manuscript-cohort videos"
41.4,Animal_41_4DLC_resnet50_Freezing_07-2020Sep29shuffle1_100000filtered,Control,"Sanguino-Gomez and Krugers, 2024",1,5,658,11250,52333,5.8488888888888892,5.6729539295392959,"Yes, all 82 manuscript-cohort videos"
41.5,Animal_41_5DLC_resnet50_Freezing_07-2020Sep29shuffle1_100000filtered,Control,"Sanguino-Gomez and Krugers, 2024",1,5,609,11250,52333,5.4133333333333331,5.6729539295392959,"Yes, all 82 manuscript-cohort videos"
41.6,Animal_41_6DLC_resnet50_Freezing_07-2020Sep29shuffle1_100000filtered,Control,"Sanguino-Gomez and Krugers, 2024",1,5,726,11250,52333,6.4533333333333331,5.6729539295392959,"Yes, all 82 manuscript-cohort videos"
47.5,Animal_47_5DLC_resnet50_Freezing_07-2020Sep29shuffle1_100000filtered,Control,"Sanguino-Gomez and Krugers, 2024",1,5,878,11250,52333,7.8044444444444441,5.6729539295392959,"Yes, all 82 manuscript-cohort videos"
5.4,Animal 5_4DLC_resnet50_Freezing_07-2020Sep29shuffle1_100000filtered,Control,"Sanguino-Gomez and Krugers, 2024",1,5,271,11250,52333,2.4088888888888889,5.6729539295392959,"Yes, all 82 manuscript-cohort videos"
50.5,Animal_50_5DLC_resnet50_Freezing_07-2020Sep29shuffle1_100000filtered,Control,"Sanguino-Gomez and Krugers, 2024",1,5,242,11250,52333,2.1511111111111112,5.6729539295392959,"Yes, all 82 manuscript-cohort videos"
53.5,Animal_53_5DLC_resnet50_Freezing_07-2020Sep29shuffle1_100000filtered,Control,"Sanguino-Gomez and Krugers, 2024",1,5,659,11250,52333,5.8577777777777778,5.6729539295392959,"Yes, all 82 manuscript-cohort videos"
54.3,Animal_54_3DLC_resnet50_Freezing_07-2020Sep29shuffle1_100000filtered,Control,"Sanguino-Gomez and Krugers, 2024",1,5,882,11250,52333,7.84,5.6729539295392959,"Yes, all 82 manuscript-cohort videos"
54.4,Animal_54_4DLC_resnet50_Freezing_07-2020Sep29shuffle1_100000filtered,Control,"Sanguino-Gomez and Krugers, 2024",1,5,474,11250,52333,4.2133333333333338,5.6729539295392959,"Yes, all 82 manuscript-cohort videos"
54.6,Animal_54_6DLC_resnet50_Freezing_07-2020Sep29shuffle1_100000filtered,Control,"Sanguino-Gomez and Krugers, 2024",1,5,1053,11250,52333,9.36,5.6729539295392959,"Yes, all 82 manuscript-cohort videos"
58.5,Animal_58_5DLC_resnet50_Freezing_07-2020Sep29shuffle1_100000filtered,Control,"Sanguino-Gomez and Krugers, 2024",1,5,443,11250,52333,3.9377777777777769,5.6729539295392959,"Yes, all 82 manuscript-cohort videos"
62.1,Animal_62_1DLC_resnet50_Freezing_07-2020Sep29shuffle1_100000filtered,Control,"Sanguino-Gomez and Krugers, 2024",1,5,931,11250,52333,8.275555555555556,5.6729539295392959,"Yes, all 82 manuscript-cohort videos"
62.2,Animal_62_2DLC_resnet50_Freezing_07-2020Sep29shuffle1_100000filtered,Control,"Sanguino-Gomez and Krugers, 2024",1,5,685,11250,52333,6.0888888888888886,5.6729539295392959,"Yes, all 82 manuscript-cohort videos"
62.3,Animal_62_3DLC_resnet50_Freezing_07-2020Sep29shuffle1_100000filtered,Control,"Sanguino-Gomez and Krugers, 2024",1,5,967,11250,52333,8.5955555555555545,5.6729539295392959,"Yes, all 82 manuscript-cohort videos"
62.4,Animal_62_4DLC_resnet50_Freezing_07-2020Sep29shuffle1_100000filtered,Control,"Sanguino-Gomez and Krugers, 2024",1,5,570,11250,52333,5.0666666666666664,5.6729539295392959,"Yes, all 82 manuscript-cohort videos"
62.5,Animal_62_5DLC_resnet50_Freezing_07-2020Sep29shuffle1_100000filtered,Control,"Sanguino-Gomez and Krugers, 2024",1,5,688,11250,52333,6.115555555555555,5.6729539295392959,"Yes, all 82 manuscript-cohort videos"
68.1,Animal_68_1DLC_resnet50_Freezing_07-2020Sep29shuffle1_100000filtered,Control,"Sanguino-Gomez and Krugers, 2024",1,5,622,11250,52333,5.528888888888889,5.6729539295392959,"Yes, all 82 manuscript-cohort videos"
74.1,Animal_74_1DLC_resnet50_Freezing_07-2020Sep29shuffle1_100000filtered,Control,"Sanguino-Gomez and Krugers, 2024",1,5,640,11250,52333,5.6888888888888891,5.6729539295392959,"Yes, all 82 manuscript-cohort videos"
80.3,Animal_80_3DLC_resnet50_Freezing_07-2020Sep29shuffle1_100000filtered,Control,"Sanguino-Gomez and Krugers, 2024",1,5,1078,11250,52333,9.5822222222222226,5.6729539295392959,"Yes, all 82 manuscript-cohort videos"
15.4,Animal 15_4DLC_resnet50_Freezing_07-2020Sep29shuffle1_100000filtered,ELS,"Sanguino-Gomez and Krugers, 2024",1,5,340,11250,52333,3.0222222222222221,5.6729539295392959,"Yes, all 82 manuscript-cohort videos"
15.6,Animal 15_6DLC_resnet50_Freezing_07-2020Sep29shuffle1_100000filtered,ELS,"Sanguino-Gomez and Krugers, 2024",1,5,578,11250,52333,5.137777777777778,5.6729539295392959,"Yes, all 82 manuscript-cohort videos"
2.4,Animal 2_4DLC_resnet50_Freezing_07-2020Sep29shuffle1_100000filtered,ELS,"Sanguino-Gomez and Krugers, 2024",1,5,836,11250,52333,7.431111111111111,5.6729539295392959,"Yes, all 82 manuscript-cohort videos"
23.4,Animal 23_4DLC_resnet50_Freezing_07-2020Sep29shuffle1_100000filtered,ELS,"Sanguino-Gomez and Krugers, 2024",1,5,1406,11250,52333,12.497777777777779,5.6729539295392959,"Yes, all 82 manuscript-cohort videos"
25.1,Animal 25_1DLC_resnet50_Freezing_07-2020Sep29shuffle1_100000filtered,ELS,"Sanguino-Gomez and Krugers, 2024",1,5,567,11250,52333,5.04,5.6729539295392959,"Yes, all 82 manuscript-cohort videos"
26.4,Animal 26_4DLC_resnet50_Freezing_07-2020Sep29shuffle1_100000filtered,ELS,"Sanguino-Gomez and Krugers, 2024",1,5,554,11250,52333,4.9244444444444442,5.6729539295392959,"Yes, all 82 manuscript-cohort videos"
32.2,Animal 32_2DLC_resnet50_Freezing_07-2020Sep29shuffle1_100000filtered,ELS,"Sanguino-Gomez and Krugers, 2024",1,5,678,11250,52333,6.0266666666666673,5.6729539295392959,"Yes, all 82 manuscript-cohort videos"
32.4,Animal 32_4DLC_resnet50_Freezing_07-2020Sep29shuffle1_100000filtered,ELS,"Sanguino-Gomez and Krugers, 2024",1,5,218,11250,52333,1.937777777777778,5.6729539295392959,"Yes, all 82 manuscript-cohort videos"
43.3,Animal_43_3DLC_resnet50_Freezing_07-2020Sep29shuffle1_100000filtered,ELS,"Sanguino-Gomez and Krugers, 2024",1,5,946,11250,52333,8.4088888888888889,5.6729539295392959,"Yes, all 82 manuscript-cohort videos"
43.5,Animal_43_5DLC_resnet50_Freezing_07-2020Sep29shuffle1_100000filtered,ELS,"Sanguino-Gomez and Krugers, 2024",1,5,679,11250,52333,6.0355555555555558,5.6729539295392959,"Yes, all 82 manuscript-cohort videos"
49.5,Animal_49_5DLC_resnet50_Freezing_07-2020Sep29shuffle1_100000filtered,ELS,"Sanguino-Gomez and Krugers, 2024",1,5,652,11250,52333,5.7955555555555556,5.6729539295392959,"Yes, all 82 manuscript-cohort videos"
49.6,Animal_49_6DLC_resnet50_Freezing_07-2020Sep29shuffle1_100000filtered,ELS,"Sanguino-Gomez and Krugers, 2024",1,5,617,11250,52333,5.4844444444444447,5.6729539295392959,"Yes, all 82 manuscript-cohort videos"
55.3,Animal_55_3DLC_resnet50_Freezing_07-2020Sep29shuffle1_100000filtered,ELS,"Sanguino-Gomez and Krugers, 2024",1,5,929,11250,52333,8.2577777777777772,5.6729539295392959,"Yes, all 82 manuscript-cohort videos"
55.5,Animal_55_5DLC_resnet50_Freezing_07-2020Sep29shuffle1_100000filtered,ELS,"Sanguino-Gomez and Krugers, 2024",1,5,869,11250,52333,7.7244444444444449,5.6729539295392959,"Yes, all 82 manuscript-cohort videos"
56.3,Animal_56_3DLC_resnet50_Freezing_07-2020Sep29shuffle1_100000filtered,ELS,"Sanguino-Gomez and Krugers, 2024",1,5,910,11250,52333,8.0888888888888886,5.6729539295392959,"Yes, all 82 manuscript-cohort videos"
63.3,Animal_63_3DLC_resnet50_Freezing_07-2020Sep29shuffle1_100000filtered,ELS,"Sanguino-Gomez and Krugers, 2024",1,5,516,11250,52333,4.5866666666666669,5.6729539295392959,"Yes, all 82 manuscript-cohort videos"
69.1,Animal_69_1DLC_resnet50_Freezing_07-2020Sep29shuffle1_100000filtered,ELS,"Sanguino-Gomez and Krugers, 2024",1,5,966,11250,52333,8.586666666666666,5.6729539295392959,"Yes, all 82 manuscript-cohort videos"
69.2,Animal_69_2DLC_resnet50_Freezing_07-2020Sep29shuffle1_100000filtered,ELS,"Sanguino-Gomez and Krugers, 2024",1,5,889,11250,52333,7.9022222222222211,5.6729539295392959,"Yes, all 82 manuscript-cohort videos"
69.3,Animal_69_3DLC_resnet50_Freezing_07-2020Sep29shuffle1_100000filtered,ELS,"Sanguino-Gomez and Krugers, 2024",1,5,494,11250,52333,4.391111111111111,5.6729539295392959,"Yes, all 82 manuscript-cohort videos"
69.5,Animal_69_5DLC_resnet50_Freezing_07-2020Sep29shuffle1_100000filtered,ELS,"Sanguino-Gomez and Krugers, 2024",1,5,1098,11250,52333,9.76,5.6729539295392959,"Yes, all 82 manuscript-cohort videos"
73.1,Animal_73_1DLC_resnet50_Freezing_07-2020Sep29shuffle1_100000filtered,ELS,"Sanguino-Gomez and Krugers, 2024",1,5,187,11250,52333,1.662222222222222,5.6729539295392959,"Yes, all 82 manuscript-cohort videos"
73.4,Animal_73_4DLC_resnet50_Freezing_07-2020Sep29shuffle1_100000filtered,ELS,"Sanguino-Gomez and Krugers, 2024",1,5,461,11250,52333,4.097777777777778,5.6729539295392959,"Yes, all 82 manuscript-cohort videos"
75.1,Animal_75_1DLC_resnet50_Freezing_07-2020Sep29shuffle1_100000filtered,ELS,"Sanguino-Gomez and Krugers, 2024",1,5,728,11250,52333,6.471111111111111,5.6729539295392959,"Yes, all 82 manuscript-cohort videos"
88.2,Animal_88_2DLC_resnet50_Freezing_07-2020Sep29shuffle1_100000filtered,ELS,"Sanguino-Gomez and Krugers, 2024",1,5,339,11250,52333,3.0133333333333341,5.6729539295392959,"Yes, all 82 manuscript-cohort videos"
88.3,Animal_88_3DLC_resnet50_Freezing_07-2020Sep29shuffle1_100000filtered,ELS,"Sanguino-Gomez and Krugers, 2024",1,5,782,11250,52333,6.9511111111111106,5.6729539295392959,"Yes, all 82 manuscript-cohort videos"
129.1,Animal_129_1DLC_resnet50_Freezing_07-2020Sep29shuffle1_100000filtered,Control,"Sanguino-Gomez et al., 2024",3,5,59,11250,52333,0.52444444444444449,5.6729539295392959,"Yes, all 82 manuscript-cohort videos"
129.4,Animal_129_4DLC_resnet50_Freezing_07-2020Sep29shuffle1_100000filtered,Control,"Sanguino-Gomez et al., 2024",3,5,19,11250,52333,0.16888888888888889,5.6729539295392959,"Yes, all 82 manuscript-cohort videos"
136.2,Animal_136_2DLC_resnet50_Freezing_07-2020Sep29shuffle1_100000filtered,Control,"Sanguino-Gomez et al., 2024",3,5,44,11250,52333,0.39111111111111108,5.6729539295392959,"Yes, all 82 manuscript-cohort videos"
136.3,Animal_136_3DLC_resnet50_Freezing_07-2020Sep29shuffle1_100000filtered,Control,"Sanguino-Gomez et al., 2024",3,5,86,11250,52333,0.76444444444444437,5.6729539295392959,"Yes, all 82 manuscript-cohort videos"
136.5,Animal_136_5DLC_resnet50_Freezing_07-2020Sep29shuffle1_100000filtered,Control,"Sanguino-Gomez et al., 2024",3,5,55,11250,52333,0.48888888888888887,5.6729539295392959,"Yes, all 82 manuscript-cohort videos"
137.3,Animal_137_3DLC_resnet50_Freezing_07-2020Sep29shuffle1_100000filtered,Control,"Sanguino-Gomez et al., 2024",3,5,266,11250,52333,2.364444444444445,5.6729539295392959,"Yes, all 82 manuscript-cohort videos"
145.5,Animal_145_5DLC_resnet50_Freezing_07-2020Sep29shuffle1_100000filtered,Control,"Sanguino-Gomez et al., 2024",3,5,1472,11250,52333,13.084444444444451,5.6729539295392959,"Yes, all 82 manuscript-cohort videos"
146.6,Animal_146_6DLC_resnet50_Freezing_07-2020Sep29shuffle1_100000filtered,Control,"Sanguino-Gomez et al., 2024",3,5,1002,11250,52333,8.9066666666666663,5.6729539295392959,"Yes, all 82 manuscript-cohort videos"
147.4,Animal_147_4DLC_resnet50_Freezing_07-2020Sep29shuffle1_100000filtered,Control,"Sanguino-Gomez et al., 2024",3,5,1548,11250,52333,13.76,5.6729539295392959,"Yes, all 82 manuscript-cohort videos"
152.3,Animal_152_3DLC_resnet50_Freezing_07-2020Sep29shuffle1_100000filtered,Control,"Sanguino-Gomez et al., 2024",3,5,1151,11250,52333,10.23111111111111,5.6729539295392959,"Yes, all 82 manuscript-cohort videos"
152.5,Animal_152_5DLC_resnet50_Freezing_07-2020Sep29shuffle1_100000filtered,Control,"Sanguino-Gomez et al., 2024",3,5,1367,11250,52333,12.15111111111111,5.6729539295392959,"Yes, all 82 manuscript-cohort videos"
157.1,Animal_157_1DLC_resnet50_Freezing_07-2020Sep29shuffle1_100000filtered,Control,"Sanguino-Gomez et al., 2024",3,5,431,11250,52333,3.8311111111111109,5.6729539295392959,"Yes, all 82 manuscript-cohort videos"
157.4,Animal_157_4DLC_resnet50_Freezing_07-2020Sep29shuffle1_100000filtered,Control,"Sanguino-Gomez et al., 2024",3,5,788,11250,52333,7.0044444444444451,5.6729539295392959,"Yes, all 82 manuscript-cohort videos"
158.5,Animal_158_5DLC_resnet50_Freezing_07-2020Sep29shuffle1_100000filtered,Control,"Sanguino-Gomez et al., 2024",3,5,571,11250,52333,5.0755555555555549,5.6729539295392959,"Yes, all 82 manuscript-cohort videos"
161.1,Animal_161_1DLC_resnet50_Freezing_07-2020Sep29shuffle1_100000filtered,Control,"Sanguino-Gomez et al., 2024",3,5,583,11250,52333,5.1822222222222223,5.6729539295392959,"Yes, all 82 manuscript-cohort videos"
161.3,Animal_161_3DLC_resnet50_Freezing_07-2020Sep29shuffle1_100000filtered,Control,"Sanguino-Gomez et al., 2024",3,5,629,11250,52333,5.5911111111111111,5.6729539295392959,"Yes, all 82 manuscript-cohort videos"
123.1,Animal_123_1DLC_resnet50_Freezing_07-2020Sep29shuffle1_100000filtered,ELS,"Sanguino-Gomez et al., 2024",3,5,141,11250,52333,1.253333333333333,5.6729539295392959,"Yes, all 82 manuscript-cohort videos"
123.3,Animal_123_3DLC_resnet50_Freezing_07-2020Sep29shuffle1_100000filtered,ELS,"Sanguino-Gomez et al., 2024",3,5,795,11250,52333,7.0666666666666673,5.6729539295392959,"Yes, all 82 manuscript-cohort videos"
128.4,Animal_128_4DLC_resnet50_Freezing_07-2020Sep29shuffle1_100000filtered,ELS,"Sanguino-Gomez et al., 2024",3,5,100,11250,52333,0.88888888888888884,5.6729539295392959,"Yes, all 82 manuscript-cohort videos"
133.3,Animal_133_3DLC_resnet50_Freezing_07-2020Sep29shuffle1_100000filtered,ELS,"Sanguino-Gomez et al., 2024",3,5,409,11250,52333,3.6355555555555559,5.6729539295392959,"Yes, all 82 manuscript-cohort videos"
134.2,Animal_134_2DLC_resnet50_Freezing_07-2020Sep29shuffle1_100000filtered,ELS,"Sanguino-Gomez et al., 2024",3,5,811,11250,52333,7.2088888888888887,5.6729539295392959,"Yes, all 82 manuscript-cohort videos"
134.4,Animal_134_4DLC_resnet50_Freezing_07-2020Sep29shuffle1_100000filtered,ELS,"Sanguino-Gomez et al., 2024",3,5,763,11250,52333,6.7822222222222228,5.6729539295392959,"Yes, all 82 manuscript-cohort videos"
144.3,Animal_144_3DLC_resnet50_Freezing_07-2020Sep29shuffle1_100000filtered,ELS,"Sanguino-Gomez et al., 2024",3,5,397,11250,52333,3.528888888888889,5.6729539295392959,"Yes, all 82 manuscript-cohort videos"
144.5,Animal_144_5DLC_resnet50_Freezing_07-2020Sep29shuffle1_100000filtered,ELS,"Sanguino-Gomez et al., 2024",3,5,238,11250,52333,2.115555555555555,5.6729539295392959,"Yes, all 82 manuscript-cohort videos"
148.4,Animal_148_4DLC_resnet50_Freezing_07-2020Sep29shuffle1_100000filtered,ELS,"Sanguino-Gomez et al., 2024",3,5,1338,11250,52333,11.893333333333331,5.6729539295392959,"Yes, all 82 manuscript-cohort videos"
150.3,Animal_150_3DLC_resnet50_Freezing_07-2020Sep29shuffle1_100000filtered,ELS,"Sanguino-Gomez et al., 2024",3,5,128,11250,52333,1.137777777777778,5.6729539295392959,"Yes, all 82 manuscript-cohort videos"
150.5,Animal_150_5DLC_resnet50_Freezing_07-2020Sep29shuffle1_100000filtered,ELS,"Sanguino-Gomez et al., 2024",3,5,362,11250,52333,3.2177777777777781,5.6729539295392959,"Yes, all 82 manuscript-cohort videos"
153.4,Animal_153_4DLC_resnet50_Freezing_07-2020Sep29shuffle1_100000filtered,ELS,"Sanguino-Gomez et al., 2024",3,5,526,11250,52333,4.6755555555555546,5.6729539295392959,"Yes, all 82 manuscript-cohort videos"
154.4,Animal_154_4DLC_resnet50_Freezing_07-2020Sep29shuffle1_100000filtered,ELS,"Sanguino-Gomez et al., 2024",3,5,845,11250,52333,7.5111111111111111,5.6729539295392959,"Yes, all 82 manuscript-cohort videos"
159.3,Animal_159_3DLC_resnet50_Freezing_07-2020Sep29shuffle1_100000filtered,ELS,"Sanguino-Gomez et al., 2024",3,5,42,11250,52333,0.37333333333333341,5.6729539295392959,"Yes, all 82 manuscript-cohort videos"
159.4,Animal_159_4DLC_resnet50_Freezing_07-2020Sep29shuffle1_100000filtered,ELS,"Sanguino-Gomez et al., 2024",3,5,10,11250,52333,8.8888888888888892E-2,5.6729539295392959,"Yes, all 82 manuscript-cohort videos"
159.5,Animal_159_5DLC_resnet50_Freezing_07-2020Sep29shuffle1_100000filtered,ELS,"Sanguino-Gomez et al., 2024",3,5,42,11250,52333,0.37333333333333341,5.6729539295392959,"Yes, all 82 manuscript-cohort videos"
11.4,Animal 11_4DLC_resnet50_Freezing_07-2020Sep29shuffle1_100000filtered,Control,"Sanguino-Gomez and Krugers, 2024",1,6,693,11250,67338,6.16,7.2995121951219506,"Yes, all 82 manuscript-cohort videos"
11.6,Animal 11_6DLC_resnet50_Freezing_07-2020Sep29shuffle1_100000filtered,Control,"Sanguino-Gomez and Krugers, 2024",1,6,531,11250,67338,4.72,7.2995121951219506,"Yes, all 82 manuscript-cohort videos"
34.4,Animal 34_4DLC_resnet50_Freezing_07-2020Sep29shuffle1_100000filtered,Control,"Sanguino-Gomez and Krugers, 2024",1,6,543,11250,67338,4.8266666666666662,7.2995121951219506,"Yes, all 82 manuscript-cohort videos"
34.5,Animal 34_5DLC_resnet50_Freezing_07-2020Sep29shuffle1_100000filtered,Control,"Sanguino-Gomez and Krugers, 2024",1,6,103,11250,67338,0.91555555555555557,7.2995121951219506,"Yes, all 82 manuscript-cohort videos"
40.4,Animal_40_4DLC_resnet50_Freezing_07-2020Sep29shuffle1_100000filtered,Control,"Sanguino-Gomez and Krugers, 2024",1,6,49,11250,67338,0.43555555555555547,7.2995121951219506,"Yes, all 82 manuscript-cohort videos"
40.6,Animal_40_6DLC_resnet50_Freezing_07-2020Sep29shuffle1_100000filtered,Control,"Sanguino-Gomez and Krugers, 2024",1,6,307,11250,67338,2.7288888888888891,7.2995121951219506,"Yes, all 82 manuscript-cohort videos"
41.4,Animal_41_4DLC_resnet50_Freezing_07-2020Sep29shuffle1_100000filtered,Control,"Sanguino-Gomez and Krugers, 2024",1,6,107,11250,67338,0.95111111111111113,7.2995121951219506,"Yes, all 82 manuscript-cohort videos"
41.5,Animal_41_5DLC_resnet50_Freezing_07-2020Sep29shuffle1_100000filtered,Control,"Sanguino-Gomez and Krugers, 2024",1,6,234,11250,67338,2.08,7.2995121951219506,"Yes, all 82 manuscript-cohort videos"
41.6,Animal_41_6DLC_resnet50_Freezing_07-2020Sep29shuffle1_100000filtered,Control,"Sanguino-Gomez and Krugers, 2024",1,6,281,11250,67338,2.4977777777777779,7.2995121951219506,"Yes, all 82 manuscript-cohort videos"
47.5,Animal_47_5DLC_resnet50_Freezing_07-2020Sep29shuffle1_100000filtered,Control,"Sanguino-Gomez and Krugers, 2024",1,6,234,11250,67338,2.08,7.2995121951219506,"Yes, all 82 manuscript-cohort videos"
5.4,Animal 5_4DLC_resnet50_Freezing_07-2020Sep29shuffle1_100000filtered,Control,"Sanguino-Gomez and Krugers, 2024",1,6,678,11250,67338,6.0266666666666673,7.2995121951219506,"Yes, all 82 manuscript-cohort videos"
50.5,Animal_50_5DLC_resnet50_Freezing_07-2020Sep29shuffle1_100000filtered,Control,"Sanguino-Gomez and Krugers, 2024",1,6,282,11250,67338,2.5066666666666668,7.2995121951219506,"Yes, all 82 manuscript-cohort videos"
53.5,Animal_53_5DLC_resnet50_Freezing_07-2020Sep29shuffle1_100000filtered,Control,"Sanguino-Gomez and Krugers, 2024",1,6,230,11250,67338,2.0444444444444452,7.2995121951219506,"Yes, all 82 manuscript-cohort videos"
54.3,Animal_54_3DLC_resnet50_Freezing_07-2020Sep29shuffle1_100000filtered,Control,"Sanguino-Gomez and Krugers, 2024",1,6,216,11250,67338,1.92,7.2995121951219506,"Yes, all 82 manuscript-cohort videos"
54.4,Animal_54_4DLC_resnet50_Freezing_07-2020Sep29shuffle1_100000filtered,Control,"Sanguino-Gomez and Krugers, 2024",1,6,505,11250,67338,4.4888888888888889,7.2995121951219506,"Yes, all 82 manuscript-cohort videos"
54.6,Animal_54_6DLC_resnet50_Freezing_07-2020Sep29shuffle1_100000filtered,Control,"Sanguino-Gomez and Krugers, 2024",1,6,428,11250,67338,3.804444444444445,7.2995121951219506,"Yes, all 82 manuscript-cohort videos"
58.5,Animal_58_5DLC_resnet50_Freezing_07-2020Sep29shuffle1_100000filtered,Control,"Sanguino-Gomez and Krugers, 2024",1,6,200,11250,67338,1.7777777777777779,7.2995121951219506,"Yes, all 82 manuscript-cohort videos"
62.1,Animal_62_1DLC_resnet50_Freezing_07-2020Sep29shuffle1_100000filtered,Control,"Sanguino-Gomez and Krugers, 2024",1,6,140,11250,67338,1.244444444444444,7.2995121951219506,"Yes, all 82 manuscript-cohort videos"
62.2,Animal_62_2DLC_resnet50_Freezing_07-2020Sep29shuffle1_100000filtered,Control,"Sanguino-Gomez and Krugers, 2024",1,6,573,11250,67338,5.0933333333333328,7.2995121951219506,"Yes, all 82 manuscript-cohort videos"
62.3,Animal_62_3DLC_resnet50_Freezing_07-2020Sep29shuffle1_100000filtered,Control,"Sanguino-Gomez and Krugers, 2024",1,6,337,11250,67338,2.9955555555555549,7.2995121951219506,"Yes, all 82 manuscript-cohort videos"
62.4,Animal_62_4DLC_resnet50_Freezing_07-2020Sep29shuffle1_100000filtered,Control,"Sanguino-Gomez and Krugers, 2024",1,6,315,11250,67338,2.8,7.2995121951219506,"Yes, all 82 manuscript-cohort videos"
62.5,Animal_62_5DLC_resnet50_Freezing_07-2020Sep29shuffle1_100000filtered,Control,"Sanguino-Gomez and Krugers, 2024",1,6,324,11250,67338,2.88,7.2995121951219506,"Yes, all 82 manuscript-cohort videos"
68.1,Animal_68_1DLC_resnet50_Freezing_07-2020Sep29shuffle1_100000filtered,Control,"Sanguino-Gomez and Krugers, 2024",1,6,498,11250,67338,4.4266666666666667,7.2995121951219506,"Yes, all 82 manuscript-cohort videos"
74.1,Animal_74_1DLC_resnet50_Freezing_07-2020Sep29shuffle1_100000filtered,Control,"Sanguino-Gomez and Krugers, 2024",1,6,1282,11250,67338,11.395555555555561,7.2995121951219506,"Yes, all 82 manuscript-cohort videos"
80.3,Animal_80_3DLC_resnet50_Freezing_07-2020Sep29shuffle1_100000filtered,Control,"Sanguino-Gomez and Krugers, 2024",1,6,760,11250,67338,6.7555555555555546,7.2995121951219506,"Yes, all 82 manuscript-cohort videos"
15.4,Animal 15_4DLC_resnet50_Freezing_07-2020Sep29shuffle1_100000filtered,ELS,"Sanguino-Gomez and Krugers, 2024",1,6,518,11250,67338,4.6044444444444448,7.2995121951219506,"Yes, all 82 manuscript-cohort videos"
15.6,Animal 15_6DLC_resnet50_Freezing_07-2020Sep29shuffle1_100000filtered,ELS,"Sanguino-Gomez and Krugers, 2024",1,6,701,11250,67338,6.2311111111111108,7.2995121951219506,"Yes, all 82 manuscript-cohort videos"
2.4,Animal 2_4DLC_resnet50_Freezing_07-2020Sep29shuffle1_100000filtered,ELS,"Sanguino-Gomez and Krugers, 2024",1,6,1045,11250,67338,9.2888888888888879,7.2995121951219506,"Yes, all 82 manuscript-cohort videos"
23.4,Animal 23_4DLC_resnet50_Freezing_07-2020Sep29shuffle1_100000filtered,ELS,"Sanguino-Gomez and Krugers, 2024",1,6,282,11250,67338,2.5066666666666668,7.2995121951219506,"Yes, all 82 manuscript-cohort videos"
25.1,Animal 25_1DLC_resnet50_Freezing_07-2020Sep29shuffle1_100000filtered,ELS,"Sanguino-Gomez and Krugers, 2024",1,6,282,11250,67338,2.5066666666666668,7.2995121951219506,"Yes, all 82 manuscript-cohort videos"
26.4,Animal 26_4DLC_resnet50_Freezing_07-2020Sep29shuffle1_100000filtered,ELS,"Sanguino-Gomez and Krugers, 2024",1,6,224,11250,67338,1.9911111111111111,7.2995121951219506,"Yes, all 82 manuscript-cohort videos"
32.2,Animal 32_2DLC_resnet50_Freezing_07-2020Sep29shuffle1_100000filtered,ELS,"Sanguino-Gomez and Krugers, 2024",1,6,1194,11250,67338,10.61333333333333,7.2995121951219506,"Yes, all 82 manuscript-cohort videos"
32.4,Animal 32_4DLC_resnet50_Freezing_07-2020Sep29shuffle1_100000filtered,ELS,"Sanguino-Gomez and Krugers, 2024",1,6,609,11250,67338,5.4133333333333331,7.2995121951219506,"Yes, all 82 manuscript-cohort videos"
43.3,Animal_43_3DLC_resnet50_Freezing_07-2020Sep29shuffle1_100000filtered,ELS,"Sanguino-Gomez and Krugers, 2024",1,6,228,11250,67338,2.026666666666666,7.2995121951219506,"Yes, all 82 manuscript-cohort videos"
43.5,Animal_43_5DLC_resnet50_Freezing_07-2020Sep29shuffle1_100000filtered,ELS,"Sanguino-Gomez and Krugers, 2024",1,6,265,11250,67338,2.3555555555555561,7.2995121951219506,"Yes, all 82 manuscript-cohort videos"
49.5,Animal_49_5DLC_resnet50_Freezing_07-2020Sep29shuffle1_100000filtered,ELS,"Sanguino-Gomez and Krugers, 2024",1,6,552,11250,67338,4.9066666666666672,7.2995121951219506,"Yes, all 82 manuscript-cohort videos"
49.6,Animal_49_6DLC_resnet50_Freezing_07-2020Sep29shuffle1_100000filtered,ELS,"Sanguino-Gomez and Krugers, 2024",1,6,271,11250,67338,2.4088888888888889,7.2995121951219506,"Yes, all 82 manuscript-cohort videos"
55.3,Animal_55_3DLC_resnet50_Freezing_07-2020Sep29shuffle1_100000filtered,ELS,"Sanguino-Gomez and Krugers, 2024",1,6,91,11250,67338,0.80888888888888888,7.2995121951219506,"Yes, all 82 manuscript-cohort videos"
55.5,Animal_55_5DLC_resnet50_Freezing_07-2020Sep29shuffle1_100000filtered,ELS,"Sanguino-Gomez and Krugers, 2024",1,6,522,11250,67338,4.6399999999999997,7.2995121951219506,"Yes, all 82 manuscript-cohort videos"
56.3,Animal_56_3DLC_resnet50_Freezing_07-2020Sep29shuffle1_100000filtered,ELS,"Sanguino-Gomez and Krugers, 2024",1,6,270,11250,67338,2.4,7.2995121951219506,"Yes, all 82 manuscript-cohort videos"
63.3,Animal_63_3DLC_resnet50_Freezing_07-2020Sep29shuffle1_100000filtered,ELS,"Sanguino-Gomez and Krugers, 2024",1,6,229,11250,67338,2.0355555555555558,7.2995121951219506,"Yes, all 82 manuscript-cohort videos"
69.1,Animal_69_1DLC_resnet50_Freezing_07-2020Sep29shuffle1_100000filtered,ELS,"Sanguino-Gomez and Krugers, 2024",1,6,641,11250,67338,5.6977777777777776,7.2995121951219506,"Yes, all 82 manuscript-cohort videos"
69.2,Animal_69_2DLC_resnet50_Freezing_07-2020Sep29shuffle1_100000filtered,ELS,"Sanguino-Gomez and Krugers, 2024",1,6,262,11250,67338,2.3288888888888888,7.2995121951219506,"Yes, all 82 manuscript-cohort videos"
69.3,Animal_69_3DLC_resnet50_Freezing_07-2020Sep29shuffle1_100000filtered,ELS,"Sanguino-Gomez and Krugers, 2024",1,6,1017,11250,67338,9.0399999999999991,7.2995121951219506,"Yes, all 82 manuscript-cohort videos"
69.5,Animal_69_5DLC_resnet50_Freezing_07-2020Sep29shuffle1_100000filtered,ELS,"Sanguino-Gomez and Krugers, 2024",1,6,1062,11250,67338,9.44,7.2995121951219506,"Yes, all 82 manuscript-cohort videos"
73.1,Animal_73_1DLC_resnet50_Freezing_07-2020Sep29shuffle1_100000filtered,ELS,"Sanguino-Gomez and Krugers, 2024",1,6,1879,11250,67338,16.702222222222218,7.2995121951219506,"Yes, all 82 manuscript-cohort videos"
73.4,Animal_73_4DLC_resnet50_Freezing_07-2020Sep29shuffle1_100000filtered,ELS,"Sanguino-Gomez and Krugers, 2024",1,6,1548,11250,67338,13.76,7.2995121951219506,"Yes, all 82 manuscript-cohort videos"
75.1,Animal_75_1DLC_resnet50_Freezing_07-2020Sep29shuffle1_100000filtered,ELS,"Sanguino-Gomez and Krugers, 2024",1,6,1271,11250,67338,11.29777777777778,7.2995121951219506,"Yes, all 82 manuscript-cohort videos"
88.2,Animal_88_2DLC_resnet50_Freezing_07-2020Sep29shuffle1_100000filtered,ELS,"Sanguino-Gomez and Krugers, 2024",1,6,1126,11250,67338,10.00888888888889,7.2995121951219506,"Yes, all 82 manuscript-cohort videos"
88.3,Animal_88_3DLC_resnet50_Freezing_07-2020Sep29shuffle1_100000filtered,ELS,"Sanguino-Gomez and Krugers, 2024",1,6,797,11250,67338,7.0844444444444443,7.2995121951219506,"Yes, all 82 manuscript-cohort videos"
129.1,Animal_129_1DLC_resnet50_Freezing_07-2020Sep29shuffle1_100000filtered,Control,"Sanguino-Gomez et al., 2024",3,6,1465,11250,67338,13.02222222222222,7.2995121951219506,"Yes, all 82 manuscript-cohort videos"
129.4,Animal_129_4DLC_resnet50_Freezing_07-2020Sep29shuffle1_100000filtered,Control,"Sanguino-Gomez et al., 2024",3,6,1537,11250,67338,13.662222222222219,7.2995121951219506,"Yes, all 82 manuscript-cohort videos"
136.2,Animal_136_2DLC_resnet50_Freezing_07-2020Sep29shuffle1_100000filtered,Control,"Sanguino-Gomez et al., 2024",3,6,2198,11250,67338,19.53777777777778,7.2995121951219506,"Yes, all 82 manuscript-cohort videos"
136.3,Animal_136_3DLC_resnet50_Freezing_07-2020Sep29shuffle1_100000filtered,Control,"Sanguino-Gomez et al., 2024",3,6,1987,11250,67338,17.662222222222219,7.2995121951219506,"Yes, all 82 manuscript-cohort videos"
136.5,Animal_136_5DLC_resnet50_Freezing_07-2020Sep29shuffle1_100000filtered,Control,"Sanguino-Gomez et al., 2024",3,6,1050,11250,67338,9.3333333333333339,7.2995121951219506,"Yes, all 82 manuscript-cohort videos"
137.3,Animal_137_3DLC_resnet50_Freezing_07-2020Sep29shuffle1_100000filtered,Control,"Sanguino-Gomez et al., 2024",3,6,1219,11250,67338,10.835555555555549,7.2995121951219506,"Yes, all 82 manuscript-cohort videos"
145.5,Animal_145_5DLC_resnet50_Freezing_07-2020Sep29shuffle1_100000filtered,Control,"Sanguino-Gomez et al., 2024",3,6,916,11250,67338,8.1422222222222231,7.2995121951219506,"Yes, all 82 manuscript-cohort videos"
146.6,Animal_146_6DLC_resnet50_Freezing_07-2020Sep29shuffle1_100000filtered,Control,"Sanguino-Gomez et al., 2024",3,6,351,11250,67338,3.12,7.2995121951219506,"Yes, all 82 manuscript-cohort videos"
147.4,Animal_147_4DLC_resnet50_Freezing_07-2020Sep29shuffle1_100000filtered,Control,"Sanguino-Gomez et al., 2024",3,6,310,11250,67338,2.755555555555556,7.2995121951219506,"Yes, all 82 manuscript-cohort videos"
152.3,Animal_152_3DLC_resnet50_Freezing_07-2020Sep29shuffle1_100000filtered,Control,"Sanguino-Gomez et al., 2024",3,6,460,11250,67338,4.0888888888888886,7.2995121951219506,"Yes, all 82 manuscript-cohort videos"
152.5,Animal_152_5DLC_resnet50_Freezing_07-2020Sep29shuffle1_100000filtered,Control,"Sanguino-Gomez et al., 2024",3,6,760,11250,67338,6.7555555555555546,7.2995121951219506,"Yes, all 82 manuscript-cohort videos"
157.1,Animal_157_1DLC_resnet50_Freezing_07-2020Sep29shuffle1_100000filtered,Control,"Sanguino-Gomez et al., 2024",3,6,519,11250,67338,4.6133333333333333,7.2995121951219506,"Yes, all 82 manuscript-cohort videos"
157.4,Animal_157_4DLC_resnet50_Freezing_07-2020Sep29shuffle1_100000filtered,Control,"Sanguino-Gomez et al., 2024",3,6,1115,11250,67338,9.9111111111111114,7.2995121951219506,"Yes, all 82 manuscript-cohort videos"
158.5,Animal_158_5DLC_resnet50_Freezing_07-2020Sep29shuffle1_100000filtered,Control,"Sanguino-Gomez et al., 2024",3,6,1210,11250,67338,10.75555555555556,7.2995121951219506,"Yes, all 82 manuscript-cohort videos"
161.1,Animal_161_1DLC_resnet50_Freezing_07-2020Sep29shuffle1_100000filtered,Control,"Sanguino-Gomez et al., 2024",3,6,1022,11250,67338,9.0844444444444452,7.2995121951219506,"Yes, all 82 manuscript-cohort videos"
161.3,Animal_161_3DLC_resnet50_Freezing_07-2020Sep29shuffle1_100000filtered,Control,"Sanguino-Gomez et al., 2024",3,6,1429,11250,67338,12.70222222222222,7.2995121951219506,"Yes, all 82 manuscript-cohort videos"
123.1,Animal_123_1DLC_resnet50_Freezing_07-2020Sep29shuffle1_100000filtered,ELS,"Sanguino-Gomez et al., 2024",3,6,1222,11250,67338,10.86222222222222,7.2995121951219506,"Yes, all 82 manuscript-cohort videos"
123.3,Animal_123_3DLC_resnet50_Freezing_07-2020Sep29shuffle1_100000filtered,ELS,"Sanguino-Gomez et al., 2024",3,6,627,11250,67338,5.5733333333333333,7.2995121951219506,"Yes, all 82 manuscript-cohort videos"
128.4,Animal_128_4DLC_resnet50_Freezing_07-2020Sep29shuffle1_100000filtered,ELS,"Sanguino-Gomez et al., 2024",3,6,992,11250,67338,8.8177777777777777,7.2995121951219506,"Yes, all 82 manuscript-cohort videos"
133.3,Animal_133_3DLC_resnet50_Freezing_07-2020Sep29shuffle1_100000filtered,ELS,"Sanguino-Gomez et al., 2024",3,6,1399,11250,67338,12.43555555555556,7.2995121951219506,"Yes, all 82 manuscript-cohort videos"
134.2,Animal_134_2DLC_resnet50_Freezing_07-2020Sep29shuffle1_100000filtered,ELS,"Sanguino-Gomez et al., 2024",3,6,993,11250,67338,8.8266666666666662,7.2995121951219506,"Yes, all 82 manuscript-cohort videos"
134.4,Animal_134_4DLC_resnet50_Freezing_07-2020Sep29shuffle1_100000filtered,ELS,"Sanguino-Gomez et al., 2024",3,6,1472,11250,67338,13.084444444444451,7.2995121951219506,"Yes, all 82 manuscript-cohort videos"
144.3,Animal_144_3DLC_resnet50_Freezing_07-2020Sep29shuffle1_100000filtered,ELS,"Sanguino-Gomez et al., 2024",3,6,3070,11250,67338,27.288888888888891,7.2995121951219506,"Yes, all 82 manuscript-cohort videos"
144.5,Animal_144_5DLC_resnet50_Freezing_07-2020Sep29shuffle1_100000filtered,ELS,"Sanguino-Gomez et al., 2024",3,6,1677,11250,67338,14.906666666666659,7.2995121951219506,"Yes, all 82 manuscript-cohort videos"
148.4,Animal_148_4DLC_resnet50_Freezing_07-2020Sep29shuffle1_100000filtered,ELS,"Sanguino-Gomez et al., 2024",3,6,653,11250,67338,5.804444444444445,7.2995121951219506,"Yes, all 82 manuscript-cohort videos"
150.3,Animal_150_3DLC_resnet50_Freezing_07-2020Sep29shuffle1_100000filtered,ELS,"Sanguino-Gomez et al., 2024",3,6,1206,11250,67338,10.72,7.2995121951219506,"Yes, all 82 manuscript-cohort videos"
150.5,Animal_150_5DLC_resnet50_Freezing_07-2020Sep29shuffle1_100000filtered,ELS,"Sanguino-Gomez et al., 2024",3,6,2140,11250,67338,19.022222222222219,7.2995121951219506,"Yes, all 82 manuscript-cohort videos"
153.4,Animal_153_4DLC_resnet50_Freezing_07-2020Sep29shuffle1_100000filtered,ELS,"Sanguino-Gomez et al., 2024",3,6,1752,11250,67338,15.573333333333331,7.2995121951219506,"Yes, all 82 manuscript-cohort videos"
154.4,Animal_154_4DLC_resnet50_Freezing_07-2020Sep29shuffle1_100000filtered,ELS,"Sanguino-Gomez et al., 2024",3,6,843,11250,67338,7.4933333333333341,7.2995121951219506,"Yes, all 82 manuscript-cohort videos"
159.3,Animal_159_3DLC_resnet50_Freezing_07-2020Sep29shuffle1_100000filtered,ELS,"Sanguino-Gomez et al., 2024",3,6,2311,11250,67338,20.542222222222222,7.2995121951219506,"Yes, all 82 manuscript-cohort videos"
159.4,Animal_159_4DLC_resnet50_Freezing_07-2020Sep29shuffle1_100000filtered,ELS,"Sanguino-Gomez et al., 2024",3,6,1552,11250,67338,13.795555555555559,7.2995121951219506,"Yes, all 82 manuscript-cohort videos"
159.5,Animal_159_5DLC_resnet50_Freezing_07-2020Sep29shuffle1_100000filtered,ELS,"Sanguino-Gomez et al., 2024",3,6,1145,11250,67338,10.177777777777781,7.2995121951219506,"Yes, all 82 manuscript-cohort videos"
11.4,Animal 11_4DLC_resnet50_Freezing_07-2020Sep29shuffle1_100000filtered,Control,"Sanguino-Gomez and Krugers, 2024",1,7,293,11250,16251,2.6044444444444439,1.761626016260162,"Yes, all 82 manuscript-cohort videos"
11.6,Animal 11_6DLC_resnet50_Freezing_07-2020Sep29shuffle1_100000filtered,Control,"Sanguino-Gomez and Krugers, 2024",1,7,92,11250,16251,0.81777777777777783,1.761626016260162,"Yes, all 82 manuscript-cohort videos"
34.4,Animal 34_4DLC_resnet50_Freezing_07-2020Sep29shuffle1_100000filtered,Control,"Sanguino-Gomez and Krugers, 2024",1,7,247,11250,16251,2.195555555555555,1.761626016260162,"Yes, all 82 manuscript-cohort videos"
34.5,Animal 34_5DLC_resnet50_Freezing_07-2020Sep29shuffle1_100000filtered,Control,"Sanguino-Gomez and Krugers, 2024",1,7,78,11250,16251,0.69333333333333336,1.761626016260162,"Yes, all 82 manuscript-cohort videos"
40.4,Animal_40_4DLC_resnet50_Freezing_07-2020Sep29shuffle1_100000filtered,Control,"Sanguino-Gomez and Krugers, 2024",1,7,224,11250,16251,1.9911111111111111,1.761626016260162,"Yes, all 82 manuscript-cohort videos"
40.6,Animal_40_6DLC_resnet50_Freezing_07-2020Sep29shuffle1_100000filtered,Control,"Sanguino-Gomez and Krugers, 2024",1,7,336,11250,16251,2.9866666666666668,1.761626016260162,"Yes, all 82 manuscript-cohort videos"
41.4,Animal_41_4DLC_resnet50_Freezing_07-2020Sep29shuffle1_100000filtered,Control,"Sanguino-Gomez and Krugers, 2024",1,7,217,11250,16251,1.9288888888888891,1.761626016260162,"Yes, all 82 manuscript-cohort videos"
41.5,Animal_41_5DLC_resnet50_Freezing_07-2020Sep29shuffle1_100000filtered,Control,"Sanguino-Gomez and Krugers, 2024",1,7,96,11250,16251,0.85333333333333339,1.761626016260162,"Yes, all 82 manuscript-cohort videos"
41.6,Animal_41_6DLC_resnet50_Freezing_07-2020Sep29shuffle1_100000filtered,Control,"Sanguino-Gomez and Krugers, 2024",1,7,41,11250,16251,0.36444444444444452,1.761626016260162,"Yes, all 82 manuscript-cohort videos"
47.5,Animal_47_5DLC_resnet50_Freezing_07-2020Sep29shuffle1_100000filtered,Control,"Sanguino-Gomez and Krugers, 2024",1,7,262,11250,16251,2.3288888888888888,1.761626016260162,"Yes, all 82 manuscript-cohort videos"
5.4,Animal 5_4DLC_resnet50_Freezing_07-2020Sep29shuffle1_100000filtered,Control,"Sanguino-Gomez and Krugers, 2024",1,7,65,11250,16251,0.57777777777777772,1.761626016260162,"Yes, all 82 manuscript-cohort videos"
50.5,Animal_50_5DLC_resnet50_Freezing_07-2020Sep29shuffle1_100000filtered,Control,"Sanguino-Gomez and Krugers, 2024",1,7,194,11250,16251,1.724444444444444,1.761626016260162,"Yes, all 82 manuscript-cohort videos"
53.5,Animal_53_5DLC_resnet50_Freezing_07-2020Sep29shuffle1_100000filtered,Control,"Sanguino-Gomez and Krugers, 2024",1,7,180,11250,16251,1.6,1.761626016260162,"Yes, all 82 manuscript-cohort videos"
54.3,Animal_54_3DLC_resnet50_Freezing_07-2020Sep29shuffle1_100000filtered,Control,"Sanguino-Gomez and Krugers, 2024",1,7,178,11250,16251,1.582222222222222,1.761626016260162,"Yes, all 82 manuscript-cohort videos"
54.4,Animal_54_4DLC_resnet50_Freezing_07-2020Sep29shuffle1_100000filtered,Control,"Sanguino-Gomez and Krugers, 2024",1,7,89,11250,16251,0.79111111111111121,1.761626016260162,"Yes, all 82 manuscript-cohort videos"
54.6,Animal_54_6DLC_resnet50_Freezing_07-2020Sep29shuffle1_100000filtered,Control,"Sanguino-Gomez and Krugers, 2024",1,7,169,11250,16251,1.5022222222222219,1.761626016260162,"Yes, all 82 manuscript-cohort videos"
58.5,Animal_58_5DLC_resnet50_Freezing_07-2020Sep29shuffle1_100000filtered,Control,"Sanguino-Gomez and Krugers, 2024",1,7,204,11250,16251,1.813333333333333,1.761626016260162,"Yes, all 82 manuscript-cohort videos"
62.1,Animal_62_1DLC_resnet50_Freezing_07-2020Sep29shuffle1_100000filtered,Control,"Sanguino-Gomez and Krugers, 2024",1,7,261,11250,16251,2.3199999999999998,1.761626016260162,"Yes, all 82 manuscript-cohort videos"
62.2,Animal_62_2DLC_resnet50_Freezing_07-2020Sep29shuffle1_100000filtered,Control,"Sanguino-Gomez and Krugers, 2024",1,7,90,11250,16251,0.8,1.761626016260162,"Yes, all 82 manuscript-cohort videos"
62.3,Animal_62_3DLC_resnet50_Freezing_07-2020Sep29shuffle1_100000filtered,Control,"Sanguino-Gomez and Krugers, 2024",1,7,230,11250,16251,2.0444444444444452,1.761626016260162,"Yes, all 82 manuscript-cohort videos"
62.4,Animal_62_4DLC_resnet50_Freezing_07-2020Sep29shuffle1_100000filtered,Control,"Sanguino-Gomez and Krugers, 2024",1,7,109,11250,16251,0.96888888888888891,1.761626016260162,"Yes, all 82 manuscript-cohort videos"
62.5,Animal_62_5DLC_resnet50_Freezing_07-2020Sep29shuffle1_100000filtered,Control,"Sanguino-Gomez and Krugers, 2024",1,7,129,11250,16251,1.1466666666666669,1.761626016260162,"Yes, all 82 manuscript-cohort videos"
68.1,Animal_68_1DLC_resnet50_Freezing_07-2020Sep29shuffle1_100000filtered,Control,"Sanguino-Gomez and Krugers, 2024",1,7,141,11250,16251,1.253333333333333,1.761626016260162,"Yes, all 82 manuscript-cohort videos"
74.1,Animal_74_1DLC_resnet50_Freezing_07-2020Sep29shuffle1_100000filtered,Control,"Sanguino-Gomez and Krugers, 2024",1,7,159,11250,16251,1.4133333333333331,1.761626016260162,"Yes, all 82 manuscript-cohort videos"
80.3,Animal_80_3DLC_resnet50_Freezing_07-2020Sep29shuffle1_100000filtered,Control,"Sanguino-Gomez and Krugers, 2024",1,7,106,11250,16251,0.94222222222222229,1.761626016260162,"Yes, all 82 manuscript-cohort videos"
15.4,Animal 15_4DLC_resnet50_Freezing_07-2020Sep29shuffle1_100000filtered,ELS,"Sanguino-Gomez and Krugers, 2024",1,7,340,11250,16251,3.0222222222222221,1.761626016260162,"Yes, all 82 manuscript-cohort videos"
15.6,Animal 15_6DLC_resnet50_Freezing_07-2020Sep29shuffle1_100000filtered,ELS,"Sanguino-Gomez and Krugers, 2024",1,7,229,11250,16251,2.0355555555555558,1.761626016260162,"Yes, all 82 manuscript-cohort videos"
2.4,Animal 2_4DLC_resnet50_Freezing_07-2020Sep29shuffle1_100000filtered,ELS,"Sanguino-Gomez and Krugers, 2024",1,7,354,11250,16251,3.1466666666666669,1.761626016260162,"Yes, all 82 manuscript-cohort videos"
23.4,Animal 23_4DLC_resnet50_Freezing_07-2020Sep29shuffle1_100000filtered,ELS,"Sanguino-Gomez and Krugers, 2024",1,7,259,11250,16251,2.3022222222222219,1.761626016260162,"Yes, all 82 manuscript-cohort videos"
25.1,Animal 25_1DLC_resnet50_Freezing_07-2020Sep29shuffle1_100000filtered,ELS,"Sanguino-Gomez and Krugers, 2024",1,7,157,11250,16251,1.3955555555555561,1.761626016260162,"Yes, all 82 manuscript-cohort videos"
26.4,Animal 26_4DLC_resnet50_Freezing_07-2020Sep29shuffle1_100000filtered,ELS,"Sanguino-Gomez and Krugers, 2024",1,7,44,11250,16251,0.39111111111111108,1.761626016260162,"Yes, all 82 manuscript-cohort videos"
32.2,Animal 32_2DLC_resnet50_Freezing_07-2020Sep29shuffle1_100000filtered,ELS,"Sanguino-Gomez and Krugers, 2024",1,7,215,11250,16251,1.911111111111111,1.761626016260162,"Yes, all 82 manuscript-cohort videos"
32.4,Animal 32_4DLC_resnet50_Freezing_07-2020Sep29shuffle1_100000filtered,ELS,"Sanguino-Gomez and Krugers, 2024",1,7,269,11250,16251,2.391111111111111,1.761626016260162,"Yes, all 82 manuscript-cohort videos"
43.3,Animal_43_3DLC_resnet50_Freezing_07-2020Sep29shuffle1_100000filtered,ELS,"Sanguino-Gomez and Krugers, 2024",1,7,341,11250,16251,3.0311111111111111,1.761626016260162,"Yes, all 82 manuscript-cohort videos"
43.5,Animal_43_5DLC_resnet50_Freezing_07-2020Sep29shuffle1_100000filtered,ELS,"Sanguino-Gomez and Krugers, 2024",1,7,157,11250,16251,1.3955555555555561,1.761626016260162,"Yes, all 82 manuscript-cohort videos"
49.5,Animal_49_5DLC_resnet50_Freezing_07-2020Sep29shuffle1_100000filtered,ELS,"Sanguino-Gomez and Krugers, 2024",1,7,271,11250,16251,2.4088888888888889,1.761626016260162,"Yes, all 82 manuscript-cohort videos"
49.6,Animal_49_6DLC_resnet50_Freezing_07-2020Sep29shuffle1_100000filtered,ELS,"Sanguino-Gomez and Krugers, 2024",1,7,129,11250,16251,1.1466666666666669,1.761626016260162,"Yes, all 82 manuscript-cohort videos"
55.3,Animal_55_3DLC_resnet50_Freezing_07-2020Sep29shuffle1_100000filtered,ELS,"Sanguino-Gomez and Krugers, 2024",1,7,299,11250,16251,2.657777777777778,1.761626016260162,"Yes, all 82 manuscript-cohort videos"
55.5,Animal_55_5DLC_resnet50_Freezing_07-2020Sep29shuffle1_100000filtered,ELS,"Sanguino-Gomez and Krugers, 2024",1,7,309,11250,16251,2.746666666666667,1.761626016260162,"Yes, all 82 manuscript-cohort videos"
56.3,Animal_56_3DLC_resnet50_Freezing_07-2020Sep29shuffle1_100000filtered,ELS,"Sanguino-Gomez and Krugers, 2024",1,7,59,11250,16251,0.52444444444444449,1.761626016260162,"Yes, all 82 manuscript-cohort videos"
63.3,Animal_63_3DLC_resnet50_Freezing_07-2020Sep29shuffle1_100000filtered,ELS,"Sanguino-Gomez and Krugers, 2024",1,7,267,11250,16251,2.3733333333333331,1.761626016260162,"Yes, all 82 manuscript-cohort videos"
69.1,Animal_69_1DLC_resnet50_Freezing_07-2020Sep29shuffle1_100000filtered,ELS,"Sanguino-Gomez and Krugers, 2024",1,7,213,11250,16251,1.8933333333333331,1.761626016260162,"Yes, all 82 manuscript-cohort videos"
69.2,Animal_69_2DLC_resnet50_Freezing_07-2020Sep29shuffle1_100000filtered,ELS,"Sanguino-Gomez and Krugers, 2024",1,7,162,11250,16251,1.44,1.761626016260162,"Yes, all 82 manuscript-cohort videos"
69.3,Animal_69_3DLC_resnet50_Freezing_07-2020Sep29shuffle1_100000filtered,ELS,"Sanguino-Gomez and Krugers, 2024",1,7,121,11250,16251,1.075555555555556,1.761626016260162,"Yes, all 82 manuscript-cohort videos"
69.5,Animal_69_5DLC_resnet50_Freezing_07-2020Sep29shuffle1_100000filtered,ELS,"Sanguino-Gomez and Krugers, 2024",1,7,157,11250,16251,1.3955555555555561,1.761626016260162,"Yes, all 82 manuscript-cohort videos"
73.1,Animal_73_1DLC_resnet50_Freezing_07-2020Sep29shuffle1_100000filtered,ELS,"Sanguino-Gomez and Krugers, 2024",1,7,100,11250,16251,0.88888888888888884,1.761626016260162,"Yes, all 82 manuscript-cohort videos"
73.4,Animal_73_4DLC_resnet50_Freezing_07-2020Sep29shuffle1_100000filtered,ELS,"Sanguino-Gomez and Krugers, 2024",1,7,233,11250,16251,2.0711111111111111,1.761626016260162,"Yes, all 82 manuscript-cohort videos"
75.1,Animal_75_1DLC_resnet50_Freezing_07-2020Sep29shuffle1_100000filtered,ELS,"Sanguino-Gomez and Krugers, 2024",1,7,337,11250,16251,2.9955555555555549,1.761626016260162,"Yes, all 82 manuscript-cohort videos"
88.2,Animal_88_2DLC_resnet50_Freezing_07-2020Sep29shuffle1_100000filtered,ELS,"Sanguino-Gomez and Krugers, 2024",1,7,329,11250,16251,2.9244444444444451,1.761626016260162,"Yes, all 82 manuscript-cohort videos"
88.3,Animal_88_3DLC_resnet50_Freezing_07-2020Sep29shuffle1_100000filtered,ELS,"Sanguino-Gomez and Krugers, 2024",1,7,235,11250,16251,2.088888888888889,1.761626016260162,"Yes, all 82 manuscript-cohort videos"
129.1,Animal_129_1DLC_resnet50_Freezing_07-2020Sep29shuffle1_100000filtered,Control,"Sanguino-Gomez et al., 2024",3,7,23,11250,16251,0.20444444444444451,1.761626016260162,"Yes, all 82 manuscript-cohort videos"
129.4,Animal_129_4DLC_resnet50_Freezing_07-2020Sep29shuffle1_100000filtered,Control,"Sanguino-Gomez et al., 2024",3,7,52,11250,16251,0.4622222222222222,1.761626016260162,"Yes, all 82 manuscript-cohort videos"
136.2,Animal_136_2DLC_resnet50_Freezing_07-2020Sep29shuffle1_100000filtered,Control,"Sanguino-Gomez et al., 2024",3,7,48,11250,16251,0.42666666666666669,1.761626016260162,"Yes, all 82 manuscript-cohort videos"
136.3,Animal_136_3DLC_resnet50_Freezing_07-2020Sep29shuffle1_100000filtered,Control,"Sanguino-Gomez et al., 2024",3,7,44,11250,16251,0.39111111111111108,1.761626016260162,"Yes, all 82 manuscript-cohort videos"
136.5,Animal_136_5DLC_resnet50_Freezing_07-2020Sep29shuffle1_100000filtered,Control,"Sanguino-Gomez et al., 2024",3,7,16,11250,16251,0.14222222222222219,1.761626016260162,"Yes, all 82 manuscript-cohort videos"
137.3,Animal_137_3DLC_resnet50_Freezing_07-2020Sep29shuffle1_100000filtered,Control,"Sanguino-Gomez et al., 2024",3,7,390,11250,16251,3.4666666666666659,1.761626016260162,"Yes, all 82 manuscript-cohort videos"
145.5,Animal_145_5DLC_resnet50_Freezing_07-2020Sep29shuffle1_100000filtered,Control,"Sanguino-Gomez et al., 2024",3,7,638,11250,16251,5.6711111111111112,1.761626016260162,"Yes, all 82 manuscript-cohort videos"
146.6,Animal_146_6DLC_resnet50_Freezing_07-2020Sep29shuffle1_100000filtered,Control,"Sanguino-Gomez et al., 2024",3,7,274,11250,16251,2.4355555555555548,1.761626016260162,"Yes, all 82 manuscript-cohort videos"
147.4,Animal_147_4DLC_resnet50_Freezing_07-2020Sep29shuffle1_100000filtered,Control,"Sanguino-Gomez et al., 2024",3,7,435,11250,16251,3.8666666666666671,1.761626016260162,"Yes, all 82 manuscript-cohort videos"
152.3,Animal_152_3DLC_resnet50_Freezing_07-2020Sep29shuffle1_100000filtered,Control,"Sanguino-Gomez et al., 2024",3,7,500,11250,16251,4.4444444444444446,1.761626016260162,"Yes, all 82 manuscript-cohort videos"
152.5,Animal_152_5DLC_resnet50_Freezing_07-2020Sep29shuffle1_100000filtered,Control,"Sanguino-Gomez et al., 2024",3,7,132,11250,16251,1.1733333333333329,1.761626016260162,"Yes, all 82 manuscript-cohort videos"
157.1,Animal_157_1DLC_resnet50_Freezing_07-2020Sep29shuffle1_100000filtered,Control,"Sanguino-Gomez et al., 2024",3,7,567,11250,16251,5.04,1.761626016260162,"Yes, all 82 manuscript-cohort videos"
157.4,Animal_157_4DLC_resnet50_Freezing_07-2020Sep29shuffle1_100000filtered,Control,"Sanguino-Gomez et al., 2024",3,7,156,11250,16251,1.3866666666666669,1.761626016260162,"Yes, all 82 manuscript-cohort videos"
158.5,Animal_158_5DLC_resnet50_Freezing_07-2020Sep29shuffle1_100000filtered,Control,"Sanguino-Gomez et al., 2024",3,7,239,11250,16251,2.1244444444444439,1.761626016260162,"Yes, all 82 manuscript-cohort videos"
161.1,Animal_161_1DLC_resnet50_Freezing_07-2020Sep29shuffle1_100000filtered,Control,"Sanguino-Gomez et al., 2024",3,7,241,11250,16251,2.1422222222222218,1.761626016260162,"Yes, all 82 manuscript-cohort videos"
161.3,Animal_161_3DLC_resnet50_Freezing_07-2020Sep29shuffle1_100000filtered,Control,"Sanguino-Gomez et al., 2024",3,7,103,11250,16251,0.91555555555555557,1.761626016260162,"Yes, all 82 manuscript-cohort videos"
123.1,Animal_123_1DLC_resnet50_Freezing_07-2020Sep29shuffle1_100000filtered,ELS,"Sanguino-Gomez et al., 2024",3,7,5,11250,16251,4.4444444444444453E-2,1.761626016260162,"Yes, all 82 manuscript-cohort videos"
123.3,Animal_123_3DLC_resnet50_Freezing_07-2020Sep29shuffle1_100000filtered,ELS,"Sanguino-Gomez et al., 2024",3,7,320,11250,16251,2.844444444444445,1.761626016260162,"Yes, all 82 manuscript-cohort videos"
128.4,Animal_128_4DLC_resnet50_Freezing_07-2020Sep29shuffle1_100000filtered,ELS,"Sanguino-Gomez et al., 2024",3,7,79,11250,16251,0.70222222222222219,1.761626016260162,"Yes, all 82 manuscript-cohort videos"
133.3,Animal_133_3DLC_resnet50_Freezing_07-2020Sep29shuffle1_100000filtered,ELS,"Sanguino-Gomez et al., 2024",3,7,313,11250,16251,2.7822222222222219,1.761626016260162,"Yes, all 82 manuscript-cohort videos"
134.2,Animal_134_2DLC_resnet50_Freezing_07-2020Sep29shuffle1_100000filtered,ELS,"Sanguino-Gomez et al., 2024",3,7,167,11250,16251,1.484444444444444,1.761626016260162,"Yes, all 82 manuscript-cohort videos"
134.4,Animal_134_4DLC_resnet50_Freezing_07-2020Sep29shuffle1_100000filtered,ELS,"Sanguino-Gomez et al., 2024",3,7,207,11250,16251,1.84,1.761626016260162,"Yes, all 82 manuscript-cohort videos"
144.3,Animal_144_3DLC_resnet50_Freezing_07-2020Sep29shuffle1_100000filtered,ELS,"Sanguino-Gomez et al., 2024",3,7,208,11250,16251,1.848888888888889,1.761626016260162,"Yes, all 82 manuscript-cohort videos"
144.5,Animal_144_5DLC_resnet50_Freezing_07-2020Sep29shuffle1_100000filtered,ELS,"Sanguino-Gomez et al., 2024",3,7,73,11250,16251,0.64888888888888885,1.761626016260162,"Yes, all 82 manuscript-cohort videos"
148.4,Animal_148_4DLC_resnet50_Freezing_07-2020Sep29shuffle1_100000filtered,ELS,"Sanguino-Gomez et al., 2024",3,7,297,11250,16251,2.64,1.761626016260162,"Yes, all 82 manuscript-cohort videos"
150.3,Animal_150_3DLC_resnet50_Freezing_07-2020Sep29shuffle1_100000filtered,ELS,"Sanguino-Gomez et al., 2024",3,7,116,11250,16251,1.0311111111111111,1.761626016260162,"Yes, all 82 manuscript-cohort videos"
150.5,Animal_150_5DLC_resnet50_Freezing_07-2020Sep29shuffle1_100000filtered,ELS,"Sanguino-Gomez et al., 2024",3,7,112,11250,16251,0.99555555555555564,1.761626016260162,"Yes, all 82 manuscript-cohort videos"
153.4,Animal_153_4DLC_resnet50_Freezing_07-2020Sep29shuffle1_100000filtered,ELS,"Sanguino-Gomez et al., 2024",3,7,106,11250,16251,0.94222222222222229,1.761626016260162,"Yes, all 82 manuscript-cohort videos"
154.4,Animal_154_4DLC_resnet50_Freezing_07-2020Sep29shuffle1_100000filtered,ELS,"Sanguino-Gomez et al., 2024",3,7,193,11250,16251,1.7155555555555559,1.761626016260162,"Yes, all 82 manuscript-cohort videos"
159.3,Animal_159_3DLC_resnet50_Freezing_07-2020Sep29shuffle1_100000filtered,ELS,"Sanguino-Gomez et al., 2024",3,7,173,11250,16251,1.5377777777777779,1.761626016260162,"Yes, all 82 manuscript-cohort videos"
159.4,Animal_159_4DLC_resnet50_Freezing_07-2020Sep29shuffle1_100000filtered,ELS,"Sanguino-Gomez et al., 2024",3,7,31,11250,16251,0.27555555555555561,1.761626016260162,"Yes, all 82 manuscript-cohort videos"
159.5,Animal_159_5DLC_resnet50_Freezing_07-2020Sep29shuffle1_100000filtered,ELS,"Sanguino-Gomez et al., 2024",3,7,217,11250,16251,1.9288888888888891,1.761626016260162,"Yes, all 82 manuscript-cohort videos"
11.4,Animal 11_4DLC_resnet50_Freezing_07-2020Sep29shuffle1_100000filtered,Control,"Sanguino-Gomez and Krugers, 2024",1,8,122,11250,2437,1.084444444444445,0.26417344173441731,"Yes, all 82 manuscript-cohort videos"
11.6,Animal 11_6DLC_resnet50_Freezing_07-2020Sep29shuffle1_100000filtered,Control,"Sanguino-Gomez and Krugers, 2024",1,8,58,11250,2437,0.51555555555555554,0.26417344173441731,"Yes, all 82 manuscript-cohort videos"
34.4,Animal 34_4DLC_resnet50_Freezing_07-2020Sep29shuffle1_100000filtered,Control,"Sanguino-Gomez and Krugers, 2024",1,8,32,11250,2437,0.28444444444444439,0.26417344173441731,"Yes, all 82 manuscript-cohort videos"
34.5,Animal 34_5DLC_resnet50_Freezing_07-2020Sep29shuffle1_100000filtered,Control,"Sanguino-Gomez and Krugers, 2024",1,8,23,11250,2437,0.20444444444444451,0.26417344173441731,"Yes, all 82 manuscript-cohort videos"
40.4,Animal_40_4DLC_resnet50_Freezing_07-2020Sep29shuffle1_100000filtered,Control,"Sanguino-Gomez and Krugers, 2024",1,8,130,11250,2437,1.155555555555555,0.26417344173441731,"Yes, all 82 manuscript-cohort videos"
40.6,Animal_40_6DLC_resnet50_Freezing_07-2020Sep29shuffle1_100000filtered,Control,"Sanguino-Gomez and Krugers, 2024",1,8,70,11250,2437,0.62222222222222223,0.26417344173441731,"Yes, all 82 manuscript-cohort videos"
41.4,Animal_41_4DLC_resnet50_Freezing_07-2020Sep29shuffle1_100000filtered,Control,"Sanguino-Gomez and Krugers, 2024",1,8,58,11250,2437,0.51555555555555554,0.26417344173441731,"Yes, all 82 manuscript-cohort videos"
41.5,Animal_41_5DLC_resnet50_Freezing_07-2020Sep29shuffle1_100000filtered,Control,"Sanguino-Gomez and Krugers, 2024",1,8,41,11250,2437,0.36444444444444452,0.26417344173441731,"Yes, all 82 manuscript-cohort videos"
41.6,Animal_41_6DLC_resnet50_Freezing_07-2020Sep29shuffle1_100000filtered,Control,"Sanguino-Gomez and Krugers, 2024",1,8,20,11250,2437,0.17777777777777781,0.26417344173441731,"Yes, all 82 manuscript-cohort videos"
47.5,Animal_47_5DLC_resnet50_Freezing_07-2020Sep29shuffle1_100000filtered,Control,"Sanguino-Gomez and Krugers, 2024",1,8,60,11250,2437,0.53333333333333333,0.26417344173441731,"Yes, all 82 manuscript-cohort videos"
5.4,Animal 5_4DLC_resnet50_Freezing_07-2020Sep29shuffle1_100000filtered,Control,"Sanguino-Gomez and Krugers, 2024",1,8,56,11250,2437,0.49777777777777782,0.26417344173441731,"Yes, all 82 manuscript-cohort videos"
50.5,Animal_50_5DLC_resnet50_Freezing_07-2020Sep29shuffle1_100000filtered,Control,"Sanguino-Gomez and Krugers, 2024",1,8,28,11250,2437,0.24888888888888891,0.26417344173441731,"Yes, all 82 manuscript-cohort videos"
53.5,Animal_53_5DLC_resnet50_Freezing_07-2020Sep29shuffle1_100000filtered,Control,"Sanguino-Gomez and Krugers, 2024",1,8,70,11250,2437,0.62222222222222223,0.26417344173441731,"Yes, all 82 manuscript-cohort videos"
54.3,Animal_54_3DLC_resnet50_Freezing_07-2020Sep29shuffle1_100000filtered,Control,"Sanguino-Gomez and Krugers, 2024",1,8,80,11250,2437,0.71111111111111114,0.26417344173441731,"Yes, all 82 manuscript-cohort videos"
54.4,Animal_54_4DLC_resnet50_Freezing_07-2020Sep29shuffle1_100000filtered,Control,"Sanguino-Gomez and Krugers, 2024",1,8,18,11250,2437,0.16,0.26417344173441731,"Yes, all 82 manuscript-cohort videos"
54.6,Animal_54_6DLC_resnet50_Freezing_07-2020Sep29shuffle1_100000filtered,Control,"Sanguino-Gomez and Krugers, 2024",1,8,2,11250,2437,1.7777777777777781E-2,0.26417344173441731,"Yes, all 82 manuscript-cohort videos"
58.5,Animal_58_5DLC_resnet50_Freezing_07-2020Sep29shuffle1_100000filtered,Control,"Sanguino-Gomez and Krugers, 2024",1,8,80,11250,2437,0.71111111111111114,0.26417344173441731,"Yes, all 82 manuscript-cohort videos"
62.1,Animal_62_1DLC_resnet50_Freezing_07-2020Sep29shuffle1_100000filtered,Control,"Sanguino-Gomez and Krugers, 2024",1,8,92,11250,2437,0.81777777777777783,0.26417344173441731,"Yes, all 82 manuscript-cohort videos"
62.2,Animal_62_2DLC_resnet50_Freezing_07-2020Sep29shuffle1_100000filtered,Control,"Sanguino-Gomez and Krugers, 2024",1,8,16,11250,2437,0.14222222222222219,0.26417344173441731,"Yes, all 82 manuscript-cohort videos"
62.3,Animal_62_3DLC_resnet50_Freezing_07-2020Sep29shuffle1_100000filtered,Control,"Sanguino-Gomez and Krugers, 2024",1,8,94,11250,2437,0.8355555555555555,0.26417344173441731,"Yes, all 82 manuscript-cohort videos"
62.4,Animal_62_4DLC_resnet50_Freezing_07-2020Sep29shuffle1_100000filtered,Control,"Sanguino-Gomez and Krugers, 2024",1,8,18,11250,2437,0.16,0.26417344173441731,"Yes, all 82 manuscript-cohort videos"
62.5,Animal_62_5DLC_resnet50_Freezing_07-2020Sep29shuffle1_100000filtered,Control,"Sanguino-Gomez and Krugers, 2024",1,8,12,11250,2437,0.1066666666666667,0.26417344173441731,"Yes, all 82 manuscript-cohort videos"
68.1,Animal_68_1DLC_resnet50_Freezing_07-2020Sep29shuffle1_100000filtered,Control,"Sanguino-Gomez and Krugers, 2024",1,8,32,11250,2437,0.28444444444444439,0.26417344173441731,"Yes, all 82 manuscript-cohort videos"
80.3,Animal_80_3DLC_resnet50_Freezing_07-2020Sep29shuffle1_100000filtered,Control,"Sanguino-Gomez and Krugers, 2024",1,8,2,11250,2437,1.7777777777777781E-2,0.26417344173441731,"Yes, all 82 manuscript-cohort videos"
15.4,Animal 15_4DLC_resnet50_Freezing_07-2020Sep29shuffle1_100000filtered,ELS,"Sanguino-Gomez and Krugers, 2024",1,8,39,11250,2437,0.34666666666666668,0.26417344173441731,"Yes, all 82 manuscript-cohort videos"
15.6,Animal 15_6DLC_resnet50_Freezing_07-2020Sep29shuffle1_100000filtered,ELS,"Sanguino-Gomez and Krugers, 2024",1,8,41,11250,2437,0.36444444444444452,0.26417344173441731,"Yes, all 82 manuscript-cohort videos"
2.4,Animal 2_4DLC_resnet50_Freezing_07-2020Sep29shuffle1_100000filtered,ELS,"Sanguino-Gomez and Krugers, 2024",1,8,87,11250,2437,0.77333333333333332,0.26417344173441731,"Yes, all 82 manuscript-cohort videos"
23.4,Animal 23_4DLC_resnet50_Freezing_07-2020Sep29shuffle1_100000filtered,ELS,"Sanguino-Gomez and Krugers, 2024",1,8,4,11250,2437,3.5555555555555562E-2,0.26417344173441731,"Yes, all 82 manuscript-cohort videos"
25.1,Animal 25_1DLC_resnet50_Freezing_07-2020Sep29shuffle1_100000filtered,ELS,"Sanguino-Gomez and Krugers, 2024",1,8,42,11250,2437,0.37333333333333341,0.26417344173441731,"Yes, all 82 manuscript-cohort videos"
26.4,Animal 26_4DLC_resnet50_Freezing_07-2020Sep29shuffle1_100000filtered,ELS,"Sanguino-Gomez and Krugers, 2024",1,8,4,11250,2437,3.5555555555555562E-2,0.26417344173441731,"Yes, all 82 manuscript-cohort videos"
32.2,Animal 32_2DLC_resnet50_Freezing_07-2020Sep29shuffle1_100000filtered,ELS,"Sanguino-Gomez and Krugers, 2024",1,8,63,11250,2437,0.55999999999999994,0.26417344173441731,"Yes, all 82 manuscript-cohort videos"
32.4,Animal 32_4DLC_resnet50_Freezing_07-2020Sep29shuffle1_100000filtered,ELS,"Sanguino-Gomez and Krugers, 2024",1,8,62,11250,2437,0.55111111111111111,0.26417344173441731,"Yes, all 82 manuscript-cohort videos"
43.3,Animal_43_3DLC_resnet50_Freezing_07-2020Sep29shuffle1_100000filtered,ELS,"Sanguino-Gomez and Krugers, 2024",1,8,59,11250,2437,0.52444444444444449,0.26417344173441731,"Yes, all 82 manuscript-cohort videos"
43.5,Animal_43_5DLC_resnet50_Freezing_07-2020Sep29shuffle1_100000filtered,ELS,"Sanguino-Gomez and Krugers, 2024",1,8,18,11250,2437,0.16,0.26417344173441731,"Yes, all 82 manuscript-cohort videos"
49.5,Animal_49_5DLC_resnet50_Freezing_07-2020Sep29shuffle1_100000filtered,ELS,"Sanguino-Gomez and Krugers, 2024",1,8,52,11250,2437,0.4622222222222222,0.26417344173441731,"Yes, all 82 manuscript-cohort videos"
49.6,Animal_49_6DLC_resnet50_Freezing_07-2020Sep29shuffle1_100000filtered,ELS,"Sanguino-Gomez and Krugers, 2024",1,8,24,11250,2437,0.21333333333333329,0.26417344173441731,"Yes, all 82 manuscript-cohort videos"
55.3,Animal_55_3DLC_resnet50_Freezing_07-2020Sep29shuffle1_100000filtered,ELS,"Sanguino-Gomez and Krugers, 2024",1,8,66,11250,2437,0.58666666666666667,0.26417344173441731,"Yes, all 82 manuscript-cohort videos"
55.5,Animal_55_5DLC_resnet50_Freezing_07-2020Sep29shuffle1_100000filtered,ELS,"Sanguino-Gomez and Krugers, 2024",1,8,40,11250,2437,0.35555555555555562,0.26417344173441731,"Yes, all 82 manuscript-cohort videos"
56.3,Animal_56_3DLC_resnet50_Freezing_07-2020Sep29shuffle1_100000filtered,ELS,"Sanguino-Gomez and Krugers, 2024",1,8,38,11250,2437,0.33777777777777779,0.26417344173441731,"Yes, all 82 manuscript-cohort videos"
63.3,Animal_63_3DLC_resnet50_Freezing_07-2020Sep29shuffle1_100000filtered,ELS,"Sanguino-Gomez and Krugers, 2024",1,8,9,11250,2437,0.08,0.26417344173441731,"Yes, all 82 manuscript-cohort videos"
69.1,Animal_69_1DLC_resnet50_Freezing_07-2020Sep29shuffle1_100000filtered,ELS,"Sanguino-Gomez and Krugers, 2024",1,8,20,11250,2437,0.17777777777777781,0.26417344173441731,"Yes, all 82 manuscript-cohort videos"
69.2,Animal_69_2DLC_resnet50_Freezing_07-2020Sep29shuffle1_100000filtered,ELS,"Sanguino-Gomez and Krugers, 2024",1,8,20,11250,2437,0.17777777777777781,0.26417344173441731,"Yes, all 82 manuscript-cohort videos"
69.3,Animal_69_3DLC_resnet50_Freezing_07-2020Sep29shuffle1_100000filtered,ELS,"Sanguino-Gomez and Krugers, 2024",1,8,20,11250,2437,0.17777777777777781,0.26417344173441731,"Yes, all 82 manuscript-cohort videos"
69.5,Animal_69_5DLC_resnet50_Freezing_07-2020Sep29shuffle1_100000filtered,ELS,"Sanguino-Gomez and Krugers, 2024",1,8,16,11250,2437,0.14222222222222219,0.26417344173441731,"Yes, all 82 manuscript-cohort videos"
73.1,Animal_73_1DLC_resnet50_Freezing_07-2020Sep29shuffle1_100000filtered,ELS,"Sanguino-Gomez and Krugers, 2024",1,8,2,11250,2437,1.7777777777777781E-2,0.26417344173441731,"Yes, all 82 manuscript-cohort videos"
73.4,Animal_73_4DLC_resnet50_Freezing_07-2020Sep29shuffle1_100000filtered,ELS,"Sanguino-Gomez and Krugers, 2024",1,8,9,11250,2437,0.08,0.26417344173441731,"Yes, all 82 manuscript-cohort videos"
75.1,Animal_75_1DLC_resnet50_Freezing_07-2020Sep29shuffle1_100000filtered,ELS,"Sanguino-Gomez and Krugers, 2024",1,8,2,11250,2437,1.7777777777777781E-2,0.26417344173441731,"Yes, all 82 manuscript-cohort videos"
88.2,Animal_88_2DLC_resnet50_Freezing_07-2020Sep29shuffle1_100000filtered,ELS,"Sanguino-Gomez and Krugers, 2024",1,8,10,11250,2437,8.8888888888888892E-2,0.26417344173441731,"Yes, all 82 manuscript-cohort videos"
88.3,Animal_88_3DLC_resnet50_Freezing_07-2020Sep29shuffle1_100000filtered,ELS,"Sanguino-Gomez and Krugers, 2024",1,8,15,11250,2437,0.1333333333333333,0.26417344173441731,"Yes, all 82 manuscript-cohort videos"
136.3,Animal_136_3DLC_resnet50_Freezing_07-2020Sep29shuffle1_100000filtered,Control,"Sanguino-Gomez et al., 2024",3,8,10,11250,2437,8.8888888888888892E-2,0.26417344173441731,"Yes, all 82 manuscript-cohort videos"
136.5,Animal_136_5DLC_resnet50_Freezing_07-2020Sep29shuffle1_100000filtered,Control,"Sanguino-Gomez et al., 2024",3,8,17,11250,2437,0.15111111111111111,0.26417344173441731,"Yes, all 82 manuscript-cohort videos"
137.3,Animal_137_3DLC_resnet50_Freezing_07-2020Sep29shuffle1_100000filtered,Control,"Sanguino-Gomez et al., 2024",3,8,11,11250,2437,9.7777777777777769E-2,0.26417344173441731,"Yes, all 82 manuscript-cohort videos"
145.5,Animal_145_5DLC_resnet50_Freezing_07-2020Sep29shuffle1_100000filtered,Control,"Sanguino-Gomez et al., 2024",3,8,24,11250,2437,0.21333333333333329,0.26417344173441731,"Yes, all 82 manuscript-cohort videos"
146.6,Animal_146_6DLC_resnet50_Freezing_07-2020Sep29shuffle1_100000filtered,Control,"Sanguino-Gomez et al., 2024",3,8,27,11250,2437,0.24,0.26417344173441731,"Yes, all 82 manuscript-cohort videos"
147.4,Animal_147_4DLC_resnet50_Freezing_07-2020Sep29shuffle1_100000filtered,Control,"Sanguino-Gomez et al., 2024",3,8,38,11250,2437,0.33777777777777779,0.26417344173441731,"Yes, all 82 manuscript-cohort videos"
152.3,Animal_152_3DLC_resnet50_Freezing_07-2020Sep29shuffle1_100000filtered,Control,"Sanguino-Gomez et al., 2024",3,8,5,11250,2437,4.4444444444444453E-2,0.26417344173441731,"Yes, all 82 manuscript-cohort videos"
152.5,Animal_152_5DLC_resnet50_Freezing_07-2020Sep29shuffle1_100000filtered,Control,"Sanguino-Gomez et al., 2024",3,8,11,11250,2437,9.7777777777777769E-2,0.26417344173441731,"Yes, all 82 manuscript-cohort videos"
157.1,Animal_157_1DLC_resnet50_Freezing_07-2020Sep29shuffle1_100000filtered,Control,"Sanguino-Gomez et al., 2024",3,8,46,11250,2437,0.40888888888888891,0.26417344173441731,"Yes, all 82 manuscript-cohort videos"
157.4,Animal_157_4DLC_resnet50_Freezing_07-2020Sep29shuffle1_100000filtered,Control,"Sanguino-Gomez et al., 2024",3,8,47,11250,2437,0.41777777777777769,0.26417344173441731,"Yes, all 82 manuscript-cohort videos"
158.5,Animal_158_5DLC_resnet50_Freezing_07-2020Sep29shuffle1_100000filtered,Control,"Sanguino-Gomez et al., 2024",3,8,85,11250,2437,0.75555555555555554,0.26417344173441731,"Yes, all 82 manuscript-cohort videos"
161.3,Animal_161_3DLC_resnet50_Freezing_07-2020Sep29shuffle1_100000filtered,Control,"Sanguino-Gomez et al., 2024",3,8,2,11250,2437,1.7777777777777781E-2,0.26417344173441731,"Yes, all 82 manuscript-cohort videos"
123.1,Animal_123_1DLC_resnet50_Freezing_07-2020Sep29shuffle1_100000filtered,ELS,"Sanguino-Gomez et al., 2024",3,8,6,11250,2437,5.3333333333333337E-2,0.26417344173441731,"Yes, all 82 manuscript-cohort videos"
123.3,Animal_123_3DLC_resnet50_Freezing_07-2020Sep29shuffle1_100000filtered,ELS,"Sanguino-Gomez et al., 2024",3,8,30,11250,2437,0.26666666666666672,0.26417344173441731,"Yes, all 82 manuscript-cohort videos"
128.4,Animal_128_4DLC_resnet50_Freezing_07-2020Sep29shuffle1_100000filtered,ELS,"Sanguino-Gomez et al., 2024",3,8,9,11250,2437,0.08,0.26417344173441731,"Yes, all 82 manuscript-cohort videos"
133.3,Animal_133_3DLC_resnet50_Freezing_07-2020Sep29shuffle1_100000filtered,ELS,"Sanguino-Gomez et al., 2024",3,8,6,11250,2437,5.3333333333333337E-2,0.26417344173441731,"Yes, all 82 manuscript-cohort videos"
134.2,Animal_134_2DLC_resnet50_Freezing_07-2020Sep29shuffle1_100000filtered,ELS,"Sanguino-Gomez et al., 2024",3,8,11,11250,2437,9.7777777777777769E-2,0.26417344173441731,"Yes, all 82 manuscript-cohort videos"
134.4,Animal_134_4DLC_resnet50_Freezing_07-2020Sep29shuffle1_100000filtered,ELS,"Sanguino-Gomez et al., 2024",3,8,16,11250,2437,0.14222222222222219,0.26417344173441731,"Yes, all 82 manuscript-cohort videos"
144.5,Animal_144_5DLC_resnet50_Freezing_07-2020Sep29shuffle1_100000filtered,ELS,"Sanguino-Gomez et al., 2024",3,8,14,11250,2437,0.1244444444444445,0.26417344173441731,"Yes, all 82 manuscript-cohort videos"
148.4,Animal_148_4DLC_resnet50_Freezing_07-2020Sep29shuffle1_100000filtered,ELS,"Sanguino-Gomez et al., 2024",3,8,22,11250,2437,0.19555555555555551,0.26417344173441731,"Yes, all 82 manuscript-cohort videos"
150.3,Animal_150_3DLC_resnet50_Freezing_07-2020Sep29shuffle1_100000filtered,ELS,"Sanguino-Gomez et al., 2024",3,8,3,11250,2437,2.6666666666666668E-2,0.26417344173441731,"Yes, all 82 manuscript-cohort videos"
150.5,Animal_150_5DLC_resnet50_Freezing_07-2020Sep29shuffle1_100000filtered,ELS,"Sanguino-Gomez et al., 2024",3,8,12,11250,2437,0.1066666666666667,0.26417344173441731,"Yes, all 82 manuscript-cohort videos"
153.4,Animal_153_4DLC_resnet50_Freezing_07-2020Sep29shuffle1_100000filtered,ELS,"Sanguino-Gomez et al., 2024",3,8,2,11250,2437,1.7777777777777781E-2,0.26417344173441731,"Yes, all 82 manuscript-cohort videos"
159.3,Animal_159_3DLC_resnet50_Freezing_07-2020Sep29shuffle1_100000filtered,ELS,"Sanguino-Gomez et al., 2024",3,8,1,11250,2437,8.8888888888888889E-3,0.26417344173441731,"Yes, all 82 manuscript-cohort videos"
159.4,Animal_159_4DLC_resnet50_Freezing_07-2020Sep29shuffle1_100000filtered,ELS,"Sanguino-Gomez et al., 2024",3,8,1,11250,2437,8.8888888888888889E-3,0.26417344173441731,"Yes, all 82 manuscript-cohort videos"
159.5,Animal_159_5DLC_resnet50_Freezing_07-2020Sep29shuffle1_100000filtered,ELS,"Sanguino-Gomez et al., 2024",3,8,5,11250,2437,4.4444444444444453E-2,0.26417344173441731,"Yes, all 82 manuscript-cohort videos"
11.4,Animal 11_4DLC_resnet50_Freezing_07-2020Sep29shuffle1_100000filtered,Control,"Sanguino-Gomez and Krugers, 2024",1,9,23,11250,4577,0.20444444444444451,0.4961517615176152,"Yes, all 82 manuscript-cohort videos"
11.6,Animal 11_6DLC_resnet50_Freezing_07-2020Sep29shuffle1_100000filtered,Control,"Sanguino-Gomez and Krugers, 2024",1,9,59,11250,4577,0.52444444444444449,0.4961517615176152,"Yes, all 82 manuscript-cohort videos"
34.4,Animal 34_4DLC_resnet50_Freezing_07-2020Sep29shuffle1_100000filtered,Control,"Sanguino-Gomez and Krugers, 2024",1,9,49,11250,4577,0.43555555555555547,0.4961517615176152,"Yes, all 82 manuscript-cohort videos"
34.5,Animal 34_5DLC_resnet50_Freezing_07-2020Sep29shuffle1_100000filtered,Control,"Sanguino-Gomez and Krugers, 2024",1,9,103,11250,4577,0.91555555555555557,0.4961517615176152,"Yes, all 82 manuscript-cohort videos"
40.4,Animal_40_4DLC_resnet50_Freezing_07-2020Sep29shuffle1_100000filtered,Control,"Sanguino-Gomez and Krugers, 2024",1,9,321,11250,4577,2.8533333333333331,0.4961517615176152,"Yes, all 82 manuscript-cohort videos"
40.6,Animal_40_6DLC_resnet50_Freezing_07-2020Sep29shuffle1_100000filtered,Control,"Sanguino-Gomez and Krugers, 2024",1,9,170,11250,4577,1.5111111111111111,0.4961517615176152,"Yes, all 82 manuscript-cohort videos"
41.4,Animal_41_4DLC_resnet50_Freezing_07-2020Sep29shuffle1_100000filtered,Control,"Sanguino-Gomez and Krugers, 2024",1,9,137,11250,4577,1.2177777777777781,0.4961517615176152,"Yes, all 82 manuscript-cohort videos"
41.5,Animal_41_5DLC_resnet50_Freezing_07-2020Sep29shuffle1_100000filtered,Control,"Sanguino-Gomez and Krugers, 2024",1,9,115,11250,4577,1.0222222222222219,0.4961517615176152,"Yes, all 82 manuscript-cohort videos"
41.6,Animal_41_6DLC_resnet50_Freezing_07-2020Sep29shuffle1_100000filtered,Control,"Sanguino-Gomez and Krugers, 2024",1,9,131,11250,4577,1.1644444444444451,0.4961517615176152,"Yes, all 82 manuscript-cohort videos"
47.5,Animal_47_5DLC_resnet50_Freezing_07-2020Sep29shuffle1_100000filtered,Control,"Sanguino-Gomez and Krugers, 2024",1,9,80,11250,4577,0.71111111111111114,0.4961517615176152,"Yes, all 82 manuscript-cohort videos"
5.4,Animal 5_4DLC_resnet50_Freezing_07-2020Sep29shuffle1_100000filtered,Control,"Sanguino-Gomez and Krugers, 2024",1,9,54,11250,4577,0.48,0.4961517615176152,"Yes, all 82 manuscript-cohort videos"
50.5,Animal_50_5DLC_resnet50_Freezing_07-2020Sep29shuffle1_100000filtered,Control,"Sanguino-Gomez and Krugers, 2024",1,9,83,11250,4577,0.73777777777777775,0.4961517615176152,"Yes, all 82 manuscript-cohort videos"
53.5,Animal_53_5DLC_resnet50_Freezing_07-2020Sep29shuffle1_100000filtered,Control,"Sanguino-Gomez and Krugers, 2024",1,9,94,11250,4577,0.8355555555555555,0.4961517615176152,"Yes, all 82 manuscript-cohort videos"
54.3,Animal_54_3DLC_resnet50_Freezing_07-2020Sep29shuffle1_100000filtered,Control,"Sanguino-Gomez and Krugers, 2024",1,9,75,11250,4577,0.66666666666666674,0.4961517615176152,"Yes, all 82 manuscript-cohort videos"
54.4,Animal_54_4DLC_resnet50_Freezing_07-2020Sep29shuffle1_100000filtered,Control,"Sanguino-Gomez and Krugers, 2024",1,9,15,11250,4577,0.1333333333333333,0.4961517615176152,"Yes, all 82 manuscript-cohort videos"
54.6,Animal_54_6DLC_resnet50_Freezing_07-2020Sep29shuffle1_100000filtered,Control,"Sanguino-Gomez and Krugers, 2024",1,9,62,11250,4577,0.55111111111111111,0.4961517615176152,"Yes, all 82 manuscript-cohort videos"
58.5,Animal_58_5DLC_resnet50_Freezing_07-2020Sep29shuffle1_100000filtered,Control,"Sanguino-Gomez and Krugers, 2024",1,9,248,11250,4577,2.204444444444444,0.4961517615176152,"Yes, all 82 manuscript-cohort videos"
62.1,Animal_62_1DLC_resnet50_Freezing_07-2020Sep29shuffle1_100000filtered,Control,"Sanguino-Gomez and Krugers, 2024",1,9,117,11250,4577,1.04,0.4961517615176152,"Yes, all 82 manuscript-cohort videos"
62.2,Animal_62_2DLC_resnet50_Freezing_07-2020Sep29shuffle1_100000filtered,Control,"Sanguino-Gomez and Krugers, 2024",1,9,49,11250,4577,0.43555555555555547,0.4961517615176152,"Yes, all 82 manuscript-cohort videos"
62.3,Animal_62_3DLC_resnet50_Freezing_07-2020Sep29shuffle1_100000filtered,Control,"Sanguino-Gomez and Krugers, 2024",1,9,54,11250,4577,0.48,0.4961517615176152,"Yes, all 82 manuscript-cohort videos"
62.4,Animal_62_4DLC_resnet50_Freezing_07-2020Sep29shuffle1_100000filtered,Control,"Sanguino-Gomez and Krugers, 2024",1,9,68,11250,4577,0.60444444444444445,0.4961517615176152,"Yes, all 82 manuscript-cohort videos"
62.5,Animal_62_5DLC_resnet50_Freezing_07-2020Sep29shuffle1_100000filtered,Control,"Sanguino-Gomez and Krugers, 2024",1,9,54,11250,4577,0.48,0.4961517615176152,"Yes, all 82 manuscript-cohort videos"
68.1,Animal_68_1DLC_resnet50_Freezing_07-2020Sep29shuffle1_100000filtered,Control,"Sanguino-Gomez and Krugers, 2024",1,9,75,11250,4577,0.66666666666666674,0.4961517615176152,"Yes, all 82 manuscript-cohort videos"
74.1,Animal_74_1DLC_resnet50_Freezing_07-2020Sep29shuffle1_100000filtered,Control,"Sanguino-Gomez and Krugers, 2024",1,9,8,11250,4577,7.1111111111111111E-2,0.4961517615176152,"Yes, all 82 manuscript-cohort videos"
80.3,Animal_80_3DLC_resnet50_Freezing_07-2020Sep29shuffle1_100000filtered,Control,"Sanguino-Gomez and Krugers, 2024",1,9,52,11250,4577,0.4622222222222222,0.4961517615176152,"Yes, all 82 manuscript-cohort videos"
15.4,Animal 15_4DLC_resnet50_Freezing_07-2020Sep29shuffle1_100000filtered,ELS,"Sanguino-Gomez and Krugers, 2024",1,9,41,11250,4577,0.36444444444444452,0.4961517615176152,"Yes, all 82 manuscript-cohort videos"
15.6,Animal 15_6DLC_resnet50_Freezing_07-2020Sep29shuffle1_100000filtered,ELS,"Sanguino-Gomez and Krugers, 2024",1,9,21,11250,4577,0.1866666666666667,0.4961517615176152,"Yes, all 82 manuscript-cohort videos"
2.4,Animal 2_4DLC_resnet50_Freezing_07-2020Sep29shuffle1_100000filtered,ELS,"Sanguino-Gomez and Krugers, 2024",1,9,84,11250,4577,0.7466666666666667,0.4961517615176152,"Yes, all 82 manuscript-cohort videos"
23.4,Animal 23_4DLC_resnet50_Freezing_07-2020Sep29shuffle1_100000filtered,ELS,"Sanguino-Gomez and Krugers, 2024",1,9,41,11250,4577,0.36444444444444452,0.4961517615176152,"Yes, all 82 manuscript-cohort videos"
25.1,Animal 25_1DLC_resnet50_Freezing_07-2020Sep29shuffle1_100000filtered,ELS,"Sanguino-Gomez and Krugers, 2024",1,9,39,11250,4577,0.34666666666666668,0.4961517615176152,"Yes, all 82 manuscript-cohort videos"
26.4,Animal 26_4DLC_resnet50_Freezing_07-2020Sep29shuffle1_100000filtered,ELS,"Sanguino-Gomez and Krugers, 2024",1,9,42,11250,4577,0.37333333333333341,0.4961517615176152,"Yes, all 82 manuscript-cohort videos"
32.2,Animal 32_2DLC_resnet50_Freezing_07-2020Sep29shuffle1_100000filtered,ELS,"Sanguino-Gomez and Krugers, 2024",1,9,38,11250,4577,0.33777777777777779,0.4961517615176152,"Yes, all 82 manuscript-cohort videos"
32.4,Animal 32_4DLC_resnet50_Freezing_07-2020Sep29shuffle1_100000filtered,ELS,"Sanguino-Gomez and Krugers, 2024",1,9,56,11250,4577,0.49777777777777782,0.4961517615176152,"Yes, all 82 manuscript-cohort videos"
43.3,Animal_43_3DLC_resnet50_Freezing_07-2020Sep29shuffle1_100000filtered,ELS,"Sanguino-Gomez and Krugers, 2024",1,9,185,11250,4577,1.644444444444445,0.4961517615176152,"Yes, all 82 manuscript-cohort videos"
43.5,Animal_43_5DLC_resnet50_Freezing_07-2020Sep29shuffle1_100000filtered,ELS,"Sanguino-Gomez and Krugers, 2024",1,9,96,11250,4577,0.85333333333333339,0.4961517615176152,"Yes, all 82 manuscript-cohort videos"
49.5,Animal_49_5DLC_resnet50_Freezing_07-2020Sep29shuffle1_100000filtered,ELS,"Sanguino-Gomez and Krugers, 2024",1,9,71,11250,4577,0.63111111111111107,0.4961517615176152,"Yes, all 82 manuscript-cohort videos"
49.6,Animal_49_6DLC_resnet50_Freezing_07-2020Sep29shuffle1_100000filtered,ELS,"Sanguino-Gomez and Krugers, 2024",1,9,33,11250,4577,0.29333333333333328,0.4961517615176152,"Yes, all 82 manuscript-cohort videos"
55.3,Animal_55_3DLC_resnet50_Freezing_07-2020Sep29shuffle1_100000filtered,ELS,"Sanguino-Gomez and Krugers, 2024",1,9,169,11250,4577,1.5022222222222219,0.4961517615176152,"Yes, all 82 manuscript-cohort videos"
55.5,Animal_55_5DLC_resnet50_Freezing_07-2020Sep29shuffle1_100000filtered,ELS,"Sanguino-Gomez and Krugers, 2024",1,9,74,11250,4577,0.65777777777777779,0.4961517615176152,"Yes, all 82 manuscript-cohort videos"
56.3,Animal_56_3DLC_resnet50_Freezing_07-2020Sep29shuffle1_100000filtered,ELS,"Sanguino-Gomez and Krugers, 2024",1,9,50,11250,4577,0.44444444444444442,0.4961517615176152,"Yes, all 82 manuscript-cohort videos"
63.3,Animal_63_3DLC_resnet50_Freezing_07-2020Sep29shuffle1_100000filtered,ELS,"Sanguino-Gomez and Krugers, 2024",1,9,30,11250,4577,0.26666666666666672,0.4961517615176152,"Yes, all 82 manuscript-cohort videos"
69.1,Animal_69_1DLC_resnet50_Freezing_07-2020Sep29shuffle1_100000filtered,ELS,"Sanguino-Gomez and Krugers, 2024",1,9,42,11250,4577,0.37333333333333341,0.4961517615176152,"Yes, all 82 manuscript-cohort videos"
69.2,Animal_69_2DLC_resnet50_Freezing_07-2020Sep29shuffle1_100000filtered,ELS,"Sanguino-Gomez and Krugers, 2024",1,9,97,11250,4577,0.86222222222222222,0.4961517615176152,"Yes, all 82 manuscript-cohort videos"
69.3,Animal_69_3DLC_resnet50_Freezing_07-2020Sep29shuffle1_100000filtered,ELS,"Sanguino-Gomez and Krugers, 2024",1,9,2,11250,4577,1.7777777777777781E-2,0.4961517615176152,"Yes, all 82 manuscript-cohort videos"
69.5,Animal_69_5DLC_resnet50_Freezing_07-2020Sep29shuffle1_100000filtered,ELS,"Sanguino-Gomez and Krugers, 2024",1,9,64,11250,4577,0.56888888888888889,0.4961517615176152,"Yes, all 82 manuscript-cohort videos"
73.1,Animal_73_1DLC_resnet50_Freezing_07-2020Sep29shuffle1_100000filtered,ELS,"Sanguino-Gomez and Krugers, 2024",1,9,21,11250,4577,0.1866666666666667,0.4961517615176152,"Yes, all 82 manuscript-cohort videos"
73.4,Animal_73_4DLC_resnet50_Freezing_07-2020Sep29shuffle1_100000filtered,ELS,"Sanguino-Gomez and Krugers, 2024",1,9,18,11250,4577,0.16,0.4961517615176152,"Yes, all 82 manuscript-cohort videos"
75.1,Animal_75_1DLC_resnet50_Freezing_07-2020Sep29shuffle1_100000filtered,ELS,"Sanguino-Gomez and Krugers, 2024",1,9,67,11250,4577,0.59555555555555562,0.4961517615176152,"Yes, all 82 manuscript-cohort videos"
88.2,Animal_88_2DLC_resnet50_Freezing_07-2020Sep29shuffle1_100000filtered,ELS,"Sanguino-Gomez and Krugers, 2024",1,9,16,11250,4577,0.14222222222222219,0.4961517615176152,"Yes, all 82 manuscript-cohort videos"
88.3,Animal_88_3DLC_resnet50_Freezing_07-2020Sep29shuffle1_100000filtered,ELS,"Sanguino-Gomez and Krugers, 2024",1,9,36,11250,4577,0.32,0.4961517615176152,"Yes, all 82 manuscript-cohort videos"
129.1,Animal_129_1DLC_resnet50_Freezing_07-2020Sep29shuffle1_100000filtered,Control,"Sanguino-Gomez et al., 2024",3,9,5,11250,4577,4.4444444444444453E-2,0.4961517615176152,"Yes, all 82 manuscript-cohort videos"
129.4,Animal_129_4DLC_resnet50_Freezing_07-2020Sep29shuffle1_100000filtered,Control,"Sanguino-Gomez et al., 2024",3,9,12,11250,4577,0.1066666666666667,0.4961517615176152,"Yes, all 82 manuscript-cohort videos"
136.3,Animal_136_3DLC_resnet50_Freezing_07-2020Sep29shuffle1_100000filtered,Control,"Sanguino-Gomez et al., 2024",3,9,11,11250,4577,9.7777777777777769E-2,0.4961517615176152,"Yes, all 82 manuscript-cohort videos"
136.5,Animal_136_5DLC_resnet50_Freezing_07-2020Sep29shuffle1_100000filtered,Control,"Sanguino-Gomez et al., 2024",3,9,1,11250,4577,8.8888888888888889E-3,0.4961517615176152,"Yes, all 82 manuscript-cohort videos"
137.3,Animal_137_3DLC_resnet50_Freezing_07-2020Sep29shuffle1_100000filtered,Control,"Sanguino-Gomez et al., 2024",3,9,13,11250,4577,0.11555555555555561,0.4961517615176152,"Yes, all 82 manuscript-cohort videos"
145.5,Animal_145_5DLC_resnet50_Freezing_07-2020Sep29shuffle1_100000filtered,Control,"Sanguino-Gomez et al., 2024",3,9,6,11250,4577,5.3333333333333337E-2,0.4961517615176152,"Yes, all 82 manuscript-cohort videos"
146.6,Animal_146_6DLC_resnet50_Freezing_07-2020Sep29shuffle1_100000filtered,Control,"Sanguino-Gomez et al., 2024",3,9,52,11250,4577,0.4622222222222222,0.4961517615176152,"Yes, all 82 manuscript-cohort videos"
147.4,Animal_147_4DLC_resnet50_Freezing_07-2020Sep29shuffle1_100000filtered,Control,"Sanguino-Gomez et al., 2024",3,9,55,11250,4577,0.48888888888888887,0.4961517615176152,"Yes, all 82 manuscript-cohort videos"
152.3,Animal_152_3DLC_resnet50_Freezing_07-2020Sep29shuffle1_100000filtered,Control,"Sanguino-Gomez et al., 2024",3,9,74,11250,4577,0.65777777777777779,0.4961517615176152,"Yes, all 82 manuscript-cohort videos"
152.5,Animal_152_5DLC_resnet50_Freezing_07-2020Sep29shuffle1_100000filtered,Control,"Sanguino-Gomez et al., 2024",3,9,14,11250,4577,0.1244444444444445,0.4961517615176152,"Yes, all 82 manuscript-cohort videos"
157.1,Animal_157_1DLC_resnet50_Freezing_07-2020Sep29shuffle1_100000filtered,Control,"Sanguino-Gomez et al., 2024",3,9,86,11250,4577,0.76444444444444437,0.4961517615176152,"Yes, all 82 manuscript-cohort videos"
157.4,Animal_157_4DLC_resnet50_Freezing_07-2020Sep29shuffle1_100000filtered,Control,"Sanguino-Gomez et al., 2024",3,9,105,11250,4577,0.93333333333333346,0.4961517615176152,"Yes, all 82 manuscript-cohort videos"
158.5,Animal_158_5DLC_resnet50_Freezing_07-2020Sep29shuffle1_100000filtered,Control,"Sanguino-Gomez et al., 2024",3,9,59,11250,4577,0.52444444444444449,0.4961517615176152,"Yes, all 82 manuscript-cohort videos"
161.1,Animal_161_1DLC_resnet50_Freezing_07-2020Sep29shuffle1_100000filtered,Control,"Sanguino-Gomez et al., 2024",3,9,24,11250,4577,0.21333333333333329,0.4961517615176152,"Yes, all 82 manuscript-cohort videos"
161.3,Animal_161_3DLC_resnet50_Freezing_07-2020Sep29shuffle1_100000filtered,Control,"Sanguino-Gomez et al., 2024",3,9,4,11250,4577,3.5555555555555562E-2,0.4961517615176152,"Yes, all 82 manuscript-cohort videos"
123.1,Animal_123_1DLC_resnet50_Freezing_07-2020Sep29shuffle1_100000filtered,ELS,"Sanguino-Gomez et al., 2024",3,9,30,11250,4577,0.26666666666666672,0.4961517615176152,"Yes, all 82 manuscript-cohort videos"
123.3,Animal_123_3DLC_resnet50_Freezing_07-2020Sep29shuffle1_100000filtered,ELS,"Sanguino-Gomez et al., 2024",3,9,39,11250,4577,0.34666666666666668,0.4961517615176152,"Yes, all 82 manuscript-cohort videos"
128.4,Animal_128_4DLC_resnet50_Freezing_07-2020Sep29shuffle1_100000filtered,ELS,"Sanguino-Gomez et al., 2024",3,9,4,11250,4577,3.5555555555555562E-2,0.4961517615176152,"Yes, all 82 manuscript-cohort videos"
133.3,Animal_133_3DLC_resnet50_Freezing_07-2020Sep29shuffle1_100000filtered,ELS,"Sanguino-Gomez et al., 2024",3,9,15,11250,4577,0.1333333333333333,0.4961517615176152,"Yes, all 82 manuscript-cohort videos"
134.2,Animal_134_2DLC_resnet50_Freezing_07-2020Sep29shuffle1_100000filtered,ELS,"Sanguino-Gomez et al., 2024",3,9,28,11250,4577,0.24888888888888891,0.4961517615176152,"Yes, all 82 manuscript-cohort videos"
134.4,Animal_134_4DLC_resnet50_Freezing_07-2020Sep29shuffle1_100000filtered,ELS,"Sanguino-Gomez et al., 2024",3,9,19,11250,4577,0.16888888888888889,0.4961517615176152,"Yes, all 82 manuscript-cohort videos"
144.3,Animal_144_3DLC_resnet50_Freezing_07-2020Sep29shuffle1_100000filtered,ELS,"Sanguino-Gomez et al., 2024",3,9,14,11250,4577,0.1244444444444445,0.4961517615176152,"Yes, all 82 manuscript-cohort videos"
144.5,Animal_144_5DLC_resnet50_Freezing_07-2020Sep29shuffle1_100000filtered,ELS,"Sanguino-Gomez et al., 2024",3,9,7,11250,4577,6.2222222222222227E-2,0.4961517615176152,"Yes, all 82 manuscript-cohort videos"
148.4,Animal_148_4DLC_resnet50_Freezing_07-2020Sep29shuffle1_100000filtered,ELS,"Sanguino-Gomez et al., 2024",3,9,70,11250,4577,0.62222222222222223,0.4961517615176152,"Yes, all 82 manuscript-cohort videos"
150.3,Animal_150_3DLC_resnet50_Freezing_07-2020Sep29shuffle1_100000filtered,ELS,"Sanguino-Gomez et al., 2024",3,9,4,11250,4577,3.5555555555555562E-2,0.4961517615176152,"Yes, all 82 manuscript-cohort videos"
150.5,Animal_150_5DLC_resnet50_Freezing_07-2020Sep29shuffle1_100000filtered,ELS,"Sanguino-Gomez et al., 2024",3,9,35,11250,4577,0.31111111111111112,0.4961517615176152,"Yes, all 82 manuscript-cohort videos"
153.4,Animal_153_4DLC_resnet50_Freezing_07-2020Sep29shuffle1_100000filtered,ELS,"Sanguino-Gomez et al., 2024",3,9,10,11250,4577,8.8888888888888892E-2,0.4961517615176152,"Yes, all 82 manuscript-cohort videos"
154.4,Animal_154_4DLC_resnet50_Freezing_07-2020Sep29shuffle1_100000filtered,ELS,"Sanguino-Gomez et al., 2024",3,9,21,11250,4577,0.1866666666666667,0.4961517615176152,"Yes, all 82 manuscript-cohort videos"
159.3,Animal_159_3DLC_resnet50_Freezing_07-2020Sep29shuffle1_100000filtered,ELS,"Sanguino-Gomez et al., 2024",3,9,13,11250,4577,0.11555555555555561,0.4961517615176152,"Yes, all 82 manuscript-cohort videos"
159.4,Animal_159_4DLC_resnet50_Freezing_07-2020Sep29shuffle1_100000filtered,ELS,"Sanguino-Gomez et al., 2024",3,9,4,11250,4577,3.5555555555555562E-2,0.4961517615176152,"Yes, all 82 manuscript-cohort videos"
159.5,Animal_159_5DLC_resnet50_Freezing_07-2020Sep29shuffle1_100000filtered,ELS,"Sanguino-Gomez et al., 2024",3,9,14,11250,4577,0.1244444444444445,0.4961517615176152,"Yes, all 82 manuscript-cohort videos"
11.4,Animal 11_4DLC_resnet50_Freezing_07-2020Sep29shuffle1_100000filtered,Control,"Sanguino-Gomez and Krugers, 2024",1,10,35,11250,17534,0.31111111111111112,1.90070460704607,"Yes, all 82 manuscript-cohort videos"
11.6,Animal 11_6DLC_resnet50_Freezing_07-2020Sep29shuffle1_100000filtered,Control,"Sanguino-Gomez and Krugers, 2024",1,10,42,11250,17534,0.37333333333333341,1.90070460704607,"Yes, all 82 manuscript-cohort videos"
34.4,Animal 34_4DLC_resnet50_Freezing_07-2020Sep29shuffle1_100000filtered,Control,"Sanguino-Gomez and Krugers, 2024",1,10,520,11250,17534,4.6222222222222218,1.90070460704607,"Yes, all 82 manuscript-cohort videos"
34.5,Animal 34_5DLC_resnet50_Freezing_07-2020Sep29shuffle1_100000filtered,Control,"Sanguino-Gomez and Krugers, 2024",1,10,603,11250,17534,5.36,1.90070460704607,"Yes, all 82 manuscript-cohort videos"
40.4,Animal_40_4DLC_resnet50_Freezing_07-2020Sep29shuffle1_100000filtered,Control,"Sanguino-Gomez and Krugers, 2024",1,10,381,11250,17534,3.3866666666666672,1.90070460704607,"Yes, all 82 manuscript-cohort videos"
40.6,Animal_40_6DLC_resnet50_Freezing_07-2020Sep29shuffle1_100000filtered,Control,"Sanguino-Gomez and Krugers, 2024",1,10,642,11250,17534,5.706666666666667,1.90070460704607,"Yes, all 82 manuscript-cohort videos"
41.4,Animal_41_4DLC_resnet50_Freezing_07-2020Sep29shuffle1_100000filtered,Control,"Sanguino-Gomez and Krugers, 2024",1,10,270,11250,17534,2.4,1.90070460704607,"Yes, all 82 manuscript-cohort videos"
41.5,Animal_41_5DLC_resnet50_Freezing_07-2020Sep29shuffle1_100000filtered,Control,"Sanguino-Gomez and Krugers, 2024",1,10,624,11250,17534,5.5466666666666669,1.90070460704607,"Yes, all 82 manuscript-cohort videos"
41.6,Animal_41_6DLC_resnet50_Freezing_07-2020Sep29shuffle1_100000filtered,Control,"Sanguino-Gomez and Krugers, 2024",1,10,458,11250,17534,4.0711111111111116,1.90070460704607,"Yes, all 82 manuscript-cohort videos"
47.5,Animal_47_5DLC_resnet50_Freezing_07-2020Sep29shuffle1_100000filtered,Control,"Sanguino-Gomez and Krugers, 2024",1,10,166,11250,17534,1.475555555555556,1.90070460704607,"Yes, all 82 manuscript-cohort videos"
5.4,Animal 5_4DLC_resnet50_Freezing_07-2020Sep29shuffle1_100000filtered,Control,"Sanguino-Gomez and Krugers, 2024",1,10,17,11250,17534,0.15111111111111111,1.90070460704607,"Yes, all 82 manuscript-cohort videos"
50.5,Animal_50_5DLC_resnet50_Freezing_07-2020Sep29shuffle1_100000filtered,Control,"Sanguino-Gomez and Krugers, 2024",1,10,292,11250,17534,2.5955555555555549,1.90070460704607,"Yes, all 82 manuscript-cohort videos"
53.5,Animal_53_5DLC_resnet50_Freezing_07-2020Sep29shuffle1_100000filtered,Control,"Sanguino-Gomez and Krugers, 2024",1,10,322,11250,17534,2.862222222222222,1.90070460704607,"Yes, all 82 manuscript-cohort videos"
54.3,Animal_54_3DLC_resnet50_Freezing_07-2020Sep29shuffle1_100000filtered,Control,"Sanguino-Gomez and Krugers, 2024",1,10,439,11250,17534,3.902222222222222,1.90070460704607,"Yes, all 82 manuscript-cohort videos"
54.4,Animal_54_4DLC_resnet50_Freezing_07-2020Sep29shuffle1_100000filtered,Control,"Sanguino-Gomez and Krugers, 2024",1,10,197,11250,17534,1.7511111111111111,1.90070460704607,"Yes, all 82 manuscript-cohort videos"
54.6,Animal_54_6DLC_resnet50_Freezing_07-2020Sep29shuffle1_100000filtered,Control,"Sanguino-Gomez and Krugers, 2024",1,10,486,11250,17534,4.32,1.90070460704607,"Yes, all 82 manuscript-cohort videos"
58.5,Animal_58_5DLC_resnet50_Freezing_07-2020Sep29shuffle1_100000filtered,Control,"Sanguino-Gomez and Krugers, 2024",1,10,472,11250,17534,4.1955555555555559,1.90070460704607,"Yes, all 82 manuscript-cohort videos"
62.1,Animal_62_1DLC_resnet50_Freezing_07-2020Sep29shuffle1_100000filtered,Control,"Sanguino-Gomez and Krugers, 2024",1,10,215,11250,17534,1.911111111111111,1.90070460704607,"Yes, all 82 manuscript-cohort videos"
62.2,Animal_62_2DLC_resnet50_Freezing_07-2020Sep29shuffle1_100000filtered,Control,"Sanguino-Gomez and Krugers, 2024",1,10,138,11250,17534,1.226666666666667,1.90070460704607,"Yes, all 82 manuscript-cohort videos"
62.3,Animal_62_3DLC_resnet50_Freezing_07-2020Sep29shuffle1_100000filtered,Control,"Sanguino-Gomez and Krugers, 2024",1,10,507,11250,17534,4.5066666666666668,1.90070460704607,"Yes, all 82 manuscript-cohort videos"
62.4,Animal_62_4DLC_resnet50_Freezing_07-2020Sep29shuffle1_100000filtered,Control,"Sanguino-Gomez and Krugers, 2024",1,10,571,11250,17534,5.0755555555555549,1.90070460704607,"Yes, all 82 manuscript-cohort videos"
62.5,Animal_62_5DLC_resnet50_Freezing_07-2020Sep29shuffle1_100000filtered,Control,"Sanguino-Gomez and Krugers, 2024",1,10,416,11250,17534,3.6977777777777781,1.90070460704607,"Yes, all 82 manuscript-cohort videos"
68.1,Animal_68_1DLC_resnet50_Freezing_07-2020Sep29shuffle1_100000filtered,Control,"Sanguino-Gomez and Krugers, 2024",1,10,418,11250,17534,3.7155555555555559,1.90070460704607,"Yes, all 82 manuscript-cohort videos"
74.1,Animal_74_1DLC_resnet50_Freezing_07-2020Sep29shuffle1_100000filtered,Control,"Sanguino-Gomez and Krugers, 2024",1,10,152,11250,17534,1.3511111111111109,1.90070460704607,"Yes, all 82 manuscript-cohort videos"
80.3,Animal_80_3DLC_resnet50_Freezing_07-2020Sep29shuffle1_100000filtered,Control,"Sanguino-Gomez and Krugers, 2024",1,10,146,11250,17534,1.2977777777777779,1.90070460704607,"Yes, all 82 manuscript-cohort videos"
15.4,Animal 15_4DLC_resnet50_Freezing_07-2020Sep29shuffle1_100000filtered,ELS,"Sanguino-Gomez and Krugers, 2024",1,10,53,11250,17534,0.47111111111111109,1.90070460704607,"Yes, all 82 manuscript-cohort videos"
15.6,Animal 15_6DLC_resnet50_Freezing_07-2020Sep29shuffle1_100000filtered,ELS,"Sanguino-Gomez and Krugers, 2024",1,10,79,11250,17534,0.70222222222222219,1.90070460704607,"Yes, all 82 manuscript-cohort videos"
2.4,Animal 2_4DLC_resnet50_Freezing_07-2020Sep29shuffle1_100000filtered,ELS,"Sanguino-Gomez and Krugers, 2024",1,10,17,11250,17534,0.15111111111111111,1.90070460704607,"Yes, all 82 manuscript-cohort videos"
23.4,Animal 23_4DLC_resnet50_Freezing_07-2020Sep29shuffle1_100000filtered,ELS,"Sanguino-Gomez and Krugers, 2024",1,10,163,11250,17534,1.4488888888888889,1.90070460704607,"Yes, all 82 manuscript-cohort videos"
25.1,Animal 25_1DLC_resnet50_Freezing_07-2020Sep29shuffle1_100000filtered,ELS,"Sanguino-Gomez and Krugers, 2024",1,10,139,11250,17534,1.235555555555556,1.90070460704607,"Yes, all 82 manuscript-cohort videos"
26.4,Animal 26_4DLC_resnet50_Freezing_07-2020Sep29shuffle1_100000filtered,ELS,"Sanguino-Gomez and Krugers, 2024",1,10,462,11250,17534,4.1066666666666656,1.90070460704607,"Yes, all 82 manuscript-cohort videos"
32.2,Animal 32_2DLC_resnet50_Freezing_07-2020Sep29shuffle1_100000filtered,ELS,"Sanguino-Gomez and Krugers, 2024",1,10,39,11250,17534,0.34666666666666668,1.90070460704607,"Yes, all 82 manuscript-cohort videos"
32.4,Animal 32_4DLC_resnet50_Freezing_07-2020Sep29shuffle1_100000filtered,ELS,"Sanguino-Gomez and Krugers, 2024",1,10,38,11250,17534,0.33777777777777779,1.90070460704607,"Yes, all 82 manuscript-cohort videos"
43.3,Animal_43_3DLC_resnet50_Freezing_07-2020Sep29shuffle1_100000filtered,ELS,"Sanguino-Gomez and Krugers, 2024",1,10,765,11250,17534,6.8000000000000007,1.90070460704607,"Yes, all 82 manuscript-cohort videos"
43.5,Animal_43_5DLC_resnet50_Freezing_07-2020Sep29shuffle1_100000filtered,ELS,"Sanguino-Gomez and Krugers, 2024",1,10,372,11250,17534,3.3066666666666671,1.90070460704607,"Yes, all 82 manuscript-cohort videos"
49.5,Animal_49_5DLC_resnet50_Freezing_07-2020Sep29shuffle1_100000filtered,ELS,"Sanguino-Gomez and Krugers, 2024",1,10,123,11250,17534,1.093333333333333,1.90070460704607,"Yes, all 82 manuscript-cohort videos"
49.6,Animal_49_6DLC_resnet50_Freezing_07-2020Sep29shuffle1_100000filtered,ELS,"Sanguino-Gomez and Krugers, 2024",1,10,175,11250,17534,1.555555555555556,1.90070460704607,"Yes, all 82 manuscript-cohort videos"
55.3,Animal_55_3DLC_resnet50_Freezing_07-2020Sep29shuffle1_100000filtered,ELS,"Sanguino-Gomez and Krugers, 2024",1,10,265,11250,17534,2.3555555555555561,1.90070460704607,"Yes, all 82 manuscript-cohort videos"
55.5,Animal_55_5DLC_resnet50_Freezing_07-2020Sep29shuffle1_100000filtered,ELS,"Sanguino-Gomez and Krugers, 2024",1,10,485,11250,17534,4.3111111111111118,1.90070460704607,"Yes, all 82 manuscript-cohort videos"
56.3,Animal_56_3DLC_resnet50_Freezing_07-2020Sep29shuffle1_100000filtered,ELS,"Sanguino-Gomez and Krugers, 2024",1,10,975,11250,17534,8.6666666666666679,1.90070460704607,"Yes, all 82 manuscript-cohort videos"
63.3,Animal_63_3DLC_resnet50_Freezing_07-2020Sep29shuffle1_100000filtered,ELS,"Sanguino-Gomez and Krugers, 2024",1,10,311,11250,17534,2.764444444444444,1.90070460704607,"Yes, all 82 manuscript-cohort videos"
69.1,Animal_69_1DLC_resnet50_Freezing_07-2020Sep29shuffle1_100000filtered,ELS,"Sanguino-Gomez and Krugers, 2024",1,10,398,11250,17534,3.5377777777777779,1.90070460704607,"Yes, all 82 manuscript-cohort videos"
69.2,Animal_69_2DLC_resnet50_Freezing_07-2020Sep29shuffle1_100000filtered,ELS,"Sanguino-Gomez and Krugers, 2024",1,10,369,11250,17534,3.28,1.90070460704607,"Yes, all 82 manuscript-cohort videos"
69.3,Animal_69_3DLC_resnet50_Freezing_07-2020Sep29shuffle1_100000filtered,ELS,"Sanguino-Gomez and Krugers, 2024",1,10,655,11250,17534,5.822222222222222,1.90070460704607,"Yes, all 82 manuscript-cohort videos"
69.5,Animal_69_5DLC_resnet50_Freezing_07-2020Sep29shuffle1_100000filtered,ELS,"Sanguino-Gomez and Krugers, 2024",1,10,432,11250,17534,3.84,1.90070460704607,"Yes, all 82 manuscript-cohort videos"
73.1,Animal_73_1DLC_resnet50_Freezing_07-2020Sep29shuffle1_100000filtered,ELS,"Sanguino-Gomez and Krugers, 2024",1,10,97,11250,17534,0.86222222222222222,1.90070460704607,"Yes, all 82 manuscript-cohort videos"
73.4,Animal_73_4DLC_resnet50_Freezing_07-2020Sep29shuffle1_100000filtered,ELS,"Sanguino-Gomez and Krugers, 2024",1,10,103,11250,17534,0.91555555555555557,1.90070460704607,"Yes, all 82 manuscript-cohort videos"
75.1,Animal_75_1DLC_resnet50_Freezing_07-2020Sep29shuffle1_100000filtered,ELS,"Sanguino-Gomez and Krugers, 2024",1,10,250,11250,17534,2.2222222222222219,1.90070460704607,"Yes, all 82 manuscript-cohort videos"
88.2,Animal_88_2DLC_resnet50_Freezing_07-2020Sep29shuffle1_100000filtered,ELS,"Sanguino-Gomez and Krugers, 2024",1,10,308,11250,17534,2.7377777777777781,1.90070460704607,"Yes, all 82 manuscript-cohort videos"
88.3,Animal_88_3DLC_resnet50_Freezing_07-2020Sep29shuffle1_100000filtered,ELS,"Sanguino-Gomez and Krugers, 2024",1,10,381,11250,17534,3.3866666666666672,1.90070460704607,"Yes, all 82 manuscript-cohort videos"
129.1,Animal_129_1DLC_resnet50_Freezing_07-2020Sep29shuffle1_100000filtered,Control,"Sanguino-Gomez et al., 2024",3,10,2,11250,17534,1.7777777777777781E-2,1.90070460704607,"Yes, all 82 manuscript-cohort videos"
136.2,Animal_136_2DLC_resnet50_Freezing_07-2020Sep29shuffle1_100000filtered,Control,"Sanguino-Gomez et al., 2024",3,10,36,11250,17534,0.32,1.90070460704607,"Yes, all 82 manuscript-cohort videos"
137.3,Animal_137_3DLC_resnet50_Freezing_07-2020Sep29shuffle1_100000filtered,Control,"Sanguino-Gomez et al., 2024",3,10,55,11250,17534,0.48888888888888887,1.90070460704607,"Yes, all 82 manuscript-cohort videos"
145.5,Animal_145_5DLC_resnet50_Freezing_07-2020Sep29shuffle1_100000filtered,Control,"Sanguino-Gomez et al., 2024",3,10,32,11250,17534,0.28444444444444439,1.90070460704607,"Yes, all 82 manuscript-cohort videos"
146.6,Animal_146_6DLC_resnet50_Freezing_07-2020Sep29shuffle1_100000filtered,Control,"Sanguino-Gomez et al., 2024",3,10,94,11250,17534,0.8355555555555555,1.90070460704607,"Yes, all 82 manuscript-cohort videos"
147.4,Animal_147_4DLC_resnet50_Freezing_07-2020Sep29shuffle1_100000filtered,Control,"Sanguino-Gomez et al., 2024",3,10,113,11250,17534,1.004444444444444,1.90070460704607,"Yes, all 82 manuscript-cohort videos"
152.3,Animal_152_3DLC_resnet50_Freezing_07-2020Sep29shuffle1_100000filtered,Control,"Sanguino-Gomez et al., 2024",3,10,2,11250,17534,1.7777777777777781E-2,1.90070460704607,"Yes, all 82 manuscript-cohort videos"
152.5,Animal_152_5DLC_resnet50_Freezing_07-2020Sep29shuffle1_100000filtered,Control,"Sanguino-Gomez et al., 2024",3,10,246,11250,17534,2.186666666666667,1.90070460704607,"Yes, all 82 manuscript-cohort videos"
157.1,Animal_157_1DLC_resnet50_Freezing_07-2020Sep29shuffle1_100000filtered,Control,"Sanguino-Gomez et al., 2024",3,10,71,11250,17534,0.63111111111111107,1.90070460704607,"Yes, all 82 manuscript-cohort videos"
157.4,Animal_157_4DLC_resnet50_Freezing_07-2020Sep29shuffle1_100000filtered,Control,"Sanguino-Gomez et al., 2024",3,10,122,11250,17534,1.084444444444445,1.90070460704607,"Yes, all 82 manuscript-cohort videos"
158.5,Animal_158_5DLC_resnet50_Freezing_07-2020Sep29shuffle1_100000filtered,Control,"Sanguino-Gomez et al., 2024",3,10,32,11250,17534,0.28444444444444439,1.90070460704607,"Yes, all 82 manuscript-cohort videos"
161.1,Animal_161_1DLC_resnet50_Freezing_07-2020Sep29shuffle1_100000filtered,Control,"Sanguino-Gomez et al., 2024",3,10,27,11250,17534,0.24,1.90070460704607,"Yes, all 82 manuscript-cohort videos"
161.3,Animal_161_3DLC_resnet50_Freezing_07-2020Sep29shuffle1_100000filtered,Control,"Sanguino-Gomez et al., 2024",3,10,75,11250,17534,0.66666666666666674,1.90070460704607,"Yes, all 82 manuscript-cohort videos"
123.3,Animal_123_3DLC_resnet50_Freezing_07-2020Sep29shuffle1_100000filtered,ELS,"Sanguino-Gomez et al., 2024",3,10,16,11250,17534,0.14222222222222219,1.90070460704607,"Yes, all 82 manuscript-cohort videos"
128.4,Animal_128_4DLC_resnet50_Freezing_07-2020Sep29shuffle1_100000filtered,ELS,"Sanguino-Gomez et al., 2024",3,10,6,11250,17534,5.3333333333333337E-2,1.90070460704607,"Yes, all 82 manuscript-cohort videos"
133.3,Animal_133_3DLC_resnet50_Freezing_07-2020Sep29shuffle1_100000filtered,ELS,"Sanguino-Gomez et al., 2024",3,10,30,11250,17534,0.26666666666666672,1.90070460704607,"Yes, all 82 manuscript-cohort videos"
134.2,Animal_134_2DLC_resnet50_Freezing_07-2020Sep29shuffle1_100000filtered,ELS,"Sanguino-Gomez et al., 2024",3,10,80,11250,17534,0.71111111111111114,1.90070460704607,"Yes, all 82 manuscript-cohort videos"
134.4,Animal_134_4DLC_resnet50_Freezing_07-2020Sep29shuffle1_100000filtered,ELS,"Sanguino-Gomez et al., 2024",3,10,46,11250,17534,0.40888888888888891,1.90070460704607,"Yes, all 82 manuscript-cohort videos"
144.3,Animal_144_3DLC_resnet50_Freezing_07-2020Sep29shuffle1_100000filtered,ELS,"Sanguino-Gomez et al., 2024",3,10,52,11250,17534,0.4622222222222222,1.90070460704607,"Yes, all 82 manuscript-cohort videos"
144.5,Animal_144_5DLC_resnet50_Freezing_07-2020Sep29shuffle1_100000filtered,ELS,"Sanguino-Gomez et al., 2024",3,10,6,11250,17534,5.3333333333333337E-2,1.90070460704607,"Yes, all 82 manuscript-cohort videos"
148.4,Animal_148_4DLC_resnet50_Freezing_07-2020Sep29shuffle1_100000filtered,ELS,"Sanguino-Gomez et al., 2024",3,10,101,11250,17534,0.89777777777777767,1.90070460704607,"Yes, all 82 manuscript-cohort videos"
150.3,Animal_150_3DLC_resnet50_Freezing_07-2020Sep29shuffle1_100000filtered,ELS,"Sanguino-Gomez et al., 2024",3,10,28,11250,17534,0.24888888888888891,1.90070460704607,"Yes, all 82 manuscript-cohort videos"
150.5,Animal_150_5DLC_resnet50_Freezing_07-2020Sep29shuffle1_100000filtered,ELS,"Sanguino-Gomez et al., 2024",3,10,59,11250,17534,0.52444444444444449,1.90070460704607,"Yes, all 82 manuscript-cohort videos"
153.4,Animal_153_4DLC_resnet50_Freezing_07-2020Sep29shuffle1_100000filtered,ELS,"Sanguino-Gomez et al., 2024",3,10,145,11250,17534,1.288888888888889,1.90070460704607,"Yes, all 82 manuscript-cohort videos"
154.4,Animal_154_4DLC_resnet50_Freezing_07-2020Sep29shuffle1_100000filtered,ELS,"Sanguino-Gomez et al., 2024",3,10,55,11250,17534,0.48888888888888887,1.90070460704607,"Yes, all 82 manuscript-cohort videos"
159.3,Animal_159_3DLC_resnet50_Freezing_07-2020Sep29shuffle1_100000filtered,ELS,"Sanguino-Gomez et al., 2024",3,10,5,11250,17534,4.4444444444444453E-2,1.90070460704607,"Yes, all 82 manuscript-cohort videos"
159.5,Animal_159_5DLC_resnet50_Freezing_07-2020Sep29shuffle1_100000filtered,ELS,"Sanguino-Gomez et al., 2024",3,10,15,11250,17534,0.1333333333333333,1.90070460704607,"Yes, all 82 manuscript-cohort videos"
11.4,Animal 11_4DLC_resnet50_Freezing_07-2020Sep29shuffle1_100000filtered,Control,"Sanguino-Gomez and Krugers, 2024",1,11,32,11250,8194,0.28444444444444439,0.88823848238482384,"Yes, all 82 manuscript-cohort videos"
11.6,Animal 11_6DLC_resnet50_Freezing_07-2020Sep29shuffle1_100000filtered,Control,"Sanguino-Gomez and Krugers, 2024",1,11,40,11250,8194,0.35555555555555562,0.88823848238482384,"Yes, all 82 manuscript-cohort videos"
34.4,Animal 34_4DLC_resnet50_Freezing_07-2020Sep29shuffle1_100000filtered,Control,"Sanguino-Gomez and Krugers, 2024",1,11,230,11250,8194,2.0444444444444452,0.88823848238482384,"Yes, all 82 manuscript-cohort videos"
34.5,Animal 34_5DLC_resnet50_Freezing_07-2020Sep29shuffle1_100000filtered,Control,"Sanguino-Gomez and Krugers, 2024",1,11,285,11250,8194,2.5333333333333332,0.88823848238482384,"Yes, all 82 manuscript-cohort videos"
40.4,Animal_40_4DLC_resnet50_Freezing_07-2020Sep29shuffle1_100000filtered,Control,"Sanguino-Gomez and Krugers, 2024",1,11,382,11250,8194,3.3955555555555561,0.88823848238482384,"Yes, all 82 manuscript-cohort videos"
40.6,Animal_40_6DLC_resnet50_Freezing_07-2020Sep29shuffle1_100000filtered,Control,"Sanguino-Gomez and Krugers, 2024",1,11,161,11250,8194,1.431111111111111,0.88823848238482384,"Yes, all 82 manuscript-cohort videos"
41.4,Animal_41_4DLC_resnet50_Freezing_07-2020Sep29shuffle1_100000filtered,Control,"Sanguino-Gomez and Krugers, 2024",1,11,146,11250,8194,1.2977777777777779,0.88823848238482384,"Yes, all 82 manuscript-cohort videos"
41.5,Animal_41_5DLC_resnet50_Freezing_07-2020Sep29shuffle1_100000filtered,Control,"Sanguino-Gomez and Krugers, 2024",1,11,239,11250,8194,2.1244444444444439,0.88823848238482384,"Yes, all 82 manuscript-cohort videos"
41.6,Animal_41_6DLC_resnet50_Freezing_07-2020Sep29shuffle1_100000filtered,Control,"Sanguino-Gomez and Krugers, 2024",1,11,92,11250,8194,0.81777777777777783,0.88823848238482384,"Yes, all 82 manuscript-cohort videos"
47.5,Animal_47_5DLC_resnet50_Freezing_07-2020Sep29shuffle1_100000filtered,Control,"Sanguino-Gomez and Krugers, 2024",1,11,205,11250,8194,1.822222222222222,0.88823848238482384,"Yes, all 82 manuscript-cohort videos"
5.4,Animal 5_4DLC_resnet50_Freezing_07-2020Sep29shuffle1_100000filtered,Control,"Sanguino-Gomez and Krugers, 2024",1,11,29,11250,8194,0.25777777777777777,0.88823848238482384,"Yes, all 82 manuscript-cohort videos"
50.5,Animal_50_5DLC_resnet50_Freezing_07-2020Sep29shuffle1_100000filtered,Control,"Sanguino-Gomez and Krugers, 2024",1,11,47,11250,8194,0.41777777777777769,0.88823848238482384,"Yes, all 82 manuscript-cohort videos"
53.5,Animal_53_5DLC_resnet50_Freezing_07-2020Sep29shuffle1_100000filtered,Control,"Sanguino-Gomez and Krugers, 2024",1,11,99,11250,8194,0.88,0.88823848238482384,"Yes, all 82 manuscript-cohort videos"
54.3,Animal_54_3DLC_resnet50_Freezing_07-2020Sep29shuffle1_100000filtered,Control,"Sanguino-Gomez and Krugers, 2024",1,11,243,11250,8194,2.16,0.88823848238482384,"Yes, all 82 manuscript-cohort videos"
54.4,Animal_54_4DLC_resnet50_Freezing_07-2020Sep29shuffle1_100000filtered,Control,"Sanguino-Gomez and Krugers, 2024",1,11,58,11250,8194,0.51555555555555554,0.88823848238482384,"Yes, all 82 manuscript-cohort videos"
54.6,Animal_54_6DLC_resnet50_Freezing_07-2020Sep29shuffle1_100000filtered,Control,"Sanguino-Gomez and Krugers, 2024",1,11,50,11250,8194,0.44444444444444442,0.88823848238482384,"Yes, all 82 manuscript-cohort videos"
58.5,Animal_58_5DLC_resnet50_Freezing_07-2020Sep29shuffle1_100000filtered,Control,"Sanguino-Gomez and Krugers, 2024",1,11,309,11250,8194,2.746666666666667,0.88823848238482384,"Yes, all 82 manuscript-cohort videos"
62.1,Animal_62_1DLC_resnet50_Freezing_07-2020Sep29shuffle1_100000filtered,Control,"Sanguino-Gomez and Krugers, 2024",1,11,231,11250,8194,2.0533333333333328,0.88823848238482384,"Yes, all 82 manuscript-cohort videos"
62.2,Animal_62_2DLC_resnet50_Freezing_07-2020Sep29shuffle1_100000filtered,Control,"Sanguino-Gomez and Krugers, 2024",1,11,106,11250,8194,0.94222222222222229,0.88823848238482384,"Yes, all 82 manuscript-cohort videos"
62.3,Animal_62_3DLC_resnet50_Freezing_07-2020Sep29shuffle1_100000filtered,Control,"Sanguino-Gomez and Krugers, 2024",1,11,129,11250,8194,1.1466666666666669,0.88823848238482384,"Yes, all 82 manuscript-cohort videos"
62.4,Animal_62_4DLC_resnet50_Freezing_07-2020Sep29shuffle1_100000filtered,Control,"Sanguino-Gomez and Krugers, 2024",1,11,205,11250,8194,1.822222222222222,0.88823848238482384,"Yes, all 82 manuscript-cohort videos"
62.5,Animal_62_5DLC_resnet50_Freezing_07-2020Sep29shuffle1_100000filtered,Control,"Sanguino-Gomez and Krugers, 2024",1,11,300,11250,8194,2.666666666666667,0.88823848238482384,"Yes, all 82 manuscript-cohort videos"
68.1,Animal_68_1DLC_resnet50_Freezing_07-2020Sep29shuffle1_100000filtered,Control,"Sanguino-Gomez and Krugers, 2024",1,11,126,11250,8194,1.1200000000000001,0.88823848238482384,"Yes, all 82 manuscript-cohort videos"
74.1,Animal_74_1DLC_resnet50_Freezing_07-2020Sep29shuffle1_100000filtered,Control,"Sanguino-Gomez and Krugers, 2024",1,11,67,11250,8194,0.59555555555555562,0.88823848238482384,"Yes, all 82 manuscript-cohort videos"
80.3,Animal_80_3DLC_resnet50_Freezing_07-2020Sep29shuffle1_100000filtered,Control,"Sanguino-Gomez and Krugers, 2024",1,11,41,11250,8194,0.36444444444444452,0.88823848238482384,"Yes, all 82 manuscript-cohort videos"
15.4,Animal 15_4DLC_resnet50_Freezing_07-2020Sep29shuffle1_100000filtered,ELS,"Sanguino-Gomez and Krugers, 2024",1,11,48,11250,8194,0.42666666666666669,0.88823848238482384,"Yes, all 82 manuscript-cohort videos"
15.6,Animal 15_6DLC_resnet50_Freezing_07-2020Sep29shuffle1_100000filtered,ELS,"Sanguino-Gomez and Krugers, 2024",1,11,33,11250,8194,0.29333333333333328,0.88823848238482384,"Yes, all 82 manuscript-cohort videos"
2.4,Animal 2_4DLC_resnet50_Freezing_07-2020Sep29shuffle1_100000filtered,ELS,"Sanguino-Gomez and Krugers, 2024",1,11,29,11250,8194,0.25777777777777777,0.88823848238482384,"Yes, all 82 manuscript-cohort videos"
23.4,Animal 23_4DLC_resnet50_Freezing_07-2020Sep29shuffle1_100000filtered,ELS,"Sanguino-Gomez and Krugers, 2024",1,11,290,11250,8194,2.5777777777777779,0.88823848238482384,"Yes, all 82 manuscript-cohort videos"
25.1,Animal 25_1DLC_resnet50_Freezing_07-2020Sep29shuffle1_100000filtered,ELS,"Sanguino-Gomez and Krugers, 2024",1,11,36,11250,8194,0.32,0.88823848238482384,"Yes, all 82 manuscript-cohort videos"
26.4,Animal 26_4DLC_resnet50_Freezing_07-2020Sep29shuffle1_100000filtered,ELS,"Sanguino-Gomez and Krugers, 2024",1,11,93,11250,8194,0.82666666666666666,0.88823848238482384,"Yes, all 82 manuscript-cohort videos"
32.2,Animal 32_2DLC_resnet50_Freezing_07-2020Sep29shuffle1_100000filtered,ELS,"Sanguino-Gomez and Krugers, 2024",1,11,108,11250,8194,0.96,0.88823848238482384,"Yes, all 82 manuscript-cohort videos"
32.4,Animal 32_4DLC_resnet50_Freezing_07-2020Sep29shuffle1_100000filtered,ELS,"Sanguino-Gomez and Krugers, 2024",1,11,44,11250,8194,0.39111111111111108,0.88823848238482384,"Yes, all 82 manuscript-cohort videos"
43.3,Animal_43_3DLC_resnet50_Freezing_07-2020Sep29shuffle1_100000filtered,ELS,"Sanguino-Gomez and Krugers, 2024",1,11,174,11250,8194,1.5466666666666671,0.88823848238482384,"Yes, all 82 manuscript-cohort videos"
43.5,Animal_43_5DLC_resnet50_Freezing_07-2020Sep29shuffle1_100000filtered,ELS,"Sanguino-Gomez and Krugers, 2024",1,11,243,11250,8194,2.16,0.88823848238482384,"Yes, all 82 manuscript-cohort videos"
49.5,Animal_49_5DLC_resnet50_Freezing_07-2020Sep29shuffle1_100000filtered,ELS,"Sanguino-Gomez and Krugers, 2024",1,11,144,11250,8194,1.28,0.88823848238482384,"Yes, all 82 manuscript-cohort videos"
49.6,Animal_49_6DLC_resnet50_Freezing_07-2020Sep29shuffle1_100000filtered,ELS,"Sanguino-Gomez and Krugers, 2024",1,11,74,11250,8194,0.65777777777777779,0.88823848238482384,"Yes, all 82 manuscript-cohort videos"
55.3,Animal_55_3DLC_resnet50_Freezing_07-2020Sep29shuffle1_100000filtered,ELS,"Sanguino-Gomez and Krugers, 2024",1,11,204,11250,8194,1.813333333333333,0.88823848238482384,"Yes, all 82 manuscript-cohort videos"
55.5,Animal_55_5DLC_resnet50_Freezing_07-2020Sep29shuffle1_100000filtered,ELS,"Sanguino-Gomez and Krugers, 2024",1,11,295,11250,8194,2.6222222222222218,0.88823848238482384,"Yes, all 82 manuscript-cohort videos"
56.3,Animal_56_3DLC_resnet50_Freezing_07-2020Sep29shuffle1_100000filtered,ELS,"Sanguino-Gomez and Krugers, 2024",1,11,212,11250,8194,1.884444444444445,0.88823848238482384,"Yes, all 82 manuscript-cohort videos"
63.3,Animal_63_3DLC_resnet50_Freezing_07-2020Sep29shuffle1_100000filtered,ELS,"Sanguino-Gomez and Krugers, 2024",1,11,106,11250,8194,0.94222222222222229,0.88823848238482384,"Yes, all 82 manuscript-cohort videos"
69.1,Animal_69_1DLC_resnet50_Freezing_07-2020Sep29shuffle1_100000filtered,ELS,"Sanguino-Gomez and Krugers, 2024",1,11,136,11250,8194,1.2088888888888889,0.88823848238482384,"Yes, all 82 manuscript-cohort videos"
69.2,Animal_69_2DLC_resnet50_Freezing_07-2020Sep29shuffle1_100000filtered,ELS,"Sanguino-Gomez and Krugers, 2024",1,11,212,11250,8194,1.884444444444445,0.88823848238482384,"Yes, all 82 manuscript-cohort videos"
69.3,Animal_69_3DLC_resnet50_Freezing_07-2020Sep29shuffle1_100000filtered,ELS,"Sanguino-Gomez and Krugers, 2024",1,11,95,11250,8194,0.84444444444444433,0.88823848238482384,"Yes, all 82 manuscript-cohort videos"
69.5,Animal_69_5DLC_resnet50_Freezing_07-2020Sep29shuffle1_100000filtered,ELS,"Sanguino-Gomez and Krugers, 2024",1,11,90,11250,8194,0.8,0.88823848238482384,"Yes, all 82 manuscript-cohort videos"
73.1,Animal_73_1DLC_resnet50_Freezing_07-2020Sep29shuffle1_100000filtered,ELS,"Sanguino-Gomez and Krugers, 2024",1,11,34,11250,8194,0.30222222222222223,0.88823848238482384,"Yes, all 82 manuscript-cohort videos"
73.4,Animal_73_4DLC_resnet50_Freezing_07-2020Sep29shuffle1_100000filtered,ELS,"Sanguino-Gomez and Krugers, 2024",1,11,15,11250,8194,0.1333333333333333,0.88823848238482384,"Yes, all 82 manuscript-cohort videos"
75.1,Animal_75_1DLC_resnet50_Freezing_07-2020Sep29shuffle1_100000filtered,ELS,"Sanguino-Gomez and Krugers, 2024",1,11,103,11250,8194,0.91555555555555557,0.88823848238482384,"Yes, all 82 manuscript-cohort videos"
88.2,Animal_88_2DLC_resnet50_Freezing_07-2020Sep29shuffle1_100000filtered,ELS,"Sanguino-Gomez and Krugers, 2024",1,11,141,11250,8194,1.253333333333333,0.88823848238482384,"Yes, all 82 manuscript-cohort videos"
88.3,Animal_88_3DLC_resnet50_Freezing_07-2020Sep29shuffle1_100000filtered,ELS,"Sanguino-Gomez and Krugers, 2024",1,11,192,11250,8194,1.706666666666667,0.88823848238482384,"Yes, all 82 manuscript-cohort videos"
129.4,Animal_129_4DLC_resnet50_Freezing_07-2020Sep29shuffle1_100000filtered,Control,"Sanguino-Gomez et al., 2024",3,11,15,11250,8194,0.1333333333333333,0.88823848238482384,"Yes, all 82 manuscript-cohort videos"
136.2,Animal_136_2DLC_resnet50_Freezing_07-2020Sep29shuffle1_100000filtered,Control,"Sanguino-Gomez et al., 2024",3,11,22,11250,8194,0.19555555555555551,0.88823848238482384,"Yes, all 82 manuscript-cohort videos"
136.3,Animal_136_3DLC_resnet50_Freezing_07-2020Sep29shuffle1_100000filtered,Control,"Sanguino-Gomez et al., 2024",3,11,3,11250,8194,2.6666666666666668E-2,0.88823848238482384,"Yes, all 82 manuscript-cohort videos"
137.3,Animal_137_3DLC_resnet50_Freezing_07-2020Sep29shuffle1_100000filtered,Control,"Sanguino-Gomez et al., 2024",3,11,69,11250,8194,0.6133333333333334,0.88823848238482384,"Yes, all 82 manuscript-cohort videos"
145.5,Animal_145_5DLC_resnet50_Freezing_07-2020Sep29shuffle1_100000filtered,Control,"Sanguino-Gomez et al., 2024",3,11,62,11250,8194,0.55111111111111111,0.88823848238482384,"Yes, all 82 manuscript-cohort videos"
146.6,Animal_146_6DLC_resnet50_Freezing_07-2020Sep29shuffle1_100000filtered,Control,"Sanguino-Gomez et al., 2024",3,11,4,11250,8194,3.5555555555555562E-2,0.88823848238482384,"Yes, all 82 manuscript-cohort videos"
147.4,Animal_147_4DLC_resnet50_Freezing_07-2020Sep29shuffle1_100000filtered,Control,"Sanguino-Gomez et al., 2024",3,11,47,11250,8194,0.41777777777777769,0.88823848238482384,"Yes, all 82 manuscript-cohort videos"
152.3,Animal_152_3DLC_resnet50_Freezing_07-2020Sep29shuffle1_100000filtered,Control,"Sanguino-Gomez et al., 2024",3,11,105,11250,8194,0.93333333333333346,0.88823848238482384,"Yes, all 82 manuscript-cohort videos"
152.5,Animal_152_5DLC_resnet50_Freezing_07-2020Sep29shuffle1_100000filtered,Control,"Sanguino-Gomez et al., 2024",3,11,30,11250,8194,0.26666666666666672,0.88823848238482384,"Yes, all 82 manuscript-cohort videos"
157.1,Animal_157_1DLC_resnet50_Freezing_07-2020Sep29shuffle1_100000filtered,Control,"Sanguino-Gomez et al., 2024",3,11,85,11250,8194,0.75555555555555554,0.88823848238482384,"Yes, all 82 manuscript-cohort videos"
157.4,Animal_157_4DLC_resnet50_Freezing_07-2020Sep29shuffle1_100000filtered,Control,"Sanguino-Gomez et al., 2024",3,11,22,11250,8194,0.19555555555555551,0.88823848238482384,"Yes, all 82 manuscript-cohort videos"
158.5,Animal_158_5DLC_resnet50_Freezing_07-2020Sep29shuffle1_100000filtered,Control,"Sanguino-Gomez et al., 2024",3,11,34,11250,8194,0.30222222222222223,0.88823848238482384,"Yes, all 82 manuscript-cohort videos"
161.1,Animal_161_1DLC_resnet50_Freezing_07-2020Sep29shuffle1_100000filtered,Control,"Sanguino-Gomez et al., 2024",3,11,32,11250,8194,0.28444444444444439,0.88823848238482384,"Yes, all 82 manuscript-cohort videos"
161.3,Animal_161_3DLC_resnet50_Freezing_07-2020Sep29shuffle1_100000filtered,Control,"Sanguino-Gomez et al., 2024",3,11,36,11250,8194,0.32,0.88823848238482384,"Yes, all 82 manuscript-cohort videos"
123.1,Animal_123_1DLC_resnet50_Freezing_07-2020Sep29shuffle1_100000filtered,ELS,"Sanguino-Gomez et al., 2024",3,11,3,11250,8194,2.6666666666666668E-2,0.88823848238482384,"Yes, all 82 manuscript-cohort videos"
123.3,Animal_123_3DLC_resnet50_Freezing_07-2020Sep29shuffle1_100000filtered,ELS,"Sanguino-Gomez et al., 2024",3,11,16,11250,8194,0.14222222222222219,0.88823848238482384,"Yes, all 82 manuscript-cohort videos"
128.4,Animal_128_4DLC_resnet50_Freezing_07-2020Sep29shuffle1_100000filtered,ELS,"Sanguino-Gomez et al., 2024",3,11,2,11250,8194,1.7777777777777781E-2,0.88823848238482384,"Yes, all 82 manuscript-cohort videos"
133.3,Animal_133_3DLC_resnet50_Freezing_07-2020Sep29shuffle1_100000filtered,ELS,"Sanguino-Gomez et al., 2024",3,11,52,11250,8194,0.4622222222222222,0.88823848238482384,"Yes, all 82 manuscript-cohort videos"
134.2,Animal_134_2DLC_resnet50_Freezing_07-2020Sep29shuffle1_100000filtered,ELS,"Sanguino-Gomez et al., 2024",3,11,55,11250,8194,0.48888888888888887,0.88823848238482384,"Yes, all 82 manuscript-cohort videos"
134.4,Animal_134_4DLC_resnet50_Freezing_07-2020Sep29shuffle1_100000filtered,ELS,"Sanguino-Gomez et al., 2024",3,11,84,11250,8194,0.7466666666666667,0.88823848238482384,"Yes, all 82 manuscript-cohort videos"
144.3,Animal_144_3DLC_resnet50_Freezing_07-2020Sep29shuffle1_100000filtered,ELS,"Sanguino-Gomez et al., 2024",3,11,38,11250,8194,0.33777777777777779,0.88823848238482384,"Yes, all 82 manuscript-cohort videos"
144.5,Animal_144_5DLC_resnet50_Freezing_07-2020Sep29shuffle1_100000filtered,ELS,"Sanguino-Gomez et al., 2024",3,11,48,11250,8194,0.42666666666666669,0.88823848238482384,"Yes, all 82 manuscript-cohort videos"
148.4,Animal_148_4DLC_resnet50_Freezing_07-2020Sep29shuffle1_100000filtered,ELS,"Sanguino-Gomez et al., 2024",3,11,109,11250,8194,0.96888888888888891,0.88823848238482384,"Yes, all 82 manuscript-cohort videos"
150.3,Animal_150_3DLC_resnet50_Freezing_07-2020Sep29shuffle1_100000filtered,ELS,"Sanguino-Gomez et al., 2024",3,11,18,11250,8194,0.16,0.88823848238482384,"Yes, all 82 manuscript-cohort videos"
150.5,Animal_150_5DLC_resnet50_Freezing_07-2020Sep29shuffle1_100000filtered,ELS,"Sanguino-Gomez et al., 2024",3,11,48,11250,8194,0.42666666666666669,0.88823848238482384,"Yes, all 82 manuscript-cohort videos"
153.4,Animal_153_4DLC_resnet50_Freezing_07-2020Sep29shuffle1_100000filtered,ELS,"Sanguino-Gomez et al., 2024",3,11,27,11250,8194,0.24,0.88823848238482384,"Yes, all 82 manuscript-cohort videos"
154.4,Animal_154_4DLC_resnet50_Freezing_07-2020Sep29shuffle1_100000filtered,ELS,"Sanguino-Gomez et al., 2024",3,11,67,11250,8194,0.59555555555555562,0.88823848238482384,"Yes, all 82 manuscript-cohort videos"
159.3,Animal_159_3DLC_resnet50_Freezing_07-2020Sep29shuffle1_100000filtered,ELS,"Sanguino-Gomez et al., 2024",3,11,23,11250,8194,0.20444444444444451,0.88823848238482384,"Yes, all 82 manuscript-cohort videos"
159.4,Animal_159_4DLC_resnet50_Freezing_07-2020Sep29shuffle1_100000filtered,ELS,"Sanguino-Gomez et al., 2024",3,11,17,11250,8194,0.15111111111111111,0.88823848238482384,"Yes, all 82 manuscript-cohort videos"
159.5,Animal_159_5DLC_resnet50_Freezing_07-2020Sep29shuffle1_100000filtered,ELS,"Sanguino-Gomez et al., 2024",3,11,18,11250,8194,0.16,0.88823848238482384,"Yes, all 82 manuscript-cohort videos"
11.4,Animal 11_4DLC_resnet50_Freezing_07-2020Sep29shuffle1_100000filtered,Control,"Sanguino-Gomez and Krugers, 2024",1,12,105,11250,9702,0.93333333333333346,1.051707317073171,"Yes, all 82 manuscript-cohort videos"
11.6,Animal 11_6DLC_resnet50_Freezing_07-2020Sep29shuffle1_100000filtered,Control,"Sanguino-Gomez and Krugers, 2024",1,12,31,11250,9702,0.27555555555555561,1.051707317073171,"Yes, all 82 manuscript-cohort videos"
34.4,Animal 34_4DLC_resnet50_Freezing_07-2020Sep29shuffle1_100000filtered,Control,"Sanguino-Gomez and Krugers, 2024",1,12,79,11250,9702,0.70222222222222219,1.051707317073171,"Yes, all 82 manuscript-cohort videos"
34.5,Animal 34_5DLC_resnet50_Freezing_07-2020Sep29shuffle1_100000filtered,Control,"Sanguino-Gomez and Krugers, 2024",1,12,211,11250,9702,1.8755555555555561,1.051707317073171,"Yes, all 82 manuscript-cohort videos"
40.4,Animal_40_4DLC_resnet50_Freezing_07-2020Sep29shuffle1_100000filtered,Control,"Sanguino-Gomez and Krugers, 2024",1,12,211,11250,9702,1.8755555555555561,1.051707317073171,"Yes, all 82 manuscript-cohort videos"
40.6,Animal_40_6DLC_resnet50_Freezing_07-2020Sep29shuffle1_100000filtered,Control,"Sanguino-Gomez and Krugers, 2024",1,12,138,11250,9702,1.226666666666667,1.051707317073171,"Yes, all 82 manuscript-cohort videos"
41.4,Animal_41_4DLC_resnet50_Freezing_07-2020Sep29shuffle1_100000filtered,Control,"Sanguino-Gomez and Krugers, 2024",1,12,207,11250,9702,1.84,1.051707317073171,"Yes, all 82 manuscript-cohort videos"
41.5,Animal_41_5DLC_resnet50_Freezing_07-2020Sep29shuffle1_100000filtered,Control,"Sanguino-Gomez and Krugers, 2024",1,12,94,11250,9702,0.8355555555555555,1.051707317073171,"Yes, all 82 manuscript-cohort videos"
41.6,Animal_41_6DLC_resnet50_Freezing_07-2020Sep29shuffle1_100000filtered,Control,"Sanguino-Gomez and Krugers, 2024",1,12,133,11250,9702,1.1822222222222221,1.051707317073171,"Yes, all 82 manuscript-cohort videos"
47.5,Animal_47_5DLC_resnet50_Freezing_07-2020Sep29shuffle1_100000filtered,Control,"Sanguino-Gomez and Krugers, 2024",1,12,202,11250,9702,1.7955555555555549,1.051707317073171,"Yes, all 82 manuscript-cohort videos"
5.4,Animal 5_4DLC_resnet50_Freezing_07-2020Sep29shuffle1_100000filtered,Control,"Sanguino-Gomez and Krugers, 2024",1,12,34,11250,9702,0.30222222222222223,1.051707317073171,"Yes, all 82 manuscript-cohort videos"
50.5,Animal_50_5DLC_resnet50_Freezing_07-2020Sep29shuffle1_100000filtered,Control,"Sanguino-Gomez and Krugers, 2024",1,12,155,11250,9702,1.377777777777778,1.051707317073171,"Yes, all 82 manuscript-cohort videos"
53.5,Animal_53_5DLC_resnet50_Freezing_07-2020Sep29shuffle1_100000filtered,Control,"Sanguino-Gomez and Krugers, 2024",1,12,154,11250,9702,1.368888888888889,1.051707317073171,"Yes, all 82 manuscript-cohort videos"
54.3,Animal_54_3DLC_resnet50_Freezing_07-2020Sep29shuffle1_100000filtered,Control,"Sanguino-Gomez and Krugers, 2024",1,12,76,11250,9702,0.67555555555555558,1.051707317073171,"Yes, all 82 manuscript-cohort videos"
54.4,Animal_54_4DLC_resnet50_Freezing_07-2020Sep29shuffle1_100000filtered,Control,"Sanguino-Gomez and Krugers, 2024",1,12,32,11250,9702,0.28444444444444439,1.051707317073171,"Yes, all 82 manuscript-cohort videos"
54.6,Animal_54_6DLC_resnet50_Freezing_07-2020Sep29shuffle1_100000filtered,Control,"Sanguino-Gomez and Krugers, 2024",1,12,116,11250,9702,1.0311111111111111,1.051707317073171,"Yes, all 82 manuscript-cohort videos"
58.5,Animal_58_5DLC_resnet50_Freezing_07-2020Sep29shuffle1_100000filtered,Control,"Sanguino-Gomez and Krugers, 2024",1,12,189,11250,9702,1.68,1.051707317073171,"Yes, all 82 manuscript-cohort videos"
62.1,Animal_62_1DLC_resnet50_Freezing_07-2020Sep29shuffle1_100000filtered,Control,"Sanguino-Gomez and Krugers, 2024",1,12,141,11250,9702,1.253333333333333,1.051707317073171,"Yes, all 82 manuscript-cohort videos"
62.2,Animal_62_2DLC_resnet50_Freezing_07-2020Sep29shuffle1_100000filtered,Control,"Sanguino-Gomez and Krugers, 2024",1,12,42,11250,9702,0.37333333333333341,1.051707317073171,"Yes, all 82 manuscript-cohort videos"
62.3,Animal_62_3DLC_resnet50_Freezing_07-2020Sep29shuffle1_100000filtered,Control,"Sanguino-Gomez and Krugers, 2024",1,12,104,11250,9702,0.9244444444444444,1.051707317073171,"Yes, all 82 manuscript-cohort videos"
62.4,Animal_62_4DLC_resnet50_Freezing_07-2020Sep29shuffle1_100000filtered,Control,"Sanguino-Gomez and Krugers, 2024",1,12,67,11250,9702,0.59555555555555562,1.051707317073171,"Yes, all 82 manuscript-cohort videos"
62.5,Animal_62_5DLC_resnet50_Freezing_07-2020Sep29shuffle1_100000filtered,Control,"Sanguino-Gomez and Krugers, 2024",1,12,183,11250,9702,1.626666666666666,1.051707317073171,"Yes, all 82 manuscript-cohort videos"
68.1,Animal_68_1DLC_resnet50_Freezing_07-2020Sep29shuffle1_100000filtered,Control,"Sanguino-Gomez and Krugers, 2024",1,12,94,11250,9702,0.8355555555555555,1.051707317073171,"Yes, all 82 manuscript-cohort videos"
74.1,Animal_74_1DLC_resnet50_Freezing_07-2020Sep29shuffle1_100000filtered,Control,"Sanguino-Gomez and Krugers, 2024",1,12,61,11250,9702,0.54222222222222227,1.051707317073171,"Yes, all 82 manuscript-cohort videos"
80.3,Animal_80_3DLC_resnet50_Freezing_07-2020Sep29shuffle1_100000filtered,Control,"Sanguino-Gomez and Krugers, 2024",1,12,62,11250,9702,0.55111111111111111,1.051707317073171,"Yes, all 82 manuscript-cohort videos"
15.4,Animal 15_4DLC_resnet50_Freezing_07-2020Sep29shuffle1_100000filtered,ELS,"Sanguino-Gomez and Krugers, 2024",1,12,71,11250,9702,0.63111111111111107,1.051707317073171,"Yes, all 82 manuscript-cohort videos"
15.6,Animal 15_6DLC_resnet50_Freezing_07-2020Sep29shuffle1_100000filtered,ELS,"Sanguino-Gomez and Krugers, 2024",1,12,68,11250,9702,0.60444444444444445,1.051707317073171,"Yes, all 82 manuscript-cohort videos"
2.4,Animal 2_4DLC_resnet50_Freezing_07-2020Sep29shuffle1_100000filtered,ELS,"Sanguino-Gomez and Krugers, 2024",1,12,71,11250,9702,0.63111111111111107,1.051707317073171,"Yes, all 82 manuscript-cohort videos"
23.4,Animal 23_4DLC_resnet50_Freezing_07-2020Sep29shuffle1_100000filtered,ELS,"Sanguino-Gomez and Krugers, 2024",1,12,78,11250,9702,0.69333333333333336,1.051707317073171,"Yes, all 82 manuscript-cohort videos"
25.1,Animal 25_1DLC_resnet50_Freezing_07-2020Sep29shuffle1_100000filtered,ELS,"Sanguino-Gomez and Krugers, 2024",1,12,114,11250,9702,1.013333333333333,1.051707317073171,"Yes, all 82 manuscript-cohort videos"
26.4,Animal 26_4DLC_resnet50_Freezing_07-2020Sep29shuffle1_100000filtered,ELS,"Sanguino-Gomez and Krugers, 2024",1,12,130,11250,9702,1.155555555555555,1.051707317073171,"Yes, all 82 manuscript-cohort videos"
32.2,Animal 32_2DLC_resnet50_Freezing_07-2020Sep29shuffle1_100000filtered,ELS,"Sanguino-Gomez and Krugers, 2024",1,12,37,11250,9702,0.3288888888888889,1.051707317073171,"Yes, all 82 manuscript-cohort videos"
32.4,Animal 32_4DLC_resnet50_Freezing_07-2020Sep29shuffle1_100000filtered,ELS,"Sanguino-Gomez and Krugers, 2024",1,12,50,11250,9702,0.44444444444444442,1.051707317073171,"Yes, all 82 manuscript-cohort videos"
43.3,Animal_43_3DLC_resnet50_Freezing_07-2020Sep29shuffle1_100000filtered,ELS,"Sanguino-Gomez and Krugers, 2024",1,12,58,11250,9702,0.51555555555555554,1.051707317073171,"Yes, all 82 manuscript-cohort videos"
43.5,Animal_43_5DLC_resnet50_Freezing_07-2020Sep29shuffle1_100000filtered,ELS,"Sanguino-Gomez and Krugers, 2024",1,12,149,11250,9702,1.3244444444444441,1.051707317073171,"Yes, all 82 manuscript-cohort videos"
49.5,Animal_49_5DLC_resnet50_Freezing_07-2020Sep29shuffle1_100000filtered,ELS,"Sanguino-Gomez and Krugers, 2024",1,12,138,11250,9702,1.226666666666667,1.051707317073171,"Yes, all 82 manuscript-cohort videos"
49.6,Animal_49_6DLC_resnet50_Freezing_07-2020Sep29shuffle1_100000filtered,ELS,"Sanguino-Gomez and Krugers, 2024",1,12,66,11250,9702,0.58666666666666667,1.051707317073171,"Yes, all 82 manuscript-cohort videos"
55.3,Animal_55_3DLC_resnet50_Freezing_07-2020Sep29shuffle1_100000filtered,ELS,"Sanguino-Gomez and Krugers, 2024",1,12,314,11250,9702,2.7911111111111109,1.051707317073171,"Yes, all 82 manuscript-cohort videos"
55.5,Animal_55_5DLC_resnet50_Freezing_07-2020Sep29shuffle1_100000filtered,ELS,"Sanguino-Gomez and Krugers, 2024",1,12,231,11250,9702,2.0533333333333328,1.051707317073171,"Yes, all 82 manuscript-cohort videos"
56.3,Animal_56_3DLC_resnet50_Freezing_07-2020Sep29shuffle1_100000filtered,ELS,"Sanguino-Gomez and Krugers, 2024",1,12,207,11250,9702,1.84,1.051707317073171,"Yes, all 82 manuscript-cohort videos"
63.3,Animal_63_3DLC_resnet50_Freezing_07-2020Sep29shuffle1_100000filtered,ELS,"Sanguino-Gomez and Krugers, 2024",1,12,113,11250,9702,1.004444444444444,1.051707317073171,"Yes, all 82 manuscript-cohort videos"
69.1,Animal_69_1DLC_resnet50_Freezing_07-2020Sep29shuffle1_100000filtered,ELS,"Sanguino-Gomez and Krugers, 2024",1,12,111,11250,9702,0.98666666666666658,1.051707317073171,"Yes, all 82 manuscript-cohort videos"
69.2,Animal_69_2DLC_resnet50_Freezing_07-2020Sep29shuffle1_100000filtered,ELS,"Sanguino-Gomez and Krugers, 2024",1,12,208,11250,9702,1.848888888888889,1.051707317073171,"Yes, all 82 manuscript-cohort videos"
69.3,Animal_69_3DLC_resnet50_Freezing_07-2020Sep29shuffle1_100000filtered,ELS,"Sanguino-Gomez and Krugers, 2024",1,12,111,11250,9702,0.98666666666666658,1.051707317073171,"Yes, all 82 manuscript-cohort videos"
69.5,Animal_69_5DLC_resnet50_Freezing_07-2020Sep29shuffle1_100000filtered,ELS,"Sanguino-Gomez and Krugers, 2024",1,12,174,11250,9702,1.5466666666666671,1.051707317073171,"Yes, all 82 manuscript-cohort videos"
73.1,Animal_73_1DLC_resnet50_Freezing_07-2020Sep29shuffle1_100000filtered,ELS,"Sanguino-Gomez and Krugers, 2024",1,12,82,11250,9702,0.72888888888888892,1.051707317073171,"Yes, all 82 manuscript-cohort videos"
73.4,Animal_73_4DLC_resnet50_Freezing_07-2020Sep29shuffle1_100000filtered,ELS,"Sanguino-Gomez and Krugers, 2024",1,12,86,11250,9702,0.76444444444444437,1.051707317073171,"Yes, all 82 manuscript-cohort videos"
75.1,Animal_75_1DLC_resnet50_Freezing_07-2020Sep29shuffle1_100000filtered,ELS,"Sanguino-Gomez and Krugers, 2024",1,12,325,11250,9702,2.8888888888888888,1.051707317073171,"Yes, all 82 manuscript-cohort videos"
88.2,Animal_88_2DLC_resnet50_Freezing_07-2020Sep29shuffle1_100000filtered,ELS,"Sanguino-Gomez and Krugers, 2024",1,12,154,11250,9702,1.368888888888889,1.051707317073171,"Yes, all 82 manuscript-cohort videos"
88.3,Animal_88_3DLC_resnet50_Freezing_07-2020Sep29shuffle1_100000filtered,ELS,"Sanguino-Gomez and Krugers, 2024",1,12,199,11250,9702,1.768888888888889,1.051707317073171,"Yes, all 82 manuscript-cohort videos"
129.1,Animal_129_1DLC_resnet50_Freezing_07-2020Sep29shuffle1_100000filtered,Control,"Sanguino-Gomez et al., 2024",3,12,23,11250,9702,0.20444444444444451,1.051707317073171,"Yes, all 82 manuscript-cohort videos"
136.2,Animal_136_2DLC_resnet50_Freezing_07-2020Sep29shuffle1_100000filtered,Control,"Sanguino-Gomez et al., 2024",3,12,54,11250,9702,0.48,1.051707317073171,"Yes, all 82 manuscript-cohort videos"
136.3,Animal_136_3DLC_resnet50_Freezing_07-2020Sep29shuffle1_100000filtered,Control,"Sanguino-Gomez et al., 2024",3,12,52,11250,9702,0.4622222222222222,1.051707317073171,"Yes, all 82 manuscript-cohort videos"
136.5,Animal_136_5DLC_resnet50_Freezing_07-2020Sep29shuffle1_100000filtered,Control,"Sanguino-Gomez et al., 2024",3,12,18,11250,9702,0.16,1.051707317073171,"Yes, all 82 manuscript-cohort videos"
137.3,Animal_137_3DLC_resnet50_Freezing_07-2020Sep29shuffle1_100000filtered,Control,"Sanguino-Gomez et al., 2024",3,12,243,11250,9702,2.16,1.051707317073171,"Yes, all 82 manuscript-cohort videos"
145.5,Animal_145_5DLC_resnet50_Freezing_07-2020Sep29shuffle1_100000filtered,Control,"Sanguino-Gomez et al., 2024",3,12,168,11250,9702,1.493333333333333,1.051707317073171,"Yes, all 82 manuscript-cohort videos"
146.6,Animal_146_6DLC_resnet50_Freezing_07-2020Sep29shuffle1_100000filtered,Control,"Sanguino-Gomez et al., 2024",3,12,98,11250,9702,0.87111111111111106,1.051707317073171,"Yes, all 82 manuscript-cohort videos"
147.4,Animal_147_4DLC_resnet50_Freezing_07-2020Sep29shuffle1_100000filtered,Control,"Sanguino-Gomez et al., 2024",3,12,86,11250,9702,0.76444444444444437,1.051707317073171,"Yes, all 82 manuscript-cohort videos"
152.3,Animal_152_3DLC_resnet50_Freezing_07-2020Sep29shuffle1_100000filtered,Control,"Sanguino-Gomez et al., 2024",3,12,265,11250,9702,2.3555555555555561,1.051707317073171,"Yes, all 82 manuscript-cohort videos"
152.5,Animal_152_5DLC_resnet50_Freezing_07-2020Sep29shuffle1_100000filtered,Control,"Sanguino-Gomez et al., 2024",3,12,116,11250,9702,1.0311111111111111,1.051707317073171,"Yes, all 82 manuscript-cohort videos"
157.1,Animal_157_1DLC_resnet50_Freezing_07-2020Sep29shuffle1_100000filtered,Control,"Sanguino-Gomez et al., 2024",3,12,294,11250,9702,2.6133333333333328,1.051707317073171,"Yes, all 82 manuscript-cohort videos"
157.4,Animal_157_4DLC_resnet50_Freezing_07-2020Sep29shuffle1_100000filtered,Control,"Sanguino-Gomez et al., 2024",3,12,126,11250,9702,1.1200000000000001,1.051707317073171,"Yes, all 82 manuscript-cohort videos"
158.5,Animal_158_5DLC_resnet50_Freezing_07-2020Sep29shuffle1_100000filtered,Control,"Sanguino-Gomez et al., 2024",3,12,73,11250,9702,0.64888888888888885,1.051707317073171,"Yes, all 82 manuscript-cohort videos"
161.1,Animal_161_1DLC_resnet50_Freezing_07-2020Sep29shuffle1_100000filtered,Control,"Sanguino-Gomez et al., 2024",3,12,110,11250,9702,0.97777777777777775,1.051707317073171,"Yes, all 82 manuscript-cohort videos"
161.3,Animal_161_3DLC_resnet50_Freezing_07-2020Sep29shuffle1_100000filtered,Control,"Sanguino-Gomez et al., 2024",3,12,131,11250,9702,1.1644444444444451,1.051707317073171,"Yes, all 82 manuscript-cohort videos"
123.1,Animal_123_1DLC_resnet50_Freezing_07-2020Sep29shuffle1_100000filtered,ELS,"Sanguino-Gomez et al., 2024",3,12,31,11250,9702,0.27555555555555561,1.051707317073171,"Yes, all 82 manuscript-cohort videos"
123.3,Animal_123_3DLC_resnet50_Freezing_07-2020Sep29shuffle1_100000filtered,ELS,"Sanguino-Gomez et al., 2024",3,12,120,11250,9702,1.0666666666666671,1.051707317073171,"Yes, all 82 manuscript-cohort videos"
128.4,Animal_128_4DLC_resnet50_Freezing_07-2020Sep29shuffle1_100000filtered,ELS,"Sanguino-Gomez et al., 2024",3,12,73,11250,9702,0.64888888888888885,1.051707317073171,"Yes, all 82 manuscript-cohort videos"
133.3,Animal_133_3DLC_resnet50_Freezing_07-2020Sep29shuffle1_100000filtered,ELS,"Sanguino-Gomez et al., 2024",3,12,127,11250,9702,1.1288888888888891,1.051707317073171,"Yes, all 82 manuscript-cohort videos"
134.2,Animal_134_2DLC_resnet50_Freezing_07-2020Sep29shuffle1_100000filtered,ELS,"Sanguino-Gomez et al., 2024",3,12,228,11250,9702,2.026666666666666,1.051707317073171,"Yes, all 82 manuscript-cohort videos"
134.4,Animal_134_4DLC_resnet50_Freezing_07-2020Sep29shuffle1_100000filtered,ELS,"Sanguino-Gomez et al., 2024",3,12,200,11250,9702,1.7777777777777779,1.051707317073171,"Yes, all 82 manuscript-cohort videos"
144.3,Animal_144_3DLC_resnet50_Freezing_07-2020Sep29shuffle1_100000filtered,ELS,"Sanguino-Gomez et al., 2024",3,12,59,11250,9702,0.52444444444444449,1.051707317073171,"Yes, all 82 manuscript-cohort videos"
144.5,Animal_144_5DLC_resnet50_Freezing_07-2020Sep29shuffle1_100000filtered,ELS,"Sanguino-Gomez et al., 2024",3,12,37,11250,9702,0.3288888888888889,1.051707317073171,"Yes, all 82 manuscript-cohort videos"
148.4,Animal_148_4DLC_resnet50_Freezing_07-2020Sep29shuffle1_100000filtered,ELS,"Sanguino-Gomez et al., 2024",3,12,223,11250,9702,1.9822222222222221,1.051707317073171,"Yes, all 82 manuscript-cohort videos"
150.5,Animal_150_5DLC_resnet50_Freezing_07-2020Sep29shuffle1_100000filtered,ELS,"Sanguino-Gomez et al., 2024",3,12,260,11250,9702,2.3111111111111109,1.051707317073171,"Yes, all 82 manuscript-cohort videos"
153.4,Animal_153_4DLC_resnet50_Freezing_07-2020Sep29shuffle1_100000filtered,ELS,"Sanguino-Gomez et al., 2024",3,12,22,11250,9702,0.19555555555555551,1.051707317073171,"Yes, all 82 manuscript-cohort videos"
154.4,Animal_154_4DLC_resnet50_Freezing_07-2020Sep29shuffle1_100000filtered,ELS,"Sanguino-Gomez et al., 2024",3,12,92,11250,9702,0.81777777777777783,1.051707317073171,"Yes, all 82 manuscript-cohort videos"
159.3,Animal_159_3DLC_resnet50_Freezing_07-2020Sep29shuffle1_100000filtered,ELS,"Sanguino-Gomez et al., 2024",3,12,39,11250,9702,0.34666666666666668,1.051707317073171,"Yes, all 82 manuscript-cohort videos"
159.4,Animal_159_4DLC_resnet50_Freezing_07-2020Sep29shuffle1_100000filtered,ELS,"Sanguino-Gomez et al., 2024",3,12,29,11250,9702,0.25777777777777777,1.051707317073171,"Yes, all 82 manuscript-cohort videos"
159.5,Animal_159_5DLC_resnet50_Freezing_07-2020Sep29shuffle1_100000filtered,ELS,"Sanguino-Gomez et al., 2024",3,12,39,11250,9702,0.34666666666666668,1.051707317073171,"Yes, all 82 manuscript-cohort videos"
11.4,Animal 11_4DLC_resnet50_Freezing_07-2020Sep29shuffle1_100000filtered,Control,"Sanguino-Gomez and Krugers, 2024",1,13,181,11250,38180,1.608888888888889,4.1387533875338747,"Yes, all 82 manuscript-cohort videos"
11.6,Animal 11_6DLC_resnet50_Freezing_07-2020Sep29shuffle1_100000filtered,Control,"Sanguino-Gomez and Krugers, 2024",1,13,472,11250,38180,4.1955555555555559,4.1387533875338747,"Yes, all 82 manuscript-cohort videos"
34.4,Animal 34_4DLC_resnet50_Freezing_07-2020Sep29shuffle1_100000filtered,Control,"Sanguino-Gomez and Krugers, 2024",1,13,253,11250,38180,2.2488888888888892,4.1387533875338747,"Yes, all 82 manuscript-cohort videos"
34.5,Animal 34_5DLC_resnet50_Freezing_07-2020Sep29shuffle1_100000filtered,Control,"Sanguino-Gomez and Krugers, 2024",1,13,208,11250,38180,1.848888888888889,4.1387533875338747,"Yes, all 82 manuscript-cohort videos"
40.4,Animal_40_4DLC_resnet50_Freezing_07-2020Sep29shuffle1_100000filtered,Control,"Sanguino-Gomez and Krugers, 2024",1,13,127,11250,38180,1.1288888888888891,4.1387533875338747,"Yes, all 82 manuscript-cohort videos"
40.6,Animal_40_6DLC_resnet50_Freezing_07-2020Sep29shuffle1_100000filtered,Control,"Sanguino-Gomez and Krugers, 2024",1,13,150,11250,38180,1.333333333333333,4.1387533875338747,"Yes, all 82 manuscript-cohort videos"
41.4,Animal_41_4DLC_resnet50_Freezing_07-2020Sep29shuffle1_100000filtered,Control,"Sanguino-Gomez and Krugers, 2024",1,13,123,11250,38180,1.093333333333333,4.1387533875338747,"Yes, all 82 manuscript-cohort videos"
41.5,Animal_41_5DLC_resnet50_Freezing_07-2020Sep29shuffle1_100000filtered,Control,"Sanguino-Gomez and Krugers, 2024",1,13,112,11250,38180,0.99555555555555564,4.1387533875338747,"Yes, all 82 manuscript-cohort videos"
41.6,Animal_41_6DLC_resnet50_Freezing_07-2020Sep29shuffle1_100000filtered,Control,"Sanguino-Gomez and Krugers, 2024",1,13,148,11250,38180,1.315555555555556,4.1387533875338747,"Yes, all 82 manuscript-cohort videos"
47.5,Animal_47_5DLC_resnet50_Freezing_07-2020Sep29shuffle1_100000filtered,Control,"Sanguino-Gomez and Krugers, 2024",1,13,316,11250,38180,2.8088888888888892,4.1387533875338747,"Yes, all 82 manuscript-cohort videos"
5.4,Animal 5_4DLC_resnet50_Freezing_07-2020Sep29shuffle1_100000filtered,Control,"Sanguino-Gomez and Krugers, 2024",1,13,604,11250,38180,5.3688888888888888,4.1387533875338747,"Yes, all 82 manuscript-cohort videos"
50.5,Animal_50_5DLC_resnet50_Freezing_07-2020Sep29shuffle1_100000filtered,Control,"Sanguino-Gomez and Krugers, 2024",1,13,287,11250,38180,2.5511111111111111,4.1387533875338747,"Yes, all 82 manuscript-cohort videos"
53.5,Animal_53_5DLC_resnet50_Freezing_07-2020Sep29shuffle1_100000filtered,Control,"Sanguino-Gomez and Krugers, 2024",1,13,71,11250,38180,0.63111111111111107,4.1387533875338747,"Yes, all 82 manuscript-cohort videos"
54.3,Animal_54_3DLC_resnet50_Freezing_07-2020Sep29shuffle1_100000filtered,Control,"Sanguino-Gomez and Krugers, 2024",1,13,269,11250,38180,2.391111111111111,4.1387533875338747,"Yes, all 82 manuscript-cohort videos"
54.4,Animal_54_4DLC_resnet50_Freezing_07-2020Sep29shuffle1_100000filtered,Control,"Sanguino-Gomez and Krugers, 2024",1,13,598,11250,38180,5.3155555555555551,4.1387533875338747,"Yes, all 82 manuscript-cohort videos"
54.6,Animal_54_6DLC_resnet50_Freezing_07-2020Sep29shuffle1_100000filtered,Control,"Sanguino-Gomez and Krugers, 2024",1,13,258,11250,38180,2.293333333333333,4.1387533875338747,"Yes, all 82 manuscript-cohort videos"
58.5,Animal_58_5DLC_resnet50_Freezing_07-2020Sep29shuffle1_100000filtered,Control,"Sanguino-Gomez and Krugers, 2024",1,13,45,11250,38180,0.4,4.1387533875338747,"Yes, all 82 manuscript-cohort videos"
62.1,Animal_62_1DLC_resnet50_Freezing_07-2020Sep29shuffle1_100000filtered,Control,"Sanguino-Gomez and Krugers, 2024",1,13,145,11250,38180,1.288888888888889,4.1387533875338747,"Yes, all 82 manuscript-cohort videos"
62.2,Animal_62_2DLC_resnet50_Freezing_07-2020Sep29shuffle1_100000filtered,Control,"Sanguino-Gomez and Krugers, 2024",1,13,456,11250,38180,4.0533333333333328,4.1387533875338747,"Yes, all 82 manuscript-cohort videos"
62.3,Animal_62_3DLC_resnet50_Freezing_07-2020Sep29shuffle1_100000filtered,Control,"Sanguino-Gomez and Krugers, 2024",1,13,72,11250,38180,0.64,4.1387533875338747,"Yes, all 82 manuscript-cohort videos"
62.4,Animal_62_4DLC_resnet50_Freezing_07-2020Sep29shuffle1_100000filtered,Control,"Sanguino-Gomez and Krugers, 2024",1,13,331,11250,38180,2.9422222222222221,4.1387533875338747,"Yes, all 82 manuscript-cohort videos"
62.5,Animal_62_5DLC_resnet50_Freezing_07-2020Sep29shuffle1_100000filtered,Control,"Sanguino-Gomez and Krugers, 2024",1,13,674,11250,38180,5.9911111111111106,4.1387533875338747,"Yes, all 82 manuscript-cohort videos"
68.1,Animal_68_1DLC_resnet50_Freezing_07-2020Sep29shuffle1_100000filtered,Control,"Sanguino-Gomez and Krugers, 2024",1,13,1023,11250,38180,9.0933333333333337,4.1387533875338747,"Yes, all 82 manuscript-cohort videos"
74.1,Animal_74_1DLC_resnet50_Freezing_07-2020Sep29shuffle1_100000filtered,Control,"Sanguino-Gomez and Krugers, 2024",1,13,532,11250,38180,4.7288888888888891,4.1387533875338747,"Yes, all 82 manuscript-cohort videos"
80.3,Animal_80_3DLC_resnet50_Freezing_07-2020Sep29shuffle1_100000filtered,Control,"Sanguino-Gomez and Krugers, 2024",1,13,1461,11250,38180,12.98666666666667,4.1387533875338747,"Yes, all 82 manuscript-cohort videos"
15.4,Animal 15_4DLC_resnet50_Freezing_07-2020Sep29shuffle1_100000filtered,ELS,"Sanguino-Gomez and Krugers, 2024",1,13,179,11250,38180,1.5911111111111109,4.1387533875338747,"Yes, all 82 manuscript-cohort videos"
15.6,Animal 15_6DLC_resnet50_Freezing_07-2020Sep29shuffle1_100000filtered,ELS,"Sanguino-Gomez and Krugers, 2024",1,13,674,11250,38180,5.9911111111111106,4.1387533875338747,"Yes, all 82 manuscript-cohort videos"
2.4,Animal 2_4DLC_resnet50_Freezing_07-2020Sep29shuffle1_100000filtered,ELS,"Sanguino-Gomez and Krugers, 2024",1,13,188,11250,38180,1.671111111111111,4.1387533875338747,"Yes, all 82 manuscript-cohort videos"
23.4,Animal 23_4DLC_resnet50_Freezing_07-2020Sep29shuffle1_100000filtered,ELS,"Sanguino-Gomez and Krugers, 2024",1,13,275,11250,38180,2.4444444444444451,4.1387533875338747,"Yes, all 82 manuscript-cohort videos"
25.1,Animal 25_1DLC_resnet50_Freezing_07-2020Sep29shuffle1_100000filtered,ELS,"Sanguino-Gomez and Krugers, 2024",1,13,400,11250,38180,3.5555555555555549,4.1387533875338747,"Yes, all 82 manuscript-cohort videos"
26.4,Animal 26_4DLC_resnet50_Freezing_07-2020Sep29shuffle1_100000filtered,ELS,"Sanguino-Gomez and Krugers, 2024",1,13,408,11250,38180,3.6266666666666669,4.1387533875338747,"Yes, all 82 manuscript-cohort videos"
32.2,Animal 32_2DLC_resnet50_Freezing_07-2020Sep29shuffle1_100000filtered,ELS,"Sanguino-Gomez and Krugers, 2024",1,13,711,11250,38180,6.32,4.1387533875338747,"Yes, all 82 manuscript-cohort videos"
32.4,Animal 32_4DLC_resnet50_Freezing_07-2020Sep29shuffle1_100000filtered,ELS,"Sanguino-Gomez and Krugers, 2024",1,13,546,11250,38180,4.8533333333333326,4.1387533875338747,"Yes, all 82 manuscript-cohort videos"
43.3,Animal_43_3DLC_resnet50_Freezing_07-2020Sep29shuffle1_100000filtered,ELS,"Sanguino-Gomez and Krugers, 2024",1,13,91,11250,38180,0.80888888888888888,4.1387533875338747,"Yes, all 82 manuscript-cohort videos"
43.5,Animal_43_5DLC_resnet50_Freezing_07-2020Sep29shuffle1_100000filtered,ELS,"Sanguino-Gomez and Krugers, 2024",1,13,254,11250,38180,2.2577777777777781,4.1387533875338747,"Yes, all 82 manuscript-cohort videos"
49.5,Animal_49_5DLC_resnet50_Freezing_07-2020Sep29shuffle1_100000filtered,ELS,"Sanguino-Gomez and Krugers, 2024",1,13,220,11250,38180,1.955555555555555,4.1387533875338747,"Yes, all 82 manuscript-cohort videos"
49.6,Animal_49_6DLC_resnet50_Freezing_07-2020Sep29shuffle1_100000filtered,ELS,"Sanguino-Gomez and Krugers, 2024",1,13,75,11250,38180,0.66666666666666674,4.1387533875338747,"Yes, all 82 manuscript-cohort videos"
55.3,Animal_55_3DLC_resnet50_Freezing_07-2020Sep29shuffle1_100000filtered,ELS,"Sanguino-Gomez and Krugers, 2024",1,13,92,11250,38180,0.81777777777777783,4.1387533875338747,"Yes, all 82 manuscript-cohort videos"
55.5,Animal_55_5DLC_resnet50_Freezing_07-2020Sep29shuffle1_100000filtered,ELS,"Sanguino-Gomez and Krugers, 2024",1,13,53,11250,38180,0.47111111111111109,4.1387533875338747,"Yes, all 82 manuscript-cohort videos"
56.3,Animal_56_3DLC_resnet50_Freezing_07-2020Sep29shuffle1_100000filtered,ELS,"Sanguino-Gomez and Krugers, 2024",1,13,157,11250,38180,1.3955555555555561,4.1387533875338747,"Yes, all 82 manuscript-cohort videos"
63.3,Animal_63_3DLC_resnet50_Freezing_07-2020Sep29shuffle1_100000filtered,ELS,"Sanguino-Gomez and Krugers, 2024",1,13,235,11250,38180,2.088888888888889,4.1387533875338747,"Yes, all 82 manuscript-cohort videos"
69.1,Animal_69_1DLC_resnet50_Freezing_07-2020Sep29shuffle1_100000filtered,ELS,"Sanguino-Gomez and Krugers, 2024",1,13,341,11250,38180,3.0311111111111111,4.1387533875338747,"Yes, all 82 manuscript-cohort videos"
69.2,Animal_69_2DLC_resnet50_Freezing_07-2020Sep29shuffle1_100000filtered,ELS,"Sanguino-Gomez and Krugers, 2024",1,13,340,11250,38180,3.0222222222222221,4.1387533875338747,"Yes, all 82 manuscript-cohort videos"
69.3,Animal_69_3DLC_resnet50_Freezing_07-2020Sep29shuffle1_100000filtered,ELS,"Sanguino-Gomez and Krugers, 2024",1,13,600,11250,38180,5.3333333333333339,4.1387533875338747,"Yes, all 82 manuscript-cohort videos"
69.5,Animal_69_5DLC_resnet50_Freezing_07-2020Sep29shuffle1_100000filtered,ELS,"Sanguino-Gomez and Krugers, 2024",1,13,787,11250,38180,6.9955555555555566,4.1387533875338747,"Yes, all 82 manuscript-cohort videos"
73.1,Animal_73_1DLC_resnet50_Freezing_07-2020Sep29shuffle1_100000filtered,ELS,"Sanguino-Gomez and Krugers, 2024",1,13,883,11250,38180,7.8488888888888884,4.1387533875338747,"Yes, all 82 manuscript-cohort videos"
73.4,Animal_73_4DLC_resnet50_Freezing_07-2020Sep29shuffle1_100000filtered,ELS,"Sanguino-Gomez and Krugers, 2024",1,13,610,11250,38180,5.4222222222222216,4.1387533875338747,"Yes, all 82 manuscript-cohort videos"
75.1,Animal_75_1DLC_resnet50_Freezing_07-2020Sep29shuffle1_100000filtered,ELS,"Sanguino-Gomez and Krugers, 2024",1,13,352,11250,38180,3.1288888888888891,4.1387533875338747,"Yes, all 82 manuscript-cohort videos"
88.2,Animal_88_2DLC_resnet50_Freezing_07-2020Sep29shuffle1_100000filtered,ELS,"Sanguino-Gomez and Krugers, 2024",1,13,183,11250,38180,1.626666666666666,4.1387533875338747,"Yes, all 82 manuscript-cohort videos"
88.3,Animal_88_3DLC_resnet50_Freezing_07-2020Sep29shuffle1_100000filtered,ELS,"Sanguino-Gomez and Krugers, 2024",1,13,309,11250,38180,2.746666666666667,4.1387533875338747,"Yes, all 82 manuscript-cohort videos"
129.1,Animal_129_1DLC_resnet50_Freezing_07-2020Sep29shuffle1_100000filtered,Control,"Sanguino-Gomez et al., 2024",3,13,1509,11250,38180,13.41333333333333,4.1387533875338747,"Yes, all 82 manuscript-cohort videos"
129.4,Animal_129_4DLC_resnet50_Freezing_07-2020Sep29shuffle1_100000filtered,Control,"Sanguino-Gomez et al., 2024",3,13,1307,11250,38180,11.61777777777778,4.1387533875338747,"Yes, all 82 manuscript-cohort videos"
136.2,Animal_136_2DLC_resnet50_Freezing_07-2020Sep29shuffle1_100000filtered,Control,"Sanguino-Gomez et al., 2024",3,13,786,11250,38180,6.9866666666666664,4.1387533875338747,"Yes, all 82 manuscript-cohort videos"
136.3,Animal_136_3DLC_resnet50_Freezing_07-2020Sep29shuffle1_100000filtered,Control,"Sanguino-Gomez et al., 2024",3,13,1959,11250,38180,17.41333333333333,4.1387533875338747,"Yes, all 82 manuscript-cohort videos"
136.5,Animal_136_5DLC_resnet50_Freezing_07-2020Sep29shuffle1_100000filtered,Control,"Sanguino-Gomez et al., 2024",3,13,3058,11250,38180,27.182222222222229,4.1387533875338747,"Yes, all 82 manuscript-cohort videos"
137.3,Animal_137_3DLC_resnet50_Freezing_07-2020Sep29shuffle1_100000filtered,Control,"Sanguino-Gomez et al., 2024",3,13,457,11250,38180,4.0622222222222222,4.1387533875338747,"Yes, all 82 manuscript-cohort videos"
145.5,Animal_145_5DLC_resnet50_Freezing_07-2020Sep29shuffle1_100000filtered,Control,"Sanguino-Gomez et al., 2024",3,13,48,11250,38180,0.42666666666666669,4.1387533875338747,"Yes, all 82 manuscript-cohort videos"
146.6,Animal_146_6DLC_resnet50_Freezing_07-2020Sep29shuffle1_100000filtered,Control,"Sanguino-Gomez et al., 2024",3,13,18,11250,38180,0.16,4.1387533875338747,"Yes, all 82 manuscript-cohort videos"
147.4,Animal_147_4DLC_resnet50_Freezing_07-2020Sep29shuffle1_100000filtered,Control,"Sanguino-Gomez et al., 2024",3,13,23,11250,38180,0.20444444444444451,4.1387533875338747,"Yes, all 82 manuscript-cohort videos"
152.5,Animal_152_5DLC_resnet50_Freezing_07-2020Sep29shuffle1_100000filtered,Control,"Sanguino-Gomez et al., 2024",3,13,194,11250,38180,1.724444444444444,4.1387533875338747,"Yes, all 82 manuscript-cohort videos"
157.1,Animal_157_1DLC_resnet50_Freezing_07-2020Sep29shuffle1_100000filtered,Control,"Sanguino-Gomez et al., 2024",3,13,438,11250,38180,3.893333333333334,4.1387533875338747,"Yes, all 82 manuscript-cohort videos"
157.4,Animal_157_4DLC_resnet50_Freezing_07-2020Sep29shuffle1_100000filtered,Control,"Sanguino-Gomez et al., 2024",3,13,339,11250,38180,3.0133333333333341,4.1387533875338747,"Yes, all 82 manuscript-cohort videos"
158.5,Animal_158_5DLC_resnet50_Freezing_07-2020Sep29shuffle1_100000filtered,Control,"Sanguino-Gomez et al., 2024",3,13,171,11250,38180,1.52,4.1387533875338747,"Yes, all 82 manuscript-cohort videos"
161.1,Animal_161_1DLC_resnet50_Freezing_07-2020Sep29shuffle1_100000filtered,Control,"Sanguino-Gomez et al., 2024",3,13,364,11250,38180,3.235555555555556,4.1387533875338747,"Yes, all 82 manuscript-cohort videos"
161.3,Animal_161_3DLC_resnet50_Freezing_07-2020Sep29shuffle1_100000filtered,Control,"Sanguino-Gomez et al., 2024",3,13,62,11250,38180,0.55111111111111111,4.1387533875338747,"Yes, all 82 manuscript-cohort videos"
123.1,Animal_123_1DLC_resnet50_Freezing_07-2020Sep29shuffle1_100000filtered,ELS,"Sanguino-Gomez et al., 2024",3,13,1020,11250,38180,9.0666666666666664,4.1387533875338747,"Yes, all 82 manuscript-cohort videos"
128.4,Animal_128_4DLC_resnet50_Freezing_07-2020Sep29shuffle1_100000filtered,ELS,"Sanguino-Gomez et al., 2024",3,13,786,11250,38180,6.9866666666666664,4.1387533875338747,"Yes, all 82 manuscript-cohort videos"
133.3,Animal_133_3DLC_resnet50_Freezing_07-2020Sep29shuffle1_100000filtered,ELS,"Sanguino-Gomez et al., 2024",3,13,1017,11250,38180,9.0399999999999991,4.1387533875338747,"Yes, all 82 manuscript-cohort videos"
134.2,Animal_134_2DLC_resnet50_Freezing_07-2020Sep29shuffle1_100000filtered,ELS,"Sanguino-Gomez et al., 2024",3,13,264,11250,38180,2.3466666666666671,4.1387533875338747,"Yes, all 82 manuscript-cohort videos"
134.4,Animal_134_4DLC_resnet50_Freezing_07-2020Sep29shuffle1_100000filtered,ELS,"Sanguino-Gomez et al., 2024",3,13,303,11250,38180,2.6933333333333329,4.1387533875338747,"Yes, all 82 manuscript-cohort videos"
144.3,Animal_144_3DLC_resnet50_Freezing_07-2020Sep29shuffle1_100000filtered,ELS,"Sanguino-Gomez et al., 2024",3,13,488,11250,38180,4.3377777777777782,4.1387533875338747,"Yes, all 82 manuscript-cohort videos"
144.5,Animal_144_5DLC_resnet50_Freezing_07-2020Sep29shuffle1_100000filtered,ELS,"Sanguino-Gomez et al., 2024",3,13,1057,11250,38180,9.3955555555555552,4.1387533875338747,"Yes, all 82 manuscript-cohort videos"
150.3,Animal_150_3DLC_resnet50_Freezing_07-2020Sep29shuffle1_100000filtered,ELS,"Sanguino-Gomez et al., 2024",3,13,558,11250,38180,4.96,4.1387533875338747,"Yes, all 82 manuscript-cohort videos"
150.5,Animal_150_5DLC_resnet50_Freezing_07-2020Sep29shuffle1_100000filtered,ELS,"Sanguino-Gomez et al., 2024",3,13,634,11250,38180,5.6355555555555554,4.1387533875338747,"Yes, all 82 manuscript-cohort videos"
153.4,Animal_153_4DLC_resnet50_Freezing_07-2020Sep29shuffle1_100000filtered,ELS,"Sanguino-Gomez et al., 2024",3,13,654,11250,38180,5.8133333333333326,4.1387533875338747,"Yes, all 82 manuscript-cohort videos"
154.4,Animal_154_4DLC_resnet50_Freezing_07-2020Sep29shuffle1_100000filtered,ELS,"Sanguino-Gomez et al., 2024",3,13,327,11250,38180,2.9066666666666672,4.1387533875338747,"Yes, all 82 manuscript-cohort videos"
159.3,Animal_159_3DLC_resnet50_Freezing_07-2020Sep29shuffle1_100000filtered,ELS,"Sanguino-Gomez et al., 2024",3,13,602,11250,38180,5.3511111111111109,4.1387533875338747,"Yes, all 82 manuscript-cohort videos"
159.4,Animal_159_4DLC_resnet50_Freezing_07-2020Sep29shuffle1_100000filtered,ELS,"Sanguino-Gomez et al., 2024",3,13,1297,11250,38180,11.52888888888889,4.1387533875338747,"Yes, all 82 manuscript-cohort videos"
159.5,Animal_159_5DLC_resnet50_Freezing_07-2020Sep29shuffle1_100000filtered,ELS,"Sanguino-Gomez et al., 2024",3,13,561,11250,38180,4.9866666666666664,4.1387533875338747,"Yes, all 82 manuscript-cohort videos"
11.6,Animal 11_6DLC_resnet50_Freezing_07-2020Sep29shuffle1_100000filtered,Control,"Sanguino-Gomez and Krugers, 2024",1,14,15,11250,12049,0.1333333333333333,1.306124661246612,"Yes, all 82 manuscript-cohort videos"
34.4,Animal 34_4DLC_resnet50_Freezing_07-2020Sep29shuffle1_100000filtered,Control,"Sanguino-Gomez and Krugers, 2024",1,14,449,11250,12049,3.9911111111111111,1.306124661246612,"Yes, all 82 manuscript-cohort videos"
34.5,Animal 34_5DLC_resnet50_Freezing_07-2020Sep29shuffle1_100000filtered,Control,"Sanguino-Gomez and Krugers, 2024",1,14,482,11250,12049,4.2844444444444436,1.306124661246612,"Yes, all 82 manuscript-cohort videos"
40.4,Animal_40_4DLC_resnet50_Freezing_07-2020Sep29shuffle1_100000filtered,Control,"Sanguino-Gomez and Krugers, 2024",1,14,322,11250,12049,2.862222222222222,1.306124661246612,"Yes, all 82 manuscript-cohort videos"
40.6,Animal_40_6DLC_resnet50_Freezing_07-2020Sep29shuffle1_100000filtered,Control,"Sanguino-Gomez and Krugers, 2024",1,14,371,11250,12049,3.2977777777777781,1.306124661246612,"Yes, all 82 manuscript-cohort videos"
41.4,Animal_41_4DLC_resnet50_Freezing_07-2020Sep29shuffle1_100000filtered,Control,"Sanguino-Gomez and Krugers, 2024",1,14,283,11250,12049,2.5155555555555562,1.306124661246612,"Yes, all 82 manuscript-cohort videos"
41.5,Animal_41_5DLC_resnet50_Freezing_07-2020Sep29shuffle1_100000filtered,Control,"Sanguino-Gomez and Krugers, 2024",1,14,111,11250,12049,0.98666666666666658,1.306124661246612,"Yes, all 82 manuscript-cohort videos"
41.6,Animal_41_6DLC_resnet50_Freezing_07-2020Sep29shuffle1_100000filtered,Control,"Sanguino-Gomez and Krugers, 2024",1,14,199,11250,12049,1.768888888888889,1.306124661246612,"Yes, all 82 manuscript-cohort videos"
47.5,Animal_47_5DLC_resnet50_Freezing_07-2020Sep29shuffle1_100000filtered,Control,"Sanguino-Gomez and Krugers, 2024",1,14,74,11250,12049,0.65777777777777779,1.306124661246612,"Yes, all 82 manuscript-cohort videos"
5.4,Animal 5_4DLC_resnet50_Freezing_07-2020Sep29shuffle1_100000filtered,Control,"Sanguino-Gomez and Krugers, 2024",1,14,8,11250,12049,7.1111111111111111E-2,1.306124661246612,"Yes, all 82 manuscript-cohort videos"
50.5,Animal_50_5DLC_resnet50_Freezing_07-2020Sep29shuffle1_100000filtered,Control,"Sanguino-Gomez and Krugers, 2024",1,14,305,11250,12049,2.7111111111111108,1.306124661246612,"Yes, all 82 manuscript-cohort videos"
53.5,Animal_53_5DLC_resnet50_Freezing_07-2020Sep29shuffle1_100000filtered,Control,"Sanguino-Gomez and Krugers, 2024",1,14,384,11250,12049,3.413333333333334,1.306124661246612,"Yes, all 82 manuscript-cohort videos"
54.3,Animal_54_3DLC_resnet50_Freezing_07-2020Sep29shuffle1_100000filtered,Control,"Sanguino-Gomez and Krugers, 2024",1,14,296,11250,12049,2.6311111111111112,1.306124661246612,"Yes, all 82 manuscript-cohort videos"
54.4,Animal_54_4DLC_resnet50_Freezing_07-2020Sep29shuffle1_100000filtered,Control,"Sanguino-Gomez and Krugers, 2024",1,14,104,11250,12049,0.9244444444444444,1.306124661246612,"Yes, all 82 manuscript-cohort videos"
54.6,Animal_54_6DLC_resnet50_Freezing_07-2020Sep29shuffle1_100000filtered,Control,"Sanguino-Gomez and Krugers, 2024",1,14,336,11250,12049,2.9866666666666668,1.306124661246612,"Yes, all 82 manuscript-cohort videos"
58.5,Animal_58_5DLC_resnet50_Freezing_07-2020Sep29shuffle1_100000filtered,Control,"Sanguino-Gomez and Krugers, 2024",1,14,499,11250,12049,4.4355555555555561,1.306124661246612,"Yes, all 82 manuscript-cohort videos"
62.1,Animal_62_1DLC_resnet50_Freezing_07-2020Sep29shuffle1_100000filtered,Control,"Sanguino-Gomez and Krugers, 2024",1,14,338,11250,12049,3.0044444444444438,1.306124661246612,"Yes, all 82 manuscript-cohort videos"
62.2,Animal_62_2DLC_resnet50_Freezing_07-2020Sep29shuffle1_100000filtered,Control,"Sanguino-Gomez and Krugers, 2024",1,14,46,11250,12049,0.40888888888888891,1.306124661246612,"Yes, all 82 manuscript-cohort videos"
62.3,Animal_62_3DLC_resnet50_Freezing_07-2020Sep29shuffle1_100000filtered,Control,"Sanguino-Gomez and Krugers, 2024",1,14,265,11250,12049,2.3555555555555561,1.306124661246612,"Yes, all 82 manuscript-cohort videos"
62.4,Animal_62_4DLC_resnet50_Freezing_07-2020Sep29shuffle1_100000filtered,Control,"Sanguino-Gomez and Krugers, 2024",1,14,422,11250,12049,3.7511111111111108,1.306124661246612,"Yes, all 82 manuscript-cohort videos"
62.5,Animal_62_5DLC_resnet50_Freezing_07-2020Sep29shuffle1_100000filtered,Control,"Sanguino-Gomez and Krugers, 2024",1,14,509,11250,12049,4.5244444444444438,1.306124661246612,"Yes, all 82 manuscript-cohort videos"
68.1,Animal_68_1DLC_resnet50_Freezing_07-2020Sep29shuffle1_100000filtered,Control,"Sanguino-Gomez and Krugers, 2024",1,14,174,11250,12049,1.5466666666666671,1.306124661246612,"Yes, all 82 manuscript-cohort videos"
74.1,Animal_74_1DLC_resnet50_Freezing_07-2020Sep29shuffle1_100000filtered,Control,"Sanguino-Gomez and Krugers, 2024",1,14,14,11250,12049,0.1244444444444445,1.306124661246612,"Yes, all 82 manuscript-cohort videos"
80.3,Animal_80_3DLC_resnet50_Freezing_07-2020Sep29shuffle1_100000filtered,Control,"Sanguino-Gomez and Krugers, 2024",1,14,185,11250,12049,1.644444444444445,1.306124661246612,"Yes, all 82 manuscript-cohort videos"
23.4,Animal 23_4DLC_resnet50_Freezing_07-2020Sep29shuffle1_100000filtered,ELS,"Sanguino-Gomez and Krugers, 2024",1,14,187,11250,12049,1.662222222222222,1.306124661246612,"Yes, all 82 manuscript-cohort videos"
26.4,Animal 26_4DLC_resnet50_Freezing_07-2020Sep29shuffle1_100000filtered,ELS,"Sanguino-Gomez and Krugers, 2024",1,14,174,11250,12049,1.5466666666666671,1.306124661246612,"Yes, all 82 manuscript-cohort videos"
32.2,Animal 32_2DLC_resnet50_Freezing_07-2020Sep29shuffle1_100000filtered,ELS,"Sanguino-Gomez and Krugers, 2024",1,14,28,11250,12049,0.24888888888888891,1.306124661246612,"Yes, all 82 manuscript-cohort videos"
32.4,Animal 32_4DLC_resnet50_Freezing_07-2020Sep29shuffle1_100000filtered,ELS,"Sanguino-Gomez and Krugers, 2024",1,14,7,11250,12049,6.2222222222222227E-2,1.306124661246612,"Yes, all 82 manuscript-cohort videos"
43.3,Animal_43_3DLC_resnet50_Freezing_07-2020Sep29shuffle1_100000filtered,ELS,"Sanguino-Gomez and Krugers, 2024",1,14,309,11250,12049,2.746666666666667,1.306124661246612,"Yes, all 82 manuscript-cohort videos"
43.5,Animal_43_5DLC_resnet50_Freezing_07-2020Sep29shuffle1_100000filtered,ELS,"Sanguino-Gomez and Krugers, 2024",1,14,184,11250,12049,1.6355555555555561,1.306124661246612,"Yes, all 82 manuscript-cohort videos"
49.5,Animal_49_5DLC_resnet50_Freezing_07-2020Sep29shuffle1_100000filtered,ELS,"Sanguino-Gomez and Krugers, 2024",1,14,286,11250,12049,2.5422222222222222,1.306124661246612,"Yes, all 82 manuscript-cohort videos"
49.6,Animal_49_6DLC_resnet50_Freezing_07-2020Sep29shuffle1_100000filtered,ELS,"Sanguino-Gomez and Krugers, 2024",1,14,118,11250,12049,1.048888888888889,1.306124661246612,"Yes, all 82 manuscript-cohort videos"
55.3,Animal_55_3DLC_resnet50_Freezing_07-2020Sep29shuffle1_100000filtered,ELS,"Sanguino-Gomez and Krugers, 2024",1,14,418,11250,12049,3.7155555555555559,1.306124661246612,"Yes, all 82 manuscript-cohort videos"
55.5,Animal_55_5DLC_resnet50_Freezing_07-2020Sep29shuffle1_100000filtered,ELS,"Sanguino-Gomez and Krugers, 2024",1,14,476,11250,12049,4.2311111111111108,1.306124661246612,"Yes, all 82 manuscript-cohort videos"
56.3,Animal_56_3DLC_resnet50_Freezing_07-2020Sep29shuffle1_100000filtered,ELS,"Sanguino-Gomez and Krugers, 2024",1,14,306,11250,12049,2.72,1.306124661246612,"Yes, all 82 manuscript-cohort videos"
63.3,Animal_63_3DLC_resnet50_Freezing_07-2020Sep29shuffle1_100000filtered,ELS,"Sanguino-Gomez and Krugers, 2024",1,14,337,11250,12049,2.9955555555555549,1.306124661246612,"Yes, all 82 manuscript-cohort videos"
69.1,Animal_69_1DLC_resnet50_Freezing_07-2020Sep29shuffle1_100000filtered,ELS,"Sanguino-Gomez and Krugers, 2024",1,14,222,11250,12049,1.9733333333333329,1.306124661246612,"Yes, all 82 manuscript-cohort videos"
69.2,Animal_69_2DLC_resnet50_Freezing_07-2020Sep29shuffle1_100000filtered,ELS,"Sanguino-Gomez and Krugers, 2024",1,14,441,11250,12049,3.92,1.306124661246612,"Yes, all 82 manuscript-cohort videos"
69.3,Animal_69_3DLC_resnet50_Freezing_07-2020Sep29shuffle1_100000filtered,ELS,"Sanguino-Gomez and Krugers, 2024",1,14,354,11250,12049,3.1466666666666669,1.306124661246612,"Yes, all 82 manuscript-cohort videos"
69.5,Animal_69_5DLC_resnet50_Freezing_07-2020Sep29shuffle1_100000filtered,ELS,"Sanguino-Gomez and Krugers, 2024",1,14,336,11250,12049,2.9866666666666668,1.306124661246612,"Yes, all 82 manuscript-cohort videos"
73.1,Animal_73_1DLC_resnet50_Freezing_07-2020Sep29shuffle1_100000filtered,ELS,"Sanguino-Gomez and Krugers, 2024",1,14,48,11250,12049,0.42666666666666669,1.306124661246612,"Yes, all 82 manuscript-cohort videos"
73.4,Animal_73_4DLC_resnet50_Freezing_07-2020Sep29shuffle1_100000filtered,ELS,"Sanguino-Gomez and Krugers, 2024",1,14,76,11250,12049,0.67555555555555558,1.306124661246612,"Yes, all 82 manuscript-cohort videos"
75.1,Animal_75_1DLC_resnet50_Freezing_07-2020Sep29shuffle1_100000filtered,ELS,"Sanguino-Gomez and Krugers, 2024",1,14,285,11250,12049,2.5333333333333332,1.306124661246612,"Yes, all 82 manuscript-cohort videos"
88.2,Animal_88_2DLC_resnet50_Freezing_07-2020Sep29shuffle1_100000filtered,ELS,"Sanguino-Gomez and Krugers, 2024",1,14,113,11250,12049,1.004444444444444,1.306124661246612,"Yes, all 82 manuscript-cohort videos"
88.3,Animal_88_3DLC_resnet50_Freezing_07-2020Sep29shuffle1_100000filtered,ELS,"Sanguino-Gomez and Krugers, 2024",1,14,161,11250,12049,1.431111111111111,1.306124661246612,"Yes, all 82 manuscript-cohort videos"
136.3,Animal_136_3DLC_resnet50_Freezing_07-2020Sep29shuffle1_100000filtered,Control,"Sanguino-Gomez et al., 2024",3,14,8,11250,12049,7.1111111111111111E-2,1.306124661246612,"Yes, all 82 manuscript-cohort videos"
137.3,Animal_137_3DLC_resnet50_Freezing_07-2020Sep29shuffle1_100000filtered,Control,"Sanguino-Gomez et al., 2024",3,14,26,11250,12049,0.2311111111111111,1.306124661246612,"Yes, all 82 manuscript-cohort videos"
146.6,Animal_146_6DLC_resnet50_Freezing_07-2020Sep29shuffle1_100000filtered,Control,"Sanguino-Gomez et al., 2024",3,14,22,11250,12049,0.19555555555555551,1.306124661246612,"Yes, all 82 manuscript-cohort videos"
147.4,Animal_147_4DLC_resnet50_Freezing_07-2020Sep29shuffle1_100000filtered,Control,"Sanguino-Gomez et al., 2024",3,14,66,11250,12049,0.58666666666666667,1.306124661246612,"Yes, all 82 manuscript-cohort videos"
152.3,Animal_152_3DLC_resnet50_Freezing_07-2020Sep29shuffle1_100000filtered,Control,"Sanguino-Gomez et al., 2024",3,14,205,11250,12049,1.822222222222222,1.306124661246612,"Yes, all 82 manuscript-cohort videos"
152.5,Animal_152_5DLC_resnet50_Freezing_07-2020Sep29shuffle1_100000filtered,Control,"Sanguino-Gomez et al., 2024",3,14,36,11250,12049,0.32,1.306124661246612,"Yes, all 82 manuscript-cohort videos"
157.1,Animal_157_1DLC_resnet50_Freezing_07-2020Sep29shuffle1_100000filtered,Control,"Sanguino-Gomez et al., 2024",3,14,133,11250,12049,1.1822222222222221,1.306124661246612,"Yes, all 82 manuscript-cohort videos"
157.4,Animal_157_4DLC_resnet50_Freezing_07-2020Sep29shuffle1_100000filtered,Control,"Sanguino-Gomez et al., 2024",3,14,36,11250,12049,0.32,1.306124661246612,"Yes, all 82 manuscript-cohort videos"
158.5,Animal_158_5DLC_resnet50_Freezing_07-2020Sep29shuffle1_100000filtered,Control,"Sanguino-Gomez et al., 2024",3,14,12,11250,12049,0.1066666666666667,1.306124661246612,"Yes, all 82 manuscript-cohort videos"
161.3,Animal_161_3DLC_resnet50_Freezing_07-2020Sep29shuffle1_100000filtered,Control,"Sanguino-Gomez et al., 2024",3,14,36,11250,12049,0.32,1.306124661246612,"Yes, all 82 manuscript-cohort videos"
123.3,Animal_123_3DLC_resnet50_Freezing_07-2020Sep29shuffle1_100000filtered,ELS,"Sanguino-Gomez et al., 2024",3,14,40,11250,12049,0.35555555555555562,1.306124661246612,"Yes, all 82 manuscript-cohort videos"
133.3,Animal_133_3DLC_resnet50_Freezing_07-2020Sep29shuffle1_100000filtered,ELS,"Sanguino-Gomez et al., 2024",3,14,26,11250,12049,0.2311111111111111,1.306124661246612,"Yes, all 82 manuscript-cohort videos"
134.2,Animal_134_2DLC_resnet50_Freezing_07-2020Sep29shuffle1_100000filtered,ELS,"Sanguino-Gomez et al., 2024",3,14,119,11250,12049,1.0577777777777779,1.306124661246612,"Yes, all 82 manuscript-cohort videos"
134.4,Animal_134_4DLC_resnet50_Freezing_07-2020Sep29shuffle1_100000filtered,ELS,"Sanguino-Gomez et al., 2024",3,14,100,11250,12049,0.88888888888888884,1.306124661246612,"Yes, all 82 manuscript-cohort videos"
148.4,Animal_148_4DLC_resnet50_Freezing_07-2020Sep29shuffle1_100000filtered,ELS,"Sanguino-Gomez et al., 2024",3,14,73,11250,12049,0.64888888888888885,1.306124661246612,"Yes, all 82 manuscript-cohort videos"
150.3,Animal_150_3DLC_resnet50_Freezing_07-2020Sep29shuffle1_100000filtered,ELS,"Sanguino-Gomez et al., 2024",3,14,7,11250,12049,6.2222222222222227E-2,1.306124661246612,"Yes, all 82 manuscript-cohort videos"
150.5,Animal_150_5DLC_resnet50_Freezing_07-2020Sep29shuffle1_100000filtered,ELS,"Sanguino-Gomez et al., 2024",3,14,5,11250,12049,4.4444444444444453E-2,1.306124661246612,"Yes, all 82 manuscript-cohort videos"
154.4,Animal_154_4DLC_resnet50_Freezing_07-2020Sep29shuffle1_100000filtered,ELS,"Sanguino-Gomez et al., 2024",3,14,42,11250,12049,0.37333333333333341,1.306124661246612,"Yes, all 82 manuscript-cohort videos"
11.4,Animal 11_4DLC_resnet50_Freezing_07-2020Sep29shuffle1_100000filtered,Control,"Sanguino-Gomez and Krugers, 2024",1,15,78,11250,6835,0.69333333333333336,0.74092140921409211,"Yes, all 82 manuscript-cohort videos"
11.6,Animal 11_6DLC_resnet50_Freezing_07-2020Sep29shuffle1_100000filtered,Control,"Sanguino-Gomez and Krugers, 2024",1,15,22,11250,6835,0.19555555555555551,0.74092140921409211,"Yes, all 82 manuscript-cohort videos"
34.4,Animal 34_4DLC_resnet50_Freezing_07-2020Sep29shuffle1_100000filtered,Control,"Sanguino-Gomez and Krugers, 2024",1,15,109,11250,6835,0.96888888888888891,0.74092140921409211,"Yes, all 82 manuscript-cohort videos"
34.5,Animal 34_5DLC_resnet50_Freezing_07-2020Sep29shuffle1_100000filtered,Control,"Sanguino-Gomez and Krugers, 2024",1,15,100,11250,6835,0.88888888888888884,0.74092140921409211,"Yes, all 82 manuscript-cohort videos"
40.4,Animal_40_4DLC_resnet50_Freezing_07-2020Sep29shuffle1_100000filtered,Control,"Sanguino-Gomez and Krugers, 2024",1,15,148,11250,6835,1.315555555555556,0.74092140921409211,"Yes, all 82 manuscript-cohort videos"
40.6,Animal_40_6DLC_resnet50_Freezing_07-2020Sep29shuffle1_100000filtered,Control,"Sanguino-Gomez and Krugers, 2024",1,15,215,11250,6835,1.911111111111111,0.74092140921409211,"Yes, all 82 manuscript-cohort videos"
41.4,Animal_41_4DLC_resnet50_Freezing_07-2020Sep29shuffle1_100000filtered,Control,"Sanguino-Gomez and Krugers, 2024",1,15,250,11250,6835,2.2222222222222219,0.74092140921409211,"Yes, all 82 manuscript-cohort videos"
41.5,Animal_41_5DLC_resnet50_Freezing_07-2020Sep29shuffle1_100000filtered,Control,"Sanguino-Gomez and Krugers, 2024",1,15,149,11250,6835,1.3244444444444441,0.74092140921409211,"Yes, all 82 manuscript-cohort videos"
41.6,Animal_41_6DLC_resnet50_Freezing_07-2020Sep29shuffle1_100000filtered,Control,"Sanguino-Gomez and Krugers, 2024",1,15,114,11250,6835,1.013333333333333,0.74092140921409211,"Yes, all 82 manuscript-cohort videos"
47.5,Animal_47_5DLC_resnet50_Freezing_07-2020Sep29shuffle1_100000filtered,Control,"Sanguino-Gomez and Krugers, 2024",1,15,87,11250,6835,0.77333333333333332,0.74092140921409211,"Yes, all 82 manuscript-cohort videos"
5.4,Animal 5_4DLC_resnet50_Freezing_07-2020Sep29shuffle1_100000filtered,Control,"Sanguino-Gomez and Krugers, 2024",1,15,48,11250,6835,0.42666666666666669,0.74092140921409211,"Yes, all 82 manuscript-cohort videos"
50.5,Animal_50_5DLC_resnet50_Freezing_07-2020Sep29shuffle1_100000filtered,Control,"Sanguino-Gomez and Krugers, 2024",1,15,20,11250,6835,0.17777777777777781,0.74092140921409211,"Yes, all 82 manuscript-cohort videos"
53.5,Animal_53_5DLC_resnet50_Freezing_07-2020Sep29shuffle1_100000filtered,Control,"Sanguino-Gomez and Krugers, 2024",1,15,126,11250,6835,1.1200000000000001,0.74092140921409211,"Yes, all 82 manuscript-cohort videos"
54.3,Animal_54_3DLC_resnet50_Freezing_07-2020Sep29shuffle1_100000filtered,Control,"Sanguino-Gomez and Krugers, 2024",1,15,87,11250,6835,0.77333333333333332,0.74092140921409211,"Yes, all 82 manuscript-cohort videos"
54.4,Animal_54_4DLC_resnet50_Freezing_07-2020Sep29shuffle1_100000filtered,Control,"Sanguino-Gomez and Krugers, 2024",1,15,22,11250,6835,0.19555555555555551,0.74092140921409211,"Yes, all 82 manuscript-cohort videos"
54.6,Animal_54_6DLC_resnet50_Freezing_07-2020Sep29shuffle1_100000filtered,Control,"Sanguino-Gomez and Krugers, 2024",1,15,113,11250,6835,1.004444444444444,0.74092140921409211,"Yes, all 82 manuscript-cohort videos"
58.5,Animal_58_5DLC_resnet50_Freezing_07-2020Sep29shuffle1_100000filtered,Control,"Sanguino-Gomez and Krugers, 2024",1,15,173,11250,6835,1.5377777777777779,0.74092140921409211,"Yes, all 82 manuscript-cohort videos"
62.1,Animal_62_1DLC_resnet50_Freezing_07-2020Sep29shuffle1_100000filtered,Control,"Sanguino-Gomez and Krugers, 2024",1,15,258,11250,6835,2.293333333333333,0.74092140921409211,"Yes, all 82 manuscript-cohort videos"
62.2,Animal_62_2DLC_resnet50_Freezing_07-2020Sep29shuffle1_100000filtered,Control,"Sanguino-Gomez and Krugers, 2024",1,15,85,11250,6835,0.75555555555555554,0.74092140921409211,"Yes, all 82 manuscript-cohort videos"
62.3,Animal_62_3DLC_resnet50_Freezing_07-2020Sep29shuffle1_100000filtered,Control,"Sanguino-Gomez and Krugers, 2024",1,15,187,11250,6835,1.662222222222222,0.74092140921409211,"Yes, all 82 manuscript-cohort videos"
62.4,Animal_62_4DLC_resnet50_Freezing_07-2020Sep29shuffle1_100000filtered,Control,"Sanguino-Gomez and Krugers, 2024",1,15,174,11250,6835,1.5466666666666671,0.74092140921409211,"Yes, all 82 manuscript-cohort videos"
62.5,Animal_62_5DLC_resnet50_Freezing_07-2020Sep29shuffle1_100000filtered,Control,"Sanguino-Gomez and Krugers, 2024",1,15,69,11250,6835,0.6133333333333334,0.74092140921409211,"Yes, all 82 manuscript-cohort videos"
68.1,Animal_68_1DLC_resnet50_Freezing_07-2020Sep29shuffle1_100000filtered,Control,"Sanguino-Gomez and Krugers, 2024",1,15,70,11250,6835,0.62222222222222223,0.74092140921409211,"Yes, all 82 manuscript-cohort videos"
74.1,Animal_74_1DLC_resnet50_Freezing_07-2020Sep29shuffle1_100000filtered,Control,"Sanguino-Gomez and Krugers, 2024",1,15,14,11250,6835,0.1244444444444445,0.74092140921409211,"Yes, all 82 manuscript-cohort videos"
80.3,Animal_80_3DLC_resnet50_Freezing_07-2020Sep29shuffle1_100000filtered,Control,"Sanguino-Gomez and Krugers, 2024",1,15,103,11250,6835,0.91555555555555557,0.74092140921409211,"Yes, all 82 manuscript-cohort videos"
15.4,Animal 15_4DLC_resnet50_Freezing_07-2020Sep29shuffle1_100000filtered,ELS,"Sanguino-Gomez and Krugers, 2024",1,15,81,11250,6835,0.72,0.74092140921409211,"Yes, all 82 manuscript-cohort videos"
15.6,Animal 15_6DLC_resnet50_Freezing_07-2020Sep29shuffle1_100000filtered,ELS,"Sanguino-Gomez and Krugers, 2024",1,15,47,11250,6835,0.41777777777777769,0.74092140921409211,"Yes, all 82 manuscript-cohort videos"
2.4,Animal 2_4DLC_resnet50_Freezing_07-2020Sep29shuffle1_100000filtered,ELS,"Sanguino-Gomez and Krugers, 2024",1,15,54,11250,6835,0.48,0.74092140921409211,"Yes, all 82 manuscript-cohort videos"
23.4,Animal 23_4DLC_resnet50_Freezing_07-2020Sep29shuffle1_100000filtered,ELS,"Sanguino-Gomez and Krugers, 2024",1,15,351,11250,6835,3.12,0.74092140921409211,"Yes, all 82 manuscript-cohort videos"
25.1,Animal 25_1DLC_resnet50_Freezing_07-2020Sep29shuffle1_100000filtered,ELS,"Sanguino-Gomez and Krugers, 2024",1,15,43,11250,6835,0.38222222222222219,0.74092140921409211,"Yes, all 82 manuscript-cohort videos"
26.4,Animal 26_4DLC_resnet50_Freezing_07-2020Sep29shuffle1_100000filtered,ELS,"Sanguino-Gomez and Krugers, 2024",1,15,16,11250,6835,0.14222222222222219,0.74092140921409211,"Yes, all 82 manuscript-cohort videos"
32.2,Animal 32_2DLC_resnet50_Freezing_07-2020Sep29shuffle1_100000filtered,ELS,"Sanguino-Gomez and Krugers, 2024",1,15,5,11250,6835,4.4444444444444453E-2,0.74092140921409211,"Yes, all 82 manuscript-cohort videos"
32.4,Animal 32_4DLC_resnet50_Freezing_07-2020Sep29shuffle1_100000filtered,ELS,"Sanguino-Gomez and Krugers, 2024",1,15,3,11250,6835,2.6666666666666668E-2,0.74092140921409211,"Yes, all 82 manuscript-cohort videos"
43.3,Animal_43_3DLC_resnet50_Freezing_07-2020Sep29shuffle1_100000filtered,ELS,"Sanguino-Gomez and Krugers, 2024",1,15,245,11250,6835,2.177777777777778,0.74092140921409211,"Yes, all 82 manuscript-cohort videos"
43.5,Animal_43_5DLC_resnet50_Freezing_07-2020Sep29shuffle1_100000filtered,ELS,"Sanguino-Gomez and Krugers, 2024",1,15,40,11250,6835,0.35555555555555562,0.74092140921409211,"Yes, all 82 manuscript-cohort videos"
49.5,Animal_49_5DLC_resnet50_Freezing_07-2020Sep29shuffle1_100000filtered,ELS,"Sanguino-Gomez and Krugers, 2024",1,15,99,11250,6835,0.88,0.74092140921409211,"Yes, all 82 manuscript-cohort videos"
49.6,Animal_49_6DLC_resnet50_Freezing_07-2020Sep29shuffle1_100000filtered,ELS,"Sanguino-Gomez and Krugers, 2024",1,15,108,11250,6835,0.96,0.74092140921409211,"Yes, all 82 manuscript-cohort videos"
55.3,Animal_55_3DLC_resnet50_Freezing_07-2020Sep29shuffle1_100000filtered,ELS,"Sanguino-Gomez and Krugers, 2024",1,15,362,11250,6835,3.2177777777777781,0.74092140921409211,"Yes, all 82 manuscript-cohort videos"
55.5,Animal_55_5DLC_resnet50_Freezing_07-2020Sep29shuffle1_100000filtered,ELS,"Sanguino-Gomez and Krugers, 2024",1,15,113,11250,6835,1.004444444444444,0.74092140921409211,"Yes, all 82 manuscript-cohort videos"
56.3,Animal_56_3DLC_resnet50_Freezing_07-2020Sep29shuffle1_100000filtered,ELS,"Sanguino-Gomez and Krugers, 2024",1,15,124,11250,6835,1.102222222222222,0.74092140921409211,"Yes, all 82 manuscript-cohort videos"
63.3,Animal_63_3DLC_resnet50_Freezing_07-2020Sep29shuffle1_100000filtered,ELS,"Sanguino-Gomez and Krugers, 2024",1,15,58,11250,6835,0.51555555555555554,0.74092140921409211,"Yes, all 82 manuscript-cohort videos"
69.1,Animal_69_1DLC_resnet50_Freezing_07-2020Sep29shuffle1_100000filtered,ELS,"Sanguino-Gomez and Krugers, 2024",1,15,301,11250,6835,2.675555555555555,0.74092140921409211,"Yes, all 82 manuscript-cohort videos"
69.2,Animal_69_2DLC_resnet50_Freezing_07-2020Sep29shuffle1_100000filtered,ELS,"Sanguino-Gomez and Krugers, 2024",1,15,109,11250,6835,0.96888888888888891,0.74092140921409211,"Yes, all 82 manuscript-cohort videos"
69.3,Animal_69_3DLC_resnet50_Freezing_07-2020Sep29shuffle1_100000filtered,ELS,"Sanguino-Gomez and Krugers, 2024",1,15,60,11250,6835,0.53333333333333333,0.74092140921409211,"Yes, all 82 manuscript-cohort videos"
69.5,Animal_69_5DLC_resnet50_Freezing_07-2020Sep29shuffle1_100000filtered,ELS,"Sanguino-Gomez and Krugers, 2024",1,15,120,11250,6835,1.0666666666666671,0.74092140921409211,"Yes, all 82 manuscript-cohort videos"
73.1,Animal_73_1DLC_resnet50_Freezing_07-2020Sep29shuffle1_100000filtered,ELS,"Sanguino-Gomez and Krugers, 2024",1,15,41,11250,6835,0.36444444444444452,0.74092140921409211,"Yes, all 82 manuscript-cohort videos"
73.4,Animal_73_4DLC_resnet50_Freezing_07-2020Sep29shuffle1_100000filtered,ELS,"Sanguino-Gomez and Krugers, 2024",1,15,28,11250,6835,0.24888888888888891,0.74092140921409211,"Yes, all 82 manuscript-cohort videos"
75.1,Animal_75_1DLC_resnet50_Freezing_07-2020Sep29shuffle1_100000filtered,ELS,"Sanguino-Gomez and Krugers, 2024",1,15,40,11250,6835,0.35555555555555562,0.74092140921409211,"Yes, all 82 manuscript-cohort videos"
88.2,Animal_88_2DLC_resnet50_Freezing_07-2020Sep29shuffle1_100000filtered,ELS,"Sanguino-Gomez and Krugers, 2024",1,15,50,11250,6835,0.44444444444444442,0.74092140921409211,"Yes, all 82 manuscript-cohort videos"
88.3,Animal_88_3DLC_resnet50_Freezing_07-2020Sep29shuffle1_100000filtered,ELS,"Sanguino-Gomez and Krugers, 2024",1,15,74,11250,6835,0.65777777777777779,0.74092140921409211,"Yes, all 82 manuscript-cohort videos"
129.1,Animal_129_1DLC_resnet50_Freezing_07-2020Sep29shuffle1_100000filtered,Control,"Sanguino-Gomez et al., 2024",3,15,18,11250,6835,0.16,0.74092140921409211,"Yes, all 82 manuscript-cohort videos"
129.4,Animal_129_4DLC_resnet50_Freezing_07-2020Sep29shuffle1_100000filtered,Control,"Sanguino-Gomez et al., 2024",3,15,6,11250,6835,5.3333333333333337E-2,0.74092140921409211,"Yes, all 82 manuscript-cohort videos"
136.2,Animal_136_2DLC_resnet50_Freezing_07-2020Sep29shuffle1_100000filtered,Control,"Sanguino-Gomez et al., 2024",3,15,19,11250,6835,0.16888888888888889,0.74092140921409211,"Yes, all 82 manuscript-cohort videos"
136.3,Animal_136_3DLC_resnet50_Freezing_07-2020Sep29shuffle1_100000filtered,Control,"Sanguino-Gomez et al., 2024",3,15,2,11250,6835,1.7777777777777781E-2,0.74092140921409211,"Yes, all 82 manuscript-cohort videos"
136.5,Animal_136_5DLC_resnet50_Freezing_07-2020Sep29shuffle1_100000filtered,Control,"Sanguino-Gomez et al., 2024",3,15,3,11250,6835,2.6666666666666668E-2,0.74092140921409211,"Yes, all 82 manuscript-cohort videos"
137.3,Animal_137_3DLC_resnet50_Freezing_07-2020Sep29shuffle1_100000filtered,Control,"Sanguino-Gomez et al., 2024",3,15,29,11250,6835,0.25777777777777777,0.74092140921409211,"Yes, all 82 manuscript-cohort videos"
145.5,Animal_145_5DLC_resnet50_Freezing_07-2020Sep29shuffle1_100000filtered,Control,"Sanguino-Gomez et al., 2024",3,15,38,11250,6835,0.33777777777777779,0.74092140921409211,"Yes, all 82 manuscript-cohort videos"
146.6,Animal_146_6DLC_resnet50_Freezing_07-2020Sep29shuffle1_100000filtered,Control,"Sanguino-Gomez et al., 2024",3,15,16,11250,6835,0.14222222222222219,0.74092140921409211,"Yes, all 82 manuscript-cohort videos"
147.4,Animal_147_4DLC_resnet50_Freezing_07-2020Sep29shuffle1_100000filtered,Control,"Sanguino-Gomez et al., 2024",3,15,159,11250,6835,1.4133333333333331,0.74092140921409211,"Yes, all 82 manuscript-cohort videos"
152.3,Animal_152_3DLC_resnet50_Freezing_07-2020Sep29shuffle1_100000filtered,Control,"Sanguino-Gomez et al., 2024",3,15,333,11250,6835,2.96,0.74092140921409211,"Yes, all 82 manuscript-cohort videos"
152.5,Animal_152_5DLC_resnet50_Freezing_07-2020Sep29shuffle1_100000filtered,Control,"Sanguino-Gomez et al., 2024",3,15,159,11250,6835,1.4133333333333331,0.74092140921409211,"Yes, all 82 manuscript-cohort videos"
157.1,Animal_157_1DLC_resnet50_Freezing_07-2020Sep29shuffle1_100000filtered,Control,"Sanguino-Gomez et al., 2024",3,15,130,11250,6835,1.155555555555555,0.74092140921409211,"Yes, all 82 manuscript-cohort videos"
157.4,Animal_157_4DLC_resnet50_Freezing_07-2020Sep29shuffle1_100000filtered,Control,"Sanguino-Gomez et al., 2024",3,15,68,11250,6835,0.60444444444444445,0.74092140921409211,"Yes, all 82 manuscript-cohort videos"
158.5,Animal_158_5DLC_resnet50_Freezing_07-2020Sep29shuffle1_100000filtered,Control,"Sanguino-Gomez et al., 2024",3,15,20,11250,6835,0.17777777777777781,0.74092140921409211,"Yes, all 82 manuscript-cohort videos"
161.1,Animal_161_1DLC_resnet50_Freezing_07-2020Sep29shuffle1_100000filtered,Control,"Sanguino-Gomez et al., 2024",3,15,15,11250,6835,0.1333333333333333,0.74092140921409211,"Yes, all 82 manuscript-cohort videos"
161.3,Animal_161_3DLC_resnet50_Freezing_07-2020Sep29shuffle1_100000filtered,Control,"Sanguino-Gomez et al., 2024",3,15,8,11250,6835,7.1111111111111111E-2,0.74092140921409211,"Yes, all 82 manuscript-cohort videos"
123.1,Animal_123_1DLC_resnet50_Freezing_07-2020Sep29shuffle1_100000filtered,ELS,"Sanguino-Gomez et al., 2024",3,15,4,11250,6835,3.5555555555555562E-2,0.74092140921409211,"Yes, all 82 manuscript-cohort videos"
123.3,Animal_123_3DLC_resnet50_Freezing_07-2020Sep29shuffle1_100000filtered,ELS,"Sanguino-Gomez et al., 2024",3,15,30,11250,6835,0.26666666666666672,0.74092140921409211,"Yes, all 82 manuscript-cohort videos"
128.4,Animal_128_4DLC_resnet50_Freezing_07-2020Sep29shuffle1_100000filtered,ELS,"Sanguino-Gomez et al., 2024",3,15,1,11250,6835,8.8888888888888889E-3,0.74092140921409211,"Yes, all 82 manuscript-cohort videos"
133.3,Animal_133_3DLC_resnet50_Freezing_07-2020Sep29shuffle1_100000filtered,ELS,"Sanguino-Gomez et al., 2024",3,15,33,11250,6835,0.29333333333333328,0.74092140921409211,"Yes, all 82 manuscript-cohort videos"
134.2,Animal_134_2DLC_resnet50_Freezing_07-2020Sep29shuffle1_100000filtered,ELS,"Sanguino-Gomez et al., 2024",3,15,36,11250,6835,0.32,0.74092140921409211,"Yes, all 82 manuscript-cohort videos"
134.4,Animal_134_4DLC_resnet50_Freezing_07-2020Sep29shuffle1_100000filtered,ELS,"Sanguino-Gomez et al., 2024",3,15,30,11250,6835,0.26666666666666672,0.74092140921409211,"Yes, all 82 manuscript-cohort videos"
144.3,Animal_144_3DLC_resnet50_Freezing_07-2020Sep29shuffle1_100000filtered,ELS,"Sanguino-Gomez et al., 2024",3,15,40,11250,6835,0.35555555555555562,0.74092140921409211,"Yes, all 82 manuscript-cohort videos"
144.5,Animal_144_5DLC_resnet50_Freezing_07-2020Sep29shuffle1_100000filtered,ELS,"Sanguino-Gomez et al., 2024",3,15,10,11250,6835,8.8888888888888892E-2,0.74092140921409211,"Yes, all 82 manuscript-cohort videos"
148.4,Animal_148_4DLC_resnet50_Freezing_07-2020Sep29shuffle1_100000filtered,ELS,"Sanguino-Gomez et al., 2024",3,15,124,11250,6835,1.102222222222222,0.74092140921409211,"Yes, all 82 manuscript-cohort videos"
150.5,Animal_150_5DLC_resnet50_Freezing_07-2020Sep29shuffle1_100000filtered,ELS,"Sanguino-Gomez et al., 2024",3,15,9,11250,6835,0.08,0.74092140921409211,"Yes, all 82 manuscript-cohort videos"
153.4,Animal_153_4DLC_resnet50_Freezing_07-2020Sep29shuffle1_100000filtered,ELS,"Sanguino-Gomez et al., 2024",3,15,5,11250,6835,4.4444444444444453E-2,0.74092140921409211,"Yes, all 82 manuscript-cohort videos"
154.4,Animal_154_4DLC_resnet50_Freezing_07-2020Sep29shuffle1_100000filtered,ELS,"Sanguino-Gomez et al., 2024",3,15,63,11250,6835,0.55999999999999994,0.74092140921409211,"Yes, all 82 manuscript-cohort videos"
159.3,Animal_159_3DLC_resnet50_Freezing_07-2020Sep29shuffle1_100000filtered,ELS,"Sanguino-Gomez et al., 2024",3,15,15,11250,6835,0.1333333333333333,0.74092140921409211,"Yes, all 82 manuscript-cohort videos"
159.5,Animal_159_5DLC_resnet50_Freezing_07-2020Sep29shuffle1_100000filtered,ELS,"Sanguino-Gomez et al., 2024",3,15,19,11250,6835,0.16888888888888889,0.74092140921409211,"Yes, all 82 manuscript-cohort videos"
11.4,Animal 11_4DLC_resnet50_Freezing_07-2020Sep29shuffle1_100000filtered,Control,"Sanguino-Gomez and Krugers, 2024",1,16,14,11250,5611,0.1244444444444445,0.60823848238482381,"Yes, all 82 manuscript-cohort videos"
11.6,Animal 11_6DLC_resnet50_Freezing_07-2020Sep29shuffle1_100000filtered,Control,"Sanguino-Gomez and Krugers, 2024",1,16,19,11250,5611,0.16888888888888889,0.60823848238482381,"Yes, all 82 manuscript-cohort videos"
34.4,Animal 34_4DLC_resnet50_Freezing_07-2020Sep29shuffle1_100000filtered,Control,"Sanguino-Gomez and Krugers, 2024",1,16,122,11250,5611,1.084444444444445,0.60823848238482381,"Yes, all 82 manuscript-cohort videos"
34.5,Animal 34_5DLC_resnet50_Freezing_07-2020Sep29shuffle1_100000filtered,Control,"Sanguino-Gomez and Krugers, 2024",1,16,454,11250,5611,4.0355555555555558,0.60823848238482381,"Yes, all 82 manuscript-cohort videos"
40.4,Animal_40_4DLC_resnet50_Freezing_07-2020Sep29shuffle1_100000filtered,Control,"Sanguino-Gomez and Krugers, 2024",1,16,87,11250,5611,0.77333333333333332,0.60823848238482381,"Yes, all 82 manuscript-cohort videos"
40.6,Animal_40_6DLC_resnet50_Freezing_07-2020Sep29shuffle1_100000filtered,Control,"Sanguino-Gomez and Krugers, 2024",1,16,126,11250,5611,1.1200000000000001,0.60823848238482381,"Yes, all 82 manuscript-cohort videos"
41.4,Animal_41_4DLC_resnet50_Freezing_07-2020Sep29shuffle1_100000filtered,Control,"Sanguino-Gomez and Krugers, 2024",1,16,34,11250,5611,0.30222222222222223,0.60823848238482381,"Yes, all 82 manuscript-cohort videos"
41.5,Animal_41_5DLC_resnet50_Freezing_07-2020Sep29shuffle1_100000filtered,Control,"Sanguino-Gomez and Krugers, 2024",1,16,86,11250,5611,0.76444444444444437,0.60823848238482381,"Yes, all 82 manuscript-cohort videos"
41.6,Animal_41_6DLC_resnet50_Freezing_07-2020Sep29shuffle1_100000filtered,Control,"Sanguino-Gomez and Krugers, 2024",1,16,124,11250,5611,1.102222222222222,0.60823848238482381,"Yes, all 82 manuscript-cohort videos"
47.5,Animal_47_5DLC_resnet50_Freezing_07-2020Sep29shuffle1_100000filtered,Control,"Sanguino-Gomez and Krugers, 2024",1,16,46,11250,5611,0.40888888888888891,0.60823848238482381,"Yes, all 82 manuscript-cohort videos"
5.4,Animal 5_4DLC_resnet50_Freezing_07-2020Sep29shuffle1_100000filtered,Control,"Sanguino-Gomez and Krugers, 2024",1,16,4,11250,5611,3.5555555555555562E-2,0.60823848238482381,"Yes, all 82 manuscript-cohort videos"
50.5,Animal_50_5DLC_resnet50_Freezing_07-2020Sep29shuffle1_100000filtered,Control,"Sanguino-Gomez and Krugers, 2024",1,16,10,11250,5611,8.8888888888888892E-2,0.60823848238482381,"Yes, all 82 manuscript-cohort videos"
53.5,Animal_53_5DLC_resnet50_Freezing_07-2020Sep29shuffle1_100000filtered,Control,"Sanguino-Gomez and Krugers, 2024",1,16,36,11250,5611,0.32,0.60823848238482381,"Yes, all 82 manuscript-cohort videos"
54.3,Animal_54_3DLC_resnet50_Freezing_07-2020Sep29shuffle1_100000filtered,Control,"Sanguino-Gomez and Krugers, 2024",1,16,140,11250,5611,1.244444444444444,0.60823848238482381,"Yes, all 82 manuscript-cohort videos"
54.4,Animal_54_4DLC_resnet50_Freezing_07-2020Sep29shuffle1_100000filtered,Control,"Sanguino-Gomez and Krugers, 2024",1,16,48,11250,5611,0.42666666666666669,0.60823848238482381,"Yes, all 82 manuscript-cohort videos"
54.6,Animal_54_6DLC_resnet50_Freezing_07-2020Sep29shuffle1_100000filtered,Control,"Sanguino-Gomez and Krugers, 2024",1,16,78,11250,5611,0.69333333333333336,0.60823848238482381,"Yes, all 82 manuscript-cohort videos"
58.5,Animal_58_5DLC_resnet50_Freezing_07-2020Sep29shuffle1_100000filtered,Control,"Sanguino-Gomez and Krugers, 2024",1,16,169,11250,5611,1.5022222222222219,0.60823848238482381,"Yes, all 82 manuscript-cohort videos"
62.1,Animal_62_1DLC_resnet50_Freezing_07-2020Sep29shuffle1_100000filtered,Control,"Sanguino-Gomez and Krugers, 2024",1,16,104,11250,5611,0.9244444444444444,0.60823848238482381,"Yes, all 82 manuscript-cohort videos"
62.2,Animal_62_2DLC_resnet50_Freezing_07-2020Sep29shuffle1_100000filtered,Control,"Sanguino-Gomez and Krugers, 2024",1,16,28,11250,5611,0.24888888888888891,0.60823848238482381,"Yes, all 82 manuscript-cohort videos"
62.3,Animal_62_3DLC_resnet50_Freezing_07-2020Sep29shuffle1_100000filtered,Control,"Sanguino-Gomez and Krugers, 2024",1,16,245,11250,5611,2.177777777777778,0.60823848238482381,"Yes, all 82 manuscript-cohort videos"
62.4,Animal_62_4DLC_resnet50_Freezing_07-2020Sep29shuffle1_100000filtered,Control,"Sanguino-Gomez and Krugers, 2024",1,16,96,11250,5611,0.85333333333333339,0.60823848238482381,"Yes, all 82 manuscript-cohort videos"
62.5,Animal_62_5DLC_resnet50_Freezing_07-2020Sep29shuffle1_100000filtered,Control,"Sanguino-Gomez and Krugers, 2024",1,16,345,11250,5611,3.066666666666666,0.60823848238482381,"Yes, all 82 manuscript-cohort videos"
68.1,Animal_68_1DLC_resnet50_Freezing_07-2020Sep29shuffle1_100000filtered,Control,"Sanguino-Gomez and Krugers, 2024",1,16,104,11250,5611,0.9244444444444444,0.60823848238482381,"Yes, all 82 manuscript-cohort videos"
74.1,Animal_74_1DLC_resnet50_Freezing_07-2020Sep29shuffle1_100000filtered,Control,"Sanguino-Gomez and Krugers, 2024",1,16,48,11250,5611,0.42666666666666669,0.60823848238482381,"Yes, all 82 manuscript-cohort videos"
80.3,Animal_80_3DLC_resnet50_Freezing_07-2020Sep29shuffle1_100000filtered,Control,"Sanguino-Gomez and Krugers, 2024",1,16,32,11250,5611,0.28444444444444439,0.60823848238482381,"Yes, all 82 manuscript-cohort videos"
15.4,Animal 15_4DLC_resnet50_Freezing_07-2020Sep29shuffle1_100000filtered,ELS,"Sanguino-Gomez and Krugers, 2024",1,16,35,11250,5611,0.31111111111111112,0.60823848238482381,"Yes, all 82 manuscript-cohort videos"
15.6,Animal 15_6DLC_resnet50_Freezing_07-2020Sep29shuffle1_100000filtered,ELS,"Sanguino-Gomez and Krugers, 2024",1,16,7,11250,5611,6.2222222222222227E-2,0.60823848238482381,"Yes, all 82 manuscript-cohort videos"
2.4,Animal 2_4DLC_resnet50_Freezing_07-2020Sep29shuffle1_100000filtered,ELS,"Sanguino-Gomez and Krugers, 2024",1,16,20,11250,5611,0.17777777777777781,0.60823848238482381,"Yes, all 82 manuscript-cohort videos"
23.4,Animal 23_4DLC_resnet50_Freezing_07-2020Sep29shuffle1_100000filtered,ELS,"Sanguino-Gomez and Krugers, 2024",1,16,105,11250,5611,0.93333333333333346,0.60823848238482381,"Yes, all 82 manuscript-cohort videos"
25.1,Animal 25_1DLC_resnet50_Freezing_07-2020Sep29shuffle1_100000filtered,ELS,"Sanguino-Gomez and Krugers, 2024",1,16,25,11250,5611,0.22222222222222221,0.60823848238482381,"Yes, all 82 manuscript-cohort videos"
26.4,Animal 26_4DLC_resnet50_Freezing_07-2020Sep29shuffle1_100000filtered,ELS,"Sanguino-Gomez and Krugers, 2024",1,16,62,11250,5611,0.55111111111111111,0.60823848238482381,"Yes, all 82 manuscript-cohort videos"
32.2,Animal 32_2DLC_resnet50_Freezing_07-2020Sep29shuffle1_100000filtered,ELS,"Sanguino-Gomez and Krugers, 2024",1,16,11,11250,5611,9.7777777777777769E-2,0.60823848238482381,"Yes, all 82 manuscript-cohort videos"
32.4,Animal 32_4DLC_resnet50_Freezing_07-2020Sep29shuffle1_100000filtered,ELS,"Sanguino-Gomez and Krugers, 2024",1,16,16,11250,5611,0.14222222222222219,0.60823848238482381,"Yes, all 82 manuscript-cohort videos"
43.3,Animal_43_3DLC_resnet50_Freezing_07-2020Sep29shuffle1_100000filtered,ELS,"Sanguino-Gomez and Krugers, 2024",1,16,261,11250,5611,2.3199999999999998,0.60823848238482381,"Yes, all 82 manuscript-cohort videos"
43.5,Animal_43_5DLC_resnet50_Freezing_07-2020Sep29shuffle1_100000filtered,ELS,"Sanguino-Gomez and Krugers, 2024",1,16,118,11250,5611,1.048888888888889,0.60823848238482381,"Yes, all 82 manuscript-cohort videos"
49.5,Animal_49_5DLC_resnet50_Freezing_07-2020Sep29shuffle1_100000filtered,ELS,"Sanguino-Gomez and Krugers, 2024",1,16,122,11250,5611,1.084444444444445,0.60823848238482381,"Yes, all 82 manuscript-cohort videos"
49.6,Animal_49_6DLC_resnet50_Freezing_07-2020Sep29shuffle1_100000filtered,ELS,"Sanguino-Gomez and Krugers, 2024",1,16,18,11250,5611,0.16,0.60823848238482381,"Yes, all 82 manuscript-cohort videos"
55.3,Animal_55_3DLC_resnet50_Freezing_07-2020Sep29shuffle1_100000filtered,ELS,"Sanguino-Gomez and Krugers, 2024",1,16,146,11250,5611,1.2977777777777779,0.60823848238482381,"Yes, all 82 manuscript-cohort videos"
55.5,Animal_55_5DLC_resnet50_Freezing_07-2020Sep29shuffle1_100000filtered,ELS,"Sanguino-Gomez and Krugers, 2024",1,16,122,11250,5611,1.084444444444445,0.60823848238482381,"Yes, all 82 manuscript-cohort videos"
56.3,Animal_56_3DLC_resnet50_Freezing_07-2020Sep29shuffle1_100000filtered,ELS,"Sanguino-Gomez and Krugers, 2024",1,16,61,11250,5611,0.54222222222222227,0.60823848238482381,"Yes, all 82 manuscript-cohort videos"
63.3,Animal_63_3DLC_resnet50_Freezing_07-2020Sep29shuffle1_100000filtered,ELS,"Sanguino-Gomez and Krugers, 2024",1,16,139,11250,5611,1.235555555555556,0.60823848238482381,"Yes, all 82 manuscript-cohort videos"
69.1,Animal_69_1DLC_resnet50_Freezing_07-2020Sep29shuffle1_100000filtered,ELS,"Sanguino-Gomez and Krugers, 2024",1,16,97,11250,5611,0.86222222222222222,0.60823848238482381,"Yes, all 82 manuscript-cohort videos"
69.2,Animal_69_2DLC_resnet50_Freezing_07-2020Sep29shuffle1_100000filtered,ELS,"Sanguino-Gomez and Krugers, 2024",1,16,337,11250,5611,2.9955555555555549,0.60823848238482381,"Yes, all 82 manuscript-cohort videos"
69.3,Animal_69_3DLC_resnet50_Freezing_07-2020Sep29shuffle1_100000filtered,ELS,"Sanguino-Gomez and Krugers, 2024",1,16,103,11250,5611,0.91555555555555557,0.60823848238482381,"Yes, all 82 manuscript-cohort videos"
69.5,Animal_69_5DLC_resnet50_Freezing_07-2020Sep29shuffle1_100000filtered,ELS,"Sanguino-Gomez and Krugers, 2024",1,16,118,11250,5611,1.048888888888889,0.60823848238482381,"Yes, all 82 manuscript-cohort videos"
73.1,Animal_73_1DLC_resnet50_Freezing_07-2020Sep29shuffle1_100000filtered,ELS,"Sanguino-Gomez and Krugers, 2024",1,16,18,11250,5611,0.16,0.60823848238482381,"Yes, all 82 manuscript-cohort videos"
73.4,Animal_73_4DLC_resnet50_Freezing_07-2020Sep29shuffle1_100000filtered,ELS,"Sanguino-Gomez and Krugers, 2024",1,16,5,11250,5611,4.4444444444444453E-2,0.60823848238482381,"Yes, all 82 manuscript-cohort videos"
75.1,Animal_75_1DLC_resnet50_Freezing_07-2020Sep29shuffle1_100000filtered,ELS,"Sanguino-Gomez and Krugers, 2024",1,16,87,11250,5611,0.77333333333333332,0.60823848238482381,"Yes, all 82 manuscript-cohort videos"
88.2,Animal_88_2DLC_resnet50_Freezing_07-2020Sep29shuffle1_100000filtered,ELS,"Sanguino-Gomez and Krugers, 2024",1,16,47,11250,5611,0.41777777777777769,0.60823848238482381,"Yes, all 82 manuscript-cohort videos"
88.3,Animal_88_3DLC_resnet50_Freezing_07-2020Sep29shuffle1_100000filtered,ELS,"Sanguino-Gomez and Krugers, 2024",1,16,93,11250,5611,0.82666666666666666,0.60823848238482381,"Yes, all 82 manuscript-cohort videos"
129.1,Animal_129_1DLC_resnet50_Freezing_07-2020Sep29shuffle1_100000filtered,Control,"Sanguino-Gomez et al., 2024",3,16,6,11250,5611,5.3333333333333337E-2,0.60823848238482381,"Yes, all 82 manuscript-cohort videos"
129.4,Animal_129_4DLC_resnet50_Freezing_07-2020Sep29shuffle1_100000filtered,Control,"Sanguino-Gomez et al., 2024",3,16,7,11250,5611,6.2222222222222227E-2,0.60823848238482381,"Yes, all 82 manuscript-cohort videos"
136.2,Animal_136_2DLC_resnet50_Freezing_07-2020Sep29shuffle1_100000filtered,Control,"Sanguino-Gomez et al., 2024",3,16,14,11250,5611,0.1244444444444445,0.60823848238482381,"Yes, all 82 manuscript-cohort videos"
136.3,Animal_136_3DLC_resnet50_Freezing_07-2020Sep29shuffle1_100000filtered,Control,"Sanguino-Gomez et al., 2024",3,16,4,11250,5611,3.5555555555555562E-2,0.60823848238482381,"Yes, all 82 manuscript-cohort videos"
136.5,Animal_136_5DLC_resnet50_Freezing_07-2020Sep29shuffle1_100000filtered,Control,"Sanguino-Gomez et al., 2024",3,16,4,11250,5611,3.5555555555555562E-2,0.60823848238482381,"Yes, all 82 manuscript-cohort videos"
137.3,Animal_137_3DLC_resnet50_Freezing_07-2020Sep29shuffle1_100000filtered,Control,"Sanguino-Gomez et al., 2024",3,16,21,11250,5611,0.1866666666666667,0.60823848238482381,"Yes, all 82 manuscript-cohort videos"
145.5,Animal_145_5DLC_resnet50_Freezing_07-2020Sep29shuffle1_100000filtered,Control,"Sanguino-Gomez et al., 2024",3,16,28,11250,5611,0.24888888888888891,0.60823848238482381,"Yes, all 82 manuscript-cohort videos"
146.6,Animal_146_6DLC_resnet50_Freezing_07-2020Sep29shuffle1_100000filtered,Control,"Sanguino-Gomez et al., 2024",3,16,13,11250,5611,0.11555555555555561,0.60823848238482381,"Yes, all 82 manuscript-cohort videos"
147.4,Animal_147_4DLC_resnet50_Freezing_07-2020Sep29shuffle1_100000filtered,Control,"Sanguino-Gomez et al., 2024",3,16,19,11250,5611,0.16888888888888889,0.60823848238482381,"Yes, all 82 manuscript-cohort videos"
152.3,Animal_152_3DLC_resnet50_Freezing_07-2020Sep29shuffle1_100000filtered,Control,"Sanguino-Gomez et al., 2024",3,16,64,11250,5611,0.56888888888888889,0.60823848238482381,"Yes, all 82 manuscript-cohort videos"
152.5,Animal_152_5DLC_resnet50_Freezing_07-2020Sep29shuffle1_100000filtered,Control,"Sanguino-Gomez et al., 2024",3,16,43,11250,5611,0.38222222222222219,0.60823848238482381,"Yes, all 82 manuscript-cohort videos"
157.1,Animal_157_1DLC_resnet50_Freezing_07-2020Sep29shuffle1_100000filtered,Control,"Sanguino-Gomez et al., 2024",3,16,94,11250,5611,0.8355555555555555,0.60823848238482381,"Yes, all 82 manuscript-cohort videos"
157.4,Animal_157_4DLC_resnet50_Freezing_07-2020Sep29shuffle1_100000filtered,Control,"Sanguino-Gomez et al., 2024",3,16,37,11250,5611,0.3288888888888889,0.60823848238482381,"Yes, all 82 manuscript-cohort videos"
158.5,Animal_158_5DLC_resnet50_Freezing_07-2020Sep29shuffle1_100000filtered,Control,"Sanguino-Gomez et al., 2024",3,16,65,11250,5611,0.57777777777777772,0.60823848238482381,"Yes, all 82 manuscript-cohort videos"
161.1,Animal_161_1DLC_resnet50_Freezing_07-2020Sep29shuffle1_100000filtered,Control,"Sanguino-Gomez et al., 2024",3,16,44,11250,5611,0.39111111111111108,0.60823848238482381,"Yes, all 82 manuscript-cohort videos"
161.3,Animal_161_3DLC_resnet50_Freezing_07-2020Sep29shuffle1_100000filtered,Control,"Sanguino-Gomez et al., 2024",3,16,41,11250,5611,0.36444444444444452,0.60823848238482381,"Yes, all 82 manuscript-cohort videos"
123.3,Animal_123_3DLC_resnet50_Freezing_07-2020Sep29shuffle1_100000filtered,ELS,"Sanguino-Gomez et al., 2024",3,16,44,11250,5611,0.39111111111111108,0.60823848238482381,"Yes, all 82 manuscript-cohort videos"
128.4,Animal_128_4DLC_resnet50_Freezing_07-2020Sep29shuffle1_100000filtered,ELS,"Sanguino-Gomez et al., 2024",3,16,25,11250,5611,0.22222222222222221,0.60823848238482381,"Yes, all 82 manuscript-cohort videos"
133.3,Animal_133_3DLC_resnet50_Freezing_07-2020Sep29shuffle1_100000filtered,ELS,"Sanguino-Gomez et al., 2024",3,16,40,11250,5611,0.35555555555555562,0.60823848238482381,"Yes, all 82 manuscript-cohort videos"
134.2,Animal_134_2DLC_resnet50_Freezing_07-2020Sep29shuffle1_100000filtered,ELS,"Sanguino-Gomez et al., 2024",3,16,41,11250,5611,0.36444444444444452,0.60823848238482381,"Yes, all 82 manuscript-cohort videos"
134.4,Animal_134_4DLC_resnet50_Freezing_07-2020Sep29shuffle1_100000filtered,ELS,"Sanguino-Gomez et al., 2024",3,16,29,11250,5611,0.25777777777777777,0.60823848238482381,"Yes, all 82 manuscript-cohort videos"
144.3,Animal_144_3DLC_resnet50_Freezing_07-2020Sep29shuffle1_100000filtered,ELS,"Sanguino-Gomez et al., 2024",3,16,4,11250,5611,3.5555555555555562E-2,0.60823848238482381,"Yes, all 82 manuscript-cohort videos"
148.4,Animal_148_4DLC_resnet50_Freezing_07-2020Sep29shuffle1_100000filtered,ELS,"Sanguino-Gomez et al., 2024",3,16,62,11250,5611,0.55111111111111111,0.60823848238482381,"Yes, all 82 manuscript-cohort videos"
150.3,Animal_150_3DLC_resnet50_Freezing_07-2020Sep29shuffle1_100000filtered,ELS,"Sanguino-Gomez et al., 2024",3,16,3,11250,5611,2.6666666666666668E-2,0.60823848238482381,"Yes, all 82 manuscript-cohort videos"
150.5,Animal_150_5DLC_resnet50_Freezing_07-2020Sep29shuffle1_100000filtered,ELS,"Sanguino-Gomez et al., 2024",3,16,11,11250,5611,9.7777777777777769E-2,0.60823848238482381,"Yes, all 82 manuscript-cohort videos"
153.4,Animal_153_4DLC_resnet50_Freezing_07-2020Sep29shuffle1_100000filtered,ELS,"Sanguino-Gomez et al., 2024",3,16,25,11250,5611,0.22222222222222221,0.60823848238482381,"Yes, all 82 manuscript-cohort videos"
154.4,Animal_154_4DLC_resnet50_Freezing_07-2020Sep29shuffle1_100000filtered,ELS,"Sanguino-Gomez et al., 2024",3,16,37,11250,5611,0.3288888888888889,0.60823848238482381,"Yes, all 82 manuscript-cohort videos"
159.3,Animal_159_3DLC_resnet50_Freezing_07-2020Sep29shuffle1_100000filtered,ELS,"Sanguino-Gomez et al., 2024",3,16,9,11250,5611,0.08,0.60823848238482381,"Yes, all 82 manuscript-cohort videos"
159.4,Animal_159_4DLC_resnet50_Freezing_07-2020Sep29shuffle1_100000filtered,ELS,"Sanguino-Gomez et al., 2024",3,16,5,11250,5611,4.4444444444444453E-2,0.60823848238482381,"Yes, all 82 manuscript-cohort videos"
11.4,Animal 11_4DLC_resnet50_Freezing_07-2020Sep29shuffle1_100000filtered,Control,"Sanguino-Gomez and Krugers, 2024",1,17,96,11250,6522,0.85333333333333339,0.70699186991869922,"Yes, all 82 manuscript-cohort videos"
11.6,Animal 11_6DLC_resnet50_Freezing_07-2020Sep29shuffle1_100000filtered,Control,"Sanguino-Gomez and Krugers, 2024",1,17,93,11250,6522,0.82666666666666666,0.70699186991869922,"Yes, all 82 manuscript-cohort videos"
34.4,Animal 34_4DLC_resnet50_Freezing_07-2020Sep29shuffle1_100000filtered,Control,"Sanguino-Gomez and Krugers, 2024",1,17,126,11250,6522,1.1200000000000001,0.70699186991869922,"Yes, all 82 manuscript-cohort videos"
34.5,Animal 34_5DLC_resnet50_Freezing_07-2020Sep29shuffle1_100000filtered,Control,"Sanguino-Gomez and Krugers, 2024",1,17,155,11250,6522,1.377777777777778,0.70699186991869922,"Yes, all 82 manuscript-cohort videos"
40.4,Animal_40_4DLC_resnet50_Freezing_07-2020Sep29shuffle1_100000filtered,Control,"Sanguino-Gomez and Krugers, 2024",1,17,339,11250,6522,3.0133333333333341,0.70699186991869922,"Yes, all 82 manuscript-cohort videos"
40.6,Animal_40_6DLC_resnet50_Freezing_07-2020Sep29shuffle1_100000filtered,Control,"Sanguino-Gomez and Krugers, 2024",1,17,237,11250,6522,2.1066666666666669,0.70699186991869922,"Yes, all 82 manuscript-cohort videos"
41.4,Animal_41_4DLC_resnet50_Freezing_07-2020Sep29shuffle1_100000filtered,Control,"Sanguino-Gomez and Krugers, 2024",1,17,118,11250,6522,1.048888888888889,0.70699186991869922,"Yes, all 82 manuscript-cohort videos"
41.5,Animal_41_5DLC_resnet50_Freezing_07-2020Sep29shuffle1_100000filtered,Control,"Sanguino-Gomez and Krugers, 2024",1,17,140,11250,6522,1.244444444444444,0.70699186991869922,"Yes, all 82 manuscript-cohort videos"
41.6,Animal_41_6DLC_resnet50_Freezing_07-2020Sep29shuffle1_100000filtered,Control,"Sanguino-Gomez and Krugers, 2024",1,17,152,11250,6522,1.3511111111111109,0.70699186991869922,"Yes, all 82 manuscript-cohort videos"
47.5,Animal_47_5DLC_resnet50_Freezing_07-2020Sep29shuffle1_100000filtered,Control,"Sanguino-Gomez and Krugers, 2024",1,17,102,11250,6522,0.90666666666666673,0.70699186991869922,"Yes, all 82 manuscript-cohort videos"
5.4,Animal 5_4DLC_resnet50_Freezing_07-2020Sep29shuffle1_100000filtered,Control,"Sanguino-Gomez and Krugers, 2024",1,17,148,11250,6522,1.315555555555556,0.70699186991869922,"Yes, all 82 manuscript-cohort videos"
50.5,Animal_50_5DLC_resnet50_Freezing_07-2020Sep29shuffle1_100000filtered,Control,"Sanguino-Gomez and Krugers, 2024",1,17,43,11250,6522,0.38222222222222219,0.70699186991869922,"Yes, all 82 manuscript-cohort videos"
53.5,Animal_53_5DLC_resnet50_Freezing_07-2020Sep29shuffle1_100000filtered,Control,"Sanguino-Gomez and Krugers, 2024",1,17,81,11250,6522,0.72,0.70699186991869922,"Yes, all 82 manuscript-cohort videos"
54.3,Animal_54_3DLC_resnet50_Freezing_07-2020Sep29shuffle1_100000filtered,Control,"Sanguino-Gomez and Krugers, 2024",1,17,136,11250,6522,1.2088888888888889,0.70699186991869922,"Yes, all 82 manuscript-cohort videos"
54.6,Animal_54_6DLC_resnet50_Freezing_07-2020Sep29shuffle1_100000filtered,Control,"Sanguino-Gomez and Krugers, 2024",1,17,10,11250,6522,8.8888888888888892E-2,0.70699186991869922,"Yes, all 82 manuscript-cohort videos"
58.5,Animal_58_5DLC_resnet50_Freezing_07-2020Sep29shuffle1_100000filtered,Control,"Sanguino-Gomez and Krugers, 2024",1,17,179,11250,6522,1.5911111111111109,0.70699186991869922,"Yes, all 82 manuscript-cohort videos"
62.1,Animal_62_1DLC_resnet50_Freezing_07-2020Sep29shuffle1_100000filtered,Control,"Sanguino-Gomez and Krugers, 2024",1,17,118,11250,6522,1.048888888888889,0.70699186991869922,"Yes, all 82 manuscript-cohort videos"
62.2,Animal_62_2DLC_resnet50_Freezing_07-2020Sep29shuffle1_100000filtered,Control,"Sanguino-Gomez and Krugers, 2024",1,17,80,11250,6522,0.71111111111111114,0.70699186991869922,"Yes, all 82 manuscript-cohort videos"
62.3,Animal_62_3DLC_resnet50_Freezing_07-2020Sep29shuffle1_100000filtered,Control,"Sanguino-Gomez and Krugers, 2024",1,17,91,11250,6522,0.80888888888888888,0.70699186991869922,"Yes, all 82 manuscript-cohort videos"
62.4,Animal_62_4DLC_resnet50_Freezing_07-2020Sep29shuffle1_100000filtered,Control,"Sanguino-Gomez and Krugers, 2024",1,17,54,11250,6522,0.48,0.70699186991869922,"Yes, all 82 manuscript-cohort videos"
62.5,Animal_62_5DLC_resnet50_Freezing_07-2020Sep29shuffle1_100000filtered,Control,"Sanguino-Gomez and Krugers, 2024",1,17,28,11250,6522,0.24888888888888891,0.70699186991869922,"Yes, all 82 manuscript-cohort videos"
68.1,Animal_68_1DLC_resnet50_Freezing_07-2020Sep29shuffle1_100000filtered,Control,"Sanguino-Gomez and Krugers, 2024",1,17,25,11250,6522,0.22222222222222221,0.70699186991869922,"Yes, all 82 manuscript-cohort videos"
74.1,Animal_74_1DLC_resnet50_Freezing_07-2020Sep29shuffle1_100000filtered,Control,"Sanguino-Gomez and Krugers, 2024",1,17,47,11250,6522,0.41777777777777769,0.70699186991869922,"Yes, all 82 manuscript-cohort videos"
80.3,Animal_80_3DLC_resnet50_Freezing_07-2020Sep29shuffle1_100000filtered,Control,"Sanguino-Gomez and Krugers, 2024",1,17,54,11250,6522,0.48,0.70699186991869922,"Yes, all 82 manuscript-cohort videos"
15.4,Animal 15_4DLC_resnet50_Freezing_07-2020Sep29shuffle1_100000filtered,ELS,"Sanguino-Gomez and Krugers, 2024",1,17,47,11250,6522,0.41777777777777769,0.70699186991869922,"Yes, all 82 manuscript-cohort videos"
15.6,Animal 15_6DLC_resnet50_Freezing_07-2020Sep29shuffle1_100000filtered,ELS,"Sanguino-Gomez and Krugers, 2024",1,17,50,11250,6522,0.44444444444444442,0.70699186991869922,"Yes, all 82 manuscript-cohort videos"
2.4,Animal 2_4DLC_resnet50_Freezing_07-2020Sep29shuffle1_100000filtered,ELS,"Sanguino-Gomez and Krugers, 2024",1,17,117,11250,6522,1.04,0.70699186991869922,"Yes, all 82 manuscript-cohort videos"
23.4,Animal 23_4DLC_resnet50_Freezing_07-2020Sep29shuffle1_100000filtered,ELS,"Sanguino-Gomez and Krugers, 2024",1,17,95,11250,6522,0.84444444444444433,0.70699186991869922,"Yes, all 82 manuscript-cohort videos"
25.1,Animal 25_1DLC_resnet50_Freezing_07-2020Sep29shuffle1_100000filtered,ELS,"Sanguino-Gomez and Krugers, 2024",1,17,95,11250,6522,0.84444444444444433,0.70699186991869922,"Yes, all 82 manuscript-cohort videos"
26.4,Animal 26_4DLC_resnet50_Freezing_07-2020Sep29shuffle1_100000filtered,ELS,"Sanguino-Gomez and Krugers, 2024",1,17,10,11250,6522,8.8888888888888892E-2,0.70699186991869922,"Yes, all 82 manuscript-cohort videos"
32.2,Animal 32_2DLC_resnet50_Freezing_07-2020Sep29shuffle1_100000filtered,ELS,"Sanguino-Gomez and Krugers, 2024",1,17,77,11250,6522,0.68444444444444441,0.70699186991869922,"Yes, all 82 manuscript-cohort videos"
32.4,Animal 32_4DLC_resnet50_Freezing_07-2020Sep29shuffle1_100000filtered,ELS,"Sanguino-Gomez and Krugers, 2024",1,17,100,11250,6522,0.88888888888888884,0.70699186991869922,"Yes, all 82 manuscript-cohort videos"
43.3,Animal_43_3DLC_resnet50_Freezing_07-2020Sep29shuffle1_100000filtered,ELS,"Sanguino-Gomez and Krugers, 2024",1,17,294,11250,6522,2.6133333333333328,0.70699186991869922,"Yes, all 82 manuscript-cohort videos"
43.5,Animal_43_5DLC_resnet50_Freezing_07-2020Sep29shuffle1_100000filtered,ELS,"Sanguino-Gomez and Krugers, 2024",1,17,65,11250,6522,0.57777777777777772,0.70699186991869922,"Yes, all 82 manuscript-cohort videos"
49.5,Animal_49_5DLC_resnet50_Freezing_07-2020Sep29shuffle1_100000filtered,ELS,"Sanguino-Gomez and Krugers, 2024",1,17,53,11250,6522,0.47111111111111109,0.70699186991869922,"Yes, all 82 manuscript-cohort videos"
49.6,Animal_49_6DLC_resnet50_Freezing_07-2020Sep29shuffle1_100000filtered,ELS,"Sanguino-Gomez and Krugers, 2024",1,17,153,11250,6522,1.36,0.70699186991869922,"Yes, all 82 manuscript-cohort videos"
55.3,Animal_55_3DLC_resnet50_Freezing_07-2020Sep29shuffle1_100000filtered,ELS,"Sanguino-Gomez and Krugers, 2024",1,17,199,11250,6522,1.768888888888889,0.70699186991869922,"Yes, all 82 manuscript-cohort videos"
55.5,Animal_55_5DLC_resnet50_Freezing_07-2020Sep29shuffle1_100000filtered,ELS,"Sanguino-Gomez and Krugers, 2024",1,17,96,11250,6522,0.85333333333333339,0.70699186991869922,"Yes, all 82 manuscript-cohort videos"
56.3,Animal_56_3DLC_resnet50_Freezing_07-2020Sep29shuffle1_100000filtered,ELS,"Sanguino-Gomez and Krugers, 2024",1,17,64,11250,6522,0.56888888888888889,0.70699186991869922,"Yes, all 82 manuscript-cohort videos"
63.3,Animal_63_3DLC_resnet50_Freezing_07-2020Sep29shuffle1_100000filtered,ELS,"Sanguino-Gomez and Krugers, 2024",1,17,125,11250,6522,1.1111111111111109,0.70699186991869922,"Yes, all 82 manuscript-cohort videos"
69.1,Animal_69_1DLC_resnet50_Freezing_07-2020Sep29shuffle1_100000filtered,ELS,"Sanguino-Gomez and Krugers, 2024",1,17,65,11250,6522,0.57777777777777772,0.70699186991869922,"Yes, all 82 manuscript-cohort videos"
69.2,Animal_69_2DLC_resnet50_Freezing_07-2020Sep29shuffle1_100000filtered,ELS,"Sanguino-Gomez and Krugers, 2024",1,17,27,11250,6522,0.24,0.70699186991869922,"Yes, all 82 manuscript-cohort videos"
69.3,Animal_69_3DLC_resnet50_Freezing_07-2020Sep29shuffle1_100000filtered,ELS,"Sanguino-Gomez and Krugers, 2024",1,17,36,11250,6522,0.32,0.70699186991869922,"Yes, all 82 manuscript-cohort videos"
69.5,Animal_69_5DLC_resnet50_Freezing_07-2020Sep29shuffle1_100000filtered,ELS,"Sanguino-Gomez and Krugers, 2024",1,17,36,11250,6522,0.32,0.70699186991869922,"Yes, all 82 manuscript-cohort videos"
73.1,Animal_73_1DLC_resnet50_Freezing_07-2020Sep29shuffle1_100000filtered,ELS,"Sanguino-Gomez and Krugers, 2024",1,17,7,11250,6522,6.2222222222222227E-2,0.70699186991869922,"Yes, all 82 manuscript-cohort videos"
73.4,Animal_73_4DLC_resnet50_Freezing_07-2020Sep29shuffle1_100000filtered,ELS,"Sanguino-Gomez and Krugers, 2024",1,17,22,11250,6522,0.19555555555555551,0.70699186991869922,"Yes, all 82 manuscript-cohort videos"
75.1,Animal_75_1DLC_resnet50_Freezing_07-2020Sep29shuffle1_100000filtered,ELS,"Sanguino-Gomez and Krugers, 2024",1,17,64,11250,6522,0.56888888888888889,0.70699186991869922,"Yes, all 82 manuscript-cohort videos"
88.3,Animal_88_3DLC_resnet50_Freezing_07-2020Sep29shuffle1_100000filtered,ELS,"Sanguino-Gomez and Krugers, 2024",1,17,38,11250,6522,0.33777777777777779,0.70699186991869922,"Yes, all 82 manuscript-cohort videos"
136.2,Animal_136_2DLC_resnet50_Freezing_07-2020Sep29shuffle1_100000filtered,Control,"Sanguino-Gomez et al., 2024",3,17,9,11250,6522,0.08,0.70699186991869922,"Yes, all 82 manuscript-cohort videos"
145.5,Animal_145_5DLC_resnet50_Freezing_07-2020Sep29shuffle1_100000filtered,Control,"Sanguino-Gomez et al., 2024",3,17,29,11250,6522,0.25777777777777777,0.70699186991869922,"Yes, all 82 manuscript-cohort videos"
146.6,Animal_146_6DLC_resnet50_Freezing_07-2020Sep29shuffle1_100000filtered,Control,"Sanguino-Gomez et al., 2024",3,17,88,11250,6522,0.78222222222222215,0.70699186991869922,"Yes, all 82 manuscript-cohort videos"
147.4,Animal_147_4DLC_resnet50_Freezing_07-2020Sep29shuffle1_100000filtered,Control,"Sanguino-Gomez et al., 2024",3,17,153,11250,6522,1.36,0.70699186991869922,"Yes, all 82 manuscript-cohort videos"
152.3,Animal_152_3DLC_resnet50_Freezing_07-2020Sep29shuffle1_100000filtered,Control,"Sanguino-Gomez et al., 2024",3,17,386,11250,6522,3.431111111111111,0.70699186991869922,"Yes, all 82 manuscript-cohort videos"
152.5,Animal_152_5DLC_resnet50_Freezing_07-2020Sep29shuffle1_100000filtered,Control,"Sanguino-Gomez et al., 2024",3,17,55,11250,6522,0.48888888888888887,0.70699186991869922,"Yes, all 82 manuscript-cohort videos"
157.1,Animal_157_1DLC_resnet50_Freezing_07-2020Sep29shuffle1_100000filtered,Control,"Sanguino-Gomez et al., 2024",3,17,116,11250,6522,1.0311111111111111,0.70699186991869922,"Yes, all 82 manuscript-cohort videos"
157.4,Animal_157_4DLC_resnet50_Freezing_07-2020Sep29shuffle1_100000filtered,Control,"Sanguino-Gomez et al., 2024",3,17,265,11250,6522,2.3555555555555561,0.70699186991869922,"Yes, all 82 manuscript-cohort videos"
158.5,Animal_158_5DLC_resnet50_Freezing_07-2020Sep29shuffle1_100000filtered,Control,"Sanguino-Gomez et al., 2024",3,17,78,11250,6522,0.69333333333333336,0.70699186991869922,"Yes, all 82 manuscript-cohort videos"
161.3,Animal_161_3DLC_resnet50_Freezing_07-2020Sep29shuffle1_100000filtered,Control,"Sanguino-Gomez et al., 2024",3,17,30,11250,6522,0.26666666666666672,0.70699186991869922,"Yes, all 82 manuscript-cohort videos"
123.1,Animal_123_1DLC_resnet50_Freezing_07-2020Sep29shuffle1_100000filtered,ELS,"Sanguino-Gomez et al., 2024",3,17,39,11250,6522,0.34666666666666668,0.70699186991869922,"Yes, all 82 manuscript-cohort videos"
123.3,Animal_123_3DLC_resnet50_Freezing_07-2020Sep29shuffle1_100000filtered,ELS,"Sanguino-Gomez et al., 2024",3,17,105,11250,6522,0.93333333333333346,0.70699186991869922,"Yes, all 82 manuscript-cohort videos"
128.4,Animal_128_4DLC_resnet50_Freezing_07-2020Sep29shuffle1_100000filtered,ELS,"Sanguino-Gomez et al., 2024",3,17,25,11250,6522,0.22222222222222221,0.70699186991869922,"Yes, all 82 manuscript-cohort videos"
133.3,Animal_133_3DLC_resnet50_Freezing_07-2020Sep29shuffle1_100000filtered,ELS,"Sanguino-Gomez et al., 2024",3,17,56,11250,6522,0.49777777777777782,0.70699186991869922,"Yes, all 82 manuscript-cohort videos"
134.2,Animal_134_2DLC_resnet50_Freezing_07-2020Sep29shuffle1_100000filtered,ELS,"Sanguino-Gomez et al., 2024",3,17,216,11250,6522,1.92,0.70699186991869922,"Yes, all 82 manuscript-cohort videos"
134.4,Animal_134_4DLC_resnet50_Freezing_07-2020Sep29shuffle1_100000filtered,ELS,"Sanguino-Gomez et al., 2024",3,17,9,11250,6522,0.08,0.70699186991869922,"Yes, all 82 manuscript-cohort videos"
144.3,Animal_144_3DLC_resnet50_Freezing_07-2020Sep29shuffle1_100000filtered,ELS,"Sanguino-Gomez et al., 2024",3,17,13,11250,6522,0.11555555555555561,0.70699186991869922,"Yes, all 82 manuscript-cohort videos"
144.5,Animal_144_5DLC_resnet50_Freezing_07-2020Sep29shuffle1_100000filtered,ELS,"Sanguino-Gomez et al., 2024",3,17,51,11250,6522,0.45333333333333342,0.70699186991869922,"Yes, all 82 manuscript-cohort videos"
148.4,Animal_148_4DLC_resnet50_Freezing_07-2020Sep29shuffle1_100000filtered,ELS,"Sanguino-Gomez et al., 2024",3,17,107,11250,6522,0.95111111111111113,0.70699186991869922,"Yes, all 82 manuscript-cohort videos"
150.3,Animal_150_3DLC_resnet50_Freezing_07-2020Sep29shuffle1_100000filtered,ELS,"Sanguino-Gomez et al., 2024",3,17,5,11250,6522,4.4444444444444453E-2,0.70699186991869922,"Yes, all 82 manuscript-cohort videos"
150.5,Animal_150_5DLC_resnet50_Freezing_07-2020Sep29shuffle1_100000filtered,ELS,"Sanguino-Gomez et al., 2024",3,17,18,11250,6522,0.16,0.70699186991869922,"Yes, all 82 manuscript-cohort videos"
153.4,Animal_153_4DLC_resnet50_Freezing_07-2020Sep29shuffle1_100000filtered,ELS,"Sanguino-Gomez et al., 2024",3,17,8,11250,6522,7.1111111111111111E-2,0.70699186991869922,"Yes, all 82 manuscript-cohort videos"
154.4,Animal_154_4DLC_resnet50_Freezing_07-2020Sep29shuffle1_100000filtered,ELS,"Sanguino-Gomez et al., 2024",3,17,61,11250,6522,0.54222222222222227,0.70699186991869922,"Yes, all 82 manuscript-cohort videos"
159.4,Animal_159_4DLC_resnet50_Freezing_07-2020Sep29shuffle1_100000filtered,ELS,"Sanguino-Gomez et al., 2024",3,17,7,11250,6522,6.2222222222222227E-2,0.70699186991869922,"Yes, all 82 manuscript-cohort videos"
159.5,Animal_159_5DLC_resnet50_Freezing_07-2020Sep29shuffle1_100000filtered,ELS,"Sanguino-Gomez et al., 2024",3,17,6,11250,6522,5.3333333333333337E-2,0.70699186991869922,"Yes, all 82 manuscript-cohort videos"
11.4,Animal 11_4DLC_resnet50_Freezing_07-2020Sep29shuffle1_100000filtered,Control,"Sanguino-Gomez and Krugers, 2024",1,18,76,11250,33156,0.67555555555555558,3.5941463414634152,"Yes, all 82 manuscript-cohort videos"
11.6,Animal 11_6DLC_resnet50_Freezing_07-2020Sep29shuffle1_100000filtered,Control,"Sanguino-Gomez and Krugers, 2024",1,18,68,11250,33156,0.60444444444444445,3.5941463414634152,"Yes, all 82 manuscript-cohort videos"
34.4,Animal 34_4DLC_resnet50_Freezing_07-2020Sep29shuffle1_100000filtered,Control,"Sanguino-Gomez and Krugers, 2024",1,18,169,11250,33156,1.5022222222222219,3.5941463414634152,"Yes, all 82 manuscript-cohort videos"
34.5,Animal 34_5DLC_resnet50_Freezing_07-2020Sep29shuffle1_100000filtered,Control,"Sanguino-Gomez and Krugers, 2024",1,18,43,11250,33156,0.38222222222222219,3.5941463414634152,"Yes, all 82 manuscript-cohort videos"
40.4,Animal_40_4DLC_resnet50_Freezing_07-2020Sep29shuffle1_100000filtered,Control,"Sanguino-Gomez and Krugers, 2024",1,18,40,11250,33156,0.35555555555555562,3.5941463414634152,"Yes, all 82 manuscript-cohort videos"
47.5,Animal_47_5DLC_resnet50_Freezing_07-2020Sep29shuffle1_100000filtered,Control,"Sanguino-Gomez and Krugers, 2024",1,18,41,11250,33156,0.36444444444444452,3.5941463414634152,"Yes, all 82 manuscript-cohort videos"
5.4,Animal 5_4DLC_resnet50_Freezing_07-2020Sep29shuffle1_100000filtered,Control,"Sanguino-Gomez and Krugers, 2024",1,18,154,11250,33156,1.368888888888889,3.5941463414634152,"Yes, all 82 manuscript-cohort videos"
50.5,Animal_50_5DLC_resnet50_Freezing_07-2020Sep29shuffle1_100000filtered,Control,"Sanguino-Gomez and Krugers, 2024",1,18,42,11250,33156,0.37333333333333341,3.5941463414634152,"Yes, all 82 manuscript-cohort videos"
54.3,Animal_54_3DLC_resnet50_Freezing_07-2020Sep29shuffle1_100000filtered,Control,"Sanguino-Gomez and Krugers, 2024",1,18,31,11250,33156,0.27555555555555561,3.5941463414634152,"Yes, all 82 manuscript-cohort videos"
62.1,Animal_62_1DLC_resnet50_Freezing_07-2020Sep29shuffle1_100000filtered,Control,"Sanguino-Gomez and Krugers, 2024",1,18,9,11250,33156,0.08,3.5941463414634152,"Yes, all 82 manuscript-cohort videos"
74.1,Animal_74_1DLC_resnet50_Freezing_07-2020Sep29shuffle1_100000filtered,Control,"Sanguino-Gomez and Krugers, 2024",1,18,1145,11250,33156,10.177777777777781,3.5941463414634152,"Yes, all 82 manuscript-cohort videos"
80.3,Animal_80_3DLC_resnet50_Freezing_07-2020Sep29shuffle1_100000filtered,Control,"Sanguino-Gomez and Krugers, 2024",1,18,394,11250,33156,3.502222222222223,3.5941463414634152,"Yes, all 82 manuscript-cohort videos"
15.4,Animal 15_4DLC_resnet50_Freezing_07-2020Sep29shuffle1_100000filtered,ELS,"Sanguino-Gomez and Krugers, 2024",1,18,305,11250,33156,2.7111111111111108,3.5941463414634152,"Yes, all 82 manuscript-cohort videos"
2.4,Animal 2_4DLC_resnet50_Freezing_07-2020Sep29shuffle1_100000filtered,ELS,"Sanguino-Gomez and Krugers, 2024",1,18,117,11250,33156,1.04,3.5941463414634152,"Yes, all 82 manuscript-cohort videos"
23.4,Animal 23_4DLC_resnet50_Freezing_07-2020Sep29shuffle1_100000filtered,ELS,"Sanguino-Gomez and Krugers, 2024",1,18,101,11250,33156,0.89777777777777767,3.5941463414634152,"Yes, all 82 manuscript-cohort videos"
25.1,Animal 25_1DLC_resnet50_Freezing_07-2020Sep29shuffle1_100000filtered,ELS,"Sanguino-Gomez and Krugers, 2024",1,18,61,11250,33156,0.54222222222222227,3.5941463414634152,"Yes, all 82 manuscript-cohort videos"
26.4,Animal 26_4DLC_resnet50_Freezing_07-2020Sep29shuffle1_100000filtered,ELS,"Sanguino-Gomez and Krugers, 2024",1,18,50,11250,33156,0.44444444444444442,3.5941463414634152,"Yes, all 82 manuscript-cohort videos"
32.2,Animal 32_2DLC_resnet50_Freezing_07-2020Sep29shuffle1_100000filtered,ELS,"Sanguino-Gomez and Krugers, 2024",1,18,425,11250,33156,3.7777777777777781,3.5941463414634152,"Yes, all 82 manuscript-cohort videos"
32.4,Animal 32_4DLC_resnet50_Freezing_07-2020Sep29shuffle1_100000filtered,ELS,"Sanguino-Gomez and Krugers, 2024",1,18,73,11250,33156,0.64888888888888885,3.5941463414634152,"Yes, all 82 manuscript-cohort videos"
43.3,Animal_43_3DLC_resnet50_Freezing_07-2020Sep29shuffle1_100000filtered,ELS,"Sanguino-Gomez and Krugers, 2024",1,18,86,11250,33156,0.76444444444444437,3.5941463414634152,"Yes, all 82 manuscript-cohort videos"
43.5,Animal_43_5DLC_resnet50_Freezing_07-2020Sep29shuffle1_100000filtered,ELS,"Sanguino-Gomez and Krugers, 2024",1,18,72,11250,33156,0.64,3.5941463414634152,"Yes, all 82 manuscript-cohort videos"
49.6,Animal_49_6DLC_resnet50_Freezing_07-2020Sep29shuffle1_100000filtered,ELS,"Sanguino-Gomez and Krugers, 2024",1,18,5,11250,33156,4.4444444444444453E-2,3.5941463414634152,"Yes, all 82 manuscript-cohort videos"
63.3,Animal_63_3DLC_resnet50_Freezing_07-2020Sep29shuffle1_100000filtered,ELS,"Sanguino-Gomez and Krugers, 2024",1,18,69,11250,33156,0.6133333333333334,3.5941463414634152,"Yes, all 82 manuscript-cohort videos"
69.1,Animal_69_1DLC_resnet50_Freezing_07-2020Sep29shuffle1_100000filtered,ELS,"Sanguino-Gomez and Krugers, 2024",1,18,58,11250,33156,0.51555555555555554,3.5941463414634152,"Yes, all 82 manuscript-cohort videos"
69.3,Animal_69_3DLC_resnet50_Freezing_07-2020Sep29shuffle1_100000filtered,ELS,"Sanguino-Gomez and Krugers, 2024",1,18,225,11250,33156,2,3.5941463414634152,"Yes, all 82 manuscript-cohort videos"
73.1,Animal_73_1DLC_resnet50_Freezing_07-2020Sep29shuffle1_100000filtered,ELS,"Sanguino-Gomez and Krugers, 2024",1,18,1402,11250,33156,12.46222222222222,3.5941463414634152,"Yes, all 82 manuscript-cohort videos"
73.4,Animal_73_4DLC_resnet50_Freezing_07-2020Sep29shuffle1_100000filtered,ELS,"Sanguino-Gomez and Krugers, 2024",1,18,1733,11250,33156,15.404444444444451,3.5941463414634152,"Yes, all 82 manuscript-cohort videos"
75.1,Animal_75_1DLC_resnet50_Freezing_07-2020Sep29shuffle1_100000filtered,ELS,"Sanguino-Gomez and Krugers, 2024",1,18,588,11250,33156,5.2266666666666666,3.5941463414634152,"Yes, all 82 manuscript-cohort videos"
88.2,Animal_88_2DLC_resnet50_Freezing_07-2020Sep29shuffle1_100000filtered,ELS,"Sanguino-Gomez and Krugers, 2024",1,18,380,11250,33156,3.3777777777777769,3.5941463414634152,"Yes, all 82 manuscript-cohort videos"
88.3,Animal_88_3DLC_resnet50_Freezing_07-2020Sep29shuffle1_100000filtered,ELS,"Sanguino-Gomez and Krugers, 2024",1,18,223,11250,33156,1.9822222222222221,3.5941463414634152,"Yes, all 82 manuscript-cohort videos"
129.1,Animal_129_1DLC_resnet50_Freezing_07-2020Sep29shuffle1_100000filtered,Control,"Sanguino-Gomez et al., 2024",3,18,2382,11250,33156,21.173333333333328,3.5941463414634152,"Yes, all 82 manuscript-cohort videos"
129.4,Animal_129_4DLC_resnet50_Freezing_07-2020Sep29shuffle1_100000filtered,Control,"Sanguino-Gomez et al., 2024",3,18,144,11250,33156,1.28,3.5941463414634152,"Yes, all 82 manuscript-cohort videos"
136.2,Animal_136_2DLC_resnet50_Freezing_07-2020Sep29shuffle1_100000filtered,Control,"Sanguino-Gomez et al., 2024",3,18,1397,11250,33156,12.417777777777779,3.5941463414634152,"Yes, all 82 manuscript-cohort videos"
136.3,Animal_136_3DLC_resnet50_Freezing_07-2020Sep29shuffle1_100000filtered,Control,"Sanguino-Gomez et al., 2024",3,18,323,11250,33156,2.8711111111111109,3.5941463414634152,"Yes, all 82 manuscript-cohort videos"
136.5,Animal_136_5DLC_resnet50_Freezing_07-2020Sep29shuffle1_100000filtered,Control,"Sanguino-Gomez et al., 2024",3,18,506,11250,33156,4.4977777777777774,3.5941463414634152,"Yes, all 82 manuscript-cohort videos"
137.3,Animal_137_3DLC_resnet50_Freezing_07-2020Sep29shuffle1_100000filtered,Control,"Sanguino-Gomez et al., 2024",3,18,1680,11250,33156,14.933333333333341,3.5941463414634152,"Yes, all 82 manuscript-cohort videos"
145.5,Animal_145_5DLC_resnet50_Freezing_07-2020Sep29shuffle1_100000filtered,Control,"Sanguino-Gomez et al., 2024",3,18,144,11250,33156,1.28,3.5941463414634152,"Yes, all 82 manuscript-cohort videos"
146.6,Animal_146_6DLC_resnet50_Freezing_07-2020Sep29shuffle1_100000filtered,Control,"Sanguino-Gomez et al., 2024",3,18,45,11250,33156,0.4,3.5941463414634152,"Yes, all 82 manuscript-cohort videos"
152.3,Animal_152_3DLC_resnet50_Freezing_07-2020Sep29shuffle1_100000filtered,Control,"Sanguino-Gomez et al., 2024",3,18,21,11250,33156,0.1866666666666667,3.5941463414634152,"Yes, all 82 manuscript-cohort videos"
152.5,Animal_152_5DLC_resnet50_Freezing_07-2020Sep29shuffle1_100000filtered,Control,"Sanguino-Gomez et al., 2024",3,18,74,11250,33156,0.65777777777777779,3.5941463414634152,"Yes, all 82 manuscript-cohort videos"
157.4,Animal_157_4DLC_resnet50_Freezing_07-2020Sep29shuffle1_100000filtered,Control,"Sanguino-Gomez et al., 2024",3,18,106,11250,33156,0.94222222222222229,3.5941463414634152,"Yes, all 82 manuscript-cohort videos"
158.5,Animal_158_5DLC_resnet50_Freezing_07-2020Sep29shuffle1_100000filtered,Control,"Sanguino-Gomez et al., 2024",3,18,116,11250,33156,1.0311111111111111,3.5941463414634152,"Yes, all 82 manuscript-cohort videos"
161.3,Animal_161_3DLC_resnet50_Freezing_07-2020Sep29shuffle1_100000filtered,Control,"Sanguino-Gomez et al., 2024",3,18,355,11250,33156,3.1555555555555559,3.5941463414634152,"Yes, all 82 manuscript-cohort videos"
123.1,Animal_123_1DLC_resnet50_Freezing_07-2020Sep29shuffle1_100000filtered,ELS,"Sanguino-Gomez et al., 2024",3,18,835,11250,33156,7.4222222222222216,3.5941463414634152,"Yes, all 82 manuscript-cohort videos"
123.3,Animal_123_3DLC_resnet50_Freezing_07-2020Sep29shuffle1_100000filtered,ELS,"Sanguino-Gomez et al., 2024",3,18,74,11250,33156,0.65777777777777779,3.5941463414634152,"Yes, all 82 manuscript-cohort videos"
128.4,Animal_128_4DLC_resnet50_Freezing_07-2020Sep29shuffle1_100000filtered,ELS,"Sanguino-Gomez et al., 2024",3,18,3253,11250,33156,28.91555555555556,3.5941463414634152,"Yes, all 82 manuscript-cohort videos"
133.3,Animal_133_3DLC_resnet50_Freezing_07-2020Sep29shuffle1_100000filtered,ELS,"Sanguino-Gomez et al., 2024",3,18,85,11250,33156,0.75555555555555554,3.5941463414634152,"Yes, all 82 manuscript-cohort videos"
134.2,Animal_134_2DLC_resnet50_Freezing_07-2020Sep29shuffle1_100000filtered,ELS,"Sanguino-Gomez et al., 2024",3,18,81,11250,33156,0.72,3.5941463414634152,"Yes, all 82 manuscript-cohort videos"
134.4,Animal_134_4DLC_resnet50_Freezing_07-2020Sep29shuffle1_100000filtered,ELS,"Sanguino-Gomez et al., 2024",3,18,187,11250,33156,1.662222222222222,3.5941463414634152,"Yes, all 82 manuscript-cohort videos"
144.3,Animal_144_3DLC_resnet50_Freezing_07-2020Sep29shuffle1_100000filtered,ELS,"Sanguino-Gomez et al., 2024",3,18,913,11250,33156,8.1155555555555559,3.5941463414634152,"Yes, all 82 manuscript-cohort videos"
144.5,Animal_144_5DLC_resnet50_Freezing_07-2020Sep29shuffle1_100000filtered,ELS,"Sanguino-Gomez et al., 2024",3,18,1992,11250,33156,17.706666666666671,3.5941463414634152,"Yes, all 82 manuscript-cohort videos"
148.4,Animal_148_4DLC_resnet50_Freezing_07-2020Sep29shuffle1_100000filtered,ELS,"Sanguino-Gomez et al., 2024",3,18,99,11250,33156,0.88,3.5941463414634152,"Yes, all 82 manuscript-cohort videos"
150.3,Animal_150_3DLC_resnet50_Freezing_07-2020Sep29shuffle1_100000filtered,ELS,"Sanguino-Gomez et al., 2024",3,18,805,11250,33156,7.155555555555555,3.5941463414634152,"Yes, all 82 manuscript-cohort videos"
150.5,Animal_150_5DLC_resnet50_Freezing_07-2020Sep29shuffle1_100000filtered,ELS,"Sanguino-Gomez et al., 2024",3,18,1884,11250,33156,16.74666666666667,3.5941463414634152,"Yes, all 82 manuscript-cohort videos"
153.4,Animal_153_4DLC_resnet50_Freezing_07-2020Sep29shuffle1_100000filtered,ELS,"Sanguino-Gomez et al., 2024",3,18,505,11250,33156,4.4888888888888889,3.5941463414634152,"Yes, all 82 manuscript-cohort videos"
154.4,Animal_154_4DLC_resnet50_Freezing_07-2020Sep29shuffle1_100000filtered,ELS,"Sanguino-Gomez et al., 2024",3,18,181,11250,33156,1.608888888888889,3.5941463414634152,"Yes, all 82 manuscript-cohort videos"
159.3,Animal_159_3DLC_resnet50_Freezing_07-2020Sep29shuffle1_100000filtered,ELS,"Sanguino-Gomez et al., 2024",3,18,2864,11250,33156,25.457777777777778,3.5941463414634152,"Yes, all 82 manuscript-cohort videos"
159.4,Animal_159_4DLC_resnet50_Freezing_07-2020Sep29shuffle1_100000filtered,ELS,"Sanguino-Gomez et al., 2024",3,18,1327,11250,33156,11.795555555555559,3.5941463414634152,"Yes, all 82 manuscript-cohort videos"
159.5,Animal_159_5DLC_resnet50_Freezing_07-2020Sep29shuffle1_100000filtered,ELS,"Sanguino-Gomez et al., 2024",3,18,2593,11250,33156,23.048888888888889,3.5941463414634152,"Yes, all 82 manuscript-cohort videos"
11.4,Animal 11_4DLC_resnet50_Freezing_07-2020Sep29shuffle1_100000filtered,Control,"Sanguino-Gomez and Krugers, 2024",1,19,4,11250,4058,3.5555555555555562E-2,0.43989159891598922,"Yes, all 82 manuscript-cohort videos"
11.6,Animal 11_6DLC_resnet50_Freezing_07-2020Sep29shuffle1_100000filtered,Control,"Sanguino-Gomez and Krugers, 2024",1,19,35,11250,4058,0.31111111111111112,0.43989159891598922,"Yes, all 82 manuscript-cohort videos"
34.4,Animal 34_4DLC_resnet50_Freezing_07-2020Sep29shuffle1_100000filtered,Control,"Sanguino-Gomez and Krugers, 2024",1,19,75,11250,4058,0.66666666666666674,0.43989159891598922,"Yes, all 82 manuscript-cohort videos"
34.5,Animal 34_5DLC_resnet50_Freezing_07-2020Sep29shuffle1_100000filtered,Control,"Sanguino-Gomez and Krugers, 2024",1,19,116,11250,4058,1.0311111111111111,0.43989159891598922,"Yes, all 82 manuscript-cohort videos"
40.4,Animal_40_4DLC_resnet50_Freezing_07-2020Sep29shuffle1_100000filtered,Control,"Sanguino-Gomez and Krugers, 2024",1,19,214,11250,4058,1.902222222222222,0.43989159891598922,"Yes, all 82 manuscript-cohort videos"
40.6,Animal_40_6DLC_resnet50_Freezing_07-2020Sep29shuffle1_100000filtered,Control,"Sanguino-Gomez and Krugers, 2024",1,19,173,11250,4058,1.5377777777777779,0.43989159891598922,"Yes, all 82 manuscript-cohort videos"
41.4,Animal_41_4DLC_resnet50_Freezing_07-2020Sep29shuffle1_100000filtered,Control,"Sanguino-Gomez and Krugers, 2024",1,19,75,11250,4058,0.66666666666666674,0.43989159891598922,"Yes, all 82 manuscript-cohort videos"
41.5,Animal_41_5DLC_resnet50_Freezing_07-2020Sep29shuffle1_100000filtered,Control,"Sanguino-Gomez and Krugers, 2024",1,19,105,11250,4058,0.93333333333333346,0.43989159891598922,"Yes, all 82 manuscript-cohort videos"
41.6,Animal_41_6DLC_resnet50_Freezing_07-2020Sep29shuffle1_100000filtered,Control,"Sanguino-Gomez and Krugers, 2024",1,19,77,11250,4058,0.68444444444444441,0.43989159891598922,"Yes, all 82 manuscript-cohort videos"
47.5,Animal_47_5DLC_resnet50_Freezing_07-2020Sep29shuffle1_100000filtered,Control,"Sanguino-Gomez and Krugers, 2024",1,19,67,11250,4058,0.59555555555555562,0.43989159891598922,"Yes, all 82 manuscript-cohort videos"
5.4,Animal 5_4DLC_resnet50_Freezing_07-2020Sep29shuffle1_100000filtered,Control,"Sanguino-Gomez and Krugers, 2024",1,19,3,11250,4058,2.6666666666666668E-2,0.43989159891598922,"Yes, all 82 manuscript-cohort videos"
50.5,Animal_50_5DLC_resnet50_Freezing_07-2020Sep29shuffle1_100000filtered,Control,"Sanguino-Gomez and Krugers, 2024",1,19,84,11250,4058,0.7466666666666667,0.43989159891598922,"Yes, all 82 manuscript-cohort videos"
53.5,Animal_53_5DLC_resnet50_Freezing_07-2020Sep29shuffle1_100000filtered,Control,"Sanguino-Gomez and Krugers, 2024",1,19,103,11250,4058,0.91555555555555557,0.43989159891598922,"Yes, all 82 manuscript-cohort videos"
54.3,Animal_54_3DLC_resnet50_Freezing_07-2020Sep29shuffle1_100000filtered,Control,"Sanguino-Gomez and Krugers, 2024",1,19,31,11250,4058,0.27555555555555561,0.43989159891598922,"Yes, all 82 manuscript-cohort videos"
54.4,Animal_54_4DLC_resnet50_Freezing_07-2020Sep29shuffle1_100000filtered,Control,"Sanguino-Gomez and Krugers, 2024",1,19,11,11250,4058,9.7777777777777769E-2,0.43989159891598922,"Yes, all 82 manuscript-cohort videos"
54.6,Animal_54_6DLC_resnet50_Freezing_07-2020Sep29shuffle1_100000filtered,Control,"Sanguino-Gomez and Krugers, 2024",1,19,32,11250,4058,0.28444444444444439,0.43989159891598922,"Yes, all 82 manuscript-cohort videos"
58.5,Animal_58_5DLC_resnet50_Freezing_07-2020Sep29shuffle1_100000filtered,Control,"Sanguino-Gomez and Krugers, 2024",1,19,80,11250,4058,0.71111111111111114,0.43989159891598922,"Yes, all 82 manuscript-cohort videos"
62.1,Animal_62_1DLC_resnet50_Freezing_07-2020Sep29shuffle1_100000filtered,Control,"Sanguino-Gomez and Krugers, 2024",1,19,189,11250,4058,1.68,0.43989159891598922,"Yes, all 82 manuscript-cohort videos"
62.2,Animal_62_2DLC_resnet50_Freezing_07-2020Sep29shuffle1_100000filtered,Control,"Sanguino-Gomez and Krugers, 2024",1,19,53,11250,4058,0.47111111111111109,0.43989159891598922,"Yes, all 82 manuscript-cohort videos"
62.3,Animal_62_3DLC_resnet50_Freezing_07-2020Sep29shuffle1_100000filtered,Control,"Sanguino-Gomez and Krugers, 2024",1,19,66,11250,4058,0.58666666666666667,0.43989159891598922,"Yes, all 82 manuscript-cohort videos"
62.4,Animal_62_4DLC_resnet50_Freezing_07-2020Sep29shuffle1_100000filtered,Control,"Sanguino-Gomez and Krugers, 2024",1,19,107,11250,4058,0.95111111111111113,0.43989159891598922,"Yes, all 82 manuscript-cohort videos"
62.5,Animal_62_5DLC_resnet50_Freezing_07-2020Sep29shuffle1_100000filtered,Control,"Sanguino-Gomez and Krugers, 2024",1,19,50,11250,4058,0.44444444444444442,0.43989159891598922,"Yes, all 82 manuscript-cohort videos"
68.1,Animal_68_1DLC_resnet50_Freezing_07-2020Sep29shuffle1_100000filtered,Control,"Sanguino-Gomez and Krugers, 2024",1,19,17,11250,4058,0.15111111111111111,0.43989159891598922,"Yes, all 82 manuscript-cohort videos"
74.1,Animal_74_1DLC_resnet50_Freezing_07-2020Sep29shuffle1_100000filtered,Control,"Sanguino-Gomez and Krugers, 2024",1,19,1,11250,4058,8.8888888888888889E-3,0.43989159891598922,"Yes, all 82 manuscript-cohort videos"
80.3,Animal_80_3DLC_resnet50_Freezing_07-2020Sep29shuffle1_100000filtered,Control,"Sanguino-Gomez and Krugers, 2024",1,19,33,11250,4058,0.29333333333333328,0.43989159891598922,"Yes, all 82 manuscript-cohort videos"
15.4,Animal 15_4DLC_resnet50_Freezing_07-2020Sep29shuffle1_100000filtered,ELS,"Sanguino-Gomez and Krugers, 2024",1,19,27,11250,4058,0.24,0.43989159891598922,"Yes, all 82 manuscript-cohort videos"
15.6,Animal 15_6DLC_resnet50_Freezing_07-2020Sep29shuffle1_100000filtered,ELS,"Sanguino-Gomez and Krugers, 2024",1,19,9,11250,4058,0.08,0.43989159891598922,"Yes, all 82 manuscript-cohort videos"
2.4,Animal 2_4DLC_resnet50_Freezing_07-2020Sep29shuffle1_100000filtered,ELS,"Sanguino-Gomez and Krugers, 2024",1,19,24,11250,4058,0.21333333333333329,0.43989159891598922,"Yes, all 82 manuscript-cohort videos"
23.4,Animal 23_4DLC_resnet50_Freezing_07-2020Sep29shuffle1_100000filtered,ELS,"Sanguino-Gomez and Krugers, 2024",1,19,77,11250,4058,0.68444444444444441,0.43989159891598922,"Yes, all 82 manuscript-cohort videos"
25.1,Animal 25_1DLC_resnet50_Freezing_07-2020Sep29shuffle1_100000filtered,ELS,"Sanguino-Gomez and Krugers, 2024",1,19,32,11250,4058,0.28444444444444439,0.43989159891598922,"Yes, all 82 manuscript-cohort videos"
26.4,Animal 26_4DLC_resnet50_Freezing_07-2020Sep29shuffle1_100000filtered,ELS,"Sanguino-Gomez and Krugers, 2024",1,19,9,11250,4058,0.08,0.43989159891598922,"Yes, all 82 manuscript-cohort videos"
32.2,Animal 32_2DLC_resnet50_Freezing_07-2020Sep29shuffle1_100000filtered,ELS,"Sanguino-Gomez and Krugers, 2024",1,19,6,11250,4058,5.3333333333333337E-2,0.43989159891598922,"Yes, all 82 manuscript-cohort videos"
32.4,Animal 32_4DLC_resnet50_Freezing_07-2020Sep29shuffle1_100000filtered,ELS,"Sanguino-Gomez and Krugers, 2024",1,19,21,11250,4058,0.1866666666666667,0.43989159891598922,"Yes, all 82 manuscript-cohort videos"
43.3,Animal_43_3DLC_resnet50_Freezing_07-2020Sep29shuffle1_100000filtered,ELS,"Sanguino-Gomez and Krugers, 2024",1,19,211,11250,4058,1.8755555555555561,0.43989159891598922,"Yes, all 82 manuscript-cohort videos"
43.5,Animal_43_5DLC_resnet50_Freezing_07-2020Sep29shuffle1_100000filtered,ELS,"Sanguino-Gomez and Krugers, 2024",1,19,30,11250,4058,0.26666666666666672,0.43989159891598922,"Yes, all 82 manuscript-cohort videos"
49.5,Animal_49_5DLC_resnet50_Freezing_07-2020Sep29shuffle1_100000filtered,ELS,"Sanguino-Gomez and Krugers, 2024",1,19,83,11250,4058,0.73777777777777775,0.43989159891598922,"Yes, all 82 manuscript-cohort videos"
49.6,Animal_49_6DLC_resnet50_Freezing_07-2020Sep29shuffle1_100000filtered,ELS,"Sanguino-Gomez and Krugers, 2024",1,19,44,11250,4058,0.39111111111111108,0.43989159891598922,"Yes, all 82 manuscript-cohort videos"
55.3,Animal_55_3DLC_resnet50_Freezing_07-2020Sep29shuffle1_100000filtered,ELS,"Sanguino-Gomez and Krugers, 2024",1,19,118,11250,4058,1.048888888888889,0.43989159891598922,"Yes, all 82 manuscript-cohort videos"
55.5,Animal_55_5DLC_resnet50_Freezing_07-2020Sep29shuffle1_100000filtered,ELS,"Sanguino-Gomez and Krugers, 2024",1,19,95,11250,4058,0.84444444444444433,0.43989159891598922,"Yes, all 82 manuscript-cohort videos"
56.3,Animal_56_3DLC_resnet50_Freezing_07-2020Sep29shuffle1_100000filtered,ELS,"Sanguino-Gomez and Krugers, 2024",1,19,35,11250,4058,0.31111111111111112,0.43989159891598922,"Yes, all 82 manuscript-cohort videos"
63.3,Animal_63_3DLC_resnet50_Freezing_07-2020Sep29shuffle1_100000filtered,ELS,"Sanguino-Gomez and Krugers, 2024",1,19,58,11250,4058,0.51555555555555554,0.43989159891598922,"Yes, all 82 manuscript-cohort videos"
69.1,Animal_69_1DLC_resnet50_Freezing_07-2020Sep29shuffle1_100000filtered,ELS,"Sanguino-Gomez and Krugers, 2024",1,19,3,11250,4058,2.6666666666666668E-2,0.43989159891598922,"Yes, all 82 manuscript-cohort videos"
69.2,Animal_69_2DLC_resnet50_Freezing_07-2020Sep29shuffle1_100000filtered,ELS,"Sanguino-Gomez and Krugers, 2024",1,19,66,11250,4058,0.58666666666666667,0.43989159891598922,"Yes, all 82 manuscript-cohort videos"
69.3,Animal_69_3DLC_resnet50_Freezing_07-2020Sep29shuffle1_100000filtered,ELS,"Sanguino-Gomez and Krugers, 2024",1,19,8,11250,4058,7.1111111111111111E-2,0.43989159891598922,"Yes, all 82 manuscript-cohort videos"
69.5,Animal_69_5DLC_resnet50_Freezing_07-2020Sep29shuffle1_100000filtered,ELS,"Sanguino-Gomez and Krugers, 2024",1,19,68,11250,4058,0.60444444444444445,0.43989159891598922,"Yes, all 82 manuscript-cohort videos"
73.1,Animal_73_1DLC_resnet50_Freezing_07-2020Sep29shuffle1_100000filtered,ELS,"Sanguino-Gomez and Krugers, 2024",1,19,35,11250,4058,0.31111111111111112,0.43989159891598922,"Yes, all 82 manuscript-cohort videos"
73.4,Animal_73_4DLC_resnet50_Freezing_07-2020Sep29shuffle1_100000filtered,ELS,"Sanguino-Gomez and Krugers, 2024",1,19,5,11250,4058,4.4444444444444453E-2,0.43989159891598922,"Yes, all 82 manuscript-cohort videos"
75.1,Animal_75_1DLC_resnet50_Freezing_07-2020Sep29shuffle1_100000filtered,ELS,"Sanguino-Gomez and Krugers, 2024",1,19,81,11250,4058,0.72,0.43989159891598922,"Yes, all 82 manuscript-cohort videos"
88.2,Animal_88_2DLC_resnet50_Freezing_07-2020Sep29shuffle1_100000filtered,ELS,"Sanguino-Gomez and Krugers, 2024",1,19,23,11250,4058,0.20444444444444451,0.43989159891598922,"Yes, all 82 manuscript-cohort videos"
88.3,Animal_88_3DLC_resnet50_Freezing_07-2020Sep29shuffle1_100000filtered,ELS,"Sanguino-Gomez and Krugers, 2024",1,19,45,11250,4058,0.4,0.43989159891598922,"Yes, all 82 manuscript-cohort videos"
129.1,Animal_129_1DLC_resnet50_Freezing_07-2020Sep29shuffle1_100000filtered,Control,"Sanguino-Gomez et al., 2024",3,19,7,11250,4058,6.2222222222222227E-2,0.43989159891598922,"Yes, all 82 manuscript-cohort videos"
129.4,Animal_129_4DLC_resnet50_Freezing_07-2020Sep29shuffle1_100000filtered,Control,"Sanguino-Gomez et al., 2024",3,19,22,11250,4058,0.19555555555555551,0.43989159891598922,"Yes, all 82 manuscript-cohort videos"
136.2,Animal_136_2DLC_resnet50_Freezing_07-2020Sep29shuffle1_100000filtered,Control,"Sanguino-Gomez et al., 2024",3,19,6,11250,4058,5.3333333333333337E-2,0.43989159891598922,"Yes, all 82 manuscript-cohort videos"
137.3,Animal_137_3DLC_resnet50_Freezing_07-2020Sep29shuffle1_100000filtered,Control,"Sanguino-Gomez et al., 2024",3,19,25,11250,4058,0.22222222222222221,0.43989159891598922,"Yes, all 82 manuscript-cohort videos"
145.5,Animal_145_5DLC_resnet50_Freezing_07-2020Sep29shuffle1_100000filtered,Control,"Sanguino-Gomez et al., 2024",3,19,51,11250,4058,0.45333333333333342,0.43989159891598922,"Yes, all 82 manuscript-cohort videos"
146.6,Animal_146_6DLC_resnet50_Freezing_07-2020Sep29shuffle1_100000filtered,Control,"Sanguino-Gomez et al., 2024",3,19,23,11250,4058,0.20444444444444451,0.43989159891598922,"Yes, all 82 manuscript-cohort videos"
147.4,Animal_147_4DLC_resnet50_Freezing_07-2020Sep29shuffle1_100000filtered,Control,"Sanguino-Gomez et al., 2024",3,19,72,11250,4058,0.64,0.43989159891598922,"Yes, all 82 manuscript-cohort videos"
152.3,Animal_152_3DLC_resnet50_Freezing_07-2020Sep29shuffle1_100000filtered,Control,"Sanguino-Gomez et al., 2024",3,19,255,11250,4058,2.2666666666666671,0.43989159891598922,"Yes, all 82 manuscript-cohort videos"
152.5,Animal_152_5DLC_resnet50_Freezing_07-2020Sep29shuffle1_100000filtered,Control,"Sanguino-Gomez et al., 2024",3,19,61,11250,4058,0.54222222222222227,0.43989159891598922,"Yes, all 82 manuscript-cohort videos"
157.1,Animal_157_1DLC_resnet50_Freezing_07-2020Sep29shuffle1_100000filtered,Control,"Sanguino-Gomez et al., 2024",3,19,29,11250,4058,0.25777777777777777,0.43989159891598922,"Yes, all 82 manuscript-cohort videos"
157.4,Animal_157_4DLC_resnet50_Freezing_07-2020Sep29shuffle1_100000filtered,Control,"Sanguino-Gomez et al., 2024",3,19,19,11250,4058,0.16888888888888889,0.43989159891598922,"Yes, all 82 manuscript-cohort videos"
158.5,Animal_158_5DLC_resnet50_Freezing_07-2020Sep29shuffle1_100000filtered,Control,"Sanguino-Gomez et al., 2024",3,19,45,11250,4058,0.4,0.43989159891598922,"Yes, all 82 manuscript-cohort videos"
161.1,Animal_161_1DLC_resnet50_Freezing_07-2020Sep29shuffle1_100000filtered,Control,"Sanguino-Gomez et al., 2024",3,19,2,11250,4058,1.7777777777777781E-2,0.43989159891598922,"Yes, all 82 manuscript-cohort videos"
161.3,Animal_161_3DLC_resnet50_Freezing_07-2020Sep29shuffle1_100000filtered,Control,"Sanguino-Gomez et al., 2024",3,19,40,11250,4058,0.35555555555555562,0.43989159891598922,"Yes, all 82 manuscript-cohort videos"
123.1,Animal_123_1DLC_resnet50_Freezing_07-2020Sep29shuffle1_100000filtered,ELS,"Sanguino-Gomez et al., 2024",3,19,1,11250,4058,8.8888888888888889E-3,0.43989159891598922,"Yes, all 82 manuscript-cohort videos"
123.3,Animal_123_3DLC_resnet50_Freezing_07-2020Sep29shuffle1_100000filtered,ELS,"Sanguino-Gomez et al., 2024",3,19,42,11250,4058,0.37333333333333341,0.43989159891598922,"Yes, all 82 manuscript-cohort videos"
128.4,Animal_128_4DLC_resnet50_Freezing_07-2020Sep29shuffle1_100000filtered,ELS,"Sanguino-Gomez et al., 2024",3,19,18,11250,4058,0.16,0.43989159891598922,"Yes, all 82 manuscript-cohort videos"
133.3,Animal_133_3DLC_resnet50_Freezing_07-2020Sep29shuffle1_100000filtered,ELS,"Sanguino-Gomez et al., 2024",3,19,3,11250,4058,2.6666666666666668E-2,0.43989159891598922,"Yes, all 82 manuscript-cohort videos"
134.2,Animal_134_2DLC_resnet50_Freezing_07-2020Sep29shuffle1_100000filtered,ELS,"Sanguino-Gomez et al., 2024",3,19,15,11250,4058,0.1333333333333333,0.43989159891598922,"Yes, all 82 manuscript-cohort videos"
134.4,Animal_134_4DLC_resnet50_Freezing_07-2020Sep29shuffle1_100000filtered,ELS,"Sanguino-Gomez et al., 2024",3,19,28,11250,4058,0.24888888888888891,0.43989159891598922,"Yes, all 82 manuscript-cohort videos"
144.3,Animal_144_3DLC_resnet50_Freezing_07-2020Sep29shuffle1_100000filtered,ELS,"Sanguino-Gomez et al., 2024",3,19,33,11250,4058,0.29333333333333328,0.43989159891598922,"Yes, all 82 manuscript-cohort videos"
148.4,Animal_148_4DLC_resnet50_Freezing_07-2020Sep29shuffle1_100000filtered,ELS,"Sanguino-Gomez et al., 2024",3,19,84,11250,4058,0.7466666666666667,0.43989159891598922,"Yes, all 82 manuscript-cohort videos"
150.3,Animal_150_3DLC_resnet50_Freezing_07-2020Sep29shuffle1_100000filtered,ELS,"Sanguino-Gomez et al., 2024",3,19,19,11250,4058,0.16888888888888889,0.43989159891598922,"Yes, all 82 manuscript-cohort videos"
150.5,Animal_150_5DLC_resnet50_Freezing_07-2020Sep29shuffle1_100000filtered,ELS,"Sanguino-Gomez et al., 2024",3,19,59,11250,4058,0.52444444444444449,0.43989159891598922,"Yes, all 82 manuscript-cohort videos"
153.4,Animal_153_4DLC_resnet50_Freezing_07-2020Sep29shuffle1_100000filtered,ELS,"Sanguino-Gomez et al., 2024",3,19,30,11250,4058,0.26666666666666672,0.43989159891598922,"Yes, all 82 manuscript-cohort videos"
154.4,Animal_154_4DLC_resnet50_Freezing_07-2020Sep29shuffle1_100000filtered,ELS,"Sanguino-Gomez et al., 2024",3,19,23,11250,4058,0.20444444444444451,0.43989159891598922,"Yes, all 82 manuscript-cohort videos"
159.4,Animal_159_4DLC_resnet50_Freezing_07-2020Sep29shuffle1_100000filtered,ELS,"Sanguino-Gomez et al., 2024",3,19,10,11250,4058,8.8888888888888892E-2,0.43989159891598922,"Yes, all 82 manuscript-cohort videos"
159.5,Animal_159_5DLC_resnet50_Freezing_07-2020Sep29shuffle1_100000filtered,ELS,"Sanguino-Gomez et al., 2024",3,19,22,11250,4058,0.19555555555555551,0.43989159891598922,"Yes, all 82 manuscript-cohort videos"
11.4,Animal 11_4DLC_resnet50_Freezing_07-2020Sep29shuffle1_100000filtered,Control,"Sanguino-Gomez and Krugers, 2024",1,20,177,11250,10437,1.573333333333333,1.131382113821138,"Yes, all 82 manuscript-cohort videos"
11.6,Animal 11_6DLC_resnet50_Freezing_07-2020Sep29shuffle1_100000filtered,Control,"Sanguino-Gomez and Krugers, 2024",1,20,117,11250,10437,1.04,1.131382113821138,"Yes, all 82 manuscript-cohort videos"
34.4,Animal 34_4DLC_resnet50_Freezing_07-2020Sep29shuffle1_100000filtered,Control,"Sanguino-Gomez and Krugers, 2024",1,20,49,11250,10437,0.43555555555555547,1.131382113821138,"Yes, all 82 manuscript-cohort videos"
40.6,Animal_40_6DLC_resnet50_Freezing_07-2020Sep29shuffle1_100000filtered,Control,"Sanguino-Gomez and Krugers, 2024",1,20,271,11250,10437,2.4088888888888889,1.131382113821138,"Yes, all 82 manuscript-cohort videos"
41.4,Animal_41_4DLC_resnet50_Freezing_07-2020Sep29shuffle1_100000filtered,Control,"Sanguino-Gomez and Krugers, 2024",1,20,195,11250,10437,1.7333333333333329,1.131382113821138,"Yes, all 82 manuscript-cohort videos"
41.5,Animal_41_5DLC_resnet50_Freezing_07-2020Sep29shuffle1_100000filtered,Control,"Sanguino-Gomez and Krugers, 2024",1,20,180,11250,10437,1.6,1.131382113821138,"Yes, all 82 manuscript-cohort videos"
41.6,Animal_41_6DLC_resnet50_Freezing_07-2020Sep29shuffle1_100000filtered,Control,"Sanguino-Gomez and Krugers, 2024",1,20,99,11250,10437,0.88,1.131382113821138,"Yes, all 82 manuscript-cohort videos"
47.5,Animal_47_5DLC_resnet50_Freezing_07-2020Sep29shuffle1_100000filtered,Control,"Sanguino-Gomez and Krugers, 2024",1,20,253,11250,10437,2.2488888888888892,1.131382113821138,"Yes, all 82 manuscript-cohort videos"
5.4,Animal 5_4DLC_resnet50_Freezing_07-2020Sep29shuffle1_100000filtered,Control,"Sanguino-Gomez and Krugers, 2024",1,20,76,11250,10437,0.67555555555555558,1.131382113821138,"Yes, all 82 manuscript-cohort videos"
50.5,Animal_50_5DLC_resnet50_Freezing_07-2020Sep29shuffle1_100000filtered,Control,"Sanguino-Gomez and Krugers, 2024",1,20,387,11250,10437,3.44,1.131382113821138,"Yes, all 82 manuscript-cohort videos"
53.5,Animal_53_5DLC_resnet50_Freezing_07-2020Sep29shuffle1_100000filtered,Control,"Sanguino-Gomez and Krugers, 2024",1,20,243,11250,10437,2.16,1.131382113821138,"Yes, all 82 manuscript-cohort videos"
54.3,Animal_54_3DLC_resnet50_Freezing_07-2020Sep29shuffle1_100000filtered,Control,"Sanguino-Gomez and Krugers, 2024",1,20,284,11250,10437,2.5244444444444438,1.131382113821138,"Yes, all 82 manuscript-cohort videos"
54.4,Animal_54_4DLC_resnet50_Freezing_07-2020Sep29shuffle1_100000filtered,Control,"Sanguino-Gomez and Krugers, 2024",1,20,105,11250,10437,0.93333333333333346,1.131382113821138,"Yes, all 82 manuscript-cohort videos"
54.6,Animal_54_6DLC_resnet50_Freezing_07-2020Sep29shuffle1_100000filtered,Control,"Sanguino-Gomez and Krugers, 2024",1,20,123,11250,10437,1.093333333333333,1.131382113821138,"Yes, all 82 manuscript-cohort videos"
58.5,Animal_58_5DLC_resnet50_Freezing_07-2020Sep29shuffle1_100000filtered,Control,"Sanguino-Gomez and Krugers, 2024",1,20,85,11250,10437,0.75555555555555554,1.131382113821138,"Yes, all 82 manuscript-cohort videos"
62.1,Animal_62_1DLC_resnet50_Freezing_07-2020Sep29shuffle1_100000filtered,Control,"Sanguino-Gomez and Krugers, 2024",1,20,118,11250,10437,1.048888888888889,1.131382113821138,"Yes, all 82 manuscript-cohort videos"
62.2,Animal_62_2DLC_resnet50_Freezing_07-2020Sep29shuffle1_100000filtered,Control,"Sanguino-Gomez and Krugers, 2024",1,20,143,11250,10437,1.2711111111111111,1.131382113821138,"Yes, all 82 manuscript-cohort videos"
62.3,Animal_62_3DLC_resnet50_Freezing_07-2020Sep29shuffle1_100000filtered,Control,"Sanguino-Gomez and Krugers, 2024",1,20,38,11250,10437,0.33777777777777779,1.131382113821138,"Yes, all 82 manuscript-cohort videos"
62.4,Animal_62_4DLC_resnet50_Freezing_07-2020Sep29shuffle1_100000filtered,Control,"Sanguino-Gomez and Krugers, 2024",1,20,46,11250,10437,0.40888888888888891,1.131382113821138,"Yes, all 82 manuscript-cohort videos"
62.5,Animal_62_5DLC_resnet50_Freezing_07-2020Sep29shuffle1_100000filtered,Control,"Sanguino-Gomez and Krugers, 2024",1,20,92,11250,10437,0.81777777777777783,1.131382113821138,"Yes, all 82 manuscript-cohort videos"
68.1,Animal_68_1DLC_resnet50_Freezing_07-2020Sep29shuffle1_100000filtered,Control,"Sanguino-Gomez and Krugers, 2024",1,20,96,11250,10437,0.85333333333333339,1.131382113821138,"Yes, all 82 manuscript-cohort videos"
74.1,Animal_74_1DLC_resnet50_Freezing_07-2020Sep29shuffle1_100000filtered,Control,"Sanguino-Gomez and Krugers, 2024",1,20,76,11250,10437,0.67555555555555558,1.131382113821138,"Yes, all 82 manuscript-cohort videos"
80.3,Animal_80_3DLC_resnet50_Freezing_07-2020Sep29shuffle1_100000filtered,Control,"Sanguino-Gomez and Krugers, 2024",1,20,69,11250,10437,0.6133333333333334,1.131382113821138,"Yes, all 82 manuscript-cohort videos"
15.4,Animal 15_4DLC_resnet50_Freezing_07-2020Sep29shuffle1_100000filtered,ELS,"Sanguino-Gomez and Krugers, 2024",1,20,648,11250,10437,5.76,1.131382113821138,"Yes, all 82 manuscript-cohort videos"
15.6,Animal 15_6DLC_resnet50_Freezing_07-2020Sep29shuffle1_100000filtered,ELS,"Sanguino-Gomez and Krugers, 2024",1,20,451,11250,10437,4.0088888888888894,1.131382113821138,"Yes, all 82 manuscript-cohort videos"
2.4,Animal 2_4DLC_resnet50_Freezing_07-2020Sep29shuffle1_100000filtered,ELS,"Sanguino-Gomez and Krugers, 2024",1,20,140,11250,10437,1.244444444444444,1.131382113821138,"Yes, all 82 manuscript-cohort videos"
23.4,Animal 23_4DLC_resnet50_Freezing_07-2020Sep29shuffle1_100000filtered,ELS,"Sanguino-Gomez and Krugers, 2024",1,20,69,11250,10437,0.6133333333333334,1.131382113821138,"Yes, all 82 manuscript-cohort videos"
25.1,Animal 25_1DLC_resnet50_Freezing_07-2020Sep29shuffle1_100000filtered,ELS,"Sanguino-Gomez and Krugers, 2024",1,20,138,11250,10437,1.226666666666667,1.131382113821138,"Yes, all 82 manuscript-cohort videos"
26.4,Animal 26_4DLC_resnet50_Freezing_07-2020Sep29shuffle1_100000filtered,ELS,"Sanguino-Gomez and Krugers, 2024",1,20,35,11250,10437,0.31111111111111112,1.131382113821138,"Yes, all 82 manuscript-cohort videos"
32.2,Animal 32_2DLC_resnet50_Freezing_07-2020Sep29shuffle1_100000filtered,ELS,"Sanguino-Gomez and Krugers, 2024",1,20,91,11250,10437,0.80888888888888888,1.131382113821138,"Yes, all 82 manuscript-cohort videos"
32.4,Animal 32_4DLC_resnet50_Freezing_07-2020Sep29shuffle1_100000filtered,ELS,"Sanguino-Gomez and Krugers, 2024",1,20,66,11250,10437,0.58666666666666667,1.131382113821138,"Yes, all 82 manuscript-cohort videos"
43.3,Animal_43_3DLC_resnet50_Freezing_07-2020Sep29shuffle1_100000filtered,ELS,"Sanguino-Gomez and Krugers, 2024",1,20,170,11250,10437,1.5111111111111111,1.131382113821138,"Yes, all 82 manuscript-cohort videos"
43.5,Animal_43_5DLC_resnet50_Freezing_07-2020Sep29shuffle1_100000filtered,ELS,"Sanguino-Gomez and Krugers, 2024",1,20,68,11250,10437,0.60444444444444445,1.131382113821138,"Yes, all 82 manuscript-cohort videos"
49.5,Animal_49_5DLC_resnet50_Freezing_07-2020Sep29shuffle1_100000filtered,ELS,"Sanguino-Gomez and Krugers, 2024",1,20,367,11250,10437,3.2622222222222219,1.131382113821138,"Yes, all 82 manuscript-cohort videos"
49.6,Animal_49_6DLC_resnet50_Freezing_07-2020Sep29shuffle1_100000filtered,ELS,"Sanguino-Gomez and Krugers, 2024",1,20,353,11250,10437,3.137777777777778,1.131382113821138,"Yes, all 82 manuscript-cohort videos"
55.3,Animal_55_3DLC_resnet50_Freezing_07-2020Sep29shuffle1_100000filtered,ELS,"Sanguino-Gomez and Krugers, 2024",1,20,121,11250,10437,1.075555555555556,1.131382113821138,"Yes, all 82 manuscript-cohort videos"
55.5,Animal_55_5DLC_resnet50_Freezing_07-2020Sep29shuffle1_100000filtered,ELS,"Sanguino-Gomez and Krugers, 2024",1,20,231,11250,10437,2.0533333333333328,1.131382113821138,"Yes, all 82 manuscript-cohort videos"
56.3,Animal_56_3DLC_resnet50_Freezing_07-2020Sep29shuffle1_100000filtered,ELS,"Sanguino-Gomez and Krugers, 2024",1,20,279,11250,10437,2.48,1.131382113821138,"Yes, all 82 manuscript-cohort videos"
63.3,Animal_63_3DLC_resnet50_Freezing_07-2020Sep29shuffle1_100000filtered,ELS,"Sanguino-Gomez and Krugers, 2024",1,20,101,11250,10437,0.89777777777777767,1.131382113821138,"Yes, all 82 manuscript-cohort videos"
69.1,Animal_69_1DLC_resnet50_Freezing_07-2020Sep29shuffle1_100000filtered,ELS,"Sanguino-Gomez and Krugers, 2024",1,20,221,11250,10437,1.964444444444444,1.131382113821138,"Yes, all 82 manuscript-cohort videos"
69.2,Animal_69_2DLC_resnet50_Freezing_07-2020Sep29shuffle1_100000filtered,ELS,"Sanguino-Gomez and Krugers, 2024",1,20,25,11250,10437,0.22222222222222221,1.131382113821138,"Yes, all 82 manuscript-cohort videos"
69.3,Animal_69_3DLC_resnet50_Freezing_07-2020Sep29shuffle1_100000filtered,ELS,"Sanguino-Gomez and Krugers, 2024",1,20,17,11250,10437,0.15111111111111111,1.131382113821138,"Yes, all 82 manuscript-cohort videos"
69.5,Animal_69_5DLC_resnet50_Freezing_07-2020Sep29shuffle1_100000filtered,ELS,"Sanguino-Gomez and Krugers, 2024",1,20,134,11250,10437,1.191111111111111,1.131382113821138,"Yes, all 82 manuscript-cohort videos"
73.1,Animal_73_1DLC_resnet50_Freezing_07-2020Sep29shuffle1_100000filtered,ELS,"Sanguino-Gomez and Krugers, 2024",1,20,94,11250,10437,0.8355555555555555,1.131382113821138,"Yes, all 82 manuscript-cohort videos"
73.4,Animal_73_4DLC_resnet50_Freezing_07-2020Sep29shuffle1_100000filtered,ELS,"Sanguino-Gomez and Krugers, 2024",1,20,13,11250,10437,0.11555555555555561,1.131382113821138,"Yes, all 82 manuscript-cohort videos"
75.1,Animal_75_1DLC_resnet50_Freezing_07-2020Sep29shuffle1_100000filtered,ELS,"Sanguino-Gomez and Krugers, 2024",1,20,50,11250,10437,0.44444444444444442,1.131382113821138,"Yes, all 82 manuscript-cohort videos"
88.2,Animal_88_2DLC_resnet50_Freezing_07-2020Sep29shuffle1_100000filtered,ELS,"Sanguino-Gomez and Krugers, 2024",1,20,194,11250,10437,1.724444444444444,1.131382113821138,"Yes, all 82 manuscript-cohort videos"
88.3,Animal_88_3DLC_resnet50_Freezing_07-2020Sep29shuffle1_100000filtered,ELS,"Sanguino-Gomez and Krugers, 2024",1,20,104,11250,10437,0.9244444444444444,1.131382113821138,"Yes, all 82 manuscript-cohort videos"
129.1,Animal_129_1DLC_resnet50_Freezing_07-2020Sep29shuffle1_100000filtered,Control,"Sanguino-Gomez et al., 2024",3,20,95,11250,10437,0.84444444444444433,1.131382113821138,"Yes, all 82 manuscript-cohort videos"
129.4,Animal_129_4DLC_resnet50_Freezing_07-2020Sep29shuffle1_100000filtered,Control,"Sanguino-Gomez et al., 2024",3,20,66,11250,10437,0.58666666666666667,1.131382113821138,"Yes, all 82 manuscript-cohort videos"
136.2,Animal_136_2DLC_resnet50_Freezing_07-2020Sep29shuffle1_100000filtered,Control,"Sanguino-Gomez et al., 2024",3,20,17,11250,10437,0.15111111111111111,1.131382113821138,"Yes, all 82 manuscript-cohort videos"
136.3,Animal_136_3DLC_resnet50_Freezing_07-2020Sep29shuffle1_100000filtered,Control,"Sanguino-Gomez et al., 2024",3,20,139,11250,10437,1.235555555555556,1.131382113821138,"Yes, all 82 manuscript-cohort videos"
136.5,Animal_136_5DLC_resnet50_Freezing_07-2020Sep29shuffle1_100000filtered,Control,"Sanguino-Gomez et al., 2024",3,20,537,11250,10437,4.7733333333333334,1.131382113821138,"Yes, all 82 manuscript-cohort videos"
137.3,Animal_137_3DLC_resnet50_Freezing_07-2020Sep29shuffle1_100000filtered,Control,"Sanguino-Gomez et al., 2024",3,20,247,11250,10437,2.195555555555555,1.131382113821138,"Yes, all 82 manuscript-cohort videos"
145.5,Animal_145_5DLC_resnet50_Freezing_07-2020Sep29shuffle1_100000filtered,Control,"Sanguino-Gomez et al., 2024",3,20,109,11250,10437,0.96888888888888891,1.131382113821138,"Yes, all 82 manuscript-cohort videos"
146.6,Animal_146_6DLC_resnet50_Freezing_07-2020Sep29shuffle1_100000filtered,Control,"Sanguino-Gomez et al., 2024",3,20,166,11250,10437,1.475555555555556,1.131382113821138,"Yes, all 82 manuscript-cohort videos"
147.4,Animal_147_4DLC_resnet50_Freezing_07-2020Sep29shuffle1_100000filtered,Control,"Sanguino-Gomez et al., 2024",3,20,169,11250,10437,1.5022222222222219,1.131382113821138,"Yes, all 82 manuscript-cohort videos"
152.3,Animal_152_3DLC_resnet50_Freezing_07-2020Sep29shuffle1_100000filtered,Control,"Sanguino-Gomez et al., 2024",3,20,56,11250,10437,0.49777777777777782,1.131382113821138,"Yes, all 82 manuscript-cohort videos"
152.5,Animal_152_5DLC_resnet50_Freezing_07-2020Sep29shuffle1_100000filtered,Control,"Sanguino-Gomez et al., 2024",3,20,70,11250,10437,0.62222222222222223,1.131382113821138,"Yes, all 82 manuscript-cohort videos"
157.1,Animal_157_1DLC_resnet50_Freezing_07-2020Sep29shuffle1_100000filtered,Control,"Sanguino-Gomez et al., 2024",3,20,89,11250,10437,0.79111111111111121,1.131382113821138,"Yes, all 82 manuscript-cohort videos"
157.4,Animal_157_4DLC_resnet50_Freezing_07-2020Sep29shuffle1_100000filtered,Control,"Sanguino-Gomez et al., 2024",3,20,18,11250,10437,0.16,1.131382113821138,"Yes, all 82 manuscript-cohort videos"
158.5,Animal_158_5DLC_resnet50_Freezing_07-2020Sep29shuffle1_100000filtered,Control,"Sanguino-Gomez et al., 2024",3,20,53,11250,10437,0.47111111111111109,1.131382113821138,"Yes, all 82 manuscript-cohort videos"
161.1,Animal_161_1DLC_resnet50_Freezing_07-2020Sep29shuffle1_100000filtered,Control,"Sanguino-Gomez et al., 2024",3,20,48,11250,10437,0.42666666666666669,1.131382113821138,"Yes, all 82 manuscript-cohort videos"
161.3,Animal_161_3DLC_resnet50_Freezing_07-2020Sep29shuffle1_100000filtered,Control,"Sanguino-Gomez et al., 2024",3,20,33,11250,10437,0.29333333333333328,1.131382113821138,"Yes, all 82 manuscript-cohort videos"
133.3,Animal_133_3DLC_resnet50_Freezing_07-2020Sep29shuffle1_100000filtered,ELS,"Sanguino-Gomez et al., 2024",3,20,45,11250,10437,0.4,1.131382113821138,"Yes, all 82 manuscript-cohort videos"
144.3,Animal_144_3DLC_resnet50_Freezing_07-2020Sep29shuffle1_100000filtered,ELS,"Sanguino-Gomez et al., 2024",3,20,246,11250,10437,2.186666666666667,1.131382113821138,"Yes, all 82 manuscript-cohort videos"
144.5,Animal_144_5DLC_resnet50_Freezing_07-2020Sep29shuffle1_100000filtered,ELS,"Sanguino-Gomez et al., 2024",3,20,58,11250,10437,0.51555555555555554,1.131382113821138,"Yes, all 82 manuscript-cohort videos"
148.4,Animal_148_4DLC_resnet50_Freezing_07-2020Sep29shuffle1_100000filtered,ELS,"Sanguino-Gomez et al., 2024",3,20,34,11250,10437,0.30222222222222223,1.131382113821138,"Yes, all 82 manuscript-cohort videos"
150.3,Animal_150_3DLC_resnet50_Freezing_07-2020Sep29shuffle1_100000filtered,ELS,"Sanguino-Gomez et al., 2024",3,20,464,11250,10437,4.1244444444444444,1.131382113821138,"Yes, all 82 manuscript-cohort videos"
153.4,Animal_153_4DLC_resnet50_Freezing_07-2020Sep29shuffle1_100000filtered,ELS,"Sanguino-Gomez et al., 2024",3,20,18,11250,10437,0.16,1.131382113821138,"Yes, all 82 manuscript-cohort videos"
154.4,Animal_154_4DLC_resnet50_Freezing_07-2020Sep29shuffle1_100000filtered,ELS,"Sanguino-Gomez et al., 2024",3,20,29,11250,10437,0.25777777777777777,1.131382113821138,"Yes, all 82 manuscript-cohort videos"
159.3,Animal_159_3DLC_resnet50_Freezing_07-2020Sep29shuffle1_100000filtered,ELS,"Sanguino-Gomez et al., 2024",3,20,17,11250,10437,0.15111111111111111,1.131382113821138,"Yes, all 82 manuscript-cohort videos"
159.4,Animal_159_4DLC_resnet50_Freezing_07-2020Sep29shuffle1_100000filtered,ELS,"Sanguino-Gomez et al., 2024",3,20,36,11250,10437,0.32,1.131382113821138,"Yes, all 82 manuscript-cohort videos"
159.5,Animal_159_5DLC_resnet50_Freezing_07-2020Sep29shuffle1_100000filtered,ELS,"Sanguino-Gomez et al., 2024",3,20,76,11250,10437,0.67555555555555558,1.131382113821138,"Yes, all 82 manuscript-cohort videos"
11.4,Animal 11_4DLC_resnet50_Freezing_07-2020Sep29shuffle1_100000filtered,Control,"Sanguino-Gomez and Krugers, 2024",1,21,12,11250,3848,0.1066666666666667,0.41712737127371269,"Yes, all 82 manuscript-cohort videos"
11.6,Animal 11_6DLC_resnet50_Freezing_07-2020Sep29shuffle1_100000filtered,Control,"Sanguino-Gomez and Krugers, 2024",1,21,21,11250,3848,0.1866666666666667,0.41712737127371269,"Yes, all 82 manuscript-cohort videos"
34.4,Animal 34_4DLC_resnet50_Freezing_07-2020Sep29shuffle1_100000filtered,Control,"Sanguino-Gomez and Krugers, 2024",1,21,46,11250,3848,0.40888888888888891,0.41712737127371269,"Yes, all 82 manuscript-cohort videos"
34.5,Animal 34_5DLC_resnet50_Freezing_07-2020Sep29shuffle1_100000filtered,Control,"Sanguino-Gomez and Krugers, 2024",1,21,59,11250,3848,0.52444444444444449,0.41712737127371269,"Yes, all 82 manuscript-cohort videos"
40.4,Animal_40_4DLC_resnet50_Freezing_07-2020Sep29shuffle1_100000filtered,Control,"Sanguino-Gomez and Krugers, 2024",1,21,15,11250,3848,0.1333333333333333,0.41712737127371269,"Yes, all 82 manuscript-cohort videos"
40.6,Animal_40_6DLC_resnet50_Freezing_07-2020Sep29shuffle1_100000filtered,Control,"Sanguino-Gomez and Krugers, 2024",1,21,28,11250,3848,0.24888888888888891,0.41712737127371269,"Yes, all 82 manuscript-cohort videos"
41.4,Animal_41_4DLC_resnet50_Freezing_07-2020Sep29shuffle1_100000filtered,Control,"Sanguino-Gomez and Krugers, 2024",1,21,43,11250,3848,0.38222222222222219,0.41712737127371269,"Yes, all 82 manuscript-cohort videos"
41.5,Animal_41_5DLC_resnet50_Freezing_07-2020Sep29shuffle1_100000filtered,Control,"Sanguino-Gomez and Krugers, 2024",1,21,39,11250,3848,0.34666666666666668,0.41712737127371269,"Yes, all 82 manuscript-cohort videos"
41.6,Animal_41_6DLC_resnet50_Freezing_07-2020Sep29shuffle1_100000filtered,Control,"Sanguino-Gomez and Krugers, 2024",1,21,16,11250,3848,0.14222222222222219,0.41712737127371269,"Yes, all 82 manuscript-cohort videos"
47.5,Animal_47_5DLC_resnet50_Freezing_07-2020Sep29shuffle1_100000filtered,Control,"Sanguino-Gomez and Krugers, 2024",1,21,58,11250,3848,0.51555555555555554,0.41712737127371269,"Yes, all 82 manuscript-cohort videos"
5.4,Animal 5_4DLC_resnet50_Freezing_07-2020Sep29shuffle1_100000filtered,Control,"Sanguino-Gomez and Krugers, 2024",1,21,24,11250,3848,0.21333333333333329,0.41712737127371269,"Yes, all 82 manuscript-cohort videos"
50.5,Animal_50_5DLC_resnet50_Freezing_07-2020Sep29shuffle1_100000filtered,Control,"Sanguino-Gomez and Krugers, 2024",1,21,21,11250,3848,0.1866666666666667,0.41712737127371269,"Yes, all 82 manuscript-cohort videos"
53.5,Animal_53_5DLC_resnet50_Freezing_07-2020Sep29shuffle1_100000filtered,Control,"Sanguino-Gomez and Krugers, 2024",1,21,42,11250,3848,0.37333333333333341,0.41712737127371269,"Yes, all 82 manuscript-cohort videos"
54.3,Animal_54_3DLC_resnet50_Freezing_07-2020Sep29shuffle1_100000filtered,Control,"Sanguino-Gomez and Krugers, 2024",1,21,39,11250,3848,0.34666666666666668,0.41712737127371269,"Yes, all 82 manuscript-cohort videos"
54.4,Animal_54_4DLC_resnet50_Freezing_07-2020Sep29shuffle1_100000filtered,Control,"Sanguino-Gomez and Krugers, 2024",1,21,10,11250,3848,8.8888888888888892E-2,0.41712737127371269,"Yes, all 82 manuscript-cohort videos"
54.6,Animal_54_6DLC_resnet50_Freezing_07-2020Sep29shuffle1_100000filtered,Control,"Sanguino-Gomez and Krugers, 2024",1,21,27,11250,3848,0.24,0.41712737127371269,"Yes, all 82 manuscript-cohort videos"
58.5,Animal_58_5DLC_resnet50_Freezing_07-2020Sep29shuffle1_100000filtered,Control,"Sanguino-Gomez and Krugers, 2024",1,21,65,11250,3848,0.57777777777777772,0.41712737127371269,"Yes, all 82 manuscript-cohort videos"
62.1,Animal_62_1DLC_resnet50_Freezing_07-2020Sep29shuffle1_100000filtered,Control,"Sanguino-Gomez and Krugers, 2024",1,21,24,11250,3848,0.21333333333333329,0.41712737127371269,"Yes, all 82 manuscript-cohort videos"
62.2,Animal_62_2DLC_resnet50_Freezing_07-2020Sep29shuffle1_100000filtered,Control,"Sanguino-Gomez and Krugers, 2024",1,21,4,11250,3848,3.5555555555555562E-2,0.41712737127371269,"Yes, all 82 manuscript-cohort videos"
62.3,Animal_62_3DLC_resnet50_Freezing_07-2020Sep29shuffle1_100000filtered,Control,"Sanguino-Gomez and Krugers, 2024",1,21,74,11250,3848,0.65777777777777779,0.41712737127371269,"Yes, all 82 manuscript-cohort videos"
62.4,Animal_62_4DLC_resnet50_Freezing_07-2020Sep29shuffle1_100000filtered,Control,"Sanguino-Gomez and Krugers, 2024",1,21,67,11250,3848,0.59555555555555562,0.41712737127371269,"Yes, all 82 manuscript-cohort videos"
62.5,Animal_62_5DLC_resnet50_Freezing_07-2020Sep29shuffle1_100000filtered,Control,"Sanguino-Gomez and Krugers, 2024",1,21,77,11250,3848,0.68444444444444441,0.41712737127371269,"Yes, all 82 manuscript-cohort videos"
74.1,Animal_74_1DLC_resnet50_Freezing_07-2020Sep29shuffle1_100000filtered,Control,"Sanguino-Gomez and Krugers, 2024",1,21,6,11250,3848,5.3333333333333337E-2,0.41712737127371269,"Yes, all 82 manuscript-cohort videos"
80.3,Animal_80_3DLC_resnet50_Freezing_07-2020Sep29shuffle1_100000filtered,Control,"Sanguino-Gomez and Krugers, 2024",1,21,100,11250,3848,0.88888888888888884,0.41712737127371269,"Yes, all 82 manuscript-cohort videos"
15.4,Animal 15_4DLC_resnet50_Freezing_07-2020Sep29shuffle1_100000filtered,ELS,"Sanguino-Gomez and Krugers, 2024",1,21,26,11250,3848,0.2311111111111111,0.41712737127371269,"Yes, all 82 manuscript-cohort videos"
15.6,Animal 15_6DLC_resnet50_Freezing_07-2020Sep29shuffle1_100000filtered,ELS,"Sanguino-Gomez and Krugers, 2024",1,21,31,11250,3848,0.27555555555555561,0.41712737127371269,"Yes, all 82 manuscript-cohort videos"
2.4,Animal 2_4DLC_resnet50_Freezing_07-2020Sep29shuffle1_100000filtered,ELS,"Sanguino-Gomez and Krugers, 2024",1,21,10,11250,3848,8.8888888888888892E-2,0.41712737127371269,"Yes, all 82 manuscript-cohort videos"
23.4,Animal 23_4DLC_resnet50_Freezing_07-2020Sep29shuffle1_100000filtered,ELS,"Sanguino-Gomez and Krugers, 2024",1,21,20,11250,3848,0.17777777777777781,0.41712737127371269,"Yes, all 82 manuscript-cohort videos"
25.1,Animal 25_1DLC_resnet50_Freezing_07-2020Sep29shuffle1_100000filtered,ELS,"Sanguino-Gomez and Krugers, 2024",1,21,69,11250,3848,0.6133333333333334,0.41712737127371269,"Yes, all 82 manuscript-cohort videos"
26.4,Animal 26_4DLC_resnet50_Freezing_07-2020Sep29shuffle1_100000filtered,ELS,"Sanguino-Gomez and Krugers, 2024",1,21,21,11250,3848,0.1866666666666667,0.41712737127371269,"Yes, all 82 manuscript-cohort videos"
32.4,Animal 32_4DLC_resnet50_Freezing_07-2020Sep29shuffle1_100000filtered,ELS,"Sanguino-Gomez and Krugers, 2024",1,21,47,11250,3848,0.41777777777777769,0.41712737127371269,"Yes, all 82 manuscript-cohort videos"
43.3,Animal_43_3DLC_resnet50_Freezing_07-2020Sep29shuffle1_100000filtered,ELS,"Sanguino-Gomez and Krugers, 2024",1,21,52,11250,3848,0.4622222222222222,0.41712737127371269,"Yes, all 82 manuscript-cohort videos"
43.5,Animal_43_5DLC_resnet50_Freezing_07-2020Sep29shuffle1_100000filtered,ELS,"Sanguino-Gomez and Krugers, 2024",1,21,26,11250,3848,0.2311111111111111,0.41712737127371269,"Yes, all 82 manuscript-cohort videos"
49.5,Animal_49_5DLC_resnet50_Freezing_07-2020Sep29shuffle1_100000filtered,ELS,"Sanguino-Gomez and Krugers, 2024",1,21,79,11250,3848,0.70222222222222219,0.41712737127371269,"Yes, all 82 manuscript-cohort videos"
49.6,Animal_49_6DLC_resnet50_Freezing_07-2020Sep29shuffle1_100000filtered,ELS,"Sanguino-Gomez and Krugers, 2024",1,21,30,11250,3848,0.26666666666666672,0.41712737127371269,"Yes, all 82 manuscript-cohort videos"
55.3,Animal_55_3DLC_resnet50_Freezing_07-2020Sep29shuffle1_100000filtered,ELS,"Sanguino-Gomez and Krugers, 2024",1,21,59,11250,3848,0.52444444444444449,0.41712737127371269,"Yes, all 82 manuscript-cohort videos"
56.3,Animal_56_3DLC_resnet50_Freezing_07-2020Sep29shuffle1_100000filtered,ELS,"Sanguino-Gomez and Krugers, 2024",1,21,95,11250,3848,0.84444444444444433,0.41712737127371269,"Yes, all 82 manuscript-cohort videos"
63.3,Animal_63_3DLC_resnet50_Freezing_07-2020Sep29shuffle1_100000filtered,ELS,"Sanguino-Gomez and Krugers, 2024",1,21,28,11250,3848,0.24888888888888891,0.41712737127371269,"Yes, all 82 manuscript-cohort videos"
69.1,Animal_69_1DLC_resnet50_Freezing_07-2020Sep29shuffle1_100000filtered,ELS,"Sanguino-Gomez and Krugers, 2024",1,21,91,11250,3848,0.80888888888888888,0.41712737127371269,"Yes, all 82 manuscript-cohort videos"
69.2,Animal_69_2DLC_resnet50_Freezing_07-2020Sep29shuffle1_100000filtered,ELS,"Sanguino-Gomez and Krugers, 2024",1,21,84,11250,3848,0.7466666666666667,0.41712737127371269,"Yes, all 82 manuscript-cohort videos"
69.3,Animal_69_3DLC_resnet50_Freezing_07-2020Sep29shuffle1_100000filtered,ELS,"Sanguino-Gomez and Krugers, 2024",1,21,35,11250,3848,0.31111111111111112,0.41712737127371269,"Yes, all 82 manuscript-cohort videos"
69.5,Animal_69_5DLC_resnet50_Freezing_07-2020Sep29shuffle1_100000filtered,ELS,"Sanguino-Gomez and Krugers, 2024",1,21,97,11250,3848,0.86222222222222222,0.41712737127371269,"Yes, all 82 manuscript-cohort videos"
73.1,Animal_73_1DLC_resnet50_Freezing_07-2020Sep29shuffle1_100000filtered,ELS,"Sanguino-Gomez and Krugers, 2024",1,21,52,11250,3848,0.4622222222222222,0.41712737127371269,"Yes, all 82 manuscript-cohort videos"
73.4,Animal_73_4DLC_resnet50_Freezing_07-2020Sep29shuffle1_100000filtered,ELS,"Sanguino-Gomez and Krugers, 2024",1,21,26,11250,3848,0.2311111111111111,0.41712737127371269,"Yes, all 82 manuscript-cohort videos"
75.1,Animal_75_1DLC_resnet50_Freezing_07-2020Sep29shuffle1_100000filtered,ELS,"Sanguino-Gomez and Krugers, 2024",1,21,137,11250,3848,1.2177777777777781,0.41712737127371269,"Yes, all 82 manuscript-cohort videos"
88.2,Animal_88_2DLC_resnet50_Freezing_07-2020Sep29shuffle1_100000filtered,ELS,"Sanguino-Gomez and Krugers, 2024",1,21,80,11250,3848,0.71111111111111114,0.41712737127371269,"Yes, all 82 manuscript-cohort videos"
88.3,Animal_88_3DLC_resnet50_Freezing_07-2020Sep29shuffle1_100000filtered,ELS,"Sanguino-Gomez and Krugers, 2024",1,21,121,11250,3848,1.075555555555556,0.41712737127371269,"Yes, all 82 manuscript-cohort videos"
129.1,Animal_129_1DLC_resnet50_Freezing_07-2020Sep29shuffle1_100000filtered,Control,"Sanguino-Gomez et al., 2024",3,21,5,11250,3848,4.4444444444444453E-2,0.41712737127371269,"Yes, all 82 manuscript-cohort videos"
136.2,Animal_136_2DLC_resnet50_Freezing_07-2020Sep29shuffle1_100000filtered,Control,"Sanguino-Gomez et al., 2024",3,21,27,11250,3848,0.24,0.41712737127371269,"Yes, all 82 manuscript-cohort videos"
136.3,Animal_136_3DLC_resnet50_Freezing_07-2020Sep29shuffle1_100000filtered,Control,"Sanguino-Gomez et al., 2024",3,21,56,11250,3848,0.49777777777777782,0.41712737127371269,"Yes, all 82 manuscript-cohort videos"
136.5,Animal_136_5DLC_resnet50_Freezing_07-2020Sep29shuffle1_100000filtered,Control,"Sanguino-Gomez et al., 2024",3,21,44,11250,3848,0.39111111111111108,0.41712737127371269,"Yes, all 82 manuscript-cohort videos"
137.3,Animal_137_3DLC_resnet50_Freezing_07-2020Sep29shuffle1_100000filtered,Control,"Sanguino-Gomez et al., 2024",3,21,140,11250,3848,1.244444444444444,0.41712737127371269,"Yes, all 82 manuscript-cohort videos"
145.5,Animal_145_5DLC_resnet50_Freezing_07-2020Sep29shuffle1_100000filtered,Control,"Sanguino-Gomez et al., 2024",3,21,46,11250,3848,0.40888888888888891,0.41712737127371269,"Yes, all 82 manuscript-cohort videos"
146.6,Animal_146_6DLC_resnet50_Freezing_07-2020Sep29shuffle1_100000filtered,Control,"Sanguino-Gomez et al., 2024",3,21,24,11250,3848,0.21333333333333329,0.41712737127371269,"Yes, all 82 manuscript-cohort videos"
147.4,Animal_147_4DLC_resnet50_Freezing_07-2020Sep29shuffle1_100000filtered,Control,"Sanguino-Gomez et al., 2024",3,21,43,11250,3848,0.38222222222222219,0.41712737127371269,"Yes, all 82 manuscript-cohort videos"
152.3,Animal_152_3DLC_resnet50_Freezing_07-2020Sep29shuffle1_100000filtered,Control,"Sanguino-Gomez et al., 2024",3,21,182,11250,3848,1.617777777777778,0.41712737127371269,"Yes, all 82 manuscript-cohort videos"
152.5,Animal_152_5DLC_resnet50_Freezing_07-2020Sep29shuffle1_100000filtered,Control,"Sanguino-Gomez et al., 2024",3,21,22,11250,3848,0.19555555555555551,0.41712737127371269,"Yes, all 82 manuscript-cohort videos"
157.1,Animal_157_1DLC_resnet50_Freezing_07-2020Sep29shuffle1_100000filtered,Control,"Sanguino-Gomez et al., 2024",3,21,156,11250,3848,1.3866666666666669,0.41712737127371269,"Yes, all 82 manuscript-cohort videos"
157.4,Animal_157_4DLC_resnet50_Freezing_07-2020Sep29shuffle1_100000filtered,Control,"Sanguino-Gomez et al., 2024",3,21,97,11250,3848,0.86222222222222222,0.41712737127371269,"Yes, all 82 manuscript-cohort videos"
158.5,Animal_158_5DLC_resnet50_Freezing_07-2020Sep29shuffle1_100000filtered,Control,"Sanguino-Gomez et al., 2024",3,21,17,11250,3848,0.15111111111111111,0.41712737127371269,"Yes, all 82 manuscript-cohort videos"
161.1,Animal_161_1DLC_resnet50_Freezing_07-2020Sep29shuffle1_100000filtered,Control,"Sanguino-Gomez et al., 2024",3,21,31,11250,3848,0.27555555555555561,0.41712737127371269,"Yes, all 82 manuscript-cohort videos"
161.3,Animal_161_3DLC_resnet50_Freezing_07-2020Sep29shuffle1_100000filtered,Control,"Sanguino-Gomez et al., 2024",3,21,33,11250,3848,0.29333333333333328,0.41712737127371269,"Yes, all 82 manuscript-cohort videos"
123.1,Animal_123_1DLC_resnet50_Freezing_07-2020Sep29shuffle1_100000filtered,ELS,"Sanguino-Gomez et al., 2024",3,21,55,11250,3848,0.48888888888888887,0.41712737127371269,"Yes, all 82 manuscript-cohort videos"
123.3,Animal_123_3DLC_resnet50_Freezing_07-2020Sep29shuffle1_100000filtered,ELS,"Sanguino-Gomez et al., 2024",3,21,27,11250,3848,0.24,0.41712737127371269,"Yes, all 82 manuscript-cohort videos"
128.4,Animal_128_4DLC_resnet50_Freezing_07-2020Sep29shuffle1_100000filtered,ELS,"Sanguino-Gomez et al., 2024",3,21,31,11250,3848,0.27555555555555561,0.41712737127371269,"Yes, all 82 manuscript-cohort videos"
133.3,Animal_133_3DLC_resnet50_Freezing_07-2020Sep29shuffle1_100000filtered,ELS,"Sanguino-Gomez et al., 2024",3,21,7,11250,3848,6.2222222222222227E-2,0.41712737127371269,"Yes, all 82 manuscript-cohort videos"
134.2,Animal_134_2DLC_resnet50_Freezing_07-2020Sep29shuffle1_100000filtered,ELS,"Sanguino-Gomez et al., 2024",3,21,72,11250,3848,0.64,0.41712737127371269,"Yes, all 82 manuscript-cohort videos"
134.4,Animal_134_4DLC_resnet50_Freezing_07-2020Sep29shuffle1_100000filtered,ELS,"Sanguino-Gomez et al., 2024",3,21,41,11250,3848,0.36444444444444452,0.41712737127371269,"Yes, all 82 manuscript-cohort videos"
144.3,Animal_144_3DLC_resnet50_Freezing_07-2020Sep29shuffle1_100000filtered,ELS,"Sanguino-Gomez et al., 2024",3,21,43,11250,3848,0.38222222222222219,0.41712737127371269,"Yes, all 82 manuscript-cohort videos"
144.5,Animal_144_5DLC_resnet50_Freezing_07-2020Sep29shuffle1_100000filtered,ELS,"Sanguino-Gomez et al., 2024",3,21,12,11250,3848,0.1066666666666667,0.41712737127371269,"Yes, all 82 manuscript-cohort videos"
148.4,Animal_148_4DLC_resnet50_Freezing_07-2020Sep29shuffle1_100000filtered,ELS,"Sanguino-Gomez et al., 2024",3,21,88,11250,3848,0.78222222222222215,0.41712737127371269,"Yes, all 82 manuscript-cohort videos"
150.3,Animal_150_3DLC_resnet50_Freezing_07-2020Sep29shuffle1_100000filtered,ELS,"Sanguino-Gomez et al., 2024",3,21,17,11250,3848,0.15111111111111111,0.41712737127371269,"Yes, all 82 manuscript-cohort videos"
150.5,Animal_150_5DLC_resnet50_Freezing_07-2020Sep29shuffle1_100000filtered,ELS,"Sanguino-Gomez et al., 2024",3,21,114,11250,3848,1.013333333333333,0.41712737127371269,"Yes, all 82 manuscript-cohort videos"
153.4,Animal_153_4DLC_resnet50_Freezing_07-2020Sep29shuffle1_100000filtered,ELS,"Sanguino-Gomez et al., 2024",3,21,25,11250,3848,0.22222222222222221,0.41712737127371269,"Yes, all 82 manuscript-cohort videos"
154.4,Animal_154_4DLC_resnet50_Freezing_07-2020Sep29shuffle1_100000filtered,ELS,"Sanguino-Gomez et al., 2024",3,21,36,11250,3848,0.32,0.41712737127371269,"Yes, all 82 manuscript-cohort videos"
159.3,Animal_159_3DLC_resnet50_Freezing_07-2020Sep29shuffle1_100000filtered,ELS,"Sanguino-Gomez et al., 2024",3,21,79,11250,3848,0.70222222222222219,0.41712737127371269,"Yes, all 82 manuscript-cohort videos"
159.4,Animal_159_4DLC_resnet50_Freezing_07-2020Sep29shuffle1_100000filtered,ELS,"Sanguino-Gomez et al., 2024",3,21,28,11250,3848,0.24888888888888891,0.41712737127371269,"Yes, all 82 manuscript-cohort videos"
159.5,Animal_159_5DLC_resnet50_Freezing_07-2020Sep29shuffle1_100000filtered,ELS,"Sanguino-Gomez et al., 2024",3,21,17,11250,3848,0.15111111111111111,0.41712737127371269,"Yes, all 82 manuscript-cohort videos"
11.4,Animal 11_4DLC_resnet50_Freezing_07-2020Sep29shuffle1_100000filtered,Control,"Sanguino-Gomez and Krugers, 2024",1,22,275,11250,7460,2.4444444444444451,0.80867208672086721,"Yes, all 82 manuscript-cohort videos"
11.6,Animal 11_6DLC_resnet50_Freezing_07-2020Sep29shuffle1_100000filtered,Control,"Sanguino-Gomez and Krugers, 2024",1,22,487,11250,7460,4.3288888888888888,0.80867208672086721,"Yes, all 82 manuscript-cohort videos"
34.4,Animal 34_4DLC_resnet50_Freezing_07-2020Sep29shuffle1_100000filtered,Control,"Sanguino-Gomez and Krugers, 2024",1,22,14,11250,7460,0.1244444444444445,0.80867208672086721,"Yes, all 82 manuscript-cohort videos"
34.5,Animal 34_5DLC_resnet50_Freezing_07-2020Sep29shuffle1_100000filtered,Control,"Sanguino-Gomez and Krugers, 2024",1,22,18,11250,7460,0.16,0.80867208672086721,"Yes, all 82 manuscript-cohort videos"
40.4,Animal_40_4DLC_resnet50_Freezing_07-2020Sep29shuffle1_100000filtered,Control,"Sanguino-Gomez and Krugers, 2024",1,22,181,11250,7460,1.608888888888889,0.80867208672086721,"Yes, all 82 manuscript-cohort videos"
40.6,Animal_40_6DLC_resnet50_Freezing_07-2020Sep29shuffle1_100000filtered,Control,"Sanguino-Gomez and Krugers, 2024",1,22,160,11250,7460,1.4222222222222221,0.80867208672086721,"Yes, all 82 manuscript-cohort videos"
41.4,Animal_41_4DLC_resnet50_Freezing_07-2020Sep29shuffle1_100000filtered,Control,"Sanguino-Gomez and Krugers, 2024",1,22,170,11250,7460,1.5111111111111111,0.80867208672086721,"Yes, all 82 manuscript-cohort videos"
41.5,Animal_41_5DLC_resnet50_Freezing_07-2020Sep29shuffle1_100000filtered,Control,"Sanguino-Gomez and Krugers, 2024",1,22,85,11250,7460,0.75555555555555554,0.80867208672086721,"Yes, all 82 manuscript-cohort videos"
41.6,Animal_41_6DLC_resnet50_Freezing_07-2020Sep29shuffle1_100000filtered,Control,"Sanguino-Gomez and Krugers, 2024",1,22,144,11250,7460,1.28,0.80867208672086721,"Yes, all 82 manuscript-cohort videos"
47.5,Animal_47_5DLC_resnet50_Freezing_07-2020Sep29shuffle1_100000filtered,Control,"Sanguino-Gomez and Krugers, 2024",1,22,282,11250,7460,2.5066666666666668,0.80867208672086721,"Yes, all 82 manuscript-cohort videos"
5.4,Animal 5_4DLC_resnet50_Freezing_07-2020Sep29shuffle1_100000filtered,Control,"Sanguino-Gomez and Krugers, 2024",1,22,36,11250,7460,0.32,0.80867208672086721,"Yes, all 82 manuscript-cohort videos"
50.5,Animal_50_5DLC_resnet50_Freezing_07-2020Sep29shuffle1_100000filtered,Control,"Sanguino-Gomez and Krugers, 2024",1,22,146,11250,7460,1.2977777777777779,0.80867208672086721,"Yes, all 82 manuscript-cohort videos"
53.5,Animal_53_5DLC_resnet50_Freezing_07-2020Sep29shuffle1_100000filtered,Control,"Sanguino-Gomez and Krugers, 2024",1,22,342,11250,7460,3.04,0.80867208672086721,"Yes, all 82 manuscript-cohort videos"
54.3,Animal_54_3DLC_resnet50_Freezing_07-2020Sep29shuffle1_100000filtered,Control,"Sanguino-Gomez and Krugers, 2024",1,22,113,11250,7460,1.004444444444444,0.80867208672086721,"Yes, all 82 manuscript-cohort videos"
54.4,Animal_54_4DLC_resnet50_Freezing_07-2020Sep29shuffle1_100000filtered,Control,"Sanguino-Gomez and Krugers, 2024",1,22,137,11250,7460,1.2177777777777781,0.80867208672086721,"Yes, all 82 manuscript-cohort videos"
54.6,Animal_54_6DLC_resnet50_Freezing_07-2020Sep29shuffle1_100000filtered,Control,"Sanguino-Gomez and Krugers, 2024",1,22,71,11250,7460,0.63111111111111107,0.80867208672086721,"Yes, all 82 manuscript-cohort videos"
58.5,Animal_58_5DLC_resnet50_Freezing_07-2020Sep29shuffle1_100000filtered,Control,"Sanguino-Gomez and Krugers, 2024",1,22,214,11250,7460,1.902222222222222,0.80867208672086721,"Yes, all 82 manuscript-cohort videos"
62.1,Animal_62_1DLC_resnet50_Freezing_07-2020Sep29shuffle1_100000filtered,Control,"Sanguino-Gomez and Krugers, 2024",1,22,217,11250,7460,1.9288888888888891,0.80867208672086721,"Yes, all 82 manuscript-cohort videos"
62.2,Animal_62_2DLC_resnet50_Freezing_07-2020Sep29shuffle1_100000filtered,Control,"Sanguino-Gomez and Krugers, 2024",1,22,159,11250,7460,1.4133333333333331,0.80867208672086721,"Yes, all 82 manuscript-cohort videos"
62.3,Animal_62_3DLC_resnet50_Freezing_07-2020Sep29shuffle1_100000filtered,Control,"Sanguino-Gomez and Krugers, 2024",1,22,16,11250,7460,0.14222222222222219,0.80867208672086721,"Yes, all 82 manuscript-cohort videos"
62.4,Animal_62_4DLC_resnet50_Freezing_07-2020Sep29shuffle1_100000filtered,Control,"Sanguino-Gomez and Krugers, 2024",1,22,78,11250,7460,0.69333333333333336,0.80867208672086721,"Yes, all 82 manuscript-cohort videos"
62.5,Animal_62_5DLC_resnet50_Freezing_07-2020Sep29shuffle1_100000filtered,Control,"Sanguino-Gomez and Krugers, 2024",1,22,66,11250,7460,0.58666666666666667,0.80867208672086721,"Yes, all 82 manuscript-cohort videos"
68.1,Animal_68_1DLC_resnet50_Freezing_07-2020Sep29shuffle1_100000filtered,Control,"Sanguino-Gomez and Krugers, 2024",1,22,83,11250,7460,0.73777777777777775,0.80867208672086721,"Yes, all 82 manuscript-cohort videos"
74.1,Animal_74_1DLC_resnet50_Freezing_07-2020Sep29shuffle1_100000filtered,Control,"Sanguino-Gomez and Krugers, 2024",1,22,68,11250,7460,0.60444444444444445,0.80867208672086721,"Yes, all 82 manuscript-cohort videos"
80.3,Animal_80_3DLC_resnet50_Freezing_07-2020Sep29shuffle1_100000filtered,Control,"Sanguino-Gomez and Krugers, 2024",1,22,66,11250,7460,0.58666666666666667,0.80867208672086721,"Yes, all 82 manuscript-cohort videos"
15.4,Animal 15_4DLC_resnet50_Freezing_07-2020Sep29shuffle1_100000filtered,ELS,"Sanguino-Gomez and Krugers, 2024",1,22,172,11250,7460,1.528888888888889,0.80867208672086721,"Yes, all 82 manuscript-cohort videos"
15.6,Animal 15_6DLC_resnet50_Freezing_07-2020Sep29shuffle1_100000filtered,ELS,"Sanguino-Gomez and Krugers, 2024",1,22,47,11250,7460,0.41777777777777769,0.80867208672086721,"Yes, all 82 manuscript-cohort videos"
2.4,Animal 2_4DLC_resnet50_Freezing_07-2020Sep29shuffle1_100000filtered,ELS,"Sanguino-Gomez and Krugers, 2024",1,22,146,11250,7460,1.2977777777777779,0.80867208672086721,"Yes, all 82 manuscript-cohort videos"
23.4,Animal 23_4DLC_resnet50_Freezing_07-2020Sep29shuffle1_100000filtered,ELS,"Sanguino-Gomez and Krugers, 2024",1,22,24,11250,7460,0.21333333333333329,0.80867208672086721,"Yes, all 82 manuscript-cohort videos"
25.1,Animal 25_1DLC_resnet50_Freezing_07-2020Sep29shuffle1_100000filtered,ELS,"Sanguino-Gomez and Krugers, 2024",1,22,190,11250,7460,1.6888888888888891,0.80867208672086721,"Yes, all 82 manuscript-cohort videos"
26.4,Animal 26_4DLC_resnet50_Freezing_07-2020Sep29shuffle1_100000filtered,ELS,"Sanguino-Gomez and Krugers, 2024",1,22,56,11250,7460,0.49777777777777782,0.80867208672086721,"Yes, all 82 manuscript-cohort videos"
32.2,Animal 32_2DLC_resnet50_Freezing_07-2020Sep29shuffle1_100000filtered,ELS,"Sanguino-Gomez and Krugers, 2024",1,22,97,11250,7460,0.86222222222222222,0.80867208672086721,"Yes, all 82 manuscript-cohort videos"
32.4,Animal 32_4DLC_resnet50_Freezing_07-2020Sep29shuffle1_100000filtered,ELS,"Sanguino-Gomez and Krugers, 2024",1,22,55,11250,7460,0.48888888888888887,0.80867208672086721,"Yes, all 82 manuscript-cohort videos"
43.3,Animal_43_3DLC_resnet50_Freezing_07-2020Sep29shuffle1_100000filtered,ELS,"Sanguino-Gomez and Krugers, 2024",1,22,82,11250,7460,0.72888888888888892,0.80867208672086721,"Yes, all 82 manuscript-cohort videos"
43.5,Animal_43_5DLC_resnet50_Freezing_07-2020Sep29shuffle1_100000filtered,ELS,"Sanguino-Gomez and Krugers, 2024",1,22,55,11250,7460,0.48888888888888887,0.80867208672086721,"Yes, all 82 manuscript-cohort videos"
49.5,Animal_49_5DLC_resnet50_Freezing_07-2020Sep29shuffle1_100000filtered,ELS,"Sanguino-Gomez and Krugers, 2024",1,22,109,11250,7460,0.96888888888888891,0.80867208672086721,"Yes, all 82 manuscript-cohort videos"
49.6,Animal_49_6DLC_resnet50_Freezing_07-2020Sep29shuffle1_100000filtered,ELS,"Sanguino-Gomez and Krugers, 2024",1,22,99,11250,7460,0.88,0.80867208672086721,"Yes, all 82 manuscript-cohort videos"
55.3,Animal_55_3DLC_resnet50_Freezing_07-2020Sep29shuffle1_100000filtered,ELS,"Sanguino-Gomez and Krugers, 2024",1,22,115,11250,7460,1.0222222222222219,0.80867208672086721,"Yes, all 82 manuscript-cohort videos"
55.5,Animal_55_5DLC_resnet50_Freezing_07-2020Sep29shuffle1_100000filtered,ELS,"Sanguino-Gomez and Krugers, 2024",1,22,108,11250,7460,0.96,0.80867208672086721,"Yes, all 82 manuscript-cohort videos"
56.3,Animal_56_3DLC_resnet50_Freezing_07-2020Sep29shuffle1_100000filtered,ELS,"Sanguino-Gomez and Krugers, 2024",1,22,67,11250,7460,0.59555555555555562,0.80867208672086721,"Yes, all 82 manuscript-cohort videos"
63.3,Animal_63_3DLC_resnet50_Freezing_07-2020Sep29shuffle1_100000filtered,ELS,"Sanguino-Gomez and Krugers, 2024",1,22,46,11250,7460,0.40888888888888891,0.80867208672086721,"Yes, all 82 manuscript-cohort videos"
69.1,Animal_69_1DLC_resnet50_Freezing_07-2020Sep29shuffle1_100000filtered,ELS,"Sanguino-Gomez and Krugers, 2024",1,22,34,11250,7460,0.30222222222222223,0.80867208672086721,"Yes, all 82 manuscript-cohort videos"
69.2,Animal_69_2DLC_resnet50_Freezing_07-2020Sep29shuffle1_100000filtered,ELS,"Sanguino-Gomez and Krugers, 2024",1,22,57,11250,7460,0.5066666666666666,0.80867208672086721,"Yes, all 82 manuscript-cohort videos"
69.3,Animal_69_3DLC_resnet50_Freezing_07-2020Sep29shuffle1_100000filtered,ELS,"Sanguino-Gomez and Krugers, 2024",1,22,6,11250,7460,5.3333333333333337E-2,0.80867208672086721,"Yes, all 82 manuscript-cohort videos"
69.5,Animal_69_5DLC_resnet50_Freezing_07-2020Sep29shuffle1_100000filtered,ELS,"Sanguino-Gomez and Krugers, 2024",1,22,15,11250,7460,0.1333333333333333,0.80867208672086721,"Yes, all 82 manuscript-cohort videos"
73.1,Animal_73_1DLC_resnet50_Freezing_07-2020Sep29shuffle1_100000filtered,ELS,"Sanguino-Gomez and Krugers, 2024",1,22,12,11250,7460,0.1066666666666667,0.80867208672086721,"Yes, all 82 manuscript-cohort videos"
73.4,Animal_73_4DLC_resnet50_Freezing_07-2020Sep29shuffle1_100000filtered,ELS,"Sanguino-Gomez and Krugers, 2024",1,22,16,11250,7460,0.14222222222222219,0.80867208672086721,"Yes, all 82 manuscript-cohort videos"
75.1,Animal_75_1DLC_resnet50_Freezing_07-2020Sep29shuffle1_100000filtered,ELS,"Sanguino-Gomez and Krugers, 2024",1,22,89,11250,7460,0.79111111111111121,0.80867208672086721,"Yes, all 82 manuscript-cohort videos"
88.2,Animal_88_2DLC_resnet50_Freezing_07-2020Sep29shuffle1_100000filtered,ELS,"Sanguino-Gomez and Krugers, 2024",1,22,78,11250,7460,0.69333333333333336,0.80867208672086721,"Yes, all 82 manuscript-cohort videos"
88.3,Animal_88_3DLC_resnet50_Freezing_07-2020Sep29shuffle1_100000filtered,ELS,"Sanguino-Gomez and Krugers, 2024",1,22,56,11250,7460,0.49777777777777782,0.80867208672086721,"Yes, all 82 manuscript-cohort videos"
129.1,Animal_129_1DLC_resnet50_Freezing_07-2020Sep29shuffle1_100000filtered,Control,"Sanguino-Gomez et al., 2024",3,22,18,11250,7460,0.16,0.80867208672086721,"Yes, all 82 manuscript-cohort videos"
136.2,Animal_136_2DLC_resnet50_Freezing_07-2020Sep29shuffle1_100000filtered,Control,"Sanguino-Gomez et al., 2024",3,22,15,11250,7460,0.1333333333333333,0.80867208672086721,"Yes, all 82 manuscript-cohort videos"
137.3,Animal_137_3DLC_resnet50_Freezing_07-2020Sep29shuffle1_100000filtered,Control,"Sanguino-Gomez et al., 2024",3,22,32,11250,7460,0.28444444444444439,0.80867208672086721,"Yes, all 82 manuscript-cohort videos"
145.5,Animal_145_5DLC_resnet50_Freezing_07-2020Sep29shuffle1_100000filtered,Control,"Sanguino-Gomez et al., 2024",3,22,102,11250,7460,0.90666666666666673,0.80867208672086721,"Yes, all 82 manuscript-cohort videos"
146.6,Animal_146_6DLC_resnet50_Freezing_07-2020Sep29shuffle1_100000filtered,Control,"Sanguino-Gomez et al., 2024",3,22,133,11250,7460,1.1822222222222221,0.80867208672086721,"Yes, all 82 manuscript-cohort videos"
147.4,Animal_147_4DLC_resnet50_Freezing_07-2020Sep29shuffle1_100000filtered,Control,"Sanguino-Gomez et al., 2024",3,22,283,11250,7460,2.5155555555555562,0.80867208672086721,"Yes, all 82 manuscript-cohort videos"
152.5,Animal_152_5DLC_resnet50_Freezing_07-2020Sep29shuffle1_100000filtered,Control,"Sanguino-Gomez et al., 2024",3,22,11,11250,7460,9.7777777777777769E-2,0.80867208672086721,"Yes, all 82 manuscript-cohort videos"
157.1,Animal_157_1DLC_resnet50_Freezing_07-2020Sep29shuffle1_100000filtered,Control,"Sanguino-Gomez et al., 2024",3,22,619,11250,7460,5.5022222222222226,0.80867208672086721,"Yes, all 82 manuscript-cohort videos"
157.4,Animal_157_4DLC_resnet50_Freezing_07-2020Sep29shuffle1_100000filtered,Control,"Sanguino-Gomez et al., 2024",3,22,101,11250,7460,0.89777777777777767,0.80867208672086721,"Yes, all 82 manuscript-cohort videos"
158.5,Animal_158_5DLC_resnet50_Freezing_07-2020Sep29shuffle1_100000filtered,Control,"Sanguino-Gomez et al., 2024",3,22,87,11250,7460,0.77333333333333332,0.80867208672086721,"Yes, all 82 manuscript-cohort videos"
161.3,Animal_161_3DLC_resnet50_Freezing_07-2020Sep29shuffle1_100000filtered,Control,"Sanguino-Gomez et al., 2024",3,22,54,11250,7460,0.48,0.80867208672086721,"Yes, all 82 manuscript-cohort videos"
123.1,Animal_123_1DLC_resnet50_Freezing_07-2020Sep29shuffle1_100000filtered,ELS,"Sanguino-Gomez et al., 2024",3,22,41,11250,7460,0.36444444444444452,0.80867208672086721,"Yes, all 82 manuscript-cohort videos"
123.3,Animal_123_3DLC_resnet50_Freezing_07-2020Sep29shuffle1_100000filtered,ELS,"Sanguino-Gomez et al., 2024",3,22,84,11250,7460,0.7466666666666667,0.80867208672086721,"Yes, all 82 manuscript-cohort videos"
128.4,Animal_128_4DLC_resnet50_Freezing_07-2020Sep29shuffle1_100000filtered,ELS,"Sanguino-Gomez et al., 2024",3,22,19,11250,7460,0.16888888888888889,0.80867208672086721,"Yes, all 82 manuscript-cohort videos"
133.3,Animal_133_3DLC_resnet50_Freezing_07-2020Sep29shuffle1_100000filtered,ELS,"Sanguino-Gomez et al., 2024",3,22,32,11250,7460,0.28444444444444439,0.80867208672086721,"Yes, all 82 manuscript-cohort videos"
134.2,Animal_134_2DLC_resnet50_Freezing_07-2020Sep29shuffle1_100000filtered,ELS,"Sanguino-Gomez et al., 2024",3,22,6,11250,7460,5.3333333333333337E-2,0.80867208672086721,"Yes, all 82 manuscript-cohort videos"
134.4,Animal_134_4DLC_resnet50_Freezing_07-2020Sep29shuffle1_100000filtered,ELS,"Sanguino-Gomez et al., 2024",3,22,27,11250,7460,0.24,0.80867208672086721,"Yes, all 82 manuscript-cohort videos"
144.5,Animal_144_5DLC_resnet50_Freezing_07-2020Sep29shuffle1_100000filtered,ELS,"Sanguino-Gomez et al., 2024",3,22,36,11250,7460,0.32,0.80867208672086721,"Yes, all 82 manuscript-cohort videos"
148.4,Animal_148_4DLC_resnet50_Freezing_07-2020Sep29shuffle1_100000filtered,ELS,"Sanguino-Gomez et al., 2024",3,22,64,11250,7460,0.56888888888888889,0.80867208672086721,"Yes, all 82 manuscript-cohort videos"
150.3,Animal_150_3DLC_resnet50_Freezing_07-2020Sep29shuffle1_100000filtered,ELS,"Sanguino-Gomez et al., 2024",3,22,19,11250,7460,0.16888888888888889,0.80867208672086721,"Yes, all 82 manuscript-cohort videos"
153.4,Animal_153_4DLC_resnet50_Freezing_07-2020Sep29shuffle1_100000filtered,ELS,"Sanguino-Gomez et al., 2024",3,22,22,11250,7460,0.19555555555555551,0.80867208672086721,"Yes, all 82 manuscript-cohort videos"
154.4,Animal_154_4DLC_resnet50_Freezing_07-2020Sep29shuffle1_100000filtered,ELS,"Sanguino-Gomez et al., 2024",3,22,100,11250,7460,0.88888888888888884,0.80867208672086721,"Yes, all 82 manuscript-cohort videos"
159.3,Animal_159_3DLC_resnet50_Freezing_07-2020Sep29shuffle1_100000filtered,ELS,"Sanguino-Gomez et al., 2024",3,22,77,11250,7460,0.68444444444444441,0.80867208672086721,"Yes, all 82 manuscript-cohort videos"
159.4,Animal_159_4DLC_resnet50_Freezing_07-2020Sep29shuffle1_100000filtered,ELS,"Sanguino-Gomez et al., 2024",3,22,19,11250,7460,0.16888888888888889,0.80867208672086721,"Yes, all 82 manuscript-cohort videos"
11.4,Animal 11_4DLC_resnet50_Freezing_07-2020Sep29shuffle1_100000filtered,Control,"Sanguino-Gomez and Krugers, 2024",1,23,48,11250,2672,0.42666666666666669,0.28964769647696481,"Yes, all 82 manuscript-cohort videos"
11.6,Animal 11_6DLC_resnet50_Freezing_07-2020Sep29shuffle1_100000filtered,Control,"Sanguino-Gomez and Krugers, 2024",1,23,3,11250,2672,2.6666666666666668E-2,0.28964769647696481,"Yes, all 82 manuscript-cohort videos"
34.4,Animal 34_4DLC_resnet50_Freezing_07-2020Sep29shuffle1_100000filtered,Control,"Sanguino-Gomez and Krugers, 2024",1,23,12,11250,2672,0.1066666666666667,0.28964769647696481,"Yes, all 82 manuscript-cohort videos"
34.5,Animal 34_5DLC_resnet50_Freezing_07-2020Sep29shuffle1_100000filtered,Control,"Sanguino-Gomez and Krugers, 2024",1,23,63,11250,2672,0.55999999999999994,0.28964769647696481,"Yes, all 82 manuscript-cohort videos"
40.4,Animal_40_4DLC_resnet50_Freezing_07-2020Sep29shuffle1_100000filtered,Control,"Sanguino-Gomez and Krugers, 2024",1,23,27,11250,2672,0.24,0.28964769647696481,"Yes, all 82 manuscript-cohort videos"
40.6,Animal_40_6DLC_resnet50_Freezing_07-2020Sep29shuffle1_100000filtered,Control,"Sanguino-Gomez and Krugers, 2024",1,23,33,11250,2672,0.29333333333333328,0.28964769647696481,"Yes, all 82 manuscript-cohort videos"
41.4,Animal_41_4DLC_resnet50_Freezing_07-2020Sep29shuffle1_100000filtered,Control,"Sanguino-Gomez and Krugers, 2024",1,23,25,11250,2672,0.22222222222222221,0.28964769647696481,"Yes, all 82 manuscript-cohort videos"
41.5,Animal_41_5DLC_resnet50_Freezing_07-2020Sep29shuffle1_100000filtered,Control,"Sanguino-Gomez and Krugers, 2024",1,23,33,11250,2672,0.29333333333333328,0.28964769647696481,"Yes, all 82 manuscript-cohort videos"
41.6,Animal_41_6DLC_resnet50_Freezing_07-2020Sep29shuffle1_100000filtered,Control,"Sanguino-Gomez and Krugers, 2024",1,23,55,11250,2672,0.48888888888888887,0.28964769647696481,"Yes, all 82 manuscript-cohort videos"
47.5,Animal_47_5DLC_resnet50_Freezing_07-2020Sep29shuffle1_100000filtered,Control,"Sanguino-Gomez and Krugers, 2024",1,23,36,11250,2672,0.32,0.28964769647696481,"Yes, all 82 manuscript-cohort videos"
5.4,Animal 5_4DLC_resnet50_Freezing_07-2020Sep29shuffle1_100000filtered,Control,"Sanguino-Gomez and Krugers, 2024",1,23,4,11250,2672,3.5555555555555562E-2,0.28964769647696481,"Yes, all 82 manuscript-cohort videos"
50.5,Animal_50_5DLC_resnet50_Freezing_07-2020Sep29shuffle1_100000filtered,Control,"Sanguino-Gomez and Krugers, 2024",1,23,7,11250,2672,6.2222222222222227E-2,0.28964769647696481,"Yes, all 82 manuscript-cohort videos"
53.5,Animal_53_5DLC_resnet50_Freezing_07-2020Sep29shuffle1_100000filtered,Control,"Sanguino-Gomez and Krugers, 2024",1,23,40,11250,2672,0.35555555555555562,0.28964769647696481,"Yes, all 82 manuscript-cohort videos"
54.3,Animal_54_3DLC_resnet50_Freezing_07-2020Sep29shuffle1_100000filtered,Control,"Sanguino-Gomez and Krugers, 2024",1,23,24,11250,2672,0.21333333333333329,0.28964769647696481,"Yes, all 82 manuscript-cohort videos"
54.4,Animal_54_4DLC_resnet50_Freezing_07-2020Sep29shuffle1_100000filtered,Control,"Sanguino-Gomez and Krugers, 2024",1,23,8,11250,2672,7.1111111111111111E-2,0.28964769647696481,"Yes, all 82 manuscript-cohort videos"
54.6,Animal_54_6DLC_resnet50_Freezing_07-2020Sep29shuffle1_100000filtered,Control,"Sanguino-Gomez and Krugers, 2024",1,23,10,11250,2672,8.8888888888888892E-2,0.28964769647696481,"Yes, all 82 manuscript-cohort videos"
58.5,Animal_58_5DLC_resnet50_Freezing_07-2020Sep29shuffle1_100000filtered,Control,"Sanguino-Gomez and Krugers, 2024",1,23,40,11250,2672,0.35555555555555562,0.28964769647696481,"Yes, all 82 manuscript-cohort videos"
62.1,Animal_62_1DLC_resnet50_Freezing_07-2020Sep29shuffle1_100000filtered,Control,"Sanguino-Gomez and Krugers, 2024",1,23,81,11250,2672,0.72,0.28964769647696481,"Yes, all 82 manuscript-cohort videos"
62.2,Animal_62_2DLC_resnet50_Freezing_07-2020Sep29shuffle1_100000filtered,Control,"Sanguino-Gomez and Krugers, 2024",1,23,15,11250,2672,0.1333333333333333,0.28964769647696481,"Yes, all 82 manuscript-cohort videos"
62.3,Animal_62_3DLC_resnet50_Freezing_07-2020Sep29shuffle1_100000filtered,Control,"Sanguino-Gomez and Krugers, 2024",1,23,45,11250,2672,0.4,0.28964769647696481,"Yes, all 82 manuscript-cohort videos"
62.4,Animal_62_4DLC_resnet50_Freezing_07-2020Sep29shuffle1_100000filtered,Control,"Sanguino-Gomez and Krugers, 2024",1,23,44,11250,2672,0.39111111111111108,0.28964769647696481,"Yes, all 82 manuscript-cohort videos"
62.5,Animal_62_5DLC_resnet50_Freezing_07-2020Sep29shuffle1_100000filtered,Control,"Sanguino-Gomez and Krugers, 2024",1,23,12,11250,2672,0.1066666666666667,0.28964769647696481,"Yes, all 82 manuscript-cohort videos"
68.1,Animal_68_1DLC_resnet50_Freezing_07-2020Sep29shuffle1_100000filtered,Control,"Sanguino-Gomez and Krugers, 2024",1,23,21,11250,2672,0.1866666666666667,0.28964769647696481,"Yes, all 82 manuscript-cohort videos"
74.1,Animal_74_1DLC_resnet50_Freezing_07-2020Sep29shuffle1_100000filtered,Control,"Sanguino-Gomez and Krugers, 2024",1,23,48,11250,2672,0.42666666666666669,0.28964769647696481,"Yes, all 82 manuscript-cohort videos"
80.3,Animal_80_3DLC_resnet50_Freezing_07-2020Sep29shuffle1_100000filtered,Control,"Sanguino-Gomez and Krugers, 2024",1,23,92,11250,2672,0.81777777777777783,0.28964769647696481,"Yes, all 82 manuscript-cohort videos"
15.4,Animal 15_4DLC_resnet50_Freezing_07-2020Sep29shuffle1_100000filtered,ELS,"Sanguino-Gomez and Krugers, 2024",1,23,11,11250,2672,9.7777777777777769E-2,0.28964769647696481,"Yes, all 82 manuscript-cohort videos"
15.6,Animal 15_6DLC_resnet50_Freezing_07-2020Sep29shuffle1_100000filtered,ELS,"Sanguino-Gomez and Krugers, 2024",1,23,61,11250,2672,0.54222222222222227,0.28964769647696481,"Yes, all 82 manuscript-cohort videos"
2.4,Animal 2_4DLC_resnet50_Freezing_07-2020Sep29shuffle1_100000filtered,ELS,"Sanguino-Gomez and Krugers, 2024",1,23,19,11250,2672,0.16888888888888889,0.28964769647696481,"Yes, all 82 manuscript-cohort videos"
23.4,Animal 23_4DLC_resnet50_Freezing_07-2020Sep29shuffle1_100000filtered,ELS,"Sanguino-Gomez and Krugers, 2024",1,23,17,11250,2672,0.15111111111111111,0.28964769647696481,"Yes, all 82 manuscript-cohort videos"
25.1,Animal 25_1DLC_resnet50_Freezing_07-2020Sep29shuffle1_100000filtered,ELS,"Sanguino-Gomez and Krugers, 2024",1,23,10,11250,2672,8.8888888888888892E-2,0.28964769647696481,"Yes, all 82 manuscript-cohort videos"
26.4,Animal 26_4DLC_resnet50_Freezing_07-2020Sep29shuffle1_100000filtered,ELS,"Sanguino-Gomez and Krugers, 2024",1,23,27,11250,2672,0.24,0.28964769647696481,"Yes, all 82 manuscript-cohort videos"
32.2,Animal 32_2DLC_resnet50_Freezing_07-2020Sep29shuffle1_100000filtered,ELS,"Sanguino-Gomez and Krugers, 2024",1,23,46,11250,2672,0.40888888888888891,0.28964769647696481,"Yes, all 82 manuscript-cohort videos"
32.4,Animal 32_4DLC_resnet50_Freezing_07-2020Sep29shuffle1_100000filtered,ELS,"Sanguino-Gomez and Krugers, 2024",1,23,28,11250,2672,0.24888888888888891,0.28964769647696481,"Yes, all 82 manuscript-cohort videos"
43.3,Animal_43_3DLC_resnet50_Freezing_07-2020Sep29shuffle1_100000filtered,ELS,"Sanguino-Gomez and Krugers, 2024",1,23,21,11250,2672,0.1866666666666667,0.28964769647696481,"Yes, all 82 manuscript-cohort videos"
43.5,Animal_43_5DLC_resnet50_Freezing_07-2020Sep29shuffle1_100000filtered,ELS,"Sanguino-Gomez and Krugers, 2024",1,23,21,11250,2672,0.1866666666666667,0.28964769647696481,"Yes, all 82 manuscript-cohort videos"
49.5,Animal_49_5DLC_resnet50_Freezing_07-2020Sep29shuffle1_100000filtered,ELS,"Sanguino-Gomez and Krugers, 2024",1,23,16,11250,2672,0.14222222222222219,0.28964769647696481,"Yes, all 82 manuscript-cohort videos"
49.6,Animal_49_6DLC_resnet50_Freezing_07-2020Sep29shuffle1_100000filtered,ELS,"Sanguino-Gomez and Krugers, 2024",1,23,40,11250,2672,0.35555555555555562,0.28964769647696481,"Yes, all 82 manuscript-cohort videos"
55.3,Animal_55_3DLC_resnet50_Freezing_07-2020Sep29shuffle1_100000filtered,ELS,"Sanguino-Gomez and Krugers, 2024",1,23,39,11250,2672,0.34666666666666668,0.28964769647696481,"Yes, all 82 manuscript-cohort videos"
55.5,Animal_55_5DLC_resnet50_Freezing_07-2020Sep29shuffle1_100000filtered,ELS,"Sanguino-Gomez and Krugers, 2024",1,23,22,11250,2672,0.19555555555555551,0.28964769647696481,"Yes, all 82 manuscript-cohort videos"
56.3,Animal_56_3DLC_resnet50_Freezing_07-2020Sep29shuffle1_100000filtered,ELS,"Sanguino-Gomez and Krugers, 2024",1,23,19,11250,2672,0.16888888888888889,0.28964769647696481,"Yes, all 82 manuscript-cohort videos"
63.3,Animal_63_3DLC_resnet50_Freezing_07-2020Sep29shuffle1_100000filtered,ELS,"Sanguino-Gomez and Krugers, 2024",1,23,8,11250,2672,7.1111111111111111E-2,0.28964769647696481,"Yes, all 82 manuscript-cohort videos"
69.1,Animal_69_1DLC_resnet50_Freezing_07-2020Sep29shuffle1_100000filtered,ELS,"Sanguino-Gomez and Krugers, 2024",1,23,40,11250,2672,0.35555555555555562,0.28964769647696481,"Yes, all 82 manuscript-cohort videos"
69.2,Animal_69_2DLC_resnet50_Freezing_07-2020Sep29shuffle1_100000filtered,ELS,"Sanguino-Gomez and Krugers, 2024",1,23,50,11250,2672,0.44444444444444442,0.28964769647696481,"Yes, all 82 manuscript-cohort videos"
69.3,Animal_69_3DLC_resnet50_Freezing_07-2020Sep29shuffle1_100000filtered,ELS,"Sanguino-Gomez and Krugers, 2024",1,23,7,11250,2672,6.2222222222222227E-2,0.28964769647696481,"Yes, all 82 manuscript-cohort videos"
69.5,Animal_69_5DLC_resnet50_Freezing_07-2020Sep29shuffle1_100000filtered,ELS,"Sanguino-Gomez and Krugers, 2024",1,23,23,11250,2672,0.20444444444444451,0.28964769647696481,"Yes, all 82 manuscript-cohort videos"
73.4,Animal_73_4DLC_resnet50_Freezing_07-2020Sep29shuffle1_100000filtered,ELS,"Sanguino-Gomez and Krugers, 2024",1,23,51,11250,2672,0.45333333333333342,0.28964769647696481,"Yes, all 82 manuscript-cohort videos"
75.1,Animal_75_1DLC_resnet50_Freezing_07-2020Sep29shuffle1_100000filtered,ELS,"Sanguino-Gomez and Krugers, 2024",1,23,15,11250,2672,0.1333333333333333,0.28964769647696481,"Yes, all 82 manuscript-cohort videos"
88.3,Animal_88_3DLC_resnet50_Freezing_07-2020Sep29shuffle1_100000filtered,ELS,"Sanguino-Gomez and Krugers, 2024",1,23,39,11250,2672,0.34666666666666668,0.28964769647696481,"Yes, all 82 manuscript-cohort videos"
129.1,Animal_129_1DLC_resnet50_Freezing_07-2020Sep29shuffle1_100000filtered,Control,"Sanguino-Gomez et al., 2024",3,23,7,11250,2672,6.2222222222222227E-2,0.28964769647696481,"Yes, all 82 manuscript-cohort videos"
129.4,Animal_129_4DLC_resnet50_Freezing_07-2020Sep29shuffle1_100000filtered,Control,"Sanguino-Gomez et al., 2024",3,23,65,11250,2672,0.57777777777777772,0.28964769647696481,"Yes, all 82 manuscript-cohort videos"
136.2,Animal_136_2DLC_resnet50_Freezing_07-2020Sep29shuffle1_100000filtered,Control,"Sanguino-Gomez et al., 2024",3,23,8,11250,2672,7.1111111111111111E-2,0.28964769647696481,"Yes, all 82 manuscript-cohort videos"
137.3,Animal_137_3DLC_resnet50_Freezing_07-2020Sep29shuffle1_100000filtered,Control,"Sanguino-Gomez et al., 2024",3,23,8,11250,2672,7.1111111111111111E-2,0.28964769647696481,"Yes, all 82 manuscript-cohort videos"
145.5,Animal_145_5DLC_resnet50_Freezing_07-2020Sep29shuffle1_100000filtered,Control,"Sanguino-Gomez et al., 2024",3,23,26,11250,2672,0.2311111111111111,0.28964769647696481,"Yes, all 82 manuscript-cohort videos"
146.6,Animal_146_6DLC_resnet50_Freezing_07-2020Sep29shuffle1_100000filtered,Control,"Sanguino-Gomez et al., 2024",3,23,50,11250,2672,0.44444444444444442,0.28964769647696481,"Yes, all 82 manuscript-cohort videos"
147.4,Animal_147_4DLC_resnet50_Freezing_07-2020Sep29shuffle1_100000filtered,Control,"Sanguino-Gomez et al., 2024",3,23,66,11250,2672,0.58666666666666667,0.28964769647696481,"Yes, all 82 manuscript-cohort videos"
152.3,Animal_152_3DLC_resnet50_Freezing_07-2020Sep29shuffle1_100000filtered,Control,"Sanguino-Gomez et al., 2024",3,23,93,11250,2672,0.82666666666666666,0.28964769647696481,"Yes, all 82 manuscript-cohort videos"
152.5,Animal_152_5DLC_resnet50_Freezing_07-2020Sep29shuffle1_100000filtered,Control,"Sanguino-Gomez et al., 2024",3,23,56,11250,2672,0.49777777777777782,0.28964769647696481,"Yes, all 82 manuscript-cohort videos"
157.1,Animal_157_1DLC_resnet50_Freezing_07-2020Sep29shuffle1_100000filtered,Control,"Sanguino-Gomez et al., 2024",3,23,10,11250,2672,8.8888888888888892E-2,0.28964769647696481,"Yes, all 82 manuscript-cohort videos"
157.4,Animal_157_4DLC_resnet50_Freezing_07-2020Sep29shuffle1_100000filtered,Control,"Sanguino-Gomez et al., 2024",3,23,42,11250,2672,0.37333333333333341,0.28964769647696481,"Yes, all 82 manuscript-cohort videos"
158.5,Animal_158_5DLC_resnet50_Freezing_07-2020Sep29shuffle1_100000filtered,Control,"Sanguino-Gomez et al., 2024",3,23,56,11250,2672,0.49777777777777782,0.28964769647696481,"Yes, all 82 manuscript-cohort videos"
161.1,Animal_161_1DLC_resnet50_Freezing_07-2020Sep29shuffle1_100000filtered,Control,"Sanguino-Gomez et al., 2024",3,23,91,11250,2672,0.80888888888888888,0.28964769647696481,"Yes, all 82 manuscript-cohort videos"
161.3,Animal_161_3DLC_resnet50_Freezing_07-2020Sep29shuffle1_100000filtered,Control,"Sanguino-Gomez et al., 2024",3,23,60,11250,2672,0.53333333333333333,0.28964769647696481,"Yes, all 82 manuscript-cohort videos"
123.3,Animal_123_3DLC_resnet50_Freezing_07-2020Sep29shuffle1_100000filtered,ELS,"Sanguino-Gomez et al., 2024",3,23,55,11250,2672,0.48888888888888887,0.28964769647696481,"Yes, all 82 manuscript-cohort videos"
128.4,Animal_128_4DLC_resnet50_Freezing_07-2020Sep29shuffle1_100000filtered,ELS,"Sanguino-Gomez et al., 2024",3,23,16,11250,2672,0.14222222222222219,0.28964769647696481,"Yes, all 82 manuscript-cohort videos"
133.3,Animal_133_3DLC_resnet50_Freezing_07-2020Sep29shuffle1_100000filtered,ELS,"Sanguino-Gomez et al., 2024",3,23,79,11250,2672,0.70222222222222219,0.28964769647696481,"Yes, all 82 manuscript-cohort videos"
134.2,Animal_134_2DLC_resnet50_Freezing_07-2020Sep29shuffle1_100000filtered,ELS,"Sanguino-Gomez et al., 2024",3,23,58,11250,2672,0.51555555555555554,0.28964769647696481,"Yes, all 82 manuscript-cohort videos"
134.4,Animal_134_4DLC_resnet50_Freezing_07-2020Sep29shuffle1_100000filtered,ELS,"Sanguino-Gomez et al., 2024",3,23,58,11250,2672,0.51555555555555554,0.28964769647696481,"Yes, all 82 manuscript-cohort videos"
144.3,Animal_144_3DLC_resnet50_Freezing_07-2020Sep29shuffle1_100000filtered,ELS,"Sanguino-Gomez et al., 2024",3,23,60,11250,2672,0.53333333333333333,0.28964769647696481,"Yes, all 82 manuscript-cohort videos"
148.4,Animal_148_4DLC_resnet50_Freezing_07-2020Sep29shuffle1_100000filtered,ELS,"Sanguino-Gomez et al., 2024",3,23,23,11250,2672,0.20444444444444451,0.28964769647696481,"Yes, all 82 manuscript-cohort videos"
150.3,Animal_150_3DLC_resnet50_Freezing_07-2020Sep29shuffle1_100000filtered,ELS,"Sanguino-Gomez et al., 2024",3,23,10,11250,2672,8.8888888888888892E-2,0.28964769647696481,"Yes, all 82 manuscript-cohort videos"
150.5,Animal_150_5DLC_resnet50_Freezing_07-2020Sep29shuffle1_100000filtered,ELS,"Sanguino-Gomez et al., 2024",3,23,20,11250,2672,0.17777777777777781,0.28964769647696481,"Yes, all 82 manuscript-cohort videos"
153.4,Animal_153_4DLC_resnet50_Freezing_07-2020Sep29shuffle1_100000filtered,ELS,"Sanguino-Gomez et al., 2024",3,23,90,11250,2672,0.8,0.28964769647696481,"Yes, all 82 manuscript-cohort videos"
154.4,Animal_154_4DLC_resnet50_Freezing_07-2020Sep29shuffle1_100000filtered,ELS,"Sanguino-Gomez et al., 2024",3,23,79,11250,2672,0.70222222222222219,0.28964769647696481,"Yes, all 82 manuscript-cohort videos"
159.5,Animal_159_5DLC_resnet50_Freezing_07-2020Sep29shuffle1_100000filtered,ELS,"Sanguino-Gomez et al., 2024",3,23,30,11250,2672,0.26666666666666672,0.28964769647696481,"Yes, all 82 manuscript-cohort videos"
11.4,Animal 11_4DLC_resnet50_Freezing_07-2020Sep29shuffle1_100000filtered,Control,"Sanguino-Gomez and Krugers, 2024",1,24,28,11250,448,0.24888888888888891,4.8563685636856369E-2,"Yes, all 82 manuscript-cohort videos"
11.6,Animal 11_6DLC_resnet50_Freezing_07-2020Sep29shuffle1_100000filtered,Control,"Sanguino-Gomez and Krugers, 2024",1,24,10,11250,448,8.8888888888888892E-2,4.8563685636856369E-2,"Yes, all 82 manuscript-cohort videos"
34.4,Animal 34_4DLC_resnet50_Freezing_07-2020Sep29shuffle1_100000filtered,Control,"Sanguino-Gomez and Krugers, 2024",1,24,4,11250,448,3.5555555555555562E-2,4.8563685636856369E-2,"Yes, all 82 manuscript-cohort videos"
34.5,Animal 34_5DLC_resnet50_Freezing_07-2020Sep29shuffle1_100000filtered,Control,"Sanguino-Gomez and Krugers, 2024",1,24,1,11250,448,8.8888888888888889E-3,4.8563685636856369E-2,"Yes, all 82 manuscript-cohort videos"
40.4,Animal_40_4DLC_resnet50_Freezing_07-2020Sep29shuffle1_100000filtered,Control,"Sanguino-Gomez and Krugers, 2024",1,24,19,11250,448,0.16888888888888889,4.8563685636856369E-2,"Yes, all 82 manuscript-cohort videos"
40.6,Animal_40_6DLC_resnet50_Freezing_07-2020Sep29shuffle1_100000filtered,Control,"Sanguino-Gomez and Krugers, 2024",1,24,5,11250,448,4.4444444444444453E-2,4.8563685636856369E-2,"Yes, all 82 manuscript-cohort videos"
41.4,Animal_41_4DLC_resnet50_Freezing_07-2020Sep29shuffle1_100000filtered,Control,"Sanguino-Gomez and Krugers, 2024",1,24,7,11250,448,6.2222222222222227E-2,4.8563685636856369E-2,"Yes, all 82 manuscript-cohort videos"
41.5,Animal_41_5DLC_resnet50_Freezing_07-2020Sep29shuffle1_100000filtered,Control,"Sanguino-Gomez and Krugers, 2024",1,24,2,11250,448,1.7777777777777781E-2,4.8563685636856369E-2,"Yes, all 82 manuscript-cohort videos"
41.6,Animal_41_6DLC_resnet50_Freezing_07-2020Sep29shuffle1_100000filtered,Control,"Sanguino-Gomez and Krugers, 2024",1,24,5,11250,448,4.4444444444444453E-2,4.8563685636856369E-2,"Yes, all 82 manuscript-cohort videos"
47.5,Animal_47_5DLC_resnet50_Freezing_07-2020Sep29shuffle1_100000filtered,Control,"Sanguino-Gomez and Krugers, 2024",1,24,6,11250,448,5.3333333333333337E-2,4.8563685636856369E-2,"Yes, all 82 manuscript-cohort videos"
5.4,Animal 5_4DLC_resnet50_Freezing_07-2020Sep29shuffle1_100000filtered,Control,"Sanguino-Gomez and Krugers, 2024",1,24,27,11250,448,0.24,4.8563685636856369E-2,"Yes, all 82 manuscript-cohort videos"
53.5,Animal_53_5DLC_resnet50_Freezing_07-2020Sep29shuffle1_100000filtered,Control,"Sanguino-Gomez and Krugers, 2024",1,24,6,11250,448,5.3333333333333337E-2,4.8563685636856369E-2,"Yes, all 82 manuscript-cohort videos"
54.3,Animal_54_3DLC_resnet50_Freezing_07-2020Sep29shuffle1_100000filtered,Control,"Sanguino-Gomez and Krugers, 2024",1,24,20,11250,448,0.17777777777777781,4.8563685636856369E-2,"Yes, all 82 manuscript-cohort videos"
54.6,Animal_54_6DLC_resnet50_Freezing_07-2020Sep29shuffle1_100000filtered,Control,"Sanguino-Gomez and Krugers, 2024",1,24,1,11250,448,8.8888888888888889E-3,4.8563685636856369E-2,"Yes, all 82 manuscript-cohort videos"
58.5,Animal_58_5DLC_resnet50_Freezing_07-2020Sep29shuffle1_100000filtered,Control,"Sanguino-Gomez and Krugers, 2024",1,24,5,11250,448,4.4444444444444453E-2,4.8563685636856369E-2,"Yes, all 82 manuscript-cohort videos"
62.1,Animal_62_1DLC_resnet50_Freezing_07-2020Sep29shuffle1_100000filtered,Control,"Sanguino-Gomez and Krugers, 2024",1,24,10,11250,448,8.8888888888888892E-2,4.8563685636856369E-2,"Yes, all 82 manuscript-cohort videos"
62.2,Animal_62_2DLC_resnet50_Freezing_07-2020Sep29shuffle1_100000filtered,Control,"Sanguino-Gomez and Krugers, 2024",1,24,3,11250,448,2.6666666666666668E-2,4.8563685636856369E-2,"Yes, all 82 manuscript-cohort videos"
62.3,Animal_62_3DLC_resnet50_Freezing_07-2020Sep29shuffle1_100000filtered,Control,"Sanguino-Gomez and Krugers, 2024",1,24,8,11250,448,7.1111111111111111E-2,4.8563685636856369E-2,"Yes, all 82 manuscript-cohort videos"
62.4,Animal_62_4DLC_resnet50_Freezing_07-2020Sep29shuffle1_100000filtered,Control,"Sanguino-Gomez and Krugers, 2024",1,24,3,11250,448,2.6666666666666668E-2,4.8563685636856369E-2,"Yes, all 82 manuscript-cohort videos"
15.4,Animal 15_4DLC_resnet50_Freezing_07-2020Sep29shuffle1_100000filtered,ELS,"Sanguino-Gomez and Krugers, 2024",1,24,11,11250,448,9.7777777777777769E-2,4.8563685636856369E-2,"Yes, all 82 manuscript-cohort videos"
15.6,Animal 15_6DLC_resnet50_Freezing_07-2020Sep29shuffle1_100000filtered,ELS,"Sanguino-Gomez and Krugers, 2024",1,24,22,11250,448,0.19555555555555551,4.8563685636856369E-2,"Yes, all 82 manuscript-cohort videos"
2.4,Animal 2_4DLC_resnet50_Freezing_07-2020Sep29shuffle1_100000filtered,ELS,"Sanguino-Gomez and Krugers, 2024",1,24,36,11250,448,0.32,4.8563685636856369E-2,"Yes, all 82 manuscript-cohort videos"
23.4,Animal 23_4DLC_resnet50_Freezing_07-2020Sep29shuffle1_100000filtered,ELS,"Sanguino-Gomez and Krugers, 2024",1,24,8,11250,448,7.1111111111111111E-2,4.8563685636856369E-2,"Yes, all 82 manuscript-cohort videos"
25.1,Animal 25_1DLC_resnet50_Freezing_07-2020Sep29shuffle1_100000filtered,ELS,"Sanguino-Gomez and Krugers, 2024",1,24,6,11250,448,5.3333333333333337E-2,4.8563685636856369E-2,"Yes, all 82 manuscript-cohort videos"
32.2,Animal 32_2DLC_resnet50_Freezing_07-2020Sep29shuffle1_100000filtered,ELS,"Sanguino-Gomez and Krugers, 2024",1,24,62,11250,448,0.55111111111111111,4.8563685636856369E-2,"Yes, all 82 manuscript-cohort videos"
32.4,Animal 32_4DLC_resnet50_Freezing_07-2020Sep29shuffle1_100000filtered,ELS,"Sanguino-Gomez and Krugers, 2024",1,24,21,11250,448,0.1866666666666667,4.8563685636856369E-2,"Yes, all 82 manuscript-cohort videos"
43.3,Animal_43_3DLC_resnet50_Freezing_07-2020Sep29shuffle1_100000filtered,ELS,"Sanguino-Gomez and Krugers, 2024",1,24,5,11250,448,4.4444444444444453E-2,4.8563685636856369E-2,"Yes, all 82 manuscript-cohort videos"
49.5,Animal_49_5DLC_resnet50_Freezing_07-2020Sep29shuffle1_100000filtered,ELS,"Sanguino-Gomez and Krugers, 2024",1,24,8,11250,448,7.1111111111111111E-2,4.8563685636856369E-2,"Yes, all 82 manuscript-cohort videos"
49.6,Animal_49_6DLC_resnet50_Freezing_07-2020Sep29shuffle1_100000filtered,ELS,"Sanguino-Gomez and Krugers, 2024",1,24,4,11250,448,3.5555555555555562E-2,4.8563685636856369E-2,"Yes, all 82 manuscript-cohort videos"
55.3,Animal_55_3DLC_resnet50_Freezing_07-2020Sep29shuffle1_100000filtered,ELS,"Sanguino-Gomez and Krugers, 2024",1,24,4,11250,448,3.5555555555555562E-2,4.8563685636856369E-2,"Yes, all 82 manuscript-cohort videos"
55.5,Animal_55_5DLC_resnet50_Freezing_07-2020Sep29shuffle1_100000filtered,ELS,"Sanguino-Gomez and Krugers, 2024",1,24,1,11250,448,8.8888888888888889E-3,4.8563685636856369E-2,"Yes, all 82 manuscript-cohort videos"
69.2,Animal_69_2DLC_resnet50_Freezing_07-2020Sep29shuffle1_100000filtered,ELS,"Sanguino-Gomez and Krugers, 2024",1,24,12,11250,448,0.1066666666666667,4.8563685636856369E-2,"Yes, all 82 manuscript-cohort videos"
69.3,Animal_69_3DLC_resnet50_Freezing_07-2020Sep29shuffle1_100000filtered,ELS,"Sanguino-Gomez and Krugers, 2024",1,24,5,11250,448,4.4444444444444453E-2,4.8563685636856369E-2,"Yes, all 82 manuscript-cohort videos"
69.5,Animal_69_5DLC_resnet50_Freezing_07-2020Sep29shuffle1_100000filtered,ELS,"Sanguino-Gomez and Krugers, 2024",1,24,3,11250,448,2.6666666666666668E-2,4.8563685636856369E-2,"Yes, all 82 manuscript-cohort videos"
73.4,Animal_73_4DLC_resnet50_Freezing_07-2020Sep29shuffle1_100000filtered,ELS,"Sanguino-Gomez and Krugers, 2024",1,24,4,11250,448,3.5555555555555562E-2,4.8563685636856369E-2,"Yes, all 82 manuscript-cohort videos"
75.1,Animal_75_1DLC_resnet50_Freezing_07-2020Sep29shuffle1_100000filtered,ELS,"Sanguino-Gomez and Krugers, 2024",1,24,2,11250,448,1.7777777777777781E-2,4.8563685636856369E-2,"Yes, all 82 manuscript-cohort videos"
88.3,Animal_88_3DLC_resnet50_Freezing_07-2020Sep29shuffle1_100000filtered,ELS,"Sanguino-Gomez and Krugers, 2024",1,24,6,11250,448,5.3333333333333337E-2,4.8563685636856369E-2,"Yes, all 82 manuscript-cohort videos"
146.6,Animal_146_6DLC_resnet50_Freezing_07-2020Sep29shuffle1_100000filtered,Control,"Sanguino-Gomez et al., 2024",3,24,3,11250,448,2.6666666666666668E-2,4.8563685636856369E-2,"Yes, all 82 manuscript-cohort videos"
147.4,Animal_147_4DLC_resnet50_Freezing_07-2020Sep29shuffle1_100000filtered,Control,"Sanguino-Gomez et al., 2024",3,24,20,11250,448,0.17777777777777781,4.8563685636856369E-2,"Yes, all 82 manuscript-cohort videos"
152.5,Animal_152_5DLC_resnet50_Freezing_07-2020Sep29shuffle1_100000filtered,Control,"Sanguino-Gomez et al., 2024",3,24,5,11250,448,4.4444444444444453E-2,4.8563685636856369E-2,"Yes, all 82 manuscript-cohort videos"
157.4,Animal_157_4DLC_resnet50_Freezing_07-2020Sep29shuffle1_100000filtered,Control,"Sanguino-Gomez et al., 2024",3,24,8,11250,448,7.1111111111111111E-2,4.8563685636856369E-2,"Yes, all 82 manuscript-cohort videos"
158.5,Animal_158_5DLC_resnet50_Freezing_07-2020Sep29shuffle1_100000filtered,Control,"Sanguino-Gomez et al., 2024",3,24,7,11250,448,6.2222222222222227E-2,4.8563685636856369E-2,"Yes, all 82 manuscript-cohort videos"
123.1,Animal_123_1DLC_resnet50_Freezing_07-2020Sep29shuffle1_100000filtered,ELS,"Sanguino-Gomez et al., 2024",3,24,2,11250,448,1.7777777777777781E-2,4.8563685636856369E-2,"Yes, all 82 manuscript-cohort videos"
123.3,Animal_123_3DLC_resnet50_Freezing_07-2020Sep29shuffle1_100000filtered,ELS,"Sanguino-Gomez et al., 2024",3,24,4,11250,448,3.5555555555555562E-2,4.8563685636856369E-2,"Yes, all 82 manuscript-cohort videos"
134.2,Animal_134_2DLC_resnet50_Freezing_07-2020Sep29shuffle1_100000filtered,ELS,"Sanguino-Gomez et al., 2024",3,24,3,11250,448,2.6666666666666668E-2,4.8563685636856369E-2,"Yes, all 82 manuscript-cohort videos"
134.4,Animal_134_4DLC_resnet50_Freezing_07-2020Sep29shuffle1_100000filtered,ELS,"Sanguino-Gomez et al., 2024",3,24,2,11250,448,1.7777777777777781E-2,4.8563685636856369E-2,"Yes, all 82 manuscript-cohort videos"
144.5,Animal_144_5DLC_resnet50_Freezing_07-2020Sep29shuffle1_100000filtered,ELS,"Sanguino-Gomez et al., 2024",3,24,2,11250,448,1.7777777777777781E-2,4.8563685636856369E-2,"Yes, all 82 manuscript-cohort videos"
150.3,Animal_150_3DLC_resnet50_Freezing_07-2020Sep29shuffle1_100000filtered,ELS,"Sanguino-Gomez et al., 2024",3,24,1,11250,448,8.8888888888888889E-3,4.8563685636856369E-2,"Yes, all 82 manuscript-cohort videos"
153.4,Animal_153_4DLC_resnet50_Freezing_07-2020Sep29shuffle1_100000filtered,ELS,"Sanguino-Gomez et al., 2024",3,24,1,11250,448,8.8888888888888889E-3,4.8563685636856369E-2,"Yes, all 82 manuscript-cohort videos"
11.4,Animal 11_4DLC_resnet50_Freezing_07-2020Sep29shuffle1_100000filtered,Control,"Sanguino-Gomez and Krugers, 2024",1,25,84,11250,6378,0.7466666666666667,0.69138211382113823,"Yes, all 82 manuscript-cohort videos"
11.6,Animal 11_6DLC_resnet50_Freezing_07-2020Sep29shuffle1_100000filtered,Control,"Sanguino-Gomez and Krugers, 2024",1,25,18,11250,6378,0.16,0.69138211382113823,"Yes, all 82 manuscript-cohort videos"
34.4,Animal 34_4DLC_resnet50_Freezing_07-2020Sep29shuffle1_100000filtered,Control,"Sanguino-Gomez and Krugers, 2024",1,25,182,11250,6378,1.617777777777778,0.69138211382113823,"Yes, all 82 manuscript-cohort videos"
34.5,Animal 34_5DLC_resnet50_Freezing_07-2020Sep29shuffle1_100000filtered,Control,"Sanguino-Gomez and Krugers, 2024",1,25,180,11250,6378,1.6,0.69138211382113823,"Yes, all 82 manuscript-cohort videos"
40.4,Animal_40_4DLC_resnet50_Freezing_07-2020Sep29shuffle1_100000filtered,Control,"Sanguino-Gomez and Krugers, 2024",1,25,42,11250,6378,0.37333333333333341,0.69138211382113823,"Yes, all 82 manuscript-cohort videos"
40.6,Animal_40_6DLC_resnet50_Freezing_07-2020Sep29shuffle1_100000filtered,Control,"Sanguino-Gomez and Krugers, 2024",1,25,153,11250,6378,1.36,0.69138211382113823,"Yes, all 82 manuscript-cohort videos"
41.4,Animal_41_4DLC_resnet50_Freezing_07-2020Sep29shuffle1_100000filtered,Control,"Sanguino-Gomez and Krugers, 2024",1,25,33,11250,6378,0.29333333333333328,0.69138211382113823,"Yes, all 82 manuscript-cohort videos"
41.5,Animal_41_5DLC_resnet50_Freezing_07-2020Sep29shuffle1_100000filtered,Control,"Sanguino-Gomez and Krugers, 2024",1,25,225,11250,6378,2,0.69138211382113823,"Yes, all 82 manuscript-cohort videos"
41.6,Animal_41_6DLC_resnet50_Freezing_07-2020Sep29shuffle1_100000filtered,Control,"Sanguino-Gomez and Krugers, 2024",1,25,176,11250,6378,1.5644444444444441,0.69138211382113823,"Yes, all 82 manuscript-cohort videos"
47.5,Animal_47_5DLC_resnet50_Freezing_07-2020Sep29shuffle1_100000filtered,Control,"Sanguino-Gomez and Krugers, 2024",1,25,211,11250,6378,1.8755555555555561,0.69138211382113823,"Yes, all 82 manuscript-cohort videos"
5.4,Animal 5_4DLC_resnet50_Freezing_07-2020Sep29shuffle1_100000filtered,Control,"Sanguino-Gomez and Krugers, 2024",1,25,44,11250,6378,0.39111111111111108,0.69138211382113823,"Yes, all 82 manuscript-cohort videos"
50.5,Animal_50_5DLC_resnet50_Freezing_07-2020Sep29shuffle1_100000filtered,Control,"Sanguino-Gomez and Krugers, 2024",1,25,9,11250,6378,0.08,0.69138211382113823,"Yes, all 82 manuscript-cohort videos"
53.5,Animal_53_5DLC_resnet50_Freezing_07-2020Sep29shuffle1_100000filtered,Control,"Sanguino-Gomez and Krugers, 2024",1,25,135,11250,6378,1.2,0.69138211382113823,"Yes, all 82 manuscript-cohort videos"
54.3,Animal_54_3DLC_resnet50_Freezing_07-2020Sep29shuffle1_100000filtered,Control,"Sanguino-Gomez and Krugers, 2024",1,25,132,11250,6378,1.1733333333333329,0.69138211382113823,"Yes, all 82 manuscript-cohort videos"
54.6,Animal_54_6DLC_resnet50_Freezing_07-2020Sep29shuffle1_100000filtered,Control,"Sanguino-Gomez and Krugers, 2024",1,25,42,11250,6378,0.37333333333333341,0.69138211382113823,"Yes, all 82 manuscript-cohort videos"
58.5,Animal_58_5DLC_resnet50_Freezing_07-2020Sep29shuffle1_100000filtered,Control,"Sanguino-Gomez and Krugers, 2024",1,25,109,11250,6378,0.96888888888888891,0.69138211382113823,"Yes, all 82 manuscript-cohort videos"
62.1,Animal_62_1DLC_resnet50_Freezing_07-2020Sep29shuffle1_100000filtered,Control,"Sanguino-Gomez and Krugers, 2024",1,25,88,11250,6378,0.78222222222222215,0.69138211382113823,"Yes, all 82 manuscript-cohort videos"
62.2,Animal_62_2DLC_resnet50_Freezing_07-2020Sep29shuffle1_100000filtered,Control,"Sanguino-Gomez and Krugers, 2024",1,25,86,11250,6378,0.76444444444444437,0.69138211382113823,"Yes, all 82 manuscript-cohort videos"
62.3,Animal_62_3DLC_resnet50_Freezing_07-2020Sep29shuffle1_100000filtered,Control,"Sanguino-Gomez and Krugers, 2024",1,25,41,11250,6378,0.36444444444444452,0.69138211382113823,"Yes, all 82 manuscript-cohort videos"
62.4,Animal_62_4DLC_resnet50_Freezing_07-2020Sep29shuffle1_100000filtered,Control,"Sanguino-Gomez and Krugers, 2024",1,25,40,11250,6378,0.35555555555555562,0.69138211382113823,"Yes, all 82 manuscript-cohort videos"
62.5,Animal_62_5DLC_resnet50_Freezing_07-2020Sep29shuffle1_100000filtered,Control,"Sanguino-Gomez and Krugers, 2024",1,25,212,11250,6378,1.884444444444445,0.69138211382113823,"Yes, all 82 manuscript-cohort videos"
68.1,Animal_68_1DLC_resnet50_Freezing_07-2020Sep29shuffle1_100000filtered,Control,"Sanguino-Gomez and Krugers, 2024",1,25,30,11250,6378,0.26666666666666672,0.69138211382113823,"Yes, all 82 manuscript-cohort videos"
74.1,Animal_74_1DLC_resnet50_Freezing_07-2020Sep29shuffle1_100000filtered,Control,"Sanguino-Gomez and Krugers, 2024",1,25,73,11250,6378,0.64888888888888885,0.69138211382113823,"Yes, all 82 manuscript-cohort videos"
80.3,Animal_80_3DLC_resnet50_Freezing_07-2020Sep29shuffle1_100000filtered,Control,"Sanguino-Gomez and Krugers, 2024",1,25,28,11250,6378,0.24888888888888891,0.69138211382113823,"Yes, all 82 manuscript-cohort videos"
15.4,Animal 15_4DLC_resnet50_Freezing_07-2020Sep29shuffle1_100000filtered,ELS,"Sanguino-Gomez and Krugers, 2024",1,25,113,11250,6378,1.004444444444444,0.69138211382113823,"Yes, all 82 manuscript-cohort videos"
15.6,Animal 15_6DLC_resnet50_Freezing_07-2020Sep29shuffle1_100000filtered,ELS,"Sanguino-Gomez and Krugers, 2024",1,25,22,11250,6378,0.19555555555555551,0.69138211382113823,"Yes, all 82 manuscript-cohort videos"
2.4,Animal 2_4DLC_resnet50_Freezing_07-2020Sep29shuffle1_100000filtered,ELS,"Sanguino-Gomez and Krugers, 2024",1,25,36,11250,6378,0.32,0.69138211382113823,"Yes, all 82 manuscript-cohort videos"
23.4,Animal 23_4DLC_resnet50_Freezing_07-2020Sep29shuffle1_100000filtered,ELS,"Sanguino-Gomez and Krugers, 2024",1,25,37,11250,6378,0.3288888888888889,0.69138211382113823,"Yes, all 82 manuscript-cohort videos"
25.1,Animal 25_1DLC_resnet50_Freezing_07-2020Sep29shuffle1_100000filtered,ELS,"Sanguino-Gomez and Krugers, 2024",1,25,67,11250,6378,0.59555555555555562,0.69138211382113823,"Yes, all 82 manuscript-cohort videos"
26.4,Animal 26_4DLC_resnet50_Freezing_07-2020Sep29shuffle1_100000filtered,ELS,"Sanguino-Gomez and Krugers, 2024",1,25,33,11250,6378,0.29333333333333328,0.69138211382113823,"Yes, all 82 manuscript-cohort videos"
32.2,Animal 32_2DLC_resnet50_Freezing_07-2020Sep29shuffle1_100000filtered,ELS,"Sanguino-Gomez and Krugers, 2024",1,25,44,11250,6378,0.39111111111111108,0.69138211382113823,"Yes, all 82 manuscript-cohort videos"
32.4,Animal 32_4DLC_resnet50_Freezing_07-2020Sep29shuffle1_100000filtered,ELS,"Sanguino-Gomez and Krugers, 2024",1,25,9,11250,6378,0.08,0.69138211382113823,"Yes, all 82 manuscript-cohort videos"
43.3,Animal_43_3DLC_resnet50_Freezing_07-2020Sep29shuffle1_100000filtered,ELS,"Sanguino-Gomez and Krugers, 2024",1,25,152,11250,6378,1.3511111111111109,0.69138211382113823,"Yes, all 82 manuscript-cohort videos"
43.5,Animal_43_5DLC_resnet50_Freezing_07-2020Sep29shuffle1_100000filtered,ELS,"Sanguino-Gomez and Krugers, 2024",1,25,272,11250,6378,2.4177777777777778,0.69138211382113823,"Yes, all 82 manuscript-cohort videos"
49.5,Animal_49_5DLC_resnet50_Freezing_07-2020Sep29shuffle1_100000filtered,ELS,"Sanguino-Gomez and Krugers, 2024",1,25,145,11250,6378,1.288888888888889,0.69138211382113823,"Yes, all 82 manuscript-cohort videos"
49.6,Animal_49_6DLC_resnet50_Freezing_07-2020Sep29shuffle1_100000filtered,ELS,"Sanguino-Gomez and Krugers, 2024",1,25,22,11250,6378,0.19555555555555551,0.69138211382113823,"Yes, all 82 manuscript-cohort videos"
55.5,Animal_55_5DLC_resnet50_Freezing_07-2020Sep29shuffle1_100000filtered,ELS,"Sanguino-Gomez and Krugers, 2024",1,25,35,11250,6378,0.31111111111111112,0.69138211382113823,"Yes, all 82 manuscript-cohort videos"
56.3,Animal_56_3DLC_resnet50_Freezing_07-2020Sep29shuffle1_100000filtered,ELS,"Sanguino-Gomez and Krugers, 2024",1,25,166,11250,6378,1.475555555555556,0.69138211382113823,"Yes, all 82 manuscript-cohort videos"
63.3,Animal_63_3DLC_resnet50_Freezing_07-2020Sep29shuffle1_100000filtered,ELS,"Sanguino-Gomez and Krugers, 2024",1,25,100,11250,6378,0.88888888888888884,0.69138211382113823,"Yes, all 82 manuscript-cohort videos"
69.1,Animal_69_1DLC_resnet50_Freezing_07-2020Sep29shuffle1_100000filtered,ELS,"Sanguino-Gomez and Krugers, 2024",1,25,122,11250,6378,1.084444444444445,0.69138211382113823,"Yes, all 82 manuscript-cohort videos"
69.2,Animal_69_2DLC_resnet50_Freezing_07-2020Sep29shuffle1_100000filtered,ELS,"Sanguino-Gomez and Krugers, 2024",1,25,35,11250,6378,0.31111111111111112,0.69138211382113823,"Yes, all 82 manuscript-cohort videos"
69.3,Animal_69_3DLC_resnet50_Freezing_07-2020Sep29shuffle1_100000filtered,ELS,"Sanguino-Gomez and Krugers, 2024",1,25,85,11250,6378,0.75555555555555554,0.69138211382113823,"Yes, all 82 manuscript-cohort videos"
73.1,Animal_73_1DLC_resnet50_Freezing_07-2020Sep29shuffle1_100000filtered,ELS,"Sanguino-Gomez and Krugers, 2024",1,25,48,11250,6378,0.42666666666666669,0.69138211382113823,"Yes, all 82 manuscript-cohort videos"
73.4,Animal_73_4DLC_resnet50_Freezing_07-2020Sep29shuffle1_100000filtered,ELS,"Sanguino-Gomez and Krugers, 2024",1,25,7,11250,6378,6.2222222222222227E-2,0.69138211382113823,"Yes, all 82 manuscript-cohort videos"
75.1,Animal_75_1DLC_resnet50_Freezing_07-2020Sep29shuffle1_100000filtered,ELS,"Sanguino-Gomez and Krugers, 2024",1,25,80,11250,6378,0.71111111111111114,0.69138211382113823,"Yes, all 82 manuscript-cohort videos"
88.2,Animal_88_2DLC_resnet50_Freezing_07-2020Sep29shuffle1_100000filtered,ELS,"Sanguino-Gomez and Krugers, 2024",1,25,29,11250,6378,0.25777777777777777,0.69138211382113823,"Yes, all 82 manuscript-cohort videos"
88.3,Animal_88_3DLC_resnet50_Freezing_07-2020Sep29shuffle1_100000filtered,ELS,"Sanguino-Gomez and Krugers, 2024",1,25,204,11250,6378,1.813333333333333,0.69138211382113823,"Yes, all 82 manuscript-cohort videos"
129.1,Animal_129_1DLC_resnet50_Freezing_07-2020Sep29shuffle1_100000filtered,Control,"Sanguino-Gomez et al., 2024",3,25,24,11250,6378,0.21333333333333329,0.69138211382113823,"Yes, all 82 manuscript-cohort videos"
129.4,Animal_129_4DLC_resnet50_Freezing_07-2020Sep29shuffle1_100000filtered,Control,"Sanguino-Gomez et al., 2024",3,25,24,11250,6378,0.21333333333333329,0.69138211382113823,"Yes, all 82 manuscript-cohort videos"
136.2,Animal_136_2DLC_resnet50_Freezing_07-2020Sep29shuffle1_100000filtered,Control,"Sanguino-Gomez et al., 2024",3,25,6,11250,6378,5.3333333333333337E-2,0.69138211382113823,"Yes, all 82 manuscript-cohort videos"
136.3,Animal_136_3DLC_resnet50_Freezing_07-2020Sep29shuffle1_100000filtered,Control,"Sanguino-Gomez et al., 2024",3,25,6,11250,6378,5.3333333333333337E-2,0.69138211382113823,"Yes, all 82 manuscript-cohort videos"
136.5,Animal_136_5DLC_resnet50_Freezing_07-2020Sep29shuffle1_100000filtered,Control,"Sanguino-Gomez et al., 2024",3,25,3,11250,6378,2.6666666666666668E-2,0.69138211382113823,"Yes, all 82 manuscript-cohort videos"
137.3,Animal_137_3DLC_resnet50_Freezing_07-2020Sep29shuffle1_100000filtered,Control,"Sanguino-Gomez et al., 2024",3,25,13,11250,6378,0.11555555555555561,0.69138211382113823,"Yes, all 82 manuscript-cohort videos"
145.5,Animal_145_5DLC_resnet50_Freezing_07-2020Sep29shuffle1_100000filtered,Control,"Sanguino-Gomez et al., 2024",3,25,23,11250,6378,0.20444444444444451,0.69138211382113823,"Yes, all 82 manuscript-cohort videos"
146.6,Animal_146_6DLC_resnet50_Freezing_07-2020Sep29shuffle1_100000filtered,Control,"Sanguino-Gomez et al., 2024",3,25,38,11250,6378,0.33777777777777779,0.69138211382113823,"Yes, all 82 manuscript-cohort videos"
147.4,Animal_147_4DLC_resnet50_Freezing_07-2020Sep29shuffle1_100000filtered,Control,"Sanguino-Gomez et al., 2024",3,25,20,11250,6378,0.17777777777777781,0.69138211382113823,"Yes, all 82 manuscript-cohort videos"
152.3,Animal_152_3DLC_resnet50_Freezing_07-2020Sep29shuffle1_100000filtered,Control,"Sanguino-Gomez et al., 2024",3,25,416,11250,6378,3.6977777777777781,0.69138211382113823,"Yes, all 82 manuscript-cohort videos"
152.5,Animal_152_5DLC_resnet50_Freezing_07-2020Sep29shuffle1_100000filtered,Control,"Sanguino-Gomez et al., 2024",3,25,35,11250,6378,0.31111111111111112,0.69138211382113823,"Yes, all 82 manuscript-cohort videos"
157.1,Animal_157_1DLC_resnet50_Freezing_07-2020Sep29shuffle1_100000filtered,Control,"Sanguino-Gomez et al., 2024",3,25,217,11250,6378,1.9288888888888891,0.69138211382113823,"Yes, all 82 manuscript-cohort videos"
157.4,Animal_157_4DLC_resnet50_Freezing_07-2020Sep29shuffle1_100000filtered,Control,"Sanguino-Gomez et al., 2024",3,25,45,11250,6378,0.4,0.69138211382113823,"Yes, all 82 manuscript-cohort videos"
158.5,Animal_158_5DLC_resnet50_Freezing_07-2020Sep29shuffle1_100000filtered,Control,"Sanguino-Gomez et al., 2024",3,25,81,11250,6378,0.72,0.69138211382113823,"Yes, all 82 manuscript-cohort videos"
161.3,Animal_161_3DLC_resnet50_Freezing_07-2020Sep29shuffle1_100000filtered,Control,"Sanguino-Gomez et al., 2024",3,25,148,11250,6378,1.315555555555556,0.69138211382113823,"Yes, all 82 manuscript-cohort videos"
123.3,Animal_123_3DLC_resnet50_Freezing_07-2020Sep29shuffle1_100000filtered,ELS,"Sanguino-Gomez et al., 2024",3,25,83,11250,6378,0.73777777777777775,0.69138211382113823,"Yes, all 82 manuscript-cohort videos"
128.4,Animal_128_4DLC_resnet50_Freezing_07-2020Sep29shuffle1_100000filtered,ELS,"Sanguino-Gomez et al., 2024",3,25,2,11250,6378,1.7777777777777781E-2,0.69138211382113823,"Yes, all 82 manuscript-cohort videos"
133.3,Animal_133_3DLC_resnet50_Freezing_07-2020Sep29shuffle1_100000filtered,ELS,"Sanguino-Gomez et al., 2024",3,25,27,11250,6378,0.24,0.69138211382113823,"Yes, all 82 manuscript-cohort videos"
134.2,Animal_134_2DLC_resnet50_Freezing_07-2020Sep29shuffle1_100000filtered,ELS,"Sanguino-Gomez et al., 2024",3,25,276,11250,6378,2.453333333333334,0.69138211382113823,"Yes, all 82 manuscript-cohort videos"
134.4,Animal_134_4DLC_resnet50_Freezing_07-2020Sep29shuffle1_100000filtered,ELS,"Sanguino-Gomez et al., 2024",3,25,13,11250,6378,0.11555555555555561,0.69138211382113823,"Yes, all 82 manuscript-cohort videos"
144.5,Animal_144_5DLC_resnet50_Freezing_07-2020Sep29shuffle1_100000filtered,ELS,"Sanguino-Gomez et al., 2024",3,25,24,11250,6378,0.21333333333333329,0.69138211382113823,"Yes, all 82 manuscript-cohort videos"
148.4,Animal_148_4DLC_resnet50_Freezing_07-2020Sep29shuffle1_100000filtered,ELS,"Sanguino-Gomez et al., 2024",3,25,311,11250,6378,2.764444444444444,0.69138211382113823,"Yes, all 82 manuscript-cohort videos"
150.5,Animal_150_5DLC_resnet50_Freezing_07-2020Sep29shuffle1_100000filtered,ELS,"Sanguino-Gomez et al., 2024",3,25,134,11250,6378,1.191111111111111,0.69138211382113823,"Yes, all 82 manuscript-cohort videos"
153.4,Animal_153_4DLC_resnet50_Freezing_07-2020Sep29shuffle1_100000filtered,ELS,"Sanguino-Gomez et al., 2024",3,25,12,11250,6378,0.1066666666666667,0.69138211382113823,"Yes, all 82 manuscript-cohort videos"
154.4,Animal_154_4DLC_resnet50_Freezing_07-2020Sep29shuffle1_100000filtered,ELS,"Sanguino-Gomez et al., 2024",3,25,125,11250,6378,1.1111111111111109,0.69138211382113823,"Yes, all 82 manuscript-cohort videos"
159.3,Animal_159_3DLC_resnet50_Freezing_07-2020Sep29shuffle1_100000filtered,ELS,"Sanguino-Gomez et al., 2024",3,25,10,11250,6378,8.8888888888888892E-2,0.69138211382113823,"Yes, all 82 manuscript-cohort videos"
159.5,Animal_159_5DLC_resnet50_Freezing_07-2020Sep29shuffle1_100000filtered,ELS,"Sanguino-Gomez et al., 2024",3,25,26,11250,6378,0.2311111111111111,0.69138211382113823,"Yes, all 82 manuscript-cohort videos"
34.4,Animal 34_4DLC_resnet50_Freezing_07-2020Sep29shuffle1_100000filtered,Control,"Sanguino-Gomez and Krugers, 2024",1,26,40,11250,11477,0.35555555555555562,1.244119241192412,"Yes, all 82 manuscript-cohort videos"
34.5,Animal 34_5DLC_resnet50_Freezing_07-2020Sep29shuffle1_100000filtered,Control,"Sanguino-Gomez and Krugers, 2024",1,26,15,11250,11477,0.1333333333333333,1.244119241192412,"Yes, all 82 manuscript-cohort videos"
40.6,Animal_40_6DLC_resnet50_Freezing_07-2020Sep29shuffle1_100000filtered,Control,"Sanguino-Gomez and Krugers, 2024",1,26,18,11250,11477,0.16,1.244119241192412,"Yes, all 82 manuscript-cohort videos"
41.5,Animal_41_5DLC_resnet50_Freezing_07-2020Sep29shuffle1_100000filtered,Control,"Sanguino-Gomez and Krugers, 2024",1,26,71,11250,11477,0.63111111111111107,1.244119241192412,"Yes, all 82 manuscript-cohort videos"
5.4,Animal 5_4DLC_resnet50_Freezing_07-2020Sep29shuffle1_100000filtered,Control,"Sanguino-Gomez and Krugers, 2024",1,26,112,11250,11477,0.99555555555555564,1.244119241192412,"Yes, all 82 manuscript-cohort videos"
54.6,Animal_54_6DLC_resnet50_Freezing_07-2020Sep29shuffle1_100000filtered,Control,"Sanguino-Gomez and Krugers, 2024",1,26,10,11250,11477,8.8888888888888892E-2,1.244119241192412,"Yes, all 82 manuscript-cohort videos"
62.2,Animal_62_2DLC_resnet50_Freezing_07-2020Sep29shuffle1_100000filtered,Control,"Sanguino-Gomez and Krugers, 2024",1,26,23,11250,11477,0.20444444444444451,1.244119241192412,"Yes, all 82 manuscript-cohort videos"
62.3,Animal_62_3DLC_resnet50_Freezing_07-2020Sep29shuffle1_100000filtered,Control,"Sanguino-Gomez and Krugers, 2024",1,26,21,11250,11477,0.1866666666666667,1.244119241192412,"Yes, all 82 manuscript-cohort videos"
62.5,Animal_62_5DLC_resnet50_Freezing_07-2020Sep29shuffle1_100000filtered,Control,"Sanguino-Gomez and Krugers, 2024",1,26,101,11250,11477,0.89777777777777767,1.244119241192412,"Yes, all 82 manuscript-cohort videos"
74.1,Animal_74_1DLC_resnet50_Freezing_07-2020Sep29shuffle1_100000filtered,Control,"Sanguino-Gomez and Krugers, 2024",1,26,442,11250,11477,3.9288888888888889,1.244119241192412,"Yes, all 82 manuscript-cohort videos"
80.3,Animal_80_3DLC_resnet50_Freezing_07-2020Sep29shuffle1_100000filtered,Control,"Sanguino-Gomez and Krugers, 2024",1,26,96,11250,11477,0.85333333333333339,1.244119241192412,"Yes, all 82 manuscript-cohort videos"
15.6,Animal 15_6DLC_resnet50_Freezing_07-2020Sep29shuffle1_100000filtered,ELS,"Sanguino-Gomez and Krugers, 2024",1,26,34,11250,11477,0.30222222222222223,1.244119241192412,"Yes, all 82 manuscript-cohort videos"
32.2,Animal 32_2DLC_resnet50_Freezing_07-2020Sep29shuffle1_100000filtered,ELS,"Sanguino-Gomez and Krugers, 2024",1,26,108,11250,11477,0.96,1.244119241192412,"Yes, all 82 manuscript-cohort videos"
69.1,Animal_69_1DLC_resnet50_Freezing_07-2020Sep29shuffle1_100000filtered,ELS,"Sanguino-Gomez and Krugers, 2024",1,26,25,11250,11477,0.22222222222222221,1.244119241192412,"Yes, all 82 manuscript-cohort videos"
73.1,Animal_73_1DLC_resnet50_Freezing_07-2020Sep29shuffle1_100000filtered,ELS,"Sanguino-Gomez and Krugers, 2024",1,26,234,11250,11477,2.08,1.244119241192412,"Yes, all 82 manuscript-cohort videos"
73.4,Animal_73_4DLC_resnet50_Freezing_07-2020Sep29shuffle1_100000filtered,ELS,"Sanguino-Gomez and Krugers, 2024",1,26,453,11250,11477,4.0266666666666664,1.244119241192412,"Yes, all 82 manuscript-cohort videos"
75.1,Animal_75_1DLC_resnet50_Freezing_07-2020Sep29shuffle1_100000filtered,ELS,"Sanguino-Gomez and Krugers, 2024",1,26,36,11250,11477,0.32,1.244119241192412,"Yes, all 82 manuscript-cohort videos"
129.1,Animal_129_1DLC_resnet50_Freezing_07-2020Sep29shuffle1_100000filtered,Control,"Sanguino-Gomez et al., 2024",3,26,532,11250,11477,4.7288888888888891,1.244119241192412,"Yes, all 82 manuscript-cohort videos"
129.4,Animal_129_4DLC_resnet50_Freezing_07-2020Sep29shuffle1_100000filtered,Control,"Sanguino-Gomez et al., 2024",3,26,300,11250,11477,2.666666666666667,1.244119241192412,"Yes, all 82 manuscript-cohort videos"
136.2,Animal_136_2DLC_resnet50_Freezing_07-2020Sep29shuffle1_100000filtered,Control,"Sanguino-Gomez et al., 2024",3,26,564,11250,11477,5.0133333333333336,1.244119241192412,"Yes, all 82 manuscript-cohort videos"
136.3,Animal_136_3DLC_resnet50_Freezing_07-2020Sep29shuffle1_100000filtered,Control,"Sanguino-Gomez et al., 2024",3,26,676,11250,11477,6.0088888888888894,1.244119241192412,"Yes, all 82 manuscript-cohort videos"
136.5,Animal_136_5DLC_resnet50_Freezing_07-2020Sep29shuffle1_100000filtered,Control,"Sanguino-Gomez et al., 2024",3,26,342,11250,11477,3.04,1.244119241192412,"Yes, all 82 manuscript-cohort videos"
137.3,Animal_137_3DLC_resnet50_Freezing_07-2020Sep29shuffle1_100000filtered,Control,"Sanguino-Gomez et al., 2024",3,26,359,11250,11477,3.1911111111111108,1.244119241192412,"Yes, all 82 manuscript-cohort videos"
152.5,Animal_152_5DLC_resnet50_Freezing_07-2020Sep29shuffle1_100000filtered,Control,"Sanguino-Gomez et al., 2024",3,26,44,11250,11477,0.39111111111111108,1.244119241192412,"Yes, all 82 manuscript-cohort videos"
157.4,Animal_157_4DLC_resnet50_Freezing_07-2020Sep29shuffle1_100000filtered,Control,"Sanguino-Gomez et al., 2024",3,26,55,11250,11477,0.48888888888888887,1.244119241192412,"Yes, all 82 manuscript-cohort videos"
158.5,Animal_158_5DLC_resnet50_Freezing_07-2020Sep29shuffle1_100000filtered,Control,"Sanguino-Gomez et al., 2024",3,26,270,11250,11477,2.4,1.244119241192412,"Yes, all 82 manuscript-cohort videos"
161.1,Animal_161_1DLC_resnet50_Freezing_07-2020Sep29shuffle1_100000filtered,Control,"Sanguino-Gomez et al., 2024",3,26,102,11250,11477,0.90666666666666673,1.244119241192412,"Yes, all 82 manuscript-cohort videos"
161.3,Animal_161_3DLC_resnet50_Freezing_07-2020Sep29shuffle1_100000filtered,Control,"Sanguino-Gomez et al., 2024",3,26,103,11250,11477,0.91555555555555557,1.244119241192412,"Yes, all 82 manuscript-cohort videos"
123.1,Animal_123_1DLC_resnet50_Freezing_07-2020Sep29shuffle1_100000filtered,ELS,"Sanguino-Gomez et al., 2024",3,26,861,11250,11477,7.6533333333333324,1.244119241192412,"Yes, all 82 manuscript-cohort videos"
123.3,Animal_123_3DLC_resnet50_Freezing_07-2020Sep29shuffle1_100000filtered,ELS,"Sanguino-Gomez et al., 2024",3,26,43,11250,11477,0.38222222222222219,1.244119241192412,"Yes, all 82 manuscript-cohort videos"
128.4,Animal_128_4DLC_resnet50_Freezing_07-2020Sep29shuffle1_100000filtered,ELS,"Sanguino-Gomez et al., 2024",3,26,1069,11250,11477,9.5022222222222208,1.244119241192412,"Yes, all 82 manuscript-cohort videos"
133.3,Animal_133_3DLC_resnet50_Freezing_07-2020Sep29shuffle1_100000filtered,ELS,"Sanguino-Gomez et al., 2024",3,26,40,11250,11477,0.35555555555555562,1.244119241192412,"Yes, all 82 manuscript-cohort videos"
144.3,Animal_144_3DLC_resnet50_Freezing_07-2020Sep29shuffle1_100000filtered,ELS,"Sanguino-Gomez et al., 2024",3,26,274,11250,11477,2.4355555555555548,1.244119241192412,"Yes, all 82 manuscript-cohort videos"
144.5,Animal_144_5DLC_resnet50_Freezing_07-2020Sep29shuffle1_100000filtered,ELS,"Sanguino-Gomez et al., 2024",3,26,144,11250,11477,1.28,1.244119241192412,"Yes, all 82 manuscript-cohort videos"
150.3,Animal_150_3DLC_resnet50_Freezing_07-2020Sep29shuffle1_100000filtered,ELS,"Sanguino-Gomez et al., 2024",3,26,463,11250,11477,4.1155555555555559,1.244119241192412,"Yes, all 82 manuscript-cohort videos"
150.5,Animal_150_5DLC_resnet50_Freezing_07-2020Sep29shuffle1_100000filtered,ELS,"Sanguino-Gomez et al., 2024",3,26,101,11250,11477,0.89777777777777767,1.244119241192412,"Yes, all 82 manuscript-cohort videos"
153.4,Animal_153_4DLC_resnet50_Freezing_07-2020Sep29shuffle1_100000filtered,ELS,"Sanguino-Gomez et al., 2024",3,26,119,11250,11477,1.0577777777777779,1.244119241192412,"Yes, all 82 manuscript-cohort videos"
159.3,Animal_159_3DLC_resnet50_Freezing_07-2020Sep29shuffle1_100000filtered,ELS,"Sanguino-Gomez et al., 2024",3,26,923,11250,11477,8.2044444444444444,1.244119241192412,"Yes, all 82 manuscript-cohort videos"
159.4,Animal_159_4DLC_resnet50_Freezing_07-2020Sep29shuffle1_100000filtered,ELS,"Sanguino-Gomez et al., 2024",3,26,892,11250,11477,7.9288888888888893,1.244119241192412,"Yes, all 82 manuscript-cohort videos"
159.5,Animal_159_5DLC_resnet50_Freezing_07-2020Sep29shuffle1_100000filtered,ELS,"Sanguino-Gomez et al., 2024",3,26,1362,11250,11477,12.106666666666669,1.244119241192412,"Yes, all 82 manuscript-cohort videos"
11.4,Animal 11_4DLC_resnet50_Freezing_07-2020Sep29shuffle1_100000filtered,Control,"Sanguino-Gomez and Krugers, 2024",1,27,156,11250,12431,1.3866666666666669,1.3475338753387529,"Yes, all 82 manuscript-cohort videos"
11.6,Animal 11_6DLC_resnet50_Freezing_07-2020Sep29shuffle1_100000filtered,Control,"Sanguino-Gomez and Krugers, 2024",1,27,91,11250,12431,0.80888888888888888,1.3475338753387529,"Yes, all 82 manuscript-cohort videos"
34.4,Animal 34_4DLC_resnet50_Freezing_07-2020Sep29shuffle1_100000filtered,Control,"Sanguino-Gomez and Krugers, 2024",1,27,26,11250,12431,0.2311111111111111,1.3475338753387529,"Yes, all 82 manuscript-cohort videos"
34.5,Animal 34_5DLC_resnet50_Freezing_07-2020Sep29shuffle1_100000filtered,Control,"Sanguino-Gomez and Krugers, 2024",1,27,64,11250,12431,0.56888888888888889,1.3475338753387529,"Yes, all 82 manuscript-cohort videos"
40.4,Animal_40_4DLC_resnet50_Freezing_07-2020Sep29shuffle1_100000filtered,Control,"Sanguino-Gomez and Krugers, 2024",1,27,77,11250,12431,0.68444444444444441,1.3475338753387529,"Yes, all 82 manuscript-cohort videos"
40.6,Animal_40_6DLC_resnet50_Freezing_07-2020Sep29shuffle1_100000filtered,Control,"Sanguino-Gomez and Krugers, 2024",1,27,104,11250,12431,0.9244444444444444,1.3475338753387529,"Yes, all 82 manuscript-cohort videos"
41.4,Animal_41_4DLC_resnet50_Freezing_07-2020Sep29shuffle1_100000filtered,Control,"Sanguino-Gomez and Krugers, 2024",1,27,17,11250,12431,0.15111111111111111,1.3475338753387529,"Yes, all 82 manuscript-cohort videos"
41.5,Animal_41_5DLC_resnet50_Freezing_07-2020Sep29shuffle1_100000filtered,Control,"Sanguino-Gomez and Krugers, 2024",1,27,215,11250,12431,1.911111111111111,1.3475338753387529,"Yes, all 82 manuscript-cohort videos"
41.6,Animal_41_6DLC_resnet50_Freezing_07-2020Sep29shuffle1_100000filtered,Control,"Sanguino-Gomez and Krugers, 2024",1,27,89,11250,12431,0.79111111111111121,1.3475338753387529,"Yes, all 82 manuscript-cohort videos"
47.5,Animal_47_5DLC_resnet50_Freezing_07-2020Sep29shuffle1_100000filtered,Control,"Sanguino-Gomez and Krugers, 2024",1,27,93,11250,12431,0.82666666666666666,1.3475338753387529,"Yes, all 82 manuscript-cohort videos"
5.4,Animal 5_4DLC_resnet50_Freezing_07-2020Sep29shuffle1_100000filtered,Control,"Sanguino-Gomez and Krugers, 2024",1,27,141,11250,12431,1.253333333333333,1.3475338753387529,"Yes, all 82 manuscript-cohort videos"
50.5,Animal_50_5DLC_resnet50_Freezing_07-2020Sep29shuffle1_100000filtered,Control,"Sanguino-Gomez and Krugers, 2024",1,27,62,11250,12431,0.55111111111111111,1.3475338753387529,"Yes, all 82 manuscript-cohort videos"
53.5,Animal_53_5DLC_resnet50_Freezing_07-2020Sep29shuffle1_100000filtered,Control,"Sanguino-Gomez and Krugers, 2024",1,27,52,11250,12431,0.4622222222222222,1.3475338753387529,"Yes, all 82 manuscript-cohort videos"
54.3,Animal_54_3DLC_resnet50_Freezing_07-2020Sep29shuffle1_100000filtered,Control,"Sanguino-Gomez and Krugers, 2024",1,27,44,11250,12431,0.39111111111111108,1.3475338753387529,"Yes, all 82 manuscript-cohort videos"
54.4,Animal_54_4DLC_resnet50_Freezing_07-2020Sep29shuffle1_100000filtered,Control,"Sanguino-Gomez and Krugers, 2024",1,27,50,11250,12431,0.44444444444444442,1.3475338753387529,"Yes, all 82 manuscript-cohort videos"
54.6,Animal_54_6DLC_resnet50_Freezing_07-2020Sep29shuffle1_100000filtered,Control,"Sanguino-Gomez and Krugers, 2024",1,27,58,11250,12431,0.51555555555555554,1.3475338753387529,"Yes, all 82 manuscript-cohort videos"
58.5,Animal_58_5DLC_resnet50_Freezing_07-2020Sep29shuffle1_100000filtered,Control,"Sanguino-Gomez and Krugers, 2024",1,27,15,11250,12431,0.1333333333333333,1.3475338753387529,"Yes, all 82 manuscript-cohort videos"
62.5,Animal_62_5DLC_resnet50_Freezing_07-2020Sep29shuffle1_100000filtered,Control,"Sanguino-Gomez and Krugers, 2024",1,27,49,11250,12431,0.43555555555555547,1.3475338753387529,"Yes, all 82 manuscript-cohort videos"
68.1,Animal_68_1DLC_resnet50_Freezing_07-2020Sep29shuffle1_100000filtered,Control,"Sanguino-Gomez and Krugers, 2024",1,27,30,11250,12431,0.26666666666666672,1.3475338753387529,"Yes, all 82 manuscript-cohort videos"
80.3,Animal_80_3DLC_resnet50_Freezing_07-2020Sep29shuffle1_100000filtered,Control,"Sanguino-Gomez and Krugers, 2024",1,27,116,11250,12431,1.0311111111111111,1.3475338753387529,"Yes, all 82 manuscript-cohort videos"
15.4,Animal 15_4DLC_resnet50_Freezing_07-2020Sep29shuffle1_100000filtered,ELS,"Sanguino-Gomez and Krugers, 2024",1,27,414,11250,12431,3.68,1.3475338753387529,"Yes, all 82 manuscript-cohort videos"
15.6,Animal 15_6DLC_resnet50_Freezing_07-2020Sep29shuffle1_100000filtered,ELS,"Sanguino-Gomez and Krugers, 2024",1,27,116,11250,12431,1.0311111111111111,1.3475338753387529,"Yes, all 82 manuscript-cohort videos"
2.4,Animal 2_4DLC_resnet50_Freezing_07-2020Sep29shuffle1_100000filtered,ELS,"Sanguino-Gomez and Krugers, 2024",1,27,317,11250,12431,2.8177777777777782,1.3475338753387529,"Yes, all 82 manuscript-cohort videos"
25.1,Animal 25_1DLC_resnet50_Freezing_07-2020Sep29shuffle1_100000filtered,ELS,"Sanguino-Gomez and Krugers, 2024",1,27,624,11250,12431,5.5466666666666669,1.3475338753387529,"Yes, all 82 manuscript-cohort videos"
26.4,Animal 26_4DLC_resnet50_Freezing_07-2020Sep29shuffle1_100000filtered,ELS,"Sanguino-Gomez and Krugers, 2024",1,27,41,11250,12431,0.36444444444444452,1.3475338753387529,"Yes, all 82 manuscript-cohort videos"
32.2,Animal 32_2DLC_resnet50_Freezing_07-2020Sep29shuffle1_100000filtered,ELS,"Sanguino-Gomez and Krugers, 2024",1,27,551,11250,12431,4.8977777777777778,1.3475338753387529,"Yes, all 82 manuscript-cohort videos"
32.4,Animal 32_4DLC_resnet50_Freezing_07-2020Sep29shuffle1_100000filtered,ELS,"Sanguino-Gomez and Krugers, 2024",1,27,463,11250,12431,4.1155555555555559,1.3475338753387529,"Yes, all 82 manuscript-cohort videos"
43.3,Animal_43_3DLC_resnet50_Freezing_07-2020Sep29shuffle1_100000filtered,ELS,"Sanguino-Gomez and Krugers, 2024",1,27,15,11250,12431,0.1333333333333333,1.3475338753387529,"Yes, all 82 manuscript-cohort videos"
43.5,Animal_43_5DLC_resnet50_Freezing_07-2020Sep29shuffle1_100000filtered,ELS,"Sanguino-Gomez and Krugers, 2024",1,27,64,11250,12431,0.56888888888888889,1.3475338753387529,"Yes, all 82 manuscript-cohort videos"
49.5,Animal_49_5DLC_resnet50_Freezing_07-2020Sep29shuffle1_100000filtered,ELS,"Sanguino-Gomez and Krugers, 2024",1,27,253,11250,12431,2.2488888888888892,1.3475338753387529,"Yes, all 82 manuscript-cohort videos"
49.6,Animal_49_6DLC_resnet50_Freezing_07-2020Sep29shuffle1_100000filtered,ELS,"Sanguino-Gomez and Krugers, 2024",1,27,61,11250,12431,0.54222222222222227,1.3475338753387529,"Yes, all 82 manuscript-cohort videos"
55.3,Animal_55_3DLC_resnet50_Freezing_07-2020Sep29shuffle1_100000filtered,ELS,"Sanguino-Gomez and Krugers, 2024",1,27,32,11250,12431,0.28444444444444439,1.3475338753387529,"Yes, all 82 manuscript-cohort videos"
55.5,Animal_55_5DLC_resnet50_Freezing_07-2020Sep29shuffle1_100000filtered,ELS,"Sanguino-Gomez and Krugers, 2024",1,27,15,11250,12431,0.1333333333333333,1.3475338753387529,"Yes, all 82 manuscript-cohort videos"
56.3,Animal_56_3DLC_resnet50_Freezing_07-2020Sep29shuffle1_100000filtered,ELS,"Sanguino-Gomez and Krugers, 2024",1,27,7,11250,12431,6.2222222222222227E-2,1.3475338753387529,"Yes, all 82 manuscript-cohort videos"
69.1,Animal_69_1DLC_resnet50_Freezing_07-2020Sep29shuffle1_100000filtered,ELS,"Sanguino-Gomez and Krugers, 2024",1,27,19,11250,12431,0.16888888888888889,1.3475338753387529,"Yes, all 82 manuscript-cohort videos"
69.2,Animal_69_2DLC_resnet50_Freezing_07-2020Sep29shuffle1_100000filtered,ELS,"Sanguino-Gomez and Krugers, 2024",1,27,46,11250,12431,0.40888888888888891,1.3475338753387529,"Yes, all 82 manuscript-cohort videos"
69.3,Animal_69_3DLC_resnet50_Freezing_07-2020Sep29shuffle1_100000filtered,ELS,"Sanguino-Gomez and Krugers, 2024",1,27,57,11250,12431,0.5066666666666666,1.3475338753387529,"Yes, all 82 manuscript-cohort videos"
73.4,Animal_73_4DLC_resnet50_Freezing_07-2020Sep29shuffle1_100000filtered,ELS,"Sanguino-Gomez and Krugers, 2024",1,27,21,11250,12431,0.1866666666666667,1.3475338753387529,"Yes, all 82 manuscript-cohort videos"
75.1,Animal_75_1DLC_resnet50_Freezing_07-2020Sep29shuffle1_100000filtered,ELS,"Sanguino-Gomez and Krugers, 2024",1,27,21,11250,12431,0.1866666666666667,1.3475338753387529,"Yes, all 82 manuscript-cohort videos"
88.2,Animal_88_2DLC_resnet50_Freezing_07-2020Sep29shuffle1_100000filtered,ELS,"Sanguino-Gomez and Krugers, 2024",1,27,113,11250,12431,1.004444444444444,1.3475338753387529,"Yes, all 82 manuscript-cohort videos"
88.3,Animal_88_3DLC_resnet50_Freezing_07-2020Sep29shuffle1_100000filtered,ELS,"Sanguino-Gomez and Krugers, 2024",1,27,55,11250,12431,0.48888888888888887,1.3475338753387529,"Yes, all 82 manuscript-cohort videos"
129.4,Animal_129_4DLC_resnet50_Freezing_07-2020Sep29shuffle1_100000filtered,Control,"Sanguino-Gomez et al., 2024",3,27,62,11250,12431,0.55111111111111111,1.3475338753387529,"Yes, all 82 manuscript-cohort videos"
136.3,Animal_136_3DLC_resnet50_Freezing_07-2020Sep29shuffle1_100000filtered,Control,"Sanguino-Gomez et al., 2024",3,27,38,11250,12431,0.33777777777777779,1.3475338753387529,"Yes, all 82 manuscript-cohort videos"
137.3,Animal_137_3DLC_resnet50_Freezing_07-2020Sep29shuffle1_100000filtered,Control,"Sanguino-Gomez et al., 2024",3,27,419,11250,12431,3.724444444444444,1.3475338753387529,"Yes, all 82 manuscript-cohort videos"
145.5,Animal_145_5DLC_resnet50_Freezing_07-2020Sep29shuffle1_100000filtered,Control,"Sanguino-Gomez et al., 2024",3,27,444,11250,12431,3.9466666666666659,1.3475338753387529,"Yes, all 82 manuscript-cohort videos"
146.6,Animal_146_6DLC_resnet50_Freezing_07-2020Sep29shuffle1_100000filtered,Control,"Sanguino-Gomez et al., 2024",3,27,565,11250,12431,5.0222222222222221,1.3475338753387529,"Yes, all 82 manuscript-cohort videos"
147.4,Animal_147_4DLC_resnet50_Freezing_07-2020Sep29shuffle1_100000filtered,Control,"Sanguino-Gomez et al., 2024",3,27,656,11250,12431,5.8311111111111114,1.3475338753387529,"Yes, all 82 manuscript-cohort videos"
152.3,Animal_152_3DLC_resnet50_Freezing_07-2020Sep29shuffle1_100000filtered,Control,"Sanguino-Gomez et al., 2024",3,27,408,11250,12431,3.6266666666666669,1.3475338753387529,"Yes, all 82 manuscript-cohort videos"
152.5,Animal_152_5DLC_resnet50_Freezing_07-2020Sep29shuffle1_100000filtered,Control,"Sanguino-Gomez et al., 2024",3,27,324,11250,12431,2.88,1.3475338753387529,"Yes, all 82 manuscript-cohort videos"
157.1,Animal_157_1DLC_resnet50_Freezing_07-2020Sep29shuffle1_100000filtered,Control,"Sanguino-Gomez et al., 2024",3,27,520,11250,12431,4.6222222222222218,1.3475338753387529,"Yes, all 82 manuscript-cohort videos"
157.4,Animal_157_4DLC_resnet50_Freezing_07-2020Sep29shuffle1_100000filtered,Control,"Sanguino-Gomez et al., 2024",3,27,41,11250,12431,0.36444444444444452,1.3475338753387529,"Yes, all 82 manuscript-cohort videos"
158.5,Animal_158_5DLC_resnet50_Freezing_07-2020Sep29shuffle1_100000filtered,Control,"Sanguino-Gomez et al., 2024",3,27,121,11250,12431,1.075555555555556,1.3475338753387529,"Yes, all 82 manuscript-cohort videos"
161.1,Animal_161_1DLC_resnet50_Freezing_07-2020Sep29shuffle1_100000filtered,Control,"Sanguino-Gomez et al., 2024",3,27,160,11250,12431,1.4222222222222221,1.3475338753387529,"Yes, all 82 manuscript-cohort videos"
161.3,Animal_161_3DLC_resnet50_Freezing_07-2020Sep29shuffle1_100000filtered,Control,"Sanguino-Gomez et al., 2024",3,27,474,11250,12431,4.2133333333333338,1.3475338753387529,"Yes, all 82 manuscript-cohort videos"
123.1,Animal_123_1DLC_resnet50_Freezing_07-2020Sep29shuffle1_100000filtered,ELS,"Sanguino-Gomez et al., 2024",3,27,34,11250,12431,0.30222222222222223,1.3475338753387529,"Yes, all 82 manuscript-cohort videos"
123.3,Animal_123_3DLC_resnet50_Freezing_07-2020Sep29shuffle1_100000filtered,ELS,"Sanguino-Gomez et al., 2024",3,27,539,11250,12431,4.7911111111111113,1.3475338753387529,"Yes, all 82 manuscript-cohort videos"
133.3,Animal_133_3DLC_resnet50_Freezing_07-2020Sep29shuffle1_100000filtered,ELS,"Sanguino-Gomez et al., 2024",3,27,474,11250,12431,4.2133333333333338,1.3475338753387529,"Yes, all 82 manuscript-cohort videos"
134.2,Animal_134_2DLC_resnet50_Freezing_07-2020Sep29shuffle1_100000filtered,ELS,"Sanguino-Gomez et al., 2024",3,27,191,11250,12431,1.6977777777777781,1.3475338753387529,"Yes, all 82 manuscript-cohort videos"
134.4,Animal_134_4DLC_resnet50_Freezing_07-2020Sep29shuffle1_100000filtered,ELS,"Sanguino-Gomez et al., 2024",3,27,694,11250,12431,6.1688888888888886,1.3475338753387529,"Yes, all 82 manuscript-cohort videos"
144.3,Animal_144_3DLC_resnet50_Freezing_07-2020Sep29shuffle1_100000filtered,ELS,"Sanguino-Gomez et al., 2024",3,27,130,11250,12431,1.155555555555555,1.3475338753387529,"Yes, all 82 manuscript-cohort videos"
148.4,Animal_148_4DLC_resnet50_Freezing_07-2020Sep29shuffle1_100000filtered,ELS,"Sanguino-Gomez et al., 2024",3,27,360,11250,12431,3.2,1.3475338753387529,"Yes, all 82 manuscript-cohort videos"
150.3,Animal_150_3DLC_resnet50_Freezing_07-2020Sep29shuffle1_100000filtered,ELS,"Sanguino-Gomez et al., 2024",3,27,122,11250,12431,1.084444444444445,1.3475338753387529,"Yes, all 82 manuscript-cohort videos"
150.5,Animal_150_5DLC_resnet50_Freezing_07-2020Sep29shuffle1_100000filtered,ELS,"Sanguino-Gomez et al., 2024",3,27,91,11250,12431,0.80888888888888888,1.3475338753387529,"Yes, all 82 manuscript-cohort videos"
153.4,Animal_153_4DLC_resnet50_Freezing_07-2020Sep29shuffle1_100000filtered,ELS,"Sanguino-Gomez et al., 2024",3,27,32,11250,12431,0.28444444444444439,1.3475338753387529,"Yes, all 82 manuscript-cohort videos"
154.4,Animal_154_4DLC_resnet50_Freezing_07-2020Sep29shuffle1_100000filtered,ELS,"Sanguino-Gomez et al., 2024",3,27,659,11250,12431,5.8577777777777778,1.3475338753387529,"Yes, all 82 manuscript-cohort videos"
159.3,Animal_159_3DLC_resnet50_Freezing_07-2020Sep29shuffle1_100000filtered,ELS,"Sanguino-Gomez et al., 2024",3,27,6,11250,12431,5.3333333333333337E-2,1.3475338753387529,"Yes, all 82 manuscript-cohort videos"
159.5,Animal_159_5DLC_resnet50_Freezing_07-2020Sep29shuffle1_100000filtered,ELS,"Sanguino-Gomez et al., 2024",3,27,13,11250,12431,0.11555555555555561,1.3475338753387529,"Yes, all 82 manuscript-cohort videos"
11.4,Animal 11_4DLC_resnet50_Freezing_07-2020Sep29shuffle1_100000filtered,Control,"Sanguino-Gomez and Krugers, 2024",1,28,317,11250,10908,2.8177777777777782,1.1824390243902441,"Yes, all 82 manuscript-cohort videos"
11.6,Animal 11_6DLC_resnet50_Freezing_07-2020Sep29shuffle1_100000filtered,Control,"Sanguino-Gomez and Krugers, 2024",1,28,461,11250,10908,4.097777777777778,1.1824390243902441,"Yes, all 82 manuscript-cohort videos"
34.5,Animal 34_5DLC_resnet50_Freezing_07-2020Sep29shuffle1_100000filtered,Control,"Sanguino-Gomez and Krugers, 2024",1,28,17,11250,10908,0.15111111111111111,1.1824390243902441,"Yes, all 82 manuscript-cohort videos"
40.6,Animal_40_6DLC_resnet50_Freezing_07-2020Sep29shuffle1_100000filtered,Control,"Sanguino-Gomez and Krugers, 2024",1,28,216,11250,10908,1.92,1.1824390243902441,"Yes, all 82 manuscript-cohort videos"
41.4,Animal_41_4DLC_resnet50_Freezing_07-2020Sep29shuffle1_100000filtered,Control,"Sanguino-Gomez and Krugers, 2024",1,28,166,11250,10908,1.475555555555556,1.1824390243902441,"Yes, all 82 manuscript-cohort videos"
41.5,Animal_41_5DLC_resnet50_Freezing_07-2020Sep29shuffle1_100000filtered,Control,"Sanguino-Gomez and Krugers, 2024",1,28,277,11250,10908,2.4622222222222221,1.1824390243902441,"Yes, all 82 manuscript-cohort videos"
41.6,Animal_41_6DLC_resnet50_Freezing_07-2020Sep29shuffle1_100000filtered,Control,"Sanguino-Gomez and Krugers, 2024",1,28,115,11250,10908,1.0222222222222219,1.1824390243902441,"Yes, all 82 manuscript-cohort videos"
47.5,Animal_47_5DLC_resnet50_Freezing_07-2020Sep29shuffle1_100000filtered,Control,"Sanguino-Gomez and Krugers, 2024",1,28,112,11250,10908,0.99555555555555564,1.1824390243902441,"Yes, all 82 manuscript-cohort videos"
50.5,Animal_50_5DLC_resnet50_Freezing_07-2020Sep29shuffle1_100000filtered,Control,"Sanguino-Gomez and Krugers, 2024",1,28,437,11250,10908,3.884444444444445,1.1824390243902441,"Yes, all 82 manuscript-cohort videos"
53.5,Animal_53_5DLC_resnet50_Freezing_07-2020Sep29shuffle1_100000filtered,Control,"Sanguino-Gomez and Krugers, 2024",1,28,538,11250,10908,4.7822222222222228,1.1824390243902441,"Yes, all 82 manuscript-cohort videos"
54.3,Animal_54_3DLC_resnet50_Freezing_07-2020Sep29shuffle1_100000filtered,Control,"Sanguino-Gomez and Krugers, 2024",1,28,241,11250,10908,2.1422222222222218,1.1824390243902441,"Yes, all 82 manuscript-cohort videos"
54.4,Animal_54_4DLC_resnet50_Freezing_07-2020Sep29shuffle1_100000filtered,Control,"Sanguino-Gomez and Krugers, 2024",1,28,207,11250,10908,1.84,1.1824390243902441,"Yes, all 82 manuscript-cohort videos"
54.6,Animal_54_6DLC_resnet50_Freezing_07-2020Sep29shuffle1_100000filtered,Control,"Sanguino-Gomez and Krugers, 2024",1,28,402,11250,10908,3.5733333333333328,1.1824390243902441,"Yes, all 82 manuscript-cohort videos"
58.5,Animal_58_5DLC_resnet50_Freezing_07-2020Sep29shuffle1_100000filtered,Control,"Sanguino-Gomez and Krugers, 2024",1,28,123,11250,10908,1.093333333333333,1.1824390243902441,"Yes, all 82 manuscript-cohort videos"
62.1,Animal_62_1DLC_resnet50_Freezing_07-2020Sep29shuffle1_100000filtered,Control,"Sanguino-Gomez and Krugers, 2024",1,28,40,11250,10908,0.35555555555555562,1.1824390243902441,"Yes, all 82 manuscript-cohort videos"
62.2,Animal_62_2DLC_resnet50_Freezing_07-2020Sep29shuffle1_100000filtered,Control,"Sanguino-Gomez and Krugers, 2024",1,28,179,11250,10908,1.5911111111111109,1.1824390243902441,"Yes, all 82 manuscript-cohort videos"
62.3,Animal_62_3DLC_resnet50_Freezing_07-2020Sep29shuffle1_100000filtered,Control,"Sanguino-Gomez and Krugers, 2024",1,28,115,11250,10908,1.0222222222222219,1.1824390243902441,"Yes, all 82 manuscript-cohort videos"
62.4,Animal_62_4DLC_resnet50_Freezing_07-2020Sep29shuffle1_100000filtered,Control,"Sanguino-Gomez and Krugers, 2024",1,28,99,11250,10908,0.88,1.1824390243902441,"Yes, all 82 manuscript-cohort videos"
62.5,Animal_62_5DLC_resnet50_Freezing_07-2020Sep29shuffle1_100000filtered,Control,"Sanguino-Gomez and Krugers, 2024",1,28,65,11250,10908,0.57777777777777772,1.1824390243902441,"Yes, all 82 manuscript-cohort videos"
68.1,Animal_68_1DLC_resnet50_Freezing_07-2020Sep29shuffle1_100000filtered,Control,"Sanguino-Gomez and Krugers, 2024",1,28,98,11250,10908,0.87111111111111106,1.1824390243902441,"Yes, all 82 manuscript-cohort videos"
15.4,Animal 15_4DLC_resnet50_Freezing_07-2020Sep29shuffle1_100000filtered,ELS,"Sanguino-Gomez and Krugers, 2024",1,28,306,11250,10908,2.72,1.1824390243902441,"Yes, all 82 manuscript-cohort videos"
15.6,Animal 15_6DLC_resnet50_Freezing_07-2020Sep29shuffle1_100000filtered,ELS,"Sanguino-Gomez and Krugers, 2024",1,28,131,11250,10908,1.1644444444444451,1.1824390243902441,"Yes, all 82 manuscript-cohort videos"
2.4,Animal 2_4DLC_resnet50_Freezing_07-2020Sep29shuffle1_100000filtered,ELS,"Sanguino-Gomez and Krugers, 2024",1,28,241,11250,10908,2.1422222222222218,1.1824390243902441,"Yes, all 82 manuscript-cohort videos"
23.4,Animal 23_4DLC_resnet50_Freezing_07-2020Sep29shuffle1_100000filtered,ELS,"Sanguino-Gomez and Krugers, 2024",1,28,61,11250,10908,0.54222222222222227,1.1824390243902441,"Yes, all 82 manuscript-cohort videos"
25.1,Animal 25_1DLC_resnet50_Freezing_07-2020Sep29shuffle1_100000filtered,ELS,"Sanguino-Gomez and Krugers, 2024",1,28,76,11250,10908,0.67555555555555558,1.1824390243902441,"Yes, all 82 manuscript-cohort videos"
26.4,Animal 26_4DLC_resnet50_Freezing_07-2020Sep29shuffle1_100000filtered,ELS,"Sanguino-Gomez and Krugers, 2024",1,28,14,11250,10908,0.1244444444444445,1.1824390243902441,"Yes, all 82 manuscript-cohort videos"
32.2,Animal 32_2DLC_resnet50_Freezing_07-2020Sep29shuffle1_100000filtered,ELS,"Sanguino-Gomez and Krugers, 2024",1,28,41,11250,10908,0.36444444444444452,1.1824390243902441,"Yes, all 82 manuscript-cohort videos"
32.4,Animal 32_4DLC_resnet50_Freezing_07-2020Sep29shuffle1_100000filtered,ELS,"Sanguino-Gomez and Krugers, 2024",1,28,170,11250,10908,1.5111111111111111,1.1824390243902441,"Yes, all 82 manuscript-cohort videos"
43.3,Animal_43_3DLC_resnet50_Freezing_07-2020Sep29shuffle1_100000filtered,ELS,"Sanguino-Gomez and Krugers, 2024",1,28,359,11250,10908,3.1911111111111108,1.1824390243902441,"Yes, all 82 manuscript-cohort videos"
49.5,Animal_49_5DLC_resnet50_Freezing_07-2020Sep29shuffle1_100000filtered,ELS,"Sanguino-Gomez and Krugers, 2024",1,28,70,11250,10908,0.62222222222222223,1.1824390243902441,"Yes, all 82 manuscript-cohort videos"
49.6,Animal_49_6DLC_resnet50_Freezing_07-2020Sep29shuffle1_100000filtered,ELS,"Sanguino-Gomez and Krugers, 2024",1,28,592,11250,10908,5.2622222222222224,1.1824390243902441,"Yes, all 82 manuscript-cohort videos"
55.3,Animal_55_3DLC_resnet50_Freezing_07-2020Sep29shuffle1_100000filtered,ELS,"Sanguino-Gomez and Krugers, 2024",1,28,111,11250,10908,0.98666666666666658,1.1824390243902441,"Yes, all 82 manuscript-cohort videos"
55.5,Animal_55_5DLC_resnet50_Freezing_07-2020Sep29shuffle1_100000filtered,ELS,"Sanguino-Gomez and Krugers, 2024",1,28,15,11250,10908,0.1333333333333333,1.1824390243902441,"Yes, all 82 manuscript-cohort videos"
56.3,Animal_56_3DLC_resnet50_Freezing_07-2020Sep29shuffle1_100000filtered,ELS,"Sanguino-Gomez and Krugers, 2024",1,28,200,11250,10908,1.7777777777777779,1.1824390243902441,"Yes, all 82 manuscript-cohort videos"
63.3,Animal_63_3DLC_resnet50_Freezing_07-2020Sep29shuffle1_100000filtered,ELS,"Sanguino-Gomez and Krugers, 2024",1,28,163,11250,10908,1.4488888888888889,1.1824390243902441,"Yes, all 82 manuscript-cohort videos"
69.1,Animal_69_1DLC_resnet50_Freezing_07-2020Sep29shuffle1_100000filtered,ELS,"Sanguino-Gomez and Krugers, 2024",1,28,156,11250,10908,1.3866666666666669,1.1824390243902441,"Yes, all 82 manuscript-cohort videos"
69.2,Animal_69_2DLC_resnet50_Freezing_07-2020Sep29shuffle1_100000filtered,ELS,"Sanguino-Gomez and Krugers, 2024",1,28,81,11250,10908,0.72,1.1824390243902441,"Yes, all 82 manuscript-cohort videos"
69.3,Animal_69_3DLC_resnet50_Freezing_07-2020Sep29shuffle1_100000filtered,ELS,"Sanguino-Gomez and Krugers, 2024",1,28,17,11250,10908,0.15111111111111111,1.1824390243902441,"Yes, all 82 manuscript-cohort videos"
69.5,Animal_69_5DLC_resnet50_Freezing_07-2020Sep29shuffle1_100000filtered,ELS,"Sanguino-Gomez and Krugers, 2024",1,28,32,11250,10908,0.28444444444444439,1.1824390243902441,"Yes, all 82 manuscript-cohort videos"
73.4,Animal_73_4DLC_resnet50_Freezing_07-2020Sep29shuffle1_100000filtered,ELS,"Sanguino-Gomez and Krugers, 2024",1,28,14,11250,10908,0.1244444444444445,1.1824390243902441,"Yes, all 82 manuscript-cohort videos"
75.1,Animal_75_1DLC_resnet50_Freezing_07-2020Sep29shuffle1_100000filtered,ELS,"Sanguino-Gomez and Krugers, 2024",1,28,25,11250,10908,0.22222222222222221,1.1824390243902441,"Yes, all 82 manuscript-cohort videos"
88.2,Animal_88_2DLC_resnet50_Freezing_07-2020Sep29shuffle1_100000filtered,ELS,"Sanguino-Gomez and Krugers, 2024",1,28,22,11250,10908,0.19555555555555551,1.1824390243902441,"Yes, all 82 manuscript-cohort videos"
136.2,Animal_136_2DLC_resnet50_Freezing_07-2020Sep29shuffle1_100000filtered,Control,"Sanguino-Gomez et al., 2024",3,28,18,11250,10908,0.16,1.1824390243902441,"Yes, all 82 manuscript-cohort videos"
136.3,Animal_136_3DLC_resnet50_Freezing_07-2020Sep29shuffle1_100000filtered,Control,"Sanguino-Gomez et al., 2024",3,28,26,11250,10908,0.2311111111111111,1.1824390243902441,"Yes, all 82 manuscript-cohort videos"
136.5,Animal_136_5DLC_resnet50_Freezing_07-2020Sep29shuffle1_100000filtered,Control,"Sanguino-Gomez et al., 2024",3,28,170,11250,10908,1.5111111111111111,1.1824390243902441,"Yes, all 82 manuscript-cohort videos"
145.5,Animal_145_5DLC_resnet50_Freezing_07-2020Sep29shuffle1_100000filtered,Control,"Sanguino-Gomez et al., 2024",3,28,200,11250,10908,1.7777777777777779,1.1824390243902441,"Yes, all 82 manuscript-cohort videos"
146.6,Animal_146_6DLC_resnet50_Freezing_07-2020Sep29shuffle1_100000filtered,Control,"Sanguino-Gomez et al., 2024",3,28,625,11250,10908,5.5555555555555554,1.1824390243902441,"Yes, all 82 manuscript-cohort videos"
147.4,Animal_147_4DLC_resnet50_Freezing_07-2020Sep29shuffle1_100000filtered,Control,"Sanguino-Gomez et al., 2024",3,28,1074,11250,10908,9.5466666666666669,1.1824390243902441,"Yes, all 82 manuscript-cohort videos"
152.3,Animal_152_3DLC_resnet50_Freezing_07-2020Sep29shuffle1_100000filtered,Control,"Sanguino-Gomez et al., 2024",3,28,67,11250,10908,0.59555555555555562,1.1824390243902441,"Yes, all 82 manuscript-cohort videos"
152.5,Animal_152_5DLC_resnet50_Freezing_07-2020Sep29shuffle1_100000filtered,Control,"Sanguino-Gomez et al., 2024",3,28,227,11250,10908,2.0177777777777779,1.1824390243902441,"Yes, all 82 manuscript-cohort videos"
157.1,Animal_157_1DLC_resnet50_Freezing_07-2020Sep29shuffle1_100000filtered,Control,"Sanguino-Gomez et al., 2024",3,28,286,11250,10908,2.5422222222222222,1.1824390243902441,"Yes, all 82 manuscript-cohort videos"
158.5,Animal_158_5DLC_resnet50_Freezing_07-2020Sep29shuffle1_100000filtered,Control,"Sanguino-Gomez et al., 2024",3,28,121,11250,10908,1.075555555555556,1.1824390243902441,"Yes, all 82 manuscript-cohort videos"
161.1,Animal_161_1DLC_resnet50_Freezing_07-2020Sep29shuffle1_100000filtered,Control,"Sanguino-Gomez et al., 2024",3,28,86,11250,10908,0.76444444444444437,1.1824390243902441,"Yes, all 82 manuscript-cohort videos"
161.3,Animal_161_3DLC_resnet50_Freezing_07-2020Sep29shuffle1_100000filtered,Control,"Sanguino-Gomez et al., 2024",3,28,118,11250,10908,1.048888888888889,1.1824390243902441,"Yes, all 82 manuscript-cohort videos"
123.3,Animal_123_3DLC_resnet50_Freezing_07-2020Sep29shuffle1_100000filtered,ELS,"Sanguino-Gomez et al., 2024",3,28,39,11250,10908,0.34666666666666668,1.1824390243902441,"Yes, all 82 manuscript-cohort videos"
133.3,Animal_133_3DLC_resnet50_Freezing_07-2020Sep29shuffle1_100000filtered,ELS,"Sanguino-Gomez et al., 2024",3,28,62,11250,10908,0.55111111111111111,1.1824390243902441,"Yes, all 82 manuscript-cohort videos"
134.4,Animal_134_4DLC_resnet50_Freezing_07-2020Sep29shuffle1_100000filtered,ELS,"Sanguino-Gomez et al., 2024",3,28,14,11250,10908,0.1244444444444445,1.1824390243902441,"Yes, all 82 manuscript-cohort videos"
144.3,Animal_144_3DLC_resnet50_Freezing_07-2020Sep29shuffle1_100000filtered,ELS,"Sanguino-Gomez et al., 2024",3,28,204,11250,10908,1.813333333333333,1.1824390243902441,"Yes, all 82 manuscript-cohort videos"
148.4,Animal_148_4DLC_resnet50_Freezing_07-2020Sep29shuffle1_100000filtered,ELS,"Sanguino-Gomez et al., 2024",3,28,142,11250,10908,1.2622222222222219,1.1824390243902441,"Yes, all 82 manuscript-cohort videos"
150.3,Animal_150_3DLC_resnet50_Freezing_07-2020Sep29shuffle1_100000filtered,ELS,"Sanguino-Gomez et al., 2024",3,28,26,11250,10908,0.2311111111111111,1.1824390243902441,"Yes, all 82 manuscript-cohort videos"
150.5,Animal_150_5DLC_resnet50_Freezing_07-2020Sep29shuffle1_100000filtered,ELS,"Sanguino-Gomez et al., 2024",3,28,86,11250,10908,0.76444444444444437,1.1824390243902441,"Yes, all 82 manuscript-cohort videos"
153.4,Animal_153_4DLC_resnet50_Freezing_07-2020Sep29shuffle1_100000filtered,ELS,"Sanguino-Gomez et al., 2024",3,28,32,11250,10908,0.28444444444444439,1.1824390243902441,"Yes, all 82 manuscript-cohort videos"
154.4,Animal_154_4DLC_resnet50_Freezing_07-2020Sep29shuffle1_100000filtered,ELS,"Sanguino-Gomez et al., 2024",3,28,163,11250,10908,1.4488888888888889,1.1824390243902441,"Yes, all 82 manuscript-cohort videos"
11.4,Animal 11_4DLC_resnet50_Freezing_07-2020Sep29shuffle1_100000filtered,Control,"Sanguino-Gomez and Krugers, 2024",1,29,10,11250,1125,8.8888888888888892E-2,0.12195121951219511,"Yes, all 82 manuscript-cohort videos"
11.6,Animal 11_6DLC_resnet50_Freezing_07-2020Sep29shuffle1_100000filtered,Control,"Sanguino-Gomez and Krugers, 2024",1,29,7,11250,1125,6.2222222222222227E-2,0.12195121951219511,"Yes, all 82 manuscript-cohort videos"
34.5,Animal 34_5DLC_resnet50_Freezing_07-2020Sep29shuffle1_100000filtered,Control,"Sanguino-Gomez and Krugers, 2024",1,29,70,11250,1125,0.62222222222222223,0.12195121951219511,"Yes, all 82 manuscript-cohort videos"
40.4,Animal_40_4DLC_resnet50_Freezing_07-2020Sep29shuffle1_100000filtered,Control,"Sanguino-Gomez and Krugers, 2024",1,29,22,11250,1125,0.19555555555555551,0.12195121951219511,"Yes, all 82 manuscript-cohort videos"
40.6,Animal_40_6DLC_resnet50_Freezing_07-2020Sep29shuffle1_100000filtered,Control,"Sanguino-Gomez and Krugers, 2024",1,29,9,11250,1125,0.08,0.12195121951219511,"Yes, all 82 manuscript-cohort videos"
41.4,Animal_41_4DLC_resnet50_Freezing_07-2020Sep29shuffle1_100000filtered,Control,"Sanguino-Gomez and Krugers, 2024",1,29,27,11250,1125,0.24,0.12195121951219511,"Yes, all 82 manuscript-cohort videos"
41.5,Animal_41_5DLC_resnet50_Freezing_07-2020Sep29shuffle1_100000filtered,Control,"Sanguino-Gomez and Krugers, 2024",1,29,20,11250,1125,0.17777777777777781,0.12195121951219511,"Yes, all 82 manuscript-cohort videos"
41.6,Animal_41_6DLC_resnet50_Freezing_07-2020Sep29shuffle1_100000filtered,Control,"Sanguino-Gomez and Krugers, 2024",1,29,28,11250,1125,0.24888888888888891,0.12195121951219511,"Yes, all 82 manuscript-cohort videos"
47.5,Animal_47_5DLC_resnet50_Freezing_07-2020Sep29shuffle1_100000filtered,Control,"Sanguino-Gomez and Krugers, 2024",1,29,19,11250,1125,0.16888888888888889,0.12195121951219511,"Yes, all 82 manuscript-cohort videos"
5.4,Animal 5_4DLC_resnet50_Freezing_07-2020Sep29shuffle1_100000filtered,Control,"Sanguino-Gomez and Krugers, 2024",1,29,28,11250,1125,0.24888888888888891,0.12195121951219511,"Yes, all 82 manuscript-cohort videos"
50.5,Animal_50_5DLC_resnet50_Freezing_07-2020Sep29shuffle1_100000filtered,Control,"Sanguino-Gomez and Krugers, 2024",1,29,16,11250,1125,0.14222222222222219,0.12195121951219511,"Yes, all 82 manuscript-cohort videos"
53.5,Animal_53_5DLC_resnet50_Freezing_07-2020Sep29shuffle1_100000filtered,Control,"Sanguino-Gomez and Krugers, 2024",1,29,4,11250,1125,3.5555555555555562E-2,0.12195121951219511,"Yes, all 82 manuscript-cohort videos"
54.3,Animal_54_3DLC_resnet50_Freezing_07-2020Sep29shuffle1_100000filtered,Control,"Sanguino-Gomez and Krugers, 2024",1,29,17,11250,1125,0.15111111111111111,0.12195121951219511,"Yes, all 82 manuscript-cohort videos"
54.6,Animal_54_6DLC_resnet50_Freezing_07-2020Sep29shuffle1_100000filtered,Control,"Sanguino-Gomez and Krugers, 2024",1,29,6,11250,1125,5.3333333333333337E-2,0.12195121951219511,"Yes, all 82 manuscript-cohort videos"
58.5,Animal_58_5DLC_resnet50_Freezing_07-2020Sep29shuffle1_100000filtered,Control,"Sanguino-Gomez and Krugers, 2024",1,29,29,11250,1125,0.25777777777777777,0.12195121951219511,"Yes, all 82 manuscript-cohort videos"
62.1,Animal_62_1DLC_resnet50_Freezing_07-2020Sep29shuffle1_100000filtered,Control,"Sanguino-Gomez and Krugers, 2024",1,29,26,11250,1125,0.2311111111111111,0.12195121951219511,"Yes, all 82 manuscript-cohort videos"
62.2,Animal_62_2DLC_resnet50_Freezing_07-2020Sep29shuffle1_100000filtered,Control,"Sanguino-Gomez and Krugers, 2024",1,29,8,11250,1125,7.1111111111111111E-2,0.12195121951219511,"Yes, all 82 manuscript-cohort videos"
62.3,Animal_62_3DLC_resnet50_Freezing_07-2020Sep29shuffle1_100000filtered,Control,"Sanguino-Gomez and Krugers, 2024",1,29,21,11250,1125,0.1866666666666667,0.12195121951219511,"Yes, all 82 manuscript-cohort videos"
62.4,Animal_62_4DLC_resnet50_Freezing_07-2020Sep29shuffle1_100000filtered,Control,"Sanguino-Gomez and Krugers, 2024",1,29,29,11250,1125,0.25777777777777777,0.12195121951219511,"Yes, all 82 manuscript-cohort videos"
62.5,Animal_62_5DLC_resnet50_Freezing_07-2020Sep29shuffle1_100000filtered,Control,"Sanguino-Gomez and Krugers, 2024",1,29,23,11250,1125,0.20444444444444451,0.12195121951219511,"Yes, all 82 manuscript-cohort videos"
68.1,Animal_68_1DLC_resnet50_Freezing_07-2020Sep29shuffle1_100000filtered,Control,"Sanguino-Gomez and Krugers, 2024",1,29,2,11250,1125,1.7777777777777781E-2,0.12195121951219511,"Yes, all 82 manuscript-cohort videos"
74.1,Animal_74_1DLC_resnet50_Freezing_07-2020Sep29shuffle1_100000filtered,Control,"Sanguino-Gomez and Krugers, 2024",1,29,20,11250,1125,0.17777777777777781,0.12195121951219511,"Yes, all 82 manuscript-cohort videos"
80.3,Animal_80_3DLC_resnet50_Freezing_07-2020Sep29shuffle1_100000filtered,Control,"Sanguino-Gomez and Krugers, 2024",1,29,8,11250,1125,7.1111111111111111E-2,0.12195121951219511,"Yes, all 82 manuscript-cohort videos"
15.4,Animal 15_4DLC_resnet50_Freezing_07-2020Sep29shuffle1_100000filtered,ELS,"Sanguino-Gomez and Krugers, 2024",1,29,4,11250,1125,3.5555555555555562E-2,0.12195121951219511,"Yes, all 82 manuscript-cohort videos"
2.4,Animal 2_4DLC_resnet50_Freezing_07-2020Sep29shuffle1_100000filtered,ELS,"Sanguino-Gomez and Krugers, 2024",1,29,6,11250,1125,5.3333333333333337E-2,0.12195121951219511,"Yes, all 82 manuscript-cohort videos"
23.4,Animal 23_4DLC_resnet50_Freezing_07-2020Sep29shuffle1_100000filtered,ELS,"Sanguino-Gomez and Krugers, 2024",1,29,19,11250,1125,0.16888888888888889,0.12195121951219511,"Yes, all 82 manuscript-cohort videos"
25.1,Animal 25_1DLC_resnet50_Freezing_07-2020Sep29shuffle1_100000filtered,ELS,"Sanguino-Gomez and Krugers, 2024",1,29,21,11250,1125,0.1866666666666667,0.12195121951219511,"Yes, all 82 manuscript-cohort videos"
26.4,Animal 26_4DLC_resnet50_Freezing_07-2020Sep29shuffle1_100000filtered,ELS,"Sanguino-Gomez and Krugers, 2024",1,29,23,11250,1125,0.20444444444444451,0.12195121951219511,"Yes, all 82 manuscript-cohort videos"
32.2,Animal 32_2DLC_resnet50_Freezing_07-2020Sep29shuffle1_100000filtered,ELS,"Sanguino-Gomez and Krugers, 2024",1,29,5,11250,1125,4.4444444444444453E-2,0.12195121951219511,"Yes, all 82 manuscript-cohort videos"
32.4,Animal 32_4DLC_resnet50_Freezing_07-2020Sep29shuffle1_100000filtered,ELS,"Sanguino-Gomez and Krugers, 2024",1,29,12,11250,1125,0.1066666666666667,0.12195121951219511,"Yes, all 82 manuscript-cohort videos"
43.3,Animal_43_3DLC_resnet50_Freezing_07-2020Sep29shuffle1_100000filtered,ELS,"Sanguino-Gomez and Krugers, 2024",1,29,40,11250,1125,0.35555555555555562,0.12195121951219511,"Yes, all 82 manuscript-cohort videos"
43.5,Animal_43_5DLC_resnet50_Freezing_07-2020Sep29shuffle1_100000filtered,ELS,"Sanguino-Gomez and Krugers, 2024",1,29,3,11250,1125,2.6666666666666668E-2,0.12195121951219511,"Yes, all 82 manuscript-cohort videos"
49.5,Animal_49_5DLC_resnet50_Freezing_07-2020Sep29shuffle1_100000filtered,ELS,"Sanguino-Gomez and Krugers, 2024",1,29,19,11250,1125,0.16888888888888889,0.12195121951219511,"Yes, all 82 manuscript-cohort videos"
49.6,Animal_49_6DLC_resnet50_Freezing_07-2020Sep29shuffle1_100000filtered,ELS,"Sanguino-Gomez and Krugers, 2024",1,29,5,11250,1125,4.4444444444444453E-2,0.12195121951219511,"Yes, all 82 manuscript-cohort videos"
55.3,Animal_55_3DLC_resnet50_Freezing_07-2020Sep29shuffle1_100000filtered,ELS,"Sanguino-Gomez and Krugers, 2024",1,29,16,11250,1125,0.14222222222222219,0.12195121951219511,"Yes, all 82 manuscript-cohort videos"
55.5,Animal_55_5DLC_resnet50_Freezing_07-2020Sep29shuffle1_100000filtered,ELS,"Sanguino-Gomez and Krugers, 2024",1,29,14,11250,1125,0.1244444444444445,0.12195121951219511,"Yes, all 82 manuscript-cohort videos"
56.3,Animal_56_3DLC_resnet50_Freezing_07-2020Sep29shuffle1_100000filtered,ELS,"Sanguino-Gomez and Krugers, 2024",1,29,9,11250,1125,0.08,0.12195121951219511,"Yes, all 82 manuscript-cohort videos"
69.1,Animal_69_1DLC_resnet50_Freezing_07-2020Sep29shuffle1_100000filtered,ELS,"Sanguino-Gomez and Krugers, 2024",1,29,17,11250,1125,0.15111111111111111,0.12195121951219511,"Yes, all 82 manuscript-cohort videos"
69.2,Animal_69_2DLC_resnet50_Freezing_07-2020Sep29shuffle1_100000filtered,ELS,"Sanguino-Gomez and Krugers, 2024",1,29,21,11250,1125,0.1866666666666667,0.12195121951219511,"Yes, all 82 manuscript-cohort videos"
69.3,Animal_69_3DLC_resnet50_Freezing_07-2020Sep29shuffle1_100000filtered,ELS,"Sanguino-Gomez and Krugers, 2024",1,29,19,11250,1125,0.16888888888888889,0.12195121951219511,"Yes, all 82 manuscript-cohort videos"
69.5,Animal_69_5DLC_resnet50_Freezing_07-2020Sep29shuffle1_100000filtered,ELS,"Sanguino-Gomez and Krugers, 2024",1,29,14,11250,1125,0.1244444444444445,0.12195121951219511,"Yes, all 82 manuscript-cohort videos"
73.1,Animal_73_1DLC_resnet50_Freezing_07-2020Sep29shuffle1_100000filtered,ELS,"Sanguino-Gomez and Krugers, 2024",1,29,4,11250,1125,3.5555555555555562E-2,0.12195121951219511,"Yes, all 82 manuscript-cohort videos"
73.4,Animal_73_4DLC_resnet50_Freezing_07-2020Sep29shuffle1_100000filtered,ELS,"Sanguino-Gomez and Krugers, 2024",1,29,13,11250,1125,0.11555555555555561,0.12195121951219511,"Yes, all 82 manuscript-cohort videos"
75.1,Animal_75_1DLC_resnet50_Freezing_07-2020Sep29shuffle1_100000filtered,ELS,"Sanguino-Gomez and Krugers, 2024",1,29,35,11250,1125,0.31111111111111112,0.12195121951219511,"Yes, all 82 manuscript-cohort videos"
88.3,Animal_88_3DLC_resnet50_Freezing_07-2020Sep29shuffle1_100000filtered,ELS,"Sanguino-Gomez and Krugers, 2024",1,29,22,11250,1125,0.19555555555555551,0.12195121951219511,"Yes, all 82 manuscript-cohort videos"
129.4,Animal_129_4DLC_resnet50_Freezing_07-2020Sep29shuffle1_100000filtered,Control,"Sanguino-Gomez et al., 2024",3,29,5,11250,1125,4.4444444444444453E-2,0.12195121951219511,"Yes, all 82 manuscript-cohort videos"
136.2,Animal_136_2DLC_resnet50_Freezing_07-2020Sep29shuffle1_100000filtered,Control,"Sanguino-Gomez et al., 2024",3,29,2,11250,1125,1.7777777777777781E-2,0.12195121951219511,"Yes, all 82 manuscript-cohort videos"
136.5,Animal_136_5DLC_resnet50_Freezing_07-2020Sep29shuffle1_100000filtered,Control,"Sanguino-Gomez et al., 2024",3,29,12,11250,1125,0.1066666666666667,0.12195121951219511,"Yes, all 82 manuscript-cohort videos"
137.3,Animal_137_3DLC_resnet50_Freezing_07-2020Sep29shuffle1_100000filtered,Control,"Sanguino-Gomez et al., 2024",3,29,6,11250,1125,5.3333333333333337E-2,0.12195121951219511,"Yes, all 82 manuscript-cohort videos"
145.5,Animal_145_5DLC_resnet50_Freezing_07-2020Sep29shuffle1_100000filtered,Control,"Sanguino-Gomez et al., 2024",3,29,16,11250,1125,0.14222222222222219,0.12195121951219511,"Yes, all 82 manuscript-cohort videos"
146.6,Animal_146_6DLC_resnet50_Freezing_07-2020Sep29shuffle1_100000filtered,Control,"Sanguino-Gomez et al., 2024",3,29,7,11250,1125,6.2222222222222227E-2,0.12195121951219511,"Yes, all 82 manuscript-cohort videos"
147.4,Animal_147_4DLC_resnet50_Freezing_07-2020Sep29shuffle1_100000filtered,Control,"Sanguino-Gomez et al., 2024",3,29,17,11250,1125,0.15111111111111111,0.12195121951219511,"Yes, all 82 manuscript-cohort videos"
152.3,Animal_152_3DLC_resnet50_Freezing_07-2020Sep29shuffle1_100000filtered,Control,"Sanguino-Gomez et al., 2024",3,29,17,11250,1125,0.15111111111111111,0.12195121951219511,"Yes, all 82 manuscript-cohort videos"
152.5,Animal_152_5DLC_resnet50_Freezing_07-2020Sep29shuffle1_100000filtered,Control,"Sanguino-Gomez et al., 2024",3,29,19,11250,1125,0.16888888888888889,0.12195121951219511,"Yes, all 82 manuscript-cohort videos"
157.1,Animal_157_1DLC_resnet50_Freezing_07-2020Sep29shuffle1_100000filtered,Control,"Sanguino-Gomez et al., 2024",3,29,14,11250,1125,0.1244444444444445,0.12195121951219511,"Yes, all 82 manuscript-cohort videos"
157.4,Animal_157_4DLC_resnet50_Freezing_07-2020Sep29shuffle1_100000filtered,Control,"Sanguino-Gomez et al., 2024",3,29,23,11250,1125,0.20444444444444451,0.12195121951219511,"Yes, all 82 manuscript-cohort videos"
158.5,Animal_158_5DLC_resnet50_Freezing_07-2020Sep29shuffle1_100000filtered,Control,"Sanguino-Gomez et al., 2024",3,29,21,11250,1125,0.1866666666666667,0.12195121951219511,"Yes, all 82 manuscript-cohort videos"
161.1,Animal_161_1DLC_resnet50_Freezing_07-2020Sep29shuffle1_100000filtered,Control,"Sanguino-Gomez et al., 2024",3,29,14,11250,1125,0.1244444444444445,0.12195121951219511,"Yes, all 82 manuscript-cohort videos"
161.3,Animal_161_3DLC_resnet50_Freezing_07-2020Sep29shuffle1_100000filtered,Control,"Sanguino-Gomez et al., 2024",3,29,10,11250,1125,8.8888888888888892E-2,0.12195121951219511,"Yes, all 82 manuscript-cohort videos"
123.3,Animal_123_3DLC_resnet50_Freezing_07-2020Sep29shuffle1_100000filtered,ELS,"Sanguino-Gomez et al., 2024",3,29,8,11250,1125,7.1111111111111111E-2,0.12195121951219511,"Yes, all 82 manuscript-cohort videos"
128.4,Animal_128_4DLC_resnet50_Freezing_07-2020Sep29shuffle1_100000filtered,ELS,"Sanguino-Gomez et al., 2024",3,29,43,11250,1125,0.38222222222222219,0.12195121951219511,"Yes, all 82 manuscript-cohort videos"
133.3,Animal_133_3DLC_resnet50_Freezing_07-2020Sep29shuffle1_100000filtered,ELS,"Sanguino-Gomez et al., 2024",3,29,4,11250,1125,3.5555555555555562E-2,0.12195121951219511,"Yes, all 82 manuscript-cohort videos"
134.2,Animal_134_2DLC_resnet50_Freezing_07-2020Sep29shuffle1_100000filtered,ELS,"Sanguino-Gomez et al., 2024",3,29,15,11250,1125,0.1333333333333333,0.12195121951219511,"Yes, all 82 manuscript-cohort videos"
134.4,Animal_134_4DLC_resnet50_Freezing_07-2020Sep29shuffle1_100000filtered,ELS,"Sanguino-Gomez et al., 2024",3,29,12,11250,1125,0.1066666666666667,0.12195121951219511,"Yes, all 82 manuscript-cohort videos"
144.3,Animal_144_3DLC_resnet50_Freezing_07-2020Sep29shuffle1_100000filtered,ELS,"Sanguino-Gomez et al., 2024",3,29,2,11250,1125,1.7777777777777781E-2,0.12195121951219511,"Yes, all 82 manuscript-cohort videos"
148.4,Animal_148_4DLC_resnet50_Freezing_07-2020Sep29shuffle1_100000filtered,ELS,"Sanguino-Gomez et al., 2024",3,29,18,11250,1125,0.16,0.12195121951219511,"Yes, all 82 manuscript-cohort videos"
150.3,Animal_150_3DLC_resnet50_Freezing_07-2020Sep29shuffle1_100000filtered,ELS,"Sanguino-Gomez et al., 2024",3,29,9,11250,1125,0.08,0.12195121951219511,"Yes, all 82 manuscript-cohort videos"
150.5,Animal_150_5DLC_resnet50_Freezing_07-2020Sep29shuffle1_100000filtered,ELS,"Sanguino-Gomez et al., 2024",3,29,12,11250,1125,0.1066666666666667,0.12195121951219511,"Yes, all 82 manuscript-cohort videos"
153.4,Animal_153_4DLC_resnet50_Freezing_07-2020Sep29shuffle1_100000filtered,ELS,"Sanguino-Gomez et al., 2024",3,29,4,11250,1125,3.5555555555555562E-2,0.12195121951219511,"Yes, all 82 manuscript-cohort videos"
154.4,Animal_154_4DLC_resnet50_Freezing_07-2020Sep29shuffle1_100000filtered,ELS,"Sanguino-Gomez et al., 2024",3,29,5,11250,1125,4.4444444444444453E-2,0.12195121951219511,"Yes, all 82 manuscript-cohort videos"
159.3,Animal_159_3DLC_resnet50_Freezing_07-2020Sep29shuffle1_100000filtered,ELS,"Sanguino-Gomez et al., 2024",3,29,9,11250,1125,0.08,0.12195121951219511,"Yes, all 82 manuscript-cohort videos"
159.4,Animal_159_4DLC_resnet50_Freezing_07-2020Sep29shuffle1_100000filtered,ELS,"Sanguino-Gomez et al., 2024",3,29,1,11250,1125,8.8888888888888889E-3,0.12195121951219511,"Yes, all 82 manuscript-cohort videos"
159.5,Animal_159_5DLC_resnet50_Freezing_07-2020Sep29shuffle1_100000filtered,ELS,"Sanguino-Gomez et al., 2024",3,29,10,11250,1125,8.8888888888888892E-2,0.12195121951219511,"Yes, all 82 manuscript-cohort videos"
11.4,Animal 11_4DLC_resnet50_Freezing_07-2020Sep29shuffle1_100000filtered,Control,"Sanguino-Gomez and Krugers, 2024",1,30,37,11250,1572,0.3288888888888889,0.17040650406504071,"Yes, all 82 manuscript-cohort videos"
11.6,Animal 11_6DLC_resnet50_Freezing_07-2020Sep29shuffle1_100000filtered,Control,"Sanguino-Gomez and Krugers, 2024",1,30,26,11250,1572,0.2311111111111111,0.17040650406504071,"Yes, all 82 manuscript-cohort videos"
34.4,Animal 34_4DLC_resnet50_Freezing_07-2020Sep29shuffle1_100000filtered,Control,"Sanguino-Gomez and Krugers, 2024",1,30,29,11250,1572,0.25777777777777777,0.17040650406504071,"Yes, all 82 manuscript-cohort videos"
34.5,Animal 34_5DLC_resnet50_Freezing_07-2020Sep29shuffle1_100000filtered,Control,"Sanguino-Gomez and Krugers, 2024",1,30,25,11250,1572,0.22222222222222221,0.17040650406504071,"Yes, all 82 manuscript-cohort videos"
40.4,Animal_40_4DLC_resnet50_Freezing_07-2020Sep29shuffle1_100000filtered,Control,"Sanguino-Gomez and Krugers, 2024",1,30,12,11250,1572,0.1066666666666667,0.17040650406504071,"Yes, all 82 manuscript-cohort videos"
40.6,Animal_40_6DLC_resnet50_Freezing_07-2020Sep29shuffle1_100000filtered,Control,"Sanguino-Gomez and Krugers, 2024",1,30,11,11250,1572,9.7777777777777769E-2,0.17040650406504071,"Yes, all 82 manuscript-cohort videos"
41.4,Animal_41_4DLC_resnet50_Freezing_07-2020Sep29shuffle1_100000filtered,Control,"Sanguino-Gomez and Krugers, 2024",1,30,2,11250,1572,1.7777777777777781E-2,0.17040650406504071,"Yes, all 82 manuscript-cohort videos"
41.6,Animal_41_6DLC_resnet50_Freezing_07-2020Sep29shuffle1_100000filtered,Control,"Sanguino-Gomez and Krugers, 2024",1,30,33,11250,1572,0.29333333333333328,0.17040650406504071,"Yes, all 82 manuscript-cohort videos"
47.5,Animal_47_5DLC_resnet50_Freezing_07-2020Sep29shuffle1_100000filtered,Control,"Sanguino-Gomez and Krugers, 2024",1,30,5,11250,1572,4.4444444444444453E-2,0.17040650406504071,"Yes, all 82 manuscript-cohort videos"
5.4,Animal 5_4DLC_resnet50_Freezing_07-2020Sep29shuffle1_100000filtered,Control,"Sanguino-Gomez and Krugers, 2024",1,30,32,11250,1572,0.28444444444444439,0.17040650406504071,"Yes, all 82 manuscript-cohort videos"
50.5,Animal_50_5DLC_resnet50_Freezing_07-2020Sep29shuffle1_100000filtered,Control,"Sanguino-Gomez and Krugers, 2024",1,30,28,11250,1572,0.24888888888888891,0.17040650406504071,"Yes, all 82 manuscript-cohort videos"
53.5,Animal_53_5DLC_resnet50_Freezing_07-2020Sep29shuffle1_100000filtered,Control,"Sanguino-Gomez and Krugers, 2024",1,30,49,11250,1572,0.43555555555555547,0.17040650406504071,"Yes, all 82 manuscript-cohort videos"
54.3,Animal_54_3DLC_resnet50_Freezing_07-2020Sep29shuffle1_100000filtered,Control,"Sanguino-Gomez and Krugers, 2024",1,30,21,11250,1572,0.1866666666666667,0.17040650406504071,"Yes, all 82 manuscript-cohort videos"
54.4,Animal_54_4DLC_resnet50_Freezing_07-2020Sep29shuffle1_100000filtered,Control,"Sanguino-Gomez and Krugers, 2024",1,30,15,11250,1572,0.1333333333333333,0.17040650406504071,"Yes, all 82 manuscript-cohort videos"
54.6,Animal_54_6DLC_resnet50_Freezing_07-2020Sep29shuffle1_100000filtered,Control,"Sanguino-Gomez and Krugers, 2024",1,30,25,11250,1572,0.22222222222222221,0.17040650406504071,"Yes, all 82 manuscript-cohort videos"
58.5,Animal_58_5DLC_resnet50_Freezing_07-2020Sep29shuffle1_100000filtered,Control,"Sanguino-Gomez and Krugers, 2024",1,30,22,11250,1572,0.19555555555555551,0.17040650406504071,"Yes, all 82 manuscript-cohort videos"
62.1,Animal_62_1DLC_resnet50_Freezing_07-2020Sep29shuffle1_100000filtered,Control,"Sanguino-Gomez and Krugers, 2024",1,30,37,11250,1572,0.3288888888888889,0.17040650406504071,"Yes, all 82 manuscript-cohort videos"
62.2,Animal_62_2DLC_resnet50_Freezing_07-2020Sep29shuffle1_100000filtered,Control,"Sanguino-Gomez and Krugers, 2024",1,30,6,11250,1572,5.3333333333333337E-2,0.17040650406504071,"Yes, all 82 manuscript-cohort videos"
62.3,Animal_62_3DLC_resnet50_Freezing_07-2020Sep29shuffle1_100000filtered,Control,"Sanguino-Gomez and Krugers, 2024",1,30,18,11250,1572,0.16,0.17040650406504071,"Yes, all 82 manuscript-cohort videos"
62.4,Animal_62_4DLC_resnet50_Freezing_07-2020Sep29shuffle1_100000filtered,Control,"Sanguino-Gomez and Krugers, 2024",1,30,22,11250,1572,0.19555555555555551,0.17040650406504071,"Yes, all 82 manuscript-cohort videos"
62.5,Animal_62_5DLC_resnet50_Freezing_07-2020Sep29shuffle1_100000filtered,Control,"Sanguino-Gomez and Krugers, 2024",1,30,34,11250,1572,0.30222222222222223,0.17040650406504071,"Yes, all 82 manuscript-cohort videos"
68.1,Animal_68_1DLC_resnet50_Freezing_07-2020Sep29shuffle1_100000filtered,Control,"Sanguino-Gomez and Krugers, 2024",1,30,17,11250,1572,0.15111111111111111,0.17040650406504071,"Yes, all 82 manuscript-cohort videos"
80.3,Animal_80_3DLC_resnet50_Freezing_07-2020Sep29shuffle1_100000filtered,Control,"Sanguino-Gomez and Krugers, 2024",1,30,19,11250,1572,0.16888888888888889,0.17040650406504071,"Yes, all 82 manuscript-cohort videos"
15.4,Animal 15_4DLC_resnet50_Freezing_07-2020Sep29shuffle1_100000filtered,ELS,"Sanguino-Gomez and Krugers, 2024",1,30,25,11250,1572,0.22222222222222221,0.17040650406504071,"Yes, all 82 manuscript-cohort videos"
15.6,Animal 15_6DLC_resnet50_Freezing_07-2020Sep29shuffle1_100000filtered,ELS,"Sanguino-Gomez and Krugers, 2024",1,30,55,11250,1572,0.48888888888888887,0.17040650406504071,"Yes, all 82 manuscript-cohort videos"
2.4,Animal 2_4DLC_resnet50_Freezing_07-2020Sep29shuffle1_100000filtered,ELS,"Sanguino-Gomez and Krugers, 2024",1,30,15,11250,1572,0.1333333333333333,0.17040650406504071,"Yes, all 82 manuscript-cohort videos"
23.4,Animal 23_4DLC_resnet50_Freezing_07-2020Sep29shuffle1_100000filtered,ELS,"Sanguino-Gomez and Krugers, 2024",1,30,18,11250,1572,0.16,0.17040650406504071,"Yes, all 82 manuscript-cohort videos"
25.1,Animal 25_1DLC_resnet50_Freezing_07-2020Sep29shuffle1_100000filtered,ELS,"Sanguino-Gomez and Krugers, 2024",1,30,37,11250,1572,0.3288888888888889,0.17040650406504071,"Yes, all 82 manuscript-cohort videos"
32.2,Animal 32_2DLC_resnet50_Freezing_07-2020Sep29shuffle1_100000filtered,ELS,"Sanguino-Gomez and Krugers, 2024",1,30,10,11250,1572,8.8888888888888892E-2,0.17040650406504071,"Yes, all 82 manuscript-cohort videos"
32.4,Animal 32_4DLC_resnet50_Freezing_07-2020Sep29shuffle1_100000filtered,ELS,"Sanguino-Gomez and Krugers, 2024",1,30,23,11250,1572,0.20444444444444451,0.17040650406504071,"Yes, all 82 manuscript-cohort videos"
43.3,Animal_43_3DLC_resnet50_Freezing_07-2020Sep29shuffle1_100000filtered,ELS,"Sanguino-Gomez and Krugers, 2024",1,30,16,11250,1572,0.14222222222222219,0.17040650406504071,"Yes, all 82 manuscript-cohort videos"
43.5,Animal_43_5DLC_resnet50_Freezing_07-2020Sep29shuffle1_100000filtered,ELS,"Sanguino-Gomez and Krugers, 2024",1,30,14,11250,1572,0.1244444444444445,0.17040650406504071,"Yes, all 82 manuscript-cohort videos"
49.5,Animal_49_5DLC_resnet50_Freezing_07-2020Sep29shuffle1_100000filtered,ELS,"Sanguino-Gomez and Krugers, 2024",1,30,29,11250,1572,0.25777777777777777,0.17040650406504071,"Yes, all 82 manuscript-cohort videos"
49.6,Animal_49_6DLC_resnet50_Freezing_07-2020Sep29shuffle1_100000filtered,ELS,"Sanguino-Gomez and Krugers, 2024",1,30,12,11250,1572,0.1066666666666667,0.17040650406504071,"Yes, all 82 manuscript-cohort videos"
55.3,Animal_55_3DLC_resnet50_Freezing_07-2020Sep29shuffle1_100000filtered,ELS,"Sanguino-Gomez and Krugers, 2024",1,30,21,11250,1572,0.1866666666666667,0.17040650406504071,"Yes, all 82 manuscript-cohort videos"
55.5,Animal_55_5DLC_resnet50_Freezing_07-2020Sep29shuffle1_100000filtered,ELS,"Sanguino-Gomez and Krugers, 2024",1,30,20,11250,1572,0.17777777777777781,0.17040650406504071,"Yes, all 82 manuscript-cohort videos"
56.3,Animal_56_3DLC_resnet50_Freezing_07-2020Sep29shuffle1_100000filtered,ELS,"Sanguino-Gomez and Krugers, 2024",1,30,28,11250,1572,0.24888888888888891,0.17040650406504071,"Yes, all 82 manuscript-cohort videos"
63.3,Animal_63_3DLC_resnet50_Freezing_07-2020Sep29shuffle1_100000filtered,ELS,"Sanguino-Gomez and Krugers, 2024",1,30,53,11250,1572,0.47111111111111109,0.17040650406504071,"Yes, all 82 manuscript-cohort videos"
69.2,Animal_69_2DLC_resnet50_Freezing_07-2020Sep29shuffle1_100000filtered,ELS,"Sanguino-Gomez and Krugers, 2024",1,30,10,11250,1572,8.8888888888888892E-2,0.17040650406504071,"Yes, all 82 manuscript-cohort videos"
69.3,Animal_69_3DLC_resnet50_Freezing_07-2020Sep29shuffle1_100000filtered,ELS,"Sanguino-Gomez and Krugers, 2024",1,30,52,11250,1572,0.4622222222222222,0.17040650406504071,"Yes, all 82 manuscript-cohort videos"
69.5,Animal_69_5DLC_resnet50_Freezing_07-2020Sep29shuffle1_100000filtered,ELS,"Sanguino-Gomez and Krugers, 2024",1,30,1,11250,1572,8.8888888888888889E-3,0.17040650406504071,"Yes, all 82 manuscript-cohort videos"
73.1,Animal_73_1DLC_resnet50_Freezing_07-2020Sep29shuffle1_100000filtered,ELS,"Sanguino-Gomez and Krugers, 2024",1,30,15,11250,1572,0.1333333333333333,0.17040650406504071,"Yes, all 82 manuscript-cohort videos"
73.4,Animal_73_4DLC_resnet50_Freezing_07-2020Sep29shuffle1_100000filtered,ELS,"Sanguino-Gomez and Krugers, 2024",1,30,47,11250,1572,0.41777777777777769,0.17040650406504071,"Yes, all 82 manuscript-cohort videos"
75.1,Animal_75_1DLC_resnet50_Freezing_07-2020Sep29shuffle1_100000filtered,ELS,"Sanguino-Gomez and Krugers, 2024",1,30,22,11250,1572,0.19555555555555551,0.17040650406504071,"Yes, all 82 manuscript-cohort videos"
88.2,Animal_88_2DLC_resnet50_Freezing_07-2020Sep29shuffle1_100000filtered,ELS,"Sanguino-Gomez and Krugers, 2024",1,30,33,11250,1572,0.29333333333333328,0.17040650406504071,"Yes, all 82 manuscript-cohort videos"
88.3,Animal_88_3DLC_resnet50_Freezing_07-2020Sep29shuffle1_100000filtered,ELS,"Sanguino-Gomez and Krugers, 2024",1,30,21,11250,1572,0.1866666666666667,0.17040650406504071,"Yes, all 82 manuscript-cohort videos"
129.1,Animal_129_1DLC_resnet50_Freezing_07-2020Sep29shuffle1_100000filtered,Control,"Sanguino-Gomez et al., 2024",3,30,17,11250,1572,0.15111111111111111,0.17040650406504071,"Yes, all 82 manuscript-cohort videos"
129.4,Animal_129_4DLC_resnet50_Freezing_07-2020Sep29shuffle1_100000filtered,Control,"Sanguino-Gomez et al., 2024",3,30,27,11250,1572,0.24,0.17040650406504071,"Yes, all 82 manuscript-cohort videos"
136.2,Animal_136_2DLC_resnet50_Freezing_07-2020Sep29shuffle1_100000filtered,Control,"Sanguino-Gomez et al., 2024",3,30,9,11250,1572,0.08,0.17040650406504071,"Yes, all 82 manuscript-cohort videos"
137.3,Animal_137_3DLC_resnet50_Freezing_07-2020Sep29shuffle1_100000filtered,Control,"Sanguino-Gomez et al., 2024",3,30,14,11250,1572,0.1244444444444445,0.17040650406504071,"Yes, all 82 manuscript-cohort videos"
145.5,Animal_145_5DLC_resnet50_Freezing_07-2020Sep29shuffle1_100000filtered,Control,"Sanguino-Gomez et al., 2024",3,30,4,11250,1572,3.5555555555555562E-2,0.17040650406504071,"Yes, all 82 manuscript-cohort videos"
146.6,Animal_146_6DLC_resnet50_Freezing_07-2020Sep29shuffle1_100000filtered,Control,"Sanguino-Gomez et al., 2024",3,30,22,11250,1572,0.19555555555555551,0.17040650406504071,"Yes, all 82 manuscript-cohort videos"
147.4,Animal_147_4DLC_resnet50_Freezing_07-2020Sep29shuffle1_100000filtered,Control,"Sanguino-Gomez et al., 2024",3,30,27,11250,1572,0.24,0.17040650406504071,"Yes, all 82 manuscript-cohort videos"
152.3,Animal_152_3DLC_resnet50_Freezing_07-2020Sep29shuffle1_100000filtered,Control,"Sanguino-Gomez et al., 2024",3,30,14,11250,1572,0.1244444444444445,0.17040650406504071,"Yes, all 82 manuscript-cohort videos"
152.5,Animal_152_5DLC_resnet50_Freezing_07-2020Sep29shuffle1_100000filtered,Control,"Sanguino-Gomez et al., 2024",3,30,12,11250,1572,0.1066666666666667,0.17040650406504071,"Yes, all 82 manuscript-cohort videos"
157.1,Animal_157_1DLC_resnet50_Freezing_07-2020Sep29shuffle1_100000filtered,Control,"Sanguino-Gomez et al., 2024",3,30,14,11250,1572,0.1244444444444445,0.17040650406504071,"Yes, all 82 manuscript-cohort videos"
157.4,Animal_157_4DLC_resnet50_Freezing_07-2020Sep29shuffle1_100000filtered,Control,"Sanguino-Gomez et al., 2024",3,30,10,11250,1572,8.8888888888888892E-2,0.17040650406504071,"Yes, all 82 manuscript-cohort videos"
158.5,Animal_158_5DLC_resnet50_Freezing_07-2020Sep29shuffle1_100000filtered,Control,"Sanguino-Gomez et al., 2024",3,30,31,11250,1572,0.27555555555555561,0.17040650406504071,"Yes, all 82 manuscript-cohort videos"
161.1,Animal_161_1DLC_resnet50_Freezing_07-2020Sep29shuffle1_100000filtered,Control,"Sanguino-Gomez et al., 2024",3,30,6,11250,1572,5.3333333333333337E-2,0.17040650406504071,"Yes, all 82 manuscript-cohort videos"
161.3,Animal_161_3DLC_resnet50_Freezing_07-2020Sep29shuffle1_100000filtered,Control,"Sanguino-Gomez et al., 2024",3,30,15,11250,1572,0.1333333333333333,0.17040650406504071,"Yes, all 82 manuscript-cohort videos"
123.3,Animal_123_3DLC_resnet50_Freezing_07-2020Sep29shuffle1_100000filtered,ELS,"Sanguino-Gomez et al., 2024",3,30,8,11250,1572,7.1111111111111111E-2,0.17040650406504071,"Yes, all 82 manuscript-cohort videos"
133.3,Animal_133_3DLC_resnet50_Freezing_07-2020Sep29shuffle1_100000filtered,ELS,"Sanguino-Gomez et al., 2024",3,30,33,11250,1572,0.29333333333333328,0.17040650406504071,"Yes, all 82 manuscript-cohort videos"
134.2,Animal_134_2DLC_resnet50_Freezing_07-2020Sep29shuffle1_100000filtered,ELS,"Sanguino-Gomez et al., 2024",3,30,56,11250,1572,0.49777777777777782,0.17040650406504071,"Yes, all 82 manuscript-cohort videos"
134.4,Animal_134_4DLC_resnet50_Freezing_07-2020Sep29shuffle1_100000filtered,ELS,"Sanguino-Gomez et al., 2024",3,30,21,11250,1572,0.1866666666666667,0.17040650406504071,"Yes, all 82 manuscript-cohort videos"
148.4,Animal_148_4DLC_resnet50_Freezing_07-2020Sep29shuffle1_100000filtered,ELS,"Sanguino-Gomez et al., 2024",3,30,12,11250,1572,0.1066666666666667,0.17040650406504071,"Yes, all 82 manuscript-cohort videos"
150.3,Animal_150_3DLC_resnet50_Freezing_07-2020Sep29shuffle1_100000filtered,ELS,"Sanguino-Gomez et al., 2024",3,30,27,11250,1572,0.24,0.17040650406504071,"Yes, all 82 manuscript-cohort videos"
150.5,Animal_150_5DLC_resnet50_Freezing_07-2020Sep29shuffle1_100000filtered,ELS,"Sanguino-Gomez et al., 2024",3,30,11,11250,1572,9.7777777777777769E-2,0.17040650406504071,"Yes, all 82 manuscript-cohort videos"
153.4,Animal_153_4DLC_resnet50_Freezing_07-2020Sep29shuffle1_100000filtered,ELS,"Sanguino-Gomez et al., 2024",3,30,17,11250,1572,0.15111111111111111,0.17040650406504071,"Yes, all 82 manuscript-cohort videos"
154.4,Animal_154_4DLC_resnet50_Freezing_07-2020Sep29shuffle1_100000filtered,ELS,"Sanguino-Gomez et al., 2024",3,30,34,11250,1572,0.30222222222222223,0.17040650406504071,"Yes, all 82 manuscript-cohort videos"
159.3,Animal_159_3DLC_resnet50_Freezing_07-2020Sep29shuffle1_100000filtered,ELS,"Sanguino-Gomez et al., 2024",3,30,16,11250,1572,0.14222222222222219,0.17040650406504071,"Yes, all 82 manuscript-cohort videos"
159.5,Animal_159_5DLC_resnet50_Freezing_07-2020Sep29shuffle1_100000filtered,ELS,"Sanguino-Gomez et al., 2024",3,30,13,11250,1572,0.11555555555555561,0.17040650406504071,"Yes, all 82 manuscript-cohort videos"
11.4,Animal 11_4DLC_resnet50_Freezing_07-2020Sep29shuffle1_100000filtered,Control,"Sanguino-Gomez and Krugers, 2024",1,31,47,11250,1223,0.41777777777777769,0.13257452574525749,"Yes, all 82 manuscript-cohort videos"
11.6,Animal 11_6DLC_resnet50_Freezing_07-2020Sep29shuffle1_100000filtered,Control,"Sanguino-Gomez and Krugers, 2024",1,31,61,11250,1223,0.54222222222222227,0.13257452574525749,"Yes, all 82 manuscript-cohort videos"
34.5,Animal 34_5DLC_resnet50_Freezing_07-2020Sep29shuffle1_100000filtered,Control,"Sanguino-Gomez and Krugers, 2024",1,31,3,11250,1223,2.6666666666666668E-2,0.13257452574525749,"Yes, all 82 manuscript-cohort videos"
40.4,Animal_40_4DLC_resnet50_Freezing_07-2020Sep29shuffle1_100000filtered,Control,"Sanguino-Gomez and Krugers, 2024",1,31,44,11250,1223,0.39111111111111108,0.13257452574525749,"Yes, all 82 manuscript-cohort videos"
40.6,Animal_40_6DLC_resnet50_Freezing_07-2020Sep29shuffle1_100000filtered,Control,"Sanguino-Gomez and Krugers, 2024",1,31,16,11250,1223,0.14222222222222219,0.13257452574525749,"Yes, all 82 manuscript-cohort videos"
41.4,Animal_41_4DLC_resnet50_Freezing_07-2020Sep29shuffle1_100000filtered,Control,"Sanguino-Gomez and Krugers, 2024",1,31,28,11250,1223,0.24888888888888891,0.13257452574525749,"Yes, all 82 manuscript-cohort videos"
41.5,Animal_41_5DLC_resnet50_Freezing_07-2020Sep29shuffle1_100000filtered,Control,"Sanguino-Gomez and Krugers, 2024",1,31,21,11250,1223,0.1866666666666667,0.13257452574525749,"Yes, all 82 manuscript-cohort videos"
41.6,Animal_41_6DLC_resnet50_Freezing_07-2020Sep29shuffle1_100000filtered,Control,"Sanguino-Gomez and Krugers, 2024",1,31,28,11250,1223,0.24888888888888891,0.13257452574525749,"Yes, all 82 manuscript-cohort videos"
47.5,Animal_47_5DLC_resnet50_Freezing_07-2020Sep29shuffle1_100000filtered,Control,"Sanguino-Gomez and Krugers, 2024",1,31,26,11250,1223,0.2311111111111111,0.13257452574525749,"Yes, all 82 manuscript-cohort videos"
5.4,Animal 5_4DLC_resnet50_Freezing_07-2020Sep29shuffle1_100000filtered,Control,"Sanguino-Gomez and Krugers, 2024",1,31,51,11250,1223,0.45333333333333342,0.13257452574525749,"Yes, all 82 manuscript-cohort videos"
50.5,Animal_50_5DLC_resnet50_Freezing_07-2020Sep29shuffle1_100000filtered,Control,"Sanguino-Gomez and Krugers, 2024",1,31,6,11250,1223,5.3333333333333337E-2,0.13257452574525749,"Yes, all 82 manuscript-cohort videos"
53.5,Animal_53_5DLC_resnet50_Freezing_07-2020Sep29shuffle1_100000filtered,Control,"Sanguino-Gomez and Krugers, 2024",1,31,60,11250,1223,0.53333333333333333,0.13257452574525749,"Yes, all 82 manuscript-cohort videos"
54.3,Animal_54_3DLC_resnet50_Freezing_07-2020Sep29shuffle1_100000filtered,Control,"Sanguino-Gomez and Krugers, 2024",1,31,46,11250,1223,0.40888888888888891,0.13257452574525749,"Yes, all 82 manuscript-cohort videos"
58.5,Animal_58_5DLC_resnet50_Freezing_07-2020Sep29shuffle1_100000filtered,Control,"Sanguino-Gomez and Krugers, 2024",1,31,63,11250,1223,0.55999999999999994,0.13257452574525749,"Yes, all 82 manuscript-cohort videos"
62.1,Animal_62_1DLC_resnet50_Freezing_07-2020Sep29shuffle1_100000filtered,Control,"Sanguino-Gomez and Krugers, 2024",1,31,63,11250,1223,0.55999999999999994,0.13257452574525749,"Yes, all 82 manuscript-cohort videos"
62.2,Animal_62_2DLC_resnet50_Freezing_07-2020Sep29shuffle1_100000filtered,Control,"Sanguino-Gomez and Krugers, 2024",1,31,8,11250,1223,7.1111111111111111E-2,0.13257452574525749,"Yes, all 82 manuscript-cohort videos"
62.3,Animal_62_3DLC_resnet50_Freezing_07-2020Sep29shuffle1_100000filtered,Control,"Sanguino-Gomez and Krugers, 2024",1,31,32,11250,1223,0.28444444444444439,0.13257452574525749,"Yes, all 82 manuscript-cohort videos"
62.5,Animal_62_5DLC_resnet50_Freezing_07-2020Sep29shuffle1_100000filtered,Control,"Sanguino-Gomez and Krugers, 2024",1,31,1,11250,1223,8.8888888888888889E-3,0.13257452574525749,"Yes, all 82 manuscript-cohort videos"
68.1,Animal_68_1DLC_resnet50_Freezing_07-2020Sep29shuffle1_100000filtered,Control,"Sanguino-Gomez and Krugers, 2024",1,31,9,11250,1223,0.08,0.13257452574525749,"Yes, all 82 manuscript-cohort videos"
15.4,Animal 15_4DLC_resnet50_Freezing_07-2020Sep29shuffle1_100000filtered,ELS,"Sanguino-Gomez and Krugers, 2024",1,31,20,11250,1223,0.17777777777777781,0.13257452574525749,"Yes, all 82 manuscript-cohort videos"
15.6,Animal 15_6DLC_resnet50_Freezing_07-2020Sep29shuffle1_100000filtered,ELS,"Sanguino-Gomez and Krugers, 2024",1,31,36,11250,1223,0.32,0.13257452574525749,"Yes, all 82 manuscript-cohort videos"
2.4,Animal 2_4DLC_resnet50_Freezing_07-2020Sep29shuffle1_100000filtered,ELS,"Sanguino-Gomez and Krugers, 2024",1,31,43,11250,1223,0.38222222222222219,0.13257452574525749,"Yes, all 82 manuscript-cohort videos"
25.1,Animal 25_1DLC_resnet50_Freezing_07-2020Sep29shuffle1_100000filtered,ELS,"Sanguino-Gomez and Krugers, 2024",1,31,30,11250,1223,0.26666666666666672,0.13257452574525749,"Yes, all 82 manuscript-cohort videos"
32.2,Animal 32_2DLC_resnet50_Freezing_07-2020Sep29shuffle1_100000filtered,ELS,"Sanguino-Gomez and Krugers, 2024",1,31,54,11250,1223,0.48,0.13257452574525749,"Yes, all 82 manuscript-cohort videos"
32.4,Animal 32_4DLC_resnet50_Freezing_07-2020Sep29shuffle1_100000filtered,ELS,"Sanguino-Gomez and Krugers, 2024",1,31,76,11250,1223,0.67555555555555558,0.13257452574525749,"Yes, all 82 manuscript-cohort videos"
43.3,Animal_43_3DLC_resnet50_Freezing_07-2020Sep29shuffle1_100000filtered,ELS,"Sanguino-Gomez and Krugers, 2024",1,31,4,11250,1223,3.5555555555555562E-2,0.13257452574525749,"Yes, all 82 manuscript-cohort videos"
43.5,Animal_43_5DLC_resnet50_Freezing_07-2020Sep29shuffle1_100000filtered,ELS,"Sanguino-Gomez and Krugers, 2024",1,31,19,11250,1223,0.16888888888888889,0.13257452574525749,"Yes, all 82 manuscript-cohort videos"
49.5,Animal_49_5DLC_resnet50_Freezing_07-2020Sep29shuffle1_100000filtered,ELS,"Sanguino-Gomez and Krugers, 2024",1,31,2,11250,1223,1.7777777777777781E-2,0.13257452574525749,"Yes, all 82 manuscript-cohort videos"
49.6,Animal_49_6DLC_resnet50_Freezing_07-2020Sep29shuffle1_100000filtered,ELS,"Sanguino-Gomez and Krugers, 2024",1,31,10,11250,1223,8.8888888888888892E-2,0.13257452574525749,"Yes, all 82 manuscript-cohort videos"
55.3,Animal_55_3DLC_resnet50_Freezing_07-2020Sep29shuffle1_100000filtered,ELS,"Sanguino-Gomez and Krugers, 2024",1,31,20,11250,1223,0.17777777777777781,0.13257452574525749,"Yes, all 82 manuscript-cohort videos"
55.5,Animal_55_5DLC_resnet50_Freezing_07-2020Sep29shuffle1_100000filtered,ELS,"Sanguino-Gomez and Krugers, 2024",1,31,45,11250,1223,0.4,0.13257452574525749,"Yes, all 82 manuscript-cohort videos"
56.3,Animal_56_3DLC_resnet50_Freezing_07-2020Sep29shuffle1_100000filtered,ELS,"Sanguino-Gomez and Krugers, 2024",1,31,17,11250,1223,0.15111111111111111,0.13257452574525749,"Yes, all 82 manuscript-cohort videos"
63.3,Animal_63_3DLC_resnet50_Freezing_07-2020Sep29shuffle1_100000filtered,ELS,"Sanguino-Gomez and Krugers, 2024",1,31,3,11250,1223,2.6666666666666668E-2,0.13257452574525749,"Yes, all 82 manuscript-cohort videos"
69.1,Animal_69_1DLC_resnet50_Freezing_07-2020Sep29shuffle1_100000filtered,ELS,"Sanguino-Gomez and Krugers, 2024",1,31,7,11250,1223,6.2222222222222227E-2,0.13257452574525749,"Yes, all 82 manuscript-cohort videos"
69.2,Animal_69_2DLC_resnet50_Freezing_07-2020Sep29shuffle1_100000filtered,ELS,"Sanguino-Gomez and Krugers, 2024",1,31,9,11250,1223,0.08,0.13257452574525749,"Yes, all 82 manuscript-cohort videos"
69.3,Animal_69_3DLC_resnet50_Freezing_07-2020Sep29shuffle1_100000filtered,ELS,"Sanguino-Gomez and Krugers, 2024",1,31,6,11250,1223,5.3333333333333337E-2,0.13257452574525749,"Yes, all 82 manuscript-cohort videos"
69.5,Animal_69_5DLC_resnet50_Freezing_07-2020Sep29shuffle1_100000filtered,ELS,"Sanguino-Gomez and Krugers, 2024",1,31,8,11250,1223,7.1111111111111111E-2,0.13257452574525749,"Yes, all 82 manuscript-cohort videos"
73.4,Animal_73_4DLC_resnet50_Freezing_07-2020Sep29shuffle1_100000filtered,ELS,"Sanguino-Gomez and Krugers, 2024",1,31,7,11250,1223,6.2222222222222227E-2,0.13257452574525749,"Yes, all 82 manuscript-cohort videos"
88.3,Animal_88_3DLC_resnet50_Freezing_07-2020Sep29shuffle1_100000filtered,ELS,"Sanguino-Gomez and Krugers, 2024",1,31,7,11250,1223,6.2222222222222227E-2,0.13257452574525749,"Yes, all 82 manuscript-cohort videos"
129.1,Animal_129_1DLC_resnet50_Freezing_07-2020Sep29shuffle1_100000filtered,Control,"Sanguino-Gomez et al., 2024",3,31,4,11250,1223,3.5555555555555562E-2,0.13257452574525749,"Yes, all 82 manuscript-cohort videos"
136.3,Animal_136_3DLC_resnet50_Freezing_07-2020Sep29shuffle1_100000filtered,Control,"Sanguino-Gomez et al., 2024",3,31,10,11250,1223,8.8888888888888892E-2,0.13257452574525749,"Yes, all 82 manuscript-cohort videos"
145.5,Animal_145_5DLC_resnet50_Freezing_07-2020Sep29shuffle1_100000filtered,Control,"Sanguino-Gomez et al., 2024",3,31,9,11250,1223,0.08,0.13257452574525749,"Yes, all 82 manuscript-cohort videos"
147.4,Animal_147_4DLC_resnet50_Freezing_07-2020Sep29shuffle1_100000filtered,Control,"Sanguino-Gomez et al., 2024",3,31,23,11250,1223,0.20444444444444451,0.13257452574525749,"Yes, all 82 manuscript-cohort videos"
152.5,Animal_152_5DLC_resnet50_Freezing_07-2020Sep29shuffle1_100000filtered,Control,"Sanguino-Gomez et al., 2024",3,31,4,11250,1223,3.5555555555555562E-2,0.13257452574525749,"Yes, all 82 manuscript-cohort videos"
157.1,Animal_157_1DLC_resnet50_Freezing_07-2020Sep29shuffle1_100000filtered,Control,"Sanguino-Gomez et al., 2024",3,31,8,11250,1223,7.1111111111111111E-2,0.13257452574525749,"Yes, all 82 manuscript-cohort videos"
158.5,Animal_158_5DLC_resnet50_Freezing_07-2020Sep29shuffle1_100000filtered,Control,"Sanguino-Gomez et al., 2024",3,31,28,11250,1223,0.24888888888888891,0.13257452574525749,"Yes, all 82 manuscript-cohort videos"
161.3,Animal_161_3DLC_resnet50_Freezing_07-2020Sep29shuffle1_100000filtered,Control,"Sanguino-Gomez et al., 2024",3,31,2,11250,1223,1.7777777777777781E-2,0.13257452574525749,"Yes, all 82 manuscript-cohort videos"
123.1,Animal_123_1DLC_resnet50_Freezing_07-2020Sep29shuffle1_100000filtered,ELS,"Sanguino-Gomez et al., 2024",3,31,5,11250,1223,4.4444444444444453E-2,0.13257452574525749,"Yes, all 82 manuscript-cohort videos"
123.3,Animal_123_3DLC_resnet50_Freezing_07-2020Sep29shuffle1_100000filtered,ELS,"Sanguino-Gomez et al., 2024",3,31,16,11250,1223,0.14222222222222219,0.13257452574525749,"Yes, all 82 manuscript-cohort videos"
133.3,Animal_133_3DLC_resnet50_Freezing_07-2020Sep29shuffle1_100000filtered,ELS,"Sanguino-Gomez et al., 2024",3,31,9,11250,1223,0.08,0.13257452574525749,"Yes, all 82 manuscript-cohort videos"
134.2,Animal_134_2DLC_resnet50_Freezing_07-2020Sep29shuffle1_100000filtered,ELS,"Sanguino-Gomez et al., 2024",3,31,3,11250,1223,2.6666666666666668E-2,0.13257452574525749,"Yes, all 82 manuscript-cohort videos"
134.4,Animal_134_4DLC_resnet50_Freezing_07-2020Sep29shuffle1_100000filtered,ELS,"Sanguino-Gomez et al., 2024",3,31,23,11250,1223,0.20444444444444451,0.13257452574525749,"Yes, all 82 manuscript-cohort videos"
148.4,Animal_148_4DLC_resnet50_Freezing_07-2020Sep29shuffle1_100000filtered,ELS,"Sanguino-Gomez et al., 2024",3,31,16,11250,1223,0.14222222222222219,0.13257452574525749,"Yes, all 82 manuscript-cohort videos"
150.3,Animal_150_3DLC_resnet50_Freezing_07-2020Sep29shuffle1_100000filtered,ELS,"Sanguino-Gomez et al., 2024",3,31,5,11250,1223,4.4444444444444453E-2,0.13257452574525749,"Yes, all 82 manuscript-cohort videos"
153.4,Animal_153_4DLC_resnet50_Freezing_07-2020Sep29shuffle1_100000filtered,ELS,"Sanguino-Gomez et al., 2024",3,31,14,11250,1223,0.1244444444444445,0.13257452574525749,"Yes, all 82 manuscript-cohort videos"
154.4,Animal_154_4DLC_resnet50_Freezing_07-2020Sep29shuffle1_100000filtered,ELS,"Sanguino-Gomez et al., 2024",3,31,2,11250,1223,1.7777777777777781E-2,0.13257452574525749,"Yes, all 82 manuscript-cohort videos"
159.5,Animal_159_5DLC_resnet50_Freezing_07-2020Sep29shuffle1_100000filtered,ELS,"Sanguino-Gomez et al., 2024",3,31,6,11250,1223,5.3333333333333337E-2,0.13257452574525749,"Yes, all 82 manuscript-cohort videos"
11.4,Animal 11_4DLC_resnet50_Freezing_07-2020Sep29shuffle1_100000filtered,Control,"Sanguino-Gomez and Krugers, 2024",1,32,112,11250,4336,0.99555555555555564,0.47002710027100281,"Yes, all 82 manuscript-cohort videos"
11.6,Animal 11_6DLC_resnet50_Freezing_07-2020Sep29shuffle1_100000filtered,Control,"Sanguino-Gomez and Krugers, 2024",1,32,163,11250,4336,1.4488888888888889,0.47002710027100281,"Yes, all 82 manuscript-cohort videos"
34.4,Animal 34_4DLC_resnet50_Freezing_07-2020Sep29shuffle1_100000filtered,Control,"Sanguino-Gomez and Krugers, 2024",1,32,3,11250,4336,2.6666666666666668E-2,0.47002710027100281,"Yes, all 82 manuscript-cohort videos"
40.4,Animal_40_4DLC_resnet50_Freezing_07-2020Sep29shuffle1_100000filtered,Control,"Sanguino-Gomez and Krugers, 2024",1,32,227,11250,4336,2.0177777777777779,0.47002710027100281,"Yes, all 82 manuscript-cohort videos"
40.6,Animal_40_6DLC_resnet50_Freezing_07-2020Sep29shuffle1_100000filtered,Control,"Sanguino-Gomez and Krugers, 2024",1,32,89,11250,4336,0.79111111111111121,0.47002710027100281,"Yes, all 82 manuscript-cohort videos"
41.4,Animal_41_4DLC_resnet50_Freezing_07-2020Sep29shuffle1_100000filtered,Control,"Sanguino-Gomez and Krugers, 2024",1,32,112,11250,4336,0.99555555555555564,0.47002710027100281,"Yes, all 82 manuscript-cohort videos"
41.5,Animal_41_5DLC_resnet50_Freezing_07-2020Sep29shuffle1_100000filtered,Control,"Sanguino-Gomez and Krugers, 2024",1,32,40,11250,4336,0.35555555555555562,0.47002710027100281,"Yes, all 82 manuscript-cohort videos"
41.6,Animal_41_6DLC_resnet50_Freezing_07-2020Sep29shuffle1_100000filtered,Control,"Sanguino-Gomez and Krugers, 2024",1,32,209,11250,4336,1.857777777777778,0.47002710027100281,"Yes, all 82 manuscript-cohort videos"
47.5,Animal_47_5DLC_resnet50_Freezing_07-2020Sep29shuffle1_100000filtered,Control,"Sanguino-Gomez and Krugers, 2024",1,32,123,11250,4336,1.093333333333333,0.47002710027100281,"Yes, all 82 manuscript-cohort videos"
5.4,Animal 5_4DLC_resnet50_Freezing_07-2020Sep29shuffle1_100000filtered,Control,"Sanguino-Gomez and Krugers, 2024",1,32,80,11250,4336,0.71111111111111114,0.47002710027100281,"Yes, all 82 manuscript-cohort videos"
50.5,Animal_50_5DLC_resnet50_Freezing_07-2020Sep29shuffle1_100000filtered,Control,"Sanguino-Gomez and Krugers, 2024",1,32,73,11250,4336,0.64888888888888885,0.47002710027100281,"Yes, all 82 manuscript-cohort videos"
53.5,Animal_53_5DLC_resnet50_Freezing_07-2020Sep29shuffle1_100000filtered,Control,"Sanguino-Gomez and Krugers, 2024",1,32,47,11250,4336,0.41777777777777769,0.47002710027100281,"Yes, all 82 manuscript-cohort videos"
54.3,Animal_54_3DLC_resnet50_Freezing_07-2020Sep29shuffle1_100000filtered,Control,"Sanguino-Gomez and Krugers, 2024",1,32,116,11250,4336,1.0311111111111111,0.47002710027100281,"Yes, all 82 manuscript-cohort videos"
54.4,Animal_54_4DLC_resnet50_Freezing_07-2020Sep29shuffle1_100000filtered,Control,"Sanguino-Gomez and Krugers, 2024",1,32,18,11250,4336,0.16,0.47002710027100281,"Yes, all 82 manuscript-cohort videos"
54.6,Animal_54_6DLC_resnet50_Freezing_07-2020Sep29shuffle1_100000filtered,Control,"Sanguino-Gomez and Krugers, 2024",1,32,45,11250,4336,0.4,0.47002710027100281,"Yes, all 82 manuscript-cohort videos"
58.5,Animal_58_5DLC_resnet50_Freezing_07-2020Sep29shuffle1_100000filtered,Control,"Sanguino-Gomez and Krugers, 2024",1,32,27,11250,4336,0.24,0.47002710027100281,"Yes, all 82 manuscript-cohort videos"
62.1,Animal_62_1DLC_resnet50_Freezing_07-2020Sep29shuffle1_100000filtered,Control,"Sanguino-Gomez and Krugers, 2024",1,32,65,11250,4336,0.57777777777777772,0.47002710027100281,"Yes, all 82 manuscript-cohort videos"
62.2,Animal_62_2DLC_resnet50_Freezing_07-2020Sep29shuffle1_100000filtered,Control,"Sanguino-Gomez and Krugers, 2024",1,32,10,11250,4336,8.8888888888888892E-2,0.47002710027100281,"Yes, all 82 manuscript-cohort videos"
62.3,Animal_62_3DLC_resnet50_Freezing_07-2020Sep29shuffle1_100000filtered,Control,"Sanguino-Gomez and Krugers, 2024",1,32,3,11250,4336,2.6666666666666668E-2,0.47002710027100281,"Yes, all 82 manuscript-cohort videos"
62.4,Animal_62_4DLC_resnet50_Freezing_07-2020Sep29shuffle1_100000filtered,Control,"Sanguino-Gomez and Krugers, 2024",1,32,90,11250,4336,0.8,0.47002710027100281,"Yes, all 82 manuscript-cohort videos"
62.5,Animal_62_5DLC_resnet50_Freezing_07-2020Sep29shuffle1_100000filtered,Control,"Sanguino-Gomez and Krugers, 2024",1,32,93,11250,4336,0.82666666666666666,0.47002710027100281,"Yes, all 82 manuscript-cohort videos"
68.1,Animal_68_1DLC_resnet50_Freezing_07-2020Sep29shuffle1_100000filtered,Control,"Sanguino-Gomez and Krugers, 2024",1,32,91,11250,4336,0.80888888888888888,0.47002710027100281,"Yes, all 82 manuscript-cohort videos"
15.4,Animal 15_4DLC_resnet50_Freezing_07-2020Sep29shuffle1_100000filtered,ELS,"Sanguino-Gomez and Krugers, 2024",1,32,26,11250,4336,0.2311111111111111,0.47002710027100281,"Yes, all 82 manuscript-cohort videos"
15.6,Animal 15_6DLC_resnet50_Freezing_07-2020Sep29shuffle1_100000filtered,ELS,"Sanguino-Gomez and Krugers, 2024",1,32,202,11250,4336,1.7955555555555549,0.47002710027100281,"Yes, all 82 manuscript-cohort videos"
2.4,Animal 2_4DLC_resnet50_Freezing_07-2020Sep29shuffle1_100000filtered,ELS,"Sanguino-Gomez and Krugers, 2024",1,32,211,11250,4336,1.8755555555555561,0.47002710027100281,"Yes, all 82 manuscript-cohort videos"
23.4,Animal 23_4DLC_resnet50_Freezing_07-2020Sep29shuffle1_100000filtered,ELS,"Sanguino-Gomez and Krugers, 2024",1,32,37,11250,4336,0.3288888888888889,0.47002710027100281,"Yes, all 82 manuscript-cohort videos"
25.1,Animal 25_1DLC_resnet50_Freezing_07-2020Sep29shuffle1_100000filtered,ELS,"Sanguino-Gomez and Krugers, 2024",1,32,28,11250,4336,0.24888888888888891,0.47002710027100281,"Yes, all 82 manuscript-cohort videos"
32.2,Animal 32_2DLC_resnet50_Freezing_07-2020Sep29shuffle1_100000filtered,ELS,"Sanguino-Gomez and Krugers, 2024",1,32,22,11250,4336,0.19555555555555551,0.47002710027100281,"Yes, all 82 manuscript-cohort videos"
32.4,Animal 32_4DLC_resnet50_Freezing_07-2020Sep29shuffle1_100000filtered,ELS,"Sanguino-Gomez and Krugers, 2024",1,32,136,11250,4336,1.2088888888888889,0.47002710027100281,"Yes, all 82 manuscript-cohort videos"
43.3,Animal_43_3DLC_resnet50_Freezing_07-2020Sep29shuffle1_100000filtered,ELS,"Sanguino-Gomez and Krugers, 2024",1,32,76,11250,4336,0.67555555555555558,0.47002710027100281,"Yes, all 82 manuscript-cohort videos"
43.5,Animal_43_5DLC_resnet50_Freezing_07-2020Sep29shuffle1_100000filtered,ELS,"Sanguino-Gomez and Krugers, 2024",1,32,23,11250,4336,0.20444444444444451,0.47002710027100281,"Yes, all 82 manuscript-cohort videos"
49.5,Animal_49_5DLC_resnet50_Freezing_07-2020Sep29shuffle1_100000filtered,ELS,"Sanguino-Gomez and Krugers, 2024",1,32,317,11250,4336,2.8177777777777782,0.47002710027100281,"Yes, all 82 manuscript-cohort videos"
49.6,Animal_49_6DLC_resnet50_Freezing_07-2020Sep29shuffle1_100000filtered,ELS,"Sanguino-Gomez and Krugers, 2024",1,32,67,11250,4336,0.59555555555555562,0.47002710027100281,"Yes, all 82 manuscript-cohort videos"
55.3,Animal_55_3DLC_resnet50_Freezing_07-2020Sep29shuffle1_100000filtered,ELS,"Sanguino-Gomez and Krugers, 2024",1,32,66,11250,4336,0.58666666666666667,0.47002710027100281,"Yes, all 82 manuscript-cohort videos"
55.5,Animal_55_5DLC_resnet50_Freezing_07-2020Sep29shuffle1_100000filtered,ELS,"Sanguino-Gomez and Krugers, 2024",1,32,54,11250,4336,0.48,0.47002710027100281,"Yes, all 82 manuscript-cohort videos"
56.3,Animal_56_3DLC_resnet50_Freezing_07-2020Sep29shuffle1_100000filtered,ELS,"Sanguino-Gomez and Krugers, 2024",1,32,39,11250,4336,0.34666666666666668,0.47002710027100281,"Yes, all 82 manuscript-cohort videos"
63.3,Animal_63_3DLC_resnet50_Freezing_07-2020Sep29shuffle1_100000filtered,ELS,"Sanguino-Gomez and Krugers, 2024",1,32,69,11250,4336,0.6133333333333334,0.47002710027100281,"Yes, all 82 manuscript-cohort videos"
69.1,Animal_69_1DLC_resnet50_Freezing_07-2020Sep29shuffle1_100000filtered,ELS,"Sanguino-Gomez and Krugers, 2024",1,32,16,11250,4336,0.14222222222222219,0.47002710027100281,"Yes, all 82 manuscript-cohort videos"
69.2,Animal_69_2DLC_resnet50_Freezing_07-2020Sep29shuffle1_100000filtered,ELS,"Sanguino-Gomez and Krugers, 2024",1,32,52,11250,4336,0.4622222222222222,0.47002710027100281,"Yes, all 82 manuscript-cohort videos"
69.3,Animal_69_3DLC_resnet50_Freezing_07-2020Sep29shuffle1_100000filtered,ELS,"Sanguino-Gomez and Krugers, 2024",1,32,32,11250,4336,0.28444444444444439,0.47002710027100281,"Yes, all 82 manuscript-cohort videos"
69.5,Animal_69_5DLC_resnet50_Freezing_07-2020Sep29shuffle1_100000filtered,ELS,"Sanguino-Gomez and Krugers, 2024",1,32,37,11250,4336,0.3288888888888889,0.47002710027100281,"Yes, all 82 manuscript-cohort videos"
73.1,Animal_73_1DLC_resnet50_Freezing_07-2020Sep29shuffle1_100000filtered,ELS,"Sanguino-Gomez and Krugers, 2024",1,32,5,11250,4336,4.4444444444444453E-2,0.47002710027100281,"Yes, all 82 manuscript-cohort videos"
73.4,Animal_73_4DLC_resnet50_Freezing_07-2020Sep29shuffle1_100000filtered,ELS,"Sanguino-Gomez and Krugers, 2024",1,32,21,11250,4336,0.1866666666666667,0.47002710027100281,"Yes, all 82 manuscript-cohort videos"
75.1,Animal_75_1DLC_resnet50_Freezing_07-2020Sep29shuffle1_100000filtered,ELS,"Sanguino-Gomez and Krugers, 2024",1,32,27,11250,4336,0.24,0.47002710027100281,"Yes, all 82 manuscript-cohort videos"
88.3,Animal_88_3DLC_resnet50_Freezing_07-2020Sep29shuffle1_100000filtered,ELS,"Sanguino-Gomez and Krugers, 2024",1,32,18,11250,4336,0.16,0.47002710027100281,"Yes, all 82 manuscript-cohort videos"
136.2,Animal_136_2DLC_resnet50_Freezing_07-2020Sep29shuffle1_100000filtered,Control,"Sanguino-Gomez et al., 2024",3,32,7,11250,4336,6.2222222222222227E-2,0.47002710027100281,"Yes, all 82 manuscript-cohort videos"
136.3,Animal_136_3DLC_resnet50_Freezing_07-2020Sep29shuffle1_100000filtered,Control,"Sanguino-Gomez et al., 2024",3,32,13,11250,4336,0.11555555555555561,0.47002710027100281,"Yes, all 82 manuscript-cohort videos"
145.5,Animal_145_5DLC_resnet50_Freezing_07-2020Sep29shuffle1_100000filtered,Control,"Sanguino-Gomez et al., 2024",3,32,29,11250,4336,0.25777777777777777,0.47002710027100281,"Yes, all 82 manuscript-cohort videos"
146.6,Animal_146_6DLC_resnet50_Freezing_07-2020Sep29shuffle1_100000filtered,Control,"Sanguino-Gomez et al., 2024",3,32,130,11250,4336,1.155555555555555,0.47002710027100281,"Yes, all 82 manuscript-cohort videos"
147.4,Animal_147_4DLC_resnet50_Freezing_07-2020Sep29shuffle1_100000filtered,Control,"Sanguino-Gomez et al., 2024",3,32,181,11250,4336,1.608888888888889,0.47002710027100281,"Yes, all 82 manuscript-cohort videos"
152.3,Animal_152_3DLC_resnet50_Freezing_07-2020Sep29shuffle1_100000filtered,Control,"Sanguino-Gomez et al., 2024",3,32,35,11250,4336,0.31111111111111112,0.47002710027100281,"Yes, all 82 manuscript-cohort videos"
152.5,Animal_152_5DLC_resnet50_Freezing_07-2020Sep29shuffle1_100000filtered,Control,"Sanguino-Gomez et al., 2024",3,32,9,11250,4336,0.08,0.47002710027100281,"Yes, all 82 manuscript-cohort videos"
157.1,Animal_157_1DLC_resnet50_Freezing_07-2020Sep29shuffle1_100000filtered,Control,"Sanguino-Gomez et al., 2024",3,32,133,11250,4336,1.1822222222222221,0.47002710027100281,"Yes, all 82 manuscript-cohort videos"
157.4,Animal_157_4DLC_resnet50_Freezing_07-2020Sep29shuffle1_100000filtered,Control,"Sanguino-Gomez et al., 2024",3,32,23,11250,4336,0.20444444444444451,0.47002710027100281,"Yes, all 82 manuscript-cohort videos"
158.5,Animal_158_5DLC_resnet50_Freezing_07-2020Sep29shuffle1_100000filtered,Control,"Sanguino-Gomez et al., 2024",3,32,11,11250,4336,9.7777777777777769E-2,0.47002710027100281,"Yes, all 82 manuscript-cohort videos"
161.1,Animal_161_1DLC_resnet50_Freezing_07-2020Sep29shuffle1_100000filtered,Control,"Sanguino-Gomez et al., 2024",3,32,31,11250,4336,0.27555555555555561,0.47002710027100281,"Yes, all 82 manuscript-cohort videos"
161.3,Animal_161_3DLC_resnet50_Freezing_07-2020Sep29shuffle1_100000filtered,Control,"Sanguino-Gomez et al., 2024",3,32,57,11250,4336,0.5066666666666666,0.47002710027100281,"Yes, all 82 manuscript-cohort videos"
123.1,Animal_123_1DLC_resnet50_Freezing_07-2020Sep29shuffle1_100000filtered,ELS,"Sanguino-Gomez et al., 2024",3,32,11,11250,4336,9.7777777777777769E-2,0.47002710027100281,"Yes, all 82 manuscript-cohort videos"
123.3,Animal_123_3DLC_resnet50_Freezing_07-2020Sep29shuffle1_100000filtered,ELS,"Sanguino-Gomez et al., 2024",3,32,61,11250,4336,0.54222222222222227,0.47002710027100281,"Yes, all 82 manuscript-cohort videos"
134.4,Animal_134_4DLC_resnet50_Freezing_07-2020Sep29shuffle1_100000filtered,ELS,"Sanguino-Gomez et al., 2024",3,32,22,11250,4336,0.19555555555555551,0.47002710027100281,"Yes, all 82 manuscript-cohort videos"
144.5,Animal_144_5DLC_resnet50_Freezing_07-2020Sep29shuffle1_100000filtered,ELS,"Sanguino-Gomez et al., 2024",3,32,22,11250,4336,0.19555555555555551,0.47002710027100281,"Yes, all 82 manuscript-cohort videos"
148.4,Animal_148_4DLC_resnet50_Freezing_07-2020Sep29shuffle1_100000filtered,ELS,"Sanguino-Gomez et al., 2024",3,32,8,11250,4336,7.1111111111111111E-2,0.47002710027100281,"Yes, all 82 manuscript-cohort videos"
150.5,Animal_150_5DLC_resnet50_Freezing_07-2020Sep29shuffle1_100000filtered,ELS,"Sanguino-Gomez et al., 2024",3,32,36,11250,4336,0.32,0.47002710027100281,"Yes, all 82 manuscript-cohort videos"
154.4,Animal_154_4DLC_resnet50_Freezing_07-2020Sep29shuffle1_100000filtered,ELS,"Sanguino-Gomez et al., 2024",3,32,43,11250,4336,0.38222222222222219,0.47002710027100281,"Yes, all 82 manuscript-cohort videos"
159.3,Animal_159_3DLC_resnet50_Freezing_07-2020Sep29shuffle1_100000filtered,ELS,"Sanguino-Gomez et al., 2024",3,32,37,11250,4336,0.3288888888888889,0.47002710027100281,"Yes, all 82 manuscript-cohort videos"
159.5,Animal_159_5DLC_resnet50_Freezing_07-2020Sep29shuffle1_100000filtered,ELS,"Sanguino-Gomez et al., 2024",3,32,20,11250,4336,0.17777777777777781,0.47002710027100281,"Yes, all 82 manuscript-cohort videos"
11.4,Animal 11_4DLC_resnet50_Freezing_07-2020Sep29shuffle1_100000filtered,Control,"Sanguino-Gomez and Krugers, 2024",1,33,5,11250,597,4.4444444444444453E-2,6.4715447154471542E-2,"Yes, all 82 manuscript-cohort videos"
11.6,Animal 11_6DLC_resnet50_Freezing_07-2020Sep29shuffle1_100000filtered,Control,"Sanguino-Gomez and Krugers, 2024",1,33,14,11250,597,0.1244444444444445,6.4715447154471542E-2,"Yes, all 82 manuscript-cohort videos"
34.4,Animal 34_4DLC_resnet50_Freezing_07-2020Sep29shuffle1_100000filtered,Control,"Sanguino-Gomez and Krugers, 2024",1,33,14,11250,597,0.1244444444444445,6.4715447154471542E-2,"Yes, all 82 manuscript-cohort videos"
40.4,Animal_40_4DLC_resnet50_Freezing_07-2020Sep29shuffle1_100000filtered,Control,"Sanguino-Gomez and Krugers, 2024",1,33,46,11250,597,0.40888888888888891,6.4715447154471542E-2,"Yes, all 82 manuscript-cohort videos"
40.6,Animal_40_6DLC_resnet50_Freezing_07-2020Sep29shuffle1_100000filtered,Control,"Sanguino-Gomez and Krugers, 2024",1,33,24,11250,597,0.21333333333333329,6.4715447154471542E-2,"Yes, all 82 manuscript-cohort videos"
41.4,Animal_41_4DLC_resnet50_Freezing_07-2020Sep29shuffle1_100000filtered,Control,"Sanguino-Gomez and Krugers, 2024",1,33,10,11250,597,8.8888888888888892E-2,6.4715447154471542E-2,"Yes, all 82 manuscript-cohort videos"
41.5,Animal_41_5DLC_resnet50_Freezing_07-2020Sep29shuffle1_100000filtered,Control,"Sanguino-Gomez and Krugers, 2024",1,33,21,11250,597,0.1866666666666667,6.4715447154471542E-2,"Yes, all 82 manuscript-cohort videos"
41.6,Animal_41_6DLC_resnet50_Freezing_07-2020Sep29shuffle1_100000filtered,Control,"Sanguino-Gomez and Krugers, 2024",1,33,12,11250,597,0.1066666666666667,6.4715447154471542E-2,"Yes, all 82 manuscript-cohort videos"
47.5,Animal_47_5DLC_resnet50_Freezing_07-2020Sep29shuffle1_100000filtered,Control,"Sanguino-Gomez and Krugers, 2024",1,33,17,11250,597,0.15111111111111111,6.4715447154471542E-2,"Yes, all 82 manuscript-cohort videos"
5.4,Animal 5_4DLC_resnet50_Freezing_07-2020Sep29shuffle1_100000filtered,Control,"Sanguino-Gomez and Krugers, 2024",1,33,12,11250,597,0.1066666666666667,6.4715447154471542E-2,"Yes, all 82 manuscript-cohort videos"
50.5,Animal_50_5DLC_resnet50_Freezing_07-2020Sep29shuffle1_100000filtered,Control,"Sanguino-Gomez and Krugers, 2024",1,33,2,11250,597,1.7777777777777781E-2,6.4715447154471542E-2,"Yes, all 82 manuscript-cohort videos"
53.5,Animal_53_5DLC_resnet50_Freezing_07-2020Sep29shuffle1_100000filtered,Control,"Sanguino-Gomez and Krugers, 2024",1,33,29,11250,597,0.25777777777777777,6.4715447154471542E-2,"Yes, all 82 manuscript-cohort videos"
54.4,Animal_54_4DLC_resnet50_Freezing_07-2020Sep29shuffle1_100000filtered,Control,"Sanguino-Gomez and Krugers, 2024",1,33,6,11250,597,5.3333333333333337E-2,6.4715447154471542E-2,"Yes, all 82 manuscript-cohort videos"
54.6,Animal_54_6DLC_resnet50_Freezing_07-2020Sep29shuffle1_100000filtered,Control,"Sanguino-Gomez and Krugers, 2024",1,33,2,11250,597,1.7777777777777781E-2,6.4715447154471542E-2,"Yes, all 82 manuscript-cohort videos"
58.5,Animal_58_5DLC_resnet50_Freezing_07-2020Sep29shuffle1_100000filtered,Control,"Sanguino-Gomez and Krugers, 2024",1,33,15,11250,597,0.1333333333333333,6.4715447154471542E-2,"Yes, all 82 manuscript-cohort videos"
62.1,Animal_62_1DLC_resnet50_Freezing_07-2020Sep29shuffle1_100000filtered,Control,"Sanguino-Gomez and Krugers, 2024",1,33,15,11250,597,0.1333333333333333,6.4715447154471542E-2,"Yes, all 82 manuscript-cohort videos"
62.3,Animal_62_3DLC_resnet50_Freezing_07-2020Sep29shuffle1_100000filtered,Control,"Sanguino-Gomez and Krugers, 2024",1,33,17,11250,597,0.15111111111111111,6.4715447154471542E-2,"Yes, all 82 manuscript-cohort videos"
62.4,Animal_62_4DLC_resnet50_Freezing_07-2020Sep29shuffle1_100000filtered,Control,"Sanguino-Gomez and Krugers, 2024",1,33,8,11250,597,7.1111111111111111E-2,6.4715447154471542E-2,"Yes, all 82 manuscript-cohort videos"
62.5,Animal_62_5DLC_resnet50_Freezing_07-2020Sep29shuffle1_100000filtered,Control,"Sanguino-Gomez and Krugers, 2024",1,33,8,11250,597,7.1111111111111111E-2,6.4715447154471542E-2,"Yes, all 82 manuscript-cohort videos"
68.1,Animal_68_1DLC_resnet50_Freezing_07-2020Sep29shuffle1_100000filtered,Control,"Sanguino-Gomez and Krugers, 2024",1,33,5,11250,597,4.4444444444444453E-2,6.4715447154471542E-2,"Yes, all 82 manuscript-cohort videos"
15.4,Animal 15_4DLC_resnet50_Freezing_07-2020Sep29shuffle1_100000filtered,ELS,"Sanguino-Gomez and Krugers, 2024",1,33,4,11250,597,3.5555555555555562E-2,6.4715447154471542E-2,"Yes, all 82 manuscript-cohort videos"
15.6,Animal 15_6DLC_resnet50_Freezing_07-2020Sep29shuffle1_100000filtered,ELS,"Sanguino-Gomez and Krugers, 2024",1,33,9,11250,597,0.08,6.4715447154471542E-2,"Yes, all 82 manuscript-cohort videos"
2.4,Animal 2_4DLC_resnet50_Freezing_07-2020Sep29shuffle1_100000filtered,ELS,"Sanguino-Gomez and Krugers, 2024",1,33,4,11250,597,3.5555555555555562E-2,6.4715447154471542E-2,"Yes, all 82 manuscript-cohort videos"
23.4,Animal 23_4DLC_resnet50_Freezing_07-2020Sep29shuffle1_100000filtered,ELS,"Sanguino-Gomez and Krugers, 2024",1,33,7,11250,597,6.2222222222222227E-2,6.4715447154471542E-2,"Yes, all 82 manuscript-cohort videos"
25.1,Animal 25_1DLC_resnet50_Freezing_07-2020Sep29shuffle1_100000filtered,ELS,"Sanguino-Gomez and Krugers, 2024",1,33,23,11250,597,0.20444444444444451,6.4715447154471542E-2,"Yes, all 82 manuscript-cohort videos"
32.2,Animal 32_2DLC_resnet50_Freezing_07-2020Sep29shuffle1_100000filtered,ELS,"Sanguino-Gomez and Krugers, 2024",1,33,3,11250,597,2.6666666666666668E-2,6.4715447154471542E-2,"Yes, all 82 manuscript-cohort videos"
32.4,Animal 32_4DLC_resnet50_Freezing_07-2020Sep29shuffle1_100000filtered,ELS,"Sanguino-Gomez and Krugers, 2024",1,33,3,11250,597,2.6666666666666668E-2,6.4715447154471542E-2,"Yes, all 82 manuscript-cohort videos"
43.3,Animal_43_3DLC_resnet50_Freezing_07-2020Sep29shuffle1_100000filtered,ELS,"Sanguino-Gomez and Krugers, 2024",1,33,24,11250,597,0.21333333333333329,6.4715447154471542E-2,"Yes, all 82 manuscript-cohort videos"
43.5,Animal_43_5DLC_resnet50_Freezing_07-2020Sep29shuffle1_100000filtered,ELS,"Sanguino-Gomez and Krugers, 2024",1,33,6,11250,597,5.3333333333333337E-2,6.4715447154471542E-2,"Yes, all 82 manuscript-cohort videos"
49.5,Animal_49_5DLC_resnet50_Freezing_07-2020Sep29shuffle1_100000filtered,ELS,"Sanguino-Gomez and Krugers, 2024",1,33,22,11250,597,0.19555555555555551,6.4715447154471542E-2,"Yes, all 82 manuscript-cohort videos"
49.6,Animal_49_6DLC_resnet50_Freezing_07-2020Sep29shuffle1_100000filtered,ELS,"Sanguino-Gomez and Krugers, 2024",1,33,10,11250,597,8.8888888888888892E-2,6.4715447154471542E-2,"Yes, all 82 manuscript-cohort videos"
55.3,Animal_55_3DLC_resnet50_Freezing_07-2020Sep29shuffle1_100000filtered,ELS,"Sanguino-Gomez and Krugers, 2024",1,33,25,11250,597,0.22222222222222221,6.4715447154471542E-2,"Yes, all 82 manuscript-cohort videos"
55.5,Animal_55_5DLC_resnet50_Freezing_07-2020Sep29shuffle1_100000filtered,ELS,"Sanguino-Gomez and Krugers, 2024",1,33,16,11250,597,0.14222222222222219,6.4715447154471542E-2,"Yes, all 82 manuscript-cohort videos"
56.3,Animal_56_3DLC_resnet50_Freezing_07-2020Sep29shuffle1_100000filtered,ELS,"Sanguino-Gomez and Krugers, 2024",1,33,1,11250,597,8.8888888888888889E-3,6.4715447154471542E-2,"Yes, all 82 manuscript-cohort videos"
63.3,Animal_63_3DLC_resnet50_Freezing_07-2020Sep29shuffle1_100000filtered,ELS,"Sanguino-Gomez and Krugers, 2024",1,33,7,11250,597,6.2222222222222227E-2,6.4715447154471542E-2,"Yes, all 82 manuscript-cohort videos"
69.2,Animal_69_2DLC_resnet50_Freezing_07-2020Sep29shuffle1_100000filtered,ELS,"Sanguino-Gomez and Krugers, 2024",1,33,13,11250,597,0.11555555555555561,6.4715447154471542E-2,"Yes, all 82 manuscript-cohort videos"
69.3,Animal_69_3DLC_resnet50_Freezing_07-2020Sep29shuffle1_100000filtered,ELS,"Sanguino-Gomez and Krugers, 2024",1,33,3,11250,597,2.6666666666666668E-2,6.4715447154471542E-2,"Yes, all 82 manuscript-cohort videos"
69.5,Animal_69_5DLC_resnet50_Freezing_07-2020Sep29shuffle1_100000filtered,ELS,"Sanguino-Gomez and Krugers, 2024",1,33,2,11250,597,1.7777777777777781E-2,6.4715447154471542E-2,"Yes, all 82 manuscript-cohort videos"
75.1,Animal_75_1DLC_resnet50_Freezing_07-2020Sep29shuffle1_100000filtered,ELS,"Sanguino-Gomez and Krugers, 2024",1,33,4,11250,597,3.5555555555555562E-2,6.4715447154471542E-2,"Yes, all 82 manuscript-cohort videos"
88.2,Animal_88_2DLC_resnet50_Freezing_07-2020Sep29shuffle1_100000filtered,ELS,"Sanguino-Gomez and Krugers, 2024",1,33,6,11250,597,5.3333333333333337E-2,6.4715447154471542E-2,"Yes, all 82 manuscript-cohort videos"
88.3,Animal_88_3DLC_resnet50_Freezing_07-2020Sep29shuffle1_100000filtered,ELS,"Sanguino-Gomez and Krugers, 2024",1,33,5,11250,597,4.4444444444444453E-2,6.4715447154471542E-2,"Yes, all 82 manuscript-cohort videos"
129.1,Animal_129_1DLC_resnet50_Freezing_07-2020Sep29shuffle1_100000filtered,Control,"Sanguino-Gomez et al., 2024",3,33,1,11250,597,8.8888888888888889E-3,6.4715447154471542E-2,"Yes, all 82 manuscript-cohort videos"
136.2,Animal_136_2DLC_resnet50_Freezing_07-2020Sep29shuffle1_100000filtered,Control,"Sanguino-Gomez et al., 2024",3,33,6,11250,597,5.3333333333333337E-2,6.4715447154471542E-2,"Yes, all 82 manuscript-cohort videos"
136.3,Animal_136_3DLC_resnet50_Freezing_07-2020Sep29shuffle1_100000filtered,Control,"Sanguino-Gomez et al., 2024",3,33,9,11250,597,0.08,6.4715447154471542E-2,"Yes, all 82 manuscript-cohort videos"
136.5,Animal_136_5DLC_resnet50_Freezing_07-2020Sep29shuffle1_100000filtered,Control,"Sanguino-Gomez et al., 2024",3,33,1,11250,597,8.8888888888888889E-3,6.4715447154471542E-2,"Yes, all 82 manuscript-cohort videos"
146.6,Animal_146_6DLC_resnet50_Freezing_07-2020Sep29shuffle1_100000filtered,Control,"Sanguino-Gomez et al., 2024",3,33,5,11250,597,4.4444444444444453E-2,6.4715447154471542E-2,"Yes, all 82 manuscript-cohort videos"
147.4,Animal_147_4DLC_resnet50_Freezing_07-2020Sep29shuffle1_100000filtered,Control,"Sanguino-Gomez et al., 2024",3,33,34,11250,597,0.30222222222222223,6.4715447154471542E-2,"Yes, all 82 manuscript-cohort videos"
152.3,Animal_152_3DLC_resnet50_Freezing_07-2020Sep29shuffle1_100000filtered,Control,"Sanguino-Gomez et al., 2024",3,33,5,11250,597,4.4444444444444453E-2,6.4715447154471542E-2,"Yes, all 82 manuscript-cohort videos"
152.5,Animal_152_5DLC_resnet50_Freezing_07-2020Sep29shuffle1_100000filtered,Control,"Sanguino-Gomez et al., 2024",3,33,2,11250,597,1.7777777777777781E-2,6.4715447154471542E-2,"Yes, all 82 manuscript-cohort videos"
157.1,Animal_157_1DLC_resnet50_Freezing_07-2020Sep29shuffle1_100000filtered,Control,"Sanguino-Gomez et al., 2024",3,33,12,11250,597,0.1066666666666667,6.4715447154471542E-2,"Yes, all 82 manuscript-cohort videos"
158.5,Animal_158_5DLC_resnet50_Freezing_07-2020Sep29shuffle1_100000filtered,Control,"Sanguino-Gomez et al., 2024",3,33,4,11250,597,3.5555555555555562E-2,6.4715447154471542E-2,"Yes, all 82 manuscript-cohort videos"
161.1,Animal_161_1DLC_resnet50_Freezing_07-2020Sep29shuffle1_100000filtered,Control,"Sanguino-Gomez et al., 2024",3,33,11,11250,597,9.7777777777777769E-2,6.4715447154471542E-2,"Yes, all 82 manuscript-cohort videos"
123.3,Animal_123_3DLC_resnet50_Freezing_07-2020Sep29shuffle1_100000filtered,ELS,"Sanguino-Gomez et al., 2024",3,33,9,11250,597,0.08,6.4715447154471542E-2,"Yes, all 82 manuscript-cohort videos"
134.4,Animal_134_4DLC_resnet50_Freezing_07-2020Sep29shuffle1_100000filtered,ELS,"Sanguino-Gomez et al., 2024",3,33,5,11250,597,4.4444444444444453E-2,6.4715447154471542E-2,"Yes, all 82 manuscript-cohort videos"
148.4,Animal_148_4DLC_resnet50_Freezing_07-2020Sep29shuffle1_100000filtered,ELS,"Sanguino-Gomez et al., 2024",3,33,5,11250,597,4.4444444444444453E-2,6.4715447154471542E-2,"Yes, all 82 manuscript-cohort videos"
150.5,Animal_150_5DLC_resnet50_Freezing_07-2020Sep29shuffle1_100000filtered,ELS,"Sanguino-Gomez et al., 2024",3,33,6,11250,597,5.3333333333333337E-2,6.4715447154471542E-2,"Yes, all 82 manuscript-cohort videos"
153.4,Animal_153_4DLC_resnet50_Freezing_07-2020Sep29shuffle1_100000filtered,ELS,"Sanguino-Gomez et al., 2024",3,33,3,11250,597,2.6666666666666668E-2,6.4715447154471542E-2,"Yes, all 82 manuscript-cohort videos"
11.4,Animal 11_4DLC_resnet50_Freezing_07-2020Sep29shuffle1_100000filtered,Control,"Sanguino-Gomez and Krugers, 2024",1,34,37,11250,1279,0.3288888888888889,0.1386449864498645,"Yes, all 82 manuscript-cohort videos"
11.6,Animal 11_6DLC_resnet50_Freezing_07-2020Sep29shuffle1_100000filtered,Control,"Sanguino-Gomez and Krugers, 2024",1,34,14,11250,1279,0.1244444444444445,0.1386449864498645,"Yes, all 82 manuscript-cohort videos"
34.4,Animal 34_4DLC_resnet50_Freezing_07-2020Sep29shuffle1_100000filtered,Control,"Sanguino-Gomez and Krugers, 2024",1,34,31,11250,1279,0.27555555555555561,0.1386449864498645,"Yes, all 82 manuscript-cohort videos"
34.5,Animal 34_5DLC_resnet50_Freezing_07-2020Sep29shuffle1_100000filtered,Control,"Sanguino-Gomez and Krugers, 2024",1,34,9,11250,1279,0.08,0.1386449864498645,"Yes, all 82 manuscript-cohort videos"
40.6,Animal_40_6DLC_resnet50_Freezing_07-2020Sep29shuffle1_100000filtered,Control,"Sanguino-Gomez and Krugers, 2024",1,34,30,11250,1279,0.26666666666666672,0.1386449864498645,"Yes, all 82 manuscript-cohort videos"
41.4,Animal_41_4DLC_resnet50_Freezing_07-2020Sep29shuffle1_100000filtered,Control,"Sanguino-Gomez and Krugers, 2024",1,34,4,11250,1279,3.5555555555555562E-2,0.1386449864498645,"Yes, all 82 manuscript-cohort videos"
41.6,Animal_41_6DLC_resnet50_Freezing_07-2020Sep29shuffle1_100000filtered,Control,"Sanguino-Gomez and Krugers, 2024",1,34,44,11250,1279,0.39111111111111108,0.1386449864498645,"Yes, all 82 manuscript-cohort videos"
47.5,Animal_47_5DLC_resnet50_Freezing_07-2020Sep29shuffle1_100000filtered,Control,"Sanguino-Gomez and Krugers, 2024",1,34,55,11250,1279,0.48888888888888887,0.1386449864498645,"Yes, all 82 manuscript-cohort videos"
5.4,Animal 5_4DLC_resnet50_Freezing_07-2020Sep29shuffle1_100000filtered,Control,"Sanguino-Gomez and Krugers, 2024",1,34,16,11250,1279,0.14222222222222219,0.1386449864498645,"Yes, all 82 manuscript-cohort videos"
58.5,Animal_58_5DLC_resnet50_Freezing_07-2020Sep29shuffle1_100000filtered,Control,"Sanguino-Gomez and Krugers, 2024",1,34,11,11250,1279,9.7777777777777769E-2,0.1386449864498645,"Yes, all 82 manuscript-cohort videos"
62.2,Animal_62_2DLC_resnet50_Freezing_07-2020Sep29shuffle1_100000filtered,Control,"Sanguino-Gomez and Krugers, 2024",1,34,6,11250,1279,5.3333333333333337E-2,0.1386449864498645,"Yes, all 82 manuscript-cohort videos"
62.3,Animal_62_3DLC_resnet50_Freezing_07-2020Sep29shuffle1_100000filtered,Control,"Sanguino-Gomez and Krugers, 2024",1,34,19,11250,1279,0.16888888888888889,0.1386449864498645,"Yes, all 82 manuscript-cohort videos"
62.4,Animal_62_4DLC_resnet50_Freezing_07-2020Sep29shuffle1_100000filtered,Control,"Sanguino-Gomez and Krugers, 2024",1,34,5,11250,1279,4.4444444444444453E-2,0.1386449864498645,"Yes, all 82 manuscript-cohort videos"
62.5,Animal_62_5DLC_resnet50_Freezing_07-2020Sep29shuffle1_100000filtered,Control,"Sanguino-Gomez and Krugers, 2024",1,34,10,11250,1279,8.8888888888888892E-2,0.1386449864498645,"Yes, all 82 manuscript-cohort videos"
68.1,Animal_68_1DLC_resnet50_Freezing_07-2020Sep29shuffle1_100000filtered,Control,"Sanguino-Gomez and Krugers, 2024",1,34,3,11250,1279,2.6666666666666668E-2,0.1386449864498645,"Yes, all 82 manuscript-cohort videos"
74.1,Animal_74_1DLC_resnet50_Freezing_07-2020Sep29shuffle1_100000filtered,Control,"Sanguino-Gomez and Krugers, 2024",1,34,10,11250,1279,8.8888888888888892E-2,0.1386449864498645,"Yes, all 82 manuscript-cohort videos"
15.4,Animal 15_4DLC_resnet50_Freezing_07-2020Sep29shuffle1_100000filtered,ELS,"Sanguino-Gomez and Krugers, 2024",1,34,17,11250,1279,0.15111111111111111,0.1386449864498645,"Yes, all 82 manuscript-cohort videos"
15.6,Animal 15_6DLC_resnet50_Freezing_07-2020Sep29shuffle1_100000filtered,ELS,"Sanguino-Gomez and Krugers, 2024",1,34,9,11250,1279,0.08,0.1386449864498645,"Yes, all 82 manuscript-cohort videos"
2.4,Animal 2_4DLC_resnet50_Freezing_07-2020Sep29shuffle1_100000filtered,ELS,"Sanguino-Gomez and Krugers, 2024",1,34,34,11250,1279,0.30222222222222223,0.1386449864498645,"Yes, all 82 manuscript-cohort videos"
23.4,Animal 23_4DLC_resnet50_Freezing_07-2020Sep29shuffle1_100000filtered,ELS,"Sanguino-Gomez and Krugers, 2024",1,34,2,11250,1279,1.7777777777777781E-2,0.1386449864498645,"Yes, all 82 manuscript-cohort videos"
25.1,Animal 25_1DLC_resnet50_Freezing_07-2020Sep29shuffle1_100000filtered,ELS,"Sanguino-Gomez and Krugers, 2024",1,34,25,11250,1279,0.22222222222222221,0.1386449864498645,"Yes, all 82 manuscript-cohort videos"
32.2,Animal 32_2DLC_resnet50_Freezing_07-2020Sep29shuffle1_100000filtered,ELS,"Sanguino-Gomez and Krugers, 2024",1,34,107,11250,1279,0.95111111111111113,0.1386449864498645,"Yes, all 82 manuscript-cohort videos"
32.4,Animal 32_4DLC_resnet50_Freezing_07-2020Sep29shuffle1_100000filtered,ELS,"Sanguino-Gomez and Krugers, 2024",1,34,9,11250,1279,0.08,0.1386449864498645,"Yes, all 82 manuscript-cohort videos"
43.3,Animal_43_3DLC_resnet50_Freezing_07-2020Sep29shuffle1_100000filtered,ELS,"Sanguino-Gomez and Krugers, 2024",1,34,55,11250,1279,0.48888888888888887,0.1386449864498645,"Yes, all 82 manuscript-cohort videos"
43.5,Animal_43_5DLC_resnet50_Freezing_07-2020Sep29shuffle1_100000filtered,ELS,"Sanguino-Gomez and Krugers, 2024",1,34,43,11250,1279,0.38222222222222219,0.1386449864498645,"Yes, all 82 manuscript-cohort videos"
49.5,Animal_49_5DLC_resnet50_Freezing_07-2020Sep29shuffle1_100000filtered,ELS,"Sanguino-Gomez and Krugers, 2024",1,34,26,11250,1279,0.2311111111111111,0.1386449864498645,"Yes, all 82 manuscript-cohort videos"
49.6,Animal_49_6DLC_resnet50_Freezing_07-2020Sep29shuffle1_100000filtered,ELS,"Sanguino-Gomez and Krugers, 2024",1,34,37,11250,1279,0.3288888888888889,0.1386449864498645,"Yes, all 82 manuscript-cohort videos"
55.3,Animal_55_3DLC_resnet50_Freezing_07-2020Sep29shuffle1_100000filtered,ELS,"Sanguino-Gomez and Krugers, 2024",1,34,59,11250,1279,0.52444444444444449,0.1386449864498645,"Yes, all 82 manuscript-cohort videos"
55.5,Animal_55_5DLC_resnet50_Freezing_07-2020Sep29shuffle1_100000filtered,ELS,"Sanguino-Gomez and Krugers, 2024",1,34,3,11250,1279,2.6666666666666668E-2,0.1386449864498645,"Yes, all 82 manuscript-cohort videos"
63.3,Animal_63_3DLC_resnet50_Freezing_07-2020Sep29shuffle1_100000filtered,ELS,"Sanguino-Gomez and Krugers, 2024",1,34,18,11250,1279,0.16,0.1386449864498645,"Yes, all 82 manuscript-cohort videos"
69.1,Animal_69_1DLC_resnet50_Freezing_07-2020Sep29shuffle1_100000filtered,ELS,"Sanguino-Gomez and Krugers, 2024",1,34,56,11250,1279,0.49777777777777782,0.1386449864498645,"Yes, all 82 manuscript-cohort videos"
69.2,Animal_69_2DLC_resnet50_Freezing_07-2020Sep29shuffle1_100000filtered,ELS,"Sanguino-Gomez and Krugers, 2024",1,34,41,11250,1279,0.36444444444444452,0.1386449864498645,"Yes, all 82 manuscript-cohort videos"
69.3,Animal_69_3DLC_resnet50_Freezing_07-2020Sep29shuffle1_100000filtered,ELS,"Sanguino-Gomez and Krugers, 2024",1,34,15,11250,1279,0.1333333333333333,0.1386449864498645,"Yes, all 82 manuscript-cohort videos"
69.5,Animal_69_5DLC_resnet50_Freezing_07-2020Sep29shuffle1_100000filtered,ELS,"Sanguino-Gomez and Krugers, 2024",1,34,14,11250,1279,0.1244444444444445,0.1386449864498645,"Yes, all 82 manuscript-cohort videos"
73.4,Animal_73_4DLC_resnet50_Freezing_07-2020Sep29shuffle1_100000filtered,ELS,"Sanguino-Gomez and Krugers, 2024",1,34,15,11250,1279,0.1333333333333333,0.1386449864498645,"Yes, all 82 manuscript-cohort videos"
88.3,Animal_88_3DLC_resnet50_Freezing_07-2020Sep29shuffle1_100000filtered,ELS,"Sanguino-Gomez and Krugers, 2024",1,34,7,11250,1279,6.2222222222222227E-2,0.1386449864498645,"Yes, all 82 manuscript-cohort videos"
129.1,Animal_129_1DLC_resnet50_Freezing_07-2020Sep29shuffle1_100000filtered,Control,"Sanguino-Gomez et al., 2024",3,34,1,11250,1279,8.8888888888888889E-3,0.1386449864498645,"Yes, all 82 manuscript-cohort videos"
129.4,Animal_129_4DLC_resnet50_Freezing_07-2020Sep29shuffle1_100000filtered,Control,"Sanguino-Gomez et al., 2024",3,34,3,11250,1279,2.6666666666666668E-2,0.1386449864498645,"Yes, all 82 manuscript-cohort videos"
145.5,Animal_145_5DLC_resnet50_Freezing_07-2020Sep29shuffle1_100000filtered,Control,"Sanguino-Gomez et al., 2024",3,34,5,11250,1279,4.4444444444444453E-2,0.1386449864498645,"Yes, all 82 manuscript-cohort videos"
146.6,Animal_146_6DLC_resnet50_Freezing_07-2020Sep29shuffle1_100000filtered,Control,"Sanguino-Gomez et al., 2024",3,34,47,11250,1279,0.41777777777777769,0.1386449864498645,"Yes, all 82 manuscript-cohort videos"
147.4,Animal_147_4DLC_resnet50_Freezing_07-2020Sep29shuffle1_100000filtered,Control,"Sanguino-Gomez et al., 2024",3,34,9,11250,1279,0.08,0.1386449864498645,"Yes, all 82 manuscript-cohort videos"
152.3,Animal_152_3DLC_resnet50_Freezing_07-2020Sep29shuffle1_100000filtered,Control,"Sanguino-Gomez et al., 2024",3,34,10,11250,1279,8.8888888888888892E-2,0.1386449864498645,"Yes, all 82 manuscript-cohort videos"
152.5,Animal_152_5DLC_resnet50_Freezing_07-2020Sep29shuffle1_100000filtered,Control,"Sanguino-Gomez et al., 2024",3,34,31,11250,1279,0.27555555555555561,0.1386449864498645,"Yes, all 82 manuscript-cohort videos"
157.1,Animal_157_1DLC_resnet50_Freezing_07-2020Sep29shuffle1_100000filtered,Control,"Sanguino-Gomez et al., 2024",3,34,3,11250,1279,2.6666666666666668E-2,0.1386449864498645,"Yes, all 82 manuscript-cohort videos"
157.4,Animal_157_4DLC_resnet50_Freezing_07-2020Sep29shuffle1_100000filtered,Control,"Sanguino-Gomez et al., 2024",3,34,38,11250,1279,0.33777777777777779,0.1386449864498645,"Yes, all 82 manuscript-cohort videos"
158.5,Animal_158_5DLC_resnet50_Freezing_07-2020Sep29shuffle1_100000filtered,Control,"Sanguino-Gomez et al., 2024",3,34,30,11250,1279,0.26666666666666672,0.1386449864498645,"Yes, all 82 manuscript-cohort videos"
161.3,Animal_161_3DLC_resnet50_Freezing_07-2020Sep29shuffle1_100000filtered,Control,"Sanguino-Gomez et al., 2024",3,34,33,11250,1279,0.29333333333333328,0.1386449864498645,"Yes, all 82 manuscript-cohort videos"
123.1,Animal_123_1DLC_resnet50_Freezing_07-2020Sep29shuffle1_100000filtered,ELS,"Sanguino-Gomez et al., 2024",3,34,9,11250,1279,0.08,0.1386449864498645,"Yes, all 82 manuscript-cohort videos"
123.3,Animal_123_3DLC_resnet50_Freezing_07-2020Sep29shuffle1_100000filtered,ELS,"Sanguino-Gomez et al., 2024",3,34,9,11250,1279,0.08,0.1386449864498645,"Yes, all 82 manuscript-cohort videos"
128.4,Animal_128_4DLC_resnet50_Freezing_07-2020Sep29shuffle1_100000filtered,ELS,"Sanguino-Gomez et al., 2024",3,34,11,11250,1279,9.7777777777777769E-2,0.1386449864498645,"Yes, all 82 manuscript-cohort videos"
133.3,Animal_133_3DLC_resnet50_Freezing_07-2020Sep29shuffle1_100000filtered,ELS,"Sanguino-Gomez et al., 2024",3,34,22,11250,1279,0.19555555555555551,0.1386449864498645,"Yes, all 82 manuscript-cohort videos"
134.2,Animal_134_2DLC_resnet50_Freezing_07-2020Sep29shuffle1_100000filtered,ELS,"Sanguino-Gomez et al., 2024",3,34,18,11250,1279,0.16,0.1386449864498645,"Yes, all 82 manuscript-cohort videos"
134.4,Animal_134_4DLC_resnet50_Freezing_07-2020Sep29shuffle1_100000filtered,ELS,"Sanguino-Gomez et al., 2024",3,34,21,11250,1279,0.1866666666666667,0.1386449864498645,"Yes, all 82 manuscript-cohort videos"
148.4,Animal_148_4DLC_resnet50_Freezing_07-2020Sep29shuffle1_100000filtered,ELS,"Sanguino-Gomez et al., 2024",3,34,35,11250,1279,0.31111111111111112,0.1386449864498645,"Yes, all 82 manuscript-cohort videos"
150.3,Animal_150_3DLC_resnet50_Freezing_07-2020Sep29shuffle1_100000filtered,ELS,"Sanguino-Gomez et al., 2024",3,34,10,11250,1279,8.8888888888888892E-2,0.1386449864498645,"Yes, all 82 manuscript-cohort videos"
153.4,Animal_153_4DLC_resnet50_Freezing_07-2020Sep29shuffle1_100000filtered,ELS,"Sanguino-Gomez et al., 2024",3,34,1,11250,1279,8.8888888888888889E-3,0.1386449864498645,"Yes, all 82 manuscript-cohort videos"
154.4,Animal_154_4DLC_resnet50_Freezing_07-2020Sep29shuffle1_100000filtered,ELS,"Sanguino-Gomez et al., 2024",3,34,30,11250,1279,0.26666666666666672,0.1386449864498645,"Yes, all 82 manuscript-cohort videos"
159.5,Animal_159_5DLC_resnet50_Freezing_07-2020Sep29shuffle1_100000filtered,ELS,"Sanguino-Gomez et al., 2024",3,34,7,11250,1279,6.2222222222222227E-2,0.1386449864498645,"Yes, all 82 manuscript-cohort videos"
11.4,Animal 11_4DLC_resnet50_Freezing_07-2020Sep29shuffle1_100000filtered,Control,"Sanguino-Gomez and Krugers, 2024",1,35,65,11250,1058,0.57777777777777772,0.11468834688346879,"Yes, all 82 manuscript-cohort videos"
11.6,Animal 11_6DLC_resnet50_Freezing_07-2020Sep29shuffle1_100000filtered,Control,"Sanguino-Gomez and Krugers, 2024",1,35,129,11250,1058,1.1466666666666669,0.11468834688346879,"Yes, all 82 manuscript-cohort videos"
34.4,Animal 34_4DLC_resnet50_Freezing_07-2020Sep29shuffle1_100000filtered,Control,"Sanguino-Gomez and Krugers, 2024",1,35,10,11250,1058,8.8888888888888892E-2,0.11468834688346879,"Yes, all 82 manuscript-cohort videos"
34.5,Animal 34_5DLC_resnet50_Freezing_07-2020Sep29shuffle1_100000filtered,Control,"Sanguino-Gomez and Krugers, 2024",1,35,1,11250,1058,8.8888888888888889E-3,0.11468834688346879,"Yes, all 82 manuscript-cohort videos"
40.4,Animal_40_4DLC_resnet50_Freezing_07-2020Sep29shuffle1_100000filtered,Control,"Sanguino-Gomez and Krugers, 2024",1,35,16,11250,1058,0.14222222222222219,0.11468834688346879,"Yes, all 82 manuscript-cohort videos"
40.6,Animal_40_6DLC_resnet50_Freezing_07-2020Sep29shuffle1_100000filtered,Control,"Sanguino-Gomez and Krugers, 2024",1,35,7,11250,1058,6.2222222222222227E-2,0.11468834688346879,"Yes, all 82 manuscript-cohort videos"
41.4,Animal_41_4DLC_resnet50_Freezing_07-2020Sep29shuffle1_100000filtered,Control,"Sanguino-Gomez and Krugers, 2024",1,35,30,11250,1058,0.26666666666666672,0.11468834688346879,"Yes, all 82 manuscript-cohort videos"
41.5,Animal_41_5DLC_resnet50_Freezing_07-2020Sep29shuffle1_100000filtered,Control,"Sanguino-Gomez and Krugers, 2024",1,35,2,11250,1058,1.7777777777777781E-2,0.11468834688346879,"Yes, all 82 manuscript-cohort videos"
47.5,Animal_47_5DLC_resnet50_Freezing_07-2020Sep29shuffle1_100000filtered,Control,"Sanguino-Gomez and Krugers, 2024",1,35,86,11250,1058,0.76444444444444437,0.11468834688346879,"Yes, all 82 manuscript-cohort videos"
5.4,Animal 5_4DLC_resnet50_Freezing_07-2020Sep29shuffle1_100000filtered,Control,"Sanguino-Gomez and Krugers, 2024",1,35,67,11250,1058,0.59555555555555562,0.11468834688346879,"Yes, all 82 manuscript-cohort videos"
50.5,Animal_50_5DLC_resnet50_Freezing_07-2020Sep29shuffle1_100000filtered,Control,"Sanguino-Gomez and Krugers, 2024",1,35,14,11250,1058,0.1244444444444445,0.11468834688346879,"Yes, all 82 manuscript-cohort videos"
53.5,Animal_53_5DLC_resnet50_Freezing_07-2020Sep29shuffle1_100000filtered,Control,"Sanguino-Gomez and Krugers, 2024",1,35,27,11250,1058,0.24,0.11468834688346879,"Yes, all 82 manuscript-cohort videos"
58.5,Animal_58_5DLC_resnet50_Freezing_07-2020Sep29shuffle1_100000filtered,Control,"Sanguino-Gomez and Krugers, 2024",1,35,4,11250,1058,3.5555555555555562E-2,0.11468834688346879,"Yes, all 82 manuscript-cohort videos"
62.1,Animal_62_1DLC_resnet50_Freezing_07-2020Sep29shuffle1_100000filtered,Control,"Sanguino-Gomez and Krugers, 2024",1,35,18,11250,1058,0.16,0.11468834688346879,"Yes, all 82 manuscript-cohort videos"
62.4,Animal_62_4DLC_resnet50_Freezing_07-2020Sep29shuffle1_100000filtered,Control,"Sanguino-Gomez and Krugers, 2024",1,35,2,11250,1058,1.7777777777777781E-2,0.11468834688346879,"Yes, all 82 manuscript-cohort videos"
80.3,Animal_80_3DLC_resnet50_Freezing_07-2020Sep29shuffle1_100000filtered,Control,"Sanguino-Gomez and Krugers, 2024",1,35,17,11250,1058,0.15111111111111111,0.11468834688346879,"Yes, all 82 manuscript-cohort videos"
15.4,Animal 15_4DLC_resnet50_Freezing_07-2020Sep29shuffle1_100000filtered,ELS,"Sanguino-Gomez and Krugers, 2024",1,35,84,11250,1058,0.7466666666666667,0.11468834688346879,"Yes, all 82 manuscript-cohort videos"
2.4,Animal 2_4DLC_resnet50_Freezing_07-2020Sep29shuffle1_100000filtered,ELS,"Sanguino-Gomez and Krugers, 2024",1,35,101,11250,1058,0.89777777777777767,0.11468834688346879,"Yes, all 82 manuscript-cohort videos"
25.1,Animal 25_1DLC_resnet50_Freezing_07-2020Sep29shuffle1_100000filtered,ELS,"Sanguino-Gomez and Krugers, 2024",1,35,69,11250,1058,0.6133333333333334,0.11468834688346879,"Yes, all 82 manuscript-cohort videos"
32.4,Animal 32_4DLC_resnet50_Freezing_07-2020Sep29shuffle1_100000filtered,ELS,"Sanguino-Gomez and Krugers, 2024",1,35,28,11250,1058,0.24888888888888891,0.11468834688346879,"Yes, all 82 manuscript-cohort videos"
43.3,Animal_43_3DLC_resnet50_Freezing_07-2020Sep29shuffle1_100000filtered,ELS,"Sanguino-Gomez and Krugers, 2024",1,35,31,11250,1058,0.27555555555555561,0.11468834688346879,"Yes, all 82 manuscript-cohort videos"
43.5,Animal_43_5DLC_resnet50_Freezing_07-2020Sep29shuffle1_100000filtered,ELS,"Sanguino-Gomez and Krugers, 2024",1,35,5,11250,1058,4.4444444444444453E-2,0.11468834688346879,"Yes, all 82 manuscript-cohort videos"
49.5,Animal_49_5DLC_resnet50_Freezing_07-2020Sep29shuffle1_100000filtered,ELS,"Sanguino-Gomez and Krugers, 2024",1,35,19,11250,1058,0.16888888888888889,0.11468834688346879,"Yes, all 82 manuscript-cohort videos"
49.6,Animal_49_6DLC_resnet50_Freezing_07-2020Sep29shuffle1_100000filtered,ELS,"Sanguino-Gomez and Krugers, 2024",1,35,9,11250,1058,0.08,0.11468834688346879,"Yes, all 82 manuscript-cohort videos"
55.3,Animal_55_3DLC_resnet50_Freezing_07-2020Sep29shuffle1_100000filtered,ELS,"Sanguino-Gomez and Krugers, 2024",1,35,6,11250,1058,5.3333333333333337E-2,0.11468834688346879,"Yes, all 82 manuscript-cohort videos"
55.5,Animal_55_5DLC_resnet50_Freezing_07-2020Sep29shuffle1_100000filtered,ELS,"Sanguino-Gomez and Krugers, 2024",1,35,15,11250,1058,0.1333333333333333,0.11468834688346879,"Yes, all 82 manuscript-cohort videos"
56.3,Animal_56_3DLC_resnet50_Freezing_07-2020Sep29shuffle1_100000filtered,ELS,"Sanguino-Gomez and Krugers, 2024",1,35,12,11250,1058,0.1066666666666667,0.11468834688346879,"Yes, all 82 manuscript-cohort videos"
69.1,Animal_69_1DLC_resnet50_Freezing_07-2020Sep29shuffle1_100000filtered,ELS,"Sanguino-Gomez and Krugers, 2024",1,35,4,11250,1058,3.5555555555555562E-2,0.11468834688346879,"Yes, all 82 manuscript-cohort videos"
88.3,Animal_88_3DLC_resnet50_Freezing_07-2020Sep29shuffle1_100000filtered,ELS,"Sanguino-Gomez and Krugers, 2024",1,35,5,11250,1058,4.4444444444444453E-2,0.11468834688346879,"Yes, all 82 manuscript-cohort videos"
129.1,Animal_129_1DLC_resnet50_Freezing_07-2020Sep29shuffle1_100000filtered,Control,"Sanguino-Gomez et al., 2024",3,35,15,11250,1058,0.1333333333333333,0.11468834688346879,"Yes, all 82 manuscript-cohort videos"
136.2,Animal_136_2DLC_resnet50_Freezing_07-2020Sep29shuffle1_100000filtered,Control,"Sanguino-Gomez et al., 2024",3,35,13,11250,1058,0.11555555555555561,0.11468834688346879,"Yes, all 82 manuscript-cohort videos"
136.5,Animal_136_5DLC_resnet50_Freezing_07-2020Sep29shuffle1_100000filtered,Control,"Sanguino-Gomez et al., 2024",3,35,5,11250,1058,4.4444444444444453E-2,0.11468834688346879,"Yes, all 82 manuscript-cohort videos"
146.6,Animal_146_6DLC_resnet50_Freezing_07-2020Sep29shuffle1_100000filtered,Control,"Sanguino-Gomez et al., 2024",3,35,13,11250,1058,0.11555555555555561,0.11468834688346879,"Yes, all 82 manuscript-cohort videos"
152.5,Animal_152_5DLC_resnet50_Freezing_07-2020Sep29shuffle1_100000filtered,Control,"Sanguino-Gomez et al., 2024",3,35,10,11250,1058,8.8888888888888892E-2,0.11468834688346879,"Yes, all 82 manuscript-cohort videos"
157.1,Animal_157_1DLC_resnet50_Freezing_07-2020Sep29shuffle1_100000filtered,Control,"Sanguino-Gomez et al., 2024",3,35,20,11250,1058,0.17777777777777781,0.11468834688346879,"Yes, all 82 manuscript-cohort videos"
161.3,Animal_161_3DLC_resnet50_Freezing_07-2020Sep29shuffle1_100000filtered,Control,"Sanguino-Gomez et al., 2024",3,35,6,11250,1058,5.3333333333333337E-2,0.11468834688346879,"Yes, all 82 manuscript-cohort videos"
123.1,Animal_123_1DLC_resnet50_Freezing_07-2020Sep29shuffle1_100000filtered,ELS,"Sanguino-Gomez et al., 2024",3,35,31,11250,1058,0.27555555555555561,0.11468834688346879,"Yes, all 82 manuscript-cohort videos"
128.4,Animal_128_4DLC_resnet50_Freezing_07-2020Sep29shuffle1_100000filtered,ELS,"Sanguino-Gomez et al., 2024",3,35,11,11250,1058,9.7777777777777769E-2,0.11468834688346879,"Yes, all 82 manuscript-cohort videos"
134.2,Animal_134_2DLC_resnet50_Freezing_07-2020Sep29shuffle1_100000filtered,ELS,"Sanguino-Gomez et al., 2024",3,35,8,11250,1058,7.1111111111111111E-2,0.11468834688346879,"Yes, all 82 manuscript-cohort videos"
150.5,Animal_150_5DLC_resnet50_Freezing_07-2020Sep29shuffle1_100000filtered,ELS,"Sanguino-Gomez et al., 2024",3,35,36,11250,1058,0.32,0.11468834688346879,"Yes, all 82 manuscript-cohort videos"
159.3,Animal_159_3DLC_resnet50_Freezing_07-2020Sep29shuffle1_100000filtered,ELS,"Sanguino-Gomez et al., 2024",3,35,7,11250,1058,6.2222222222222227E-2,0.11468834688346879,"Yes, all 82 manuscript-cohort videos"
11.4,Animal 11_4DLC_resnet50_Freezing_07-2020Sep29shuffle1_100000filtered,Control,"Sanguino-Gomez and Krugers, 2024",1,36,17,11250,530,0.15111111111111111,5.7452574525745252E-2,"Yes, all 82 manuscript-cohort videos"
11.6,Animal 11_6DLC_resnet50_Freezing_07-2020Sep29shuffle1_100000filtered,Control,"Sanguino-Gomez and Krugers, 2024",1,36,19,11250,530,0.16888888888888889,5.7452574525745252E-2,"Yes, all 82 manuscript-cohort videos"
34.5,Animal 34_5DLC_resnet50_Freezing_07-2020Sep29shuffle1_100000filtered,Control,"Sanguino-Gomez and Krugers, 2024",1,36,24,11250,530,0.21333333333333329,5.7452574525745252E-2,"Yes, all 82 manuscript-cohort videos"
40.4,Animal_40_4DLC_resnet50_Freezing_07-2020Sep29shuffle1_100000filtered,Control,"Sanguino-Gomez and Krugers, 2024",1,36,7,11250,530,6.2222222222222227E-2,5.7452574525745252E-2,"Yes, all 82 manuscript-cohort videos"
40.6,Animal_40_6DLC_resnet50_Freezing_07-2020Sep29shuffle1_100000filtered,Control,"Sanguino-Gomez and Krugers, 2024",1,36,16,11250,530,0.14222222222222219,5.7452574525745252E-2,"Yes, all 82 manuscript-cohort videos"
41.4,Animal_41_4DLC_resnet50_Freezing_07-2020Sep29shuffle1_100000filtered,Control,"Sanguino-Gomez and Krugers, 2024",1,36,1,11250,530,8.8888888888888889E-3,5.7452574525745252E-2,"Yes, all 82 manuscript-cohort videos"
41.5,Animal_41_5DLC_resnet50_Freezing_07-2020Sep29shuffle1_100000filtered,Control,"Sanguino-Gomez and Krugers, 2024",1,36,23,11250,530,0.20444444444444451,5.7452574525745252E-2,"Yes, all 82 manuscript-cohort videos"
47.5,Animal_47_5DLC_resnet50_Freezing_07-2020Sep29shuffle1_100000filtered,Control,"Sanguino-Gomez and Krugers, 2024",1,36,6,11250,530,5.3333333333333337E-2,5.7452574525745252E-2,"Yes, all 82 manuscript-cohort videos"
5.4,Animal 5_4DLC_resnet50_Freezing_07-2020Sep29shuffle1_100000filtered,Control,"Sanguino-Gomez and Krugers, 2024",1,36,15,11250,530,0.1333333333333333,5.7452574525745252E-2,"Yes, all 82 manuscript-cohort videos"
50.5,Animal_50_5DLC_resnet50_Freezing_07-2020Sep29shuffle1_100000filtered,Control,"Sanguino-Gomez and Krugers, 2024",1,36,8,11250,530,7.1111111111111111E-2,5.7452574525745252E-2,"Yes, all 82 manuscript-cohort videos"
53.5,Animal_53_5DLC_resnet50_Freezing_07-2020Sep29shuffle1_100000filtered,Control,"Sanguino-Gomez and Krugers, 2024",1,36,8,11250,530,7.1111111111111111E-2,5.7452574525745252E-2,"Yes, all 82 manuscript-cohort videos"
54.3,Animal_54_3DLC_resnet50_Freezing_07-2020Sep29shuffle1_100000filtered,Control,"Sanguino-Gomez and Krugers, 2024",1,36,8,11250,530,7.1111111111111111E-2,5.7452574525745252E-2,"Yes, all 82 manuscript-cohort videos"
58.5,Animal_58_5DLC_resnet50_Freezing_07-2020Sep29shuffle1_100000filtered,Control,"Sanguino-Gomez and Krugers, 2024",1,36,24,11250,530,0.21333333333333329,5.7452574525745252E-2,"Yes, all 82 manuscript-cohort videos"
62.1,Animal_62_1DLC_resnet50_Freezing_07-2020Sep29shuffle1_100000filtered,Control,"Sanguino-Gomez and Krugers, 2024",1,36,8,11250,530,7.1111111111111111E-2,5.7452574525745252E-2,"Yes, all 82 manuscript-cohort videos"
62.3,Animal_62_3DLC_resnet50_Freezing_07-2020Sep29shuffle1_100000filtered,Control,"Sanguino-Gomez and Krugers, 2024",1,36,7,11250,530,6.2222222222222227E-2,5.7452574525745252E-2,"Yes, all 82 manuscript-cohort videos"
68.1,Animal_68_1DLC_resnet50_Freezing_07-2020Sep29shuffle1_100000filtered,Control,"Sanguino-Gomez and Krugers, 2024",1,36,17,11250,530,0.15111111111111111,5.7452574525745252E-2,"Yes, all 82 manuscript-cohort videos"
15.4,Animal 15_4DLC_resnet50_Freezing_07-2020Sep29shuffle1_100000filtered,ELS,"Sanguino-Gomez and Krugers, 2024",1,36,69,11250,530,0.6133333333333334,5.7452574525745252E-2,"Yes, all 82 manuscript-cohort videos"
15.6,Animal 15_6DLC_resnet50_Freezing_07-2020Sep29shuffle1_100000filtered,ELS,"Sanguino-Gomez and Krugers, 2024",1,36,4,11250,530,3.5555555555555562E-2,5.7452574525745252E-2,"Yes, all 82 manuscript-cohort videos"
2.4,Animal 2_4DLC_resnet50_Freezing_07-2020Sep29shuffle1_100000filtered,ELS,"Sanguino-Gomez and Krugers, 2024",1,36,47,11250,530,0.41777777777777769,5.7452574525745252E-2,"Yes, all 82 manuscript-cohort videos"
25.1,Animal 25_1DLC_resnet50_Freezing_07-2020Sep29shuffle1_100000filtered,ELS,"Sanguino-Gomez and Krugers, 2024",1,36,5,11250,530,4.4444444444444453E-2,5.7452574525745252E-2,"Yes, all 82 manuscript-cohort videos"
32.2,Animal 32_2DLC_resnet50_Freezing_07-2020Sep29shuffle1_100000filtered,ELS,"Sanguino-Gomez and Krugers, 2024",1,36,38,11250,530,0.33777777777777779,5.7452574525745252E-2,"Yes, all 82 manuscript-cohort videos"
32.4,Animal 32_4DLC_resnet50_Freezing_07-2020Sep29shuffle1_100000filtered,ELS,"Sanguino-Gomez and Krugers, 2024",1,36,20,11250,530,0.17777777777777781,5.7452574525745252E-2,"Yes, all 82 manuscript-cohort videos"
43.3,Animal_43_3DLC_resnet50_Freezing_07-2020Sep29shuffle1_100000filtered,ELS,"Sanguino-Gomez and Krugers, 2024",1,36,9,11250,530,0.08,5.7452574525745252E-2,"Yes, all 82 manuscript-cohort videos"
43.5,Animal_43_5DLC_resnet50_Freezing_07-2020Sep29shuffle1_100000filtered,ELS,"Sanguino-Gomez and Krugers, 2024",1,36,3,11250,530,2.6666666666666668E-2,5.7452574525745252E-2,"Yes, all 82 manuscript-cohort videos"
49.5,Animal_49_5DLC_resnet50_Freezing_07-2020Sep29shuffle1_100000filtered,ELS,"Sanguino-Gomez and Krugers, 2024",1,36,12,11250,530,0.1066666666666667,5.7452574525745252E-2,"Yes, all 82 manuscript-cohort videos"
55.3,Animal_55_3DLC_resnet50_Freezing_07-2020Sep29shuffle1_100000filtered,ELS,"Sanguino-Gomez and Krugers, 2024",1,36,3,11250,530,2.6666666666666668E-2,5.7452574525745252E-2,"Yes, all 82 manuscript-cohort videos"
55.5,Animal_55_5DLC_resnet50_Freezing_07-2020Sep29shuffle1_100000filtered,ELS,"Sanguino-Gomez and Krugers, 2024",1,36,7,11250,530,6.2222222222222227E-2,5.7452574525745252E-2,"Yes, all 82 manuscript-cohort videos"
63.3,Animal_63_3DLC_resnet50_Freezing_07-2020Sep29shuffle1_100000filtered,ELS,"Sanguino-Gomez and Krugers, 2024",1,36,20,11250,530,0.17777777777777781,5.7452574525745252E-2,"Yes, all 82 manuscript-cohort videos"
69.5,Animal_69_5DLC_resnet50_Freezing_07-2020Sep29shuffle1_100000filtered,ELS,"Sanguino-Gomez and Krugers, 2024",1,36,9,11250,530,0.08,5.7452574525745252E-2,"Yes, all 82 manuscript-cohort videos"
88.2,Animal_88_2DLC_resnet50_Freezing_07-2020Sep29shuffle1_100000filtered,ELS,"Sanguino-Gomez and Krugers, 2024",1,36,5,11250,530,4.4444444444444453E-2,5.7452574525745252E-2,"Yes, all 82 manuscript-cohort videos"
88.3,Animal_88_3DLC_resnet50_Freezing_07-2020Sep29shuffle1_100000filtered,ELS,"Sanguino-Gomez and Krugers, 2024",1,36,7,11250,530,6.2222222222222227E-2,5.7452574525745252E-2,"Yes, all 82 manuscript-cohort videos"
145.5,Animal_145_5DLC_resnet50_Freezing_07-2020Sep29shuffle1_100000filtered,Control,"Sanguino-Gomez et al., 2024",3,36,24,11250,530,0.21333333333333329,5.7452574525745252E-2,"Yes, all 82 manuscript-cohort videos"
157.1,Animal_157_1DLC_resnet50_Freezing_07-2020Sep29shuffle1_100000filtered,Control,"Sanguino-Gomez et al., 2024",3,36,6,11250,530,5.3333333333333337E-2,5.7452574525745252E-2,"Yes, all 82 manuscript-cohort videos"
157.4,Animal_157_4DLC_resnet50_Freezing_07-2020Sep29shuffle1_100000filtered,Control,"Sanguino-Gomez et al., 2024",3,36,22,11250,530,0.19555555555555551,5.7452574525745252E-2,"Yes, all 82 manuscript-cohort videos"
134.2,Animal_134_2DLC_resnet50_Freezing_07-2020Sep29shuffle1_100000filtered,ELS,"Sanguino-Gomez et al., 2024",3,36,5,11250,530,4.4444444444444453E-2,5.7452574525745252E-2,"Yes, all 82 manuscript-cohort videos"
144.3,Animal_144_3DLC_resnet50_Freezing_07-2020Sep29shuffle1_100000filtered,ELS,"Sanguino-Gomez et al., 2024",3,36,4,11250,530,3.5555555555555562E-2,5.7452574525745252E-2,"Yes, all 82 manuscript-cohort videos"
153.4,Animal_153_4DLC_resnet50_Freezing_07-2020Sep29shuffle1_100000filtered,ELS,"Sanguino-Gomez et al., 2024",3,36,3,11250,530,2.6666666666666668E-2,5.7452574525745252E-2,"Yes, all 82 manuscript-cohort videos"
11.4,Animal 11_4DLC_resnet50_Freezing_07-2020Sep29shuffle1_100000filtered,Control,"Sanguino-Gomez and Krugers, 2024",1,37,154,11250,7762,1.368888888888889,0.84140921409214098,"Yes, all 82 manuscript-cohort videos"
11.6,Animal 11_6DLC_resnet50_Freezing_07-2020Sep29shuffle1_100000filtered,Control,"Sanguino-Gomez and Krugers, 2024",1,37,149,11250,7762,1.3244444444444441,0.84140921409214098,"Yes, all 82 manuscript-cohort videos"
34.4,Animal 34_4DLC_resnet50_Freezing_07-2020Sep29shuffle1_100000filtered,Control,"Sanguino-Gomez and Krugers, 2024",1,37,36,11250,7762,0.32,0.84140921409214098,"Yes, all 82 manuscript-cohort videos"
40.6,Animal_40_6DLC_resnet50_Freezing_07-2020Sep29shuffle1_100000filtered,Control,"Sanguino-Gomez and Krugers, 2024",1,37,87,11250,7762,0.77333333333333332,0.84140921409214098,"Yes, all 82 manuscript-cohort videos"
41.4,Animal_41_4DLC_resnet50_Freezing_07-2020Sep29shuffle1_100000filtered,Control,"Sanguino-Gomez and Krugers, 2024",1,37,181,11250,7762,1.608888888888889,0.84140921409214098,"Yes, all 82 manuscript-cohort videos"
41.5,Animal_41_5DLC_resnet50_Freezing_07-2020Sep29shuffle1_100000filtered,Control,"Sanguino-Gomez and Krugers, 2024",1,37,365,11250,7762,3.244444444444444,0.84140921409214098,"Yes, all 82 manuscript-cohort videos"
41.6,Animal_41_6DLC_resnet50_Freezing_07-2020Sep29shuffle1_100000filtered,Control,"Sanguino-Gomez and Krugers, 2024",1,37,137,11250,7762,1.2177777777777781,0.84140921409214098,"Yes, all 82 manuscript-cohort videos"
47.5,Animal_47_5DLC_resnet50_Freezing_07-2020Sep29shuffle1_100000filtered,Control,"Sanguino-Gomez and Krugers, 2024",1,37,88,11250,7762,0.78222222222222215,0.84140921409214098,"Yes, all 82 manuscript-cohort videos"
50.5,Animal_50_5DLC_resnet50_Freezing_07-2020Sep29shuffle1_100000filtered,Control,"Sanguino-Gomez and Krugers, 2024",1,37,206,11250,7762,1.8311111111111109,0.84140921409214098,"Yes, all 82 manuscript-cohort videos"
54.3,Animal_54_3DLC_resnet50_Freezing_07-2020Sep29shuffle1_100000filtered,Control,"Sanguino-Gomez and Krugers, 2024",1,37,147,11250,7762,1.3066666666666671,0.84140921409214098,"Yes, all 82 manuscript-cohort videos"
54.4,Animal_54_4DLC_resnet50_Freezing_07-2020Sep29shuffle1_100000filtered,Control,"Sanguino-Gomez and Krugers, 2024",1,37,73,11250,7762,0.64888888888888885,0.84140921409214098,"Yes, all 82 manuscript-cohort videos"
54.6,Animal_54_6DLC_resnet50_Freezing_07-2020Sep29shuffle1_100000filtered,Control,"Sanguino-Gomez and Krugers, 2024",1,37,69,11250,7762,0.6133333333333334,0.84140921409214098,"Yes, all 82 manuscript-cohort videos"
58.5,Animal_58_5DLC_resnet50_Freezing_07-2020Sep29shuffle1_100000filtered,Control,"Sanguino-Gomez and Krugers, 2024",1,37,77,11250,7762,0.68444444444444441,0.84140921409214098,"Yes, all 82 manuscript-cohort videos"
62.1,Animal_62_1DLC_resnet50_Freezing_07-2020Sep29shuffle1_100000filtered,Control,"Sanguino-Gomez and Krugers, 2024",1,37,83,11250,7762,0.73777777777777775,0.84140921409214098,"Yes, all 82 manuscript-cohort videos"
62.2,Animal_62_2DLC_resnet50_Freezing_07-2020Sep29shuffle1_100000filtered,Control,"Sanguino-Gomez and Krugers, 2024",1,37,83,11250,7762,0.73777777777777775,0.84140921409214098,"Yes, all 82 manuscript-cohort videos"
62.3,Animal_62_3DLC_resnet50_Freezing_07-2020Sep29shuffle1_100000filtered,Control,"Sanguino-Gomez and Krugers, 2024",1,37,66,11250,7762,0.58666666666666667,0.84140921409214098,"Yes, all 82 manuscript-cohort videos"
62.5,Animal_62_5DLC_resnet50_Freezing_07-2020Sep29shuffle1_100000filtered,Control,"Sanguino-Gomez and Krugers, 2024",1,37,55,11250,7762,0.48888888888888887,0.84140921409214098,"Yes, all 82 manuscript-cohort videos"
68.1,Animal_68_1DLC_resnet50_Freezing_07-2020Sep29shuffle1_100000filtered,Control,"Sanguino-Gomez and Krugers, 2024",1,37,192,11250,7762,1.706666666666667,0.84140921409214098,"Yes, all 82 manuscript-cohort videos"
15.4,Animal 15_4DLC_resnet50_Freezing_07-2020Sep29shuffle1_100000filtered,ELS,"Sanguino-Gomez and Krugers, 2024",1,37,246,11250,7762,2.186666666666667,0.84140921409214098,"Yes, all 82 manuscript-cohort videos"
15.6,Animal 15_6DLC_resnet50_Freezing_07-2020Sep29shuffle1_100000filtered,ELS,"Sanguino-Gomez and Krugers, 2024",1,37,274,11250,7762,2.4355555555555548,0.84140921409214098,"Yes, all 82 manuscript-cohort videos"
23.4,Animal 23_4DLC_resnet50_Freezing_07-2020Sep29shuffle1_100000filtered,ELS,"Sanguino-Gomez and Krugers, 2024",1,37,244,11250,7762,2.1688888888888891,0.84140921409214098,"Yes, all 82 manuscript-cohort videos"
25.1,Animal 25_1DLC_resnet50_Freezing_07-2020Sep29shuffle1_100000filtered,ELS,"Sanguino-Gomez and Krugers, 2024",1,37,195,11250,7762,1.7333333333333329,0.84140921409214098,"Yes, all 82 manuscript-cohort videos"
32.2,Animal 32_2DLC_resnet50_Freezing_07-2020Sep29shuffle1_100000filtered,ELS,"Sanguino-Gomez and Krugers, 2024",1,37,46,11250,7762,0.40888888888888891,0.84140921409214098,"Yes, all 82 manuscript-cohort videos"
32.4,Animal 32_4DLC_resnet50_Freezing_07-2020Sep29shuffle1_100000filtered,ELS,"Sanguino-Gomez and Krugers, 2024",1,37,898,11250,7762,7.9822222222222221,0.84140921409214098,"Yes, all 82 manuscript-cohort videos"
43.3,Animal_43_3DLC_resnet50_Freezing_07-2020Sep29shuffle1_100000filtered,ELS,"Sanguino-Gomez and Krugers, 2024",1,37,107,11250,7762,0.95111111111111113,0.84140921409214098,"Yes, all 82 manuscript-cohort videos"
43.5,Animal_43_5DLC_resnet50_Freezing_07-2020Sep29shuffle1_100000filtered,ELS,"Sanguino-Gomez and Krugers, 2024",1,37,154,11250,7762,1.368888888888889,0.84140921409214098,"Yes, all 82 manuscript-cohort videos"
49.5,Animal_49_5DLC_resnet50_Freezing_07-2020Sep29shuffle1_100000filtered,ELS,"Sanguino-Gomez and Krugers, 2024",1,37,433,11250,7762,3.8488888888888888,0.84140921409214098,"Yes, all 82 manuscript-cohort videos"
49.6,Animal_49_6DLC_resnet50_Freezing_07-2020Sep29shuffle1_100000filtered,ELS,"Sanguino-Gomez and Krugers, 2024",1,37,54,11250,7762,0.48,0.84140921409214098,"Yes, all 82 manuscript-cohort videos"
55.3,Animal_55_3DLC_resnet50_Freezing_07-2020Sep29shuffle1_100000filtered,ELS,"Sanguino-Gomez and Krugers, 2024",1,37,167,11250,7762,1.484444444444444,0.84140921409214098,"Yes, all 82 manuscript-cohort videos"
55.5,Animal_55_5DLC_resnet50_Freezing_07-2020Sep29shuffle1_100000filtered,ELS,"Sanguino-Gomez and Krugers, 2024",1,37,821,11250,7762,7.2977777777777781,0.84140921409214098,"Yes, all 82 manuscript-cohort videos"
56.3,Animal_56_3DLC_resnet50_Freezing_07-2020Sep29shuffle1_100000filtered,ELS,"Sanguino-Gomez and Krugers, 2024",1,37,140,11250,7762,1.244444444444444,0.84140921409214098,"Yes, all 82 manuscript-cohort videos"
63.3,Animal_63_3DLC_resnet50_Freezing_07-2020Sep29shuffle1_100000filtered,ELS,"Sanguino-Gomez and Krugers, 2024",1,37,38,11250,7762,0.33777777777777779,0.84140921409214098,"Yes, all 82 manuscript-cohort videos"
69.1,Animal_69_1DLC_resnet50_Freezing_07-2020Sep29shuffle1_100000filtered,ELS,"Sanguino-Gomez and Krugers, 2024",1,37,182,11250,7762,1.617777777777778,0.84140921409214098,"Yes, all 82 manuscript-cohort videos"
69.2,Animal_69_2DLC_resnet50_Freezing_07-2020Sep29shuffle1_100000filtered,ELS,"Sanguino-Gomez and Krugers, 2024",1,37,401,11250,7762,3.5644444444444439,0.84140921409214098,"Yes, all 82 manuscript-cohort videos"
69.3,Animal_69_3DLC_resnet50_Freezing_07-2020Sep29shuffle1_100000filtered,ELS,"Sanguino-Gomez and Krugers, 2024",1,37,318,11250,7762,2.8266666666666671,0.84140921409214098,"Yes, all 82 manuscript-cohort videos"
88.2,Animal_88_2DLC_resnet50_Freezing_07-2020Sep29shuffle1_100000filtered,ELS,"Sanguino-Gomez and Krugers, 2024",1,37,81,11250,7762,0.72,0.84140921409214098,"Yes, all 82 manuscript-cohort videos"
136.2,Animal_136_2DLC_resnet50_Freezing_07-2020Sep29shuffle1_100000filtered,Control,"Sanguino-Gomez et al., 2024",3,37,132,11250,7762,1.1733333333333329,0.84140921409214098,"Yes, all 82 manuscript-cohort videos"
146.6,Animal_146_6DLC_resnet50_Freezing_07-2020Sep29shuffle1_100000filtered,Control,"Sanguino-Gomez et al., 2024",3,37,61,11250,7762,0.54222222222222227,0.84140921409214098,"Yes, all 82 manuscript-cohort videos"
161.1,Animal_161_1DLC_resnet50_Freezing_07-2020Sep29shuffle1_100000filtered,Control,"Sanguino-Gomez et al., 2024",3,37,95,11250,7762,0.84444444444444433,0.84140921409214098,"Yes, all 82 manuscript-cohort videos"
123.3,Animal_123_3DLC_resnet50_Freezing_07-2020Sep29shuffle1_100000filtered,ELS,"Sanguino-Gomez et al., 2024",3,37,59,11250,7762,0.52444444444444449,0.84140921409214098,"Yes, all 82 manuscript-cohort videos"
134.4,Animal_134_4DLC_resnet50_Freezing_07-2020Sep29shuffle1_100000filtered,ELS,"Sanguino-Gomez et al., 2024",3,37,41,11250,7762,0.36444444444444452,0.84140921409214098,"Yes, all 82 manuscript-cohort videos"
150.3,Animal_150_3DLC_resnet50_Freezing_07-2020Sep29shuffle1_100000filtered,ELS,"Sanguino-Gomez et al., 2024",3,37,218,11250,7762,1.937777777777778,0.84140921409214098,"Yes, all 82 manuscript-cohort videos"
159.4,Animal_159_4DLC_resnet50_Freezing_07-2020Sep29shuffle1_100000filtered,ELS,"Sanguino-Gomez et al., 2024",3,37,109,11250,7762,0.96888888888888891,0.84140921409214098,"Yes, all 82 manuscript-cohort videos"
11.4,Animal 11_4DLC_resnet50_Freezing_07-2020Sep29shuffle1_100000filtered,Control,"Sanguino-Gomez and Krugers, 2024",1,38,327,11250,1774,2.9066666666666672,0.19230352303523041,"Yes, all 82 manuscript-cohort videos"
11.6,Animal 11_6DLC_resnet50_Freezing_07-2020Sep29shuffle1_100000filtered,Control,"Sanguino-Gomez and Krugers, 2024",1,38,175,11250,1774,1.555555555555556,0.19230352303523041,"Yes, all 82 manuscript-cohort videos"
34.4,Animal 34_4DLC_resnet50_Freezing_07-2020Sep29shuffle1_100000filtered,Control,"Sanguino-Gomez and Krugers, 2024",1,38,16,11250,1774,0.14222222222222219,0.19230352303523041,"Yes, all 82 manuscript-cohort videos"
34.5,Animal 34_5DLC_resnet50_Freezing_07-2020Sep29shuffle1_100000filtered,Control,"Sanguino-Gomez and Krugers, 2024",1,38,12,11250,1774,0.1066666666666667,0.19230352303523041,"Yes, all 82 manuscript-cohort videos"
40.4,Animal_40_4DLC_resnet50_Freezing_07-2020Sep29shuffle1_100000filtered,Control,"Sanguino-Gomez and Krugers, 2024",1,38,6,11250,1774,5.3333333333333337E-2,0.19230352303523041,"Yes, all 82 manuscript-cohort videos"
41.4,Animal_41_4DLC_resnet50_Freezing_07-2020Sep29shuffle1_100000filtered,Control,"Sanguino-Gomez and Krugers, 2024",1,38,16,11250,1774,0.14222222222222219,0.19230352303523041,"Yes, all 82 manuscript-cohort videos"
47.5,Animal_47_5DLC_resnet50_Freezing_07-2020Sep29shuffle1_100000filtered,Control,"Sanguino-Gomez and Krugers, 2024",1,38,166,11250,1774,1.475555555555556,0.19230352303523041,"Yes, all 82 manuscript-cohort videos"
5.4,Animal 5_4DLC_resnet50_Freezing_07-2020Sep29shuffle1_100000filtered,Control,"Sanguino-Gomez and Krugers, 2024",1,38,70,11250,1774,0.62222222222222223,0.19230352303523041,"Yes, all 82 manuscript-cohort videos"
53.5,Animal_53_5DLC_resnet50_Freezing_07-2020Sep29shuffle1_100000filtered,Control,"Sanguino-Gomez and Krugers, 2024",1,38,41,11250,1774,0.36444444444444452,0.19230352303523041,"Yes, all 82 manuscript-cohort videos"
54.3,Animal_54_3DLC_resnet50_Freezing_07-2020Sep29shuffle1_100000filtered,Control,"Sanguino-Gomez and Krugers, 2024",1,38,4,11250,1774,3.5555555555555562E-2,0.19230352303523041,"Yes, all 82 manuscript-cohort videos"
54.6,Animal_54_6DLC_resnet50_Freezing_07-2020Sep29shuffle1_100000filtered,Control,"Sanguino-Gomez and Krugers, 2024",1,38,52,11250,1774,0.4622222222222222,0.19230352303523041,"Yes, all 82 manuscript-cohort videos"
58.5,Animal_58_5DLC_resnet50_Freezing_07-2020Sep29shuffle1_100000filtered,Control,"Sanguino-Gomez and Krugers, 2024",1,38,11,11250,1774,9.7777777777777769E-2,0.19230352303523041,"Yes, all 82 manuscript-cohort videos"
62.2,Animal_62_2DLC_resnet50_Freezing_07-2020Sep29shuffle1_100000filtered,Control,"Sanguino-Gomez and Krugers, 2024",1,38,3,11250,1774,2.6666666666666668E-2,0.19230352303523041,"Yes, all 82 manuscript-cohort videos"
15.4,Animal 15_4DLC_resnet50_Freezing_07-2020Sep29shuffle1_100000filtered,ELS,"Sanguino-Gomez and Krugers, 2024",1,38,316,11250,1774,2.8088888888888892,0.19230352303523041,"Yes, all 82 manuscript-cohort videos"
2.4,Animal 2_4DLC_resnet50_Freezing_07-2020Sep29shuffle1_100000filtered,ELS,"Sanguino-Gomez and Krugers, 2024",1,38,61,11250,1774,0.54222222222222227,0.19230352303523041,"Yes, all 82 manuscript-cohort videos"
25.1,Animal 25_1DLC_resnet50_Freezing_07-2020Sep29shuffle1_100000filtered,ELS,"Sanguino-Gomez and Krugers, 2024",1,38,15,11250,1774,0.1333333333333333,0.19230352303523041,"Yes, all 82 manuscript-cohort videos"
32.4,Animal 32_4DLC_resnet50_Freezing_07-2020Sep29shuffle1_100000filtered,ELS,"Sanguino-Gomez and Krugers, 2024",1,38,28,11250,1774,0.24888888888888891,0.19230352303523041,"Yes, all 82 manuscript-cohort videos"
49.5,Animal_49_5DLC_resnet50_Freezing_07-2020Sep29shuffle1_100000filtered,ELS,"Sanguino-Gomez and Krugers, 2024",1,38,41,11250,1774,0.36444444444444452,0.19230352303523041,"Yes, all 82 manuscript-cohort videos"
55.3,Animal_55_3DLC_resnet50_Freezing_07-2020Sep29shuffle1_100000filtered,ELS,"Sanguino-Gomez and Krugers, 2024",1,38,333,11250,1774,2.96,0.19230352303523041,"Yes, all 82 manuscript-cohort videos"
56.3,Animal_56_3DLC_resnet50_Freezing_07-2020Sep29shuffle1_100000filtered,ELS,"Sanguino-Gomez and Krugers, 2024",1,38,35,11250,1774,0.31111111111111112,0.19230352303523041,"Yes, all 82 manuscript-cohort videos"
146.6,Animal_146_6DLC_resnet50_Freezing_07-2020Sep29shuffle1_100000filtered,Control,"Sanguino-Gomez et al., 2024",3,38,17,11250,1774,0.15111111111111111,0.19230352303523041,"Yes, all 82 manuscript-cohort videos"
152.5,Animal_152_5DLC_resnet50_Freezing_07-2020Sep29shuffle1_100000filtered,Control,"Sanguino-Gomez et al., 2024",3,38,13,11250,1774,0.11555555555555561,0.19230352303523041,"Yes, all 82 manuscript-cohort videos"
157.1,Animal_157_1DLC_resnet50_Freezing_07-2020Sep29shuffle1_100000filtered,Control,"Sanguino-Gomez et al., 2024",3,38,16,11250,1774,0.14222222222222219,0.19230352303523041,"Yes, all 82 manuscript-cohort videos"
11.4,Animal 11_4DLC_resnet50_Freezing_07-2020Sep29shuffle1_100000filtered,Control,"Sanguino-Gomez and Krugers, 2024",1,39,35,11250,464,0.31111111111111112,5.029810298102981E-2,"Yes, all 82 manuscript-cohort videos"
11.6,Animal 11_6DLC_resnet50_Freezing_07-2020Sep29shuffle1_100000filtered,Control,"Sanguino-Gomez and Krugers, 2024",1,39,74,11250,464,0.65777777777777779,5.029810298102981E-2,"Yes, all 82 manuscript-cohort videos"
40.4,Animal_40_4DLC_resnet50_Freezing_07-2020Sep29shuffle1_100000filtered,Control,"Sanguino-Gomez and Krugers, 2024",1,39,10,11250,464,8.8888888888888892E-2,5.029810298102981E-2,"Yes, all 82 manuscript-cohort videos"
40.6,Animal_40_6DLC_resnet50_Freezing_07-2020Sep29shuffle1_100000filtered,Control,"Sanguino-Gomez and Krugers, 2024",1,39,7,11250,464,6.2222222222222227E-2,5.029810298102981E-2,"Yes, all 82 manuscript-cohort videos"
41.4,Animal_41_4DLC_resnet50_Freezing_07-2020Sep29shuffle1_100000filtered,Control,"Sanguino-Gomez and Krugers, 2024",1,39,4,11250,464,3.5555555555555562E-2,5.029810298102981E-2,"Yes, all 82 manuscript-cohort videos"
41.5,Animal_41_5DLC_resnet50_Freezing_07-2020Sep29shuffle1_100000filtered,Control,"Sanguino-Gomez and Krugers, 2024",1,39,8,11250,464,7.1111111111111111E-2,5.029810298102981E-2,"Yes, all 82 manuscript-cohort videos"
47.5,Animal_47_5DLC_resnet50_Freezing_07-2020Sep29shuffle1_100000filtered,Control,"Sanguino-Gomez and Krugers, 2024",1,39,13,11250,464,0.11555555555555561,5.029810298102981E-2,"Yes, all 82 manuscript-cohort videos"
5.4,Animal 5_4DLC_resnet50_Freezing_07-2020Sep29shuffle1_100000filtered,Control,"Sanguino-Gomez and Krugers, 2024",1,39,21,11250,464,0.1866666666666667,5.029810298102981E-2,"Yes, all 82 manuscript-cohort videos"
58.5,Animal_58_5DLC_resnet50_Freezing_07-2020Sep29shuffle1_100000filtered,Control,"Sanguino-Gomez and Krugers, 2024",1,39,2,11250,464,1.7777777777777781E-2,5.029810298102981E-2,"Yes, all 82 manuscript-cohort videos"
15.4,Animal 15_4DLC_resnet50_Freezing_07-2020Sep29shuffle1_100000filtered,ELS,"Sanguino-Gomez and Krugers, 2024",1,39,7,11250,464,6.2222222222222227E-2,5.029810298102981E-2,"Yes, all 82 manuscript-cohort videos"
2.4,Animal 2_4DLC_resnet50_Freezing_07-2020Sep29shuffle1_100000filtered,ELS,"Sanguino-Gomez and Krugers, 2024",1,39,23,11250,464,0.20444444444444451,5.029810298102981E-2,"Yes, all 82 manuscript-cohort videos"
25.1,Animal 25_1DLC_resnet50_Freezing_07-2020Sep29shuffle1_100000filtered,ELS,"Sanguino-Gomez and Krugers, 2024",1,39,47,11250,464,0.41777777777777769,5.029810298102981E-2,"Yes, all 82 manuscript-cohort videos"
26.4,Animal 26_4DLC_resnet50_Freezing_07-2020Sep29shuffle1_100000filtered,ELS,"Sanguino-Gomez and Krugers, 2024",1,39,13,11250,464,0.11555555555555561,5.029810298102981E-2,"Yes, all 82 manuscript-cohort videos"
32.2,Animal 32_2DLC_resnet50_Freezing_07-2020Sep29shuffle1_100000filtered,ELS,"Sanguino-Gomez and Krugers, 2024",1,39,46,11250,464,0.40888888888888891,5.029810298102981E-2,"Yes, all 82 manuscript-cohort videos"
32.4,Animal 32_4DLC_resnet50_Freezing_07-2020Sep29shuffle1_100000filtered,ELS,"Sanguino-Gomez and Krugers, 2024",1,39,26,11250,464,0.2311111111111111,5.029810298102981E-2,"Yes, all 82 manuscript-cohort videos"
43.3,Animal_43_3DLC_resnet50_Freezing_07-2020Sep29shuffle1_100000filtered,ELS,"Sanguino-Gomez and Krugers, 2024",1,39,9,11250,464,0.08,5.029810298102981E-2,"Yes, all 82 manuscript-cohort videos"
49.5,Animal_49_5DLC_resnet50_Freezing_07-2020Sep29shuffle1_100000filtered,ELS,"Sanguino-Gomez and Krugers, 2024",1,39,14,11250,464,0.1244444444444445,5.029810298102981E-2,"Yes, all 82 manuscript-cohort videos"
73.1,Animal_73_1DLC_resnet50_Freezing_07-2020Sep29shuffle1_100000filtered,ELS,"Sanguino-Gomez and Krugers, 2024",1,39,7,11250,464,6.2222222222222227E-2,5.029810298102981E-2,"Yes, all 82 manuscript-cohort videos"
75.1,Animal_75_1DLC_resnet50_Freezing_07-2020Sep29shuffle1_100000filtered,ELS,"Sanguino-Gomez and Krugers, 2024",1,39,20,11250,464,0.17777777777777781,5.029810298102981E-2,"Yes, all 82 manuscript-cohort videos"
146.6,Animal_146_6DLC_resnet50_Freezing_07-2020Sep29shuffle1_100000filtered,Control,"Sanguino-Gomez et al., 2024",3,39,2,11250,464,1.7777777777777781E-2,5.029810298102981E-2,"Yes, all 82 manuscript-cohort videos"
147.4,Animal_147_4DLC_resnet50_Freezing_07-2020Sep29shuffle1_100000filtered,Control,"Sanguino-Gomez et al., 2024",3,39,13,11250,464,0.11555555555555561,5.029810298102981E-2,"Yes, all 82 manuscript-cohort videos"
152.5,Animal_152_5DLC_resnet50_Freezing_07-2020Sep29shuffle1_100000filtered,Control,"Sanguino-Gomez et al., 2024",3,39,6,11250,464,5.3333333333333337E-2,5.029810298102981E-2,"Yes, all 82 manuscript-cohort videos"
157.1,Animal_157_1DLC_resnet50_Freezing_07-2020Sep29shuffle1_100000filtered,Control,"Sanguino-Gomez et al., 2024",3,39,26,11250,464,0.2311111111111111,5.029810298102981E-2,"Yes, all 82 manuscript-cohort videos"
161.3,Animal_161_3DLC_resnet50_Freezing_07-2020Sep29shuffle1_100000filtered,Control,"Sanguino-Gomez et al., 2024",3,39,2,11250,464,1.7777777777777781E-2,5.029810298102981E-2,"Yes, all 82 manuscript-cohort videos"
148.4,Animal_148_4DLC_resnet50_Freezing_07-2020Sep29shuffle1_100000filtered,ELS,"Sanguino-Gomez et al., 2024",3,39,6,11250,464,5.3333333333333337E-2,5.029810298102981E-2,"Yes, all 82 manuscript-cohort videos"
150.5,Animal_150_5DLC_resnet50_Freezing_07-2020Sep29shuffle1_100000filtered,ELS,"Sanguino-Gomez et al., 2024",3,39,2,11250,464,1.7777777777777781E-2,5.029810298102981E-2,"Yes, all 82 manuscript-cohort videos"
154.4,Animal_154_4DLC_resnet50_Freezing_07-2020Sep29shuffle1_100000filtered,ELS,"Sanguino-Gomez et al., 2024",3,39,10,11250,464,8.8888888888888892E-2,5.029810298102981E-2,"Yes, all 82 manuscript-cohort videos"
159.3,Animal_159_3DLC_resnet50_Freezing_07-2020Sep29shuffle1_100000filtered,ELS,"Sanguino-Gomez et al., 2024",3,39,6,11250,464,5.3333333333333337E-2,5.029810298102981E-2,"Yes, all 82 manuscript-cohort videos"
159.5,Animal_159_5DLC_resnet50_Freezing_07-2020Sep29shuffle1_100000filtered,ELS,"Sanguino-Gomez et al., 2024",3,39,5,11250,464,4.4444444444444453E-2,5.029810298102981E-2,"Yes, all 82 manuscript-cohort videos"
11.4,Animal 11_4DLC_resnet50_Freezing_07-2020Sep29shuffle1_100000filtered,Control,"Sanguino-Gomez and Krugers, 2024",1,40,218,11250,1465,1.937777777777778,0.1588075880758808,"Yes, all 82 manuscript-cohort videos"
11.6,Animal 11_6DLC_resnet50_Freezing_07-2020Sep29shuffle1_100000filtered,Control,"Sanguino-Gomez and Krugers, 2024",1,40,491,11250,1465,4.3644444444444446,0.1588075880758808,"Yes, all 82 manuscript-cohort videos"
40.4,Animal_40_4DLC_resnet50_Freezing_07-2020Sep29shuffle1_100000filtered,Control,"Sanguino-Gomez and Krugers, 2024",1,40,39,11250,1465,0.34666666666666668,0.1588075880758808,"Yes, all 82 manuscript-cohort videos"
41.4,Animal_41_4DLC_resnet50_Freezing_07-2020Sep29shuffle1_100000filtered,Control,"Sanguino-Gomez and Krugers, 2024",1,40,58,11250,1465,0.51555555555555554,0.1588075880758808,"Yes, all 82 manuscript-cohort videos"
54.3,Animal_54_3DLC_resnet50_Freezing_07-2020Sep29shuffle1_100000filtered,Control,"Sanguino-Gomez and Krugers, 2024",1,40,17,11250,1465,0.15111111111111111,0.1588075880758808,"Yes, all 82 manuscript-cohort videos"
54.4,Animal_54_4DLC_resnet50_Freezing_07-2020Sep29shuffle1_100000filtered,Control,"Sanguino-Gomez and Krugers, 2024",1,40,112,11250,1465,0.99555555555555564,0.1588075880758808,"Yes, all 82 manuscript-cohort videos"
54.6,Animal_54_6DLC_resnet50_Freezing_07-2020Sep29shuffle1_100000filtered,Control,"Sanguino-Gomez and Krugers, 2024",1,40,38,11250,1465,0.33777777777777779,0.1588075880758808,"Yes, all 82 manuscript-cohort videos"
58.5,Animal_58_5DLC_resnet50_Freezing_07-2020Sep29shuffle1_100000filtered,Control,"Sanguino-Gomez and Krugers, 2024",1,40,17,11250,1465,0.15111111111111111,0.1588075880758808,"Yes, all 82 manuscript-cohort videos"
62.1,Animal_62_1DLC_resnet50_Freezing_07-2020Sep29shuffle1_100000filtered,Control,"Sanguino-Gomez and Krugers, 2024",1,40,3,11250,1465,2.6666666666666668E-2,0.1588075880758808,"Yes, all 82 manuscript-cohort videos"
62.4,Animal_62_4DLC_resnet50_Freezing_07-2020Sep29shuffle1_100000filtered,Control,"Sanguino-Gomez and Krugers, 2024",1,40,21,11250,1465,0.1866666666666667,0.1588075880758808,"Yes, all 82 manuscript-cohort videos"
15.4,Animal 15_4DLC_resnet50_Freezing_07-2020Sep29shuffle1_100000filtered,ELS,"Sanguino-Gomez and Krugers, 2024",1,40,17,11250,1465,0.15111111111111111,0.1588075880758808,"Yes, all 82 manuscript-cohort videos"
15.6,Animal 15_6DLC_resnet50_Freezing_07-2020Sep29shuffle1_100000filtered,ELS,"Sanguino-Gomez and Krugers, 2024",1,40,49,11250,1465,0.43555555555555547,0.1588075880758808,"Yes, all 82 manuscript-cohort videos"
2.4,Animal 2_4DLC_resnet50_Freezing_07-2020Sep29shuffle1_100000filtered,ELS,"Sanguino-Gomez and Krugers, 2024",1,40,131,11250,1465,1.1644444444444451,0.1588075880758808,"Yes, all 82 manuscript-cohort videos"
49.6,Animal_49_6DLC_resnet50_Freezing_07-2020Sep29shuffle1_100000filtered,ELS,"Sanguino-Gomez and Krugers, 2024",1,40,55,11250,1465,0.48888888888888887,0.1588075880758808,"Yes, all 82 manuscript-cohort videos"
55.3,Animal_55_3DLC_resnet50_Freezing_07-2020Sep29shuffle1_100000filtered,ELS,"Sanguino-Gomez and Krugers, 2024",1,40,128,11250,1465,1.137777777777778,0.1588075880758808,"Yes, all 82 manuscript-cohort videos"
69.5,Animal_69_5DLC_resnet50_Freezing_07-2020Sep29shuffle1_100000filtered,ELS,"Sanguino-Gomez and Krugers, 2024",1,40,32,11250,1465,0.28444444444444439,0.1588075880758808,"Yes, all 82 manuscript-cohort videos"
147.4,Animal_147_4DLC_resnet50_Freezing_07-2020Sep29shuffle1_100000filtered,Control,"Sanguino-Gomez et al., 2024",3,40,13,11250,1465,0.11555555555555561,0.1588075880758808,"Yes, all 82 manuscript-cohort videos"
158.5,Animal_158_5DLC_resnet50_Freezing_07-2020Sep29shuffle1_100000filtered,Control,"Sanguino-Gomez et al., 2024",3,40,26,11250,1465,0.2311111111111111,0.1588075880758808,"Yes, all 82 manuscript-cohort videos"
34.5,Animal 34_5DLC_resnet50_Freezing_07-2020Sep29shuffle1_100000filtered,Control,"Sanguino-Gomez and Krugers, 2024",1,41,17,11250,426,0.15111111111111111,4.6178861788617888E-2,"Yes, all 82 manuscript-cohort videos"
41.4,Animal_41_4DLC_resnet50_Freezing_07-2020Sep29shuffle1_100000filtered,Control,"Sanguino-Gomez and Krugers, 2024",1,41,26,11250,426,0.2311111111111111,4.6178861788617888E-2,"Yes, all 82 manuscript-cohort videos"
47.5,Animal_47_5DLC_resnet50_Freezing_07-2020Sep29shuffle1_100000filtered,Control,"Sanguino-Gomez and Krugers, 2024",1,41,38,11250,426,0.33777777777777779,4.6178861788617888E-2,"Yes, all 82 manuscript-cohort videos"
50.5,Animal_50_5DLC_resnet50_Freezing_07-2020Sep29shuffle1_100000filtered,Control,"Sanguino-Gomez and Krugers, 2024",1,41,29,11250,426,0.25777777777777777,4.6178861788617888E-2,"Yes, all 82 manuscript-cohort videos"
54.3,Animal_54_3DLC_resnet50_Freezing_07-2020Sep29shuffle1_100000filtered,Control,"Sanguino-Gomez and Krugers, 2024",1,41,15,11250,426,0.1333333333333333,4.6178861788617888E-2,"Yes, all 82 manuscript-cohort videos"
54.4,Animal_54_4DLC_resnet50_Freezing_07-2020Sep29shuffle1_100000filtered,Control,"Sanguino-Gomez and Krugers, 2024",1,41,2,11250,426,1.7777777777777781E-2,4.6178861788617888E-2,"Yes, all 82 manuscript-cohort videos"
54.6,Animal_54_6DLC_resnet50_Freezing_07-2020Sep29shuffle1_100000filtered,Control,"Sanguino-Gomez and Krugers, 2024",1,41,18,11250,426,0.16,4.6178861788617888E-2,"Yes, all 82 manuscript-cohort videos"
58.5,Animal_58_5DLC_resnet50_Freezing_07-2020Sep29shuffle1_100000filtered,Control,"Sanguino-Gomez and Krugers, 2024",1,41,46,11250,426,0.40888888888888891,4.6178861788617888E-2,"Yes, all 82 manuscript-cohort videos"
62.1,Animal_62_1DLC_resnet50_Freezing_07-2020Sep29shuffle1_100000filtered,Control,"Sanguino-Gomez and Krugers, 2024",1,41,12,11250,426,0.1066666666666667,4.6178861788617888E-2,"Yes, all 82 manuscript-cohort videos"
62.2,Animal_62_2DLC_resnet50_Freezing_07-2020Sep29shuffle1_100000filtered,Control,"Sanguino-Gomez and Krugers, 2024",1,41,25,11250,426,0.22222222222222221,4.6178861788617888E-2,"Yes, all 82 manuscript-cohort videos"
62.3,Animal_62_3DLC_resnet50_Freezing_07-2020Sep29shuffle1_100000filtered,Control,"Sanguino-Gomez and Krugers, 2024",1,41,21,11250,426,0.1866666666666667,4.6178861788617888E-2,"Yes, all 82 manuscript-cohort videos"
62.4,Animal_62_4DLC_resnet50_Freezing_07-2020Sep29shuffle1_100000filtered,Control,"Sanguino-Gomez and Krugers, 2024",1,41,12,11250,426,0.1066666666666667,4.6178861788617888E-2,"Yes, all 82 manuscript-cohort videos"
2.4,Animal 2_4DLC_resnet50_Freezing_07-2020Sep29shuffle1_100000filtered,ELS,"Sanguino-Gomez and Krugers, 2024",1,41,4,11250,426,3.5555555555555562E-2,4.6178861788617888E-2,"Yes, all 82 manuscript-cohort videos"
23.4,Animal 23_4DLC_resnet50_Freezing_07-2020Sep29shuffle1_100000filtered,ELS,"Sanguino-Gomez and Krugers, 2024",1,41,48,11250,426,0.42666666666666669,4.6178861788617888E-2,"Yes, all 82 manuscript-cohort videos"
43.3,Animal_43_3DLC_resnet50_Freezing_07-2020Sep29shuffle1_100000filtered,ELS,"Sanguino-Gomez and Krugers, 2024",1,41,11,11250,426,9.7777777777777769E-2,4.6178861788617888E-2,"Yes, all 82 manuscript-cohort videos"
43.5,Animal_43_5DLC_resnet50_Freezing_07-2020Sep29shuffle1_100000filtered,ELS,"Sanguino-Gomez and Krugers, 2024",1,41,10,11250,426,8.8888888888888892E-2,4.6178861788617888E-2,"Yes, all 82 manuscript-cohort videos"
49.5,Animal_49_5DLC_resnet50_Freezing_07-2020Sep29shuffle1_100000filtered,ELS,"Sanguino-Gomez and Krugers, 2024",1,41,3,11250,426,2.6666666666666668E-2,4.6178861788617888E-2,"Yes, all 82 manuscript-cohort videos"
49.6,Animal_49_6DLC_resnet50_Freezing_07-2020Sep29shuffle1_100000filtered,ELS,"Sanguino-Gomez and Krugers, 2024",1,41,12,11250,426,0.1066666666666667,4.6178861788617888E-2,"Yes, all 82 manuscript-cohort videos"
56.3,Animal_56_3DLC_resnet50_Freezing_07-2020Sep29shuffle1_100000filtered,ELS,"Sanguino-Gomez and Krugers, 2024",1,41,22,11250,426,0.19555555555555551,4.6178861788617888E-2,"Yes, all 82 manuscript-cohort videos"
69.3,Animal_69_3DLC_resnet50_Freezing_07-2020Sep29shuffle1_100000filtered,ELS,"Sanguino-Gomez and Krugers, 2024",1,41,7,11250,426,6.2222222222222227E-2,4.6178861788617888E-2,"Yes, all 82 manuscript-cohort videos"
75.1,Animal_75_1DLC_resnet50_Freezing_07-2020Sep29shuffle1_100000filtered,ELS,"Sanguino-Gomez and Krugers, 2024",1,41,6,11250,426,5.3333333333333337E-2,4.6178861788617888E-2,"Yes, all 82 manuscript-cohort videos"
88.2,Animal_88_2DLC_resnet50_Freezing_07-2020Sep29shuffle1_100000filtered,ELS,"Sanguino-Gomez and Krugers, 2024",1,41,4,11250,426,3.5555555555555562E-2,4.6178861788617888E-2,"Yes, all 82 manuscript-cohort videos"
146.6,Animal_146_6DLC_resnet50_Freezing_07-2020Sep29shuffle1_100000filtered,Control,"Sanguino-Gomez et al., 2024",3,41,15,11250,426,0.1333333333333333,4.6178861788617888E-2,"Yes, all 82 manuscript-cohort videos"
147.4,Animal_147_4DLC_resnet50_Freezing_07-2020Sep29shuffle1_100000filtered,Control,"Sanguino-Gomez et al., 2024",3,41,12,11250,426,0.1066666666666667,4.6178861788617888E-2,"Yes, all 82 manuscript-cohort videos"
123.1,Animal_123_1DLC_resnet50_Freezing_07-2020Sep29shuffle1_100000filtered,ELS,"Sanguino-Gomez et al., 2024",3,41,5,11250,426,4.4444444444444453E-2,4.6178861788617888E-2,"Yes, all 82 manuscript-cohort videos"
134.2,Animal_134_2DLC_resnet50_Freezing_07-2020Sep29shuffle1_100000filtered,ELS,"Sanguino-Gomez et al., 2024",3,41,6,11250,426,5.3333333333333337E-2,4.6178861788617888E-2,"Yes, all 82 manuscript-cohort videos"
11.4,Animal 11_4DLC_resnet50_Freezing_07-2020Sep29shuffle1_100000filtered,Control,"Sanguino-Gomez and Krugers, 2024",1,42,11,11250,359,9.7777777777777769E-2,3.8915989159891598E-2,"Yes, all 82 manuscript-cohort videos"
11.6,Animal 11_6DLC_resnet50_Freezing_07-2020Sep29shuffle1_100000filtered,Control,"Sanguino-Gomez and Krugers, 2024",1,42,8,11250,359,7.1111111111111111E-2,3.8915989159891598E-2,"Yes, all 82 manuscript-cohort videos"
34.4,Animal 34_4DLC_resnet50_Freezing_07-2020Sep29shuffle1_100000filtered,Control,"Sanguino-Gomez and Krugers, 2024",1,42,7,11250,359,6.2222222222222227E-2,3.8915989159891598E-2,"Yes, all 82 manuscript-cohort videos"
40.4,Animal_40_4DLC_resnet50_Freezing_07-2020Sep29shuffle1_100000filtered,Control,"Sanguino-Gomez and Krugers, 2024",1,42,62,11250,359,0.55111111111111111,3.8915989159891598E-2,"Yes, all 82 manuscript-cohort videos"
41.4,Animal_41_4DLC_resnet50_Freezing_07-2020Sep29shuffle1_100000filtered,Control,"Sanguino-Gomez and Krugers, 2024",1,42,22,11250,359,0.19555555555555551,3.8915989159891598E-2,"Yes, all 82 manuscript-cohort videos"
41.6,Animal_41_6DLC_resnet50_Freezing_07-2020Sep29shuffle1_100000filtered,Control,"Sanguino-Gomez and Krugers, 2024",1,42,16,11250,359,0.14222222222222219,3.8915989159891598E-2,"Yes, all 82 manuscript-cohort videos"
47.5,Animal_47_5DLC_resnet50_Freezing_07-2020Sep29shuffle1_100000filtered,Control,"Sanguino-Gomez and Krugers, 2024",1,42,19,11250,359,0.16888888888888889,3.8915989159891598E-2,"Yes, all 82 manuscript-cohort videos"
53.5,Animal_53_5DLC_resnet50_Freezing_07-2020Sep29shuffle1_100000filtered,Control,"Sanguino-Gomez and Krugers, 2024",1,42,26,11250,359,0.2311111111111111,3.8915989159891598E-2,"Yes, all 82 manuscript-cohort videos"
54.3,Animal_54_3DLC_resnet50_Freezing_07-2020Sep29shuffle1_100000filtered,Control,"Sanguino-Gomez and Krugers, 2024",1,42,11,11250,359,9.7777777777777769E-2,3.8915989159891598E-2,"Yes, all 82 manuscript-cohort videos"
58.5,Animal_58_5DLC_resnet50_Freezing_07-2020Sep29shuffle1_100000filtered,Control,"Sanguino-Gomez and Krugers, 2024",1,42,5,11250,359,4.4444444444444453E-2,3.8915989159891598E-2,"Yes, all 82 manuscript-cohort videos"
62.4,Animal_62_4DLC_resnet50_Freezing_07-2020Sep29shuffle1_100000filtered,Control,"Sanguino-Gomez and Krugers, 2024",1,42,13,11250,359,0.11555555555555561,3.8915989159891598E-2,"Yes, all 82 manuscript-cohort videos"
68.1,Animal_68_1DLC_resnet50_Freezing_07-2020Sep29shuffle1_100000filtered,Control,"Sanguino-Gomez and Krugers, 2024",1,42,13,11250,359,0.11555555555555561,3.8915989159891598E-2,"Yes, all 82 manuscript-cohort videos"
15.4,Animal 15_4DLC_resnet50_Freezing_07-2020Sep29shuffle1_100000filtered,ELS,"Sanguino-Gomez and Krugers, 2024",1,42,6,11250,359,5.3333333333333337E-2,3.8915989159891598E-2,"Yes, all 82 manuscript-cohort videos"
25.1,Animal 25_1DLC_resnet50_Freezing_07-2020Sep29shuffle1_100000filtered,ELS,"Sanguino-Gomez and Krugers, 2024",1,42,6,11250,359,5.3333333333333337E-2,3.8915989159891598E-2,"Yes, all 82 manuscript-cohort videos"
32.2,Animal 32_2DLC_resnet50_Freezing_07-2020Sep29shuffle1_100000filtered,ELS,"Sanguino-Gomez and Krugers, 2024",1,42,47,11250,359,0.41777777777777769,3.8915989159891598E-2,"Yes, all 82 manuscript-cohort videos"
43.5,Animal_43_5DLC_resnet50_Freezing_07-2020Sep29shuffle1_100000filtered,ELS,"Sanguino-Gomez and Krugers, 2024",1,42,9,11250,359,0.08,3.8915989159891598E-2,"Yes, all 82 manuscript-cohort videos"
56.3,Animal_56_3DLC_resnet50_Freezing_07-2020Sep29shuffle1_100000filtered,ELS,"Sanguino-Gomez and Krugers, 2024",1,42,13,11250,359,0.11555555555555561,3.8915989159891598E-2,"Yes, all 82 manuscript-cohort videos"
69.5,Animal_69_5DLC_resnet50_Freezing_07-2020Sep29shuffle1_100000filtered,ELS,"Sanguino-Gomez and Krugers, 2024",1,42,8,11250,359,7.1111111111111111E-2,3.8915989159891598E-2,"Yes, all 82 manuscript-cohort videos"
88.3,Animal_88_3DLC_resnet50_Freezing_07-2020Sep29shuffle1_100000filtered,ELS,"Sanguino-Gomez and Krugers, 2024",1,42,6,11250,359,5.3333333333333337E-2,3.8915989159891598E-2,"Yes, all 82 manuscript-cohort videos"
145.5,Animal_145_5DLC_resnet50_Freezing_07-2020Sep29shuffle1_100000filtered,Control,"Sanguino-Gomez et al., 2024",3,42,7,11250,359,6.2222222222222227E-2,3.8915989159891598E-2,"Yes, all 82 manuscript-cohort videos"
134.4,Animal_134_4DLC_resnet50_Freezing_07-2020Sep29shuffle1_100000filtered,ELS,"Sanguino-Gomez et al., 2024",3,42,9,11250,359,0.08,3.8915989159891598E-2,"Yes, all 82 manuscript-cohort videos"
144.3,Animal_144_3DLC_resnet50_Freezing_07-2020Sep29shuffle1_100000filtered,ELS,"Sanguino-Gomez et al., 2024",3,42,9,11250,359,0.08,3.8915989159891598E-2,"Yes, all 82 manuscript-cohort videos"
154.4,Animal_154_4DLC_resnet50_Freezing_07-2020Sep29shuffle1_100000filtered,ELS,"Sanguino-Gomez et al., 2024",3,42,13,11250,359,0.11555555555555561,3.8915989159891598E-2,"Yes, all 82 manuscript-cohort videos"
159.5,Animal_159_5DLC_resnet50_Freezing_07-2020Sep29shuffle1_100000filtered,ELS,"Sanguino-Gomez et al., 2024",3,42,13,11250,359,0.11555555555555561,3.8915989159891598E-2,"Yes, all 82 manuscript-cohort videos"
11.6,Animal 11_6DLC_resnet50_Freezing_07-2020Sep29shuffle1_100000filtered,Control,"Sanguino-Gomez and Krugers, 2024",1,43,2,11250,114,1.7777777777777781E-2,1.2357723577235771E-2,"Yes, all 82 manuscript-cohort videos"
40.6,Animal_40_6DLC_resnet50_Freezing_07-2020Sep29shuffle1_100000filtered,Control,"Sanguino-Gomez and Krugers, 2024",1,43,13,11250,114,0.11555555555555561,1.2357723577235771E-2,"Yes, all 82 manuscript-cohort videos"
47.5,Animal_47_5DLC_resnet50_Freezing_07-2020Sep29shuffle1_100000filtered,Control,"Sanguino-Gomez and Krugers, 2024",1,43,1,11250,114,8.8888888888888889E-3,1.2357723577235771E-2,"Yes, all 82 manuscript-cohort videos"
50.5,Animal_50_5DLC_resnet50_Freezing_07-2020Sep29shuffle1_100000filtered,Control,"Sanguino-Gomez and Krugers, 2024",1,43,5,11250,114,4.4444444444444453E-2,1.2357723577235771E-2,"Yes, all 82 manuscript-cohort videos"
54.3,Animal_54_3DLC_resnet50_Freezing_07-2020Sep29shuffle1_100000filtered,Control,"Sanguino-Gomez and Krugers, 2024",1,43,4,11250,114,3.5555555555555562E-2,1.2357723577235771E-2,"Yes, all 82 manuscript-cohort videos"
62.2,Animal_62_2DLC_resnet50_Freezing_07-2020Sep29shuffle1_100000filtered,Control,"Sanguino-Gomez and Krugers, 2024",1,43,6,11250,114,5.3333333333333337E-2,1.2357723577235771E-2,"Yes, all 82 manuscript-cohort videos"
68.1,Animal_68_1DLC_resnet50_Freezing_07-2020Sep29shuffle1_100000filtered,Control,"Sanguino-Gomez and Krugers, 2024",1,43,7,11250,114,6.2222222222222227E-2,1.2357723577235771E-2,"Yes, all 82 manuscript-cohort videos"
15.6,Animal 15_6DLC_resnet50_Freezing_07-2020Sep29shuffle1_100000filtered,ELS,"Sanguino-Gomez and Krugers, 2024",1,43,6,11250,114,5.3333333333333337E-2,1.2357723577235771E-2,"Yes, all 82 manuscript-cohort videos"
25.1,Animal 25_1DLC_resnet50_Freezing_07-2020Sep29shuffle1_100000filtered,ELS,"Sanguino-Gomez and Krugers, 2024",1,43,7,11250,114,6.2222222222222227E-2,1.2357723577235771E-2,"Yes, all 82 manuscript-cohort videos"
43.3,Animal_43_3DLC_resnet50_Freezing_07-2020Sep29shuffle1_100000filtered,ELS,"Sanguino-Gomez and Krugers, 2024",1,43,20,11250,114,0.17777777777777781,1.2357723577235771E-2,"Yes, all 82 manuscript-cohort videos"
63.3,Animal_63_3DLC_resnet50_Freezing_07-2020Sep29shuffle1_100000filtered,ELS,"Sanguino-Gomez and Krugers, 2024",1,43,9,11250,114,0.08,1.2357723577235771E-2,"Yes, all 82 manuscript-cohort videos"
73.1,Animal_73_1DLC_resnet50_Freezing_07-2020Sep29shuffle1_100000filtered,ELS,"Sanguino-Gomez and Krugers, 2024",1,43,7,11250,114,6.2222222222222227E-2,1.2357723577235771E-2,"Yes, all 82 manuscript-cohort videos"
75.1,Animal_75_1DLC_resnet50_Freezing_07-2020Sep29shuffle1_100000filtered,ELS,"Sanguino-Gomez and Krugers, 2024",1,43,11,11250,114,9.7777777777777769E-2,1.2357723577235771E-2,"Yes, all 82 manuscript-cohort videos"
152.3,Animal_152_3DLC_resnet50_Freezing_07-2020Sep29shuffle1_100000filtered,Control,"Sanguino-Gomez et al., 2024",3,43,4,11250,114,3.5555555555555562E-2,1.2357723577235771E-2,"Yes, all 82 manuscript-cohort videos"
144.5,Animal_144_5DLC_resnet50_Freezing_07-2020Sep29shuffle1_100000filtered,ELS,"Sanguino-Gomez et al., 2024",3,43,6,11250,114,5.3333333333333337E-2,1.2357723577235771E-2,"Yes, all 82 manuscript-cohort videos"
150.5,Animal_150_5DLC_resnet50_Freezing_07-2020Sep29shuffle1_100000filtered,ELS,"Sanguino-Gomez et al., 2024",3,43,6,11250,114,5.3333333333333337E-2,1.2357723577235771E-2,"Yes, all 82 manuscript-cohort videos"
34.4,Animal 34_4DLC_resnet50_Freezing_07-2020Sep29shuffle1_100000filtered,Control,"Sanguino-Gomez and Krugers, 2024",1,44,125,11250,952,1.1111111111111109,0.1031978319783198,"Yes, all 82 manuscript-cohort videos"
41.5,Animal_41_5DLC_resnet50_Freezing_07-2020Sep29shuffle1_100000filtered,Control,"Sanguino-Gomez and Krugers, 2024",1,44,74,11250,952,0.65777777777777779,0.1031978319783198,"Yes, all 82 manuscript-cohort videos"
41.6,Animal_41_6DLC_resnet50_Freezing_07-2020Sep29shuffle1_100000filtered,Control,"Sanguino-Gomez and Krugers, 2024",1,44,321,11250,952,2.8533333333333331,0.1031978319783198,"Yes, all 82 manuscript-cohort videos"
62.1,Animal_62_1DLC_resnet50_Freezing_07-2020Sep29shuffle1_100000filtered,Control,"Sanguino-Gomez and Krugers, 2024",1,44,281,11250,952,2.4977777777777779,0.1031978319783198,"Yes, all 82 manuscript-cohort videos"
74.1,Animal_74_1DLC_resnet50_Freezing_07-2020Sep29shuffle1_100000filtered,Control,"Sanguino-Gomez and Krugers, 2024",1,44,62,11250,952,0.55111111111111111,0.1031978319783198,"Yes, all 82 manuscript-cohort videos"
32.4,Animal 32_4DLC_resnet50_Freezing_07-2020Sep29shuffle1_100000filtered,ELS,"Sanguino-Gomez and Krugers, 2024",1,44,7,11250,952,6.2222222222222227E-2,0.1031978319783198,"Yes, all 82 manuscript-cohort videos"
136.2,Animal_136_2DLC_resnet50_Freezing_07-2020Sep29shuffle1_100000filtered,Control,"Sanguino-Gomez et al., 2024",3,44,82,11250,952,0.72888888888888892,0.1031978319783198,"Yes, all 82 manuscript-cohort videos"
40.6,Animal_40_6DLC_resnet50_Freezing_07-2020Sep29shuffle1_100000filtered,Control,"Sanguino-Gomez and Krugers, 2024",1,45,16,11250,154,0.14222222222222219,1.6693766937669371E-2,"Yes, all 82 manuscript-cohort videos"
41.4,Animal_41_4DLC_resnet50_Freezing_07-2020Sep29shuffle1_100000filtered,Control,"Sanguino-Gomez and Krugers, 2024",1,45,17,11250,154,0.15111111111111111,1.6693766937669371E-2,"Yes, all 82 manuscript-cohort videos"
53.5,Animal_53_5DLC_resnet50_Freezing_07-2020Sep29shuffle1_100000filtered,Control,"Sanguino-Gomez and Krugers, 2024",1,45,23,11250,154,0.20444444444444451,1.6693766937669371E-2,"Yes, all 82 manuscript-cohort videos"
62.1,Animal_62_1DLC_resnet50_Freezing_07-2020Sep29shuffle1_100000filtered,Control,"Sanguino-Gomez and Krugers, 2024",1,45,9,11250,154,0.08,1.6693766937669371E-2,"Yes, all 82 manuscript-cohort videos"
15.4,Animal 15_4DLC_resnet50_Freezing_07-2020Sep29shuffle1_100000filtered,ELS,"Sanguino-Gomez and Krugers, 2024",1,45,2,11250,154,1.7777777777777781E-2,1.6693766937669371E-2,"Yes, all 82 manuscript-cohort videos"
69.2,Animal_69_2DLC_resnet50_Freezing_07-2020Sep29shuffle1_100000filtered,ELS,"Sanguino-Gomez and Krugers, 2024",1,45,19,11250,154,0.16888888888888889,1.6693766937669371E-2,"Yes, all 82 manuscript-cohort videos"
75.1,Animal_75_1DLC_resnet50_Freezing_07-2020Sep29shuffle1_100000filtered,ELS,"Sanguino-Gomez and Krugers, 2024",1,45,45,11250,154,0.4,1.6693766937669371E-2,"Yes, all 82 manuscript-cohort videos"
136.3,Animal_136_3DLC_resnet50_Freezing_07-2020Sep29shuffle1_100000filtered,Control,"Sanguino-Gomez et al., 2024",3,45,9,11250,154,0.08,1.6693766937669371E-2,"Yes, all 82 manuscript-cohort videos"
152.3,Animal_152_3DLC_resnet50_Freezing_07-2020Sep29shuffle1_100000filtered,Control,"Sanguino-Gomez et al., 2024",3,45,14,11250,154,0.1244444444444445,1.6693766937669371E-2,"Yes, all 82 manuscript-cohort videos"
5.4,Animal 5_4DLC_resnet50_Freezing_07-2020Sep29shuffle1_100000filtered,Control,"Sanguino-Gomez and Krugers, 2024",1,46,9,11250,51,0.08,5.5284552845528464E-3,"Yes, all 82 manuscript-cohort videos"
2.4,Animal 2_4DLC_resnet50_Freezing_07-2020Sep29shuffle1_100000filtered,ELS,"Sanguino-Gomez and Krugers, 2024",1,46,8,11250,51,7.1111111111111111E-2,5.5284552845528464E-3,"Yes, all 82 manuscript-cohort videos"
43.5,Animal_43_5DLC_resnet50_Freezing_07-2020Sep29shuffle1_100000filtered,ELS,"Sanguino-Gomez and Krugers, 2024",1,46,17,11250,51,0.15111111111111111,5.5284552845528464E-3,"Yes, all 82 manuscript-cohort videos"
55.3,Animal_55_3DLC_resnet50_Freezing_07-2020Sep29shuffle1_100000filtered,ELS,"Sanguino-Gomez and Krugers, 2024",1,46,5,11250,51,4.4444444444444453E-2,5.5284552845528464E-3,"Yes, all 82 manuscript-cohort videos"
56.3,Animal_56_3DLC_resnet50_Freezing_07-2020Sep29shuffle1_100000filtered,ELS,"Sanguino-Gomez and Krugers, 2024",1,46,7,11250,51,6.2222222222222227E-2,5.5284552845528464E-3,"Yes, all 82 manuscript-cohort videos"
157.1,Animal_157_1DLC_resnet50_Freezing_07-2020Sep29shuffle1_100000filtered,Control,"Sanguino-Gomez et al., 2024",3,46,5,11250,51,4.4444444444444453E-2,5.5284552845528464E-3,"Yes, all 82 manuscript-cohort videos"
40.4,Animal_40_4DLC_resnet50_Freezing_07-2020Sep29shuffle1_100000filtered,Control,"Sanguino-Gomez and Krugers, 2024",1,47,5,11250,24,4.4444444444444453E-2,2.601626016260163E-3,"Yes, all 82 manuscript-cohort videos"
2.4,Animal 2_4DLC_resnet50_Freezing_07-2020Sep29shuffle1_100000filtered,ELS,"Sanguino-Gomez and Krugers, 2024",1,47,9,11250,24,0.08,2.601626016260163E-3,"Yes, all 82 manuscript-cohort videos"
32.4,Animal 32_4DLC_resnet50_Freezing_07-2020Sep29shuffle1_100000filtered,ELS,"Sanguino-Gomez and Krugers, 2024",1,47,4,11250,24,3.5555555555555562E-2,2.601626016260163E-3,"Yes, all 82 manuscript-cohort videos"
43.3,Animal_43_3DLC_resnet50_Freezing_07-2020Sep29shuffle1_100000filtered,ELS,"Sanguino-Gomez and Krugers, 2024",1,47,6,11250,24,5.3333333333333337E-2,2.601626016260163E-3,"Yes, all 82 manuscript-cohort videos"
26.4,Animal 26_4DLC_resnet50_Freezing_07-2020Sep29shuffle1_100000filtered,ELS,"Sanguino-Gomez and Krugers, 2024",1,48,12,11250,47,0.1066666666666667,5.0948509485094851E-3,"Yes, all 82 manuscript-cohort videos"
32.4,Animal 32_4DLC_resnet50_Freezing_07-2020Sep29shuffle1_100000filtered,ELS,"Sanguino-Gomez and Krugers, 2024",1,48,23,11250,47,0.20444444444444451,5.0948509485094851E-3,"Yes, all 82 manuscript-cohort videos"
55.3,Animal_55_3DLC_resnet50_Freezing_07-2020Sep29shuffle1_100000filtered,ELS,"Sanguino-Gomez and Krugers, 2024",1,48,4,11250,47,3.5555555555555562E-2,5.0948509485094851E-3,"Yes, all 82 manuscript-cohort videos"
157.1,Animal_157_1DLC_resnet50_Freezing_07-2020Sep29shuffle1_100000filtered,Control,"Sanguino-Gomez et al., 2024",3,48,8,11250,47,7.1111111111111111E-2,5.0948509485094851E-3,"Yes, all 82 manuscript-cohort videos"
40.6,Animal_40_6DLC_resnet50_Freezing_07-2020Sep29shuffle1_100000filtered,Control,"Sanguino-Gomez and Krugers, 2024",1,49,2,11250,17,1.7777777777777781E-2,1.8428184281842821E-3,"Yes, all 82 manuscript-cohort videos"
58.5,Animal_58_5DLC_resnet50_Freezing_07-2020Sep29shuffle1_100000filtered,Control,"Sanguino-Gomez and Krugers, 2024",1,49,5,11250,17,4.4444444444444453E-2,1.8428184281842821E-3,"Yes, all 82 manuscript-cohort videos"
49.6,Animal_49_6DLC_resnet50_Freezing_07-2020Sep29shuffle1_100000filtered,ELS,"Sanguino-Gomez and Krugers, 2024",1,49,5,11250,17,4.4444444444444453E-2,1.8428184281842821E-3,"Yes, all 82 manuscript-cohort videos"
55.3,Animal_55_3DLC_resnet50_Freezing_07-2020Sep29shuffle1_100000filtered,ELS,"Sanguino-Gomez and Krugers, 2024",1,49,1,11250,17,8.8888888888888889E-3,1.8428184281842821E-3,"Yes, all 82 manuscript-cohort videos"
157.1,Animal_157_1DLC_resnet50_Freezing_07-2020Sep29shuffle1_100000filtered,Control,"Sanguino-Gomez et al., 2024",3,49,4,11250,17,3.5555555555555562E-2,1.8428184281842821E-3,"Yes, all 82 manuscript-cohort videos"
41.5,Animal_41_5DLC_resnet50_Freezing_07-2020Sep29shuffle1_100000filtered,Control,"Sanguino-Gomez and Krugers, 2024",1,50,14,11250,35,0.1244444444444445,3.7940379403794038E-3,"Yes, all 82 manuscript-cohort videos"
53.5,Animal_53_5DLC_resnet50_Freezing_07-2020Sep29shuffle1_100000filtered,Control,"Sanguino-Gomez and Krugers, 2024",1,50,14,11250,35,0.1244444444444445,3.7940379403794038E-3,"Yes, all 82 manuscript-cohort videos"
32.4,Animal 32_4DLC_resnet50_Freezing_07-2020Sep29shuffle1_100000filtered,ELS,"Sanguino-Gomez and Krugers, 2024",1,50,7,11250,35,6.2222222222222227E-2,3.7940379403794038E-3,"Yes, all 82 manuscript-cohort videos"
11.6,Animal 11_6DLC_resnet50_Freezing_07-2020Sep29shuffle1_100000filtered,Control,"Sanguino-Gomez and Krugers, 2024",1,51,12,11250,18,0.1066666666666667,1.9512195121951219E-3,"Yes, all 82 manuscript-cohort videos"
43.3,Animal_43_3DLC_resnet50_Freezing_07-2020Sep29shuffle1_100000filtered,ELS,"Sanguino-Gomez and Krugers, 2024",1,51,4,11250,18,3.5555555555555562E-2,1.9512195121951219E-3,"Yes, all 82 manuscript-cohort videos"
55.3,Animal_55_3DLC_resnet50_Freezing_07-2020Sep29shuffle1_100000filtered,ELS,"Sanguino-Gomez and Krugers, 2024",1,51,2,11250,18,1.7777777777777781E-2,1.9512195121951219E-3,"Yes, all 82 manuscript-cohort videos"
11.6,Animal 11_6DLC_resnet50_Freezing_07-2020Sep29shuffle1_100000filtered,Control,"Sanguino-Gomez and Krugers, 2024",1,52,9,11250,9,0.08,9.7560975609756097E-4,"Yes, all 82 manuscript-cohort videos"
11.4,Animal 11_4DLC_resnet50_Freezing_07-2020Sep29shuffle1_100000filtered,Control,"Sanguino-Gomez and Krugers, 2024",1,53,24,11250,37,0.21333333333333329,4.010840108401084E-3,"Yes, all 82 manuscript-cohort videos"
5.4,Animal 5_4DLC_resnet50_Freezing_07-2020Sep29shuffle1_100000filtered,Control,"Sanguino-Gomez and Krugers, 2024",1,53,6,11250,37,5.3333333333333337E-2,4.010840108401084E-3,"Yes, all 82 manuscript-cohort videos"
55.3,Animal_55_3DLC_resnet50_Freezing_07-2020Sep29shuffle1_100000filtered,ELS,"Sanguino-Gomez and Krugers, 2024",1,53,5,11250,37,4.4444444444444453E-2,4.010840108401084E-3,"Yes, all 82 manuscript-cohort videos"
123.3,Animal_123_3DLC_resnet50_Freezing_07-2020Sep29shuffle1_100000filtered,ELS,"Sanguino-Gomez et al., 2024",3,53,2,11250,37,1.7777777777777781E-2,4.010840108401084E-3,"Yes, all 82 manuscript-cohort videos"
11.4,Animal 11_4DLC_resnet50_Freezing_07-2020Sep29shuffle1_100000filtered,Control,"Sanguino-Gomez and Krugers, 2024",1,54,16,11250,26,0.14222222222222219,2.8184281842818428E-3,"Yes, all 82 manuscript-cohort videos"
47.5,Animal_47_5DLC_resnet50_Freezing_07-2020Sep29shuffle1_100000filtered,Control,"Sanguino-Gomez and Krugers, 2024",1,54,10,11250,26,8.8888888888888892E-2,2.8184281842818428E-3,"Yes, all 82 manuscript-cohort videos"
62.4,Animal_62_4DLC_resnet50_Freezing_07-2020Sep29shuffle1_100000filtered,Control,"Sanguino-Gomez and Krugers, 2024",1,56,12,11250,12,0.1066666666666667,1.3008130081300811E-3,"Yes, all 82 manuscript-cohort videos"
62.4,Animal_62_4DLC_resnet50_Freezing_07-2020Sep29shuffle1_100000filtered,Control,"Sanguino-Gomez and Krugers, 2024",1,57,10,11250,21,8.8888888888888892E-2,2.2764227642276418E-3,"Yes, all 82 manuscript-cohort videos"
32.4,Animal 32_4DLC_resnet50_Freezing_07-2020Sep29shuffle1_100000filtered,ELS,"Sanguino-Gomez and Krugers, 2024",1,57,4,11250,21,3.5555555555555562E-2,2.2764227642276418E-3,"Yes, all 82 manuscript-cohort videos"
55.3,Animal_55_3DLC_resnet50_Freezing_07-2020Sep29shuffle1_100000filtered,ELS,"Sanguino-Gomez and Krugers, 2024",1,57,7,11250,21,6.2222222222222227E-2,2.2764227642276418E-3,"Yes, all 82 manuscript-cohort videos"
11.6,Animal 11_6DLC_resnet50_Freezing_07-2020Sep29shuffle1_100000filtered,Control,"Sanguino-Gomez and Krugers, 2024",1,58,6,11250,40,5.3333333333333337E-2,4.3360433604336043E-3,"Yes, all 82 manuscript-cohort videos"
50.5,Animal_50_5DLC_resnet50_Freezing_07-2020Sep29shuffle1_100000filtered,Control,"Sanguino-Gomez and Krugers, 2024",1,58,19,11250,40,0.16888888888888889,4.3360433604336043E-3,"Yes, all 82 manuscript-cohort videos"
55.3,Animal_55_3DLC_resnet50_Freezing_07-2020Sep29shuffle1_100000filtered,ELS,"Sanguino-Gomez and Krugers, 2024",1,58,15,11250,40,0.1333333333333333,4.3360433604336043E-3,"Yes, all 82 manuscript-cohort videos"
62.1,Animal_62_1DLC_resnet50_Freezing_07-2020Sep29shuffle1_100000filtered,Control,"Sanguino-Gomez and Krugers, 2024",1,59,12,11250,20,0.1066666666666667,2.1680216802168022E-3,"Yes, all 82 manuscript-cohort videos"
32.4,Animal 32_4DLC_resnet50_Freezing_07-2020Sep29shuffle1_100000filtered,ELS,"Sanguino-Gomez and Krugers, 2024",1,59,5,11250,20,4.4444444444444453E-2,2.1680216802168022E-3,"Yes, all 82 manuscript-cohort videos"
49.5,Animal_49_5DLC_resnet50_Freezing_07-2020Sep29shuffle1_100000filtered,ELS,"Sanguino-Gomez and Krugers, 2024",1,59,3,11250,20,2.6666666666666668E-2,2.1680216802168022E-3,"Yes, all 82 manuscript-cohort videos"
25.1,Animal 25_1DLC_resnet50_Freezing_07-2020Sep29shuffle1_100000filtered,ELS,"Sanguino-Gomez and Krugers, 2024",1,60,7,11250,11,6.2222222222222227E-2,1.192411924119241E-3,"Yes, all 82 manuscript-cohort videos"
55.3,Animal_55_3DLC_resnet50_Freezing_07-2020Sep29shuffle1_100000filtered,ELS,"Sanguino-Gomez and Krugers, 2024",1,60,4,11250,11,3.5555555555555562E-2,1.192411924119241E-3,"Yes, all 82 manuscript-cohort videos"
53.5,Animal_53_5DLC_resnet50_Freezing_07-2020Sep29shuffle1_100000filtered,Control,"Sanguino-Gomez and Krugers, 2024",1,61,6,11250,11,5.3333333333333337E-2,1.192411924119241E-3,"Yes, all 82 manuscript-cohort videos"
55.3,Animal_55_3DLC_resnet50_Freezing_07-2020Sep29shuffle1_100000filtered,ELS,"Sanguino-Gomez and Krugers, 2024",1,61,5,11250,11,4.4444444444444453E-2,1.192411924119241E-3,"Yes, all 82 manuscript-cohort videos"
2.4,Animal 2_4DLC_resnet50_Freezing_07-2020Sep29shuffle1_100000filtered,ELS,"Sanguino-Gomez and Krugers, 2024",1,62,3,11250,6,2.6666666666666668E-2,6.5040650406504065E-4,"Yes, all 82 manuscript-cohort videos"
25.1,Animal 25_1DLC_resnet50_Freezing_07-2020Sep29shuffle1_100000filtered,ELS,"Sanguino-Gomez and Krugers, 2024",1,62,3,11250,6,2.6666666666666668E-2,6.5040650406504065E-4,"Yes, all 82 manuscript-cohort videos"
40.6,Animal_40_6DLC_resnet50_Freezing_07-2020Sep29shuffle1_100000filtered,Control,"Sanguino-Gomez and Krugers, 2024",1,63,4,11250,15,3.5555555555555562E-2,1.626016260162601E-3,"Yes, all 82 manuscript-cohort videos"
69.2,Animal_69_2DLC_resnet50_Freezing_07-2020Sep29shuffle1_100000filtered,ELS,"Sanguino-Gomez and Krugers, 2024",1,63,11,11250,15,9.7777777777777769E-2,1.626016260162601E-3,"Yes, all 82 manuscript-cohort videos"
40.4,Animal_40_4DLC_resnet50_Freezing_07-2020Sep29shuffle1_100000filtered,Control,"Sanguino-Gomez and Krugers, 2024",1,64,15,11250,33,0.1333333333333333,3.577235772357724E-3,"Yes, all 82 manuscript-cohort videos"
15.6,Animal 15_6DLC_resnet50_Freezing_07-2020Sep29shuffle1_100000filtered,ELS,"Sanguino-Gomez and Krugers, 2024",1,64,18,11250,33,0.16,3.577235772357724E-3,"Yes, all 82 manuscript-cohort videos"
49.6,Animal_49_6DLC_resnet50_Freezing_07-2020Sep29shuffle1_100000filtered,ELS,"Sanguino-Gomez and Krugers, 2024",1,65,27,11250,87,0.24,9.4308943089430903E-3,"Yes, all 82 manuscript-cohort videos"
69.3,Animal_69_3DLC_resnet50_Freezing_07-2020Sep29shuffle1_100000filtered,ELS,"Sanguino-Gomez and Krugers, 2024",1,65,60,11250,87,0.53333333333333333,9.4308943089430903E-3,"Yes, all 82 manuscript-cohort videos"
53.5,Animal_53_5DLC_resnet50_Freezing_07-2020Sep29shuffle1_100000filtered,Control,"Sanguino-Gomez and Krugers, 2024",1,66,5,11250,10,4.4444444444444453E-2,1.0840108401084011E-3,"Yes, all 82 manuscript-cohort videos"
43.5,Animal_43_5DLC_resnet50_Freezing_07-2020Sep29shuffle1_100000filtered,ELS,"Sanguino-Gomez and Krugers, 2024",1,66,5,11250,10,4.4444444444444453E-2,1.0840108401084011E-3,"Yes, all 82 manuscript-cohort videos"
55.3,Animal_55_3DLC_resnet50_Freezing_07-2020Sep29shuffle1_100000filtered,ELS,"Sanguino-Gomez and Krugers, 2024",1,67,8,11250,30,7.1111111111111111E-2,3.2520325203252028E-3,"Yes, all 82 manuscript-cohort videos"
152.5,Animal_152_5DLC_resnet50_Freezing_07-2020Sep29shuffle1_100000filtered,Control,"Sanguino-Gomez et al., 2024",3,67,22,11250,30,0.19555555555555551,3.2520325203252028E-3,"Yes, all 82 manuscript-cohort videos"
32.4,Animal 32_4DLC_resnet50_Freezing_07-2020Sep29shuffle1_100000filtered,ELS,"Sanguino-Gomez and Krugers, 2024",1,68,6,11250,16,5.3333333333333337E-2,1.7344173441734419E-3,"Yes, all 82 manuscript-cohort videos"
49.5,Animal_49_5DLC_resnet50_Freezing_07-2020Sep29shuffle1_100000filtered,ELS,"Sanguino-Gomez and Krugers, 2024",1,68,10,11250,16,8.8888888888888892E-2,1.7344173441734419E-3,"Yes, all 82 manuscript-cohort videos"
34.4,Animal 34_4DLC_resnet50_Freezing_07-2020Sep29shuffle1_100000filtered,Control,"Sanguino-Gomez and Krugers, 2024",1,69,5,11250,5,4.4444444444444453E-2,5.4200542005420054E-4,"Yes, all 82 manuscript-cohort videos"
159.4,Animal_159_4DLC_resnet50_Freezing_07-2020Sep29shuffle1_100000filtered,ELS,"Sanguino-Gomez et al., 2024",3,70,9,11250,9,0.08,9.7560975609756097E-4,"Yes, all 82 manuscript-cohort videos"
53.5,Animal_53_5DLC_resnet50_Freezing_07-2020Sep29shuffle1_100000filtered,Control,"Sanguino-Gomez and Krugers, 2024",1,71,2,11250,8,1.7777777777777781E-2,8.6720867208672076E-4,"Yes, all 82 manuscript-cohort videos"
43.3,Animal_43_3DLC_resnet50_Freezing_07-2020Sep29shuffle1_100000filtered,ELS,"Sanguino-Gomez and Krugers, 2024",1,71,6,11250,8,5.3333333333333337E-2,8.6720867208672076E-4,"Yes, all 82 manuscript-cohort videos"
47.5,Animal_47_5DLC_resnet50_Freezing_07-2020Sep29shuffle1_100000filtered,Control,"Sanguino-Gomez and Krugers, 2024",1,72,3,11250,3,2.6666666666666668E-2,3.2520325203252032E-4,"Yes, all 82 manuscript-cohort videos"
40.6,Animal_40_6DLC_resnet50_Freezing_07-2020Sep29shuffle1_100000filtered,Control,"Sanguino-Gomez and Krugers, 2024",1,73,3,11250,11,2.6666666666666668E-2,1.192411924119241E-3,"Yes, all 82 manuscript-cohort videos"
145.5,Animal_145_5DLC_resnet50_Freezing_07-2020Sep29shuffle1_100000filtered,Control,"Sanguino-Gomez et al., 2024",3,73,8,11250,11,7.1111111111111111E-2,1.192411924119241E-3,"Yes, all 82 manuscript-cohort videos"
41.6,Animal_41_6DLC_resnet50_Freezing_07-2020Sep29shuffle1_100000filtered,Control,"Sanguino-Gomez and Krugers, 2024",1,74,7,11250,14,6.2222222222222227E-2,1.5176151761517619E-3,"Yes, all 82 manuscript-cohort videos"
49.6,Animal_49_6DLC_resnet50_Freezing_07-2020Sep29shuffle1_100000filtered,ELS,"Sanguino-Gomez and Krugers, 2024",1,74,7,11250,14,6.2222222222222227E-2,1.5176151761517619E-3,"Yes, all 82 manuscript-cohort videos"
54.6,Animal_54_6DLC_resnet50_Freezing_07-2020Sep29shuffle1_100000filtered,Control,"Sanguino-Gomez and Krugers, 2024",1,75,31,11250,51,0.27555555555555561,5.5284552845528464E-3,"Yes, all 82 manuscript-cohort videos"
15.4,Animal 15_4DLC_resnet50_Freezing_07-2020Sep29shuffle1_100000filtered,ELS,"Sanguino-Gomez and Krugers, 2024",1,75,20,11250,51,0.17777777777777781,5.5284552845528464E-3,"Yes, all 82 manuscript-cohort videos"
47.5,Animal_47_5DLC_resnet50_Freezing_07-2020Sep29shuffle1_100000filtered,Control,"Sanguino-Gomez and Krugers, 2024",1,76,12,11250,21,0.1066666666666667,2.2764227642276418E-3,"Yes, all 82 manuscript-cohort videos"
25.1,Animal 25_1DLC_resnet50_Freezing_07-2020Sep29shuffle1_100000filtered,ELS,"Sanguino-Gomez and Krugers, 2024",1,76,9,11250,21,0.08,2.2764227642276418E-3,"Yes, all 82 manuscript-cohort videos"
41.6,Animal_41_6DLC_resnet50_Freezing_07-2020Sep29shuffle1_100000filtered,Control,"Sanguino-Gomez and Krugers, 2024",1,77,5,11250,15,4.4444444444444453E-2,1.626016260162601E-3,"Yes, all 82 manuscript-cohort videos"
5.4,Animal 5_4DLC_resnet50_Freezing_07-2020Sep29shuffle1_100000filtered,Control,"Sanguino-Gomez and Krugers, 2024",1,77,10,11250,15,8.8888888888888892E-2,1.626016260162601E-3,"Yes, all 82 manuscript-cohort videos"
49.5,Animal_49_5DLC_resnet50_Freezing_07-2020Sep29shuffle1_100000filtered,ELS,"Sanguino-Gomez and Krugers, 2024",1,78,8,11250,26,7.1111111111111111E-2,2.8184281842818428E-3,"Yes, all 82 manuscript-cohort videos"
146.6,Animal_146_6DLC_resnet50_Freezing_07-2020Sep29shuffle1_100000filtered,Control,"Sanguino-Gomez et al., 2024",3,78,18,11250,26,0.16,2.8184281842818428E-3,"Yes, all 82 manuscript-cohort videos"
58.5,Animal_58_5DLC_resnet50_Freezing_07-2020Sep29shuffle1_100000filtered,Control,"Sanguino-Gomez and Krugers, 2024",1,79,6,11250,10,5.3333333333333337E-2,1.0840108401084011E-3,"Yes, all 82 manuscript-cohort videos"
49.5,Animal_49_5DLC_resnet50_Freezing_07-2020Sep29shuffle1_100000filtered,ELS,"Sanguino-Gomez and Krugers, 2024",1,79,4,11250,10,3.5555555555555562E-2,1.0840108401084011E-3,"Yes, all 82 manuscript-cohort videos"
58.5,Animal_58_5DLC_resnet50_Freezing_07-2020Sep29shuffle1_100000filtered,Control,"Sanguino-Gomez and Krugers, 2024",1,80,2,11250,2,1.7777777777777781E-2,2.1680216802168019E-4,"Yes, all 82 manuscript-cohort videos"
34.4,Animal 34_4DLC_resnet50_Freezing_07-2020Sep29shuffle1_100000filtered,Control,"Sanguino-Gomez and Krugers, 2024",1,81,20,11250,20,0.17777777777777781,2.1680216802168022E-3,"Yes, all 82 manuscript-cohort videos"
40.4,Animal_40_4DLC_resnet50_Freezing_07-2020Sep29shuffle1_100000filtered,Control,"Sanguino-Gomez and Krugers, 2024",1,82,8,11250,8,7.1111111111111111E-2,8.6720867208672076E-4,"Yes, all 82 manuscript-cohort videos"
49.5,Animal_49_5DLC_resnet50_Freezing_07-2020Sep29shuffle1_100000filtered,ELS,"Sanguino-Gomez and Krugers, 2024",1,83,2,11250,2,1.7777777777777781E-2,2.1680216802168019E-4,"Yes, all 82 manuscript-cohort videos"
40.6,Animal_40_6DLC_resnet50_Freezing_07-2020Sep29shuffle1_100000filtered,Control,"Sanguino-Gomez and Krugers, 2024",1,84,18,11250,18,0.16,1.9512195121951219E-3,"Yes, all 82 manuscript-cohort videos"
157.1,Animal_157_1DLC_resnet50_Freezing_07-2020Sep29shuffle1_100000filtered,Control,"Sanguino-Gomez et al., 2024",3,85,13,11250,13,0.11555555555555561,1.409214092140921E-3,"Yes, all 82 manuscript-cohort videos"
55.3,Animal_55_3DLC_resnet50_Freezing_07-2020Sep29shuffle1_100000filtered,ELS,"Sanguino-Gomez and Krugers, 2024",1,86,16,11250,16,0.14222222222222219,1.7344173441734419E-3,"Yes, all 82 manuscript-cohort videos"
25.1,Animal 25_1DLC_resnet50_Freezing_07-2020Sep29shuffle1_100000filtered,ELS,"Sanguino-Gomez and Krugers, 2024",1,87,24,11250,24,0.21333333333333329,2.601626016260163E-3,"Yes, all 82 manuscript-cohort videos"
69.1,Animal_69_1DLC_resnet50_Freezing_07-2020Sep29shuffle1_100000filtered,ELS,"Sanguino-Gomez and Krugers, 2024",1,88,15,11250,15,0.1333333333333333,1.626016260162601E-3,"Yes, all 82 manuscript-cohort videos"
25.1,Animal 25_1DLC_resnet50_Freezing_07-2020Sep29shuffle1_100000filtered,ELS,"Sanguino-Gomez and Krugers, 2024",1,91,3,11250,3,2.6666666666666668E-2,3.2520325203252032E-4,"Yes, all 82 manuscript-cohort videos"
62.4,Animal_62_4DLC_resnet50_Freezing_07-2020Sep29shuffle1_100000filtered,Control,"Sanguino-Gomez and Krugers, 2024",1,92,11,11250,11,9.7777777777777769E-2,1.192411924119241E-3,"Yes, all 82 manuscript-cohort videos"
40.6,Animal_40_6DLC_resnet50_Freezing_07-2020Sep29shuffle1_100000filtered,Control,"Sanguino-Gomez and Krugers, 2024",1,93,6,11250,6,5.3333333333333337E-2,6.5040650406504065E-4,"Yes, all 82 manuscript-cohort videos"
53.5,Animal_53_5DLC_resnet50_Freezing_07-2020Sep29shuffle1_100000filtered,Control,"Sanguino-Gomez and Krugers, 2024",1,94,3,11250,3,2.6666666666666668E-2,3.2520325203252032E-4,"Yes, all 82 manuscript-cohort videos"
40.6,Animal_40_6DLC_resnet50_Freezing_07-2020Sep29shuffle1_100000filtered,Control,"Sanguino-Gomez and Krugers, 2024",1,95,8,11250,8,7.1111111111111111E-2,8.6720867208672076E-4,"Yes, all 82 manuscript-cohort videos"
