Animal,Condition,Time Bin,Syllable,Experiment,Percentage
11.4,Control,0.0,1,1,24.933333333333334
11.4,Control,0.0,2,1,17.066666666666666
11.4,Control,0.0,3,1,7.333333333333333
11.4,Control,0.0,4,1,1.0666666666666667
11.4,Control,0.0,5,1,37.86666666666667
11.4,Control,0.0,6,1,1.7333333333333332
11.4,Control,0.0,7,1,6.800000000000001
11.4,Control,0.0,16,1,0.26666666666666666
11.4,Control,0.0,17,1,0.9333333333333335
11.4,Control,0.0,22,1,2.0
11.4,Control,30.0,1,1,6.666666666666667
11.4,Control,30.0,2,1,28.133333333333333
11.4,Control,30.0,3,1,15.2
11.4,Control,30.0,4,1,3.4666666666666663
11.4,Control,30.0,5,1,22.0
11.4,Control,30.0,6,1,8.4
11.4,Control,30.0,7,1,1.2
11.4,Control,30.0,8,1,0.4
11.4,Control,30.0,12,1,3.5999999999999996
11.4,Control,30.0,13,1,0.5333333333333333
11.4,Control,30.0,111,1,10.4
11.4,Control,60.0,0,1,18.933333333333334
11.4,Control,60.0,1,1,1.7333333333333332
11.4,Control,60.0,2,1,18.53333333333333
11.4,Control,60.0,3,1,16.0
11.4,Control,60.0,5,1,3.5999999999999996
11.4,Control,60.0,6,1,25.6
11.4,Control,60.0,7,1,4.3999999999999995
11.4,Control,60.0,8,1,0.26666666666666666
11.4,Control,60.0,13,1,10.0
11.4,Control,60.0,25,1,0.9333333333333335
11.4,Control,90.0,1,1,9.333333333333334
11.4,Control,90.0,2,1,25.066666666666666
11.4,Control,90.0,3,1,12.666666666666668
11.4,Control,90.0,5,1,8.533333333333333
11.4,Control,90.0,6,1,1.4666666666666666
11.4,Control,90.0,7,1,4.266666666666667
11.4,Control,90.0,8,1,0.13333333333333333
11.4,Control,90.0,9,1,0.26666666666666666
11.4,Control,90.0,11,1,1.2
11.4,Control,90.0,15,1,1.0666666666666667
11.4,Control,90.0,20,1,3.4666666666666663
11.4,Control,90.0,22,1,2.4
11.4,Control,90.0,27,1,20.8
11.4,Control,90.0,111,1,9.333333333333334
11.4,Control,120.0,0,1,6.266666666666667
11.4,Control,120.0,1,1,8.266666666666666
11.4,Control,120.0,2,1,4.266666666666667
11.4,Control,120.0,3,1,2.8000000000000003
11.4,Control,120.0,5,1,15.466666666666667
11.4,Control,120.0,6,1,7.333333333333333
11.4,Control,120.0,7,1,1.4666666666666666
11.4,Control,120.0,9,1,0.6666666666666667
11.4,Control,120.0,12,1,1.6
11.4,Control,120.0,15,1,1.866666666666667
11.4,Control,120.0,17,1,2.533333333333333
11.4,Control,120.0,18,1,10.133333333333333
11.4,Control,120.0,25,1,4.933333333333334
11.4,Control,120.0,29,1,1.2
11.4,Control,120.0,37,1,14.000000000000002
11.4,Control,120.0,111,1,17.2
11.4,Control,150.0,0,1,0.9333333333333335
11.4,Control,150.0,1,1,15.733333333333333
11.4,Control,150.0,2,1,2.1333333333333333
11.4,Control,150.0,3,1,20.933333333333334
11.4,Control,150.0,5,1,18.8
11.4,Control,150.0,6,1,2.0
11.4,Control,150.0,7,1,13.866666666666665
11.4,Control,150.0,11,1,2.8000000000000003
11.4,Control,150.0,12,1,3.4666666666666663
11.4,Control,150.0,16,1,0.13333333333333333
11.4,Control,150.0,20,1,4.266666666666667
11.4,Control,150.0,25,1,1.4666666666666666
11.4,Control,150.0,111,1,13.466666666666665
11.4,Control,180.0,0,1,8.933333333333334
11.4,Control,180.0,1,1,12.266666666666666
11.4,Control,180.0,2,1,24.0
11.4,Control,180.0,5,1,12.8
11.4,Control,180.0,6,1,5.333333333333334
11.4,Control,180.0,7,1,2.2666666666666666
11.4,Control,180.0,10,1,1.4666666666666666
11.4,Control,180.0,11,1,0.26666666666666666
11.4,Control,180.0,13,1,5.866666666666666
11.4,Control,180.0,15,1,2.0
11.4,Control,180.0,16,1,1.0666666666666667
11.4,Control,180.0,20,1,9.333333333333334
11.4,Control,180.0,23,1,3.733333333333334
11.4,Control,180.0,30,1,0.9333333333333335
11.4,Control,180.0,31,1,0.13333333333333333
11.4,Control,180.0,34,1,0.9333333333333335
11.4,Control,180.0,36,1,0.8
11.4,Control,180.0,111,1,7.866666666666666
11.4,Control,210.0,0,1,4.533333333333333
11.4,Control,210.0,1,1,2.666666666666667
11.4,Control,210.0,2,1,2.533333333333333
11.4,Control,210.0,4,1,37.06666666666666
11.4,Control,210.0,5,1,6.533333333333332
11.4,Control,210.0,8,1,8.666666666666668
11.4,Control,210.0,9,1,0.4
11.4,Control,210.0,13,1,2.933333333333333
11.4,Control,210.0,16,1,0.4
11.4,Control,210.0,17,1,2.533333333333333
11.4,Control,210.0,19,1,0.4
11.4,Control,210.0,22,1,11.866666666666667
11.4,Control,210.0,23,1,0.4
11.4,Control,210.0,24,1,2.0
11.4,Control,210.0,31,1,2.666666666666667
11.4,Control,210.0,32,1,3.4666666666666663
11.4,Control,210.0,33,1,0.26666666666666666
11.4,Control,210.0,35,1,1.866666666666667
11.4,Control,210.0,36,1,0.8
11.4,Control,210.0,38,1,1.2
11.4,Control,210.0,39,1,2.2666666666666666
11.4,Control,210.0,53,1,3.2
11.4,Control,210.0,111,1,1.3333333333333335
11.4,Control,240.0,0,1,16.53333333333333
11.4,Control,240.0,1,1,25.2
11.4,Control,240.0,3,1,16.266666666666666
11.4,Control,240.0,4,1,0.8
11.4,Control,240.0,5,1,3.4666666666666663
11.4,Control,240.0,6,1,7.866666666666666
11.4,Control,240.0,8,1,0.5333333333333333
11.4,Control,240.0,10,1,0.13333333333333333
11.4,Control,240.0,13,1,2.666666666666667
11.4,Control,240.0,17,1,5.2
11.4,Control,240.0,20,1,6.533333333333332
11.4,Control,240.0,24,1,1.0666666666666667
11.4,Control,240.0,25,1,0.8
11.4,Control,240.0,37,1,6.533333333333332
11.4,Control,240.0,111,1,6.4
11.4,Control,270.0,0,1,14.533333333333335
11.4,Control,270.0,1,1,39.06666666666666
11.4,Control,270.0,2,1,2.2666666666666666
11.4,Control,270.0,4,1,0.26666666666666666
11.4,Control,270.0,5,1,5.466666666666667
11.4,Control,270.0,6,1,16.266666666666666
11.4,Control,270.0,8,1,0.6666666666666667
11.4,Control,270.0,10,1,0.8
11.4,Control,270.0,12,1,1.0666666666666667
11.4,Control,270.0,15,1,1.4666666666666666
11.4,Control,270.0,21,1,1.6
11.4,Control,270.0,22,1,4.0
11.4,Control,270.0,23,1,2.1333333333333333
11.4,Control,270.0,25,1,2.533333333333333
11.4,Control,270.0,28,1,6.4
11.4,Control,270.0,29,1,0.13333333333333333
11.4,Control,270.0,30,1,1.3333333333333335
11.4,Control,300.0,0,1,4.266666666666667
11.4,Control,300.0,1,1,18.0
11.4,Control,300.0,2,1,0.9333333333333335
11.4,Control,300.0,4,1,20.666666666666668
11.4,Control,300.0,5,1,5.466666666666667
11.4,Control,300.0,8,1,1.3333333333333335
11.4,Control,300.0,9,1,0.4
11.4,Control,300.0,12,1,1.3333333333333335
11.4,Control,300.0,15,1,2.533333333333333
11.4,Control,300.0,22,1,11.600000000000001
11.4,Control,300.0,25,1,0.5333333333333333
11.4,Control,300.0,28,1,10.133333333333333
11.4,Control,300.0,30,1,1.4666666666666666
11.4,Control,300.0,32,1,6.0
11.4,Control,300.0,33,1,0.26666666666666666
11.4,Control,300.0,36,1,0.6666666666666667
11.4,Control,300.0,38,1,6.266666666666667
11.4,Control,300.0,40,1,8.133333333333333
11.4,Control,330.0,0,1,22.8
11.4,Control,330.0,1,1,4.266666666666667
11.4,Control,330.0,2,1,4.0
11.4,Control,330.0,4,1,24.933333333333334
11.4,Control,330.0,5,1,3.0666666666666664
11.4,Control,330.0,8,1,1.0666666666666667
11.4,Control,330.0,10,1,0.5333333333333333
11.4,Control,330.0,13,1,2.1333333333333333
11.4,Control,330.0,15,1,0.6666666666666667
11.4,Control,330.0,17,1,0.4
11.4,Control,330.0,19,1,0.13333333333333333
11.4,Control,330.0,22,1,4.8
11.4,Control,330.0,28,1,5.2
11.4,Control,330.0,31,1,0.8
11.4,Control,330.0,32,1,5.466666666666667
11.4,Control,330.0,33,1,0.13333333333333333
11.4,Control,330.0,35,1,0.4
11.4,Control,330.0,38,1,14.666666666666666
11.4,Control,330.0,39,1,2.4
11.4,Control,330.0,54,1,2.1333333333333333
11.4,Control,360.0,0,1,7.466666666666668
11.4,Control,360.0,4,1,15.866666666666667
11.4,Control,360.0,5,1,0.26666666666666666
11.4,Control,360.0,8,1,3.2
11.4,Control,360.0,15,1,0.8
11.4,Control,360.0,23,1,0.13333333333333333
11.4,Control,360.0,24,1,0.6666666666666667
11.4,Control,360.0,28,1,15.866666666666667
11.4,Control,360.0,30,1,1.2
11.4,Control,360.0,31,1,2.666666666666667
11.4,Control,360.0,34,1,3.0666666666666664
11.4,Control,360.0,35,1,6.4
11.4,Control,360.0,38,1,21.46666666666667
11.4,Control,360.0,40,1,20.933333333333334
11.4,Control,390.0,0,1,44.266666666666666
11.4,Control,390.0,1,1,27.73333333333333
11.4,Control,390.0,3,1,5.333333333333334
11.4,Control,390.0,4,1,1.0666666666666667
11.4,Control,390.0,6,1,16.400000000000002
11.4,Control,390.0,7,1,3.0666666666666664
11.4,Control,390.0,17,1,1.2
11.4,Control,390.0,34,1,0.9333333333333335
11.4,Control,420.0,0,1,62.53333333333333
11.4,Control,420.0,1,1,30.266666666666666
11.4,Control,420.0,3,1,6.800000000000001
11.4,Control,420.0,10,1,0.4
11.6,Control,0.0,0,1,9.066666666666666
11.6,Control,0.0,1,1,25.066666666666666
11.6,Control,0.0,2,1,14.000000000000002
11.6,Control,0.0,3,1,2.533333333333333
11.6,Control,0.0,4,1,1.2
11.6,Control,0.0,5,1,16.400000000000002
11.6,Control,0.0,6,1,12.133333333333333
11.6,Control,0.0,7,1,1.866666666666667
11.6,Control,0.0,8,1,0.13333333333333333
11.6,Control,0.0,9,1,0.4
11.6,Control,0.0,11,1,0.8
11.6,Control,0.0,15,1,1.3333333333333335
11.6,Control,0.0,22,1,6.4
11.6,Control,0.0,24,1,0.13333333333333333
11.6,Control,0.0,27,1,7.6
11.6,Control,0.0,33,1,0.9333333333333335
11.6,Control,30.0,0,1,2.933333333333333
11.6,Control,30.0,1,1,6.800000000000001
11.6,Control,30.0,2,1,19.466666666666665
11.6,Control,30.0,3,1,14.266666666666666
11.6,Control,30.0,4,1,6.133333333333333
11.6,Control,30.0,8,1,0.13333333333333333
11.6,Control,30.0,12,1,1.0666666666666667
11.6,Control,30.0,13,1,41.733333333333334
11.6,Control,30.0,24,1,0.4
11.6,Control,30.0,27,1,3.4666666666666663
11.6,Control,30.0,37,1,3.5999999999999996
11.6,Control,60.0,0,1,20.0
11.6,Control,60.0,1,1,7.333333333333333
11.6,Control,60.0,2,1,4.533333333333333
11.6,Control,60.0,3,1,7.333333333333333
11.6,Control,60.0,4,1,0.5333333333333333
11.6,Control,60.0,5,1,9.733333333333333
11.6,Control,60.0,6,1,18.8
11.6,Control,60.0,8,1,0.4
11.6,Control,60.0,9,1,2.0
11.6,Control,60.0,10,1,0.9333333333333335
11.6,Control,60.0,15,1,1.2
11.6,Control,60.0,16,1,0.4
11.6,Control,60.0,19,1,0.26666666666666666
11.6,Control,60.0,20,1,9.466666666666667
11.6,Control,60.0,22,1,4.133333333333333
11.6,Control,60.0,24,1,0.13333333333333333
11.6,Control,60.0,28,1,2.1333333333333333
11.6,Control,60.0,32,1,1.7333333333333332
11.6,Control,60.0,39,1,3.4666666666666663
11.6,Control,60.0,40,1,4.3999999999999995
11.6,Control,60.0,42,1,1.0666666666666667
11.6,Control,90.0,0,1,8.799999999999999
11.6,Control,90.0,1,1,18.0
11.6,Control,90.0,2,1,11.066666666666666
11.6,Control,90.0,3,1,9.6
11.6,Control,90.0,4,1,1.4666666666666666
11.6,Control,90.0,5,1,4.0
11.6,Control,90.0,6,1,9.066666666666666
11.6,Control,90.0,7,1,1.866666666666667
11.6,Control,90.0,11,1,1.0666666666666667
11.6,Control,90.0,13,1,6.533333333333332
11.6,Control,90.0,14,1,1.0666666666666667
11.6,Control,90.0,16,1,0.6666666666666667
11.6,Control,90.0,24,1,0.13333333333333333
11.6,Control,90.0,32,1,6.800000000000001
11.6,Control,90.0,33,1,0.8
11.6,Control,90.0,35,1,1.7333333333333332
11.6,Control,90.0,37,1,16.266666666666666
11.6,Control,90.0,39,1,1.0666666666666667
11.6,Control,120.0,0,1,4.8
11.6,Control,120.0,1,1,17.466666666666665
11.6,Control,120.0,2,1,10.933333333333334
11.6,Control,120.0,3,1,41.199999999999996
11.6,Control,120.0,4,1,1.2
11.6,Control,120.0,5,1,6.4
11.6,Control,120.0,7,1,2.8000000000000003
11.6,Control,120.0,10,1,3.5999999999999996
11.6,Control,120.0,12,1,1.4666666666666666
11.6,Control,120.0,13,1,9.2
11.6,Control,120.0,33,1,0.13333333333333333
11.6,Control,120.0,58,1,0.8
11.6,Control,150.0,0,1,21.46666666666667
11.6,Control,150.0,1,1,12.133333333333333
11.6,Control,150.0,3,1,10.666666666666668
11.6,Control,150.0,4,1,26.13333333333333
11.6,Control,150.0,5,1,6.0
11.6,Control,150.0,6,1,11.733333333333333
11.6,Control,150.0,8,1,0.5333333333333333
11.6,Control,150.0,9,1,0.13333333333333333
11.6,Control,150.0,17,1,4.0
11.6,Control,150.0,24,1,0.5333333333333333
11.6,Control,150.0,25,1,2.2666666666666666
11.6,Control,150.0,31,1,0.6666666666666667
11.6,Control,150.0,39,1,3.4666666666666663
11.6,Control,150.0,43,1,0.26666666666666666
11.6,Control,180.0,0,1,23.200000000000003
11.6,Control,180.0,1,1,38.53333333333334
11.6,Control,180.0,2,1,6.4
11.6,Control,180.0,3,1,3.2
11.6,Control,180.0,6,1,7.066666666666667
11.6,Control,180.0,7,1,5.066666666666666
11.6,Control,180.0,8,1,0.26666666666666666
11.6,Control,180.0,10,1,0.4
11.6,Control,180.0,11,1,0.6666666666666667
11.6,Control,180.0,18,1,9.066666666666666
11.6,Control,180.0,19,1,0.9333333333333335
11.6,Control,180.0,25,1,0.13333333333333333
11.6,Control,180.0,30,1,2.8000000000000003
11.6,Control,180.0,31,1,1.4666666666666666
11.6,Control,180.0,34,1,0.13333333333333333
11.6,Control,180.0,35,1,0.6666666666666667
11.6,Control,210.0,2,1,1.3333333333333335
11.6,Control,210.0,4,1,36.13333333333333
11.6,Control,210.0,7,1,0.6666666666666667
11.6,Control,210.0,8,1,1.7333333333333332
11.6,Control,210.0,9,1,0.8
11.6,Control,210.0,17,1,1.866666666666667
11.6,Control,210.0,19,1,1.7333333333333332
11.6,Control,210.0,22,1,17.733333333333334
11.6,Control,210.0,28,1,3.4666666666666663
11.6,Control,210.0,31,1,6.0
11.6,Control,210.0,35,1,5.866666666666666
11.6,Control,210.0,36,1,1.6
11.6,Control,210.0,38,1,6.4
11.6,Control,210.0,40,1,13.466666666666665
11.6,Control,210.0,52,1,1.2
11.6,Control,240.0,4,1,7.733333333333333
11.6,Control,240.0,8,1,2.933333333333333
11.6,Control,240.0,9,1,0.5333333333333333
11.6,Control,240.0,22,1,16.0
11.6,Control,240.0,28,1,22.26666666666667
11.6,Control,240.0,35,1,1.6
11.6,Control,240.0,38,1,16.933333333333334
11.6,Control,240.0,39,1,1.866666666666667
11.6,Control,240.0,40,1,30.133333333333333
11.6,Control,270.0,0,1,12.533333333333333
11.6,Control,270.0,1,1,6.800000000000001
11.6,Control,270.0,2,1,14.533333333333335
11.6,Control,270.0,3,1,4.133333333333333
11.6,Control,270.0,4,1,4.266666666666667
11.6,Control,270.0,5,1,2.4
11.6,Control,270.0,6,1,12.0
11.6,Control,270.0,8,1,0.9333333333333335
11.6,Control,270.0,9,1,1.4666666666666666
11.6,Control,270.0,10,1,0.4
11.6,Control,270.0,12,1,0.6666666666666667
11.6,Control,270.0,14,1,0.9333333333333335
11.6,Control,270.0,15,1,0.4
11.6,Control,270.0,16,1,1.4666666666666666
11.6,Control,270.0,19,1,0.4
11.6,Control,270.0,21,1,1.0666666666666667
11.6,Control,270.0,22,1,9.466666666666667
11.6,Control,270.0,28,1,7.066666666666667
11.6,Control,270.0,29,1,0.9333333333333335
11.6,Control,270.0,30,1,0.4
11.6,Control,270.0,32,1,6.666666666666667
11.6,Control,270.0,34,1,1.7333333333333332
11.6,Control,270.0,35,1,2.666666666666667
11.6,Control,270.0,36,1,0.9333333333333335
11.6,Control,270.0,111,1,5.733333333333333
11.6,Control,300.0,0,1,54.400000000000006
11.6,Control,300.0,1,1,23.200000000000003
11.6,Control,300.0,3,1,6.800000000000001
11.6,Control,300.0,5,1,1.0666666666666667
11.6,Control,300.0,11,1,0.9333333333333335
11.6,Control,300.0,22,1,1.2
11.6,Control,300.0,27,1,1.0666666666666667
11.6,Control,300.0,28,1,11.333333333333332
11.6,Control,330.0,0,1,32.13333333333333
11.6,Control,330.0,1,1,17.599999999999998
11.6,Control,330.0,3,1,10.133333333333333
11.6,Control,330.0,4,1,2.666666666666667
11.6,Control,330.0,5,1,3.733333333333334
11.6,Control,330.0,8,1,0.13333333333333333
11.6,Control,330.0,9,1,0.4
11.6,Control,330.0,17,1,5.866666666666666
11.6,Control,330.0,19,1,0.13333333333333333
11.6,Control,330.0,20,1,3.8666666666666667
11.6,Control,330.0,22,1,6.533333333333332
11.6,Control,330.0,35,1,1.7333333333333332
11.6,Control,330.0,40,1,13.466666666666665
11.6,Control,330.0,51,1,1.6
11.6,Control,360.0,0,1,39.733333333333334
11.6,Control,360.0,1,1,1.3333333333333335
11.6,Control,360.0,3,1,11.066666666666666
11.6,Control,360.0,4,1,15.333333333333332
11.6,Control,360.0,5,1,4.266666666666667
11.6,Control,360.0,8,1,0.26666666666666666
11.6,Control,360.0,9,1,0.8
11.6,Control,360.0,12,1,0.9333333333333335
11.6,Control,360.0,13,1,5.466666666666667
11.6,Control,360.0,19,1,0.6666666666666667
11.6,Control,360.0,20,1,2.2666666666666666
11.6,Control,360.0,22,1,1.7333333333333332
11.6,Control,360.0,23,1,0.4
11.6,Control,360.0,28,1,8.666666666666668
11.6,Control,360.0,32,1,4.133333333333333
11.6,Control,360.0,35,1,2.933333333333333
11.6,Control,390.0,0,1,59.333333333333336
11.6,Control,390.0,1,1,5.2
11.6,Control,390.0,3,1,19.2
11.6,Control,390.0,4,1,4.8
11.6,Control,390.0,5,1,1.4666666666666666
11.6,Control,390.0,19,1,0.5333333333333333
11.6,Control,390.0,21,1,1.7333333333333332
11.6,Control,390.0,22,1,0.9333333333333335
11.6,Control,390.0,28,1,6.533333333333332
11.6,Control,390.0,30,1,0.26666666666666666
11.6,Control,420.0,0,1,61.06666666666667
11.6,Control,420.0,1,1,19.333333333333332
11.6,Control,420.0,3,1,5.2
11.6,Control,420.0,4,1,4.8
11.6,Control,420.0,5,1,0.6666666666666667
11.6,Control,420.0,8,1,0.26666666666666666
11.6,Control,420.0,10,1,0.26666666666666666
11.6,Control,420.0,11,1,0.5333333333333333
11.6,Control,420.0,17,1,0.6666666666666667
11.6,Control,420.0,22,1,0.8
11.6,Control,420.0,32,1,2.4
11.6,Control,420.0,40,1,4.0
123.1,ELS,0.0,0,3,7.6
123.1,ELS,0.0,1,3,58.666666666666664
123.1,ELS,0.0,4,3,1.2
123.1,ELS,0.0,5,3,1.4666666666666666
123.1,ELS,0.0,13,3,20.533333333333335
123.1,ELS,0.0,18,3,2.2666666666666666
123.1,ELS,0.0,26,3,8.266666666666666
123.1,ELS,30.0,0,3,10.533333333333333
123.1,ELS,30.0,1,3,47.06666666666667
123.1,ELS,30.0,3,3,12.933333333333334
123.1,ELS,30.0,4,3,8.933333333333334
123.1,ELS,30.0,5,3,0.9333333333333335
123.1,ELS,30.0,9,3,0.5333333333333333
123.1,ELS,30.0,13,3,15.066666666666666
123.1,ELS,30.0,18,3,3.733333333333334
123.1,ELS,30.0,24,3,0.26666666666666666
123.1,ELS,60.0,1,3,16.266666666666666
123.1,ELS,60.0,4,3,2.533333333333333
123.1,ELS,60.0,5,3,1.4666666666666666
123.1,ELS,60.0,6,3,17.2
123.1,ELS,60.0,12,3,0.4
123.1,ELS,60.0,15,3,0.5333333333333333
123.1,ELS,60.0,18,3,48.13333333333333
123.1,ELS,60.0,19,3,0.13333333333333333
123.1,ELS,60.0,22,3,3.4666666666666663
123.1,ELS,60.0,111,3,9.866666666666667
123.1,ELS,90.0,0,3,2.4
123.1,ELS,90.0,1,3,29.46666666666667
123.1,ELS,90.0,3,3,11.333333333333332
123.1,ELS,90.0,5,3,2.8000000000000003
123.1,ELS,90.0,6,3,21.46666666666667
123.1,ELS,90.0,12,3,2.1333333333333333
123.1,ELS,90.0,13,3,4.0
123.1,ELS,90.0,18,3,26.400000000000002
123.1,ELS,120.0,0,3,0.8
123.1,ELS,120.0,1,3,15.2
123.1,ELS,120.0,3,3,14.266666666666666
123.1,ELS,120.0,4,3,14.666666666666666
123.1,ELS,120.0,6,3,14.933333333333335
123.1,ELS,120.0,13,3,30.4
123.1,ELS,120.0,17,3,0.8
123.1,ELS,120.0,32,3,1.4666666666666666
123.1,ELS,120.0,111,3,7.466666666666668
123.1,ELS,150.0,0,3,12.4
123.1,ELS,150.0,1,3,23.866666666666667
123.1,ELS,150.0,3,3,7.466666666666668
123.1,ELS,150.0,4,3,13.066666666666665
123.1,ELS,150.0,6,3,27.866666666666667
123.1,ELS,150.0,13,3,8.933333333333334
123.1,ELS,150.0,41,3,0.6666666666666667
123.1,ELS,150.0,111,3,5.733333333333333
123.1,ELS,180.0,0,3,19.066666666666666
123.1,ELS,180.0,1,3,20.8
123.1,ELS,180.0,3,3,5.2
123.1,ELS,180.0,4,3,1.3333333333333335
123.1,ELS,180.0,5,3,5.733333333333333
123.1,ELS,180.0,6,3,18.0
123.1,ELS,180.0,8,3,0.8
123.1,ELS,180.0,9,3,1.866666666666667
123.1,ELS,180.0,17,3,2.933333333333333
123.1,ELS,180.0,18,3,22.53333333333333
123.1,ELS,180.0,27,3,0.8
123.1,ELS,180.0,35,3,0.9333333333333335
123.1,ELS,210.0,0,3,20.4
123.1,ELS,210.0,1,3,4.666666666666667
123.1,ELS,210.0,6,3,15.333333333333332
123.1,ELS,210.0,13,3,2.0
123.1,ELS,210.0,26,3,53.86666666666666
123.1,ELS,210.0,27,3,3.733333333333334
123.1,ELS,240.0,0,3,50.66666666666667
123.1,ELS,240.0,1,3,4.933333333333334
123.1,ELS,240.0,3,3,29.06666666666667
123.1,ELS,240.0,6,3,6.666666666666667
123.1,ELS,240.0,7,3,0.6666666666666667
123.1,ELS,240.0,26,3,8.0
123.1,ELS,270.0,0,3,23.733333333333334
123.1,ELS,270.0,1,3,39.2
123.1,ELS,270.0,3,3,6.0
123.1,ELS,270.0,5,3,1.6
123.1,ELS,270.0,6,3,10.533333333333333
123.1,ELS,270.0,9,3,1.4666666666666666
123.1,ELS,270.0,17,3,0.5333333333333333
123.1,ELS,270.0,31,3,0.6666666666666667
123.1,ELS,270.0,34,3,1.2
123.1,ELS,270.0,35,3,3.2
123.1,ELS,270.0,111,3,11.866666666666667
123.1,ELS,300.0,0,3,46.400000000000006
123.1,ELS,300.0,1,3,35.86666666666667
123.1,ELS,300.0,3,3,3.733333333333334
123.1,ELS,300.0,5,3,0.6666666666666667
123.1,ELS,300.0,6,3,1.6
123.1,ELS,300.0,11,3,0.4
123.1,ELS,300.0,26,3,11.333333333333332
123.1,ELS,330.0,0,3,43.6
123.1,ELS,330.0,1,3,30.4
123.1,ELS,330.0,3,3,9.066666666666666
123.1,ELS,330.0,6,3,8.0
123.1,ELS,330.0,13,3,4.8
123.1,ELS,330.0,26,3,4.133333333333333
123.1,ELS,360.0,0,3,35.333333333333336
123.1,ELS,360.0,1,3,11.600000000000001
123.1,ELS,360.0,3,3,8.4
123.1,ELS,360.0,4,3,1.7333333333333332
123.1,ELS,360.0,6,3,2.1333333333333333
123.1,ELS,360.0,9,3,0.13333333333333333
123.1,ELS,360.0,13,3,18.4
123.1,ELS,360.0,17,3,0.4
123.1,ELS,360.0,21,3,6.266666666666667
123.1,ELS,360.0,26,3,15.6
123.1,ELS,390.0,0,3,45.33333333333333
123.1,ELS,390.0,1,3,9.6
123.1,ELS,390.0,3,3,9.6
123.1,ELS,390.0,4,3,0.6666666666666667
123.1,ELS,390.0,6,3,11.200000000000001
123.1,ELS,390.0,13,3,8.933333333333334
123.1,ELS,390.0,21,3,1.0666666666666667
123.1,ELS,390.0,26,3,13.600000000000001
123.1,ELS,420.0,0,3,59.73333333333334
123.1,ELS,420.0,1,3,9.333333333333334
123.1,ELS,420.0,6,3,8.0
123.1,ELS,420.0,13,3,22.933333333333334
123.3,ELS,0.0,1,3,2.4
123.3,ELS,0.0,2,3,17.066666666666666
123.3,ELS,0.0,3,3,19.2
123.3,ELS,0.0,4,3,0.6666666666666667
123.3,ELS,0.0,5,3,31.2
123.3,ELS,0.0,7,3,9.733333333333333
123.3,ELS,0.0,9,3,1.0666666666666667
123.3,ELS,0.0,12,3,3.5999999999999996
123.3,ELS,0.0,14,3,0.8
123.3,ELS,0.0,15,3,0.6666666666666667
123.3,ELS,0.0,19,3,0.9333333333333335
123.3,ELS,0.0,22,3,4.933333333333334
123.3,ELS,0.0,27,3,7.466666666666668
123.3,ELS,0.0,33,3,0.26666666666666666
123.3,ELS,30.0,1,3,6.666666666666667
123.3,ELS,30.0,2,3,10.266666666666667
123.3,ELS,30.0,3,3,9.733333333333333
123.3,ELS,30.0,4,3,0.4
123.3,ELS,30.0,5,3,13.733333333333334
123.3,ELS,30.0,6,3,8.266666666666666
123.3,ELS,30.0,7,3,7.066666666666667
123.3,ELS,30.0,10,3,1.2
123.3,ELS,30.0,12,3,4.3999999999999995
123.3,ELS,30.0,15,3,0.6666666666666667
123.3,ELS,30.0,27,3,29.06666666666667
123.3,ELS,30.0,33,3,0.6666666666666667
123.3,ELS,30.0,37,3,7.866666666666666
123.3,ELS,60.0,1,3,3.2
123.3,ELS,60.0,2,3,26.0
123.3,ELS,60.0,3,3,22.53333333333333
123.3,ELS,60.0,4,3,1.7333333333333332
123.3,ELS,60.0,5,3,16.933333333333334
123.3,ELS,60.0,6,3,4.3999999999999995
123.3,ELS,60.0,7,3,3.733333333333334
123.3,ELS,60.0,11,3,0.9333333333333335
123.3,ELS,60.0,12,3,1.3333333333333335
123.3,ELS,60.0,14,3,1.866666666666667
123.3,ELS,60.0,15,3,0.8
123.3,ELS,60.0,24,3,0.26666666666666666
123.3,ELS,60.0,27,3,16.266666666666666
123.3,ELS,90.0,1,3,2.1333333333333333
123.3,ELS,90.0,2,3,25.733333333333334
123.3,ELS,90.0,3,3,21.866666666666667
123.3,ELS,90.0,4,3,15.733333333333333
123.3,ELS,90.0,5,3,6.4
123.3,ELS,90.0,6,3,8.933333333333334
123.3,ELS,90.0,7,3,5.2
123.3,ELS,90.0,12,3,0.6666666666666667
123.3,ELS,90.0,14,3,2.666666666666667
123.3,ELS,90.0,15,3,0.5333333333333333
123.3,ELS,90.0,17,3,1.0666666666666667
123.3,ELS,90.0,19,3,0.26666666666666666
123.3,ELS,90.0,21,3,2.8000000000000003
123.3,ELS,90.0,22,3,2.0
123.3,ELS,90.0,33,3,0.26666666666666666
123.3,ELS,90.0,111,3,3.733333333333334
123.3,ELS,120.0,1,3,18.8
123.3,ELS,120.0,2,3,10.4
123.3,ELS,120.0,3,3,17.733333333333334
123.3,ELS,120.0,4,3,11.866666666666667
123.3,ELS,120.0,5,3,2.933333333333333
123.3,ELS,120.0,6,3,5.2
123.3,ELS,120.0,7,3,3.2
123.3,ELS,120.0,8,3,1.866666666666667
123.3,ELS,120.0,9,3,0.13333333333333333
123.3,ELS,120.0,12,3,3.4666666666666663
123.3,ELS,120.0,15,3,0.6666666666666667
123.3,ELS,120.0,17,3,11.066666666666666
123.3,ELS,120.0,22,3,2.0
123.3,ELS,120.0,25,3,6.133333333333333
123.3,ELS,120.0,31,3,0.5333333333333333
123.3,ELS,120.0,111,3,4.0
123.3,ELS,150.0,0,3,2.4
123.3,ELS,150.0,1,3,44.0
123.3,ELS,150.0,2,3,3.8666666666666667
123.3,ELS,150.0,3,3,6.0
123.3,ELS,150.0,6,3,16.0
123.3,ELS,150.0,7,3,4.133333333333333
123.3,ELS,150.0,9,3,1.3333333333333335
123.3,ELS,150.0,12,3,0.4
123.3,ELS,150.0,22,3,2.2666666666666666
123.3,ELS,150.0,25,3,4.933333333333334
123.3,ELS,150.0,27,3,9.333333333333334
123.3,ELS,150.0,28,3,2.533333333333333
123.3,ELS,150.0,111,3,2.8000000000000003
123.3,ELS,180.0,0,3,16.133333333333333
123.3,ELS,180.0,1,3,33.6
123.3,ELS,180.0,2,3,11.066666666666666
123.3,ELS,180.0,3,3,2.1333333333333333
123.3,ELS,180.0,4,3,4.266666666666667
123.3,ELS,180.0,5,3,5.733333333333333
123.3,ELS,180.0,6,3,5.333333333333334
123.3,ELS,180.0,7,3,4.133333333333333
123.3,ELS,180.0,9,3,1.2
123.3,ELS,180.0,11,3,0.8
123.3,ELS,180.0,15,3,0.13333333333333333
123.3,ELS,180.0,16,3,0.6666666666666667
123.3,ELS,180.0,21,3,0.4
123.3,ELS,180.0,23,3,2.2666666666666666
123.3,ELS,180.0,29,3,1.0666666666666667
123.3,ELS,180.0,32,3,4.533333333333333
123.3,ELS,180.0,111,3,6.533333333333332
123.3,ELS,210.0,0,3,54.53333333333333
123.3,ELS,210.0,1,3,5.6000000000000005
123.3,ELS,210.0,3,3,21.2
123.3,ELS,210.0,4,3,0.5333333333333333
123.3,ELS,210.0,5,3,0.6666666666666667
123.3,ELS,210.0,6,3,10.933333333333334
123.3,ELS,210.0,8,3,1.7333333333333332
123.3,ELS,210.0,19,3,2.8000000000000003
123.3,ELS,210.0,24,3,0.26666666666666666
123.3,ELS,210.0,31,3,1.0666666666666667
123.3,ELS,210.0,53,3,0.26666666666666666
123.3,ELS,210.0,111,3,0.4
123.3,ELS,240.0,0,3,39.2
123.3,ELS,240.0,1,3,15.6
123.3,ELS,240.0,3,3,29.46666666666667
123.3,ELS,240.0,5,3,0.13333333333333333
123.3,ELS,240.0,6,3,5.2
123.3,ELS,240.0,12,3,0.6666666666666667
123.3,ELS,240.0,27,3,9.733333333333333
123.3,ELS,270.0,0,3,21.066666666666666
123.3,ELS,270.0,1,3,20.933333333333334
123.3,ELS,270.0,3,3,29.06666666666667
123.3,ELS,270.0,4,3,1.2
123.3,ELS,270.0,5,3,15.6
123.3,ELS,270.0,6,3,2.0
123.3,ELS,270.0,7,3,1.7333333333333332
123.3,ELS,270.0,8,3,0.26666666666666666
123.3,ELS,270.0,15,3,0.5333333333333333
123.3,ELS,270.0,16,3,2.533333333333333
123.3,ELS,270.0,17,3,1.0666666666666667
123.3,ELS,270.0,21,3,0.4
123.3,ELS,270.0,23,3,1.7333333333333332
123.3,ELS,270.0,30,3,1.0666666666666667
123.3,ELS,270.0,31,3,0.5333333333333333
123.3,ELS,270.0,34,3,0.26666666666666666
123.3,ELS,300.0,0,3,58.53333333333334
123.3,ELS,300.0,1,3,3.2
123.3,ELS,300.0,3,3,22.933333333333334
123.3,ELS,300.0,4,3,7.866666666666666
123.3,ELS,300.0,5,3,2.666666666666667
123.3,ELS,300.0,9,3,0.6666666666666667
123.3,ELS,300.0,10,3,0.5333333333333333
123.3,ELS,300.0,28,3,2.666666666666667
123.3,ELS,300.0,34,3,0.9333333333333335
123.3,ELS,330.0,0,3,62.93333333333333
123.3,ELS,330.0,1,3,6.800000000000001
123.3,ELS,330.0,3,3,10.533333333333333
123.3,ELS,330.0,4,3,7.199999999999999
123.3,ELS,330.0,6,3,6.266666666666667
123.3,ELS,330.0,10,3,0.4
123.3,ELS,330.0,12,3,1.4666666666666666
123.3,ELS,330.0,17,3,0.8
123.3,ELS,330.0,32,3,3.5999999999999996
123.3,ELS,360.0,0,3,47.86666666666667
123.3,ELS,360.0,1,3,16.933333333333334
123.3,ELS,360.0,2,3,2.0
123.3,ELS,360.0,3,3,14.933333333333335
123.3,ELS,360.0,5,3,2.666666666666667
123.3,ELS,360.0,6,3,11.066666666666666
123.3,ELS,360.0,11,3,0.26666666666666666
123.3,ELS,360.0,16,3,1.2
123.3,ELS,360.0,19,3,1.6
123.3,ELS,360.0,23,3,1.4666666666666666
123.3,ELS,390.0,0,3,56.266666666666666
123.3,ELS,390.0,1,3,15.066666666666666
123.3,ELS,390.0,3,3,16.400000000000002
123.3,ELS,390.0,4,3,0.6666666666666667
123.3,ELS,390.0,5,3,4.133333333333333
123.3,ELS,390.0,8,3,0.13333333333333333
123.3,ELS,390.0,11,3,0.13333333333333333
123.3,ELS,390.0,16,3,1.4666666666666666
123.3,ELS,390.0,26,3,5.733333333333333
123.3,ELS,420.0,0,3,78.93333333333334
123.3,ELS,420.0,1,3,11.200000000000001
123.3,ELS,420.0,18,3,9.866666666666667
128.4,ELS,0.0,6,3,6.0
128.4,ELS,0.0,7,3,2.0
128.4,ELS,0.0,18,3,89.46666666666667
128.4,ELS,0.0,22,3,2.533333333333333
128.4,ELS,30.0,0,3,1.4666666666666666
128.4,ELS,30.0,1,3,19.466666666666665
128.4,ELS,30.0,2,3,1.3333333333333335
128.4,ELS,30.0,6,3,19.333333333333332
128.4,ELS,30.0,13,3,6.666666666666667
128.4,ELS,30.0,18,3,23.066666666666666
128.4,ELS,30.0,26,3,19.333333333333332
128.4,ELS,30.0,111,3,9.333333333333334
128.4,ELS,60.0,0,3,2.666666666666667
128.4,ELS,60.0,6,3,6.800000000000001
128.4,ELS,60.0,7,3,2.666666666666667
128.4,ELS,60.0,12,3,1.866666666666667
128.4,ELS,60.0,13,3,19.333333333333332
128.4,ELS,60.0,18,3,45.6
128.4,ELS,60.0,26,3,13.466666666666665
128.4,ELS,60.0,111,3,7.6
128.4,ELS,90.0,1,3,3.2
128.4,ELS,90.0,2,3,0.4
128.4,ELS,90.0,5,3,4.0
128.4,ELS,90.0,6,3,13.200000000000001
128.4,ELS,90.0,13,3,17.733333333333334
128.4,ELS,90.0,18,3,51.6
128.4,ELS,90.0,111,3,9.866666666666667
128.4,ELS,120.0,0,3,3.4666666666666663
128.4,ELS,120.0,2,3,6.933333333333333
128.4,ELS,120.0,6,3,16.666666666666664
128.4,ELS,120.0,7,3,1.0666666666666667
128.4,ELS,120.0,18,3,41.46666666666667
128.4,ELS,120.0,26,3,15.466666666666667
128.4,ELS,120.0,111,3,14.933333333333335
128.4,ELS,150.0,0,3,7.466666666666668
128.4,ELS,150.0,5,3,5.066666666666666
128.4,ELS,150.0,7,3,1.7333333333333332
128.4,ELS,150.0,9,3,0.4
128.4,ELS,150.0,18,3,68.4
128.4,ELS,150.0,111,3,16.933333333333334
128.4,ELS,180.0,0,3,15.733333333333333
128.4,ELS,180.0,1,3,30.666666666666664
128.4,ELS,180.0,3,3,7.066666666666667
128.4,ELS,180.0,6,3,17.599999999999998
128.4,ELS,180.0,9,3,0.13333333333333333
128.4,ELS,180.0,16,3,0.8
128.4,ELS,180.0,17,3,1.4666666666666666
128.4,ELS,180.0,18,3,18.0
128.4,ELS,180.0,19,3,2.4
128.4,ELS,180.0,26,3,4.666666666666667
128.4,ELS,180.0,29,3,1.4666666666666666
128.4,ELS,210.0,0,3,43.333333333333336
128.4,ELS,210.0,1,3,6.0
128.4,ELS,210.0,3,3,4.0
128.4,ELS,210.0,6,3,6.666666666666667
128.4,ELS,210.0,13,3,13.466666666666665
128.4,ELS,210.0,26,3,26.53333333333333
128.4,ELS,240.0,0,3,29.333333333333332
128.4,ELS,240.0,1,3,19.333333333333332
128.4,ELS,240.0,3,3,6.266666666666667
128.4,ELS,240.0,5,3,0.5333333333333333
128.4,ELS,240.0,6,3,5.2
128.4,ELS,240.0,10,3,0.8
128.4,ELS,240.0,18,3,33.733333333333334
128.4,ELS,240.0,111,3,4.8
128.4,ELS,270.0,0,3,14.133333333333335
128.4,ELS,270.0,1,3,10.933333333333334
128.4,ELS,270.0,2,3,13.866666666666665
128.4,ELS,270.0,3,3,5.466666666666667
128.4,ELS,270.0,4,3,3.5999999999999996
128.4,ELS,270.0,5,3,0.9333333333333335
128.4,ELS,270.0,6,3,10.8
128.4,ELS,270.0,8,3,1.2
128.4,ELS,270.0,11,3,0.26666666666666666
128.4,ELS,270.0,16,3,2.533333333333333
128.4,ELS,270.0,17,3,1.0666666666666667
128.4,ELS,270.0,18,3,25.2
128.4,ELS,270.0,23,3,2.1333333333333333
128.4,ELS,270.0,25,3,0.26666666666666666
128.4,ELS,270.0,34,3,1.4666666666666666
128.4,ELS,270.0,35,3,1.4666666666666666
128.4,ELS,270.0,111,3,4.666666666666667
128.4,ELS,300.0,0,3,57.733333333333334
128.4,ELS,300.0,1,3,15.2
128.4,ELS,300.0,3,3,0.8
128.4,ELS,300.0,6,3,16.400000000000002
128.4,ELS,300.0,17,3,0.8
128.4,ELS,300.0,26,3,6.933333333333333
128.4,ELS,300.0,29,3,2.1333333333333333
128.4,ELS,330.0,0,3,71.06666666666666
128.4,ELS,330.0,1,3,12.0
128.4,ELS,330.0,5,3,1.0666666666666667
128.4,ELS,330.0,13,3,8.133333333333333
128.4,ELS,330.0,26,3,7.733333333333333
128.4,ELS,360.0,0,3,63.6
128.4,ELS,360.0,1,3,16.266666666666666
128.4,ELS,360.0,3,3,0.6666666666666667
128.4,ELS,360.0,5,3,0.8
128.4,ELS,360.0,13,3,6.266666666666667
128.4,ELS,360.0,21,3,4.133333333333333
128.4,ELS,360.0,26,3,6.666666666666667
128.4,ELS,360.0,29,3,1.6
128.4,ELS,390.0,0,3,32.0
128.4,ELS,390.0,1,3,6.4
128.4,ELS,390.0,5,3,0.4
128.4,ELS,390.0,6,3,6.800000000000001
128.4,ELS,390.0,13,3,26.666666666666668
128.4,ELS,390.0,15,3,0.13333333333333333
128.4,ELS,390.0,18,3,5.466666666666667
128.4,ELS,390.0,26,3,21.6
128.4,ELS,390.0,29,3,0.5333333333333333
128.4,ELS,420.0,0,3,53.86666666666666
128.4,ELS,420.0,1,3,18.933333333333334
128.4,ELS,420.0,5,3,0.5333333333333333
128.4,ELS,420.0,13,3,6.533333333333332
128.4,ELS,420.0,26,3,20.133333333333333
129.1,Control,0.0,4,3,8.133333333333333
129.1,Control,0.0,6,3,68.0
129.1,Control,0.0,13,3,2.2666666666666666
129.1,Control,0.0,19,3,0.9333333333333335
129.1,Control,0.0,20,3,2.533333333333333
129.1,Control,0.0,26,3,18.133333333333333
129.1,Control,30.0,2,3,0.9333333333333335
129.1,Control,30.0,6,3,43.86666666666667
129.1,Control,30.0,12,3,0.13333333333333333
129.1,Control,30.0,13,3,4.133333333333333
129.1,Control,30.0,18,3,19.466666666666665
129.1,Control,30.0,20,3,1.7333333333333332
129.1,Control,30.0,21,3,0.6666666666666667
129.1,Control,30.0,26,3,29.06666666666667
129.1,Control,60.0,0,3,13.066666666666665
129.1,Control,60.0,1,3,24.933333333333334
129.1,Control,60.0,5,3,0.26666666666666666
129.1,Control,60.0,6,3,3.8666666666666667
129.1,Control,60.0,18,3,45.33333333333333
129.1,Control,60.0,20,3,7.333333333333333
129.1,Control,60.0,111,3,5.2
129.1,Control,90.0,0,3,2.666666666666667
129.1,Control,90.0,6,3,14.000000000000002
129.1,Control,90.0,7,3,1.0666666666666667
129.1,Control,90.0,18,3,82.26666666666667
129.1,Control,120.0,0,3,8.533333333333333
129.1,Control,120.0,1,3,2.2666666666666666
129.1,Control,120.0,6,3,13.333333333333334
129.1,Control,120.0,12,3,1.4666666666666666
129.1,Control,120.0,18,3,57.733333333333334
129.1,Control,120.0,111,3,16.666666666666664
129.1,Control,150.0,0,3,2.666666666666667
129.1,Control,150.0,3,3,0.26666666666666666
129.1,Control,150.0,7,3,0.8
129.1,Control,150.0,13,3,6.266666666666667
129.1,Control,150.0,18,3,84.66666666666667
129.1,Control,150.0,111,3,5.333333333333334
129.1,Control,180.0,0,3,28.799999999999997
129.1,Control,180.0,1,3,18.53333333333333
129.1,Control,180.0,2,3,0.13333333333333333
129.1,Control,180.0,3,3,6.666666666666667
129.1,Control,180.0,6,3,34.8
129.1,Control,180.0,7,3,1.2
129.1,Control,180.0,15,3,0.5333333333333333
129.1,Control,180.0,16,3,0.26666666666666666
129.1,Control,180.0,22,3,2.4
129.1,Control,180.0,25,3,3.2
129.1,Control,180.0,26,3,2.0
129.1,Control,180.0,30,3,0.8
129.1,Control,180.0,31,3,0.5333333333333333
129.1,Control,180.0,33,3,0.13333333333333333
129.1,Control,210.0,0,3,27.200000000000003
129.1,Control,210.0,1,3,19.066666666666666
129.1,Control,210.0,2,3,2.1333333333333333
129.1,Control,210.0,3,3,1.2
129.1,Control,210.0,5,3,3.5999999999999996
129.1,Control,210.0,6,3,4.533333333333333
129.1,Control,210.0,12,3,0.13333333333333333
129.1,Control,210.0,13,3,26.266666666666666
129.1,Control,210.0,15,3,1.866666666666667
129.1,Control,210.0,18,3,8.4
129.1,Control,210.0,111,3,5.6000000000000005
129.1,Control,240.0,0,3,54.53333333333333
129.1,Control,240.0,13,3,45.46666666666667
129.1,Control,270.0,0,3,12.8
129.1,Control,270.0,1,3,26.0
129.1,Control,270.0,6,3,2.8000000000000003
129.1,Control,270.0,9,3,0.6666666666666667
129.1,Control,270.0,13,3,31.333333333333336
129.1,Control,270.0,20,3,1.0666666666666667
129.1,Control,270.0,26,3,21.73333333333333
129.1,Control,270.0,30,3,1.4666666666666666
129.1,Control,270.0,34,3,0.13333333333333333
129.1,Control,270.0,35,3,2.0
129.1,Control,300.0,0,3,36.4
129.1,Control,300.0,1,3,19.466666666666665
129.1,Control,300.0,13,3,44.13333333333333
129.1,Control,330.0,0,3,70.93333333333334
129.1,Control,330.0,1,3,14.533333333333335
129.1,Control,330.0,13,3,14.533333333333335
129.1,Control,360.0,0,3,84.53333333333333
129.1,Control,360.0,1,3,9.2
129.1,Control,360.0,2,3,2.933333333333333
129.1,Control,360.0,5,3,1.6
129.1,Control,360.0,10,3,0.26666666666666666
129.1,Control,360.0,16,3,0.5333333333333333
129.1,Control,360.0,23,3,0.9333333333333335
129.1,Control,390.0,0,3,68.53333333333333
129.1,Control,390.0,1,3,17.2
129.1,Control,390.0,4,3,0.6666666666666667
129.1,Control,390.0,5,3,2.4
129.1,Control,390.0,6,3,8.0
129.1,Control,390.0,13,3,3.2
129.1,Control,420.0,0,3,78.4
129.1,Control,420.0,3,3,0.26666666666666666
129.1,Control,420.0,13,3,21.333333333333336
129.4,Control,0.0,0,3,5.333333333333334
129.4,Control,0.0,1,3,26.53333333333333
129.4,Control,0.0,4,3,2.533333333333333
129.4,Control,0.0,6,3,63.46666666666667
129.4,Control,0.0,7,3,2.1333333333333333
129.4,Control,30.0,0,3,5.333333333333334
129.4,Control,30.0,1,3,35.333333333333336
129.4,Control,30.0,3,3,7.066666666666667
129.4,Control,30.0,6,3,28.666666666666668
129.4,Control,30.0,7,3,1.6
129.4,Control,30.0,26,3,10.8
129.4,Control,30.0,111,3,11.200000000000001
129.4,Control,60.0,0,3,12.133333333333333
129.4,Control,60.0,1,3,27.333333333333332
129.4,Control,60.0,6,3,19.733333333333334
129.4,Control,60.0,13,3,32.93333333333333
129.4,Control,60.0,26,3,7.866666666666666
129.4,Control,90.0,0,3,3.8666666666666667
129.4,Control,90.0,1,3,49.6
129.4,Control,90.0,6,3,11.200000000000001
129.4,Control,90.0,13,3,5.733333333333333
129.4,Control,90.0,20,3,7.199999999999999
129.4,Control,90.0,26,3,8.666666666666668
129.4,Control,90.0,27,3,8.266666666666666
129.4,Control,90.0,111,3,5.466666666666667
129.4,Control,120.0,0,3,16.266666666666666
129.4,Control,120.0,1,3,35.46666666666667
129.4,Control,120.0,5,3,0.8
129.4,Control,120.0,6,3,25.066666666666666
129.4,Control,120.0,13,3,4.666666666666667
129.4,Control,120.0,18,3,4.266666666666667
129.4,Control,120.0,20,3,1.6
129.4,Control,120.0,26,3,8.799999999999999
129.4,Control,120.0,111,3,3.0666666666666664
129.4,Control,150.0,0,3,15.866666666666667
129.4,Control,150.0,1,3,64.4
129.4,Control,150.0,3,3,3.8666666666666667
129.4,Control,150.0,6,3,8.933333333333334
129.4,Control,150.0,111,3,6.933333333333333
129.4,Control,180.0,0,3,33.733333333333334
129.4,Control,180.0,1,3,12.8
129.4,Control,180.0,2,3,2.4
129.4,Control,180.0,3,3,8.666666666666668
129.4,Control,180.0,6,3,7.066666666666667
129.4,Control,180.0,7,3,1.7333333333333332
129.4,Control,180.0,13,3,10.266666666666667
129.4,Control,180.0,18,3,11.866666666666667
129.4,Control,180.0,23,3,2.8000000000000003
129.4,Control,180.0,25,3,2.0
129.4,Control,180.0,29,3,0.6666666666666667
129.4,Control,180.0,111,3,6.0
129.4,Control,210.0,0,3,78.13333333333333
129.4,Control,210.0,1,3,16.8
129.4,Control,210.0,6,3,3.0666666666666664
129.4,Control,210.0,15,3,0.8
129.4,Control,210.0,30,3,0.8
129.4,Control,210.0,34,3,0.4
129.4,Control,240.0,0,3,62.53333333333333
129.4,Control,240.0,1,3,7.733333333333333
129.4,Control,240.0,3,3,9.6
129.4,Control,240.0,4,3,9.866666666666667
129.4,Control,240.0,6,3,4.8
129.4,Control,240.0,13,3,1.6
129.4,Control,240.0,26,3,3.8666666666666667
129.4,Control,270.0,0,3,40.13333333333333
129.4,Control,270.0,1,3,24.53333333333333
129.4,Control,270.0,3,3,2.666666666666667
129.4,Control,270.0,4,3,6.0
129.4,Control,270.0,6,3,11.733333333333333
129.4,Control,270.0,11,3,1.2
129.4,Control,270.0,13,3,8.4
129.4,Control,270.0,16,3,0.6666666666666667
129.4,Control,270.0,19,3,1.866666666666667
129.4,Control,270.0,30,3,2.8000000000000003
129.4,Control,300.0,0,3,36.666666666666664
129.4,Control,300.0,1,3,27.866666666666667
129.4,Control,300.0,3,3,5.6000000000000005
129.4,Control,300.0,4,3,20.133333333333333
129.4,Control,300.0,5,3,1.7333333333333332
129.4,Control,300.0,13,3,5.733333333333333
129.4,Control,300.0,19,3,1.0666666666666667
129.4,Control,300.0,25,3,1.2
129.4,Control,330.0,0,3,42.8
129.4,Control,330.0,3,3,1.7333333333333332
129.4,Control,330.0,4,3,16.933333333333334
129.4,Control,330.0,13,3,38.53333333333334
129.4,Control,360.0,0,3,55.733333333333334
129.4,Control,360.0,1,3,7.733333333333333
129.4,Control,360.0,4,3,0.5333333333333333
129.4,Control,360.0,6,3,2.533333333333333
129.4,Control,360.0,9,3,1.6
129.4,Control,360.0,11,3,0.8
129.4,Control,360.0,13,3,26.93333333333333
129.4,Control,360.0,23,3,2.933333333333333
129.4,Control,360.0,111,3,1.2
129.4,Control,390.0,0,3,41.86666666666667
129.4,Control,390.0,1,3,10.533333333333333
129.4,Control,390.0,2,3,2.2666666666666666
129.4,Control,390.0,4,3,1.2
129.4,Control,390.0,6,3,12.666666666666668
129.4,Control,390.0,13,3,29.46666666666667
129.4,Control,390.0,111,3,2.0
129.4,Control,420.0,0,3,89.2
129.4,Control,420.0,3,3,0.8
129.4,Control,420.0,13,3,10.0
133.3,ELS,0.0,0,3,1.3333333333333335
133.3,ELS,0.0,2,3,21.333333333333336
133.3,ELS,0.0,3,3,4.3999999999999995
133.3,ELS,0.0,5,3,7.733333333333333
133.3,ELS,0.0,7,3,18.53333333333333
133.3,ELS,0.0,9,3,0.6666666666666667
133.3,ELS,0.0,10,3,2.933333333333333
133.3,ELS,0.0,11,3,2.4
133.3,ELS,0.0,12,3,4.8
133.3,ELS,0.0,15,3,2.533333333333333
133.3,ELS,0.0,16,3,3.733333333333334
133.3,ELS,0.0,17,3,2.1333333333333333
133.3,ELS,0.0,21,3,0.9333333333333335
133.3,ELS,0.0,27,3,24.266666666666666
133.3,ELS,0.0,111,3,2.2666666666666666
133.3,ELS,30.0,0,3,5.333333333333334
133.3,ELS,30.0,1,3,2.533333333333333
133.3,ELS,30.0,2,3,15.6
133.3,ELS,30.0,3,3,24.933333333333334
133.3,ELS,30.0,6,3,22.26666666666667
133.3,ELS,30.0,7,3,6.0
133.3,ELS,30.0,11,3,2.2666666666666666
133.3,ELS,30.0,12,3,3.8666666666666667
133.3,ELS,30.0,16,3,0.8
133.3,ELS,30.0,17,3,1.0666666666666667
133.3,ELS,30.0,27,3,13.466666666666665
133.3,ELS,30.0,111,3,1.866666666666667
133.3,ELS,60.0,0,3,9.733333333333333
133.3,ELS,60.0,1,3,12.4
133.3,ELS,60.0,2,3,5.2
133.3,ELS,60.0,3,3,9.333333333333334
133.3,ELS,60.0,5,3,9.333333333333334
133.3,ELS,60.0,6,3,22.133333333333333
133.3,ELS,60.0,7,3,7.466666666666668
133.3,ELS,60.0,8,3,0.5333333333333333
133.3,ELS,60.0,9,3,0.4
133.3,ELS,60.0,11,3,0.8
133.3,ELS,60.0,13,3,22.0
133.3,ELS,60.0,25,3,0.6666666666666667
133.3,ELS,90.0,0,3,0.8
133.3,ELS,90.0,1,3,2.2666666666666666
133.3,ELS,90.0,2,3,13.333333333333334
133.3,ELS,90.0,6,3,8.133333333333333
133.3,ELS,90.0,9,3,0.5333333333333333
133.3,ELS,90.0,11,3,0.5333333333333333
133.3,ELS,90.0,12,3,1.2
133.3,ELS,90.0,13,3,43.733333333333334
133.3,ELS,90.0,20,3,2.933333333333333
133.3,ELS,90.0,27,3,21.73333333333333
133.3,ELS,90.0,30,3,0.6666666666666667
133.3,ELS,90.0,111,3,4.133333333333333
133.3,ELS,120.0,0,3,5.6000000000000005
133.3,ELS,120.0,1,3,15.333333333333332
133.3,ELS,120.0,3,3,26.0
133.3,ELS,120.0,6,3,3.4666666666666663
133.3,ELS,120.0,11,3,0.26666666666666666
133.3,ELS,120.0,13,3,46.400000000000006
133.3,ELS,120.0,25,3,2.933333333333333
133.3,ELS,150.0,0,3,34.93333333333333
133.3,ELS,150.0,1,3,21.066666666666666
133.3,ELS,150.0,2,3,4.666666666666667
133.3,ELS,150.0,3,3,10.4
133.3,ELS,150.0,5,3,12.8
133.3,ELS,150.0,6,3,3.4666666666666663
133.3,ELS,150.0,7,3,4.933333333333334
133.3,ELS,150.0,13,3,4.0
133.3,ELS,150.0,17,3,1.866666666666667
133.3,ELS,150.0,26,3,1.866666666666667
133.3,ELS,180.0,0,3,33.86666666666667
133.3,ELS,180.0,1,3,9.733333333333333
133.3,ELS,180.0,3,3,6.800000000000001
133.3,ELS,180.0,4,3,0.26666666666666666
133.3,ELS,180.0,5,3,8.666666666666668
133.3,ELS,180.0,6,3,16.266666666666666
133.3,ELS,180.0,11,3,0.6666666666666667
133.3,ELS,180.0,12,3,4.133333333333333
133.3,ELS,180.0,13,3,9.333333333333334
133.3,ELS,180.0,14,3,1.6
133.3,ELS,180.0,20,3,3.0666666666666664
133.3,ELS,180.0,23,3,3.0666666666666664
133.3,ELS,180.0,29,3,0.5333333333333333
133.3,ELS,180.0,34,3,2.0
133.3,ELS,210.0,0,3,74.13333333333333
133.3,ELS,210.0,1,3,9.466666666666667
133.3,ELS,210.0,5,3,1.6
133.3,ELS,210.0,6,3,11.333333333333332
133.3,ELS,210.0,10,3,0.4
133.3,ELS,210.0,19,3,0.4
133.3,ELS,210.0,23,3,1.0666666666666667
133.3,ELS,210.0,30,3,1.3333333333333335
133.3,ELS,210.0,34,3,0.26666666666666666
133.3,ELS,240.0,0,3,47.86666666666667
133.3,ELS,240.0,1,3,20.4
133.3,ELS,240.0,2,3,2.533333333333333
133.3,ELS,240.0,3,3,13.066666666666665
133.3,ELS,240.0,5,3,1.2
133.3,ELS,240.0,6,3,12.0
133.3,ELS,240.0,12,3,0.5333333333333333
133.3,ELS,240.0,17,3,2.4
133.3,ELS,270.0,0,3,62.93333333333333
133.3,ELS,270.0,1,3,8.0
133.3,ELS,270.0,3,3,12.8
133.3,ELS,270.0,4,3,0.26666666666666666
133.3,ELS,270.0,6,3,6.0
133.3,ELS,270.0,23,3,3.3333333333333335
133.3,ELS,270.0,28,3,4.0
133.3,ELS,270.0,30,3,1.4666666666666666
133.3,ELS,270.0,31,3,0.5333333333333333
133.3,ELS,270.0,34,3,0.6666666666666667
133.3,ELS,300.0,0,3,48.13333333333333
133.3,ELS,300.0,1,3,9.2
133.3,ELS,300.0,3,3,3.4666666666666663
133.3,ELS,300.0,4,3,1.7333333333333332
133.3,ELS,300.0,6,3,26.13333333333333
133.3,ELS,300.0,8,3,0.26666666666666666
133.3,ELS,300.0,10,3,0.13333333333333333
133.3,ELS,300.0,13,3,7.466666666666668
133.3,ELS,300.0,14,3,0.9333333333333335
133.3,ELS,300.0,15,3,1.866666666666667
133.3,ELS,300.0,23,3,0.26666666666666666
133.3,ELS,300.0,31,3,0.4
133.3,ELS,330.0,0,3,30.533333333333335
133.3,ELS,330.0,1,3,20.0
133.3,ELS,330.0,3,3,9.2
133.3,ELS,330.0,6,3,28.000000000000004
133.3,ELS,330.0,12,3,0.9333333333333335
133.3,ELS,330.0,18,3,11.333333333333332
133.3,ELS,360.0,0,3,29.2
133.3,ELS,360.0,1,3,14.399999999999999
133.3,ELS,360.0,2,3,0.26666666666666666
133.3,ELS,360.0,3,3,11.466666666666667
133.3,ELS,360.0,4,3,2.933333333333333
133.3,ELS,360.0,5,3,11.733333333333333
133.3,ELS,360.0,6,3,20.533333333333335
133.3,ELS,360.0,7,3,1.2
133.3,ELS,360.0,9,3,0.4
133.3,ELS,360.0,10,3,0.26666666666666666
133.3,ELS,360.0,13,3,2.666666666666667
133.3,ELS,360.0,14,3,0.9333333333333335
133.3,ELS,360.0,23,3,2.8000000000000003
133.3,ELS,360.0,30,3,0.9333333333333335
133.3,ELS,360.0,31,3,0.26666666666666666
133.3,ELS,390.0,0,3,76.53333333333333
133.3,ELS,390.0,1,3,6.800000000000001
133.3,ELS,390.0,2,3,5.066666666666666
133.3,ELS,390.0,4,3,0.8
133.3,ELS,390.0,6,3,6.800000000000001
133.3,ELS,390.0,10,3,0.26666666666666666
133.3,ELS,390.0,27,3,3.733333333333334
133.3,ELS,420.0,0,3,42.4
133.3,ELS,420.0,1,3,25.866666666666667
133.3,ELS,420.0,3,3,16.53333333333333
133.3,ELS,420.0,5,3,1.4666666666666666
133.3,ELS,420.0,7,3,1.7333333333333332
133.3,ELS,420.0,22,3,4.266666666666667
133.3,ELS,420.0,26,3,3.4666666666666663
133.3,ELS,420.0,28,3,4.266666666666667
134.2,ELS,0.0,1,3,12.0
134.2,ELS,0.0,2,3,28.666666666666668
134.2,ELS,0.0,3,3,6.533333333333332
134.2,ELS,0.0,5,3,22.53333333333333
134.2,ELS,0.0,6,3,11.733333333333333
134.2,ELS,0.0,10,3,1.0666666666666667
134.2,ELS,0.0,12,3,3.8666666666666667
134.2,ELS,0.0,15,3,2.0
134.2,ELS,0.0,16,3,0.8
134.2,ELS,0.0,17,3,6.533333333333332
134.2,ELS,0.0,21,3,2.2666666666666666
134.2,ELS,0.0,27,3,2.0
134.2,ELS,30.0,1,3,4.933333333333334
134.2,ELS,30.0,2,3,16.53333333333333
134.2,ELS,30.0,3,3,33.733333333333334
134.2,ELS,30.0,5,3,27.066666666666666
134.2,ELS,30.0,7,3,5.733333333333333
134.2,ELS,30.0,10,3,4.933333333333334
134.2,ELS,30.0,11,3,1.0666666666666667
134.2,ELS,30.0,12,3,4.533333333333333
134.2,ELS,30.0,14,3,0.4
134.2,ELS,30.0,16,3,0.5333333333333333
134.2,ELS,30.0,29,3,0.5333333333333333
134.2,ELS,60.0,2,3,10.4
134.2,ELS,60.0,5,3,14.000000000000002
134.2,ELS,60.0,6,3,10.8
134.2,ELS,60.0,7,3,6.4
134.2,ELS,60.0,8,3,0.13333333333333333
134.2,ELS,60.0,11,3,1.7333333333333332
134.2,ELS,60.0,12,3,3.2
134.2,ELS,60.0,14,3,5.466666666666667
134.2,ELS,60.0,19,3,0.9333333333333335
134.2,ELS,60.0,21,3,0.6666666666666667
134.2,ELS,60.0,25,3,19.333333333333332
134.2,ELS,60.0,27,3,23.466666666666665
134.2,ELS,60.0,29,3,0.26666666666666666
134.2,ELS,60.0,111,3,3.2
134.2,ELS,90.0,0,3,10.533333333333333
134.2,ELS,90.0,1,3,10.266666666666667
134.2,ELS,90.0,2,3,22.933333333333334
134.2,ELS,90.0,3,3,3.4666666666666663
134.2,ELS,90.0,6,3,26.400000000000002
134.2,ELS,90.0,12,3,7.466666666666668
134.2,ELS,90.0,14,3,3.733333333333334
134.2,ELS,90.0,17,3,2.4
134.2,ELS,90.0,18,3,5.466666666666667
134.2,ELS,90.0,111,3,7.333333333333333
134.2,ELS,120.0,0,3,5.066666666666666
134.2,ELS,120.0,1,3,11.066666666666666
134.2,ELS,120.0,2,3,22.933333333333334
134.2,ELS,120.0,3,3,12.266666666666666
134.2,ELS,120.0,4,3,7.066666666666667
134.2,ELS,120.0,5,3,17.066666666666666
134.2,ELS,120.0,6,3,2.0
134.2,ELS,120.0,8,3,0.26666666666666666
134.2,ELS,120.0,10,3,3.733333333333334
134.2,ELS,120.0,11,3,1.7333333333333332
134.2,ELS,120.0,12,3,2.4
134.2,ELS,120.0,14,3,2.666666666666667
134.2,ELS,120.0,16,3,0.26666666666666666
134.2,ELS,120.0,21,3,1.2
134.2,ELS,120.0,25,3,6.133333333333333
134.2,ELS,120.0,111,3,4.133333333333333
134.2,ELS,150.0,0,3,5.6000000000000005
134.2,ELS,150.0,1,3,2.8000000000000003
134.2,ELS,150.0,2,3,20.8
134.2,ELS,150.0,3,3,28.4
134.2,ELS,150.0,4,3,0.9333333333333335
134.2,ELS,150.0,5,3,2.933333333333333
134.2,ELS,150.0,6,3,10.933333333333334
134.2,ELS,150.0,8,3,0.4
134.2,ELS,150.0,9,3,0.4
134.2,ELS,150.0,12,3,4.666666666666667
134.2,ELS,150.0,15,3,0.9333333333333335
134.2,ELS,150.0,16,3,0.26666666666666666
134.2,ELS,150.0,17,3,13.066666666666665
134.2,ELS,150.0,19,3,0.26666666666666666
134.2,ELS,150.0,24,3,0.4
134.2,ELS,150.0,25,3,2.666666666666667
134.2,ELS,150.0,111,3,4.533333333333333
134.2,ELS,180.0,0,3,9.733333333333333
134.2,ELS,180.0,1,3,4.8
134.2,ELS,180.0,2,3,4.3999999999999995
134.2,ELS,180.0,3,3,8.266666666666666
134.2,ELS,180.0,4,3,1.2
134.2,ELS,180.0,5,3,10.533333333333333
134.2,ELS,180.0,6,3,22.53333333333333
134.2,ELS,180.0,7,3,0.6666666666666667
134.2,ELS,180.0,8,3,0.5333333333333333
134.2,ELS,180.0,9,3,1.866666666666667
134.2,ELS,180.0,10,3,0.9333333333333335
134.2,ELS,180.0,11,3,0.9333333333333335
134.2,ELS,180.0,14,3,3.5999999999999996
134.2,ELS,180.0,16,3,0.6666666666666667
134.2,ELS,180.0,17,3,6.800000000000001
134.2,ELS,180.0,19,3,0.8
134.2,ELS,180.0,21,3,3.8666666666666667
134.2,ELS,180.0,22,3,0.8
134.2,ELS,180.0,23,3,1.6
134.2,ELS,180.0,30,3,1.866666666666667
134.2,ELS,180.0,31,3,0.4
134.2,ELS,180.0,34,3,0.9333333333333335
134.2,ELS,180.0,41,3,0.8
134.2,ELS,180.0,111,3,11.466666666666667
134.2,ELS,210.0,0,3,65.06666666666666
134.2,ELS,210.0,1,3,3.2
134.2,ELS,210.0,2,3,5.333333333333334
134.2,ELS,210.0,3,3,10.666666666666668
134.2,ELS,210.0,6,3,5.866666666666666
134.2,ELS,210.0,15,3,0.4
134.2,ELS,210.0,18,3,5.333333333333334
134.2,ELS,210.0,21,3,1.6
134.2,ELS,210.0,23,3,0.4
134.2,ELS,210.0,29,3,0.8
134.2,ELS,210.0,30,3,1.3333333333333335
134.2,ELS,240.0,0,3,60.266666666666666
134.2,ELS,240.0,1,3,6.666666666666667
134.2,ELS,240.0,3,3,15.6
134.2,ELS,240.0,4,3,4.3999999999999995
134.2,ELS,240.0,5,3,4.666666666666667
134.2,ELS,240.0,6,3,8.4
134.2,ELS,270.0,0,3,2.0
134.2,ELS,270.0,1,3,30.933333333333334
134.2,ELS,270.0,2,3,11.600000000000001
134.2,ELS,270.0,3,3,6.800000000000001
134.2,ELS,270.0,5,3,9.333333333333334
134.2,ELS,270.0,6,3,7.733333333333333
134.2,ELS,270.0,7,3,3.733333333333334
134.2,ELS,270.0,11,3,0.8
134.2,ELS,270.0,13,3,21.73333333333333
134.2,ELS,270.0,15,3,0.26666666666666666
134.2,ELS,270.0,16,3,1.4666666666666666
134.2,ELS,270.0,23,3,2.4
134.2,ELS,270.0,30,3,1.2
134.2,ELS,300.0,0,3,39.2
134.2,ELS,300.0,1,3,24.8
134.2,ELS,300.0,3,3,8.0
134.2,ELS,300.0,4,3,0.13333333333333333
134.2,ELS,300.0,6,3,14.399999999999999
134.2,ELS,300.0,8,3,0.13333333333333333
134.2,ELS,300.0,9,3,1.2
134.2,ELS,300.0,11,3,1.0666666666666667
134.2,ELS,300.0,13,3,5.866666666666666
134.2,ELS,300.0,15,3,1.2
134.2,ELS,300.0,23,3,1.6
134.2,ELS,300.0,29,3,0.4
134.2,ELS,300.0,30,3,0.9333333333333335
134.2,ELS,300.0,34,3,1.0666666666666667
134.2,ELS,330.0,0,3,73.06666666666666
134.2,ELS,330.0,1,3,26.93333333333333
134.2,ELS,360.0,0,3,33.86666666666667
134.2,ELS,360.0,1,3,27.73333333333333
134.2,ELS,360.0,3,3,12.8
134.2,ELS,360.0,6,3,11.600000000000001
134.2,ELS,360.0,13,3,7.6
134.2,ELS,360.0,16,3,0.4
134.2,ELS,360.0,23,3,1.7333333333333332
134.2,ELS,360.0,30,3,2.1333333333333333
134.2,ELS,360.0,34,3,0.4
134.2,ELS,360.0,35,3,1.0666666666666667
134.2,ELS,360.0,36,3,0.6666666666666667
134.2,ELS,390.0,0,3,71.6
134.2,ELS,390.0,1,3,21.46666666666667
134.2,ELS,390.0,2,3,4.3999999999999995
134.2,ELS,390.0,3,3,0.4
134.2,ELS,390.0,4,3,1.0666666666666667
134.2,ELS,390.0,16,3,1.0666666666666667
134.2,ELS,420.0,0,3,56.39999999999999
134.2,ELS,420.0,1,3,6.0
134.2,ELS,420.0,2,3,0.5333333333333333
134.2,ELS,420.0,3,3,15.466666666666667
134.2,ELS,420.0,4,3,21.333333333333336
134.2,ELS,420.0,9,3,0.26666666666666666
134.4,ELS,0.0,1,3,1.3333333333333335
134.4,ELS,0.0,2,3,19.466666666666665
134.4,ELS,0.0,3,3,3.4666666666666663
134.4,ELS,0.0,5,3,12.266666666666666
134.4,ELS,0.0,6,3,3.733333333333334
134.4,ELS,0.0,7,3,11.333333333333332
134.4,ELS,0.0,11,3,1.2
134.4,ELS,0.0,12,3,2.666666666666667
134.4,ELS,0.0,15,3,0.5333333333333333
134.4,ELS,0.0,21,3,2.0
134.4,ELS,0.0,27,3,42.0
134.4,ELS,30.0,1,3,2.666666666666667
134.4,ELS,30.0,2,3,12.933333333333334
134.4,ELS,30.0,3,3,32.13333333333333
134.4,ELS,30.0,4,3,1.4666666666666666
134.4,ELS,30.0,5,3,32.13333333333333
134.4,ELS,30.0,7,3,2.933333333333333
134.4,ELS,30.0,10,3,1.2
134.4,ELS,30.0,12,3,6.266666666666667
134.4,ELS,30.0,14,3,2.533333333333333
134.4,ELS,30.0,16,3,1.2
134.4,ELS,30.0,22,3,1.0666666666666667
134.4,ELS,30.0,25,3,0.9333333333333335
134.4,ELS,30.0,27,3,2.533333333333333
134.4,ELS,60.0,1,3,5.733333333333333
134.4,ELS,60.0,2,3,36.93333333333334
134.4,ELS,60.0,3,3,10.666666666666668
134.4,ELS,60.0,5,3,25.6
134.4,ELS,60.0,6,3,3.0666666666666664
134.4,ELS,60.0,7,3,2.0
134.4,ELS,60.0,8,3,0.26666666666666666
134.4,ELS,60.0,9,3,0.9333333333333335
134.4,ELS,60.0,11,3,1.7333333333333332
134.4,ELS,60.0,12,3,4.133333333333333
134.4,ELS,60.0,14,3,2.8000000000000003
134.4,ELS,60.0,19,3,0.6666666666666667
134.4,ELS,60.0,111,3,5.466666666666667
134.4,ELS,90.0,1,3,5.066666666666666
134.4,ELS,90.0,2,3,4.8
134.4,ELS,90.0,5,3,9.066666666666666
134.4,ELS,90.0,6,3,43.86666666666667
134.4,ELS,90.0,7,3,3.2
134.4,ELS,90.0,11,3,2.533333333333333
134.4,ELS,90.0,12,3,2.4
134.4,ELS,90.0,15,3,0.9333333333333335
134.4,ELS,90.0,18,3,4.666666666666667
134.4,ELS,90.0,21,3,2.1333333333333333
134.4,ELS,90.0,27,3,18.666666666666668
134.4,ELS,90.0,111,3,2.666666666666667
134.4,ELS,120.0,1,3,5.866666666666666
134.4,ELS,120.0,2,3,36.93333333333334
134.4,ELS,120.0,3,3,4.533333333333333
134.4,ELS,120.0,4,3,0.9333333333333335
134.4,ELS,120.0,5,3,11.866666666666667
134.4,ELS,120.0,6,3,9.466666666666667
134.4,ELS,120.0,7,3,1.3333333333333335
134.4,ELS,120.0,11,3,3.4666666666666663
134.4,ELS,120.0,12,3,0.5333333333333333
134.4,ELS,120.0,13,3,3.4666666666666663
134.4,ELS,120.0,16,3,1.4666666666666666
134.4,ELS,120.0,19,3,2.0
134.4,ELS,120.0,21,3,1.2
134.4,ELS,120.0,27,3,12.533333333333333
134.4,ELS,120.0,29,3,0.13333333333333333
134.4,ELS,120.0,33,3,0.6666666666666667
134.4,ELS,120.0,111,3,3.5999999999999996
134.4,ELS,150.0,0,3,21.866666666666667
134.4,ELS,150.0,1,3,11.333333333333332
134.4,ELS,150.0,2,3,14.666666666666666
134.4,ELS,150.0,3,3,8.4
134.4,ELS,150.0,4,3,0.13333333333333333
134.4,ELS,150.0,5,3,5.866666666666666
134.4,ELS,150.0,6,3,11.466666666666667
134.4,ELS,150.0,7,3,1.866666666666667
134.4,ELS,150.0,8,3,0.5333333333333333
134.4,ELS,150.0,11,3,0.13333333333333333
134.4,ELS,150.0,13,3,19.333333333333332
134.4,ELS,150.0,15,3,1.0666666666666667
134.4,ELS,150.0,24,3,0.26666666666666666
134.4,ELS,150.0,31,3,1.866666666666667
134.4,ELS,150.0,42,3,1.2
134.4,ELS,180.0,0,3,11.200000000000001
134.4,ELS,180.0,1,3,5.066666666666666
134.4,ELS,180.0,2,3,10.8
134.4,ELS,180.0,3,3,1.7333333333333332
134.4,ELS,180.0,5,3,0.9333333333333335
134.4,ELS,180.0,6,3,40.53333333333333
134.4,ELS,180.0,7,3,1.866666666666667
134.4,ELS,180.0,11,3,1.4666666666666666
134.4,ELS,180.0,12,3,7.733333333333333
134.4,ELS,180.0,14,3,3.8666666666666667
134.4,ELS,180.0,15,3,0.5333333333333333
134.4,ELS,180.0,23,3,3.5999999999999996
134.4,ELS,180.0,27,3,8.4
134.4,ELS,180.0,29,3,0.8
134.4,ELS,180.0,31,3,0.5333333333333333
134.4,ELS,180.0,34,3,0.9333333333333335
134.4,ELS,210.0,0,3,71.06666666666666
134.4,ELS,210.0,1,3,11.866666666666667
134.4,ELS,210.0,3,3,3.0666666666666664
134.4,ELS,210.0,6,3,6.4
134.4,ELS,210.0,10,3,0.8
134.4,ELS,210.0,23,3,0.5333333333333333
134.4,ELS,210.0,25,3,0.8
134.4,ELS,210.0,37,3,5.466666666666667
134.4,ELS,240.0,0,3,33.2
134.4,ELS,240.0,1,3,17.066666666666666
134.4,ELS,240.0,3,3,26.13333333333333
134.4,ELS,240.0,6,3,15.333333333333332
134.4,ELS,240.0,12,3,0.8
134.4,ELS,240.0,13,3,4.533333333333333
134.4,ELS,240.0,19,3,1.0666666666666667
134.4,ELS,240.0,22,3,1.866666666666667
134.4,ELS,270.0,0,3,24.0
134.4,ELS,270.0,1,3,26.8
134.4,ELS,270.0,2,3,2.8000000000000003
134.4,ELS,270.0,3,3,9.333333333333334
134.4,ELS,270.0,5,3,2.0
134.4,ELS,270.0,6,3,16.933333333333334
134.4,ELS,270.0,7,3,1.6
134.4,ELS,270.0,8,3,1.2
134.4,ELS,270.0,9,3,0.9333333333333335
134.4,ELS,270.0,14,3,4.133333333333333
134.4,ELS,270.0,16,3,1.2
134.4,ELS,270.0,18,3,7.199999999999999
134.4,ELS,270.0,23,3,1.866666666666667
134.4,ELS,300.0,0,3,41.333333333333336
134.4,ELS,300.0,1,3,47.06666666666667
134.4,ELS,300.0,3,3,4.666666666666667
134.4,ELS,300.0,5,3,0.5333333333333333
134.4,ELS,300.0,10,3,1.2
134.4,ELS,300.0,11,3,0.6666666666666667
134.4,ELS,300.0,15,3,0.9333333333333335
134.4,ELS,300.0,18,3,2.4
134.4,ELS,300.0,23,3,1.2
134.4,ELS,330.0,0,3,35.06666666666667
134.4,ELS,330.0,1,3,23.066666666666666
134.4,ELS,330.0,6,3,25.466666666666665
134.4,ELS,330.0,13,3,13.066666666666665
134.4,ELS,330.0,18,3,3.3333333333333335
134.4,ELS,360.0,0,3,50.93333333333333
134.4,ELS,360.0,1,3,14.000000000000002
134.4,ELS,360.0,3,3,11.733333333333333
134.4,ELS,360.0,4,3,4.3999999999999995
134.4,ELS,360.0,5,3,1.4666666666666666
134.4,ELS,360.0,6,3,4.133333333333333
134.4,ELS,360.0,18,3,7.333333333333333
134.4,ELS,360.0,21,3,0.13333333333333333
134.4,ELS,360.0,23,3,0.5333333333333333
134.4,ELS,360.0,29,3,0.6666666666666667
134.4,ELS,360.0,30,3,2.8000000000000003
134.4,ELS,360.0,34,3,1.866666666666667
134.4,ELS,390.0,0,3,24.4
134.4,ELS,390.0,1,3,38.4
134.4,ELS,390.0,3,3,4.3999999999999995
134.4,ELS,390.0,6,3,14.533333333333335
134.4,ELS,390.0,8,3,0.13333333333333333
134.4,ELS,390.0,9,3,0.6666666666666667
134.4,ELS,390.0,10,3,2.933333333333333
134.4,ELS,390.0,22,3,0.6666666666666667
134.4,ELS,390.0,27,3,8.4
134.4,ELS,390.0,28,3,1.866666666666667
134.4,ELS,390.0,31,3,0.6666666666666667
134.4,ELS,390.0,32,3,2.933333333333333
134.4,ELS,420.0,0,3,48.0
134.4,ELS,420.0,1,3,52.0
136.2,Control,0.0,1,3,22.133333333333333
136.2,Control,0.0,3,3,6.800000000000001
136.2,Control,0.0,4,3,0.8
136.2,Control,0.0,6,3,34.266666666666666
136.2,Control,0.0,18,3,30.4
136.2,Control,0.0,111,3,5.6000000000000005
136.2,Control,30.0,0,3,6.933333333333333
136.2,Control,30.0,1,3,23.466666666666665
136.2,Control,30.0,6,3,6.800000000000001
136.2,Control,30.0,7,3,1.2
136.2,Control,30.0,18,3,46.13333333333333
136.2,Control,30.0,44,3,10.933333333333334
136.2,Control,30.0,111,3,4.533333333333333
136.2,Control,60.0,0,3,6.666666666666667
136.2,Control,60.0,1,3,21.73333333333333
136.2,Control,60.0,2,3,4.533333333333333
136.2,Control,60.0,6,3,12.533333333333333
136.2,Control,60.0,7,3,1.0666666666666667
136.2,Control,60.0,13,3,17.733333333333334
136.2,Control,60.0,18,3,32.4
136.2,Control,60.0,111,3,3.3333333333333335
136.2,Control,90.0,0,3,15.466666666666667
136.2,Control,90.0,1,3,7.333333333333333
136.2,Control,90.0,3,3,0.5333333333333333
136.2,Control,90.0,6,3,21.6
136.2,Control,90.0,12,3,1.4666666666666666
136.2,Control,90.0,13,3,9.733333333333333
136.2,Control,90.0,18,3,36.53333333333333
136.2,Control,90.0,21,3,1.3333333333333335
136.2,Control,90.0,111,3,6.0
136.2,Control,120.0,0,3,3.0666666666666664
136.2,Control,120.0,1,3,4.533333333333333
136.2,Control,120.0,2,3,11.200000000000001
136.2,Control,120.0,3,3,13.733333333333334
136.2,Control,120.0,6,3,38.4
136.2,Control,120.0,7,3,1.4666666666666666
136.2,Control,120.0,13,3,10.666666666666668
136.2,Control,120.0,37,3,2.533333333333333
136.2,Control,120.0,111,3,14.399999999999999
136.2,Control,150.0,0,3,3.8666666666666667
136.2,Control,150.0,1,3,27.6
136.2,Control,150.0,2,3,5.733333333333333
136.2,Control,150.0,6,3,23.333333333333332
136.2,Control,150.0,10,3,4.133333333333333
136.2,Control,150.0,18,3,10.933333333333334
136.2,Control,150.0,25,3,0.8
136.2,Control,150.0,37,3,4.0
136.2,Control,150.0,111,3,19.6
136.2,Control,180.0,0,3,9.733333333333333
136.2,Control,180.0,1,3,18.133333333333333
136.2,Control,180.0,2,3,10.666666666666668
136.2,Control,180.0,3,3,18.133333333333333
136.2,Control,180.0,4,3,0.13333333333333333
136.2,Control,180.0,6,3,25.066666666666666
136.2,Control,180.0,10,3,0.4
136.2,Control,180.0,13,3,8.266666666666666
136.2,Control,180.0,16,3,0.8
136.2,Control,180.0,23,3,1.0666666666666667
136.2,Control,180.0,29,3,0.26666666666666666
136.2,Control,180.0,35,3,1.7333333333333332
136.2,Control,180.0,111,3,5.6000000000000005
136.2,Control,210.0,0,3,50.0
136.2,Control,210.0,1,3,6.133333333333333
136.2,Control,210.0,3,3,3.0666666666666664
136.2,Control,210.0,6,3,24.0
136.2,Control,210.0,15,3,2.4
136.2,Control,210.0,26,3,14.399999999999999
136.2,Control,240.0,0,3,24.4
136.2,Control,240.0,1,3,27.066666666666666
136.2,Control,240.0,6,3,21.066666666666666
136.2,Control,240.0,7,3,1.4666666666666666
136.2,Control,240.0,12,3,1.3333333333333335
136.2,Control,240.0,17,3,1.2
136.2,Control,240.0,18,3,19.333333333333332
136.2,Control,240.0,26,3,0.6666666666666667
136.2,Control,240.0,111,3,3.4666666666666663
136.2,Control,270.0,0,3,32.266666666666666
136.2,Control,270.0,1,3,15.333333333333332
136.2,Control,270.0,3,3,12.0
136.2,Control,270.0,6,3,26.0
136.2,Control,270.0,11,3,0.26666666666666666
136.2,Control,270.0,12,3,0.5333333333333333
136.2,Control,270.0,13,3,6.266666666666667
136.2,Control,270.0,15,3,0.13333333333333333
136.2,Control,270.0,21,3,2.2666666666666666
136.2,Control,270.0,28,3,2.4
136.2,Control,270.0,30,3,1.2
136.2,Control,270.0,111,3,1.3333333333333335
136.2,Control,300.0,0,3,38.666666666666664
136.2,Control,300.0,1,3,7.733333333333333
136.2,Control,300.0,6,3,24.666666666666668
136.2,Control,300.0,13,3,0.6666666666666667
136.2,Control,300.0,20,3,2.2666666666666666
136.2,Control,300.0,22,3,2.0
136.2,Control,300.0,26,3,24.0
136.2,Control,330.0,0,3,52.800000000000004
136.2,Control,330.0,1,3,9.866666666666667
136.2,Control,330.0,5,3,0.8
136.2,Control,330.0,6,3,13.600000000000001
136.2,Control,330.0,13,3,20.133333333333333
136.2,Control,330.0,26,3,2.8000000000000003
136.2,Control,360.0,0,3,32.93333333333333
136.2,Control,360.0,1,3,27.73333333333333
136.2,Control,360.0,3,3,27.6
136.2,Control,360.0,5,3,0.4
136.2,Control,360.0,6,3,3.3333333333333335
136.2,Control,360.0,13,3,5.6000000000000005
136.2,Control,360.0,16,3,1.0666666666666667
136.2,Control,360.0,19,3,0.13333333333333333
136.2,Control,360.0,32,3,0.9333333333333335
136.2,Control,360.0,33,3,0.26666666666666666
136.2,Control,390.0,0,3,25.2
136.2,Control,390.0,1,3,5.066666666666666
136.2,Control,390.0,3,3,8.0
136.2,Control,390.0,4,3,8.266666666666666
136.2,Control,390.0,5,3,0.8
136.2,Control,390.0,6,3,9.733333333333333
136.2,Control,390.0,10,3,0.26666666666666666
136.2,Control,390.0,13,3,7.866666666666666
136.2,Control,390.0,19,3,0.6666666666666667
136.2,Control,390.0,26,3,28.933333333333334
136.2,Control,390.0,111,3,5.2
136.2,Control,420.0,0,3,55.333333333333336
136.2,Control,420.0,3,3,9.733333333333333
136.2,Control,420.0,4,3,8.799999999999999
136.2,Control,420.0,5,3,3.8666666666666667
136.2,Control,420.0,13,3,17.866666666666667
136.2,Control,420.0,26,3,4.3999999999999995
136.3,Control,0.0,0,3,4.266666666666667
136.3,Control,0.0,1,3,36.4
136.3,Control,0.0,3,3,0.4
136.3,Control,0.0,4,3,4.133333333333333
136.3,Control,0.0,6,3,30.533333333333335
136.3,Control,0.0,7,3,1.4666666666666666
136.3,Control,0.0,13,3,4.3999999999999995
136.3,Control,0.0,18,3,10.666666666666668
136.3,Control,0.0,20,3,3.4666666666666663
136.3,Control,0.0,25,3,0.8
136.3,Control,0.0,27,3,1.2
136.3,Control,0.0,32,3,1.7333333333333332
136.3,Control,0.0,33,3,0.5333333333333333
136.3,Control,30.0,0,3,1.4666666666666666
136.3,Control,30.0,3,3,3.2
136.3,Control,30.0,6,3,33.06666666666666
136.3,Control,30.0,13,3,47.733333333333334
136.3,Control,30.0,26,3,14.533333333333335
136.3,Control,60.0,0,3,10.133333333333333
136.3,Control,60.0,1,3,21.2
136.3,Control,60.0,4,3,0.8
136.3,Control,60.0,5,3,2.533333333333333
136.3,Control,60.0,6,3,26.400000000000002
136.3,Control,60.0,12,3,0.6666666666666667
136.3,Control,60.0,13,3,19.733333333333334
136.3,Control,60.0,26,3,17.866666666666667
136.3,Control,60.0,33,3,0.6666666666666667
136.3,Control,90.0,0,3,6.666666666666667
136.3,Control,90.0,1,3,31.466666666666665
136.3,Control,90.0,5,3,1.2
136.3,Control,90.0,6,3,11.200000000000001
136.3,Control,90.0,12,3,1.2
136.3,Control,90.0,13,3,33.2
136.3,Control,90.0,20,3,3.3333333333333335
136.3,Control,90.0,26,3,11.733333333333333
136.3,Control,120.0,0,3,6.933333333333333
136.3,Control,120.0,1,3,36.8
136.3,Control,120.0,6,3,22.666666666666664
136.3,Control,120.0,7,3,4.3999999999999995
136.3,Control,120.0,12,3,2.2666666666666666
136.3,Control,120.0,18,3,13.333333333333334
136.3,Control,120.0,26,3,13.600000000000001
136.3,Control,150.0,0,3,24.8
136.3,Control,150.0,1,3,26.666666666666668
136.3,Control,150.0,3,3,1.3333333333333335
136.3,Control,150.0,4,3,2.933333333333333
136.3,Control,150.0,6,3,14.533333333333335
136.3,Control,150.0,8,3,0.9333333333333335
136.3,Control,150.0,13,3,12.133333333333333
136.3,Control,150.0,18,3,4.266666666666667
136.3,Control,150.0,20,3,10.133333333333333
136.3,Control,150.0,21,3,0.9333333333333335
136.3,Control,150.0,31,3,1.3333333333333335
136.3,Control,180.0,0,3,10.133333333333333
136.3,Control,180.0,1,3,35.199999999999996
136.3,Control,180.0,2,3,1.6
136.3,Control,180.0,3,3,4.666666666666667
136.3,Control,180.0,4,3,0.4
136.3,Control,180.0,5,3,3.3333333333333335
136.3,Control,180.0,6,3,9.333333333333334
136.3,Control,180.0,8,3,0.4
136.3,Control,180.0,9,3,1.4666666666666666
136.3,Control,180.0,13,3,17.333333333333336
136.3,Control,180.0,14,3,1.0666666666666667
136.3,Control,180.0,18,3,7.333333333333333
136.3,Control,180.0,21,3,1.6
136.3,Control,180.0,111,3,6.133333333333333
136.3,Control,210.0,0,3,38.53333333333334
136.3,Control,210.0,1,3,16.400000000000002
136.3,Control,210.0,3,3,4.8
136.3,Control,210.0,6,3,22.0
136.3,Control,210.0,11,3,0.4
136.3,Control,210.0,12,3,0.8
136.3,Control,210.0,13,3,0.26666666666666666
136.3,Control,210.0,15,3,0.13333333333333333
136.3,Control,210.0,18,3,3.5999999999999996
136.3,Control,210.0,26,3,9.6
136.3,Control,210.0,28,3,3.4666666666666663
136.3,Control,240.0,0,3,9.2
136.3,Control,240.0,6,3,27.46666666666667
136.3,Control,240.0,13,3,54.266666666666666
136.3,Control,240.0,26,3,4.533333333333333
136.3,Control,240.0,111,3,4.533333333333333
136.3,Control,270.0,0,3,19.2
136.3,Control,270.0,1,3,54.0
136.3,Control,270.0,2,3,2.0
136.3,Control,270.0,3,3,0.5333333333333333
136.3,Control,270.0,6,3,11.333333333333332
136.3,Control,270.0,13,3,7.6
136.3,Control,270.0,15,3,0.13333333333333333
136.3,Control,270.0,21,3,2.666666666666667
136.3,Control,270.0,111,3,2.533333333333333
136.3,Control,300.0,0,3,11.866666666666667
136.3,Control,300.0,1,3,57.333333333333336
136.3,Control,300.0,2,3,1.2
136.3,Control,300.0,3,3,2.533333333333333
136.3,Control,300.0,5,3,2.1333333333333333
136.3,Control,300.0,6,3,10.8
136.3,Control,300.0,26,3,12.933333333333334
136.3,Control,300.0,45,3,1.2
136.3,Control,330.0,0,3,48.4
136.3,Control,330.0,1,3,8.533333333333333
136.3,Control,330.0,3,3,8.533333333333333
136.3,Control,330.0,6,3,2.933333333333333
136.3,Control,330.0,13,3,26.266666666666666
136.3,Control,330.0,26,3,5.333333333333334
136.3,Control,360.0,0,3,32.4
136.3,Control,360.0,1,3,29.733333333333334
136.3,Control,360.0,3,3,8.266666666666666
136.3,Control,360.0,5,3,1.4666666666666666
136.3,Control,360.0,6,3,21.6
136.3,Control,360.0,20,3,1.6
136.3,Control,360.0,21,3,1.0666666666666667
136.3,Control,360.0,27,3,3.8666666666666667
136.3,Control,390.0,0,3,27.866666666666667
136.3,Control,390.0,1,3,31.733333333333334
136.3,Control,390.0,4,3,2.2666666666666666
136.3,Control,390.0,6,3,14.399999999999999
136.3,Control,390.0,13,3,18.666666666666668
136.3,Control,390.0,18,3,3.8666666666666667
136.3,Control,390.0,21,3,1.2
136.3,Control,420.0,0,3,54.800000000000004
136.3,Control,420.0,1,3,20.666666666666668
136.3,Control,420.0,3,3,2.8000000000000003
136.3,Control,420.0,6,3,2.1333333333333333
136.3,Control,420.0,13,3,19.6
136.5,Control,0.0,1,3,4.266666666666667
136.5,Control,0.0,4,3,1.6
136.5,Control,0.0,6,3,42.4
136.5,Control,0.0,13,3,41.333333333333336
136.5,Control,0.0,26,3,10.4
136.5,Control,30.0,0,3,9.6
136.5,Control,30.0,6,3,13.600000000000001
136.5,Control,30.0,13,3,61.73333333333333
136.5,Control,30.0,20,3,8.0
136.5,Control,30.0,26,3,7.066666666666667
136.5,Control,60.0,0,3,6.133333333333333
136.5,Control,60.0,5,3,0.8
136.5,Control,60.0,13,3,93.06666666666666
136.5,Control,90.0,1,3,11.200000000000001
136.5,Control,90.0,3,3,6.266666666666667
136.5,Control,90.0,6,3,18.4
136.5,Control,90.0,7,3,1.4666666666666666
136.5,Control,90.0,12,3,0.6666666666666667
136.5,Control,90.0,13,3,51.866666666666674
136.5,Control,90.0,15,3,0.4
136.5,Control,90.0,18,3,1.6
136.5,Control,90.0,20,3,8.133333333333333
136.5,Control,120.0,1,3,12.666666666666668
136.5,Control,120.0,2,3,4.666666666666667
136.5,Control,120.0,4,3,0.6666666666666667
136.5,Control,120.0,6,3,13.866666666666665
136.5,Control,120.0,8,3,1.3333333333333335
136.5,Control,120.0,13,3,28.799999999999997
136.5,Control,120.0,18,3,33.46666666666667
136.5,Control,120.0,111,3,4.533333333333333
136.5,Control,150.0,4,3,0.8
136.5,Control,150.0,5,3,3.5999999999999996
136.5,Control,150.0,6,3,4.3999999999999995
136.5,Control,150.0,9,3,0.13333333333333333
136.5,Control,150.0,13,3,28.799999999999997
136.5,Control,150.0,18,3,6.0
136.5,Control,150.0,20,3,44.4
136.5,Control,150.0,28,3,11.733333333333333
136.5,Control,150.0,33,3,0.13333333333333333
136.5,Control,180.0,0,3,38.53333333333334
136.5,Control,180.0,1,3,14.933333333333335
136.5,Control,180.0,2,3,4.0
136.5,Control,180.0,3,3,18.8
136.5,Control,180.0,4,3,0.26666666666666666
136.5,Control,180.0,7,3,0.13333333333333333
136.5,Control,180.0,13,3,10.266666666666667
136.5,Control,180.0,16,3,0.5333333333333333
136.5,Control,180.0,20,3,8.666666666666668
136.5,Control,180.0,26,3,1.866666666666667
136.5,Control,180.0,29,3,1.3333333333333335
136.5,Control,180.0,35,3,0.6666666666666667
136.5,Control,210.0,0,3,41.46666666666667
136.5,Control,210.0,1,3,54.13333333333333
136.5,Control,210.0,5,3,1.4666666666666666
136.5,Control,210.0,7,3,0.5333333333333333
136.5,Control,210.0,26,3,2.4
136.5,Control,240.0,0,3,63.2
136.5,Control,240.0,1,3,15.2
136.5,Control,240.0,6,3,4.933333333333334
136.5,Control,240.0,13,3,16.666666666666664
136.5,Control,270.0,0,3,26.8
136.5,Control,270.0,1,3,28.133333333333333
136.5,Control,270.0,3,3,3.0666666666666664
136.5,Control,270.0,6,3,36.53333333333333
136.5,Control,270.0,12,3,0.13333333333333333
136.5,Control,270.0,21,3,2.666666666666667
136.5,Control,270.0,26,3,2.666666666666667
136.5,Control,300.0,0,3,55.86666666666667
136.5,Control,300.0,1,3,4.933333333333334
136.5,Control,300.0,6,3,5.866666666666666
136.5,Control,300.0,12,3,1.6
136.5,Control,300.0,13,3,10.933333333333334
136.5,Control,300.0,18,3,14.266666666666666
136.5,Control,300.0,26,3,6.533333333333332
136.5,Control,330.0,0,3,68.4
136.5,Control,330.0,1,3,6.933333333333333
136.5,Control,330.0,5,3,1.4666666666666666
136.5,Control,330.0,13,3,20.8
136.5,Control,330.0,26,3,2.4
136.5,Control,360.0,0,3,54.13333333333333
136.5,Control,360.0,2,3,2.533333333333333
136.5,Control,360.0,13,3,27.6
136.5,Control,360.0,21,3,3.2
136.5,Control,360.0,26,3,12.266666666666666
136.5,Control,360.0,29,3,0.26666666666666666
136.5,Control,390.0,0,3,33.6
136.5,Control,390.0,1,3,22.666666666666664
136.5,Control,390.0,2,3,0.5333333333333333
136.5,Control,390.0,3,3,3.4666666666666663
136.5,Control,390.0,4,3,2.8000000000000003
136.5,Control,390.0,8,3,0.9333333333333335
136.5,Control,390.0,13,3,10.133333333333333
136.5,Control,390.0,18,3,4.0
136.5,Control,390.0,20,3,2.4
136.5,Control,390.0,25,3,0.4
136.5,Control,390.0,28,3,10.933333333333334
136.5,Control,390.0,111,3,8.133333333333333
136.5,Control,420.0,0,3,92.0
136.5,Control,420.0,1,3,2.2666666666666666
136.5,Control,420.0,13,3,5.733333333333333
137.3,Control,0.0,1,3,10.933333333333334
137.3,Control,0.0,2,3,15.066666666666666
137.3,Control,0.0,3,3,10.8
137.3,Control,0.0,5,3,8.933333333333334
137.3,Control,0.0,7,3,3.2
137.3,Control,0.0,10,3,3.2
137.3,Control,0.0,18,3,26.93333333333333
137.3,Control,0.0,21,3,2.666666666666667
137.3,Control,0.0,27,3,8.933333333333334
137.3,Control,0.0,111,3,9.333333333333334
137.3,Control,30.0,0,3,3.0666666666666664
137.3,Control,30.0,1,3,19.2
137.3,Control,30.0,2,3,8.133333333333333
137.3,Control,30.0,3,3,2.8000000000000003
137.3,Control,30.0,5,3,2.933333333333333
137.3,Control,30.0,6,3,9.066666666666666
137.3,Control,30.0,7,3,8.133333333333333
137.3,Control,30.0,10,3,1.2
137.3,Control,30.0,11,3,1.0666666666666667
137.3,Control,30.0,12,3,1.7333333333333332
137.3,Control,30.0,18,3,29.599999999999998
137.3,Control,30.0,21,3,1.0666666666666667
137.3,Control,30.0,27,3,8.266666666666666
137.3,Control,30.0,111,3,3.733333333333334
137.3,Control,60.0,1,3,11.866666666666667
137.3,Control,60.0,2,3,9.466666666666667
137.3,Control,60.0,3,3,7.866666666666666
137.3,Control,60.0,5,3,3.0666666666666664
137.3,Control,60.0,6,3,18.933333333333334
137.3,Control,60.0,7,3,7.866666666666666
137.3,Control,60.0,10,3,2.533333333333333
137.3,Control,60.0,12,3,4.3999999999999995
137.3,Control,60.0,18,3,7.333333333333333
137.3,Control,60.0,21,3,3.733333333333334
137.3,Control,60.0,27,3,12.933333333333334
137.3,Control,60.0,111,3,10.0
137.3,Control,90.0,1,3,2.666666666666667
137.3,Control,90.0,2,3,29.733333333333334
137.3,Control,90.0,3,3,13.733333333333334
137.3,Control,90.0,5,3,2.2666666666666666
137.3,Control,90.0,6,3,12.933333333333334
137.3,Control,90.0,7,3,6.533333333333332
137.3,Control,90.0,12,3,4.133333333333333
137.3,Control,90.0,15,3,0.9333333333333335
137.3,Control,90.0,16,3,0.9333333333333335
137.3,Control,90.0,18,3,2.2666666666666666
137.3,Control,90.0,21,3,5.333333333333334
137.3,Control,90.0,27,3,3.733333333333334
137.3,Control,90.0,111,3,14.799999999999999
137.3,Control,120.0,0,3,3.5999999999999996
137.3,Control,120.0,1,3,11.466666666666667
137.3,Control,120.0,2,3,25.733333333333334
137.3,Control,120.0,3,3,8.133333333333333
137.3,Control,120.0,6,3,15.6
137.3,Control,120.0,7,3,3.5999999999999996
137.3,Control,120.0,12,3,5.733333333333333
137.3,Control,120.0,16,3,1.0666666666666667
137.3,Control,120.0,18,3,3.3333333333333335
137.3,Control,120.0,27,3,5.466666666666667
137.3,Control,120.0,111,3,16.266666666666666
137.3,Control,150.0,1,3,13.600000000000001
137.3,Control,150.0,2,3,8.133333333333333
137.3,Control,150.0,3,3,10.533333333333333
137.3,Control,150.0,6,3,6.800000000000001
137.3,Control,150.0,7,3,3.2
137.3,Control,150.0,9,3,0.5333333333333333
137.3,Control,150.0,11,3,3.0666666666666664
137.3,Control,150.0,12,3,2.8000000000000003
137.3,Control,150.0,13,3,1.0666666666666667
137.3,Control,150.0,14,3,3.4666666666666663
137.3,Control,150.0,18,3,24.4
137.3,Control,150.0,27,3,4.3999999999999995
137.3,Control,150.0,111,3,18.0
137.3,Control,180.0,1,3,3.0666666666666664
137.3,Control,180.0,2,3,2.0
137.3,Control,180.0,4,3,6.4
137.3,Control,180.0,5,3,3.3333333333333335
137.3,Control,180.0,6,3,4.0
137.3,Control,180.0,7,3,8.533333333333333
137.3,Control,180.0,11,3,1.866666666666667
137.3,Control,180.0,12,3,4.666666666666667
137.3,Control,180.0,13,3,5.6000000000000005
137.3,Control,180.0,18,3,29.733333333333334
137.3,Control,180.0,19,3,1.2
137.3,Control,180.0,20,3,6.4
137.3,Control,180.0,21,3,2.933333333333333
137.3,Control,180.0,22,3,0.13333333333333333
137.3,Control,180.0,23,3,0.6666666666666667
137.3,Control,180.0,30,3,1.866666666666667
137.3,Control,180.0,111,3,17.599999999999998
137.3,Control,210.0,1,3,24.666666666666668
137.3,Control,210.0,2,3,4.533333333333333
137.3,Control,210.0,3,3,24.933333333333334
137.3,Control,210.0,4,3,0.8
137.3,Control,210.0,5,3,2.1333333333333333
137.3,Control,210.0,6,3,6.666666666666667
137.3,Control,210.0,7,3,0.8
137.3,Control,210.0,8,3,0.4
137.3,Control,210.0,9,3,0.13333333333333333
137.3,Control,210.0,15,3,0.9333333333333335
137.3,Control,210.0,18,3,14.933333333333335
137.3,Control,210.0,19,3,0.5333333333333333
137.3,Control,210.0,20,3,11.466666666666667
137.3,Control,210.0,26,3,7.066666666666667
137.3,Control,240.0,0,3,18.53333333333333
137.3,Control,240.0,1,3,47.199999999999996
137.3,Control,240.0,3,3,18.53333333333333
137.3,Control,240.0,20,3,3.5999999999999996
137.3,Control,240.0,26,3,12.133333333333333
137.3,Control,270.0,0,3,4.3999999999999995
137.3,Control,270.0,1,3,34.266666666666666
137.3,Control,270.0,5,3,0.5333333333333333
137.3,Control,270.0,6,3,23.066666666666666
137.3,Control,270.0,7,3,2.666666666666667
137.3,Control,270.0,9,3,1.0666666666666667
137.3,Control,270.0,11,3,1.6
137.3,Control,270.0,15,3,0.9333333333333335
137.3,Control,270.0,18,3,22.26666666666667
137.3,Control,270.0,20,3,3.2
137.3,Control,270.0,23,3,0.4
137.3,Control,270.0,25,3,0.8
137.3,Control,270.0,29,3,0.8
137.3,Control,270.0,111,3,4.0
137.3,Control,300.0,0,3,11.333333333333332
137.3,Control,300.0,1,3,10.133333333333333
137.3,Control,300.0,3,3,4.8
137.3,Control,300.0,6,3,31.466666666666665
137.3,Control,300.0,18,3,23.466666666666665
137.3,Control,300.0,26,3,15.733333333333333
137.3,Control,300.0,27,3,3.0666666666666664
137.3,Control,330.0,0,3,7.333333333333333
137.3,Control,330.0,1,3,46.800000000000004
137.3,Control,330.0,2,3,15.6
137.3,Control,330.0,3,3,5.466666666666667
137.3,Control,330.0,5,3,9.733333333333333
137.3,Control,330.0,7,3,2.2666666666666666
137.3,Control,330.0,10,3,0.4
137.3,Control,330.0,13,3,1.866666666666667
137.3,Control,330.0,15,3,0.5333333333333333
137.3,Control,330.0,18,3,4.533333333333333
137.3,Control,330.0,20,3,5.466666666666667
137.3,Control,360.0,0,3,18.8
137.3,Control,360.0,1,3,16.933333333333334
137.3,Control,360.0,2,3,1.6
137.3,Control,360.0,3,3,22.8
137.3,Control,360.0,4,3,0.4
137.3,Control,360.0,5,3,1.2
137.3,Control,360.0,6,3,4.0
137.3,Control,360.0,8,3,0.8
137.3,Control,360.0,12,3,4.0
137.3,Control,360.0,13,3,21.73333333333333
137.3,Control,360.0,19,3,1.4666666666666666
137.3,Control,360.0,21,3,1.6
137.3,Control,360.0,25,3,0.9333333333333335
137.3,Control,360.0,27,3,3.733333333333334
137.3,Control,390.0,0,3,28.26666666666667
137.3,Control,390.0,1,3,10.133333333333333
137.3,Control,390.0,4,3,3.733333333333334
137.3,Control,390.0,6,3,10.266666666666667
137.3,Control,390.0,7,3,1.3333333333333335
137.3,Control,390.0,18,3,30.4
137.3,Control,390.0,19,3,0.13333333333333333
137.3,Control,390.0,20,3,2.8000000000000003
137.3,Control,390.0,26,3,12.933333333333334
137.3,Control,420.0,0,3,30.666666666666664
137.3,Control,420.0,1,3,12.133333333333333
137.3,Control,420.0,3,3,25.333333333333336
137.3,Control,420.0,6,3,1.2
137.3,Control,420.0,13,3,30.666666666666664
144.3,ELS,0.0,1,3,3.8666666666666667
144.3,ELS,0.0,4,3,2.666666666666667
144.3,ELS,0.0,6,3,82.0
144.3,ELS,0.0,7,3,3.5999999999999996
144.3,ELS,0.0,11,3,0.26666666666666666
144.3,ELS,0.0,18,3,7.6
144.3,ELS,30.0,0,3,2.666666666666667
144.3,ELS,30.0,6,3,36.53333333333333
144.3,ELS,30.0,7,3,1.3333333333333335
144.3,ELS,30.0,11,3,0.4
144.3,ELS,30.0,13,3,9.066666666666666
144.3,ELS,30.0,16,3,0.5333333333333333
144.3,ELS,30.0,18,3,40.666666666666664
144.3,ELS,30.0,19,3,0.8
144.3,ELS,30.0,27,3,7.733333333333333
144.3,ELS,30.0,29,3,0.26666666666666666
144.3,ELS,60.0,0,3,1.4666666666666666
144.3,ELS,60.0,6,3,77.06666666666668
144.3,ELS,60.0,7,3,1.2
144.3,ELS,60.0,11,3,1.0666666666666667
144.3,ELS,60.0,18,3,12.4
144.3,ELS,60.0,20,3,2.1333333333333333
144.3,ELS,60.0,111,3,4.666666666666667
144.3,ELS,90.0,0,3,4.133333333333333
144.3,ELS,90.0,1,3,11.333333333333332
144.3,ELS,90.0,2,3,15.2
144.3,ELS,90.0,6,3,41.86666666666667
144.3,ELS,90.0,7,3,2.4
144.3,ELS,90.0,10,3,4.266666666666667
144.3,ELS,90.0,12,3,1.2
144.3,ELS,90.0,13,3,6.0
144.3,ELS,90.0,18,3,3.8666666666666667
144.3,ELS,90.0,27,3,6.533333333333332
144.3,ELS,90.0,111,3,3.2
144.3,ELS,120.0,0,3,5.333333333333334
144.3,ELS,120.0,1,3,16.666666666666664
144.3,ELS,120.0,2,3,13.866666666666665
144.3,ELS,120.0,3,3,21.066666666666666
144.3,ELS,120.0,4,3,5.866666666666666
144.3,ELS,120.0,5,3,2.8000000000000003
144.3,ELS,120.0,6,3,12.0
144.3,ELS,120.0,7,3,6.266666666666667
144.3,ELS,120.0,10,3,0.8
144.3,ELS,120.0,11,3,0.8
144.3,ELS,120.0,12,3,0.8
144.3,ELS,120.0,13,3,8.799999999999999
144.3,ELS,120.0,15,3,1.2
144.3,ELS,120.0,19,3,1.4666666666666666
144.3,ELS,120.0,21,3,2.2666666666666666
144.3,ELS,150.0,0,3,2.0
144.3,ELS,150.0,1,3,16.266666666666666
144.3,ELS,150.0,3,3,0.26666666666666666
144.3,ELS,150.0,5,3,21.6
144.3,ELS,150.0,6,3,42.4
144.3,ELS,150.0,7,3,6.133333333333333
144.3,ELS,150.0,12,3,1.3333333333333335
144.3,ELS,150.0,18,3,3.733333333333334
144.3,ELS,150.0,21,3,1.866666666666667
144.3,ELS,150.0,111,3,4.3999999999999995
144.3,ELS,180.0,0,3,0.9333333333333335
144.3,ELS,180.0,1,3,14.266666666666666
144.3,ELS,180.0,2,3,0.6666666666666667
144.3,ELS,180.0,5,3,11.066666666666666
144.3,ELS,180.0,6,3,39.2
144.3,ELS,180.0,10,3,1.4666666666666666
144.3,ELS,180.0,12,3,2.8000000000000003
144.3,ELS,180.0,15,3,0.9333333333333335
144.3,ELS,180.0,18,3,13.333333333333334
144.3,ELS,180.0,23,3,0.13333333333333333
144.3,ELS,180.0,26,3,4.0
144.3,ELS,180.0,28,3,2.533333333333333
144.3,ELS,180.0,111,3,8.666666666666668
144.3,ELS,210.0,0,3,35.06666666666667
144.3,ELS,210.0,1,3,26.266666666666666
144.3,ELS,210.0,2,3,4.533333333333333
144.3,ELS,210.0,3,3,7.066666666666667
144.3,ELS,210.0,5,3,2.2666666666666666
144.3,ELS,210.0,6,3,3.0666666666666664
144.3,ELS,210.0,9,3,1.2
144.3,ELS,210.0,13,3,5.333333333333334
144.3,ELS,210.0,18,3,13.866666666666665
144.3,ELS,210.0,23,3,1.3333333333333335
144.3,ELS,240.0,0,3,22.26666666666667
144.3,ELS,240.0,1,3,43.46666666666666
144.3,ELS,240.0,3,3,14.799999999999999
144.3,ELS,240.0,4,3,4.0
144.3,ELS,240.0,17,3,1.7333333333333332
144.3,ELS,240.0,28,3,13.733333333333334
144.3,ELS,270.0,0,3,3.3333333333333335
144.3,ELS,270.0,1,3,32.0
144.3,ELS,270.0,3,3,7.066666666666667
144.3,ELS,270.0,5,3,0.5333333333333333
144.3,ELS,270.0,6,3,6.4
144.3,ELS,270.0,7,3,2.533333333333333
144.3,ELS,270.0,11,3,1.866666666666667
144.3,ELS,270.0,15,3,0.6666666666666667
144.3,ELS,270.0,18,3,16.0
144.3,ELS,270.0,20,3,4.666666666666667
144.3,ELS,270.0,23,3,3.733333333333334
144.3,ELS,270.0,26,3,4.933333333333334
144.3,ELS,270.0,28,3,10.933333333333334
144.3,ELS,270.0,36,3,0.5333333333333333
144.3,ELS,270.0,111,3,4.8
144.3,ELS,300.0,0,3,7.866666666666666
144.3,ELS,300.0,1,3,36.4
144.3,ELS,300.0,3,3,3.0666666666666664
144.3,ELS,300.0,5,3,2.8000000000000003
144.3,ELS,300.0,6,3,16.933333333333334
144.3,ELS,300.0,13,3,6.933333333333333
144.3,ELS,300.0,15,3,1.0666666666666667
144.3,ELS,300.0,20,3,21.866666666666667
144.3,ELS,300.0,27,3,3.0666666666666664
144.3,ELS,330.0,0,3,8.4
144.3,ELS,330.0,1,3,32.800000000000004
144.3,ELS,330.0,3,3,20.8
144.3,ELS,330.0,5,3,6.133333333333333
144.3,ELS,330.0,6,3,4.8
144.3,ELS,330.0,9,3,0.26666666666666666
144.3,ELS,330.0,10,3,0.4
144.3,ELS,330.0,13,3,16.133333333333333
144.3,ELS,330.0,111,3,10.266666666666667
144.3,ELS,360.0,0,3,25.466666666666665
144.3,ELS,360.0,1,3,33.2
144.3,ELS,360.0,2,3,2.2666666666666666
144.3,ELS,360.0,5,3,3.5999999999999996
144.3,ELS,360.0,6,3,24.133333333333333
144.3,ELS,360.0,7,3,1.6
144.3,ELS,360.0,9,3,0.4
144.3,ELS,360.0,18,3,5.6000000000000005
144.3,ELS,360.0,19,3,2.1333333333333333
144.3,ELS,360.0,21,3,0.4
144.3,ELS,360.0,42,3,1.2
144.3,ELS,390.0,0,3,17.066666666666666
144.3,ELS,390.0,1,3,47.733333333333334
144.3,ELS,390.0,6,3,18.133333333333333
144.3,ELS,390.0,7,3,1.2
144.3,ELS,390.0,11,3,0.6666666666666667
144.3,ELS,390.0,13,3,2.8000000000000003
144.3,ELS,390.0,21,3,1.2
144.3,ELS,390.0,26,3,11.200000000000001
144.3,ELS,420.0,0,3,32.4
144.3,ELS,420.0,1,3,18.133333333333333
144.3,ELS,420.0,3,3,17.866666666666667
144.3,ELS,420.0,5,3,2.1333333333333333
144.3,ELS,420.0,13,3,10.0
144.3,ELS,420.0,20,3,3.0666666666666664
144.3,ELS,420.0,26,3,16.400000000000002
144.5,ELS,0.0,1,3,15.466666666666667
144.5,ELS,0.0,4,3,3.2
144.5,ELS,0.0,5,3,13.333333333333334
144.5,ELS,0.0,6,3,27.200000000000003
144.5,ELS,0.0,11,3,1.2
144.5,ELS,0.0,12,3,1.2
144.5,ELS,0.0,15,3,1.3333333333333335
144.5,ELS,0.0,18,3,29.599999999999998
144.5,ELS,0.0,20,3,1.6
144.5,ELS,0.0,21,3,1.0666666666666667
144.5,ELS,0.0,22,3,4.8
144.5,ELS,30.0,0,3,1.7333333333333332
144.5,ELS,30.0,3,3,7.333333333333333
144.5,ELS,30.0,6,3,7.066666666666667
144.5,ELS,30.0,7,3,2.4
144.5,ELS,30.0,8,3,0.8
144.5,ELS,30.0,11,3,2.1333333333333333
144.5,ELS,30.0,18,3,78.53333333333333
144.5,ELS,60.0,0,3,14.266666666666666
144.5,ELS,60.0,1,3,40.666666666666664
144.5,ELS,60.0,6,3,11.333333333333332
144.5,ELS,60.0,7,3,4.533333333333333
144.5,ELS,60.0,12,3,0.4
144.5,ELS,60.0,13,3,12.4
144.5,ELS,60.0,18,3,10.266666666666667
144.5,ELS,60.0,20,3,6.133333333333333
144.5,ELS,90.0,1,3,11.866666666666667
144.5,ELS,90.0,4,3,1.6
144.5,ELS,90.0,6,3,31.066666666666663
144.5,ELS,90.0,8,3,1.0666666666666667
144.5,ELS,90.0,17,3,0.9333333333333335
144.5,ELS,90.0,18,3,43.86666666666667
144.5,ELS,90.0,21,3,0.5333333333333333
144.5,ELS,90.0,24,3,0.26666666666666666
144.5,ELS,90.0,111,3,8.799999999999999
144.5,ELS,120.0,0,3,6.4
144.5,ELS,120.0,1,3,19.333333333333332
144.5,ELS,120.0,2,3,20.933333333333334
144.5,ELS,120.0,3,3,10.933333333333334
144.5,ELS,120.0,5,3,2.933333333333333
144.5,ELS,120.0,9,3,0.6666666666666667
144.5,ELS,120.0,10,3,0.8
144.5,ELS,120.0,17,3,0.6666666666666667
144.5,ELS,120.0,18,3,31.333333333333336
144.5,ELS,120.0,43,3,0.8
144.5,ELS,120.0,111,3,5.2
144.5,ELS,150.0,0,3,10.666666666666668
144.5,ELS,150.0,2,3,3.4666666666666663
144.5,ELS,150.0,3,3,29.333333333333332
144.5,ELS,150.0,5,3,5.333333333333334
144.5,ELS,150.0,6,3,27.066666666666666
144.5,ELS,150.0,17,3,2.0
144.5,ELS,150.0,18,3,14.000000000000002
144.5,ELS,150.0,25,3,3.2
144.5,ELS,150.0,111,3,4.933333333333334
144.5,ELS,180.0,0,3,17.733333333333334
144.5,ELS,180.0,1,3,3.733333333333334
144.5,ELS,180.0,5,3,6.0
144.5,ELS,180.0,6,3,20.133333333333333
144.5,ELS,180.0,11,3,1.6
144.5,ELS,180.0,18,3,37.06666666666666
144.5,ELS,180.0,26,3,9.066666666666666
144.5,ELS,180.0,111,3,4.666666666666667
144.5,ELS,210.0,0,3,37.6
144.5,ELS,210.0,1,3,8.799999999999999
144.5,ELS,210.0,6,3,19.2
144.5,ELS,210.0,9,3,0.13333333333333333
144.5,ELS,210.0,13,3,29.599999999999998
144.5,ELS,210.0,26,3,2.933333333333333
144.5,ELS,210.0,32,3,1.7333333333333332
144.5,ELS,240.0,0,3,5.333333333333334
144.5,ELS,240.0,6,3,62.26666666666667
144.5,ELS,240.0,13,3,16.266666666666666
144.5,ELS,240.0,18,3,16.133333333333333
144.5,ELS,270.0,0,3,13.600000000000001
144.5,ELS,270.0,1,3,58.8
144.5,ELS,270.0,2,3,22.933333333333334
144.5,ELS,270.0,6,3,0.26666666666666666
144.5,ELS,270.0,17,3,3.2
144.5,ELS,270.0,32,3,1.2
144.5,ELS,300.0,0,3,53.86666666666666
144.5,ELS,300.0,1,3,20.0
144.5,ELS,300.0,2,3,2.2666666666666666
144.5,ELS,300.0,3,3,6.4
144.5,ELS,300.0,13,3,10.266666666666667
144.5,ELS,300.0,26,3,7.199999999999999
144.5,ELS,330.0,0,3,29.06666666666667
144.5,ELS,330.0,1,3,59.86666666666667
144.5,ELS,330.0,3,3,7.733333333333333
144.5,ELS,330.0,5,3,2.1333333333333333
144.5,ELS,330.0,7,3,1.2
144.5,ELS,360.0,0,3,30.0
144.5,ELS,360.0,1,3,50.66666666666667
144.5,ELS,360.0,2,3,2.533333333333333
144.5,ELS,360.0,3,3,6.0
144.5,ELS,360.0,7,3,1.6
144.5,ELS,360.0,9,3,0.13333333333333333
144.5,ELS,360.0,11,3,1.0666666666666667
144.5,ELS,360.0,12,3,2.0
144.5,ELS,360.0,13,3,6.0
144.5,ELS,390.0,0,3,11.866666666666667
144.5,ELS,390.0,1,3,41.199999999999996
144.5,ELS,390.0,3,3,5.466666666666667
144.5,ELS,390.0,4,3,1.866666666666667
144.5,ELS,390.0,6,3,5.866666666666666
144.5,ELS,390.0,11,3,0.4
144.5,ELS,390.0,13,3,33.33333333333333
144.5,ELS,420.0,0,3,41.06666666666667
144.5,ELS,420.0,1,3,4.266666666666667
144.5,ELS,420.0,3,3,18.266666666666666
144.5,ELS,420.0,5,3,2.0
144.5,ELS,420.0,6,3,1.3333333333333335
144.5,ELS,420.0,13,3,33.06666666666666
145.5,Control,0.0,0,3,0.4
145.5,Control,0.0,1,3,2.4
145.5,Control,0.0,2,3,4.666666666666667
145.5,Control,0.0,3,3,3.5999999999999996
145.5,Control,0.0,4,3,2.1333333333333333
145.5,Control,0.0,5,3,27.333333333333332
145.5,Control,0.0,6,3,1.866666666666667
145.5,Control,0.0,7,3,10.266666666666667
145.5,Control,0.0,12,3,2.4
145.5,Control,0.0,13,3,2.0
145.5,Control,0.0,16,3,0.5333333333333333
145.5,Control,0.0,22,3,2.2666666666666666
145.5,Control,0.0,27,3,34.266666666666666
145.5,Control,0.0,111,3,5.866666666666666
145.5,Control,30.0,0,3,0.9333333333333335
145.5,Control,30.0,1,3,7.6
145.5,Control,30.0,2,3,22.666666666666664
145.5,Control,30.0,5,3,22.400000000000002
145.5,Control,30.0,6,3,2.533333333333333
145.5,Control,30.0,7,3,15.333333333333332
145.5,Control,30.0,8,3,0.6666666666666667
145.5,Control,30.0,11,3,0.6666666666666667
145.5,Control,30.0,12,3,6.666666666666667
145.5,Control,30.0,16,3,1.2
145.5,Control,30.0,27,3,4.8
145.5,Control,30.0,111,3,14.533333333333335
145.5,Control,60.0,1,3,12.8
145.5,Control,60.0,2,3,12.4
145.5,Control,60.0,5,3,28.133333333333333
145.5,Control,60.0,6,3,8.533333333333333
145.5,Control,60.0,7,3,9.733333333333333
145.5,Control,60.0,8,3,0.26666666666666666
145.5,Control,60.0,9,3,0.5333333333333333
145.5,Control,60.0,11,3,0.8
145.5,Control,60.0,15,3,2.666666666666667
145.5,Control,60.0,19,3,0.5333333333333333
145.5,Control,60.0,22,3,0.6666666666666667
145.5,Control,60.0,23,3,0.5333333333333333
145.5,Control,60.0,27,3,6.533333333333332
145.5,Control,60.0,29,3,0.5333333333333333
145.5,Control,60.0,31,3,0.26666666666666666
145.5,Control,60.0,42,3,0.9333333333333335
145.5,Control,60.0,111,3,14.133333333333335
145.5,Control,90.0,0,3,4.3999999999999995
145.5,Control,90.0,1,3,22.53333333333333
145.5,Control,90.0,2,3,19.066666666666666
145.5,Control,90.0,5,3,16.8
145.5,Control,90.0,7,3,10.133333333333333
145.5,Control,90.0,9,3,0.26666666666666666
145.5,Control,90.0,13,3,4.3999999999999995
145.5,Control,90.0,16,3,0.4
145.5,Control,90.0,18,3,4.933333333333334
145.5,Control,90.0,20,3,6.800000000000001
145.5,Control,90.0,22,3,0.8
145.5,Control,90.0,27,3,6.266666666666667
145.5,Control,90.0,111,3,3.2
145.5,Control,120.0,0,3,8.533333333333333
145.5,Control,120.0,1,3,10.8
145.5,Control,120.0,2,3,13.200000000000001
145.5,Control,120.0,3,3,5.6000000000000005
145.5,Control,120.0,5,3,17.466666666666665
145.5,Control,120.0,7,3,15.466666666666667
145.5,Control,120.0,11,3,0.26666666666666666
145.5,Control,120.0,12,3,2.1333333333333333
145.5,Control,120.0,18,3,14.266666666666666
145.5,Control,120.0,23,3,1.2
145.5,Control,120.0,111,3,11.066666666666666
145.5,Control,150.0,0,3,12.4
145.5,Control,150.0,1,3,13.200000000000001
145.5,Control,150.0,2,3,10.533333333333333
145.5,Control,150.0,4,3,0.5333333333333333
145.5,Control,150.0,5,3,15.066666666666666
145.5,Control,150.0,6,3,38.266666666666666
145.5,Control,150.0,7,3,2.8000000000000003
145.5,Control,150.0,8,3,1.4666666666666666
145.5,Control,150.0,11,3,1.7333333333333332
145.5,Control,150.0,16,3,0.6666666666666667
145.5,Control,150.0,17,3,0.26666666666666666
145.5,Control,150.0,22,3,2.1333333333333333
145.5,Control,150.0,31,3,0.9333333333333335
145.5,Control,180.0,0,3,34.66666666666667
145.5,Control,180.0,1,3,5.866666666666666
145.5,Control,180.0,2,3,3.4666666666666663
145.5,Control,180.0,3,3,26.53333333333333
145.5,Control,180.0,5,3,4.666666666666667
145.5,Control,180.0,6,3,3.5999999999999996
145.5,Control,180.0,10,3,1.0666666666666667
145.5,Control,180.0,12,3,2.533333333333333
145.5,Control,180.0,19,3,1.4666666666666666
145.5,Control,180.0,21,3,2.2666666666666666
145.5,Control,180.0,25,3,2.1333333333333333
145.5,Control,180.0,29,3,0.13333333333333333
145.5,Control,180.0,30,3,0.4
145.5,Control,180.0,111,3,11.200000000000001
145.5,Control,210.0,0,3,19.066666666666666
145.5,Control,210.0,1,3,50.66666666666667
145.5,Control,210.0,5,3,24.666666666666668
145.5,Control,210.0,7,3,1.7333333333333332
145.5,Control,210.0,10,3,2.2666666666666666
145.5,Control,210.0,19,3,1.4666666666666666
145.5,Control,210.0,30,3,0.13333333333333333
145.5,Control,240.0,0,3,52.0
145.5,Control,240.0,1,3,20.0
145.5,Control,240.0,3,3,9.6
145.5,Control,240.0,6,3,7.333333333333333
145.5,Control,240.0,7,3,5.066666666666666
145.5,Control,240.0,16,3,0.9333333333333335
145.5,Control,240.0,25,3,0.9333333333333335
145.5,Control,240.0,111,3,4.133333333333333
145.5,Control,270.0,0,3,26.400000000000002
145.5,Control,270.0,1,3,30.666666666666664
145.5,Control,270.0,3,3,14.000000000000002
145.5,Control,270.0,5,3,9.066666666666666
145.5,Control,270.0,6,3,2.2666666666666666
145.5,Control,270.0,7,3,2.8000000000000003
145.5,Control,270.0,15,3,0.8
145.5,Control,270.0,19,3,0.4
145.5,Control,270.0,20,3,3.3333333333333335
145.5,Control,270.0,21,3,2.533333333333333
145.5,Control,270.0,29,3,1.4666666666666666
145.5,Control,270.0,111,3,6.266666666666667
145.5,Control,300.0,0,3,22.666666666666664
145.5,Control,300.0,1,3,7.199999999999999
145.5,Control,300.0,3,3,13.333333333333334
145.5,Control,300.0,4,3,6.0
145.5,Control,300.0,5,3,6.666666666666667
145.5,Control,300.0,6,3,23.733333333333334
145.5,Control,300.0,12,3,1.2
145.5,Control,300.0,17,3,1.4666666666666666
145.5,Control,300.0,21,3,1.3333333333333335
145.5,Control,300.0,22,3,5.2
145.5,Control,300.0,28,3,10.133333333333333
145.5,Control,300.0,73,3,1.0666666666666667
145.5,Control,330.0,0,3,39.33333333333333
145.5,Control,330.0,1,3,20.666666666666668
145.5,Control,330.0,4,3,12.266666666666666
145.5,Control,330.0,5,3,4.266666666666667
145.5,Control,330.0,6,3,10.8
145.5,Control,330.0,7,3,2.533333333333333
145.5,Control,330.0,17,3,0.4
145.5,Control,330.0,22,3,1.4666666666666666
145.5,Control,330.0,27,3,2.666666666666667
145.5,Control,330.0,28,3,5.6000000000000005
145.5,Control,360.0,0,3,45.33333333333333
145.5,Control,360.0,1,3,28.799999999999997
145.5,Control,360.0,2,3,3.0666666666666664
145.5,Control,360.0,6,3,8.933333333333334
145.5,Control,360.0,11,3,1.2
145.5,Control,360.0,12,3,0.8
145.5,Control,360.0,15,3,0.13333333333333333
145.5,Control,360.0,17,3,1.7333333333333332
145.5,Control,360.0,19,3,1.4666666666666666
145.5,Control,360.0,23,3,0.9333333333333335
145.5,Control,360.0,28,3,4.533333333333333
145.5,Control,360.0,111,3,3.0666666666666664
145.5,Control,390.0,0,3,37.86666666666667
145.5,Control,390.0,1,3,25.2
145.5,Control,390.0,3,3,21.2
145.5,Control,390.0,4,3,2.533333333333333
145.5,Control,390.0,5,3,6.800000000000001
145.5,Control,390.0,10,3,0.9333333333333335
145.5,Control,390.0,12,3,2.533333333333333
145.5,Control,390.0,19,3,1.4666666666666666
145.5,Control,390.0,23,3,0.8
145.5,Control,390.0,34,3,0.6666666666666667
145.5,Control,420.0,0,3,46.266666666666666
145.5,Control,420.0,1,3,15.733333333333333
145.5,Control,420.0,4,3,8.133333333333333
145.5,Control,420.0,5,3,8.4
145.5,Control,420.0,7,3,0.6666666666666667
145.5,Control,420.0,8,3,0.8
145.5,Control,420.0,12,3,1.0666666666666667
145.5,Control,420.0,15,3,0.5333333333333333
145.5,Control,420.0,20,3,4.3999999999999995
145.5,Control,420.0,22,3,0.5333333333333333
145.5,Control,420.0,28,3,6.4
145.5,Control,420.0,32,3,3.8666666666666667
145.5,Control,420.0,36,3,3.2
146.6,Control,0.0,0,3,2.666666666666667
146.6,Control,0.0,2,3,12.0
146.6,Control,0.0,3,3,4.933333333333334
146.6,Control,0.0,5,3,25.6
146.6,Control,0.0,6,3,1.3333333333333335
146.6,Control,0.0,7,3,20.666666666666668
146.6,Control,0.0,9,3,0.5333333333333333
146.6,Control,0.0,11,3,0.5333333333333333
146.6,Control,0.0,12,3,0.6666666666666667
146.6,Control,0.0,15,3,0.8
146.6,Control,0.0,22,3,2.4
146.6,Control,0.0,27,3,19.733333333333334
146.6,Control,0.0,37,3,8.133333333333333
146.6,Control,30.0,0,3,0.6666666666666667
146.6,Control,30.0,1,3,16.266666666666666
146.6,Control,30.0,2,3,9.866666666666667
146.6,Control,30.0,3,3,11.200000000000001
146.6,Control,30.0,4,3,0.6666666666666667
146.6,Control,30.0,5,3,30.933333333333334
146.6,Control,30.0,6,3,8.666666666666668
146.6,Control,30.0,7,3,2.8000000000000003
146.6,Control,30.0,8,3,0.8
146.6,Control,30.0,9,3,1.3333333333333335
146.6,Control,30.0,10,3,0.9333333333333335
146.6,Control,30.0,12,3,2.0
146.6,Control,30.0,14,3,1.4666666666666666
146.6,Control,30.0,15,3,0.9333333333333335
146.6,Control,30.0,17,3,1.0666666666666667
146.6,Control,30.0,21,3,0.9333333333333335
146.6,Control,30.0,22,3,5.2
146.6,Control,30.0,25,3,0.9333333333333335
146.6,Control,30.0,27,3,3.3333333333333335
146.6,Control,60.0,0,3,2.1333333333333333
146.6,Control,60.0,2,3,1.7333333333333332
146.6,Control,60.0,3,3,41.46666666666667
146.6,Control,60.0,4,3,2.1333333333333333
146.6,Control,60.0,7,3,1.3333333333333335
146.6,Control,60.0,9,3,1.866666666666667
146.6,Control,60.0,10,3,5.2
146.6,Control,60.0,12,3,1.7333333333333332
146.6,Control,60.0,16,3,0.6666666666666667
146.6,Control,60.0,17,3,3.4666666666666663
146.6,Control,60.0,20,3,3.3333333333333335
146.6,Control,60.0,21,3,1.0666666666666667
146.6,Control,60.0,22,3,3.4666666666666663
146.6,Control,60.0,27,3,28.133333333333333
146.6,Control,60.0,38,3,2.2666666666666666
146.6,Control,90.0,0,3,1.866666666666667
146.6,Control,90.0,1,3,2.533333333333333
146.6,Control,90.0,2,3,34.93333333333333
146.6,Control,90.0,3,3,11.733333333333333
146.6,Control,90.0,4,3,0.6666666666666667
146.6,Control,90.0,5,3,21.866666666666667
146.6,Control,90.0,6,3,6.133333333333333
146.6,Control,90.0,7,3,3.8666666666666667
146.6,Control,90.0,8,3,0.8
146.6,Control,90.0,12,3,2.8000000000000003
146.6,Control,90.0,14,3,1.4666666666666666
146.6,Control,90.0,15,3,0.4
146.6,Control,90.0,17,3,1.3333333333333335
146.6,Control,90.0,27,3,5.866666666666666
146.6,Control,90.0,33,3,0.4
146.6,Control,90.0,111,3,3.3333333333333335
146.6,Control,120.0,0,3,33.06666666666666
146.6,Control,120.0,1,3,4.133333333333333
146.6,Control,120.0,3,3,31.733333333333334
146.6,Control,120.0,4,3,10.0
146.6,Control,120.0,5,3,8.933333333333334
146.6,Control,120.0,6,3,4.3999999999999995
146.6,Control,120.0,32,3,3.3333333333333335
146.6,Control,120.0,111,3,4.3999999999999995
146.6,Control,150.0,0,3,16.400000000000002
146.6,Control,150.0,1,3,7.333333333333333
146.6,Control,150.0,3,3,9.2
146.6,Control,150.0,4,3,6.0
146.6,Control,150.0,5,3,18.133333333333333
146.6,Control,150.0,6,3,0.26666666666666666
146.6,Control,150.0,7,3,5.333333333333334
146.6,Control,150.0,8,3,1.3333333333333335
146.6,Control,150.0,9,3,0.6666666666666667
146.6,Control,150.0,12,3,3.2
146.6,Control,150.0,17,3,4.0
146.6,Control,150.0,27,3,18.266666666666666
146.6,Control,150.0,32,3,7.066666666666667
146.6,Control,150.0,33,3,0.26666666666666666
146.6,Control,150.0,35,3,0.5333333333333333
146.6,Control,150.0,41,3,2.0
146.6,Control,180.0,0,3,31.6
146.6,Control,180.0,1,3,30.666666666666664
146.6,Control,180.0,3,3,18.666666666666668
146.6,Control,180.0,6,3,6.133333333333333
146.6,Control,180.0,9,3,0.6666666666666667
146.6,Control,180.0,10,3,0.5333333333333333
146.6,Control,180.0,17,3,0.8
146.6,Control,180.0,18,3,5.2
146.6,Control,180.0,23,3,0.6666666666666667
146.6,Control,180.0,34,3,2.666666666666667
146.6,Control,180.0,78,3,2.4
146.6,Control,210.0,0,3,78.4
146.6,Control,210.0,1,3,0.4
146.6,Control,210.0,3,3,4.3999999999999995
146.6,Control,210.0,5,3,2.0
146.6,Control,210.0,20,3,3.8666666666666667
146.6,Control,210.0,23,3,2.4
146.6,Control,210.0,25,3,2.933333333333333
146.6,Control,210.0,28,3,5.6000000000000005
146.6,Control,240.0,0,3,37.6
146.6,Control,240.0,1,3,6.4
146.6,Control,240.0,3,3,8.266666666666666
146.6,Control,240.0,4,3,7.333333333333333
146.6,Control,240.0,5,3,5.733333333333333
146.6,Control,240.0,7,3,0.26666666666666666
146.6,Control,240.0,9,3,0.13333333333333333
146.6,Control,240.0,12,3,1.6
146.6,Control,240.0,13,3,2.4
146.6,Control,240.0,18,3,0.8
146.6,Control,240.0,20,3,3.2
146.6,Control,240.0,24,3,0.4
146.6,Control,240.0,28,3,25.866666666666667
146.6,Control,270.0,0,3,37.2
146.6,Control,270.0,1,3,10.133333333333333
146.6,Control,270.0,3,3,3.2
146.6,Control,270.0,4,3,4.266666666666667
146.6,Control,270.0,6,3,9.466666666666667
146.6,Control,270.0,7,3,1.0666666666666667
146.6,Control,270.0,9,3,0.5333333333333333
146.6,Control,270.0,10,3,1.7333333333333332
146.6,Control,270.0,12,3,1.0666666666666667
146.6,Control,270.0,22,3,5.066666666666666
146.6,Control,270.0,23,3,2.4
146.6,Control,270.0,28,3,18.666666666666668
146.6,Control,270.0,30,3,0.9333333333333335
146.6,Control,270.0,32,3,1.866666666666667
146.6,Control,270.0,34,3,2.4
146.6,Control,300.0,0,3,63.733333333333334
146.6,Control,300.0,1,3,4.933333333333334
146.6,Control,300.0,3,3,3.0666666666666664
146.6,Control,300.0,5,3,5.733333333333333
146.6,Control,300.0,9,3,0.9333333333333335
146.6,Control,300.0,10,3,3.2
146.6,Control,300.0,20,3,7.199999999999999
146.6,Control,300.0,23,3,0.13333333333333333
146.6,Control,300.0,28,3,10.133333333333333
146.6,Control,300.0,30,3,0.9333333333333335
146.6,Control,330.0,0,3,47.733333333333334
146.6,Control,330.0,1,3,10.4
146.6,Control,330.0,3,3,5.2
146.6,Control,330.0,4,3,25.866666666666667
146.6,Control,330.0,5,3,2.8000000000000003
146.6,Control,330.0,6,3,0.5333333333333333
146.6,Control,330.0,17,3,1.0666666666666667
146.6,Control,330.0,28,3,1.3333333333333335
146.6,Control,330.0,32,3,5.066666666666666
146.6,Control,360.0,0,3,46.400000000000006
146.6,Control,360.0,1,3,4.8
146.6,Control,360.0,2,3,0.6666666666666667
146.6,Control,360.0,3,3,10.533333333333333
146.6,Control,360.0,4,3,3.8666666666666667
146.6,Control,360.0,5,3,4.666666666666667
146.6,Control,360.0,6,3,6.800000000000001
146.6,Control,360.0,8,3,0.6666666666666667
146.6,Control,360.0,19,3,2.4
146.6,Control,360.0,21,3,0.4
146.6,Control,360.0,22,3,1.6
146.6,Control,360.0,23,3,0.9333333333333335
146.6,Control,360.0,28,3,12.933333333333334
146.6,Control,360.0,29,3,0.5333333333333333
146.6,Control,360.0,30,3,1.0666666666666667
146.6,Control,360.0,34,3,0.26666666666666666
146.6,Control,360.0,35,3,1.2
146.6,Control,360.0,39,3,0.26666666666666666
146.6,Control,390.0,0,3,62.53333333333333
146.6,Control,390.0,1,3,2.666666666666667
146.6,Control,390.0,3,3,12.8
146.6,Control,390.0,4,3,8.666666666666668
146.6,Control,390.0,5,3,7.199999999999999
146.6,Control,390.0,9,3,0.26666666666666666
146.6,Control,390.0,10,3,0.6666666666666667
146.6,Control,390.0,16,3,1.0666666666666667
146.6,Control,390.0,19,3,0.6666666666666667
146.6,Control,390.0,21,3,0.8
146.6,Control,390.0,23,3,0.13333333333333333
146.6,Control,390.0,25,3,1.2
146.6,Control,390.0,29,3,0.4
146.6,Control,390.0,34,3,0.9333333333333335
146.6,Control,420.0,0,3,73.33333333333333
146.6,Control,420.0,1,3,6.133333333333333
146.6,Control,420.0,3,3,2.666666666666667
146.6,Control,420.0,6,3,3.0666666666666664
146.6,Control,420.0,7,3,1.2
146.6,Control,420.0,10,3,0.26666666666666666
146.6,Control,420.0,20,3,4.533333333333333
146.6,Control,420.0,28,3,8.799999999999999
147.4,Control,0.0,1,3,1.0666666666666667
147.4,Control,0.0,2,3,16.0
147.4,Control,0.0,5,3,33.86666666666667
147.4,Control,0.0,6,3,14.933333333333335
147.4,Control,0.0,7,3,12.8
147.4,Control,0.0,9,3,0.26666666666666666
147.4,Control,0.0,12,3,1.2
147.4,Control,0.0,15,3,4.933333333333334
147.4,Control,0.0,16,3,0.6666666666666667
147.4,Control,0.0,17,3,4.266666666666667
147.4,Control,0.0,19,3,5.066666666666666
147.4,Control,0.0,22,3,4.933333333333334
147.4,Control,30.0,1,3,5.866666666666666
147.4,Control,30.0,2,3,7.066666666666667
147.4,Control,30.0,3,3,3.8666666666666667
147.4,Control,30.0,4,3,3.733333333333334
147.4,Control,30.0,5,3,23.466666666666665
147.4,Control,30.0,10,3,2.4
147.4,Control,30.0,11,3,0.9333333333333335
147.4,Control,30.0,12,3,3.5999999999999996
147.4,Control,30.0,15,3,0.8
147.4,Control,30.0,16,3,1.4666666666666666
147.4,Control,30.0,17,3,1.6
147.4,Control,30.0,19,3,0.5333333333333333
147.4,Control,30.0,21,3,1.2
147.4,Control,30.0,27,3,40.53333333333333
147.4,Control,30.0,31,3,2.2666666666666666
147.4,Control,30.0,33,3,0.6666666666666667
147.4,Control,60.0,1,3,10.266666666666667
147.4,Control,60.0,2,3,9.733333333333333
147.4,Control,60.0,3,3,5.733333333333333
147.4,Control,60.0,4,3,1.4666666666666666
147.4,Control,60.0,5,3,6.133333333333333
147.4,Control,60.0,7,3,10.666666666666668
147.4,Control,60.0,8,3,1.2
147.4,Control,60.0,9,3,2.0
147.4,Control,60.0,10,3,8.533333333333333
147.4,Control,60.0,11,3,2.0
147.4,Control,60.0,12,3,2.533333333333333
147.4,Control,60.0,15,3,1.2
147.4,Control,60.0,17,3,4.933333333333334
147.4,Control,60.0,21,3,1.4666666666666666
147.4,Control,60.0,22,3,4.266666666666667
147.4,Control,60.0,27,3,18.0
147.4,Control,60.0,32,3,9.866666666666667
147.4,Control,90.0,0,3,4.666666666666667
147.4,Control,90.0,2,3,5.2
147.4,Control,90.0,3,3,39.46666666666667
147.4,Control,90.0,4,3,12.933333333333334
147.4,Control,90.0,5,3,15.733333333333333
147.4,Control,90.0,14,3,3.0666666666666664
147.4,Control,90.0,17,3,6.933333333333333
147.4,Control,90.0,20,3,2.2666666666666666
147.4,Control,90.0,21,3,2.0
147.4,Control,90.0,32,3,5.333333333333334
147.4,Control,90.0,111,3,2.4
147.4,Control,120.0,0,3,1.0666666666666667
147.4,Control,120.0,1,3,27.46666666666667
147.4,Control,120.0,2,3,6.133333333333333
147.4,Control,120.0,5,3,42.66666666666667
147.4,Control,120.0,7,3,0.9333333333333335
147.4,Control,120.0,9,3,0.26666666666666666
147.4,Control,120.0,11,3,2.533333333333333
147.4,Control,120.0,15,3,1.6
147.4,Control,120.0,27,3,17.333333333333336
147.4,Control,150.0,0,3,1.7333333333333332
147.4,Control,150.0,1,3,10.266666666666667
147.4,Control,150.0,2,3,1.7333333333333332
147.4,Control,150.0,3,3,4.3999999999999995
147.4,Control,150.0,4,3,11.333333333333332
147.4,Control,150.0,5,3,34.53333333333333
147.4,Control,150.0,7,3,1.6
147.4,Control,150.0,10,3,2.933333333333333
147.4,Control,150.0,13,3,1.0666666666666667
147.4,Control,150.0,14,3,2.933333333333333
147.4,Control,150.0,15,3,1.6
147.4,Control,150.0,16,3,0.13333333333333333
147.4,Control,150.0,17,3,0.4
147.4,Control,150.0,20,3,3.0666666666666664
147.4,Control,150.0,22,3,2.0
147.4,Control,150.0,27,3,5.733333333333333
147.4,Control,150.0,28,3,5.466666666666667
147.4,Control,150.0,32,3,3.5999999999999996
147.4,Control,150.0,33,3,0.6666666666666667
147.4,Control,150.0,111,3,4.8
147.4,Control,180.0,0,3,14.399999999999999
147.4,Control,180.0,1,3,11.600000000000001
147.4,Control,180.0,2,3,17.466666666666665
147.4,Control,180.0,3,3,2.666666666666667
147.4,Control,180.0,5,3,22.666666666666664
147.4,Control,180.0,6,3,6.933333333333333
147.4,Control,180.0,9,3,1.0666666666666667
147.4,Control,180.0,11,3,0.8
147.4,Control,180.0,13,3,2.0
147.4,Control,180.0,14,3,2.8000000000000003
147.4,Control,180.0,15,3,1.3333333333333335
147.4,Control,180.0,19,3,1.866666666666667
147.4,Control,180.0,20,3,4.0
147.4,Control,180.0,22,3,1.0666666666666667
147.4,Control,180.0,23,3,1.4666666666666666
147.4,Control,180.0,32,3,4.533333333333333
147.4,Control,180.0,111,3,3.3333333333333335
147.4,Control,210.0,0,3,55.46666666666666
147.4,Control,210.0,1,3,6.933333333333333
147.4,Control,210.0,3,3,10.133333333333333
147.4,Control,210.0,4,3,3.733333333333334
147.4,Control,210.0,5,3,9.2
147.4,Control,210.0,6,3,4.133333333333333
147.4,Control,210.0,7,3,2.0
147.4,Control,210.0,9,3,2.666666666666667
147.4,Control,210.0,15,3,0.13333333333333333
147.4,Control,210.0,22,3,0.8
147.4,Control,210.0,24,3,0.6666666666666667
147.4,Control,210.0,28,3,3.3333333333333335
147.4,Control,210.0,32,3,0.8
147.4,Control,240.0,0,3,27.6
147.4,Control,240.0,3,3,19.2
147.4,Control,240.0,4,3,20.8
147.4,Control,240.0,5,3,7.199999999999999
147.4,Control,240.0,6,3,3.2
147.4,Control,240.0,9,3,0.26666666666666666
147.4,Control,240.0,10,3,0.8
147.4,Control,240.0,15,3,1.7333333333333332
147.4,Control,240.0,28,3,10.8
147.4,Control,240.0,33,3,1.0666666666666667
147.4,Control,240.0,41,3,1.6
147.4,Control,240.0,111,3,5.733333333333333
147.4,Control,270.0,0,3,12.666666666666668
147.4,Control,270.0,1,3,2.4
147.4,Control,270.0,2,3,18.8
147.4,Control,270.0,3,3,33.06666666666666
147.4,Control,270.0,5,3,5.466666666666667
147.4,Control,270.0,6,3,1.6
147.4,Control,270.0,7,3,5.866666666666666
147.4,Control,270.0,9,3,0.13333333333333333
147.4,Control,270.0,12,3,1.0666666666666667
147.4,Control,270.0,17,3,0.9333333333333335
147.4,Control,270.0,19,3,0.9333333333333335
147.4,Control,270.0,22,3,1.0666666666666667
147.4,Control,270.0,23,3,0.9333333333333335
147.4,Control,270.0,25,3,2.2666666666666666
147.4,Control,270.0,27,3,5.866666666666666
147.4,Control,270.0,28,3,3.733333333333334
147.4,Control,270.0,30,3,1.4666666666666666
147.4,Control,270.0,39,3,1.7333333333333332
147.4,Control,300.0,0,3,24.933333333333334
147.4,Control,300.0,1,3,11.200000000000001
147.4,Control,300.0,2,3,1.3333333333333335
147.4,Control,300.0,3,3,3.5999999999999996
147.4,Control,300.0,4,3,8.799999999999999
147.4,Control,300.0,7,3,1.4666666666666666
147.4,Control,300.0,8,3,3.4666666666666663
147.4,Control,300.0,10,3,0.4
147.4,Control,300.0,12,3,0.6666666666666667
147.4,Control,300.0,15,3,6.0
147.4,Control,300.0,17,3,1.3333333333333335
147.4,Control,300.0,22,3,8.666666666666668
147.4,Control,300.0,23,3,1.4666666666666666
147.4,Control,300.0,24,3,0.13333333333333333
147.4,Control,300.0,28,3,22.0
147.4,Control,300.0,30,3,1.6
147.4,Control,300.0,31,3,0.8
147.4,Control,300.0,33,3,0.4
147.4,Control,300.0,40,3,1.7333333333333332
147.4,Control,330.0,0,3,14.000000000000002
147.4,Control,330.0,1,3,1.0666666666666667
147.4,Control,330.0,2,3,3.0666666666666664
147.4,Control,330.0,3,3,1.4666666666666666
147.4,Control,330.0,4,3,2.0
147.4,Control,330.0,5,3,1.3333333333333335
147.4,Control,330.0,7,3,9.2
147.4,Control,330.0,15,3,0.8
147.4,Control,330.0,16,3,0.26666666666666666
147.4,Control,330.0,19,3,0.13333333333333333
147.4,Control,330.0,20,3,2.666666666666667
147.4,Control,330.0,22,3,4.3999999999999995
147.4,Control,330.0,24,3,1.866666666666667
147.4,Control,330.0,25,3,0.4
147.4,Control,330.0,28,3,47.86666666666667
147.4,Control,330.0,33,3,0.4
147.4,Control,330.0,111,3,9.066666666666666
147.4,Control,360.0,0,3,36.53333333333333
147.4,Control,360.0,1,3,2.1333333333333333
147.4,Control,360.0,3,3,10.533333333333333
147.4,Control,360.0,4,3,13.066666666666665
147.4,Control,360.0,7,3,5.066666666666666
147.4,Control,360.0,8,3,0.4
147.4,Control,360.0,9,3,0.6666666666666667
147.4,Control,360.0,15,3,0.26666666666666666
147.4,Control,360.0,20,3,4.3999999999999995
147.4,Control,360.0,21,3,1.0666666666666667
147.4,Control,360.0,22,3,9.866666666666667
147.4,Control,360.0,23,3,0.9333333333333335
147.4,Control,360.0,28,3,10.0
147.4,Control,360.0,29,3,2.0
147.4,Control,360.0,30,3,0.5333333333333333
147.4,Control,360.0,33,3,1.3333333333333335
147.4,Control,360.0,34,3,1.2
147.4,Control,390.0,0,3,29.06666666666667
147.4,Control,390.0,1,3,9.733333333333333
147.4,Control,390.0,3,3,11.733333333333333
147.4,Control,390.0,4,3,4.266666666666667
147.4,Control,390.0,5,3,4.133333333333333
147.4,Control,390.0,6,3,10.533333333333333
147.4,Control,390.0,7,3,6.800000000000001
147.4,Control,390.0,19,3,1.0666666666666667
147.4,Control,390.0,20,3,2.0
147.4,Control,390.0,22,3,0.6666666666666667
147.4,Control,390.0,23,3,0.6666666666666667
147.4,Control,390.0,28,3,19.066666666666666
147.4,Control,390.0,29,3,0.26666666666666666
147.4,Control,420.0,0,3,51.2
147.4,Control,420.0,1,3,7.333333333333333
147.4,Control,420.0,2,3,14.399999999999999
147.4,Control,420.0,3,3,0.4
147.4,Control,420.0,7,3,1.6
147.4,Control,420.0,20,3,4.133333333333333
147.4,Control,420.0,28,3,20.933333333333334
148.4,ELS,0.0,0,3,1.7333333333333332
148.4,ELS,0.0,1,3,1.866666666666667
148.4,ELS,0.0,2,3,44.266666666666666
148.4,ELS,0.0,3,3,4.0
148.4,ELS,0.0,5,3,12.4
148.4,ELS,0.0,7,3,8.0
148.4,ELS,0.0,9,3,0.5333333333333333
148.4,ELS,0.0,11,3,1.866666666666667
148.4,ELS,0.0,14,3,2.933333333333333
148.4,ELS,0.0,15,3,3.733333333333334
148.4,ELS,0.0,16,3,0.9333333333333335
148.4,ELS,0.0,17,3,1.866666666666667
148.4,ELS,0.0,21,3,1.6
148.4,ELS,0.0,22,3,2.933333333333333
148.4,ELS,0.0,25,3,1.2
148.4,ELS,0.0,27,3,10.133333333333333
148.4,ELS,30.0,2,3,25.333333333333336
148.4,ELS,30.0,3,3,16.933333333333334
148.4,ELS,30.0,5,3,2.0
148.4,ELS,30.0,9,3,2.1333333333333333
148.4,ELS,30.0,11,3,3.8666666666666667
148.4,ELS,30.0,12,3,13.600000000000001
148.4,ELS,30.0,14,3,2.933333333333333
148.4,ELS,30.0,15,3,3.0666666666666664
148.4,ELS,30.0,16,3,1.6
148.4,ELS,30.0,17,3,3.2
148.4,ELS,30.0,19,3,2.2666666666666666
148.4,ELS,30.0,21,3,2.2666666666666666
148.4,ELS,30.0,22,3,1.866666666666667
148.4,ELS,30.0,25,3,13.333333333333334
148.4,ELS,30.0,27,3,4.933333333333334
148.4,ELS,30.0,29,3,0.6666666666666667
148.4,ELS,60.0,2,3,34.53333333333333
148.4,ELS,60.0,3,3,1.866666666666667
148.4,ELS,60.0,5,3,25.2
148.4,ELS,60.0,7,3,3.5999999999999996
148.4,ELS,60.0,12,3,7.333333333333333
148.4,ELS,60.0,14,3,3.8666666666666667
148.4,ELS,60.0,15,3,1.866666666666667
148.4,ELS,60.0,16,3,0.9333333333333335
148.4,ELS,60.0,19,3,2.933333333333333
148.4,ELS,60.0,22,3,2.8000000000000003
148.4,ELS,60.0,25,3,8.533333333333333
148.4,ELS,60.0,27,3,5.866666666666666
148.4,ELS,60.0,33,3,0.6666666666666667
148.4,ELS,90.0,1,3,2.8000000000000003
148.4,ELS,90.0,2,3,11.866666666666667
148.4,ELS,90.0,3,3,28.000000000000004
148.4,ELS,90.0,4,3,0.9333333333333335
148.4,ELS,90.0,5,3,21.73333333333333
148.4,ELS,90.0,6,3,13.333333333333334
148.4,ELS,90.0,7,3,4.3999999999999995
148.4,ELS,90.0,10,3,1.4666666666666666
148.4,ELS,90.0,11,3,4.933333333333334
148.4,ELS,90.0,12,3,5.2
148.4,ELS,90.0,15,3,0.9333333333333335
148.4,ELS,90.0,19,3,0.9333333333333335
148.4,ELS,90.0,28,3,3.4666666666666663
148.4,ELS,120.0,2,3,13.466666666666665
148.4,ELS,120.0,3,3,12.8
148.4,ELS,120.0,5,3,16.266666666666666
148.4,ELS,120.0,6,3,6.533333333333332
148.4,ELS,120.0,7,3,3.0666666666666664
148.4,ELS,120.0,8,3,0.26666666666666666
148.4,ELS,120.0,11,3,0.8
148.4,ELS,120.0,12,3,1.2
148.4,ELS,120.0,15,3,2.2666666666666666
148.4,ELS,120.0,16,3,1.7333333333333332
148.4,ELS,120.0,17,3,4.666666666666667
148.4,ELS,120.0,18,3,6.933333333333333
148.4,ELS,120.0,19,3,0.8
148.4,ELS,120.0,21,3,3.3333333333333335
148.4,ELS,120.0,25,3,4.533333333333333
148.4,ELS,120.0,27,3,7.466666666666668
148.4,ELS,120.0,29,3,0.13333333333333333
148.4,ELS,120.0,31,3,0.8
148.4,ELS,120.0,111,3,12.933333333333334
148.4,ELS,150.0,0,3,13.200000000000001
148.4,ELS,150.0,1,3,21.333333333333336
148.4,ELS,150.0,2,3,11.066666666666666
148.4,ELS,150.0,3,3,4.8
148.4,ELS,150.0,6,3,26.13333333333333
148.4,ELS,150.0,7,3,8.799999999999999
148.4,ELS,150.0,11,3,0.8
148.4,ELS,150.0,18,3,4.266666666666667
148.4,ELS,150.0,27,3,9.6
148.4,ELS,180.0,0,3,18.4
148.4,ELS,180.0,1,3,6.4
148.4,ELS,180.0,2,3,0.26666666666666666
148.4,ELS,180.0,3,3,13.866666666666665
148.4,ELS,180.0,4,3,0.26666666666666666
148.4,ELS,180.0,5,3,30.533333333333335
148.4,ELS,180.0,6,3,9.866666666666667
148.4,ELS,180.0,8,3,0.5333333333333333
148.4,ELS,180.0,9,3,1.0666666666666667
148.4,ELS,180.0,15,3,1.0666666666666667
148.4,ELS,180.0,19,3,1.6
148.4,ELS,180.0,20,3,4.533333333333333
148.4,ELS,180.0,21,3,0.5333333333333333
148.4,ELS,180.0,27,3,2.8000000000000003
148.4,ELS,180.0,30,3,0.4
148.4,ELS,180.0,31,3,1.3333333333333335
148.4,ELS,180.0,34,3,1.7333333333333332
148.4,ELS,180.0,111,3,4.8
148.4,ELS,210.0,0,3,31.2
148.4,ELS,210.0,1,3,11.600000000000001
148.4,ELS,210.0,2,3,8.933333333333334
148.4,ELS,210.0,3,3,24.53333333333333
148.4,ELS,210.0,4,3,6.133333333333333
148.4,ELS,210.0,5,3,8.533333333333333
148.4,ELS,210.0,7,3,1.0666666666666667
148.4,ELS,210.0,9,3,0.4
148.4,ELS,210.0,10,3,6.533333333333332
148.4,ELS,210.0,25,3,1.0666666666666667
148.4,ELS,240.0,0,3,22.26666666666667
148.4,ELS,240.0,1,3,8.799999999999999
148.4,ELS,240.0,3,3,28.4
148.4,ELS,240.0,4,3,1.866666666666667
148.4,ELS,240.0,5,3,5.066666666666666
148.4,ELS,240.0,6,3,19.2
148.4,ELS,240.0,7,3,5.6000000000000005
148.4,ELS,240.0,9,3,0.6666666666666667
148.4,ELS,240.0,10,3,0.5333333333333333
148.4,ELS,240.0,12,3,0.5333333333333333
148.4,ELS,240.0,17,3,1.3333333333333335
148.4,ELS,240.0,19,3,0.8
148.4,ELS,240.0,25,3,3.8666666666666667
148.4,ELS,240.0,32,3,1.0666666666666667
148.4,ELS,270.0,0,3,6.533333333333332
148.4,ELS,270.0,1,3,33.46666666666667
148.4,ELS,270.0,2,3,6.533333333333332
148.4,ELS,270.0,5,3,26.266666666666666
148.4,ELS,270.0,7,3,3.3333333333333335
148.4,ELS,270.0,9,3,0.26666666666666666
148.4,ELS,270.0,10,3,4.533333333333333
148.4,ELS,270.0,12,3,1.7333333333333332
148.4,ELS,270.0,15,3,3.5999999999999996
148.4,ELS,270.0,17,3,3.2
148.4,ELS,270.0,21,3,1.2
148.4,ELS,270.0,29,3,1.2
148.4,ELS,270.0,30,3,0.26666666666666666
148.4,ELS,270.0,34,3,2.933333333333333
148.4,ELS,270.0,111,3,4.933333333333334
148.4,ELS,300.0,0,3,51.866666666666674
148.4,ELS,300.0,1,3,27.73333333333333
148.4,ELS,300.0,3,3,1.866666666666667
148.4,ELS,300.0,5,3,12.533333333333333
148.4,ELS,300.0,10,3,0.4
148.4,ELS,300.0,19,3,1.866666666666667
148.4,ELS,300.0,21,3,1.0666666666666667
148.4,ELS,300.0,27,3,2.4
148.4,ELS,300.0,30,3,0.26666666666666666
148.4,ELS,330.0,0,3,38.13333333333333
148.4,ELS,330.0,1,3,22.8
148.4,ELS,330.0,2,3,7.6
148.4,ELS,330.0,3,3,12.8
148.4,ELS,330.0,6,3,10.266666666666667
148.4,ELS,330.0,7,3,0.5333333333333333
148.4,ELS,330.0,12,3,0.13333333333333333
148.4,ELS,330.0,18,3,2.0
148.4,ELS,330.0,28,3,5.733333333333333
148.4,ELS,360.0,0,3,21.6
148.4,ELS,360.0,1,3,16.53333333333333
148.4,ELS,360.0,2,3,4.133333333333333
148.4,ELS,360.0,3,3,16.0
148.4,ELS,360.0,4,3,7.866666666666666
148.4,ELS,360.0,5,3,10.533333333333333
148.4,ELS,360.0,7,3,1.2
148.4,ELS,360.0,9,3,1.4666666666666666
148.4,ELS,360.0,16,3,3.0666666666666664
148.4,ELS,360.0,21,3,1.3333333333333335
148.4,ELS,360.0,22,3,0.9333333333333335
148.4,ELS,360.0,23,3,1.3333333333333335
148.4,ELS,360.0,25,3,3.8666666666666667
148.4,ELS,360.0,28,3,9.733333333333333
148.4,ELS,360.0,30,3,0.4
148.4,ELS,390.0,0,3,69.46666666666667
148.4,ELS,390.0,1,3,4.3999999999999995
148.4,ELS,390.0,2,3,3.2
148.4,ELS,390.0,3,3,5.866666666666666
148.4,ELS,390.0,4,3,8.4
148.4,ELS,390.0,5,3,1.7333333333333332
148.4,ELS,390.0,11,3,0.6666666666666667
148.4,ELS,390.0,21,3,0.4
148.4,ELS,390.0,23,3,1.4666666666666666
148.4,ELS,390.0,25,3,3.733333333333334
148.4,ELS,390.0,29,3,0.4
148.4,ELS,390.0,30,3,0.26666666666666666
148.4,ELS,420.0,0,3,76.53333333333333
148.4,ELS,420.0,1,3,18.133333333333333
148.4,ELS,420.0,3,3,1.6
148.4,ELS,420.0,5,3,2.0
148.4,ELS,420.0,6,3,1.7333333333333332
15.4,ELS,0.0,0,1,5.2
15.4,ELS,0.0,1,1,12.266666666666666
15.4,ELS,0.0,2,1,41.333333333333336
15.4,ELS,0.0,3,1,4.266666666666667
15.4,ELS,0.0,5,1,3.5999999999999996
15.4,ELS,0.0,7,1,9.6
15.4,ELS,0.0,9,1,0.4
15.4,ELS,0.0,10,1,1.0666666666666667
15.4,ELS,0.0,12,1,1.3333333333333335
15.4,ELS,0.0,15,1,2.0
15.4,ELS,0.0,18,1,4.533333333333333
15.4,ELS,0.0,20,1,5.466666666666667
15.4,ELS,0.0,22,1,8.933333333333334
15.4,ELS,30.0,0,1,2.2666666666666666
15.4,ELS,30.0,1,1,17.466666666666665
15.4,ELS,30.0,2,1,30.8
15.4,ELS,30.0,4,1,0.26666666666666666
15.4,ELS,30.0,5,1,15.866666666666667
15.4,ELS,30.0,6,1,4.666666666666667
15.4,ELS,30.0,8,1,0.13333333333333333
15.4,ELS,30.0,9,1,0.6666666666666667
15.4,ELS,30.0,11,1,1.0666666666666667
15.4,ELS,30.0,12,1,2.1333333333333333
15.4,ELS,30.0,15,1,2.0
15.4,ELS,30.0,16,1,0.5333333333333333
15.4,ELS,30.0,19,1,1.0666666666666667
15.4,ELS,30.0,20,1,2.0
15.4,ELS,30.0,21,1,2.1333333333333333
15.4,ELS,30.0,27,1,13.066666666666665
15.4,ELS,30.0,111,1,3.8666666666666667
15.4,ELS,60.0,0,1,1.3333333333333335
15.4,ELS,60.0,1,1,8.933333333333334
15.4,ELS,60.0,3,1,55.2
15.4,ELS,60.0,4,1,1.866666666666667
15.4,ELS,60.0,5,1,4.0
15.4,ELS,60.0,6,1,15.466666666666667
15.4,ELS,60.0,7,1,4.133333333333333
15.4,ELS,60.0,8,1,0.6666666666666667
15.4,ELS,60.0,9,1,0.4
15.4,ELS,60.0,11,1,0.8
15.4,ELS,60.0,15,1,3.5999999999999996
15.4,ELS,60.0,24,1,1.3333333333333335
15.4,ELS,60.0,25,1,2.2666666666666666
15.4,ELS,90.0,0,1,3.0666666666666664
15.4,ELS,90.0,1,1,38.4
15.4,ELS,90.0,2,1,18.933333333333334
15.4,ELS,90.0,5,1,4.533333333333333
15.4,ELS,90.0,6,1,10.266666666666667
15.4,ELS,90.0,7,1,8.266666666666666
15.4,ELS,90.0,15,1,1.0666666666666667
15.4,ELS,90.0,16,1,0.9333333333333335
15.4,ELS,90.0,17,1,1.0666666666666667
15.4,ELS,90.0,27,1,9.333333333333334
15.4,ELS,90.0,111,1,4.133333333333333
15.4,ELS,120.0,1,1,10.0
15.4,ELS,120.0,2,1,31.466666666666665
15.4,ELS,120.0,5,1,2.0
15.4,ELS,120.0,7,1,2.1333333333333333
15.4,ELS,120.0,12,1,5.2
15.4,ELS,120.0,18,1,36.13333333333333
15.4,ELS,120.0,25,1,4.3999999999999995
15.4,ELS,120.0,27,1,7.733333333333333
15.4,ELS,120.0,30,1,0.5333333333333333
15.4,ELS,120.0,33,1,0.4
15.4,ELS,150.0,0,1,2.533333333333333
15.4,ELS,150.0,1,1,34.266666666666666
15.4,ELS,150.0,2,1,10.133333333333333
15.4,ELS,150.0,3,1,8.799999999999999
15.4,ELS,150.0,5,1,1.6
15.4,ELS,150.0,7,1,1.866666666666667
15.4,ELS,150.0,8,1,0.13333333333333333
15.4,ELS,150.0,9,1,0.26666666666666666
15.4,ELS,150.0,12,1,0.8
15.4,ELS,150.0,20,1,6.4
15.4,ELS,150.0,25,1,0.8
15.4,ELS,150.0,27,1,18.133333333333333
15.4,ELS,150.0,111,1,14.266666666666666
15.4,ELS,180.0,0,1,5.2
15.4,ELS,180.0,1,1,22.933333333333334
15.4,ELS,180.0,2,1,14.933333333333335
15.4,ELS,180.0,3,1,1.3333333333333335
15.4,ELS,180.0,4,1,0.13333333333333333
15.4,ELS,180.0,5,1,5.333333333333334
15.4,ELS,180.0,6,1,8.666666666666668
15.4,ELS,180.0,7,1,9.2
15.4,ELS,180.0,8,1,0.13333333333333333
15.4,ELS,180.0,9,1,0.4
15.4,ELS,180.0,10,1,3.3333333333333335
15.4,ELS,180.0,11,1,1.3333333333333335
15.4,ELS,180.0,15,1,0.4
15.4,ELS,180.0,16,1,1.6
15.4,ELS,180.0,17,1,0.9333333333333335
15.4,ELS,180.0,19,1,0.8
15.4,ELS,180.0,20,1,14.399999999999999
15.4,ELS,180.0,25,1,4.533333333333333
15.4,ELS,180.0,29,1,0.5333333333333333
15.4,ELS,180.0,30,1,1.0666666666666667
15.4,ELS,180.0,34,1,0.13333333333333333
15.4,ELS,180.0,75,1,2.666666666666667
15.4,ELS,210.0,0,1,29.733333333333334
15.4,ELS,210.0,1,1,22.933333333333334
15.4,ELS,210.0,4,1,10.666666666666668
15.4,ELS,210.0,6,1,2.0
15.4,ELS,210.0,8,1,2.8000000000000003
15.4,ELS,210.0,9,1,0.5333333333333333
15.4,ELS,210.0,11,1,0.26666666666666666
15.4,ELS,210.0,16,1,1.6
15.4,ELS,210.0,19,1,1.0666666666666667
15.4,ELS,210.0,22,1,5.733333333333333
15.4,ELS,210.0,23,1,0.26666666666666666
15.4,ELS,210.0,24,1,0.13333333333333333
15.4,ELS,210.0,35,1,4.8
15.4,ELS,210.0,36,1,2.0
15.4,ELS,210.0,38,1,9.466666666666667
15.4,ELS,210.0,40,1,1.3333333333333335
15.4,ELS,210.0,111,1,4.666666666666667
15.4,ELS,240.0,1,1,12.8
15.4,ELS,240.0,2,1,8.0
15.4,ELS,240.0,4,1,21.6
15.4,ELS,240.0,5,1,6.800000000000001
15.4,ELS,240.0,8,1,1.3333333333333335
15.4,ELS,240.0,9,1,0.4
15.4,ELS,240.0,11,1,0.9333333333333335
15.4,ELS,240.0,27,1,2.533333333333333
15.4,ELS,240.0,31,1,2.2666666666666666
15.4,ELS,240.0,33,1,0.13333333333333333
15.4,ELS,240.0,35,1,4.933333333333334
15.4,ELS,240.0,36,1,4.666666666666667
15.4,ELS,240.0,38,1,31.866666666666667
15.4,ELS,240.0,40,1,0.9333333333333335
15.4,ELS,240.0,42,1,0.8
15.4,ELS,270.0,0,1,4.266666666666667
15.4,ELS,270.0,1,1,28.133333333333333
15.4,ELS,270.0,2,1,14.666666666666666
15.4,ELS,270.0,3,1,5.2
15.4,ELS,270.0,4,1,8.799999999999999
15.4,ELS,270.0,7,1,0.5333333333333333
15.4,ELS,270.0,9,1,1.3333333333333335
15.4,ELS,270.0,10,1,1.2
15.4,ELS,270.0,20,1,7.199999999999999
15.4,ELS,270.0,22,1,3.2
15.4,ELS,270.0,23,1,0.26666666666666666
15.4,ELS,270.0,27,1,4.3999999999999995
15.4,ELS,270.0,30,1,0.5333333333333333
15.4,ELS,270.0,31,1,0.4
15.4,ELS,270.0,34,1,2.1333333333333333
15.4,ELS,270.0,36,1,1.4666666666666666
15.4,ELS,270.0,37,1,15.466666666666667
15.4,ELS,270.0,38,1,0.8
15.4,ELS,300.0,0,1,29.733333333333334
15.4,ELS,300.0,1,1,36.4
15.4,ELS,300.0,2,1,2.2666666666666666
15.4,ELS,300.0,3,1,9.6
15.4,ELS,300.0,6,1,2.1333333333333333
15.4,ELS,300.0,9,1,0.13333333333333333
15.4,ELS,300.0,10,1,1.0666666666666667
15.4,ELS,300.0,15,1,0.5333333333333333
15.4,ELS,300.0,20,1,3.0666666666666664
15.4,ELS,300.0,21,1,1.3333333333333335
15.4,ELS,300.0,25,1,3.0666666666666664
15.4,ELS,300.0,28,1,10.4
15.4,ELS,300.0,45,1,0.26666666666666666
15.4,ELS,330.0,0,1,22.53333333333333
15.4,ELS,330.0,1,1,19.2
15.4,ELS,330.0,6,1,2.4
15.4,ELS,330.0,10,1,0.4
15.4,ELS,330.0,13,1,18.266666666666666
15.4,ELS,330.0,15,1,1.2
15.4,ELS,330.0,20,1,28.26666666666667
15.4,ELS,330.0,28,1,7.733333333333333
15.4,ELS,360.0,0,1,23.733333333333334
15.4,ELS,360.0,1,1,8.266666666666666
15.4,ELS,360.0,3,1,13.600000000000001
15.4,ELS,360.0,13,1,3.8666666666666667
15.4,ELS,360.0,17,1,4.266666666666667
15.4,ELS,360.0,19,1,0.6666666666666667
15.4,ELS,360.0,20,1,19.6
15.4,ELS,360.0,23,1,0.6666666666666667
15.4,ELS,360.0,28,1,22.666666666666664
15.4,ELS,360.0,30,1,1.2
15.4,ELS,360.0,35,1,1.4666666666666666
15.4,ELS,390.0,0,1,32.800000000000004
15.4,ELS,390.0,1,1,3.0666666666666664
15.4,ELS,390.0,3,1,10.266666666666667
15.4,ELS,390.0,4,1,6.533333333333332
15.4,ELS,390.0,5,1,1.6
15.4,ELS,390.0,6,1,10.4
15.4,ELS,390.0,7,1,9.6
15.4,ELS,390.0,9,1,0.9333333333333335
15.4,ELS,390.0,13,1,1.7333333333333332
15.4,ELS,390.0,23,1,0.26666666666666666
15.4,ELS,390.0,32,1,3.4666666666666663
15.4,ELS,390.0,36,1,1.0666666666666667
15.4,ELS,390.0,37,1,17.333333333333336
15.4,ELS,390.0,39,1,0.9333333333333335
15.4,ELS,420.0,0,1,64.8
15.4,ELS,420.0,1,1,11.600000000000001
15.4,ELS,420.0,3,1,5.466666666666667
15.4,ELS,420.0,6,1,13.066666666666665
15.4,ELS,420.0,22,1,5.066666666666666
15.6,ELS,0.0,2,1,17.733333333333334
15.6,ELS,0.0,3,1,7.733333333333333
15.6,ELS,0.0,6,1,7.6
15.6,ELS,0.0,7,1,3.733333333333334
15.6,ELS,0.0,12,1,2.8000000000000003
15.6,ELS,0.0,13,1,19.466666666666665
15.6,ELS,0.0,20,1,15.6
15.6,ELS,0.0,27,1,3.4666666666666663
15.6,ELS,0.0,28,1,3.5999999999999996
15.6,ELS,0.0,37,1,18.266666666666666
15.6,ELS,30.0,0,1,2.533333333333333
15.6,ELS,30.0,1,1,32.53333333333333
15.6,ELS,30.0,2,1,3.3333333333333335
15.6,ELS,30.0,3,1,6.933333333333333
15.6,ELS,30.0,4,1,3.2
15.6,ELS,30.0,5,1,6.666666666666667
15.6,ELS,30.0,6,1,5.066666666666666
15.6,ELS,30.0,7,1,2.0
15.6,ELS,30.0,10,1,6.0
15.6,ELS,30.0,12,1,1.7333333333333332
15.6,ELS,30.0,15,1,2.2666666666666666
15.6,ELS,30.0,17,1,0.6666666666666667
15.6,ELS,30.0,20,1,8.266666666666666
15.6,ELS,30.0,24,1,0.6666666666666667
15.6,ELS,30.0,27,1,9.866666666666667
15.6,ELS,30.0,37,1,4.3999999999999995
15.6,ELS,30.0,111,1,3.8666666666666667
15.6,ELS,60.0,1,1,39.86666666666667
15.6,ELS,60.0,2,1,13.600000000000001
15.6,ELS,60.0,3,1,13.200000000000001
15.6,ELS,60.0,5,1,6.266666666666667
15.6,ELS,60.0,6,1,9.733333333333333
15.6,ELS,60.0,7,1,2.0
15.6,ELS,60.0,12,1,0.8
15.6,ELS,60.0,16,1,0.9333333333333335
15.6,ELS,60.0,20,1,4.533333333333333
15.6,ELS,60.0,22,1,2.933333333333333
15.6,ELS,60.0,32,1,0.6666666666666667
15.6,ELS,60.0,43,1,0.8
15.6,ELS,60.0,111,1,4.666666666666667
15.6,ELS,90.0,0,1,8.4
15.6,ELS,90.0,1,1,58.666666666666664
15.6,ELS,90.0,2,1,5.466666666666667
15.6,ELS,90.0,3,1,2.533333333333333
15.6,ELS,90.0,5,1,2.2666666666666666
15.6,ELS,90.0,6,1,8.799999999999999
15.6,ELS,90.0,7,1,7.066666666666667
15.6,ELS,90.0,13,1,2.533333333333333
15.6,ELS,90.0,15,1,1.4666666666666666
15.6,ELS,90.0,20,1,2.8000000000000003
15.6,ELS,120.0,0,1,3.8666666666666667
15.6,ELS,120.0,1,1,25.733333333333334
15.6,ELS,120.0,2,1,29.46666666666667
15.6,ELS,120.0,5,1,6.266666666666667
15.6,ELS,120.0,7,1,2.533333333333333
15.6,ELS,120.0,11,1,0.26666666666666666
15.6,ELS,120.0,12,1,0.9333333333333335
15.6,ELS,120.0,19,1,0.9333333333333335
15.6,ELS,120.0,20,1,5.6000000000000005
15.6,ELS,120.0,25,1,0.8
15.6,ELS,120.0,27,1,2.1333333333333333
15.6,ELS,120.0,28,1,4.3999999999999995
15.6,ELS,120.0,32,1,8.0
15.6,ELS,120.0,111,1,9.066666666666666
15.6,ELS,150.0,0,1,25.066666666666666
15.6,ELS,150.0,1,1,31.733333333333334
15.6,ELS,150.0,2,1,5.866666666666666
15.6,ELS,150.0,3,1,10.933333333333334
15.6,ELS,150.0,5,1,7.066666666666667
15.6,ELS,150.0,6,1,9.733333333333333
15.6,ELS,150.0,7,1,4.0
15.6,ELS,150.0,10,1,0.4
15.6,ELS,150.0,20,1,4.133333333333333
15.6,ELS,150.0,21,1,1.0666666666666667
15.6,ELS,180.0,0,1,13.333333333333334
15.6,ELS,180.0,1,1,23.733333333333334
15.6,ELS,180.0,2,1,7.466666666666668
15.6,ELS,180.0,3,1,18.4
15.6,ELS,180.0,4,1,6.266666666666667
15.6,ELS,180.0,5,1,8.133333333333333
15.6,ELS,180.0,7,1,3.733333333333334
15.6,ELS,180.0,8,1,0.4
15.6,ELS,180.0,9,1,0.4
15.6,ELS,180.0,10,1,1.4666666666666666
15.6,ELS,180.0,23,1,2.4
15.6,ELS,180.0,25,1,2.1333333333333333
15.6,ELS,180.0,30,1,2.1333333333333333
15.6,ELS,180.0,31,1,2.1333333333333333
15.6,ELS,180.0,32,1,3.733333333333334
15.6,ELS,180.0,34,1,0.4
15.6,ELS,180.0,111,1,3.733333333333334
15.6,ELS,210.0,0,1,14.799999999999999
15.6,ELS,210.0,1,1,6.800000000000001
15.6,ELS,210.0,2,1,20.666666666666668
15.6,ELS,210.0,3,1,1.0666666666666667
15.6,ELS,210.0,4,1,19.2
15.6,ELS,210.0,5,1,2.666666666666667
15.6,ELS,210.0,6,1,3.3333333333333335
15.6,ELS,210.0,7,1,1.2
15.6,ELS,210.0,8,1,2.533333333333333
15.6,ELS,210.0,9,1,0.8
15.6,ELS,210.0,11,1,0.8
15.6,ELS,210.0,15,1,0.13333333333333333
15.6,ELS,210.0,17,1,0.5333333333333333
15.6,ELS,210.0,20,1,8.4
15.6,ELS,210.0,21,1,0.9333333333333335
15.6,ELS,210.0,24,1,0.9333333333333335
15.6,ELS,210.0,30,1,0.5333333333333333
15.6,ELS,210.0,31,1,0.6666666666666667
15.6,ELS,210.0,32,1,5.2
15.6,ELS,210.0,33,1,0.5333333333333333
15.6,ELS,210.0,64,1,2.4
15.6,ELS,210.0,111,1,5.866666666666666
15.6,ELS,240.0,0,1,11.066666666666666
15.6,ELS,240.0,1,1,35.333333333333336
15.6,ELS,240.0,2,1,6.266666666666667
15.6,ELS,240.0,3,1,3.8666666666666667
15.6,ELS,240.0,4,1,3.5999999999999996
15.6,ELS,240.0,5,1,6.266666666666667
15.6,ELS,240.0,6,1,4.3999999999999995
15.6,ELS,240.0,7,1,1.7333333333333332
15.6,ELS,240.0,8,1,0.26666666666666666
15.6,ELS,240.0,10,1,1.0666666666666667
15.6,ELS,240.0,13,1,11.066666666666666
15.6,ELS,240.0,17,1,3.0666666666666664
15.6,ELS,240.0,20,1,4.3999999999999995
15.6,ELS,240.0,24,1,0.13333333333333333
15.6,ELS,240.0,31,1,0.6666666666666667
15.6,ELS,240.0,32,1,6.266666666666667
15.6,ELS,240.0,33,1,0.5333333333333333
15.6,ELS,270.0,0,1,10.133333333333333
15.6,ELS,270.0,1,1,21.6
15.6,ELS,270.0,4,1,8.266666666666666
15.6,ELS,270.0,5,1,5.066666666666666
15.6,ELS,270.0,6,1,1.4666666666666666
15.6,ELS,270.0,8,1,2.0
15.6,ELS,270.0,9,1,1.0666666666666667
15.6,ELS,270.0,11,1,0.4
15.6,ELS,270.0,13,1,24.0
15.6,ELS,270.0,17,1,1.3333333333333335
15.6,ELS,270.0,19,1,0.26666666666666666
15.6,ELS,270.0,21,1,1.3333333333333335
15.6,ELS,270.0,23,1,1.0666666666666667
15.6,ELS,270.0,30,1,3.733333333333334
15.6,ELS,270.0,31,1,1.3333333333333335
15.6,ELS,270.0,32,1,3.0666666666666664
15.6,ELS,270.0,37,1,13.866666666666665
15.6,ELS,300.0,0,1,18.8
15.6,ELS,300.0,1,1,26.266666666666666
15.6,ELS,300.0,3,1,14.133333333333335
15.6,ELS,300.0,4,1,6.800000000000001
15.6,ELS,300.0,5,1,5.866666666666666
15.6,ELS,300.0,6,1,7.333333333333333
15.6,ELS,300.0,7,1,1.6
15.6,ELS,300.0,8,1,0.26666666666666666
15.6,ELS,300.0,10,1,1.0666666666666667
15.6,ELS,300.0,13,1,5.733333333333333
15.6,ELS,300.0,20,1,5.466666666666667
15.6,ELS,300.0,26,1,4.533333333333333
15.6,ELS,300.0,28,1,2.1333333333333333
15.6,ELS,330.0,0,1,32.13333333333333
15.6,ELS,330.0,1,1,30.666666666666664
15.6,ELS,330.0,3,1,6.266666666666667
15.6,ELS,330.0,5,1,10.666666666666668
15.6,ELS,330.0,6,1,12.533333333333333
15.6,ELS,330.0,9,1,0.5333333333333333
15.6,ELS,330.0,12,1,1.0666666666666667
15.6,ELS,330.0,15,1,0.8
15.6,ELS,330.0,22,1,1.7333333333333332
15.6,ELS,330.0,28,1,3.5999999999999996
15.6,ELS,360.0,0,1,40.93333333333333
15.6,ELS,360.0,1,1,13.866666666666665
15.6,ELS,360.0,3,1,12.666666666666668
15.6,ELS,360.0,6,1,10.8
15.6,ELS,360.0,11,1,0.8
15.6,ELS,360.0,13,1,13.066666666666665
15.6,ELS,360.0,15,1,1.6
15.6,ELS,360.0,23,1,4.0
15.6,ELS,360.0,30,1,0.9333333333333335
15.6,ELS,360.0,34,1,0.8
15.6,ELS,360.0,36,1,0.5333333333333333
15.6,ELS,390.0,0,1,39.33333333333333
15.6,ELS,390.0,1,1,24.8
15.6,ELS,390.0,3,1,2.4
15.6,ELS,390.0,4,1,4.8
15.6,ELS,390.0,5,1,4.666666666666667
15.6,ELS,390.0,6,1,6.933333333333333
15.6,ELS,390.0,10,1,0.5333333333333333
15.6,ELS,390.0,13,1,8.266666666666666
15.6,ELS,390.0,17,1,0.5333333333333333
15.6,ELS,390.0,20,1,0.9333333333333335
15.6,ELS,390.0,21,1,0.8
15.6,ELS,390.0,22,1,1.6
15.6,ELS,390.0,23,1,0.6666666666666667
15.6,ELS,390.0,28,1,3.733333333333334
15.6,ELS,420.0,0,1,34.8
15.6,ELS,420.0,1,1,37.46666666666666
15.6,ELS,420.0,2,1,2.0
15.6,ELS,420.0,3,1,1.6
15.6,ELS,420.0,4,1,1.0666666666666667
15.6,ELS,420.0,5,1,0.5333333333333333
15.6,ELS,420.0,6,1,5.733333333333333
15.6,ELS,420.0,7,1,0.9333333333333335
15.6,ELS,420.0,12,1,1.7333333333333332
15.6,ELS,420.0,13,1,5.733333333333333
15.6,ELS,420.0,17,1,0.5333333333333333
15.6,ELS,420.0,24,1,1.2
15.6,ELS,420.0,33,1,0.13333333333333333
15.6,ELS,420.0,40,1,6.533333333333332
150.3,ELS,0.0,0,3,2.2666666666666666
150.3,ELS,0.0,1,3,12.666666666666668
150.3,ELS,0.0,3,3,4.533333333333333
150.3,ELS,0.0,6,3,25.866666666666667
150.3,ELS,0.0,7,3,2.933333333333333
150.3,ELS,0.0,18,3,27.066666666666666
150.3,ELS,0.0,20,3,24.666666666666668
150.3,ELS,30.0,0,3,15.866666666666667
150.3,ELS,30.0,1,3,33.86666666666667
150.3,ELS,30.0,5,3,0.6666666666666667
150.3,ELS,30.0,6,3,28.933333333333334
150.3,ELS,30.0,13,3,12.4
150.3,ELS,30.0,26,3,8.266666666666666
150.3,ELS,60.0,0,3,5.333333333333334
150.3,ELS,60.0,1,3,49.6
150.3,ELS,60.0,2,3,1.0666666666666667
150.3,ELS,60.0,3,3,7.199999999999999
150.3,ELS,60.0,6,3,2.4
150.3,ELS,60.0,10,3,0.5333333333333333
150.3,ELS,60.0,18,3,6.800000000000001
150.3,ELS,60.0,20,3,15.333333333333332
150.3,ELS,60.0,28,3,3.4666666666666663
150.3,ELS,60.0,111,3,8.266666666666666
150.3,ELS,90.0,0,3,10.266666666666667
150.3,ELS,90.0,1,3,30.266666666666666
150.3,ELS,90.0,5,3,9.733333333333333
150.3,ELS,90.0,6,3,15.2
150.3,ELS,90.0,7,3,1.7333333333333332
150.3,ELS,90.0,14,3,0.9333333333333335
150.3,ELS,90.0,20,3,0.8
150.3,ELS,90.0,27,3,12.266666666666666
150.3,ELS,90.0,37,3,18.8
150.3,ELS,120.0,0,3,3.0666666666666664
150.3,ELS,120.0,1,3,34.266666666666666
150.3,ELS,120.0,2,3,5.866666666666666
150.3,ELS,120.0,3,3,4.133333333333333
150.3,ELS,120.0,7,3,1.0666666666666667
150.3,ELS,120.0,11,3,0.6666666666666667
150.3,ELS,120.0,13,3,2.2666666666666666
150.3,ELS,120.0,18,3,19.333333333333332
150.3,ELS,120.0,20,3,13.600000000000001
150.3,ELS,120.0,37,3,10.266666666666667
150.3,ELS,120.0,111,3,5.466666666666667
150.3,ELS,150.0,0,3,11.733333333333333
150.3,ELS,150.0,1,3,37.733333333333334
150.3,ELS,150.0,3,3,8.666666666666668
150.3,ELS,150.0,6,3,3.5999999999999996
150.3,ELS,150.0,10,3,1.7333333333333332
150.3,ELS,150.0,11,3,1.7333333333333332
150.3,ELS,150.0,18,3,27.73333333333333
150.3,ELS,150.0,20,3,2.533333333333333
150.3,ELS,150.0,111,3,4.533333333333333
150.3,ELS,180.0,0,3,32.0
150.3,ELS,180.0,1,3,13.333333333333334
150.3,ELS,180.0,3,3,6.533333333333332
150.3,ELS,180.0,5,3,2.8000000000000003
150.3,ELS,180.0,6,3,15.866666666666667
150.3,ELS,180.0,13,3,9.333333333333334
150.3,ELS,180.0,21,3,0.6666666666666667
150.3,ELS,180.0,26,3,11.600000000000001
150.3,ELS,180.0,27,3,4.0
150.3,ELS,180.0,29,3,0.6666666666666667
150.3,ELS,180.0,30,3,2.933333333333333
150.3,ELS,180.0,34,3,0.26666666666666666
150.3,ELS,210.0,0,3,29.733333333333334
150.3,ELS,210.0,1,3,23.733333333333334
150.3,ELS,210.0,3,3,1.4666666666666666
150.3,ELS,210.0,5,3,3.5999999999999996
150.3,ELS,210.0,6,3,10.133333333333333
150.3,ELS,210.0,7,3,2.2666666666666666
150.3,ELS,210.0,13,3,17.466666666666665
150.3,ELS,210.0,26,3,11.600000000000001
150.3,ELS,240.0,0,3,21.066666666666666
150.3,ELS,240.0,1,3,37.06666666666666
150.3,ELS,240.0,3,3,0.8
150.3,ELS,240.0,6,3,33.46666666666667
150.3,ELS,240.0,9,3,0.5333333333333333
150.3,ELS,240.0,26,3,4.533333333333333
150.3,ELS,240.0,111,3,2.533333333333333
150.3,ELS,270.0,0,3,50.8
150.3,ELS,270.0,1,3,16.0
150.3,ELS,270.0,3,3,0.4
150.3,ELS,270.0,6,3,15.066666666666666
150.3,ELS,270.0,7,3,6.266666666666667
150.3,ELS,270.0,13,3,4.3999999999999995
150.3,ELS,270.0,18,3,6.4
150.3,ELS,270.0,23,3,0.6666666666666667
150.3,ELS,300.0,0,3,67.86666666666666
150.3,ELS,300.0,1,3,13.866666666666665
150.3,ELS,300.0,2,3,0.5333333333333333
150.3,ELS,300.0,6,3,3.733333333333334
150.3,ELS,300.0,10,3,0.8
150.3,ELS,300.0,16,3,0.4
150.3,ELS,300.0,23,3,0.4
150.3,ELS,300.0,26,3,12.4
150.3,ELS,330.0,0,3,61.06666666666667
150.3,ELS,330.0,1,3,1.7333333333333332
150.3,ELS,330.0,5,3,0.26666666666666666
150.3,ELS,330.0,6,3,3.4666666666666663
150.3,ELS,330.0,13,3,23.866666666666667
150.3,ELS,330.0,26,3,9.6
150.3,ELS,360.0,0,3,68.4
150.3,ELS,360.0,1,3,20.266666666666666
150.3,ELS,360.0,4,3,0.26666666666666666
150.3,ELS,360.0,8,3,0.26666666666666666
150.3,ELS,360.0,13,3,4.666666666666667
150.3,ELS,360.0,17,3,0.6666666666666667
150.3,ELS,360.0,19,3,1.3333333333333335
150.3,ELS,360.0,21,3,1.6
150.3,ELS,360.0,23,3,0.26666666666666666
150.3,ELS,360.0,29,3,0.5333333333333333
150.3,ELS,360.0,30,3,0.6666666666666667
150.3,ELS,360.0,34,3,1.0666666666666667
150.3,ELS,390.0,0,3,38.800000000000004
150.3,ELS,390.0,1,3,31.066666666666663
150.3,ELS,390.0,2,3,1.3333333333333335
150.3,ELS,390.0,3,3,6.800000000000001
150.3,ELS,390.0,4,3,1.2
150.3,ELS,390.0,8,3,0.13333333333333333
150.3,ELS,390.0,10,3,0.6666666666666667
150.3,ELS,390.0,18,3,13.066666666666665
150.3,ELS,390.0,19,3,1.2
150.3,ELS,390.0,20,3,4.933333333333334
150.3,ELS,390.0,24,3,0.13333333333333333
150.3,ELS,390.0,31,3,0.6666666666666667
150.3,ELS,420.0,0,3,85.33333333333334
150.3,ELS,420.0,1,3,7.866666666666666
150.3,ELS,420.0,6,3,3.0666666666666664
150.3,ELS,420.0,26,3,3.733333333333334
150.5,ELS,0.0,3,3,1.6
150.5,ELS,0.0,4,3,1.2
150.5,ELS,0.0,6,3,22.0
150.5,ELS,0.0,18,3,70.93333333333334
150.5,ELS,0.0,111,3,4.266666666666667
150.5,ELS,30.0,0,3,2.533333333333333
150.5,ELS,30.0,1,3,10.8
150.5,ELS,30.0,2,3,14.000000000000002
150.5,ELS,30.0,5,3,15.2
150.5,ELS,30.0,6,3,42.0
150.5,ELS,30.0,11,3,0.8
150.5,ELS,30.0,12,3,0.5333333333333333
150.5,ELS,30.0,18,3,0.6666666666666667
150.5,ELS,30.0,111,3,13.466666666666665
150.5,ELS,60.0,0,3,5.6000000000000005
150.5,ELS,60.0,2,3,30.266666666666666
150.5,ELS,60.0,3,3,6.4
150.5,ELS,60.0,4,3,3.4666666666666663
150.5,ELS,60.0,6,3,22.400000000000002
150.5,ELS,60.0,11,3,2.2666666666666666
150.5,ELS,60.0,12,3,2.8000000000000003
150.5,ELS,60.0,14,3,0.6666666666666667
150.5,ELS,60.0,16,3,1.2
150.5,ELS,60.0,18,3,4.533333333333333
150.5,ELS,60.0,21,3,1.7333333333333332
150.5,ELS,60.0,27,3,5.066666666666666
150.5,ELS,60.0,111,3,13.600000000000001
150.5,ELS,90.0,1,3,2.933333333333333
150.5,ELS,90.0,3,3,7.333333333333333
150.5,ELS,90.0,5,3,14.799999999999999
150.5,ELS,90.0,6,3,30.8
150.5,ELS,90.0,7,3,3.0666666666666664
150.5,ELS,90.0,8,3,0.26666666666666666
150.5,ELS,90.0,12,3,11.600000000000001
150.5,ELS,90.0,15,3,1.2
150.5,ELS,90.0,18,3,7.866666666666666
150.5,ELS,90.0,19,3,0.8
150.5,ELS,90.0,43,3,0.8
150.5,ELS,90.0,111,3,18.53333333333333
150.5,ELS,120.0,1,3,3.8666666666666667
150.5,ELS,120.0,2,3,6.800000000000001
150.5,ELS,120.0,3,3,7.733333333333333
150.5,ELS,120.0,5,3,3.3333333333333335
150.5,ELS,120.0,6,3,14.933333333333335
150.5,ELS,120.0,7,3,1.2
150.5,ELS,120.0,10,3,4.3999999999999995
150.5,ELS,120.0,12,3,4.933333333333334
150.5,ELS,120.0,18,3,11.733333333333333
150.5,ELS,120.0,21,3,2.1333333333333333
150.5,ELS,120.0,27,3,7.066666666666667
150.5,ELS,120.0,111,3,31.866666666666667
150.5,ELS,150.0,1,3,6.666666666666667
150.5,ELS,150.0,2,3,11.866666666666667
150.5,ELS,150.0,3,3,4.933333333333334
150.5,ELS,150.0,4,3,4.666666666666667
150.5,ELS,150.0,5,3,3.2
150.5,ELS,150.0,6,3,16.53333333333333
150.5,ELS,150.0,7,3,1.0666666666666667
150.5,ELS,150.0,8,3,0.13333333333333333
150.5,ELS,150.0,12,3,3.0666666666666664
150.5,ELS,150.0,18,3,15.466666666666667
150.5,ELS,150.0,19,3,3.3333333333333335
150.5,ELS,150.0,21,3,2.8000000000000003
150.5,ELS,150.0,25,3,5.2
150.5,ELS,150.0,111,3,21.066666666666666
150.5,ELS,180.0,0,3,1.866666666666667
150.5,ELS,180.0,1,3,8.799999999999999
150.5,ELS,180.0,2,3,12.933333333333334
150.5,ELS,180.0,3,3,4.666666666666667
150.5,ELS,180.0,4,3,3.4666666666666663
150.5,ELS,180.0,5,3,2.533333333333333
150.5,ELS,180.0,6,3,11.066666666666666
150.5,ELS,180.0,18,3,21.333333333333336
150.5,ELS,180.0,21,3,5.2
150.5,ELS,180.0,25,3,3.5999999999999996
150.5,ELS,180.0,29,3,1.6
150.5,ELS,180.0,32,3,4.8
150.5,ELS,180.0,35,3,1.2
150.5,ELS,180.0,111,3,16.933333333333334
150.5,ELS,210.0,0,3,6.933333333333333
150.5,ELS,210.0,1,3,12.266666666666666
150.5,ELS,210.0,2,3,0.26666666666666666
150.5,ELS,210.0,3,3,29.599999999999998
150.5,ELS,210.0,6,3,11.066666666666666
150.5,ELS,210.0,7,3,2.666666666666667
150.5,ELS,210.0,8,3,0.5333333333333333
150.5,ELS,210.0,13,3,10.4
150.5,ELS,210.0,18,3,22.666666666666664
150.5,ELS,210.0,21,3,0.8
150.5,ELS,210.0,25,3,2.1333333333333333
150.5,ELS,210.0,111,3,0.6666666666666667
150.5,ELS,240.0,0,3,9.066666666666666
150.5,ELS,240.0,1,3,30.4
150.5,ELS,240.0,6,3,28.133333333333333
150.5,ELS,240.0,7,3,2.666666666666667
150.5,ELS,240.0,18,3,18.8
150.5,ELS,240.0,21,3,1.6
150.5,ELS,240.0,111,3,9.333333333333334
150.5,ELS,270.0,0,3,7.199999999999999
150.5,ELS,270.0,1,3,13.733333333333334
150.5,ELS,270.0,2,3,1.6
150.5,ELS,270.0,3,3,7.733333333333333
150.5,ELS,270.0,6,3,19.6
150.5,ELS,270.0,7,3,0.26666666666666666
150.5,ELS,270.0,10,3,1.0666666666666667
150.5,ELS,270.0,11,3,0.9333333333333335
150.5,ELS,270.0,13,3,22.0
150.5,ELS,270.0,18,3,10.933333333333334
150.5,ELS,270.0,19,3,0.8
150.5,ELS,270.0,23,3,1.2
150.5,ELS,270.0,28,3,11.466666666666667
150.5,ELS,270.0,30,3,1.4666666666666666
150.5,ELS,300.0,0,3,20.933333333333334
150.5,ELS,300.0,1,3,18.53333333333333
150.5,ELS,300.0,2,3,12.4
150.5,ELS,300.0,3,3,1.3333333333333335
150.5,ELS,300.0,4,3,0.4
150.5,ELS,300.0,6,3,23.599999999999998
150.5,ELS,300.0,8,3,0.13333333333333333
150.5,ELS,300.0,9,3,0.13333333333333333
150.5,ELS,300.0,18,3,21.066666666666666
150.5,ELS,300.0,19,3,0.5333333333333333
150.5,ELS,300.0,21,3,0.9333333333333335
150.5,ELS,330.0,0,3,34.66666666666667
150.5,ELS,330.0,1,3,18.4
150.5,ELS,330.0,2,3,5.466666666666667
150.5,ELS,330.0,3,3,10.933333333333334
150.5,ELS,330.0,6,3,8.0
150.5,ELS,330.0,18,3,12.533333333333333
150.5,ELS,330.0,25,3,0.8
150.5,ELS,330.0,26,3,4.8
150.5,ELS,330.0,111,3,4.3999999999999995
150.5,ELS,360.0,0,3,20.933333333333334
150.5,ELS,360.0,1,3,26.266666666666666
150.5,ELS,360.0,2,3,1.0666666666666667
150.5,ELS,360.0,3,3,12.133333333333333
150.5,ELS,360.0,5,3,2.4
150.5,ELS,360.0,6,3,1.7333333333333332
150.5,ELS,360.0,9,3,0.13333333333333333
150.5,ELS,360.0,13,3,11.866666666666667
150.5,ELS,360.0,16,3,0.26666666666666666
150.5,ELS,360.0,18,3,6.800000000000001
150.5,ELS,360.0,23,3,1.4666666666666666
150.5,ELS,360.0,35,3,3.5999999999999996
150.5,ELS,360.0,111,3,11.333333333333332
150.5,ELS,390.0,0,3,30.0
150.5,ELS,390.0,1,3,18.933333333333334
150.5,ELS,390.0,2,3,0.26666666666666666
150.5,ELS,390.0,3,3,11.333333333333332
150.5,ELS,390.0,4,3,1.2
150.5,ELS,390.0,5,3,0.4
150.5,ELS,390.0,11,3,0.26666666666666666
150.5,ELS,390.0,12,3,2.0
150.5,ELS,390.0,13,3,22.133333333333333
150.5,ELS,390.0,26,3,8.666666666666668
150.5,ELS,390.0,111,3,4.8
150.5,ELS,420.0,0,3,38.266666666666666
150.5,ELS,420.0,1,3,17.599999999999998
150.5,ELS,420.0,3,3,11.066666666666666
150.5,ELS,420.0,6,3,14.799999999999999
150.5,ELS,420.0,10,3,0.13333333333333333
150.5,ELS,420.0,13,3,18.133333333333333
152.3,Control,0.0,1,3,2.933333333333333
152.3,Control,0.0,2,3,12.4
152.3,Control,0.0,3,3,4.933333333333334
152.3,Control,0.0,5,3,8.4
152.3,Control,0.0,6,3,3.2
152.3,Control,0.0,7,3,3.3333333333333335
152.3,Control,0.0,9,3,0.8
152.3,Control,0.0,11,3,1.7333333333333332
152.3,Control,0.0,12,3,9.333333333333334
152.3,Control,0.0,14,3,3.5999999999999996
152.3,Control,0.0,15,3,10.0
152.3,Control,0.0,16,3,1.7333333333333332
152.3,Control,0.0,19,3,0.8
152.3,Control,0.0,21,3,1.0666666666666667
152.3,Control,0.0,25,3,30.0
152.3,Control,0.0,27,3,2.1333333333333333
152.3,Control,0.0,111,3,3.5999999999999996
152.3,Control,30.0,1,3,4.0
152.3,Control,30.0,2,3,16.400000000000002
152.3,Control,30.0,5,3,15.466666666666667
152.3,Control,30.0,6,3,4.0
152.3,Control,30.0,7,3,2.933333333333333
152.3,Control,30.0,9,3,1.866666666666667
152.3,Control,30.0,11,3,2.533333333333333
152.3,Control,30.0,12,3,3.733333333333334
152.3,Control,30.0,14,3,1.6
152.3,Control,30.0,15,3,18.933333333333334
152.3,Control,30.0,16,3,0.5333333333333333
152.3,Control,30.0,17,3,2.933333333333333
152.3,Control,30.0,20,3,3.3333333333333335
152.3,Control,30.0,21,3,5.6000000000000005
152.3,Control,30.0,25,3,3.733333333333334
152.3,Control,30.0,27,3,7.199999999999999
152.3,Control,30.0,43,3,0.5333333333333333
152.3,Control,30.0,111,3,4.666666666666667
152.3,Control,60.0,2,3,10.4
152.3,Control,60.0,3,3,6.0
152.3,Control,60.0,5,3,10.266666666666667
152.3,Control,60.0,6,3,2.533333333333333
152.3,Control,60.0,7,3,19.333333333333332
152.3,Control,60.0,9,3,0.4
152.3,Control,60.0,11,3,1.2
152.3,Control,60.0,12,3,5.6000000000000005
152.3,Control,60.0,14,3,3.3333333333333335
152.3,Control,60.0,16,3,3.0666666666666664
152.3,Control,60.0,17,3,1.7333333333333332
152.3,Control,60.0,19,3,8.799999999999999
152.3,Control,60.0,21,3,6.800000000000001
152.3,Control,60.0,27,3,15.733333333333333
152.3,Control,60.0,29,3,0.8
152.3,Control,60.0,111,3,4.0
152.3,Control,90.0,1,3,3.0666666666666664
152.3,Control,90.0,2,3,23.333333333333332
152.3,Control,90.0,3,3,4.533333333333333
152.3,Control,90.0,4,3,10.533333333333333
152.3,Control,90.0,5,3,6.0
152.3,Control,90.0,7,3,10.933333333333334
152.3,Control,90.0,9,3,0.9333333333333335
152.3,Control,90.0,11,3,1.866666666666667
152.3,Control,90.0,12,3,3.5999999999999996
152.3,Control,90.0,14,3,5.733333333333333
152.3,Control,90.0,15,3,3.3333333333333335
152.3,Control,90.0,17,3,7.733333333333333
152.3,Control,90.0,19,3,2.8000000000000003
152.3,Control,90.0,21,3,2.0
152.3,Control,90.0,27,3,4.266666666666667
152.3,Control,90.0,111,3,9.333333333333334
152.3,Control,120.0,1,3,0.4
152.3,Control,120.0,2,3,13.333333333333334
152.3,Control,120.0,3,3,1.6
152.3,Control,120.0,5,3,8.533333333333333
152.3,Control,120.0,6,3,0.8
152.3,Control,120.0,7,3,4.8
152.3,Control,120.0,9,3,1.7333333333333332
152.3,Control,120.0,11,3,0.6666666666666667
152.3,Control,120.0,12,3,2.933333333333333
152.3,Control,120.0,14,3,0.8
152.3,Control,120.0,15,3,9.2
152.3,Control,120.0,17,3,7.199999999999999
152.3,Control,120.0,19,3,9.6
152.3,Control,120.0,21,3,6.666666666666667
152.3,Control,120.0,25,3,16.133333333333333
152.3,Control,120.0,32,3,4.666666666666667
152.3,Control,120.0,111,3,10.933333333333334
152.3,Control,150.0,0,3,4.533333333333333
152.3,Control,150.0,2,3,29.333333333333332
152.3,Control,150.0,3,3,10.8
152.3,Control,150.0,4,3,1.2
152.3,Control,150.0,5,3,10.133333333333333
152.3,Control,150.0,7,3,6.4
152.3,Control,150.0,11,3,0.5333333333333333
152.3,Control,150.0,12,3,6.133333333333333
152.3,Control,150.0,14,3,3.4666666666666663
152.3,Control,150.0,15,3,1.3333333333333335
152.3,Control,150.0,17,3,4.666666666666667
152.3,Control,150.0,19,3,6.0
152.3,Control,150.0,21,3,1.4666666666666666
152.3,Control,150.0,111,3,14.000000000000002
152.3,Control,180.0,0,3,6.666666666666667
152.3,Control,180.0,1,3,4.933333333333334
152.3,Control,180.0,2,3,3.2
152.3,Control,180.0,3,3,28.933333333333334
152.3,Control,180.0,4,3,9.733333333333333
152.3,Control,180.0,5,3,13.333333333333334
152.3,Control,180.0,6,3,7.066666666666667
152.3,Control,180.0,10,3,0.26666666666666666
152.3,Control,180.0,11,3,0.9333333333333335
152.3,Control,180.0,14,3,5.2
152.3,Control,180.0,16,3,0.6666666666666667
152.3,Control,180.0,17,3,6.133333333333333
152.3,Control,180.0,23,3,2.0
152.3,Control,180.0,25,3,1.2
152.3,Control,180.0,29,3,1.0666666666666667
152.3,Control,180.0,33,3,0.6666666666666667
152.3,Control,180.0,34,3,0.8
152.3,Control,180.0,111,3,7.199999999999999
152.3,Control,210.0,0,3,32.666666666666664
152.3,Control,210.0,1,3,25.333333333333336
152.3,Control,210.0,2,3,3.2
152.3,Control,210.0,3,3,4.266666666666667
152.3,Control,210.0,4,3,6.800000000000001
152.3,Control,210.0,5,3,6.533333333333332
152.3,Control,210.0,6,3,4.8
152.3,Control,210.0,7,3,1.3333333333333335
152.3,Control,210.0,16,3,1.866666666666667
152.3,Control,210.0,19,3,2.666666666666667
152.3,Control,210.0,23,3,1.0666666666666667
152.3,Control,210.0,27,3,6.133333333333333
152.3,Control,210.0,30,3,1.0666666666666667
152.3,Control,210.0,111,3,2.2666666666666666
152.3,Control,240.0,0,3,18.133333333333333
152.3,Control,240.0,1,3,16.400000000000002
152.3,Control,240.0,2,3,3.733333333333334
152.3,Control,240.0,3,3,20.533333333333335
152.3,Control,240.0,5,3,32.666666666666664
152.3,Control,240.0,9,3,0.4
152.3,Control,240.0,17,3,2.2666666666666666
152.3,Control,240.0,20,3,2.0
152.3,Control,240.0,27,3,3.8666666666666667
152.3,Control,270.0,0,3,46.800000000000004
152.3,Control,270.0,1,3,4.3999999999999995
152.3,Control,270.0,2,3,2.4
152.3,Control,270.0,3,3,14.799999999999999
152.3,Control,270.0,4,3,5.066666666666666
152.3,Control,270.0,5,3,8.533333333333333
152.3,Control,270.0,6,3,2.666666666666667
152.3,Control,270.0,7,3,0.8
152.3,Control,270.0,14,3,0.6666666666666667
152.3,Control,270.0,15,3,1.6
152.3,Control,270.0,17,3,4.3999999999999995
152.3,Control,270.0,19,3,2.1333333333333333
152.3,Control,270.0,23,3,3.8666666666666667
152.3,Control,270.0,25,3,1.866666666666667
152.3,Control,300.0,0,3,38.93333333333333
152.3,Control,300.0,1,3,20.4
152.3,Control,300.0,2,3,6.666666666666667
152.3,Control,300.0,3,3,2.533333333333333
152.3,Control,300.0,4,3,7.466666666666668
152.3,Control,300.0,5,3,10.666666666666668
152.3,Control,300.0,6,3,7.866666666666666
152.3,Control,300.0,9,3,0.4
152.3,Control,300.0,23,3,0.8
152.3,Control,300.0,25,3,1.7333333333333332
152.3,Control,300.0,27,3,2.533333333333333
152.3,Control,330.0,0,3,36.53333333333333
152.3,Control,330.0,1,3,0.26666666666666666
152.3,Control,330.0,3,3,14.266666666666666
152.3,Control,330.0,4,3,10.666666666666668
152.3,Control,330.0,5,3,0.13333333333333333
152.3,Control,330.0,6,3,19.333333333333332
152.3,Control,330.0,8,3,0.5333333333333333
152.3,Control,330.0,12,3,1.2
152.3,Control,330.0,14,3,0.8
152.3,Control,330.0,17,3,10.266666666666667
152.3,Control,330.0,25,3,0.8
152.3,Control,330.0,27,3,5.2
152.3,Control,360.0,0,3,44.53333333333334
152.3,Control,360.0,1,3,4.266666666666667
152.3,Control,360.0,2,3,5.6000000000000005
152.3,Control,360.0,3,3,13.733333333333334
152.3,Control,360.0,4,3,1.4666666666666666
152.3,Control,360.0,5,3,13.600000000000001
152.3,Control,360.0,9,3,0.5333333333333333
152.3,Control,360.0,14,3,1.2
152.3,Control,360.0,19,3,1.2
152.3,Control,360.0,20,3,2.1333333333333333
152.3,Control,360.0,23,3,1.6
152.3,Control,360.0,28,3,8.933333333333334
152.3,Control,360.0,29,3,0.4
152.3,Control,360.0,30,3,0.8
152.3,Control,390.0,0,3,37.733333333333334
152.3,Control,390.0,1,3,10.933333333333334
152.3,Control,390.0,2,3,15.6
152.3,Control,390.0,3,3,4.0
152.3,Control,390.0,4,3,5.466666666666667
152.3,Control,390.0,5,3,8.799999999999999
152.3,Control,390.0,6,3,3.8666666666666667
152.3,Control,390.0,7,3,1.2
152.3,Control,390.0,8,3,0.13333333333333333
152.3,Control,390.0,9,3,1.4666666666666666
152.3,Control,390.0,14,3,0.9333333333333335
152.3,Control,390.0,16,3,0.6666666666666667
152.3,Control,390.0,17,3,0.6666666666666667
152.3,Control,390.0,21,3,0.6666666666666667
152.3,Control,390.0,27,3,7.333333333333333
152.3,Control,390.0,34,3,0.5333333333333333
152.3,Control,420.0,0,3,50.26666666666667
152.3,Control,420.0,1,3,16.266666666666666
152.3,Control,420.0,3,3,27.866666666666667
152.3,Control,420.0,5,3,0.4
152.3,Control,420.0,6,3,5.2
152.5,Control,0.0,1,3,11.600000000000001
152.5,Control,0.0,2,3,10.8
152.5,Control,0.0,3,3,14.000000000000002
152.5,Control,0.0,5,3,29.86666666666667
152.5,Control,0.0,6,3,2.1333333333333333
152.5,Control,0.0,7,3,7.066666666666667
152.5,Control,0.0,8,3,0.13333333333333333
152.5,Control,0.0,10,3,0.8
152.5,Control,0.0,11,3,2.0
152.5,Control,0.0,12,3,6.266666666666667
152.5,Control,0.0,14,3,3.733333333333334
152.5,Control,0.0,15,3,6.800000000000001
152.5,Control,0.0,19,3,1.4666666666666666
152.5,Control,0.0,20,3,1.866666666666667
152.5,Control,0.0,22,3,1.4666666666666666
152.5,Control,30.0,0,3,4.266666666666667
152.5,Control,30.0,1,3,4.666666666666667
152.5,Control,30.0,2,3,5.466666666666667
152.5,Control,30.0,3,3,21.46666666666667
152.5,Control,30.0,4,3,1.866666666666667
152.5,Control,30.0,5,3,15.466666666666667
152.5,Control,30.0,6,3,10.266666666666667
152.5,Control,30.0,7,3,1.866666666666667
152.5,Control,30.0,10,3,8.0
152.5,Control,30.0,12,3,1.6
152.5,Control,30.0,13,3,1.6
152.5,Control,30.0,15,3,3.3333333333333335
152.5,Control,30.0,17,3,3.3333333333333335
152.5,Control,30.0,21,3,1.7333333333333332
152.5,Control,30.0,24,3,0.6666666666666667
152.5,Control,30.0,27,3,7.733333333333333
152.5,Control,30.0,111,3,6.666666666666667
152.5,Control,60.0,0,3,12.666666666666668
152.5,Control,60.0,1,3,18.0
152.5,Control,60.0,2,3,17.2
152.5,Control,60.0,3,3,12.133333333333333
152.5,Control,60.0,4,3,2.4
152.5,Control,60.0,5,3,5.6000000000000005
152.5,Control,60.0,6,3,4.3999999999999995
152.5,Control,60.0,7,3,1.2
152.5,Control,60.0,9,3,0.5333333333333333
152.5,Control,60.0,10,3,0.5333333333333333
152.5,Control,60.0,12,3,1.7333333333333332
152.5,Control,60.0,13,3,6.266666666666667
152.5,Control,60.0,15,3,1.6
152.5,Control,60.0,17,3,2.533333333333333
152.5,Control,60.0,18,3,5.333333333333334
152.5,Control,60.0,27,3,0.6666666666666667
152.5,Control,60.0,32,3,1.2
152.5,Control,60.0,67,3,2.933333333333333
152.5,Control,60.0,111,3,3.0666666666666664
152.5,Control,90.0,0,3,2.4
152.5,Control,90.0,1,3,12.0
152.5,Control,90.0,2,3,24.0
152.5,Control,90.0,4,3,0.26666666666666666
152.5,Control,90.0,5,3,12.0
152.5,Control,90.0,7,3,4.933333333333334
152.5,Control,90.0,8,3,0.5333333333333333
152.5,Control,90.0,9,3,1.0666666666666667
152.5,Control,90.0,11,3,1.0666666666666667
152.5,Control,90.0,16,3,2.1333333333333333
152.5,Control,90.0,19,3,0.9333333333333335
152.5,Control,90.0,21,3,0.4
152.5,Control,90.0,27,3,21.333333333333336
152.5,Control,90.0,30,3,0.13333333333333333
152.5,Control,90.0,31,3,0.5333333333333333
152.5,Control,90.0,111,3,16.266666666666666
152.5,Control,120.0,0,3,18.266666666666666
152.5,Control,120.0,1,3,4.3999999999999995
152.5,Control,120.0,2,3,1.4666666666666666
152.5,Control,120.0,3,3,4.8
152.5,Control,120.0,4,3,8.933333333333334
152.5,Control,120.0,5,3,12.0
152.5,Control,120.0,6,3,36.53333333333333
152.5,Control,120.0,10,3,6.800000000000001
152.5,Control,120.0,17,3,0.8
152.5,Control,120.0,27,3,4.933333333333334
152.5,Control,120.0,111,3,1.0666666666666667
152.5,Control,150.0,0,3,17.599999999999998
152.5,Control,150.0,1,3,14.799999999999999
152.5,Control,150.0,2,3,5.733333333333333
152.5,Control,150.0,3,3,2.933333333333333
152.5,Control,150.0,5,3,23.866666666666667
152.5,Control,150.0,6,3,6.666666666666667
152.5,Control,150.0,10,3,2.2666666666666666
152.5,Control,150.0,13,3,10.933333333333334
152.5,Control,150.0,16,3,1.7333333333333332
152.5,Control,150.0,19,3,0.6666666666666667
152.5,Control,150.0,27,3,8.533333333333333
152.5,Control,150.0,111,3,4.266666666666667
152.5,Control,180.0,0,3,25.466666666666665
152.5,Control,180.0,1,3,1.0666666666666667
152.5,Control,180.0,2,3,7.466666666666668
152.5,Control,180.0,3,3,15.866666666666667
152.5,Control,180.0,5,3,22.26666666666667
152.5,Control,180.0,6,3,9.333333333333334
152.5,Control,180.0,8,3,0.5333333333333333
152.5,Control,180.0,10,3,1.2
152.5,Control,180.0,11,3,0.9333333333333335
152.5,Control,180.0,12,3,3.3333333333333335
152.5,Control,180.0,14,3,1.0666666666666667
152.5,Control,180.0,34,3,0.4
152.5,Control,180.0,111,3,11.066666666666666
152.5,Control,210.0,0,3,28.799999999999997
152.5,Control,210.0,1,3,4.8
152.5,Control,210.0,2,3,7.466666666666668
152.5,Control,210.0,3,3,11.466666666666667
152.5,Control,210.0,5,3,6.266666666666667
152.5,Control,210.0,6,3,7.733333333333333
152.5,Control,210.0,7,3,1.866666666666667
152.5,Control,210.0,10,3,11.066666666666666
152.5,Control,210.0,15,3,0.9333333333333335
152.5,Control,210.0,19,3,1.6
152.5,Control,210.0,20,3,3.8666666666666667
152.5,Control,210.0,23,3,0.26666666666666666
152.5,Control,210.0,28,3,8.266666666666666
152.5,Control,210.0,111,3,5.6000000000000005
152.5,Control,240.0,0,3,64.4
152.5,Control,240.0,1,3,17.333333333333336
152.5,Control,240.0,2,3,4.266666666666667
152.5,Control,240.0,4,3,1.4666666666666666
152.5,Control,240.0,5,3,5.333333333333334
152.5,Control,240.0,6,3,0.9333333333333335
152.5,Control,240.0,9,3,0.26666666666666666
152.5,Control,240.0,10,3,0.5333333333333333
152.5,Control,240.0,18,3,4.533333333333333
152.5,Control,240.0,19,3,0.9333333333333335
152.5,Control,270.0,0,3,55.06666666666666
152.5,Control,270.0,1,3,6.133333333333333
152.5,Control,270.0,2,3,5.2
152.5,Control,270.0,3,3,4.8
152.5,Control,270.0,5,3,22.933333333333334
152.5,Control,270.0,19,3,1.866666666666667
152.5,Control,270.0,21,3,0.8
152.5,Control,270.0,23,3,1.6
152.5,Control,270.0,29,3,1.0666666666666667
152.5,Control,270.0,35,3,0.5333333333333333
152.5,Control,300.0,0,3,54.400000000000006
152.5,Control,300.0,1,3,4.266666666666667
152.5,Control,300.0,2,3,19.6
152.5,Control,300.0,3,3,2.933333333333333
152.5,Control,300.0,5,3,4.3999999999999995
152.5,Control,300.0,6,3,5.2
152.5,Control,300.0,8,3,0.26666666666666666
152.5,Control,300.0,16,3,0.5333333333333333
152.5,Control,300.0,23,3,2.2666666666666666
152.5,Control,300.0,25,3,4.666666666666667
152.5,Control,300.0,29,3,0.4
152.5,Control,300.0,33,3,0.26666666666666666
152.5,Control,300.0,39,3,0.8
152.5,Control,330.0,0,3,46.400000000000006
152.5,Control,330.0,1,3,28.53333333333333
152.5,Control,330.0,5,3,4.3999999999999995
152.5,Control,330.0,7,3,0.26666666666666666
152.5,Control,330.0,10,3,1.3333333333333335
152.5,Control,330.0,20,3,3.5999999999999996
152.5,Control,330.0,28,3,15.466666666666667
152.5,Control,360.0,0,3,58.8
152.5,Control,360.0,1,3,17.333333333333336
152.5,Control,360.0,2,3,1.2
152.5,Control,360.0,4,3,0.26666666666666666
152.5,Control,360.0,5,3,11.200000000000001
152.5,Control,360.0,19,3,0.6666666666666667
152.5,Control,360.0,23,3,0.5333333333333333
152.5,Control,360.0,28,3,6.533333333333332
152.5,Control,360.0,30,3,0.26666666666666666
152.5,Control,360.0,34,3,2.4
152.5,Control,360.0,35,3,0.8
152.5,Control,390.0,0,3,54.0
152.5,Control,390.0,1,3,23.466666666666665
152.5,Control,390.0,2,3,3.733333333333334
152.5,Control,390.0,4,3,0.6666666666666667
152.5,Control,390.0,6,3,3.8666666666666667
152.5,Control,390.0,7,3,0.4
152.5,Control,390.0,15,3,4.533333333333333
152.5,Control,390.0,16,3,0.4
152.5,Control,390.0,17,3,0.6666666666666667
152.5,Control,390.0,23,3,0.13333333333333333
152.5,Control,390.0,26,3,5.866666666666666
152.5,Control,390.0,29,3,1.0666666666666667
152.5,Control,390.0,30,3,1.2
152.5,Control,420.0,0,3,68.0
152.5,Control,420.0,1,3,15.466666666666667
152.5,Control,420.0,6,3,9.2
152.5,Control,420.0,10,3,0.26666666666666666
152.5,Control,420.0,13,3,7.066666666666667
153.4,ELS,0.0,1,3,12.4
153.4,ELS,0.0,2,3,2.1333333333333333
153.4,ELS,0.0,3,3,34.93333333333333
153.4,ELS,0.0,4,3,3.3333333333333335
153.4,ELS,0.0,5,3,9.733333333333333
153.4,ELS,0.0,6,3,26.0
153.4,ELS,0.0,7,3,1.2
153.4,ELS,0.0,11,3,0.6666666666666667
153.4,ELS,0.0,15,3,0.6666666666666667
153.4,ELS,0.0,19,3,0.6666666666666667
153.4,ELS,0.0,20,3,2.4
153.4,ELS,0.0,22,3,1.6
153.4,ELS,0.0,27,3,4.266666666666667
153.4,ELS,30.0,0,3,12.133333333333333
153.4,ELS,30.0,1,3,2.666666666666667
153.4,ELS,30.0,2,3,22.933333333333334
153.4,ELS,30.0,3,3,9.733333333333333
153.4,ELS,30.0,5,3,6.666666666666667
153.4,ELS,30.0,6,3,27.6
153.4,ELS,30.0,7,3,1.6
153.4,ELS,30.0,12,3,1.0666666666666667
153.4,ELS,30.0,13,3,7.466666666666668
153.4,ELS,30.0,16,3,0.5333333333333333
153.4,ELS,30.0,18,3,7.6
153.4,ELS,60.0,0,3,1.2
153.4,ELS,60.0,3,3,27.866666666666667
153.4,ELS,60.0,6,3,23.599999999999998
153.4,ELS,60.0,7,3,4.133333333333333
153.4,ELS,60.0,18,3,39.06666666666666
153.4,ELS,60.0,111,3,4.133333333333333
153.4,ELS,90.0,0,3,12.8
153.4,ELS,90.0,1,3,28.933333333333334
153.4,ELS,90.0,3,3,13.066666666666665
153.4,ELS,90.0,4,3,4.533333333333333
153.4,ELS,90.0,5,3,21.2
153.4,ELS,90.0,6,3,9.2
153.4,ELS,90.0,7,3,2.0
153.4,ELS,90.0,10,3,1.0666666666666667
153.4,ELS,90.0,11,3,0.6666666666666667
153.4,ELS,90.0,18,3,5.866666666666666
153.4,ELS,90.0,19,3,0.6666666666666667
153.4,ELS,120.0,0,3,24.8
153.4,ELS,120.0,1,3,12.666666666666668
153.4,ELS,120.0,2,3,7.6
153.4,ELS,120.0,3,3,10.666666666666668
153.4,ELS,120.0,4,3,1.4666666666666666
153.4,ELS,120.0,6,3,18.933333333333334
153.4,ELS,120.0,7,3,2.2666666666666666
153.4,ELS,120.0,10,3,3.2
153.4,ELS,120.0,13,3,9.2
153.4,ELS,120.0,19,3,0.13333333333333333
153.4,ELS,120.0,111,3,9.066666666666666
153.4,ELS,150.0,0,3,28.26666666666667
153.4,ELS,150.0,1,3,14.533333333333335
153.4,ELS,150.0,2,3,4.933333333333334
153.4,ELS,150.0,3,3,22.133333333333333
153.4,ELS,150.0,5,3,3.0666666666666664
153.4,ELS,150.0,6,3,9.066666666666666
153.4,ELS,150.0,7,3,1.866666666666667
153.4,ELS,150.0,10,3,10.4
153.4,ELS,150.0,11,3,1.4666666666666666
153.4,ELS,150.0,16,3,0.5333333333333333
153.4,ELS,150.0,21,3,2.1333333333333333
153.4,ELS,150.0,25,3,1.6
153.4,ELS,180.0,0,3,28.4
153.4,ELS,180.0,1,3,5.6000000000000005
153.4,ELS,180.0,3,3,5.6000000000000005
153.4,ELS,180.0,4,3,1.3333333333333335
153.4,ELS,180.0,5,3,5.733333333333333
153.4,ELS,180.0,6,3,27.066666666666666
153.4,ELS,180.0,7,3,1.0666666666666667
153.4,ELS,180.0,9,3,0.13333333333333333
153.4,ELS,180.0,10,3,0.9333333333333335
153.4,ELS,180.0,12,3,1.866666666666667
153.4,ELS,180.0,16,3,2.0
153.4,ELS,180.0,18,3,14.799999999999999
153.4,ELS,180.0,23,3,3.2
153.4,ELS,180.0,30,3,2.2666666666666666
153.4,ELS,210.0,0,3,24.53333333333333
153.4,ELS,210.0,1,3,35.46666666666667
153.4,ELS,210.0,3,3,6.266666666666667
153.4,ELS,210.0,5,3,9.2
153.4,ELS,210.0,6,3,17.599999999999998
153.4,ELS,210.0,16,3,0.26666666666666666
153.4,ELS,210.0,17,3,0.4
153.4,ELS,210.0,111,3,6.266666666666667
153.4,ELS,240.0,0,3,22.666666666666664
153.4,ELS,240.0,1,3,34.93333333333333
153.4,ELS,240.0,5,3,7.6
153.4,ELS,240.0,13,3,34.8
153.4,ELS,270.0,0,3,37.06666666666666
153.4,ELS,270.0,1,3,9.733333333333333
153.4,ELS,270.0,3,3,3.2
153.4,ELS,270.0,4,3,2.0
153.4,ELS,270.0,5,3,1.0666666666666667
153.4,ELS,270.0,6,3,25.866666666666667
153.4,ELS,270.0,10,3,2.4
153.4,ELS,270.0,13,3,12.8
153.4,ELS,270.0,21,3,0.5333333333333333
153.4,ELS,270.0,23,3,4.0
153.4,ELS,270.0,24,3,0.13333333333333333
153.4,ELS,270.0,29,3,0.26666666666666666
153.4,ELS,270.0,31,3,0.5333333333333333
153.4,ELS,270.0,33,3,0.4
153.4,ELS,300.0,0,3,52.13333333333333
153.4,ELS,300.0,1,3,11.733333333333333
153.4,ELS,300.0,3,3,4.533333333333333
153.4,ELS,300.0,4,3,3.5999999999999996
153.4,ELS,300.0,5,3,3.5999999999999996
153.4,ELS,300.0,6,3,13.066666666666665
153.4,ELS,300.0,13,3,10.133333333333333
153.4,ELS,300.0,19,3,1.0666666666666667
153.4,ELS,300.0,23,3,0.13333333333333333
153.4,ELS,330.0,0,3,46.53333333333333
153.4,ELS,330.0,1,3,37.6
153.4,ELS,330.0,2,3,5.2
153.4,ELS,330.0,3,3,2.1333333333333333
153.4,ELS,330.0,6,3,8.533333333333333
153.4,ELS,360.0,0,3,59.06666666666667
153.4,ELS,360.0,1,3,31.733333333333334
153.4,ELS,360.0,3,3,0.9333333333333335
153.4,ELS,360.0,6,3,0.4
153.4,ELS,360.0,10,3,1.3333333333333335
153.4,ELS,360.0,17,3,0.6666666666666667
153.4,ELS,360.0,21,3,0.6666666666666667
153.4,ELS,360.0,23,3,4.3999999999999995
153.4,ELS,360.0,29,3,0.26666666666666666
153.4,ELS,360.0,34,3,0.13333333333333333
153.4,ELS,360.0,36,3,0.4
153.4,ELS,390.0,0,3,34.13333333333333
153.4,ELS,390.0,1,3,20.533333333333335
153.4,ELS,390.0,3,3,5.6000000000000005
153.4,ELS,390.0,4,3,2.933333333333333
153.4,ELS,390.0,6,3,12.266666666666666
153.4,ELS,390.0,8,3,0.26666666666666666
153.4,ELS,390.0,9,3,1.2
153.4,ELS,390.0,22,3,1.3333333333333335
153.4,ELS,390.0,23,3,0.26666666666666666
153.4,ELS,390.0,26,3,15.866666666666667
153.4,ELS,390.0,28,3,4.266666666666667
153.4,ELS,390.0,31,3,1.3333333333333335
153.4,ELS,420.0,0,3,31.333333333333336
153.4,ELS,420.0,1,3,36.53333333333333
153.4,ELS,420.0,2,3,8.266666666666666
153.4,ELS,420.0,6,3,11.066666666666666
153.4,ELS,420.0,13,3,12.8
154.4,ELS,0.0,0,3,0.8
154.4,ELS,0.0,1,3,6.266666666666667
154.4,ELS,0.0,2,3,34.4
154.4,ELS,0.0,3,3,10.933333333333334
154.4,ELS,0.0,4,3,1.2
154.4,ELS,0.0,5,3,3.733333333333334
154.4,ELS,0.0,6,3,11.200000000000001
154.4,ELS,0.0,7,3,6.0
154.4,ELS,0.0,9,3,0.26666666666666666
154.4,ELS,0.0,10,3,6.0
154.4,ELS,0.0,12,3,2.933333333333333
154.4,ELS,0.0,15,3,4.8
154.4,ELS,0.0,16,3,1.0666666666666667
154.4,ELS,0.0,21,3,1.866666666666667
154.4,ELS,0.0,22,3,3.733333333333334
154.4,ELS,0.0,25,3,3.5999999999999996
154.4,ELS,0.0,30,3,1.2
154.4,ELS,30.0,1,3,19.6
154.4,ELS,30.0,3,3,5.066666666666666
154.4,ELS,30.0,5,3,14.399999999999999
154.4,ELS,30.0,7,3,4.3999999999999995
154.4,ELS,30.0,12,3,4.8
154.4,ELS,30.0,13,3,7.066666666666667
154.4,ELS,30.0,15,3,1.866666666666667
154.4,ELS,30.0,16,3,2.4
154.4,ELS,30.0,18,3,4.0
154.4,ELS,30.0,19,3,0.9333333333333335
154.4,ELS,30.0,20,3,3.8666666666666667
154.4,ELS,30.0,22,3,1.7333333333333332
154.4,ELS,30.0,25,3,4.666666666666667
154.4,ELS,30.0,27,3,21.066666666666666
154.4,ELS,30.0,111,3,4.133333333333333
154.4,ELS,60.0,0,3,0.8
154.4,ELS,60.0,1,3,17.866666666666667
154.4,ELS,60.0,2,3,4.666666666666667
154.4,ELS,60.0,3,3,24.4
154.4,ELS,60.0,5,3,36.666666666666664
154.4,ELS,60.0,7,3,0.8
154.4,ELS,60.0,10,3,0.9333333333333335
154.4,ELS,60.0,14,3,5.6000000000000005
154.4,ELS,60.0,15,3,0.8
154.4,ELS,60.0,16,3,0.6666666666666667
154.4,ELS,60.0,25,3,2.4
154.4,ELS,60.0,32,3,2.2666666666666666
154.4,ELS,60.0,111,3,2.1333333333333333
154.4,ELS,90.0,0,3,14.133333333333335
154.4,ELS,90.0,1,3,15.066666666666666
154.4,ELS,90.0,2,3,20.533333333333335
154.4,ELS,90.0,3,3,9.466666666666667
154.4,ELS,90.0,5,3,7.066666666666667
154.4,ELS,90.0,6,3,18.53333333333333
154.4,ELS,90.0,7,3,2.666666666666667
154.4,ELS,90.0,12,3,2.1333333333333333
154.4,ELS,90.0,21,3,1.3333333333333335
154.4,ELS,90.0,22,3,0.13333333333333333
154.4,ELS,90.0,111,3,8.933333333333334
154.4,ELS,120.0,0,3,4.3999999999999995
154.4,ELS,120.0,1,3,14.266666666666666
154.4,ELS,120.0,2,3,14.933333333333335
154.4,ELS,120.0,3,3,29.599999999999998
154.4,ELS,120.0,5,3,0.13333333333333333
154.4,ELS,120.0,6,3,6.800000000000001
154.4,ELS,120.0,7,3,0.9333333333333335
154.4,ELS,120.0,17,3,2.4
154.4,ELS,120.0,19,3,0.5333333333333333
154.4,ELS,120.0,21,3,1.0666666666666667
154.4,ELS,120.0,27,3,13.600000000000001
154.4,ELS,120.0,111,3,11.333333333333332
154.4,ELS,150.0,0,3,12.266666666666666
154.4,ELS,150.0,1,3,25.2
154.4,ELS,150.0,2,3,23.333333333333332
154.4,ELS,150.0,3,3,16.133333333333333
154.4,ELS,150.0,5,3,2.1333333333333333
154.4,ELS,150.0,6,3,5.333333333333334
154.4,ELS,150.0,10,3,0.4
154.4,ELS,150.0,32,3,2.1333333333333333
154.4,ELS,150.0,111,3,13.066666666666665
154.4,ELS,180.0,0,3,22.133333333333333
154.4,ELS,180.0,1,3,16.666666666666664
154.4,ELS,180.0,3,3,8.266666666666666
154.4,ELS,180.0,5,3,5.066666666666666
154.4,ELS,180.0,6,3,4.8
154.4,ELS,180.0,11,3,2.0
154.4,ELS,180.0,23,3,3.4666666666666663
154.4,ELS,180.0,27,3,26.93333333333333
154.4,ELS,180.0,29,3,0.6666666666666667
154.4,ELS,180.0,31,3,0.26666666666666666
154.4,ELS,180.0,34,3,1.7333333333333332
154.4,ELS,180.0,111,3,8.0
154.4,ELS,210.0,0,3,35.199999999999996
154.4,ELS,210.0,1,3,2.2666666666666666
154.4,ELS,210.0,3,3,18.53333333333333
154.4,ELS,210.0,4,3,7.466666666666668
154.4,ELS,210.0,6,3,9.6
154.4,ELS,210.0,7,3,0.4
154.4,ELS,210.0,12,3,0.4
154.4,ELS,210.0,16,3,0.26666666666666666
154.4,ELS,210.0,17,3,1.866666666666667
154.4,ELS,210.0,22,3,0.8
154.4,ELS,210.0,23,3,1.4666666666666666
154.4,ELS,210.0,28,3,21.73333333333333
154.4,ELS,240.0,0,3,24.8
154.4,ELS,240.0,1,3,14.799999999999999
154.4,ELS,240.0,3,3,16.933333333333334
154.4,ELS,240.0,5,3,3.3333333333333335
154.4,ELS,240.0,6,3,13.600000000000001
154.4,ELS,240.0,7,3,4.533333333333333
154.4,ELS,240.0,27,3,22.0
154.4,ELS,270.0,0,3,29.333333333333332
154.4,ELS,270.0,1,3,12.8
154.4,ELS,270.0,3,3,9.466666666666667
154.4,ELS,270.0,4,3,18.8
154.4,ELS,270.0,6,3,8.666666666666668
154.4,ELS,270.0,18,3,9.066666666666666
154.4,ELS,270.0,21,3,0.5333333333333333
154.4,ELS,270.0,23,3,3.0666666666666664
154.4,ELS,270.0,30,3,0.5333333333333333
154.4,ELS,270.0,34,3,1.866666666666667
154.4,ELS,270.0,39,3,1.3333333333333335
154.4,ELS,270.0,111,3,4.533333333333333
154.4,ELS,300.0,0,3,47.599999999999994
154.4,ELS,300.0,1,3,6.0
154.4,ELS,300.0,3,3,0.8
154.4,ELS,300.0,4,3,16.8
154.4,ELS,300.0,5,3,12.4
154.4,ELS,300.0,12,3,1.3333333333333335
154.4,ELS,300.0,15,3,0.9333333333333335
154.4,ELS,300.0,17,3,0.26666666666666666
154.4,ELS,300.0,18,3,11.066666666666666
154.4,ELS,300.0,23,3,0.6666666666666667
154.4,ELS,300.0,30,3,1.7333333333333332
154.4,ELS,300.0,34,3,0.4
154.4,ELS,330.0,0,3,12.533333333333333
154.4,ELS,330.0,1,3,28.133333333333333
154.4,ELS,330.0,3,3,17.2
154.4,ELS,330.0,4,3,2.933333333333333
154.4,ELS,330.0,5,3,17.333333333333336
154.4,ELS,330.0,6,3,2.8000000000000003
154.4,ELS,330.0,7,3,1.4666666666666666
154.4,ELS,330.0,13,3,14.533333333333335
154.4,ELS,330.0,25,3,3.0666666666666664
154.4,ELS,360.0,0,3,62.93333333333333
154.4,ELS,360.0,1,3,7.6
154.4,ELS,360.0,3,3,17.2
154.4,ELS,360.0,4,3,1.7333333333333332
154.4,ELS,360.0,5,3,4.533333333333333
154.4,ELS,360.0,11,3,2.1333333333333333
154.4,ELS,360.0,23,3,1.866666666666667
154.4,ELS,360.0,25,3,0.9333333333333335
154.4,ELS,360.0,30,3,1.0666666666666667
154.4,ELS,390.0,0,3,41.46666666666667
154.4,ELS,390.0,1,3,13.066666666666665
154.4,ELS,390.0,3,3,23.866666666666667
154.4,ELS,390.0,4,3,1.0666666666666667
154.4,ELS,390.0,6,3,10.266666666666667
154.4,ELS,390.0,13,3,7.199999999999999
154.4,ELS,390.0,17,3,1.0666666666666667
154.4,ELS,390.0,25,3,2.0
154.4,ELS,420.0,0,3,51.33333333333333
154.4,ELS,420.0,1,3,10.666666666666668
154.4,ELS,420.0,3,3,6.266666666666667
154.4,ELS,420.0,5,3,3.3333333333333335
154.4,ELS,420.0,6,3,12.933333333333334
154.4,ELS,420.0,12,3,0.6666666666666667
154.4,ELS,420.0,13,3,14.799999999999999
157.1,Control,0.0,2,3,30.133333333333333
157.1,Control,0.0,3,3,5.333333333333334
157.1,Control,0.0,5,3,4.266666666666667
157.1,Control,0.0,7,3,17.866666666666667
157.1,Control,0.0,9,3,1.866666666666667
157.1,Control,0.0,11,3,0.6666666666666667
157.1,Control,0.0,12,3,6.4
157.1,Control,0.0,14,3,2.533333333333333
157.1,Control,0.0,15,3,1.2
157.1,Control,0.0,16,3,3.733333333333334
157.1,Control,0.0,17,3,2.8000000000000003
157.1,Control,0.0,20,3,5.2
157.1,Control,0.0,21,3,1.3333333333333335
157.1,Control,0.0,22,3,1.3333333333333335
157.1,Control,0.0,25,3,3.8666666666666667
157.1,Control,0.0,27,3,11.466666666666667
157.1,Control,30.0,2,3,19.2
157.1,Control,30.0,3,3,10.533333333333333
157.1,Control,30.0,4,3,4.666666666666667
157.1,Control,30.0,5,3,3.2
157.1,Control,30.0,6,3,4.3999999999999995
157.1,Control,30.0,7,3,2.933333333333333
157.1,Control,30.0,8,3,0.5333333333333333
157.1,Control,30.0,9,3,0.9333333333333335
157.1,Control,30.0,11,3,0.9333333333333335
157.1,Control,30.0,12,3,4.266666666666667
157.1,Control,30.0,15,3,6.133333333333333
157.1,Control,30.0,16,3,0.6666666666666667
157.1,Control,30.0,17,3,6.933333333333333
157.1,Control,30.0,19,3,0.26666666666666666
157.1,Control,30.0,21,3,7.333333333333333
157.1,Control,30.0,22,3,9.866666666666667
157.1,Control,30.0,25,3,4.3999999999999995
157.1,Control,30.0,27,3,12.666666666666668
157.1,Control,30.0,30,3,0.13333333333333333
157.1,Control,60.0,0,3,1.2
157.1,Control,60.0,1,3,2.666666666666667
157.1,Control,60.0,2,3,15.866666666666667
157.1,Control,60.0,4,3,3.8666666666666667
157.1,Control,60.0,5,3,9.6
157.1,Control,60.0,6,3,1.866666666666667
157.1,Control,60.0,7,3,8.666666666666668
157.1,Control,60.0,8,3,0.6666666666666667
157.1,Control,60.0,9,3,0.6666666666666667
157.1,Control,60.0,11,3,1.866666666666667
157.1,Control,60.0,12,3,7.466666666666668
157.1,Control,60.0,14,3,2.1333333333333333
157.1,Control,60.0,15,3,3.3333333333333335
157.1,Control,60.0,16,3,4.3999999999999995
157.1,Control,60.0,21,3,1.3333333333333335
157.1,Control,60.0,22,3,13.600000000000001
157.1,Control,60.0,25,3,3.2
157.1,Control,60.0,27,3,7.6
157.1,Control,60.0,32,3,7.466666666666668
157.1,Control,60.0,33,3,0.8
157.1,Control,60.0,35,3,1.7333333333333332
157.1,Control,90.0,1,3,2.0
157.1,Control,90.0,2,3,4.8
157.1,Control,90.0,3,3,2.0
157.1,Control,90.0,4,3,9.866666666666667
157.1,Control,90.0,5,3,7.866666666666666
157.1,Control,90.0,6,3,2.4
157.1,Control,90.0,7,3,10.8
157.1,Control,90.0,8,3,1.3333333333333335
157.1,Control,90.0,9,3,2.8000000000000003
157.1,Control,90.0,11,3,1.7333333333333332
157.1,Control,90.0,12,3,6.800000000000001
157.1,Control,90.0,14,3,2.8000000000000003
157.1,Control,90.0,15,3,3.3333333333333335
157.1,Control,90.0,16,3,0.9333333333333335
157.1,Control,90.0,17,3,0.6666666666666667
157.1,Control,90.0,22,3,24.266666666666666
157.1,Control,90.0,25,3,3.3333333333333335
157.1,Control,90.0,27,3,11.200000000000001
157.1,Control,90.0,39,3,1.0666666666666667
157.1,Control,120.0,0,3,9.6
157.1,Control,120.0,1,3,14.000000000000002
157.1,Control,120.0,2,3,0.4
157.1,Control,120.0,3,3,15.333333333333332
157.1,Control,120.0,4,3,11.200000000000001
157.1,Control,120.0,5,3,10.533333333333333
157.1,Control,120.0,6,3,2.1333333333333333
157.1,Control,120.0,7,3,1.7333333333333332
157.1,Control,120.0,8,3,0.5333333333333333
157.1,Control,120.0,9,3,0.13333333333333333
157.1,Control,120.0,11,3,3.8666666666666667
157.1,Control,120.0,13,3,2.533333333333333
157.1,Control,120.0,14,3,4.666666666666667
157.1,Control,120.0,15,3,2.1333333333333333
157.1,Control,120.0,19,3,0.26666666666666666
157.1,Control,120.0,21,3,1.2
157.1,Control,120.0,22,3,6.0
157.1,Control,120.0,27,3,9.466666666666667
157.1,Control,120.0,29,3,0.26666666666666666
157.1,Control,120.0,32,3,1.866666666666667
157.1,Control,120.0,38,3,2.1333333333333333
157.1,Control,150.0,0,3,6.0
157.1,Control,150.0,1,3,8.666666666666668
157.1,Control,150.0,2,3,6.266666666666667
157.1,Control,150.0,4,3,10.8
157.1,Control,150.0,5,3,0.9333333333333335
157.1,Control,150.0,6,3,8.933333333333334
157.1,Control,150.0,7,3,11.866666666666667
157.1,Control,150.0,8,3,1.4666666666666666
157.1,Control,150.0,9,3,2.0
157.1,Control,150.0,10,3,2.533333333333333
157.1,Control,150.0,11,3,0.6666666666666667
157.1,Control,150.0,12,3,3.3333333333333335
157.1,Control,150.0,17,3,1.7333333333333332
157.1,Control,150.0,19,3,1.4666666666666666
157.1,Control,150.0,21,3,1.4666666666666666
157.1,Control,150.0,22,3,18.0
157.1,Control,150.0,27,3,2.8000000000000003
157.1,Control,150.0,28,3,6.800000000000001
157.1,Control,150.0,29,3,0.26666666666666666
157.1,Control,150.0,31,3,0.5333333333333333
157.1,Control,150.0,33,3,0.8
157.1,Control,150.0,35,3,0.9333333333333335
157.1,Control,150.0,85,3,1.7333333333333332
157.1,Control,180.0,0,3,12.533333333333333
157.1,Control,180.0,1,3,9.333333333333334
157.1,Control,180.0,2,3,11.066666666666666
157.1,Control,180.0,3,3,1.7333333333333332
157.1,Control,180.0,5,3,3.5999999999999996
157.1,Control,180.0,6,3,1.2
157.1,Control,180.0,7,3,6.133333333333333
157.1,Control,180.0,10,3,2.666666666666667
157.1,Control,180.0,11,3,1.0666666666666667
157.1,Control,180.0,12,3,5.333333333333334
157.1,Control,180.0,14,3,4.266666666666667
157.1,Control,180.0,16,3,1.4666666666666666
157.1,Control,180.0,19,3,1.2
157.1,Control,180.0,21,3,3.3333333333333335
157.1,Control,180.0,23,3,1.3333333333333335
157.1,Control,180.0,25,3,6.533333333333332
157.1,Control,180.0,27,3,11.333333333333332
157.1,Control,180.0,29,3,0.26666666666666666
157.1,Control,180.0,39,3,2.4
157.1,Control,180.0,46,3,0.26666666666666666
157.1,Control,180.0,111,3,12.933333333333334
157.1,Control,210.0,0,3,18.933333333333334
157.1,Control,210.0,1,3,32.266666666666666
157.1,Control,210.0,2,3,4.266666666666667
157.1,Control,210.0,4,3,13.333333333333334
157.1,Control,210.0,5,3,5.066666666666666
157.1,Control,210.0,7,3,4.266666666666667
157.1,Control,210.0,8,3,0.9333333333333335
157.1,Control,210.0,9,3,0.4
157.1,Control,210.0,10,3,1.6
157.1,Control,210.0,11,3,0.5333333333333333
157.1,Control,210.0,12,3,3.5999999999999996
157.1,Control,210.0,17,3,1.7333333333333332
157.1,Control,210.0,21,3,0.4
157.1,Control,210.0,22,3,6.4
157.1,Control,210.0,28,3,5.866666666666666
157.1,Control,210.0,46,3,0.4
157.1,Control,240.0,0,3,16.933333333333334
157.1,Control,240.0,1,3,30.4
157.1,Control,240.0,2,3,7.866666666666666
157.1,Control,240.0,3,3,18.0
157.1,Control,240.0,5,3,4.0
157.1,Control,240.0,10,3,1.866666666666667
157.1,Control,240.0,13,3,18.53333333333333
157.1,Control,240.0,14,3,1.3333333333333335
157.1,Control,240.0,21,3,1.0666666666666667
157.1,Control,270.0,0,3,21.333333333333336
157.1,Control,270.0,1,3,23.333333333333332
157.1,Control,270.0,3,3,7.866666666666666
157.1,Control,270.0,4,3,10.666666666666668
157.1,Control,270.0,7,3,5.466666666666667
157.1,Control,270.0,8,3,0.13333333333333333
157.1,Control,270.0,9,3,1.0666666666666667
157.1,Control,270.0,12,3,2.0
157.1,Control,270.0,13,3,8.133333333333333
157.1,Control,270.0,15,3,0.5333333333333333
157.1,Control,270.0,17,3,0.26666666666666666
157.1,Control,270.0,19,3,0.6666666666666667
157.1,Control,270.0,20,3,6.666666666666667
157.1,Control,270.0,21,3,0.8
157.1,Control,270.0,27,3,2.8000000000000003
157.1,Control,270.0,30,3,1.7333333333333332
157.1,Control,270.0,31,3,0.5333333333333333
157.1,Control,270.0,32,3,4.266666666666667
157.1,Control,270.0,34,3,0.4
157.1,Control,270.0,36,3,0.8
157.1,Control,270.0,49,3,0.5333333333333333
157.1,Control,300.0,0,3,16.8
157.1,Control,300.0,1,3,36.53333333333333
157.1,Control,300.0,3,3,11.733333333333333
157.1,Control,300.0,6,3,14.266666666666666
157.1,Control,300.0,7,3,0.8
157.1,Control,300.0,15,3,0.6666666666666667
157.1,Control,300.0,21,3,1.6
157.1,Control,300.0,22,3,0.8
157.1,Control,300.0,28,3,16.8
157.1,Control,330.0,0,3,33.6
157.1,Control,330.0,1,3,31.2
157.1,Control,330.0,2,3,9.066666666666666
157.1,Control,330.0,3,3,10.266666666666667
157.1,Control,330.0,4,3,5.6000000000000005
157.1,Control,330.0,5,3,1.4666666666666666
157.1,Control,330.0,6,3,6.0
157.1,Control,330.0,7,3,1.0666666666666667
157.1,Control,330.0,10,3,0.8
157.1,Control,330.0,21,3,0.9333333333333335
157.1,Control,360.0,0,3,27.200000000000003
157.1,Control,360.0,1,3,30.533333333333335
157.1,Control,360.0,3,3,20.0
157.1,Control,360.0,4,3,6.0
157.1,Control,360.0,5,3,1.0666666666666667
157.1,Control,360.0,6,3,4.0
157.1,Control,360.0,7,3,1.0666666666666667
157.1,Control,360.0,9,3,0.9333333333333335
157.1,Control,360.0,16,3,0.5333333333333333
157.1,Control,360.0,17,3,1.3333333333333335
157.1,Control,360.0,25,3,1.0666666666666667
157.1,Control,360.0,29,3,1.0666666666666667
157.1,Control,360.0,32,3,4.133333333333333
157.1,Control,360.0,48,3,1.0666666666666667
157.1,Control,390.0,0,3,30.266666666666666
157.1,Control,390.0,1,3,23.599999999999998
157.1,Control,390.0,4,3,5.733333333333333
157.1,Control,390.0,6,3,24.0
157.1,Control,390.0,7,3,2.933333333333333
157.1,Control,390.0,8,3,0.5333333333333333
157.1,Control,390.0,13,3,1.866666666666667
157.1,Control,390.0,16,3,0.26666666666666666
157.1,Control,390.0,25,3,2.1333333333333333
157.1,Control,390.0,28,3,8.666666666666668
157.1,Control,420.0,0,3,49.86666666666667
157.1,Control,420.0,1,3,16.933333333333334
157.1,Control,420.0,5,3,5.866666666666666
157.1,Control,420.0,13,3,27.333333333333332
157.4,Control,0.0,1,3,13.466666666666665
157.4,Control,0.0,2,3,22.0
157.4,Control,0.0,3,3,23.733333333333334
157.4,Control,0.0,4,3,0.4
157.4,Control,0.0,5,3,15.866666666666667
157.4,Control,0.0,7,3,2.1333333333333333
157.4,Control,0.0,9,3,1.2
157.4,Control,0.0,10,3,10.133333333333333
157.4,Control,0.0,12,3,1.7333333333333332
157.4,Control,0.0,15,3,2.2666666666666666
157.4,Control,0.0,17,3,2.1333333333333333
157.4,Control,0.0,22,3,1.0666666666666667
157.4,Control,0.0,111,3,3.8666666666666667
157.4,Control,30.0,2,3,15.2
157.4,Control,30.0,3,3,31.466666666666665
157.4,Control,30.0,4,3,0.5333333333333333
157.4,Control,30.0,5,3,17.466666666666665
157.4,Control,30.0,6,3,11.733333333333333
157.4,Control,30.0,7,3,2.0
157.4,Control,30.0,9,3,1.0666666666666667
157.4,Control,30.0,17,3,3.3333333333333335
157.4,Control,30.0,18,3,9.466666666666667
157.4,Control,30.0,25,3,2.1333333333333333
157.4,Control,30.0,111,3,5.6000000000000005
157.4,Control,60.0,0,3,2.8000000000000003
157.4,Control,60.0,2,3,17.333333333333336
157.4,Control,60.0,3,3,19.066666666666666
157.4,Control,60.0,4,3,14.799999999999999
157.4,Control,60.0,5,3,17.866666666666667
157.4,Control,60.0,6,3,5.066666666666666
157.4,Control,60.0,8,3,0.26666666666666666
157.4,Control,60.0,9,3,0.4
157.4,Control,60.0,12,3,0.9333333333333335
157.4,Control,60.0,17,3,4.266666666666667
157.4,Control,60.0,19,3,1.4666666666666666
157.4,Control,60.0,21,3,1.2
157.4,Control,60.0,27,3,5.466666666666667
157.4,Control,60.0,111,3,9.066666666666666
157.4,Control,90.0,1,3,10.4
157.4,Control,90.0,2,3,13.866666666666665
157.4,Control,90.0,3,3,36.53333333333333
157.4,Control,90.0,4,3,0.26666666666666666
157.4,Control,90.0,5,3,4.933333333333334
157.4,Control,90.0,7,3,1.6
157.4,Control,90.0,8,3,0.5333333333333333
157.4,Control,90.0,9,3,2.4
157.4,Control,90.0,11,3,0.26666666666666666
157.4,Control,90.0,12,3,3.733333333333334
157.4,Control,90.0,14,3,3.733333333333334
157.4,Control,90.0,15,3,3.0666666666666664
157.4,Control,90.0,16,3,0.4
157.4,Control,90.0,17,3,0.6666666666666667
157.4,Control,90.0,19,3,0.5333333333333333
157.4,Control,90.0,21,3,4.533333333333333
157.4,Control,90.0,22,3,1.3333333333333335
157.4,Control,90.0,24,3,0.13333333333333333
157.4,Control,90.0,25,3,2.2666666666666666
157.4,Control,90.0,111,3,8.799999999999999
157.4,Control,120.0,0,3,2.0
157.4,Control,120.0,1,3,19.333333333333332
157.4,Control,120.0,3,3,31.333333333333336
157.4,Control,120.0,4,3,9.066666666666666
157.4,Control,120.0,5,3,8.933333333333334
157.4,Control,120.0,6,3,4.133333333333333
157.4,Control,120.0,7,3,3.0666666666666664
157.4,Control,120.0,8,3,4.0
157.4,Control,120.0,9,3,2.0
157.4,Control,120.0,11,3,0.6666666666666667
157.4,Control,120.0,16,3,0.26666666666666666
157.4,Control,120.0,17,3,5.866666666666666
157.4,Control,120.0,21,3,1.2
157.4,Control,120.0,22,3,3.733333333333334
157.4,Control,120.0,24,3,0.5333333333333333
157.4,Control,120.0,32,3,2.0
157.4,Control,120.0,36,3,1.866666666666667
157.4,Control,150.0,0,3,10.266666666666667
157.4,Control,150.0,1,3,3.5999999999999996
157.4,Control,150.0,2,3,29.06666666666667
157.4,Control,150.0,3,3,22.933333333333334
157.4,Control,150.0,4,3,3.2
157.4,Control,150.0,6,3,2.2666666666666666
157.4,Control,150.0,7,3,3.4666666666666663
157.4,Control,150.0,8,3,0.4
157.4,Control,150.0,9,3,1.2
157.4,Control,150.0,16,3,1.2
157.4,Control,150.0,17,3,4.666666666666667
157.4,Control,150.0,20,3,2.4
157.4,Control,150.0,32,3,1.0666666666666667
157.4,Control,150.0,111,3,14.266666666666666
157.4,Control,180.0,0,3,3.3333333333333335
157.4,Control,180.0,1,3,14.799999999999999
157.4,Control,180.0,2,3,12.8
157.4,Control,180.0,3,3,12.8
157.4,Control,180.0,4,3,2.533333333333333
157.4,Control,180.0,5,3,3.0666666666666664
157.4,Control,180.0,6,3,13.200000000000001
157.4,Control,180.0,7,3,1.6
157.4,Control,180.0,8,3,0.5333333333333333
157.4,Control,180.0,9,3,1.4666666666666666
157.4,Control,180.0,10,3,1.6
157.4,Control,180.0,14,3,1.0666666666666667
157.4,Control,180.0,17,3,5.333333333333334
157.4,Control,180.0,19,3,0.5333333333333333
157.4,Control,180.0,21,3,3.3333333333333335
157.4,Control,180.0,23,3,0.8
157.4,Control,180.0,25,3,1.6
157.4,Control,180.0,29,3,1.2
157.4,Control,180.0,34,3,0.8
157.4,Control,180.0,111,3,17.599999999999998
157.4,Control,210.0,0,3,22.26666666666667
157.4,Control,210.0,1,3,16.933333333333334
157.4,Control,210.0,3,3,10.4
157.4,Control,210.0,4,3,20.4
157.4,Control,210.0,5,3,4.133333333333333
157.4,Control,210.0,6,3,11.866666666666667
157.4,Control,210.0,9,3,1.0666666666666667
157.4,Control,210.0,12,3,2.2666666666666666
157.4,Control,210.0,13,3,4.8
157.4,Control,210.0,17,3,3.733333333333334
157.4,Control,210.0,21,3,0.6666666666666667
157.4,Control,210.0,111,3,1.4666666666666666
157.4,Control,240.0,0,3,24.133333333333333
157.4,Control,240.0,1,3,2.8000000000000003
157.4,Control,240.0,3,3,16.933333333333334
157.4,Control,240.0,4,3,10.0
157.4,Control,240.0,5,3,3.0666666666666664
157.4,Control,240.0,6,3,36.4
157.4,Control,240.0,7,3,0.5333333333333333
157.4,Control,240.0,9,3,0.4
157.4,Control,240.0,17,3,0.9333333333333335
157.4,Control,240.0,22,3,4.8
157.4,Control,270.0,0,3,14.799999999999999
157.4,Control,270.0,1,3,18.133333333333333
157.4,Control,270.0,2,3,11.866666666666667
157.4,Control,270.0,3,3,22.666666666666664
157.4,Control,270.0,4,3,3.5999999999999996
157.4,Control,270.0,5,3,5.733333333333333
157.4,Control,270.0,6,3,5.2
157.4,Control,270.0,7,3,0.9333333333333335
157.4,Control,270.0,10,3,1.7333333333333332
157.4,Control,270.0,11,3,0.4
157.4,Control,270.0,12,3,1.4666666666666666
157.4,Control,270.0,15,3,0.6666666666666667
157.4,Control,270.0,21,3,0.4
157.4,Control,270.0,23,3,1.3333333333333335
157.4,Control,270.0,24,3,0.4
157.4,Control,270.0,29,3,1.0666666666666667
157.4,Control,270.0,30,3,0.8
157.4,Control,270.0,34,3,1.6
157.4,Control,270.0,111,3,7.199999999999999
157.4,Control,300.0,0,3,49.6
157.4,Control,300.0,1,3,10.4
157.4,Control,300.0,2,3,0.5333333333333333
157.4,Control,300.0,3,3,11.333333333333332
157.4,Control,300.0,5,3,8.133333333333333
157.4,Control,300.0,6,3,12.133333333333333
157.4,Control,300.0,13,3,4.0
157.4,Control,300.0,16,3,0.6666666666666667
157.4,Control,300.0,21,3,1.6
157.4,Control,300.0,30,3,0.5333333333333333
157.4,Control,300.0,36,3,1.0666666666666667
157.4,Control,330.0,0,3,61.33333333333333
157.4,Control,330.0,1,3,2.0
157.4,Control,330.0,6,3,36.666666666666664
157.4,Control,360.0,0,3,44.4
157.4,Control,360.0,1,3,45.6
157.4,Control,360.0,8,3,0.5333333333333333
157.4,Control,360.0,10,3,1.6
157.4,Control,360.0,11,3,0.6666666666666667
157.4,Control,360.0,17,3,1.2
157.4,Control,360.0,22,3,0.8
157.4,Control,360.0,29,3,0.8
157.4,Control,360.0,34,3,2.666666666666667
157.4,Control,360.0,111,3,1.7333333333333332
157.4,Control,390.0,0,3,20.533333333333335
157.4,Control,390.0,1,3,27.333333333333332
157.4,Control,390.0,3,3,5.333333333333334
157.4,Control,390.0,4,3,1.0666666666666667
157.4,Control,390.0,6,3,9.466666666666667
157.4,Control,390.0,7,3,2.1333333333333333
157.4,Control,390.0,10,3,1.2
157.4,Control,390.0,13,3,27.066666666666666
157.4,Control,390.0,26,3,5.6000000000000005
157.4,Control,390.0,111,3,0.26666666666666666
157.4,Control,420.0,0,3,33.33333333333333
157.4,Control,420.0,1,3,48.8
157.4,Control,420.0,5,3,6.800000000000001
157.4,Control,420.0,13,3,9.333333333333334
157.4,Control,420.0,26,3,1.7333333333333332
158.5,Control,0.0,1,3,12.933333333333334
158.5,Control,0.0,3,3,4.133333333333333
158.5,Control,0.0,5,3,8.0
158.5,Control,0.0,6,3,25.333333333333336
158.5,Control,0.0,7,3,10.133333333333333
158.5,Control,0.0,10,3,1.6
158.5,Control,0.0,12,3,0.6666666666666667
158.5,Control,0.0,15,3,0.4
158.5,Control,0.0,16,3,1.0666666666666667
158.5,Control,0.0,18,3,9.2
158.5,Control,0.0,20,3,3.2
158.5,Control,0.0,27,3,16.133333333333333
158.5,Control,0.0,40,3,3.4666666666666663
158.5,Control,0.0,111,3,3.733333333333334
158.5,Control,30.0,2,3,32.0
158.5,Control,30.0,3,3,28.799999999999997
158.5,Control,30.0,5,3,5.2
158.5,Control,30.0,6,3,6.4
158.5,Control,30.0,7,3,1.866666666666667
158.5,Control,30.0,12,3,1.0666666666666667
158.5,Control,30.0,18,3,3.0666666666666664
158.5,Control,30.0,21,3,0.26666666666666666
158.5,Control,30.0,22,3,2.4
158.5,Control,30.0,25,3,5.733333333333333
158.5,Control,30.0,111,3,13.200000000000001
158.5,Control,60.0,0,3,9.2
158.5,Control,60.0,1,3,15.066666666666666
158.5,Control,60.0,2,3,14.266666666666666
158.5,Control,60.0,3,3,3.733333333333334
158.5,Control,60.0,5,3,15.466666666666667
158.5,Control,60.0,6,3,21.066666666666666
158.5,Control,60.0,7,3,4.0
158.5,Control,60.0,8,3,0.6666666666666667
158.5,Control,60.0,9,3,0.5333333333333333
158.5,Control,60.0,12,3,4.533333333333333
158.5,Control,60.0,15,3,0.4
158.5,Control,60.0,16,3,1.3333333333333335
158.5,Control,60.0,19,3,1.7333333333333332
158.5,Control,60.0,21,3,0.6666666666666667
158.5,Control,60.0,25,3,2.4
158.5,Control,60.0,111,3,4.933333333333334
158.5,Control,90.0,0,3,5.2
158.5,Control,90.0,1,3,23.466666666666665
158.5,Control,90.0,2,3,15.6
158.5,Control,90.0,3,3,27.066666666666666
158.5,Control,90.0,6,3,15.733333333333333
158.5,Control,90.0,7,3,1.3333333333333335
158.5,Control,90.0,11,3,0.4
158.5,Control,90.0,13,3,5.2
158.5,Control,90.0,111,3,6.0
158.5,Control,120.0,0,3,27.200000000000003
158.5,Control,120.0,1,3,8.533333333333333
158.5,Control,120.0,2,3,3.733333333333334
158.5,Control,120.0,3,3,15.466666666666667
158.5,Control,120.0,5,3,14.000000000000002
158.5,Control,120.0,6,3,13.600000000000001
158.5,Control,120.0,8,3,2.933333333333333
158.5,Control,120.0,9,3,2.533333333333333
158.5,Control,120.0,10,3,0.9333333333333335
158.5,Control,120.0,16,3,0.5333333333333333
158.5,Control,120.0,17,3,0.4
158.5,Control,120.0,19,3,1.4666666666666666
158.5,Control,120.0,31,3,1.0666666666666667
158.5,Control,120.0,32,3,1.4666666666666666
158.5,Control,120.0,111,3,6.133333333333333
158.5,Control,150.0,0,3,3.4666666666666663
158.5,Control,150.0,1,3,3.0666666666666664
158.5,Control,150.0,2,3,30.933333333333334
158.5,Control,150.0,3,3,2.933333333333333
158.5,Control,150.0,4,3,1.6
158.5,Control,150.0,5,3,8.933333333333334
158.5,Control,150.0,6,3,4.3999999999999995
158.5,Control,150.0,7,3,1.7333333333333332
158.5,Control,150.0,10,3,1.2
158.5,Control,150.0,12,3,1.2
158.5,Control,150.0,14,3,1.6
158.5,Control,150.0,16,3,0.8
158.5,Control,150.0,21,3,1.3333333333333335
158.5,Control,150.0,24,3,0.26666666666666666
158.5,Control,150.0,26,3,8.0
158.5,Control,150.0,111,3,28.53333333333333
158.5,Control,180.0,0,3,7.6
158.5,Control,180.0,1,3,17.866666666666667
158.5,Control,180.0,2,3,5.6000000000000005
158.5,Control,180.0,3,3,1.866666666666667
158.5,Control,180.0,4,3,7.199999999999999
158.5,Control,180.0,5,3,7.066666666666667
158.5,Control,180.0,6,3,24.0
158.5,Control,180.0,8,3,0.6666666666666667
158.5,Control,180.0,15,3,0.6666666666666667
158.5,Control,180.0,17,3,0.9333333333333335
158.5,Control,180.0,23,3,3.8666666666666667
158.5,Control,180.0,24,3,0.5333333333333333
158.5,Control,180.0,26,3,13.333333333333334
158.5,Control,180.0,29,3,0.4
158.5,Control,180.0,31,3,0.8
158.5,Control,180.0,34,3,1.3333333333333335
158.5,Control,180.0,111,3,6.266666666666667
158.5,Control,210.0,0,3,22.933333333333334
158.5,Control,210.0,1,3,18.53333333333333
158.5,Control,210.0,3,3,35.46666666666667
158.5,Control,210.0,4,3,0.26666666666666666
158.5,Control,210.0,6,3,3.8666666666666667
158.5,Control,210.0,8,3,0.6666666666666667
158.5,Control,210.0,9,3,2.2666666666666666
158.5,Control,210.0,17,3,3.8666666666666667
158.5,Control,210.0,20,3,3.8666666666666667
158.5,Control,210.0,23,3,0.9333333333333335
158.5,Control,210.0,28,3,4.266666666666667
158.5,Control,210.0,29,3,1.6
158.5,Control,210.0,31,3,0.9333333333333335
158.5,Control,210.0,33,3,0.5333333333333333
158.5,Control,240.0,0,3,37.6
158.5,Control,240.0,1,3,1.7333333333333332
158.5,Control,240.0,3,3,14.533333333333335
158.5,Control,240.0,4,3,4.266666666666667
158.5,Control,240.0,5,3,0.5333333333333333
158.5,Control,240.0,6,3,19.866666666666667
158.5,Control,240.0,7,3,0.5333333333333333
158.5,Control,240.0,8,3,2.4
158.5,Control,240.0,10,3,0.5333333333333333
158.5,Control,240.0,15,3,1.2
158.5,Control,240.0,17,3,2.1333333333333333
158.5,Control,240.0,22,3,2.666666666666667
158.5,Control,240.0,24,3,0.13333333333333333
158.5,Control,240.0,28,3,11.866666666666667
158.5,Control,270.0,0,3,34.93333333333333
158.5,Control,270.0,1,3,16.266666666666666
158.5,Control,270.0,3,3,26.266666666666666
158.5,Control,270.0,4,3,14.533333333333335
158.5,Control,270.0,5,3,0.4
158.5,Control,270.0,11,3,0.4
158.5,Control,270.0,17,3,1.866666666666667
158.5,Control,270.0,23,3,0.6666666666666667
158.5,Control,270.0,30,3,2.0
158.5,Control,270.0,34,3,2.666666666666667
158.5,Control,300.0,0,3,50.26666666666667
158.5,Control,300.0,1,3,12.0
158.5,Control,300.0,3,3,9.466666666666667
158.5,Control,300.0,6,3,5.466666666666667
158.5,Control,300.0,13,3,13.733333333333334
158.5,Control,300.0,26,3,9.066666666666666
158.5,Control,330.0,0,3,49.86666666666667
158.5,Control,330.0,1,3,11.466666666666667
158.5,Control,330.0,2,3,2.1333333333333333
158.5,Control,330.0,3,3,15.466666666666667
158.5,Control,330.0,5,3,6.266666666666667
158.5,Control,330.0,6,3,6.800000000000001
158.5,Control,330.0,7,3,4.666666666666667
158.5,Control,330.0,26,3,3.3333333333333335
158.5,Control,360.0,0,3,61.86666666666667
158.5,Control,360.0,1,3,5.066666666666666
158.5,Control,360.0,2,3,4.666666666666667
158.5,Control,360.0,3,3,1.3333333333333335
158.5,Control,360.0,4,3,1.0666666666666667
158.5,Control,360.0,5,3,6.133333333333333
158.5,Control,360.0,6,3,2.933333333333333
158.5,Control,360.0,8,3,4.0
158.5,Control,360.0,9,3,0.4
158.5,Control,360.0,11,3,1.2
158.5,Control,360.0,12,3,0.8
158.5,Control,360.0,13,3,3.8666666666666667
158.5,Control,360.0,16,3,0.6666666666666667
158.5,Control,360.0,17,3,1.2
158.5,Control,360.0,22,3,0.5333333333333333
158.5,Control,360.0,23,3,0.5333333333333333
158.5,Control,360.0,29,3,0.6666666666666667
158.5,Control,360.0,30,3,2.1333333333333333
158.5,Control,360.0,31,3,0.9333333333333335
158.5,Control,390.0,0,3,48.4
158.5,Control,390.0,1,3,31.866666666666667
158.5,Control,390.0,3,3,13.066666666666665
158.5,Control,390.0,4,3,1.3333333333333335
158.5,Control,390.0,12,3,1.4666666666666666
158.5,Control,390.0,23,3,1.4666666666666666
158.5,Control,390.0,26,3,2.2666666666666666
158.5,Control,390.0,29,3,0.13333333333333333
158.5,Control,420.0,0,3,68.13333333333334
158.5,Control,420.0,1,3,24.0
158.5,Control,420.0,2,3,1.7333333333333332
158.5,Control,420.0,5,3,4.133333333333333
158.5,Control,420.0,6,3,2.0
159.3,ELS,0.0,6,3,38.800000000000004
159.3,ELS,0.0,18,3,14.799999999999999
159.3,ELS,0.0,26,3,46.400000000000006
159.3,ELS,30.0,1,3,9.6
159.3,ELS,30.0,6,3,24.4
159.3,ELS,30.0,18,3,55.333333333333336
159.3,ELS,30.0,25,3,1.3333333333333335
159.3,ELS,30.0,111,3,9.333333333333334
159.3,ELS,60.0,0,3,15.466666666666667
159.3,ELS,60.0,1,3,16.133333333333333
159.3,ELS,60.0,2,3,7.466666666666668
159.3,ELS,60.0,6,3,7.199999999999999
159.3,ELS,60.0,7,3,2.8000000000000003
159.3,ELS,60.0,18,3,47.733333333333334
159.3,ELS,60.0,111,3,3.2
159.3,ELS,90.0,0,3,8.933333333333334
159.3,ELS,90.0,1,3,23.333333333333332
159.3,ELS,90.0,6,3,4.133333333333333
159.3,ELS,90.0,13,3,15.066666666666666
159.3,ELS,90.0,18,3,21.73333333333333
159.3,ELS,90.0,26,3,21.866666666666667
159.3,ELS,90.0,111,3,4.933333333333334
159.3,ELS,120.0,0,3,3.3333333333333335
159.3,ELS,120.0,1,3,4.3999999999999995
159.3,ELS,120.0,6,3,24.933333333333334
159.3,ELS,120.0,13,3,2.533333333333333
159.3,ELS,120.0,18,3,41.46666666666667
159.3,ELS,120.0,20,3,2.2666666666666666
159.3,ELS,120.0,111,3,21.066666666666666
159.3,ELS,150.0,0,3,3.8666666666666667
159.3,ELS,150.0,1,3,6.533333333333332
159.3,ELS,150.0,2,3,4.266666666666667
159.3,ELS,150.0,6,3,34.93333333333333
159.3,ELS,150.0,7,3,4.8
159.3,ELS,150.0,18,3,14.666666666666666
159.3,ELS,150.0,26,3,3.8666666666666667
159.3,ELS,150.0,111,3,27.066666666666666
159.3,ELS,180.0,0,3,7.466666666666668
159.3,ELS,180.0,1,3,8.933333333333334
159.3,ELS,180.0,3,3,1.866666666666667
159.3,ELS,180.0,6,3,17.066666666666666
159.3,ELS,180.0,18,3,53.46666666666666
159.3,ELS,180.0,30,3,2.1333333333333333
159.3,ELS,180.0,32,3,1.6
159.3,ELS,180.0,111,3,7.466666666666668
159.3,ELS,210.0,0,3,19.2
159.3,ELS,210.0,1,3,38.13333333333333
159.3,ELS,210.0,6,3,38.666666666666664
159.3,ELS,210.0,10,3,0.6666666666666667
159.3,ELS,210.0,32,3,3.3333333333333335
159.3,ELS,240.0,0,3,11.600000000000001
159.3,ELS,240.0,1,3,19.066666666666666
159.3,ELS,240.0,3,3,2.8000000000000003
159.3,ELS,240.0,6,3,3.733333333333334
159.3,ELS,240.0,12,3,2.8000000000000003
159.3,ELS,240.0,13,3,16.266666666666666
159.3,ELS,240.0,18,3,41.06666666666667
159.3,ELS,240.0,21,3,2.666666666666667
159.3,ELS,270.0,0,3,2.8000000000000003
159.3,ELS,270.0,1,3,22.26666666666667
159.3,ELS,270.0,2,3,6.533333333333332
159.3,ELS,270.0,5,3,3.733333333333334
159.3,ELS,270.0,6,3,25.866666666666667
159.3,ELS,270.0,7,3,2.2666666666666666
159.3,ELS,270.0,13,3,18.933333333333334
159.3,ELS,270.0,16,3,1.2
159.3,ELS,270.0,18,3,8.133333333333333
159.3,ELS,270.0,21,3,0.9333333333333335
159.3,ELS,270.0,111,3,7.333333333333333
159.3,ELS,300.0,0,3,17.2
159.3,ELS,300.0,1,3,14.666666666666666
159.3,ELS,300.0,2,3,1.4666666666666666
159.3,ELS,300.0,6,3,22.933333333333334
159.3,ELS,300.0,13,3,5.6000000000000005
159.3,ELS,300.0,18,3,16.666666666666664
159.3,ELS,300.0,21,3,1.0666666666666667
159.3,ELS,300.0,26,3,20.4
159.3,ELS,330.0,0,3,9.866666666666667
159.3,ELS,330.0,1,3,9.066666666666666
159.3,ELS,330.0,2,3,5.066666666666666
159.3,ELS,330.0,3,3,5.866666666666666
159.3,ELS,330.0,6,3,23.599999999999998
159.3,ELS,330.0,7,3,3.5999999999999996
159.3,ELS,330.0,12,3,0.5333333333333333
159.3,ELS,330.0,15,3,2.0
159.3,ELS,330.0,18,3,26.13333333333333
159.3,ELS,330.0,22,3,1.7333333333333332
159.3,ELS,330.0,26,3,12.533333333333333
159.3,ELS,360.0,0,3,19.333333333333332
159.3,ELS,360.0,1,3,34.4
159.3,ELS,360.0,6,3,30.8
159.3,ELS,360.0,21,3,3.733333333333334
159.3,ELS,360.0,26,3,9.733333333333333
159.3,ELS,360.0,29,3,1.2
159.3,ELS,360.0,39,3,0.8
159.3,ELS,390.0,0,3,13.466666666666665
159.3,ELS,390.0,1,3,37.733333333333334
159.3,ELS,390.0,2,3,6.0
159.3,ELS,390.0,4,3,4.133333333333333
159.3,ELS,390.0,5,3,1.866666666666667
159.3,ELS,390.0,6,3,4.133333333333333
159.3,ELS,390.0,7,3,2.8000000000000003
159.3,ELS,390.0,13,3,14.000000000000002
159.3,ELS,390.0,21,3,2.1333333333333333
159.3,ELS,390.0,27,3,0.8
159.3,ELS,390.0,111,3,12.933333333333334
159.3,ELS,420.0,0,3,48.53333333333333
159.3,ELS,420.0,1,3,20.8
159.3,ELS,420.0,6,3,3.5999999999999996
159.3,ELS,420.0,13,3,7.866666666666666
159.3,ELS,420.0,26,3,8.266666666666666
159.3,ELS,420.0,35,3,0.9333333333333335
159.3,ELS,420.0,111,3,10.0
159.4,ELS,0.0,1,3,36.8
159.4,ELS,0.0,6,3,5.6000000000000005
159.4,ELS,0.0,7,3,0.9333333333333335
159.4,ELS,0.0,13,3,4.533333333333333
159.4,ELS,0.0,18,3,42.266666666666666
159.4,ELS,0.0,20,3,3.4666666666666663
159.4,ELS,0.0,111,3,6.4
159.4,ELS,30.0,0,3,4.266666666666667
159.4,ELS,30.0,1,3,44.0
159.4,ELS,30.0,6,3,8.266666666666666
159.4,ELS,30.0,13,3,35.46666666666667
159.4,ELS,30.0,26,3,8.0
159.4,ELS,60.0,0,3,3.4666666666666663
159.4,ELS,60.0,1,3,29.46666666666667
159.4,ELS,60.0,3,3,1.4666666666666666
159.4,ELS,60.0,6,3,3.4666666666666663
159.4,ELS,60.0,13,3,34.66666666666667
159.4,ELS,60.0,18,3,26.13333333333333
159.4,ELS,60.0,20,3,1.3333333333333335
159.4,ELS,90.0,0,3,5.6000000000000005
159.4,ELS,90.0,6,3,53.2
159.4,ELS,90.0,13,3,19.2
159.4,ELS,90.0,18,3,5.333333333333334
159.4,ELS,90.0,26,3,13.066666666666665
159.4,ELS,90.0,111,3,3.5999999999999996
159.4,ELS,120.0,0,3,14.666666666666666
159.4,ELS,120.0,1,3,38.0
159.4,ELS,120.0,3,3,3.2
159.4,ELS,120.0,6,3,16.8
159.4,ELS,120.0,13,3,14.133333333333335
159.4,ELS,120.0,18,3,13.200000000000001
159.4,ELS,150.0,0,3,15.6
159.4,ELS,150.0,3,3,6.4
159.4,ELS,150.0,5,3,0.9333333333333335
159.4,ELS,150.0,6,3,33.86666666666667
159.4,ELS,150.0,18,3,12.133333333333333
159.4,ELS,150.0,26,3,6.0
159.4,ELS,150.0,37,3,5.6000000000000005
159.4,ELS,150.0,111,3,19.466666666666665
159.4,ELS,180.0,0,3,37.6
159.4,ELS,180.0,1,3,4.266666666666667
159.4,ELS,180.0,2,3,1.866666666666667
159.4,ELS,180.0,3,3,2.8000000000000003
159.4,ELS,180.0,5,3,0.4
159.4,ELS,180.0,6,3,8.4
159.4,ELS,180.0,8,3,0.13333333333333333
159.4,ELS,180.0,9,3,0.5333333333333333
159.4,ELS,180.0,12,3,1.6
159.4,ELS,180.0,13,3,6.133333333333333
159.4,ELS,180.0,18,3,3.8666666666666667
159.4,ELS,180.0,21,3,2.1333333333333333
159.4,ELS,180.0,26,3,28.000000000000004
159.4,ELS,180.0,37,3,2.1333333333333333
159.4,ELS,180.0,111,3,0.13333333333333333
159.4,ELS,210.0,0,3,35.46666666666667
159.4,ELS,210.0,1,3,4.266666666666667
159.4,ELS,210.0,6,3,16.133333333333333
159.4,ELS,210.0,13,3,8.666666666666668
159.4,ELS,210.0,18,3,14.533333333333335
159.4,ELS,210.0,21,3,1.6
159.4,ELS,210.0,26,3,19.333333333333332
159.4,ELS,240.0,0,3,38.53333333333334
159.4,ELS,240.0,1,3,10.933333333333334
159.4,ELS,240.0,3,3,1.6
159.4,ELS,240.0,4,3,4.533333333333333
159.4,ELS,240.0,6,3,1.866666666666667
159.4,ELS,240.0,13,3,7.333333333333333
159.4,ELS,240.0,17,3,0.4
159.4,ELS,240.0,18,3,27.333333333333332
159.4,ELS,240.0,111,3,7.466666666666668
159.4,ELS,270.0,0,3,46.800000000000004
159.4,ELS,270.0,1,3,11.600000000000001
159.4,ELS,270.0,3,3,2.0
159.4,ELS,270.0,4,3,0.5333333333333333
159.4,ELS,270.0,6,3,17.599999999999998
159.4,ELS,270.0,11,3,2.2666666666666666
159.4,ELS,270.0,13,3,6.0
159.4,ELS,270.0,16,3,0.6666666666666667
159.4,ELS,270.0,18,3,2.533333333333333
159.4,ELS,270.0,19,3,1.3333333333333335
159.4,ELS,270.0,26,3,8.533333333333333
159.4,ELS,270.0,29,3,0.13333333333333333
159.4,ELS,300.0,0,3,47.733333333333334
159.4,ELS,300.0,1,3,16.266666666666666
159.4,ELS,300.0,6,3,2.666666666666667
159.4,ELS,300.0,7,3,1.7333333333333332
159.4,ELS,300.0,13,3,7.866666666666666
159.4,ELS,300.0,18,3,6.933333333333333
159.4,ELS,300.0,26,3,16.8
159.4,ELS,330.0,0,3,68.93333333333334
159.4,ELS,330.0,1,3,15.6
159.4,ELS,330.0,3,3,2.0
159.4,ELS,330.0,6,3,2.2666666666666666
159.4,ELS,330.0,13,3,1.0666666666666667
159.4,ELS,330.0,26,3,10.133333333333333
159.4,ELS,360.0,0,3,47.199999999999996
159.4,ELS,360.0,1,3,13.333333333333334
159.4,ELS,360.0,6,3,11.600000000000001
159.4,ELS,360.0,7,3,0.26666666666666666
159.4,ELS,360.0,12,3,1.7333333333333332
159.4,ELS,360.0,13,3,23.066666666666666
159.4,ELS,360.0,26,3,1.6
159.4,ELS,360.0,70,3,1.2
159.4,ELS,390.0,0,3,58.4
159.4,ELS,390.0,1,3,13.466666666666665
159.4,ELS,390.0,4,3,1.4666666666666666
159.4,ELS,390.0,6,3,6.266666666666667
159.4,ELS,390.0,7,3,1.2
159.4,ELS,390.0,18,3,15.866666666666667
159.4,ELS,390.0,26,3,3.3333333333333335
159.4,ELS,420.0,0,3,76.66666666666667
159.4,ELS,420.0,1,3,8.4
159.4,ELS,420.0,6,3,6.0
159.4,ELS,420.0,13,3,4.8
159.4,ELS,420.0,26,3,4.133333333333333
159.5,ELS,0.0,0,3,2.666666666666667
159.5,ELS,0.0,4,3,0.8
159.5,ELS,0.0,6,3,38.93333333333333
159.5,ELS,0.0,13,3,6.0
159.5,ELS,0.0,18,3,34.266666666666666
159.5,ELS,0.0,26,3,14.133333333333335
159.5,ELS,0.0,111,3,3.2
159.5,ELS,30.0,1,3,14.933333333333335
159.5,ELS,30.0,6,3,13.200000000000001
159.5,ELS,30.0,12,3,1.2
159.5,ELS,30.0,13,3,16.400000000000002
159.5,ELS,30.0,18,3,47.46666666666667
159.5,ELS,30.0,26,3,6.800000000000001
159.5,ELS,60.0,0,3,8.266666666666666
159.5,ELS,60.0,1,3,10.533333333333333
159.5,ELS,60.0,2,3,12.266666666666666
159.5,ELS,60.0,3,3,20.933333333333334
159.5,ELS,60.0,4,3,2.1333333333333333
159.5,ELS,60.0,6,3,5.333333333333334
159.5,ELS,60.0,7,3,3.3333333333333335
159.5,ELS,60.0,13,3,4.533333333333333
159.5,ELS,60.0,15,3,0.4
159.5,ELS,60.0,18,3,26.266666666666666
159.5,ELS,60.0,111,3,6.0
159.5,ELS,90.0,1,3,30.133333333333333
159.5,ELS,90.0,6,3,6.0
159.5,ELS,90.0,7,3,6.4
159.5,ELS,90.0,9,3,0.5333333333333333
159.5,ELS,90.0,11,3,0.9333333333333335
159.5,ELS,90.0,13,3,3.733333333333334
159.5,ELS,90.0,18,3,37.6
159.5,ELS,90.0,21,3,1.866666666666667
159.5,ELS,90.0,27,3,1.7333333333333332
159.5,ELS,90.0,111,3,11.066666666666666
159.5,ELS,120.0,0,3,2.933333333333333
159.5,ELS,120.0,1,3,18.666666666666668
159.5,ELS,120.0,2,3,1.4666666666666666
159.5,ELS,120.0,6,3,4.533333333333333
159.5,ELS,120.0,7,3,1.3333333333333335
159.5,ELS,120.0,17,3,0.5333333333333333
159.5,ELS,120.0,18,3,61.86666666666667
159.5,ELS,120.0,21,3,0.4
159.5,ELS,120.0,111,3,8.266666666666666
159.5,ELS,150.0,0,3,12.0
159.5,ELS,150.0,1,3,31.6
159.5,ELS,150.0,2,3,8.266666666666666
159.5,ELS,150.0,3,3,14.399999999999999
159.5,ELS,150.0,6,3,20.533333333333335
159.5,ELS,150.0,13,3,4.666666666666667
159.5,ELS,150.0,18,3,3.8666666666666667
159.5,ELS,150.0,111,3,4.666666666666667
159.5,ELS,180.0,0,3,4.266666666666667
159.5,ELS,180.0,1,3,22.0
159.5,ELS,180.0,2,3,8.133333333333333
159.5,ELS,180.0,3,3,1.6
159.5,ELS,180.0,5,3,1.7333333333333332
159.5,ELS,180.0,6,3,14.933333333333335
159.5,ELS,180.0,11,3,0.5333333333333333
159.5,ELS,180.0,15,3,1.3333333333333335
159.5,ELS,180.0,18,3,23.599999999999998
159.5,ELS,180.0,19,3,1.6
159.5,ELS,180.0,20,3,2.1333333333333333
159.5,ELS,180.0,30,3,1.4666666666666666
159.5,ELS,180.0,39,3,0.6666666666666667
159.5,ELS,180.0,111,3,16.0
159.5,ELS,210.0,0,3,9.466666666666667
159.5,ELS,210.0,1,3,36.13333333333333
159.5,ELS,210.0,3,3,3.4666666666666663
159.5,ELS,210.0,6,3,5.333333333333334
159.5,ELS,210.0,10,3,0.9333333333333335
159.5,ELS,210.0,11,3,0.6666666666666667
159.5,ELS,210.0,17,3,0.26666666666666666
159.5,ELS,210.0,18,3,23.066666666666666
159.5,ELS,210.0,26,3,14.000000000000002
159.5,ELS,210.0,29,3,0.6666666666666667
159.5,ELS,210.0,111,3,6.0
159.5,ELS,240.0,0,3,7.199999999999999
159.5,ELS,240.0,1,3,27.866666666666667
159.5,ELS,240.0,6,3,10.533333333333333
159.5,ELS,240.0,7,3,4.533333333333333
159.5,ELS,240.0,10,3,0.5333333333333333
159.5,ELS,240.0,18,3,33.733333333333334
159.5,ELS,240.0,20,3,2.4
159.5,ELS,240.0,26,3,13.200000000000001
159.5,ELS,270.0,0,3,6.666666666666667
159.5,ELS,270.0,1,3,15.2
159.5,ELS,270.0,2,3,1.7333333333333332
159.5,ELS,270.0,3,3,1.0666666666666667
159.5,ELS,270.0,6,3,2.666666666666667
159.5,ELS,270.0,7,3,1.2
159.5,ELS,270.0,11,3,0.26666666666666666
159.5,ELS,270.0,12,3,0.9333333333333335
159.5,ELS,270.0,18,3,21.46666666666667
159.5,ELS,270.0,25,3,3.4666666666666663
159.5,ELS,270.0,26,3,44.666666666666664
159.5,ELS,270.0,29,3,0.6666666666666667
159.5,ELS,300.0,0,3,24.0
159.5,ELS,300.0,1,3,38.666666666666664
159.5,ELS,300.0,2,3,3.0666666666666664
159.5,ELS,300.0,13,3,8.133333333333333
159.5,ELS,300.0,18,3,3.0666666666666664
159.5,ELS,300.0,26,3,23.066666666666666
159.5,ELS,330.0,0,3,20.933333333333334
159.5,ELS,330.0,1,3,27.200000000000003
159.5,ELS,330.0,3,3,8.266666666666666
159.5,ELS,330.0,4,3,5.733333333333333
159.5,ELS,330.0,5,3,0.9333333333333335
159.5,ELS,330.0,6,3,6.0
159.5,ELS,330.0,7,3,1.866666666666667
159.5,ELS,330.0,9,3,0.13333333333333333
159.5,ELS,330.0,10,3,0.5333333333333333
159.5,ELS,330.0,18,3,4.533333333333333
159.5,ELS,330.0,26,3,21.2
159.5,ELS,330.0,32,3,2.666666666666667
159.5,ELS,360.0,0,3,14.000000000000002
159.5,ELS,360.0,1,3,10.0
159.5,ELS,360.0,3,3,13.066666666666665
159.5,ELS,360.0,5,3,1.866666666666667
159.5,ELS,360.0,6,3,15.333333333333332
159.5,ELS,360.0,7,3,0.9333333333333335
159.5,ELS,360.0,9,3,0.4
159.5,ELS,360.0,13,3,17.599999999999998
159.5,ELS,360.0,26,3,25.466666666666665
159.5,ELS,360.0,111,3,1.3333333333333335
159.5,ELS,390.0,0,3,11.466666666666667
159.5,ELS,390.0,1,3,41.333333333333336
159.5,ELS,390.0,3,3,14.533333333333335
159.5,ELS,390.0,5,3,0.5333333333333333
159.5,ELS,390.0,7,3,1.866666666666667
159.5,ELS,390.0,9,3,0.8
159.5,ELS,390.0,12,3,1.866666666666667
159.5,ELS,390.0,13,3,10.133333333333333
159.5,ELS,390.0,15,3,0.8
159.5,ELS,390.0,18,3,8.266666666666666
159.5,ELS,390.0,19,3,1.3333333333333335
159.5,ELS,390.0,23,3,2.2666666666666666
159.5,ELS,390.0,30,3,0.26666666666666666
159.5,ELS,390.0,34,3,0.6666666666666667
159.5,ELS,390.0,42,3,1.7333333333333332
159.5,ELS,390.0,111,3,2.1333333333333333
159.5,ELS,420.0,0,3,18.133333333333333
159.5,ELS,420.0,1,3,49.733333333333334
159.5,ELS,420.0,3,3,3.3333333333333335
159.5,ELS,420.0,5,3,0.5333333333333333
159.5,ELS,420.0,13,3,3.5999999999999996
159.5,ELS,420.0,20,3,5.6000000000000005
159.5,ELS,420.0,26,3,19.066666666666666
161.1,Control,0.0,1,3,39.33333333333333
161.1,Control,0.0,3,3,6.266666666666667
161.1,Control,0.0,5,3,14.266666666666666
161.1,Control,0.0,6,3,24.4
161.1,Control,0.0,7,3,6.0
161.1,Control,0.0,11,3,1.0666666666666667
161.1,Control,0.0,12,3,1.6
161.1,Control,0.0,20,3,6.4
161.1,Control,0.0,32,3,0.6666666666666667
161.1,Control,30.0,0,3,2.2666666666666666
161.1,Control,30.0,1,3,29.599999999999998
161.1,Control,30.0,2,3,22.53333333333333
161.1,Control,30.0,5,3,14.933333333333335
161.1,Control,30.0,6,3,12.4
161.1,Control,30.0,7,3,2.4
161.1,Control,30.0,10,3,1.866666666666667
161.1,Control,30.0,12,3,1.3333333333333335
161.1,Control,30.0,37,3,12.666666666666668
161.1,Control,60.0,0,3,3.2
161.1,Control,60.0,1,3,15.333333333333332
161.1,Control,60.0,2,3,24.4
161.1,Control,60.0,3,3,33.06666666666666
161.1,Control,60.0,6,3,8.0
161.1,Control,60.0,12,3,1.6
161.1,Control,60.0,15,3,1.6
161.1,Control,60.0,21,3,1.3333333333333335
161.1,Control,60.0,28,3,11.466666666666667
161.1,Control,90.0,0,3,5.066666666666666
161.1,Control,90.0,1,3,13.466666666666665
161.1,Control,90.0,2,3,6.533333333333332
161.1,Control,90.0,3,3,23.866666666666667
161.1,Control,90.0,5,3,14.266666666666666
161.1,Control,90.0,6,3,22.400000000000002
161.1,Control,90.0,7,3,5.733333333333333
161.1,Control,90.0,11,3,0.6666666666666667
161.1,Control,90.0,12,3,0.8
161.1,Control,90.0,13,3,1.4666666666666666
161.1,Control,90.0,21,3,0.6666666666666667
161.1,Control,90.0,27,3,5.066666666666666
161.1,Control,120.0,0,3,13.733333333333334
161.1,Control,120.0,1,3,24.0
161.1,Control,120.0,2,3,11.866666666666667
161.1,Control,120.0,3,3,4.0
161.1,Control,120.0,5,3,21.066666666666666
161.1,Control,120.0,6,3,7.733333333333333
161.1,Control,120.0,7,3,6.266666666666667
161.1,Control,120.0,11,3,0.8
161.1,Control,120.0,12,3,4.3999999999999995
161.1,Control,120.0,27,3,2.1333333333333333
161.1,Control,120.0,111,3,4.0
161.1,Control,150.0,0,3,24.133333333333333
161.1,Control,150.0,1,3,18.666666666666668
161.1,Control,150.0,2,3,19.2
161.1,Control,150.0,3,3,10.4
161.1,Control,150.0,5,3,2.2666666666666666
161.1,Control,150.0,6,3,14.533333333333335
161.1,Control,150.0,7,3,3.8666666666666667
161.1,Control,150.0,16,3,2.4
161.1,Control,150.0,19,3,0.26666666666666666
161.1,Control,150.0,27,3,1.2
161.1,Control,150.0,111,3,3.0666666666666664
161.1,Control,180.0,0,3,21.866666666666667
161.1,Control,180.0,1,3,18.8
161.1,Control,180.0,3,3,20.0
161.1,Control,180.0,5,3,7.066666666666667
161.1,Control,180.0,6,3,21.6
161.1,Control,180.0,7,3,2.4
161.1,Control,180.0,9,3,0.6666666666666667
161.1,Control,180.0,11,3,1.3333333333333335
161.1,Control,180.0,16,3,0.6666666666666667
161.1,Control,180.0,21,3,1.0666666666666667
161.1,Control,180.0,23,3,3.8666666666666667
161.1,Control,180.0,29,3,0.6666666666666667
161.1,Control,210.0,0,3,54.666666666666664
161.1,Control,210.0,1,3,20.8
161.1,Control,210.0,3,3,6.133333333333333
161.1,Control,210.0,5,3,1.4666666666666666
161.1,Control,210.0,10,3,1.7333333333333332
161.1,Control,210.0,16,3,1.0666666666666667
161.1,Control,210.0,23,3,2.2666666666666666
161.1,Control,210.0,111,3,11.866666666666667
161.1,Control,240.0,0,3,62.26666666666667
161.1,Control,240.0,1,3,31.2
161.1,Control,240.0,5,3,0.8
161.1,Control,240.0,13,3,5.733333333333333
161.1,Control,270.0,0,3,60.53333333333333
161.1,Control,270.0,1,3,4.133333333333333
161.1,Control,270.0,2,3,3.2
161.1,Control,270.0,3,3,4.533333333333333
161.1,Control,270.0,4,3,14.533333333333335
161.1,Control,270.0,5,3,1.6
161.1,Control,270.0,9,3,1.3333333333333335
161.1,Control,270.0,15,3,0.4
161.1,Control,270.0,23,3,4.0
161.1,Control,270.0,30,3,0.8
161.1,Control,270.0,32,3,3.4666666666666663
161.1,Control,270.0,33,3,1.4666666666666666
161.1,Control,300.0,0,3,47.333333333333336
161.1,Control,300.0,1,3,22.133333333333333
161.1,Control,300.0,9,3,1.0666666666666667
161.1,Control,300.0,13,3,9.866666666666667
161.1,Control,300.0,26,3,13.600000000000001
161.1,Control,300.0,27,3,6.0
161.1,Control,330.0,0,3,72.0
161.1,Control,330.0,1,3,18.8
161.1,Control,330.0,6,3,3.3333333333333335
161.1,Control,330.0,13,3,5.866666666666666
161.1,Control,360.0,0,3,75.2
161.1,Control,360.0,1,3,13.600000000000001
161.1,Control,360.0,7,3,2.533333333333333
161.1,Control,360.0,11,3,0.4
161.1,Control,360.0,13,3,4.8
161.1,Control,360.0,21,3,1.0666666666666667
161.1,Control,360.0,23,3,1.7333333333333332
161.1,Control,360.0,29,3,0.6666666666666667
161.1,Control,390.0,0,3,31.733333333333334
161.1,Control,390.0,1,3,26.13333333333333
161.1,Control,390.0,3,3,5.733333333333333
161.1,Control,390.0,4,3,4.133333333333333
161.1,Control,390.0,6,3,21.866666666666667
161.1,Control,390.0,9,3,0.13333333333333333
161.1,Control,390.0,12,3,1.866666666666667
161.1,Control,390.0,16,3,0.6666666666666667
161.1,Control,390.0,23,3,0.26666666666666666
161.1,Control,390.0,27,3,6.933333333333333
161.1,Control,390.0,29,3,0.5333333333333333
161.1,Control,420.0,0,3,47.46666666666667
161.1,Control,420.0,1,3,30.533333333333335
161.1,Control,420.0,3,3,1.2
161.1,Control,420.0,13,3,20.8
161.3,Control,0.0,1,3,14.799999999999999
161.3,Control,0.0,2,3,4.266666666666667
161.3,Control,0.0,3,3,6.533333333333332
161.3,Control,0.0,4,3,14.799999999999999
161.3,Control,0.0,5,3,4.933333333333334
161.3,Control,0.0,6,3,8.533333333333333
161.3,Control,0.0,9,3,0.13333333333333333
161.3,Control,0.0,11,3,1.2
161.3,Control,0.0,12,3,6.266666666666667
161.3,Control,0.0,16,3,0.9333333333333335
161.3,Control,0.0,18,3,17.733333333333334
161.3,Control,0.0,22,3,0.6666666666666667
161.3,Control,0.0,25,3,8.4
161.3,Control,0.0,27,3,6.0
161.3,Control,0.0,32,3,4.8
161.3,Control,30.0,1,3,8.799999999999999
161.3,Control,30.0,2,3,34.8
161.3,Control,30.0,3,3,26.400000000000002
161.3,Control,30.0,5,3,11.866666666666667
161.3,Control,30.0,7,3,2.533333333333333
161.3,Control,30.0,9,3,0.4
161.3,Control,30.0,10,3,4.0
161.3,Control,30.0,11,3,0.4
161.3,Control,30.0,14,3,0.26666666666666666
161.3,Control,30.0,18,3,0.5333333333333333
161.3,Control,30.0,20,3,4.3999999999999995
161.3,Control,30.0,21,3,0.8
161.3,Control,30.0,27,3,1.4666666666666666
161.3,Control,30.0,111,3,3.3333333333333335
161.3,Control,60.0,0,3,3.733333333333334
161.3,Control,60.0,1,3,12.8
161.3,Control,60.0,2,3,18.8
161.3,Control,60.0,3,3,6.133333333333333
161.3,Control,60.0,6,3,22.933333333333334
161.3,Control,60.0,12,3,2.0
161.3,Control,60.0,14,3,1.7333333333333332
161.3,Control,60.0,16,3,1.0666666666666667
161.3,Control,60.0,27,3,23.599999999999998
161.3,Control,60.0,111,3,7.199999999999999
161.3,Control,90.0,0,3,1.6
161.3,Control,90.0,1,3,3.5999999999999996
161.3,Control,90.0,2,3,14.533333333333335
161.3,Control,90.0,3,3,17.333333333333336
161.3,Control,90.0,4,3,3.733333333333334
161.3,Control,90.0,6,3,23.333333333333332
161.3,Control,90.0,16,3,0.4
161.3,Control,90.0,18,3,13.333333333333334
161.3,Control,90.0,25,3,6.0
161.3,Control,90.0,27,3,10.0
161.3,Control,90.0,111,3,6.133333333333333
161.3,Control,120.0,0,3,11.866666666666667
161.3,Control,120.0,1,3,10.4
161.3,Control,120.0,3,3,14.799999999999999
161.3,Control,120.0,5,3,8.4
161.3,Control,120.0,6,3,42.93333333333334
161.3,Control,120.0,7,3,5.2
161.3,Control,120.0,10,3,0.26666666666666666
161.3,Control,120.0,11,3,1.6
161.3,Control,120.0,12,3,0.8
161.3,Control,120.0,111,3,3.733333333333334
161.3,Control,150.0,0,3,10.266666666666667
161.3,Control,150.0,1,3,31.866666666666667
161.3,Control,150.0,2,3,10.4
161.3,Control,150.0,3,3,5.466666666666667
161.3,Control,150.0,6,3,8.4
161.3,Control,150.0,7,3,4.133333333333333
161.3,Control,150.0,8,3,0.26666666666666666
161.3,Control,150.0,10,3,0.9333333333333335
161.3,Control,150.0,12,3,4.666666666666667
161.3,Control,150.0,13,3,3.8666666666666667
161.3,Control,150.0,16,3,0.6666666666666667
161.3,Control,150.0,18,3,5.333333333333334
161.3,Control,150.0,22,3,3.5999999999999996
161.3,Control,150.0,25,3,5.333333333333334
161.3,Control,150.0,111,3,4.8
161.3,Control,180.0,0,3,17.2
161.3,Control,180.0,1,3,13.866666666666665
161.3,Control,180.0,2,3,0.9333333333333335
161.3,Control,180.0,3,3,20.4
161.3,Control,180.0,4,3,0.26666666666666666
161.3,Control,180.0,5,3,25.333333333333336
161.3,Control,180.0,6,3,4.8
161.3,Control,180.0,7,3,1.866666666666667
161.3,Control,180.0,14,3,2.1333333333333333
161.3,Control,180.0,21,3,1.0666666666666667
161.3,Control,180.0,23,3,2.8000000000000003
161.3,Control,180.0,26,3,7.199999999999999
161.3,Control,180.0,34,3,2.1333333333333333
161.3,Control,210.0,0,3,37.2
161.3,Control,210.0,1,3,4.0
161.3,Control,210.0,2,3,4.666666666666667
161.3,Control,210.0,3,3,18.8
161.3,Control,210.0,4,3,0.13333333333333333
161.3,Control,210.0,5,3,7.066666666666667
161.3,Control,210.0,6,3,9.333333333333334
161.3,Control,210.0,10,3,2.0
161.3,Control,210.0,16,3,0.4
161.3,Control,210.0,19,3,2.4
161.3,Control,210.0,23,3,0.5333333333333333
161.3,Control,210.0,27,3,8.533333333333333
161.3,Control,210.0,39,3,0.26666666666666666
161.3,Control,210.0,111,3,4.666666666666667
161.3,Control,240.0,0,3,38.53333333333334
161.3,Control,240.0,1,3,10.266666666666667
161.3,Control,240.0,3,3,26.666666666666668
161.3,Control,240.0,4,3,6.266666666666667
161.3,Control,240.0,5,3,8.799999999999999
161.3,Control,240.0,6,3,0.6666666666666667
161.3,Control,240.0,17,3,4.0
161.3,Control,240.0,19,3,1.7333333333333332
161.3,Control,240.0,26,3,3.0666666666666664
161.3,Control,270.0,0,3,44.13333333333333
161.3,Control,270.0,1,3,4.3999999999999995
161.3,Control,270.0,2,3,9.466666666666667
161.3,Control,270.0,3,3,9.2
161.3,Control,270.0,6,3,18.133333333333333
161.3,Control,270.0,11,3,0.26666666666666666
161.3,Control,270.0,19,3,1.2
161.3,Control,270.0,21,3,0.4
161.3,Control,270.0,23,3,1.4666666666666666
161.3,Control,270.0,27,3,7.199999999999999
161.3,Control,270.0,29,3,1.3333333333333335
161.3,Control,270.0,30,3,0.6666666666666667
161.3,Control,270.0,31,3,0.26666666666666666
161.3,Control,270.0,34,3,1.866666666666667
161.3,Control,300.0,0,3,29.333333333333332
161.3,Control,300.0,1,3,12.0
161.3,Control,300.0,2,3,6.133333333333333
161.3,Control,300.0,3,3,6.666666666666667
161.3,Control,300.0,5,3,1.866666666666667
161.3,Control,300.0,6,3,26.266666666666666
161.3,Control,300.0,10,3,0.6666666666666667
161.3,Control,300.0,16,3,1.2
161.3,Control,300.0,18,3,5.733333333333333
161.3,Control,300.0,23,3,2.4
161.3,Control,300.0,27,3,4.933333333333334
161.3,Control,300.0,32,3,2.8000000000000003
161.3,Control,330.0,0,3,34.13333333333333
161.3,Control,330.0,1,3,18.933333333333334
161.3,Control,330.0,3,3,8.4
161.3,Control,330.0,4,3,10.666666666666668
161.3,Control,330.0,5,3,8.4
161.3,Control,330.0,6,3,9.333333333333334
161.3,Control,330.0,10,3,0.4
161.3,Control,330.0,14,3,0.6666666666666667
161.3,Control,330.0,15,3,0.6666666666666667
161.3,Control,330.0,22,3,2.933333333333333
161.3,Control,330.0,28,3,5.466666666666667
161.3,Control,360.0,0,3,67.46666666666667
161.3,Control,360.0,1,3,15.333333333333332
161.3,Control,360.0,2,3,1.2
161.3,Control,360.0,3,3,6.266666666666667
161.3,Control,360.0,4,3,0.4
161.3,Control,360.0,5,3,0.4
161.3,Control,360.0,6,3,4.533333333333333
161.3,Control,360.0,15,3,0.4
161.3,Control,360.0,21,3,0.6666666666666667
161.3,Control,360.0,23,3,0.8
161.3,Control,360.0,30,3,1.3333333333333335
161.3,Control,360.0,34,3,0.4
161.3,Control,360.0,35,3,0.8
161.3,Control,390.0,0,3,53.86666666666666
161.3,Control,390.0,1,3,17.066666666666666
161.3,Control,390.0,3,3,7.333333333333333
161.3,Control,390.0,4,3,1.4666666666666666
161.3,Control,390.0,5,3,6.800000000000001
161.3,Control,390.0,6,3,9.066666666666666
161.3,Control,390.0,13,3,4.3999999999999995
161.3,Control,420.0,0,3,60.266666666666666
161.3,Control,420.0,1,3,18.8
161.3,Control,420.0,3,3,2.4
161.3,Control,420.0,4,3,2.2666666666666666
161.3,Control,420.0,6,3,2.2666666666666666
161.3,Control,420.0,11,3,0.26666666666666666
161.3,Control,420.0,26,3,3.4666666666666663
161.3,Control,420.0,28,3,10.266666666666667
2.4,ELS,0.0,1,1,7.066666666666667
2.4,ELS,0.0,2,1,35.333333333333336
2.4,ELS,0.0,4,1,1.866666666666667
2.4,ELS,0.0,6,1,10.4
2.4,ELS,0.0,7,1,1.866666666666667
2.4,ELS,0.0,8,1,1.0666666666666667
2.4,ELS,0.0,9,1,1.3333333333333335
2.4,ELS,0.0,12,1,1.2
2.4,ELS,0.0,13,1,5.866666666666666
2.4,ELS,0.0,15,1,1.0666666666666667
2.4,ELS,0.0,17,1,1.3333333333333335
2.4,ELS,0.0,18,1,9.733333333333333
2.4,ELS,0.0,20,1,6.800000000000001
2.4,ELS,0.0,27,1,13.600000000000001
2.4,ELS,0.0,32,1,1.4666666666666666
2.4,ELS,30.0,0,1,10.4
2.4,ELS,30.0,1,1,11.733333333333333
2.4,ELS,30.0,2,1,14.266666666666666
2.4,ELS,30.0,4,1,3.8666666666666667
2.4,ELS,30.0,5,1,15.333333333333332
2.4,ELS,30.0,6,1,18.933333333333334
2.4,ELS,30.0,7,1,1.7333333333333332
2.4,ELS,30.0,8,1,1.0666666666666667
2.4,ELS,30.0,9,1,2.666666666666667
2.4,ELS,30.0,12,1,0.8
2.4,ELS,30.0,17,1,2.8000000000000003
2.4,ELS,30.0,18,1,2.8000000000000003
2.4,ELS,30.0,20,1,3.0666666666666664
2.4,ELS,30.0,24,1,1.3333333333333335
2.4,ELS,30.0,27,1,8.266666666666666
2.4,ELS,30.0,31,1,0.4
2.4,ELS,30.0,33,1,0.5333333333333333
2.4,ELS,60.0,0,1,4.666666666666667
2.4,ELS,60.0,1,1,10.666666666666668
2.4,ELS,60.0,2,1,13.866666666666665
2.4,ELS,60.0,3,1,22.933333333333334
2.4,ELS,60.0,5,1,4.933333333333334
2.4,ELS,60.0,6,1,26.400000000000002
2.4,ELS,60.0,7,1,8.0
2.4,ELS,60.0,20,1,2.8000000000000003
2.4,ELS,60.0,32,1,5.733333333333333
2.4,ELS,90.0,0,1,2.0
2.4,ELS,90.0,1,1,5.6000000000000005
2.4,ELS,90.0,2,1,22.26666666666667
2.4,ELS,90.0,3,1,15.333333333333332
2.4,ELS,90.0,4,1,2.533333333333333
2.4,ELS,90.0,6,1,17.333333333333336
2.4,ELS,90.0,7,1,1.3333333333333335
2.4,ELS,90.0,11,1,0.5333333333333333
2.4,ELS,90.0,12,1,5.066666666666666
2.4,ELS,90.0,13,1,5.466666666666667
2.4,ELS,90.0,17,1,0.4
2.4,ELS,90.0,19,1,1.6
2.4,ELS,90.0,27,1,4.133333333333333
2.4,ELS,90.0,32,1,5.733333333333333
2.4,ELS,90.0,38,1,3.5999999999999996
2.4,ELS,90.0,40,1,2.1333333333333333
2.4,ELS,90.0,111,1,4.933333333333334
2.4,ELS,120.0,0,1,4.533333333333333
2.4,ELS,120.0,1,1,18.8
2.4,ELS,120.0,2,1,39.2
2.4,ELS,120.0,3,1,0.6666666666666667
2.4,ELS,120.0,5,1,8.266666666666666
2.4,ELS,120.0,7,1,15.466666666666667
2.4,ELS,120.0,9,1,0.6666666666666667
2.4,ELS,120.0,11,1,0.9333333333333335
2.4,ELS,120.0,16,1,0.5333333333333333
2.4,ELS,120.0,27,1,0.8
2.4,ELS,120.0,111,1,10.133333333333333
2.4,ELS,150.0,1,1,27.46666666666667
2.4,ELS,150.0,2,1,2.4
2.4,ELS,150.0,3,1,0.8
2.4,ELS,150.0,4,1,4.8
2.4,ELS,150.0,5,1,23.066666666666666
2.4,ELS,150.0,7,1,7.733333333333333
2.4,ELS,150.0,8,1,3.733333333333334
2.4,ELS,150.0,9,1,1.4666666666666666
2.4,ELS,150.0,12,1,0.9333333333333335
2.4,ELS,150.0,15,1,0.26666666666666666
2.4,ELS,150.0,16,1,0.6666666666666667
2.4,ELS,150.0,22,1,7.333333333333333
2.4,ELS,150.0,25,1,2.533333333333333
2.4,ELS,150.0,31,1,0.5333333333333333
2.4,ELS,150.0,32,1,6.0
2.4,ELS,150.0,34,1,0.13333333333333333
2.4,ELS,150.0,36,1,2.1333333333333333
2.4,ELS,150.0,39,1,1.7333333333333332
2.4,ELS,150.0,46,1,1.0666666666666667
2.4,ELS,150.0,111,1,5.2
2.4,ELS,180.0,0,1,7.733333333333333
2.4,ELS,180.0,1,1,13.333333333333334
2.4,ELS,180.0,2,1,26.0
2.4,ELS,180.0,4,1,4.8
2.4,ELS,180.0,5,1,12.533333333333333
2.4,ELS,180.0,6,1,3.8666666666666667
2.4,ELS,180.0,7,1,1.4666666666666666
2.4,ELS,180.0,8,1,2.2666666666666666
2.4,ELS,180.0,9,1,1.0666666666666667
2.4,ELS,180.0,11,1,2.4
2.4,ELS,180.0,12,1,0.26666666666666666
2.4,ELS,180.0,15,1,0.6666666666666667
2.4,ELS,180.0,17,1,1.2
2.4,ELS,180.0,19,1,1.3333333333333335
2.4,ELS,180.0,23,1,0.26666666666666666
2.4,ELS,180.0,24,1,1.0666666666666667
2.4,ELS,180.0,27,1,10.4
2.4,ELS,180.0,28,1,1.2
2.4,ELS,180.0,29,1,0.8
2.4,ELS,180.0,34,1,1.7333333333333332
2.4,ELS,180.0,36,1,2.1333333333333333
2.4,ELS,180.0,111,1,3.4666666666666663
2.4,ELS,210.0,0,1,21.73333333333333
2.4,ELS,210.0,1,1,15.333333333333332
2.4,ELS,210.0,3,1,31.6
2.4,ELS,210.0,4,1,12.666666666666668
2.4,ELS,210.0,5,1,6.0
2.4,ELS,210.0,8,1,1.0666666666666667
2.4,ELS,210.0,12,1,1.2
2.4,ELS,210.0,16,1,0.9333333333333335
2.4,ELS,210.0,17,1,1.6
2.4,ELS,210.0,19,1,0.26666666666666666
2.4,ELS,210.0,24,1,0.5333333333333333
2.4,ELS,210.0,25,1,1.7333333333333332
2.4,ELS,210.0,31,1,3.2
2.4,ELS,210.0,34,1,0.26666666666666666
2.4,ELS,210.0,36,1,1.6
2.4,ELS,210.0,38,1,0.26666666666666666
2.4,ELS,240.0,0,1,48.266666666666666
2.4,ELS,240.0,1,1,22.0
2.4,ELS,240.0,2,1,3.8666666666666667
2.4,ELS,240.0,4,1,6.133333333333333
2.4,ELS,240.0,5,1,4.0
2.4,ELS,240.0,6,1,2.933333333333333
2.4,ELS,240.0,7,1,1.4666666666666666
2.4,ELS,240.0,8,1,0.6666666666666667
2.4,ELS,240.0,15,1,0.26666666666666666
2.4,ELS,240.0,17,1,0.6666666666666667
2.4,ELS,240.0,20,1,6.0
2.4,ELS,240.0,24,1,1.4666666666666666
2.4,ELS,240.0,35,1,2.2666666666666666
2.4,ELS,270.0,0,1,23.466666666666665
2.4,ELS,270.0,1,1,6.933333333333333
2.4,ELS,270.0,3,1,17.466666666666665
2.4,ELS,270.0,4,1,0.26666666666666666
2.4,ELS,270.0,5,1,19.333333333333332
2.4,ELS,270.0,6,1,12.266666666666666
2.4,ELS,270.0,7,1,5.066666666666666
2.4,ELS,270.0,8,1,0.26666666666666666
2.4,ELS,270.0,15,1,2.666666666666667
2.4,ELS,270.0,22,1,3.4666666666666663
2.4,ELS,270.0,24,1,0.4
2.4,ELS,270.0,25,1,0.5333333333333333
2.4,ELS,270.0,30,1,1.6
2.4,ELS,270.0,34,1,1.866666666666667
2.4,ELS,270.0,35,1,4.3999999999999995
2.4,ELS,300.0,0,1,25.466666666666665
2.4,ELS,300.0,1,1,22.133333333333333
2.4,ELS,300.0,2,1,6.0
2.4,ELS,300.0,3,1,12.666666666666668
2.4,ELS,300.0,5,1,4.933333333333334
2.4,ELS,300.0,6,1,18.53333333333333
2.4,ELS,300.0,7,1,1.3333333333333335
2.4,ELS,300.0,9,1,0.6666666666666667
2.4,ELS,300.0,10,1,1.3333333333333335
2.4,ELS,300.0,17,1,3.5999999999999996
2.4,ELS,300.0,23,1,0.9333333333333335
2.4,ELS,300.0,32,1,1.0666666666666667
2.4,ELS,300.0,34,1,0.13333333333333333
2.4,ELS,300.0,47,1,1.2
2.4,ELS,330.0,0,1,54.13333333333333
2.4,ELS,330.0,1,1,22.400000000000002
2.4,ELS,330.0,3,1,6.133333333333333
2.4,ELS,330.0,5,1,6.666666666666667
2.4,ELS,330.0,6,1,8.266666666666666
2.4,ELS,330.0,10,1,0.26666666666666666
2.4,ELS,330.0,32,1,2.1333333333333333
2.4,ELS,360.0,0,1,45.2
2.4,ELS,360.0,1,1,4.0
2.4,ELS,360.0,2,1,4.533333333333333
2.4,ELS,360.0,3,1,25.866666666666667
2.4,ELS,360.0,6,1,6.800000000000001
2.4,ELS,360.0,7,1,0.6666666666666667
2.4,ELS,360.0,18,1,3.0666666666666664
2.4,ELS,360.0,23,1,1.0666666666666667
2.4,ELS,360.0,30,1,0.26666666666666666
2.4,ELS,360.0,34,1,0.4
2.4,ELS,360.0,35,1,3.3333333333333335
2.4,ELS,360.0,36,1,0.13333333333333333
2.4,ELS,360.0,41,1,0.5333333333333333
2.4,ELS,360.0,111,1,4.133333333333333
2.4,ELS,390.0,0,1,20.933333333333334
2.4,ELS,390.0,1,1,21.46666666666667
2.4,ELS,390.0,3,1,0.5333333333333333
2.4,ELS,390.0,4,1,10.266666666666667
2.4,ELS,390.0,6,1,13.600000000000001
2.4,ELS,390.0,7,1,1.0666666666666667
2.4,ELS,390.0,8,1,0.5333333333333333
2.4,ELS,390.0,9,1,0.13333333333333333
2.4,ELS,390.0,10,1,0.6666666666666667
2.4,ELS,390.0,13,1,13.733333333333334
2.4,ELS,390.0,16,1,0.5333333333333333
2.4,ELS,390.0,17,1,2.2666666666666666
2.4,ELS,390.0,22,1,1.866666666666667
2.4,ELS,390.0,23,1,0.26666666666666666
2.4,ELS,390.0,28,1,5.6000000000000005
2.4,ELS,390.0,32,1,1.0666666666666667
2.4,ELS,390.0,35,1,3.0666666666666664
2.4,ELS,390.0,36,1,0.26666666666666666
2.4,ELS,390.0,38,1,1.866666666666667
2.4,ELS,390.0,39,1,0.26666666666666666
2.4,ELS,420.0,0,1,11.066666666666666
2.4,ELS,420.0,3,1,3.733333333333334
2.4,ELS,420.0,4,1,9.866666666666667
2.4,ELS,420.0,5,1,6.4
2.4,ELS,420.0,8,1,0.9333333333333335
2.4,ELS,420.0,9,1,1.3333333333333335
2.4,ELS,420.0,15,1,2.2666666666666666
2.4,ELS,420.0,21,1,1.3333333333333335
2.4,ELS,420.0,22,1,6.800000000000001
2.4,ELS,420.0,27,1,5.066666666666666
2.4,ELS,420.0,28,1,25.333333333333336
2.4,ELS,420.0,30,1,0.13333333333333333
2.4,ELS,420.0,31,1,1.6
2.4,ELS,420.0,32,1,4.933333333333334
2.4,ELS,420.0,35,1,0.4
2.4,ELS,420.0,38,1,2.4
2.4,ELS,420.0,39,1,1.0666666666666667
2.4,ELS,420.0,40,1,15.333333333333332
23.4,ELS,0.0,1,1,1.866666666666667
23.4,ELS,0.0,2,1,47.599999999999994
23.4,ELS,0.0,5,1,17.333333333333336
23.4,ELS,0.0,6,1,5.333333333333334
23.4,ELS,0.0,11,1,2.0
23.4,ELS,0.0,14,1,5.066666666666666
23.4,ELS,0.0,15,1,5.066666666666666
23.4,ELS,0.0,16,1,0.8
23.4,ELS,0.0,19,1,1.3333333333333335
23.4,ELS,0.0,37,1,9.466666666666667
23.4,ELS,0.0,111,1,4.133333333333333
23.4,ELS,30.0,0,1,7.199999999999999
23.4,ELS,30.0,1,1,17.599999999999998
23.4,ELS,30.0,2,1,14.666666666666666
23.4,ELS,30.0,3,1,16.0
23.4,ELS,30.0,4,1,1.4666666666666666
23.4,ELS,30.0,5,1,2.933333333333333
23.4,ELS,30.0,7,1,1.3333333333333335
23.4,ELS,30.0,9,1,1.4666666666666666
23.4,ELS,30.0,10,1,7.466666666666668
23.4,ELS,30.0,11,1,3.733333333333334
23.4,ELS,30.0,15,1,0.5333333333333333
23.4,ELS,30.0,18,1,13.466666666666665
23.4,ELS,30.0,37,1,12.133333333333333
23.4,ELS,60.0,0,1,3.0666666666666664
23.4,ELS,60.0,1,1,16.8
23.4,ELS,60.0,2,1,8.0
23.4,ELS,60.0,3,1,8.799999999999999
23.4,ELS,60.0,5,1,27.333333333333332
23.4,ELS,60.0,6,1,3.8666666666666667
23.4,ELS,60.0,7,1,2.0
23.4,ELS,60.0,9,1,0.6666666666666667
23.4,ELS,60.0,11,1,2.1333333333333333
23.4,ELS,60.0,12,1,1.866666666666667
23.4,ELS,60.0,14,1,2.1333333333333333
23.4,ELS,60.0,15,1,9.333333333333334
23.4,ELS,60.0,17,1,1.866666666666667
23.4,ELS,60.0,111,1,12.133333333333333
23.4,ELS,90.0,0,1,6.266666666666667
23.4,ELS,90.0,1,1,17.599999999999998
23.4,ELS,90.0,2,1,25.466666666666665
23.4,ELS,90.0,3,1,9.733333333333333
23.4,ELS,90.0,4,1,9.466666666666667
23.4,ELS,90.0,5,1,10.933333333333334
23.4,ELS,90.0,11,1,1.0666666666666667
23.4,ELS,90.0,14,1,3.3333333333333335
23.4,ELS,90.0,15,1,2.666666666666667
23.4,ELS,90.0,16,1,1.4666666666666666
23.4,ELS,90.0,17,1,2.4
23.4,ELS,90.0,19,1,1.4666666666666666
23.4,ELS,90.0,29,1,0.8
23.4,ELS,90.0,41,1,1.866666666666667
23.4,ELS,90.0,111,1,5.466666666666667
23.4,ELS,120.0,0,1,2.4
23.4,ELS,120.0,1,1,31.066666666666663
23.4,ELS,120.0,2,1,7.466666666666668
23.4,ELS,120.0,3,1,6.933333333333333
23.4,ELS,120.0,4,1,18.53333333333333
23.4,ELS,120.0,5,1,5.333333333333334
23.4,ELS,120.0,6,1,5.733333333333333
23.4,ELS,120.0,7,1,8.4
23.4,ELS,120.0,10,1,3.733333333333334
23.4,ELS,120.0,11,1,4.266666666666667
23.4,ELS,120.0,17,1,0.9333333333333335
23.4,ELS,120.0,41,1,2.666666666666667
23.4,ELS,120.0,111,1,2.533333333333333
23.4,ELS,150.0,0,1,7.066666666666667
23.4,ELS,150.0,1,1,31.466666666666665
23.4,ELS,150.0,2,1,7.199999999999999
23.4,ELS,150.0,3,1,1.7333333333333332
23.4,ELS,150.0,5,1,21.066666666666666
23.4,ELS,150.0,7,1,2.4
23.4,ELS,150.0,11,1,4.3999999999999995
23.4,ELS,150.0,14,1,3.3333333333333335
23.4,ELS,150.0,15,1,2.533333333333333
23.4,ELS,150.0,16,1,0.8
23.4,ELS,150.0,25,1,4.933333333333334
23.4,ELS,150.0,41,1,1.0666666666666667
23.4,ELS,150.0,111,1,12.0
23.4,ELS,180.0,0,1,4.666666666666667
23.4,ELS,180.0,1,1,19.066666666666666
23.4,ELS,180.0,2,1,2.4
23.4,ELS,180.0,3,1,5.2
23.4,ELS,180.0,4,1,13.733333333333334
23.4,ELS,180.0,5,1,23.066666666666666
23.4,ELS,180.0,6,1,4.533333333333333
23.4,ELS,180.0,7,1,5.466666666666667
23.4,ELS,180.0,9,1,1.7333333333333332
23.4,ELS,180.0,10,1,0.6666666666666667
23.4,ELS,180.0,12,1,3.5999999999999996
23.4,ELS,180.0,14,1,2.933333333333333
23.4,ELS,180.0,15,1,4.533333333333333
23.4,ELS,180.0,16,1,0.5333333333333333
23.4,ELS,180.0,19,1,3.2
23.4,ELS,180.0,29,1,1.7333333333333332
23.4,ELS,180.0,32,1,2.666666666666667
23.4,ELS,180.0,111,1,0.26666666666666666
23.4,ELS,210.0,0,1,20.0
23.4,ELS,210.0,1,1,18.8
23.4,ELS,210.0,2,1,24.53333333333333
23.4,ELS,210.0,3,1,7.733333333333333
23.4,ELS,210.0,5,1,4.666666666666667
23.4,ELS,210.0,9,1,0.8
23.4,ELS,210.0,10,1,0.13333333333333333
23.4,ELS,210.0,11,1,0.8
23.4,ELS,210.0,12,1,0.5333333333333333
23.4,ELS,210.0,13,1,5.733333333333333
23.4,ELS,210.0,15,1,9.866666666666667
23.4,ELS,210.0,19,1,2.533333333333333
23.4,ELS,210.0,20,1,1.866666666666667
23.4,ELS,210.0,111,1,2.0
23.4,ELS,240.0,0,1,18.933333333333334
23.4,ELS,240.0,1,1,32.800000000000004
23.4,ELS,240.0,3,1,21.2
23.4,ELS,240.0,5,1,15.066666666666666
23.4,ELS,240.0,6,1,1.3333333333333335
23.4,ELS,240.0,7,1,3.0666666666666664
23.4,ELS,240.0,11,1,1.2
23.4,ELS,240.0,15,1,2.533333333333333
23.4,ELS,240.0,32,1,2.2666666666666666
23.4,ELS,240.0,33,1,0.8
23.4,ELS,240.0,41,1,0.8
23.4,ELS,270.0,0,1,19.066666666666666
23.4,ELS,270.0,1,1,9.2
23.4,ELS,270.0,2,1,11.200000000000001
23.4,ELS,270.0,3,1,16.400000000000002
23.4,ELS,270.0,5,1,4.533333333333333
23.4,ELS,270.0,10,1,6.133333333333333
23.4,ELS,270.0,11,1,5.333333333333334
23.4,ELS,270.0,12,1,1.3333333333333335
23.4,ELS,270.0,13,1,18.933333333333334
23.4,ELS,270.0,15,1,0.6666666666666667
23.4,ELS,270.0,16,1,1.866666666666667
23.4,ELS,270.0,21,1,2.666666666666667
23.4,ELS,270.0,30,1,2.4
23.4,ELS,270.0,34,1,0.26666666666666666
23.4,ELS,300.0,0,1,14.533333333333335
23.4,ELS,300.0,1,1,24.53333333333333
23.4,ELS,300.0,2,1,2.666666666666667
23.4,ELS,300.0,3,1,3.0666666666666664
23.4,ELS,300.0,5,1,18.266666666666666
23.4,ELS,300.0,6,1,1.6
23.4,ELS,300.0,7,1,0.5333333333333333
23.4,ELS,300.0,11,1,8.133333333333333
23.4,ELS,300.0,13,1,1.3333333333333335
23.4,ELS,300.0,15,1,2.4
23.4,ELS,300.0,16,1,1.0666666666666667
23.4,ELS,300.0,20,1,1.7333333333333332
23.4,ELS,300.0,23,1,1.0666666666666667
23.4,ELS,300.0,28,1,8.133333333333333
23.4,ELS,300.0,37,1,10.933333333333334
23.4,ELS,330.0,0,1,19.866666666666667
23.4,ELS,330.0,1,1,13.200000000000001
23.4,ELS,330.0,2,1,24.666666666666668
23.4,ELS,330.0,3,1,12.533333333333333
23.4,ELS,330.0,4,1,8.533333333333333
23.4,ELS,330.0,5,1,2.2666666666666666
23.4,ELS,330.0,6,1,8.933333333333334
23.4,ELS,330.0,7,1,2.2666666666666666
23.4,ELS,330.0,8,1,0.5333333333333333
23.4,ELS,330.0,10,1,0.13333333333333333
23.4,ELS,330.0,16,1,0.5333333333333333
23.4,ELS,330.0,17,1,1.4666666666666666
23.4,ELS,330.0,19,1,1.0666666666666667
23.4,ELS,330.0,111,1,4.0
23.4,ELS,360.0,0,1,32.13333333333333
23.4,ELS,360.0,1,1,33.733333333333334
23.4,ELS,360.0,3,1,12.666666666666668
23.4,ELS,360.0,5,1,13.200000000000001
23.4,ELS,360.0,6,1,1.2
23.4,ELS,360.0,7,1,4.533333333333333
23.4,ELS,360.0,9,1,0.8
23.4,ELS,360.0,10,1,0.5333333333333333
23.4,ELS,360.0,11,1,0.5333333333333333
23.4,ELS,360.0,14,1,0.6666666666666667
23.4,ELS,390.0,0,1,23.066666666666666
23.4,ELS,390.0,1,1,15.333333333333332
23.4,ELS,390.0,2,1,8.799999999999999
23.4,ELS,390.0,3,1,14.533333333333335
23.4,ELS,390.0,4,1,8.4
23.4,ELS,390.0,5,1,4.3999999999999995
23.4,ELS,390.0,6,1,4.666666666666667
23.4,ELS,390.0,10,1,1.2
23.4,ELS,390.0,12,1,0.26666666666666666
23.4,ELS,390.0,14,1,5.2
23.4,ELS,390.0,15,1,1.0666666666666667
23.4,ELS,390.0,16,1,0.26666666666666666
23.4,ELS,390.0,17,1,6.0
23.4,ELS,390.0,20,1,5.6000000000000005
23.4,ELS,390.0,24,1,1.0666666666666667
23.4,ELS,390.0,33,1,0.13333333333333333
23.4,ELS,420.0,0,1,35.199999999999996
23.4,ELS,420.0,1,1,16.933333333333334
23.4,ELS,420.0,2,1,5.866666666666666
23.4,ELS,420.0,3,1,2.666666666666667
23.4,ELS,420.0,4,1,0.8
23.4,ELS,420.0,5,1,17.066666666666666
23.4,ELS,420.0,6,1,0.4
23.4,ELS,420.0,7,1,2.533333333333333
23.4,ELS,420.0,10,1,0.13333333333333333
23.4,ELS,420.0,11,1,1.3333333333333335
23.4,ELS,420.0,13,1,10.666666666666668
23.4,ELS,420.0,14,1,0.8
23.4,ELS,420.0,15,1,4.3999999999999995
23.4,ELS,420.0,16,1,0.8
23.4,ELS,420.0,19,1,0.4
25.1,ELS,0.0,1,1,7.066666666666667
25.1,ELS,0.0,2,1,8.933333333333334
25.1,ELS,0.0,3,1,28.000000000000004
25.1,ELS,0.0,4,1,8.266666666666666
25.1,ELS,0.0,7,1,1.7333333333333332
25.1,ELS,0.0,8,1,0.4
25.1,ELS,0.0,10,1,4.666666666666667
25.1,ELS,0.0,12,1,4.3999999999999995
25.1,ELS,0.0,19,1,0.9333333333333335
25.1,ELS,0.0,20,1,7.066666666666667
25.1,ELS,0.0,21,1,3.5999999999999996
25.1,ELS,0.0,25,1,3.0666666666666664
25.1,ELS,0.0,27,1,21.866666666666667
25.1,ELS,30.0,0,1,4.0
25.1,ELS,30.0,1,1,6.0
25.1,ELS,30.0,2,1,3.8666666666666667
25.1,ELS,30.0,3,1,50.66666666666667
25.1,ELS,30.0,4,1,1.3333333333333335
25.1,ELS,30.0,7,1,9.333333333333334
25.1,ELS,30.0,8,1,0.13333333333333333
25.1,ELS,30.0,10,1,1.3333333333333335
25.1,ELS,30.0,12,1,1.6
25.1,ELS,30.0,22,1,5.333333333333334
25.1,ELS,30.0,24,1,0.26666666666666666
25.1,ELS,30.0,27,1,14.799999999999999
25.1,ELS,30.0,29,1,0.4
25.1,ELS,30.0,31,1,0.9333333333333335
25.1,ELS,60.0,0,1,2.666666666666667
25.1,ELS,60.0,1,1,26.0
25.1,ELS,60.0,2,1,21.73333333333333
25.1,ELS,60.0,3,1,24.266666666666666
25.1,ELS,60.0,5,1,6.266666666666667
25.1,ELS,60.0,6,1,2.8000000000000003
25.1,ELS,60.0,10,1,1.6
25.1,ELS,60.0,12,1,1.4666666666666666
25.1,ELS,60.0,15,1,1.0666666666666667
25.1,ELS,60.0,16,1,0.9333333333333335
25.1,ELS,60.0,22,1,5.066666666666666
25.1,ELS,60.0,27,1,4.133333333333333
25.1,ELS,60.0,32,1,2.0
25.1,ELS,90.0,0,1,5.466666666666667
25.1,ELS,90.0,1,1,37.06666666666666
25.1,ELS,90.0,2,1,11.733333333333333
25.1,ELS,90.0,3,1,9.733333333333333
25.1,ELS,90.0,4,1,2.666666666666667
25.1,ELS,90.0,5,1,6.800000000000001
25.1,ELS,90.0,6,1,1.4666666666666666
25.1,ELS,90.0,7,1,2.1333333333333333
25.1,ELS,90.0,10,1,1.0666666666666667
25.1,ELS,90.0,15,1,1.2
25.1,ELS,90.0,20,1,3.3333333333333335
25.1,ELS,90.0,21,1,0.8
25.1,ELS,90.0,27,1,8.4
25.1,ELS,90.0,37,1,8.133333333333333
25.1,ELS,120.0,0,1,11.066666666666666
25.1,ELS,120.0,1,1,15.733333333333333
25.1,ELS,120.0,2,1,16.53333333333333
25.1,ELS,120.0,3,1,17.733333333333334
25.1,ELS,120.0,4,1,5.733333333333333
25.1,ELS,120.0,5,1,2.1333333333333333
25.1,ELS,120.0,6,1,3.2
25.1,ELS,120.0,8,1,0.13333333333333333
25.1,ELS,120.0,10,1,0.6666666666666667
25.1,ELS,120.0,11,1,1.0666666666666667
25.1,ELS,120.0,13,1,24.0
25.1,ELS,120.0,15,1,0.4
25.1,ELS,120.0,29,1,0.13333333333333333
25.1,ELS,120.0,33,1,0.6666666666666667
25.1,ELS,120.0,42,1,0.8
25.1,ELS,150.0,0,1,3.8666666666666667
25.1,ELS,150.0,1,1,40.13333333333333
25.1,ELS,150.0,2,1,9.466666666666667
25.1,ELS,150.0,3,1,26.400000000000002
25.1,ELS,150.0,4,1,1.0666666666666667
25.1,ELS,150.0,5,1,8.799999999999999
25.1,ELS,150.0,7,1,1.7333333333333332
25.1,ELS,150.0,8,1,0.5333333333333333
25.1,ELS,150.0,9,1,0.13333333333333333
25.1,ELS,150.0,11,1,1.6
25.1,ELS,150.0,16,1,1.2
25.1,ELS,150.0,20,1,4.133333333333333
25.1,ELS,150.0,34,1,0.26666666666666666
25.1,ELS,150.0,36,1,0.6666666666666667
25.1,ELS,180.0,0,1,4.933333333333334
25.1,ELS,180.0,1,1,16.8
25.1,ELS,180.0,2,1,15.066666666666666
25.1,ELS,180.0,3,1,15.2
25.1,ELS,180.0,4,1,2.4
25.1,ELS,180.0,5,1,1.866666666666667
25.1,ELS,180.0,6,1,1.4666666666666666
25.1,ELS,180.0,9,1,1.2
25.1,ELS,180.0,10,1,3.0666666666666664
25.1,ELS,180.0,12,1,2.666666666666667
25.1,ELS,180.0,17,1,1.7333333333333332
25.1,ELS,180.0,18,1,8.133333333333333
25.1,ELS,180.0,21,1,0.9333333333333335
25.1,ELS,180.0,22,1,2.533333333333333
25.1,ELS,180.0,23,1,1.0666666666666667
25.1,ELS,180.0,27,1,16.400000000000002
25.1,ELS,180.0,29,1,1.0666666666666667
25.1,ELS,180.0,30,1,0.8
25.1,ELS,180.0,31,1,0.4
25.1,ELS,180.0,34,1,2.2666666666666666
25.1,ELS,210.0,0,1,26.400000000000002
25.1,ELS,210.0,1,1,41.6
25.1,ELS,210.0,2,1,13.066666666666665
25.1,ELS,210.0,4,1,0.6666666666666667
25.1,ELS,210.0,5,1,3.0666666666666664
25.1,ELS,210.0,6,1,1.6
25.1,ELS,210.0,10,1,0.5333333333333333
25.1,ELS,210.0,13,1,3.0666666666666664
25.1,ELS,210.0,15,1,1.3333333333333335
25.1,ELS,210.0,16,1,0.26666666666666666
25.1,ELS,210.0,20,1,3.8666666666666667
25.1,ELS,210.0,30,1,1.0666666666666667
25.1,ELS,210.0,35,1,1.866666666666667
25.1,ELS,210.0,76,1,1.2
25.1,ELS,210.0,91,1,0.4
25.1,ELS,240.0,0,1,14.266666666666666
25.1,ELS,240.0,1,1,19.2
25.1,ELS,240.0,2,1,10.266666666666667
25.1,ELS,240.0,3,1,3.5999999999999996
25.1,ELS,240.0,4,1,8.133333333333333
25.1,ELS,240.0,5,1,8.799999999999999
25.1,ELS,240.0,6,1,1.4666666666666666
25.1,ELS,240.0,7,1,2.4
25.1,ELS,240.0,8,1,0.9333333333333335
25.1,ELS,240.0,9,1,0.13333333333333333
25.1,ELS,240.0,12,1,3.5999999999999996
25.1,ELS,240.0,17,1,4.533333333333333
25.1,ELS,240.0,21,1,0.5333333333333333
25.1,ELS,240.0,24,1,0.26666666666666666
25.1,ELS,240.0,25,1,1.0666666666666667
25.1,ELS,240.0,30,1,0.26666666666666666
25.1,ELS,240.0,33,1,1.4666666666666666
25.1,ELS,240.0,35,1,1.2
25.1,ELS,240.0,37,1,17.866666666666667
25.1,ELS,270.0,0,1,24.266666666666666
25.1,ELS,270.0,1,1,12.8
25.1,ELS,270.0,2,1,12.8
25.1,ELS,270.0,3,1,6.933333333333333
25.1,ELS,270.0,4,1,0.4
25.1,ELS,270.0,5,1,3.5999999999999996
25.1,ELS,270.0,6,1,4.8
25.1,ELS,270.0,8,1,0.8
25.1,ELS,270.0,9,1,0.26666666666666666
25.1,ELS,270.0,12,1,1.4666666666666666
25.1,ELS,270.0,13,1,2.1333333333333333
25.1,ELS,270.0,19,1,2.8000000000000003
25.1,ELS,270.0,21,1,3.3333333333333335
25.1,ELS,270.0,22,1,2.4
25.1,ELS,270.0,25,1,2.4
25.1,ELS,270.0,27,1,12.8
25.1,ELS,270.0,29,1,0.9333333333333335
25.1,ELS,270.0,32,1,1.7333333333333332
25.1,ELS,270.0,60,1,0.13333333333333333
25.1,ELS,270.0,87,1,3.2
25.1,ELS,300.0,0,1,27.866666666666667
25.1,ELS,300.0,1,1,25.866666666666667
25.1,ELS,300.0,3,1,12.533333333333333
25.1,ELS,300.0,4,1,1.2
25.1,ELS,300.0,5,1,9.333333333333334
25.1,ELS,300.0,6,1,12.0
25.1,ELS,300.0,7,1,1.0666666666666667
25.1,ELS,300.0,8,1,1.4666666666666666
25.1,ELS,300.0,13,1,3.4666666666666663
25.1,ELS,300.0,15,1,0.6666666666666667
25.1,ELS,300.0,25,1,2.4
25.1,ELS,300.0,31,1,0.4
25.1,ELS,300.0,43,1,0.9333333333333335
25.1,ELS,300.0,60,1,0.8
25.1,ELS,330.0,0,1,22.133333333333333
25.1,ELS,330.0,1,1,28.133333333333333
25.1,ELS,330.0,2,1,20.933333333333334
25.1,ELS,330.0,3,1,13.866666666666665
25.1,ELS,330.0,5,1,1.4666666666666666
25.1,ELS,330.0,8,1,0.13333333333333333
25.1,ELS,330.0,9,1,1.2
25.1,ELS,330.0,10,1,0.9333333333333335
25.1,ELS,330.0,13,1,7.733333333333333
25.1,ELS,330.0,15,1,1.0666666666666667
25.1,ELS,330.0,19,1,0.5333333333333333
25.1,ELS,330.0,27,1,1.866666666666667
25.1,ELS,360.0,0,1,8.266666666666666
25.1,ELS,360.0,1,1,12.266666666666666
25.1,ELS,360.0,2,1,8.799999999999999
25.1,ELS,360.0,3,1,1.866666666666667
25.1,ELS,360.0,4,1,14.266666666666666
25.1,ELS,360.0,5,1,1.6
25.1,ELS,360.0,6,1,8.799999999999999
25.1,ELS,360.0,7,1,0.26666666666666666
25.1,ELS,360.0,8,1,0.9333333333333335
25.1,ELS,360.0,9,1,1.866666666666667
25.1,ELS,360.0,11,1,2.1333333333333333
25.1,ELS,360.0,17,1,2.533333333333333
25.1,ELS,360.0,22,1,5.866666666666666
25.1,ELS,360.0,23,1,0.26666666666666666
25.1,ELS,360.0,24,1,0.26666666666666666
25.1,ELS,360.0,27,1,2.933333333333333
25.1,ELS,360.0,28,1,10.133333333333333
25.1,ELS,360.0,29,1,0.26666666666666666
25.1,ELS,360.0,30,1,2.8000000000000003
25.1,ELS,360.0,31,1,2.2666666666666666
25.1,ELS,360.0,34,1,0.8
25.1,ELS,360.0,35,1,2.533333333333333
25.1,ELS,360.0,38,1,2.0
25.1,ELS,360.0,39,1,6.266666666666667
25.1,ELS,390.0,0,1,6.933333333333333
25.1,ELS,390.0,1,1,33.33333333333333
25.1,ELS,390.0,2,1,6.133333333333333
25.1,ELS,390.0,3,1,3.0666666666666664
25.1,ELS,390.0,4,1,4.933333333333334
25.1,ELS,390.0,5,1,12.933333333333334
25.1,ELS,390.0,7,1,2.2666666666666666
25.1,ELS,390.0,8,1,0.13333333333333333
25.1,ELS,390.0,9,1,0.4
25.1,ELS,390.0,10,1,4.666666666666667
25.1,ELS,390.0,13,1,12.933333333333334
25.1,ELS,390.0,16,1,0.9333333333333335
25.1,ELS,390.0,17,1,3.8666666666666667
25.1,ELS,390.0,22,1,4.133333333333333
25.1,ELS,390.0,33,1,0.9333333333333335
25.1,ELS,390.0,35,1,2.0
25.1,ELS,390.0,62,1,0.4
25.1,ELS,420.0,0,1,40.53333333333333
25.1,ELS,420.0,1,1,46.13333333333333
25.1,ELS,420.0,2,1,2.8000000000000003
25.1,ELS,420.0,5,1,8.933333333333334
25.1,ELS,420.0,35,1,1.6
26.4,ELS,0.0,0,1,3.0666666666666664
26.4,ELS,0.0,1,1,4.8
26.4,ELS,0.0,2,1,58.4
26.4,ELS,0.0,3,1,6.800000000000001
26.4,ELS,0.0,4,1,0.6666666666666667
26.4,ELS,0.0,6,1,6.4
26.4,ELS,0.0,10,1,3.4666666666666663
26.4,ELS,0.0,11,1,4.933333333333334
26.4,ELS,0.0,12,1,3.733333333333334
26.4,ELS,0.0,14,1,2.8000000000000003
26.4,ELS,0.0,15,1,0.26666666666666666
26.4,ELS,0.0,111,1,4.666666666666667
26.4,ELS,30.0,0,1,11.466666666666667
26.4,ELS,30.0,1,1,18.0
26.4,ELS,30.0,2,1,8.133333333333333
26.4,ELS,30.0,3,1,37.86666666666667
26.4,ELS,30.0,5,1,10.266666666666667
26.4,ELS,30.0,9,1,0.6666666666666667
26.4,ELS,30.0,10,1,5.066666666666666
26.4,ELS,30.0,12,1,2.1333333333333333
26.4,ELS,30.0,14,1,5.2
26.4,ELS,30.0,17,1,1.2
26.4,ELS,60.0,0,1,5.2
26.4,ELS,60.0,1,1,19.733333333333334
26.4,ELS,60.0,2,1,29.86666666666667
26.4,ELS,60.0,3,1,13.866666666666665
26.4,ELS,60.0,5,1,13.733333333333334
26.4,ELS,60.0,6,1,0.9333333333333335
26.4,ELS,60.0,10,1,2.2666666666666666
26.4,ELS,60.0,11,1,1.2
26.4,ELS,60.0,14,1,8.133333333333333
26.4,ELS,60.0,16,1,0.9333333333333335
26.4,ELS,60.0,19,1,0.4
26.4,ELS,60.0,25,1,3.0666666666666664
26.4,ELS,60.0,29,1,0.6666666666666667
26.4,ELS,90.0,0,1,1.6
26.4,ELS,90.0,1,1,62.133333333333326
26.4,ELS,90.0,2,1,10.666666666666668
26.4,ELS,90.0,5,1,6.800000000000001
26.4,ELS,90.0,10,1,9.333333333333334
26.4,ELS,90.0,11,1,0.5333333333333333
26.4,ELS,90.0,14,1,2.2666666666666666
26.4,ELS,90.0,111,1,6.666666666666667
26.4,ELS,120.0,0,1,9.2
26.4,ELS,120.0,1,1,13.066666666666665
26.4,ELS,120.0,2,1,4.3999999999999995
26.4,ELS,120.0,3,1,9.466666666666667
26.4,ELS,120.0,5,1,10.266666666666667
26.4,ELS,120.0,6,1,12.133333333333333
26.4,ELS,120.0,7,1,1.4666666666666666
26.4,ELS,120.0,10,1,11.333333333333332
26.4,ELS,120.0,11,1,4.266666666666667
26.4,ELS,120.0,14,1,1.6
26.4,ELS,120.0,15,1,1.866666666666667
26.4,ELS,120.0,19,1,0.4
26.4,ELS,120.0,27,1,5.466666666666667
26.4,ELS,120.0,28,1,1.866666666666667
26.4,ELS,120.0,111,1,13.200000000000001
26.4,ELS,150.0,0,1,19.866666666666667
26.4,ELS,150.0,1,1,9.866666666666667
26.4,ELS,150.0,2,1,26.0
26.4,ELS,150.0,3,1,13.333333333333334
26.4,ELS,150.0,10,1,6.933333333333333
26.4,ELS,150.0,13,1,5.066666666666666
26.4,ELS,150.0,16,1,1.2
26.4,ELS,150.0,18,1,6.666666666666667
26.4,ELS,150.0,111,1,11.066666666666666
26.4,ELS,180.0,0,1,0.6666666666666667
26.4,ELS,180.0,1,1,45.46666666666667
26.4,ELS,180.0,2,1,19.466666666666665
26.4,ELS,180.0,4,1,0.6666666666666667
26.4,ELS,180.0,5,1,12.8
26.4,ELS,180.0,8,1,0.26666666666666666
26.4,ELS,180.0,9,1,0.13333333333333333
26.4,ELS,180.0,10,1,14.933333333333335
26.4,ELS,180.0,16,1,1.2
26.4,ELS,180.0,21,1,1.0666666666666667
26.4,ELS,180.0,25,1,1.3333333333333335
26.4,ELS,180.0,29,1,2.0
26.4,ELS,210.0,0,1,59.06666666666667
26.4,ELS,210.0,1,1,24.53333333333333
26.4,ELS,210.0,2,1,0.9333333333333335
26.4,ELS,210.0,3,1,11.200000000000001
26.4,ELS,210.0,6,1,3.2
26.4,ELS,210.0,21,1,1.0666666666666667
26.4,ELS,240.0,0,1,26.8
26.4,ELS,240.0,1,1,36.4
26.4,ELS,240.0,2,1,6.266666666666667
26.4,ELS,240.0,3,1,5.466666666666667
26.4,ELS,240.0,5,1,8.933333333333334
26.4,ELS,240.0,7,1,4.3999999999999995
26.4,ELS,240.0,13,1,11.333333333333332
26.4,ELS,240.0,14,1,0.26666666666666666
26.4,ELS,240.0,17,1,0.13333333333333333
26.4,ELS,270.0,0,1,7.733333333333333
26.4,ELS,270.0,1,1,32.93333333333333
26.4,ELS,270.0,2,1,7.199999999999999
26.4,ELS,270.0,3,1,22.8
26.4,ELS,270.0,5,1,9.066666666666666
26.4,ELS,270.0,9,1,1.0666666666666667
26.4,ELS,270.0,10,1,4.133333333333333
26.4,ELS,270.0,12,1,5.333333333333334
26.4,ELS,270.0,14,1,2.933333333333333
26.4,ELS,270.0,16,1,3.3333333333333335
26.4,ELS,270.0,22,1,1.4666666666666666
26.4,ELS,270.0,29,1,0.4
26.4,ELS,270.0,48,1,1.6
26.4,ELS,300.0,0,1,42.66666666666667
26.4,ELS,300.0,1,1,18.133333333333333
26.4,ELS,300.0,2,1,0.5333333333333333
26.4,ELS,300.0,3,1,29.46666666666667
26.4,ELS,300.0,5,1,2.0
26.4,ELS,300.0,10,1,2.0
26.4,ELS,300.0,11,1,0.6666666666666667
26.4,ELS,300.0,13,1,3.3333333333333335
26.4,ELS,300.0,23,1,1.2
26.4,ELS,330.0,0,1,47.06666666666667
26.4,ELS,330.0,1,1,26.13333333333333
26.4,ELS,330.0,3,1,2.2666666666666666
26.4,ELS,330.0,10,1,0.6666666666666667
26.4,ELS,330.0,13,1,23.866666666666667
26.4,ELS,360.0,0,1,47.86666666666667
26.4,ELS,360.0,1,1,36.93333333333334
26.4,ELS,360.0,2,1,1.4666666666666666
26.4,ELS,360.0,6,1,7.199999999999999
26.4,ELS,360.0,10,1,1.4666666666666666
26.4,ELS,360.0,16,1,0.5333333333333333
26.4,ELS,360.0,19,1,0.4
26.4,ELS,360.0,23,1,2.4
26.4,ELS,360.0,39,1,1.7333333333333332
26.4,ELS,390.0,0,1,61.06666666666667
26.4,ELS,390.0,1,1,18.266666666666666
26.4,ELS,390.0,2,1,2.0
26.4,ELS,390.0,3,1,3.5999999999999996
26.4,ELS,390.0,4,1,4.266666666666667
26.4,ELS,390.0,13,1,10.8
26.4,ELS,420.0,0,1,82.93333333333334
26.4,ELS,420.0,1,1,9.466666666666667
26.4,ELS,420.0,3,1,2.933333333333333
26.4,ELS,420.0,20,1,4.666666666666667
32.2,ELS,0.0,0,1,8.133333333333333
32.2,ELS,0.0,1,1,2.533333333333333
32.2,ELS,0.0,2,1,15.333333333333332
32.2,ELS,0.0,3,1,9.066666666666666
32.2,ELS,0.0,4,1,6.933333333333333
32.2,ELS,0.0,5,1,12.8
32.2,ELS,0.0,6,1,10.266666666666667
32.2,ELS,0.0,7,1,0.8
32.2,ELS,0.0,8,1,0.4
32.2,ELS,0.0,9,1,0.5333333333333333
32.2,ELS,0.0,11,1,2.0
32.2,ELS,0.0,15,1,0.6666666666666667
32.2,ELS,0.0,18,1,12.4
32.2,ELS,0.0,20,1,3.8666666666666667
32.2,ELS,0.0,27,1,9.066666666666666
32.2,ELS,0.0,111,1,5.2
32.2,ELS,30.0,0,1,1.3333333333333335
32.2,ELS,30.0,1,1,4.266666666666667
32.2,ELS,30.0,2,1,49.06666666666666
32.2,ELS,30.0,3,1,1.3333333333333335
32.2,ELS,30.0,5,1,6.133333333333333
32.2,ELS,30.0,6,1,9.733333333333333
32.2,ELS,30.0,11,1,2.933333333333333
32.2,ELS,30.0,25,1,3.733333333333334
32.2,ELS,30.0,27,1,16.8
32.2,ELS,30.0,111,1,4.666666666666667
32.2,ELS,60.0,1,1,29.599999999999998
32.2,ELS,60.0,2,1,9.6
32.2,ELS,60.0,3,1,2.666666666666667
32.2,ELS,60.0,5,1,13.866666666666665
32.2,ELS,60.0,11,1,2.933333333333333
32.2,ELS,60.0,13,1,6.533333333333332
32.2,ELS,60.0,14,1,1.0666666666666667
32.2,ELS,60.0,19,1,0.8
32.2,ELS,60.0,26,1,10.133333333333333
32.2,ELS,60.0,27,1,7.333333333333333
32.2,ELS,60.0,111,1,15.466666666666667
32.2,ELS,90.0,0,1,14.399999999999999
32.2,ELS,90.0,1,1,14.133333333333335
32.2,ELS,90.0,2,1,8.799999999999999
32.2,ELS,90.0,4,1,17.066666666666666
32.2,ELS,90.0,5,1,9.2
32.2,ELS,90.0,6,1,0.8
32.2,ELS,90.0,7,1,1.4666666666666666
32.2,ELS,90.0,8,1,1.6
32.2,ELS,90.0,13,1,13.200000000000001
32.2,ELS,90.0,17,1,2.0
32.2,ELS,90.0,18,1,8.799999999999999
32.2,ELS,90.0,24,1,1.0666666666666667
32.2,ELS,90.0,31,1,2.4
32.2,ELS,90.0,36,1,1.3333333333333335
32.2,ELS,90.0,111,1,3.733333333333334
32.2,ELS,120.0,1,1,37.733333333333334
32.2,ELS,120.0,4,1,9.2
32.2,ELS,120.0,5,1,3.2
32.2,ELS,120.0,6,1,8.4
32.2,ELS,120.0,7,1,6.266666666666667
32.2,ELS,120.0,8,1,0.13333333333333333
32.2,ELS,120.0,9,1,0.6666666666666667
32.2,ELS,120.0,11,1,1.4666666666666666
32.2,ELS,120.0,12,1,2.4
32.2,ELS,120.0,27,1,20.0
32.2,ELS,120.0,29,1,0.13333333333333333
32.2,ELS,120.0,111,1,10.4
32.2,ELS,150.0,0,1,7.199999999999999
32.2,ELS,150.0,1,1,21.2
32.2,ELS,150.0,2,1,5.333333333333334
32.2,ELS,150.0,3,1,6.666666666666667
32.2,ELS,150.0,5,1,18.8
32.2,ELS,150.0,6,1,12.4
32.2,ELS,150.0,7,1,4.0
32.2,ELS,150.0,10,1,4.533333333333333
32.2,ELS,150.0,11,1,2.4
32.2,ELS,150.0,18,1,9.6
32.2,ELS,150.0,27,1,7.866666666666666
32.2,ELS,180.0,0,1,4.133333333333333
32.2,ELS,180.0,1,1,19.066666666666666
32.2,ELS,180.0,2,1,12.4
32.2,ELS,180.0,3,1,19.066666666666666
32.2,ELS,180.0,5,1,6.0
32.2,ELS,180.0,7,1,0.8
32.2,ELS,180.0,9,1,0.8
32.2,ELS,180.0,10,1,0.13333333333333333
32.2,ELS,180.0,11,1,0.8
32.2,ELS,180.0,14,1,2.666666666666667
32.2,ELS,180.0,18,1,6.800000000000001
32.2,ELS,180.0,20,1,2.0
32.2,ELS,180.0,23,1,1.6
32.2,ELS,180.0,27,1,9.466666666666667
32.2,ELS,180.0,31,1,0.4
32.2,ELS,180.0,34,1,3.733333333333334
32.2,ELS,180.0,111,1,10.133333333333333
32.2,ELS,210.0,0,1,4.266666666666667
32.2,ELS,210.0,1,1,34.13333333333333
32.2,ELS,210.0,2,1,2.666666666666667
32.2,ELS,210.0,3,1,12.133333333333333
32.2,ELS,210.0,4,1,1.866666666666667
32.2,ELS,210.0,6,1,15.066666666666666
32.2,ELS,210.0,8,1,1.866666666666667
32.2,ELS,210.0,11,1,1.0666666666666667
32.2,ELS,210.0,16,1,0.5333333333333333
32.2,ELS,210.0,17,1,4.666666666666667
32.2,ELS,210.0,22,1,2.2666666666666666
32.2,ELS,210.0,24,1,0.13333333333333333
32.2,ELS,210.0,25,1,1.4666666666666666
32.2,ELS,210.0,27,1,2.933333333333333
32.2,ELS,210.0,31,1,1.4666666666666666
32.2,ELS,210.0,34,1,3.5999999999999996
32.2,ELS,210.0,36,1,1.3333333333333335
32.2,ELS,210.0,37,1,6.133333333333333
32.2,ELS,210.0,39,1,1.4666666666666666
32.2,ELS,210.0,42,1,0.9333333333333335
32.2,ELS,240.0,0,1,13.733333333333334
32.2,ELS,240.0,1,1,16.0
32.2,ELS,240.0,3,1,1.4666666666666666
32.2,ELS,240.0,4,1,3.4666666666666663
32.2,ELS,240.0,5,1,12.533333333333333
32.2,ELS,240.0,6,1,13.066666666666665
32.2,ELS,240.0,7,1,4.266666666666667
32.2,ELS,240.0,8,1,2.1333333333333333
32.2,ELS,240.0,9,1,0.4
32.2,ELS,240.0,11,1,0.8
32.2,ELS,240.0,12,1,2.533333333333333
32.2,ELS,240.0,18,1,8.4
32.2,ELS,240.0,22,1,7.6
32.2,ELS,240.0,24,1,0.6666666666666667
32.2,ELS,240.0,31,1,2.933333333333333
32.2,ELS,240.0,32,1,0.9333333333333335
32.2,ELS,240.0,36,1,1.4666666666666666
32.2,ELS,240.0,39,1,2.0
32.2,ELS,240.0,111,1,5.6000000000000005
32.2,ELS,270.0,0,1,4.3999999999999995
32.2,ELS,270.0,1,1,58.8
32.2,ELS,270.0,2,1,8.4
32.2,ELS,270.0,3,1,8.133333333333333
32.2,ELS,270.0,5,1,1.4666666666666666
32.2,ELS,270.0,6,1,6.533333333333332
32.2,ELS,270.0,7,1,1.3333333333333335
32.2,ELS,270.0,20,1,2.8000000000000003
32.2,ELS,270.0,34,1,5.333333333333334
32.2,ELS,270.0,36,1,0.9333333333333335
32.2,ELS,270.0,39,1,1.866666666666667
32.2,ELS,300.0,0,1,18.0
32.2,ELS,300.0,1,1,12.0
32.2,ELS,300.0,2,1,0.4
32.2,ELS,300.0,3,1,10.666666666666668
32.2,ELS,300.0,4,1,17.599999999999998
32.2,ELS,300.0,5,1,0.26666666666666666
32.2,ELS,300.0,7,1,0.26666666666666666
32.2,ELS,300.0,9,1,1.866666666666667
32.2,ELS,300.0,13,1,6.0
32.2,ELS,300.0,18,1,10.666666666666668
32.2,ELS,300.0,20,1,0.9333333333333335
32.2,ELS,300.0,22,1,1.7333333333333332
32.2,ELS,300.0,24,1,6.266666666666667
32.2,ELS,300.0,28,1,5.466666666666667
32.2,ELS,300.0,32,1,2.0
32.2,ELS,300.0,34,1,0.5333333333333333
32.2,ELS,300.0,42,1,5.333333333333334
32.2,ELS,330.0,0,1,10.0
32.2,ELS,330.0,1,1,32.93333333333333
32.2,ELS,330.0,2,1,5.333333333333334
32.2,ELS,330.0,3,1,19.866666666666667
32.2,ELS,330.0,4,1,9.6
32.2,ELS,330.0,6,1,10.133333333333333
32.2,ELS,330.0,7,1,1.3333333333333335
32.2,ELS,330.0,8,1,1.4666666666666666
32.2,ELS,330.0,9,1,0.13333333333333333
32.2,ELS,330.0,13,1,6.666666666666667
32.2,ELS,330.0,22,1,1.3333333333333335
32.2,ELS,330.0,24,1,0.13333333333333333
32.2,ELS,330.0,25,1,0.6666666666666667
32.2,ELS,330.0,33,1,0.4
32.2,ELS,360.0,0,1,14.933333333333335
32.2,ELS,360.0,1,1,1.866666666666667
32.2,ELS,360.0,6,1,48.0
32.2,ELS,360.0,7,1,6.933333333333333
32.2,ELS,360.0,13,1,15.333333333333332
32.2,ELS,360.0,20,1,2.533333333333333
32.2,ELS,360.0,23,1,3.3333333333333335
32.2,ELS,360.0,26,1,4.266666666666667
32.2,ELS,360.0,29,1,0.5333333333333333
32.2,ELS,360.0,30,1,1.2
32.2,ELS,360.0,34,1,1.0666666666666667
32.2,ELS,390.0,0,1,30.0
32.2,ELS,390.0,1,1,20.4
32.2,ELS,390.0,3,1,1.7333333333333332
32.2,ELS,390.0,4,1,1.6
32.2,ELS,390.0,6,1,18.53333333333333
32.2,ELS,390.0,13,1,25.2
32.2,ELS,390.0,16,1,0.4
32.2,ELS,390.0,30,1,0.13333333333333333
32.2,ELS,390.0,111,1,2.0
32.2,ELS,420.0,0,1,27.200000000000003
32.2,ELS,420.0,1,1,38.93333333333333
32.2,ELS,420.0,3,1,5.6000000000000005
32.2,ELS,420.0,6,1,4.666666666666667
32.2,ELS,420.0,7,1,1.2
32.2,ELS,420.0,10,1,0.5333333333333333
32.2,ELS,420.0,13,1,21.866666666666667
32.4,ELS,0.0,1,1,16.666666666666664
32.4,ELS,0.0,2,1,28.000000000000004
32.4,ELS,0.0,3,1,5.6000000000000005
32.4,ELS,0.0,4,1,4.533333333333333
32.4,ELS,0.0,5,1,1.2
32.4,ELS,0.0,6,1,3.5999999999999996
32.4,ELS,0.0,7,1,7.6
32.4,ELS,0.0,8,1,0.9333333333333335
32.4,ELS,0.0,9,1,0.6666666666666667
32.4,ELS,0.0,12,1,0.26666666666666666
32.4,ELS,0.0,16,1,0.26666666666666666
32.4,ELS,0.0,17,1,4.533333333333333
32.4,ELS,0.0,24,1,0.13333333333333333
32.4,ELS,0.0,27,1,7.066666666666667
32.4,ELS,0.0,28,1,8.133333333333333
32.4,ELS,0.0,29,1,1.3333333333333335
32.4,ELS,0.0,31,1,2.933333333333333
32.4,ELS,0.0,36,1,1.0666666666666667
32.4,ELS,0.0,39,1,2.2666666666666666
32.4,ELS,0.0,111,1,3.2
32.4,ELS,30.0,1,1,33.06666666666666
32.4,ELS,30.0,2,1,22.0
32.4,ELS,30.0,4,1,1.4666666666666666
32.4,ELS,30.0,5,1,3.2
32.4,ELS,30.0,7,1,3.3333333333333335
32.4,ELS,30.0,8,1,0.13333333333333333
32.4,ELS,30.0,9,1,1.0666666666666667
32.4,ELS,30.0,10,1,2.0
32.4,ELS,30.0,16,1,0.6666666666666667
32.4,ELS,30.0,21,1,4.266666666666667
32.4,ELS,30.0,22,1,1.0666666666666667
32.4,ELS,30.0,23,1,0.4
32.4,ELS,30.0,31,1,2.1333333333333333
32.4,ELS,30.0,35,1,1.2
32.4,ELS,30.0,36,1,0.4
32.4,ELS,30.0,37,1,12.133333333333333
32.4,ELS,30.0,59,1,0.6666666666666667
32.4,ELS,30.0,111,1,10.8
32.4,ELS,60.0,1,1,9.466666666666667
32.4,ELS,60.0,2,1,20.666666666666668
32.4,ELS,60.0,3,1,12.933333333333334
32.4,ELS,60.0,6,1,5.6000000000000005
32.4,ELS,60.0,7,1,7.333333333333333
32.4,ELS,60.0,9,1,0.6666666666666667
32.4,ELS,60.0,13,1,19.066666666666666
32.4,ELS,60.0,17,1,2.8000000000000003
32.4,ELS,60.0,18,1,9.733333333333333
32.4,ELS,60.0,27,1,7.066666666666667
32.4,ELS,60.0,34,1,0.5333333333333333
32.4,ELS,60.0,111,1,4.133333333333333
32.4,ELS,90.0,0,1,3.733333333333334
32.4,ELS,90.0,1,1,16.933333333333334
32.4,ELS,90.0,2,1,11.333333333333332
32.4,ELS,90.0,3,1,10.133333333333333
32.4,ELS,90.0,5,1,5.6000000000000005
32.4,ELS,90.0,6,1,12.533333333333333
32.4,ELS,90.0,7,1,2.1333333333333333
32.4,ELS,90.0,10,1,1.0666666666666667
32.4,ELS,90.0,12,1,3.733333333333334
32.4,ELS,90.0,13,1,3.8666666666666667
32.4,ELS,90.0,14,1,0.9333333333333335
32.4,ELS,90.0,17,1,1.3333333333333335
32.4,ELS,90.0,20,1,3.4666666666666663
32.4,ELS,90.0,27,1,12.8
32.4,ELS,90.0,37,1,10.4
32.4,ELS,120.0,1,1,44.4
32.4,ELS,120.0,2,1,2.4
32.4,ELS,120.0,3,1,6.4
32.4,ELS,120.0,5,1,2.8000000000000003
32.4,ELS,120.0,7,1,0.8
32.4,ELS,120.0,10,1,0.9333333333333335
32.4,ELS,120.0,11,1,1.7333333333333332
32.4,ELS,120.0,21,1,0.5333333333333333
32.4,ELS,120.0,27,1,21.866666666666667
32.4,ELS,120.0,37,1,18.133333333333333
32.4,ELS,150.0,1,1,11.066666666666666
32.4,ELS,150.0,2,1,7.199999999999999
32.4,ELS,150.0,3,1,16.933333333333334
32.4,ELS,150.0,4,1,0.4
32.4,ELS,150.0,5,1,1.4666666666666666
32.4,ELS,150.0,6,1,23.733333333333334
32.4,ELS,150.0,7,1,4.133333333333333
32.4,ELS,150.0,10,1,0.4
32.4,ELS,150.0,12,1,0.9333333333333335
32.4,ELS,150.0,24,1,1.0666666666666667
32.4,ELS,150.0,32,1,8.799999999999999
32.4,ELS,150.0,37,1,18.0
32.4,ELS,150.0,111,1,5.866666666666666
32.4,ELS,180.0,0,1,2.8000000000000003
32.4,ELS,180.0,1,1,25.333333333333336
32.4,ELS,180.0,2,1,14.399999999999999
32.4,ELS,180.0,3,1,20.0
32.4,ELS,180.0,4,1,0.13333333333333333
32.4,ELS,180.0,6,1,11.200000000000001
32.4,ELS,180.0,7,1,4.133333333333333
32.4,ELS,180.0,8,1,1.4666666666666666
32.4,ELS,180.0,17,1,1.4666666666666666
32.4,ELS,180.0,20,1,3.4666666666666663
32.4,ELS,180.0,21,1,0.26666666666666666
32.4,ELS,180.0,27,1,7.466666666666668
32.4,ELS,180.0,32,1,2.0
32.4,ELS,180.0,34,1,0.6666666666666667
32.4,ELS,180.0,35,1,1.866666666666667
32.4,ELS,180.0,36,1,1.2
32.4,ELS,180.0,39,1,0.8
32.4,ELS,180.0,47,1,0.5333333333333333
32.4,ELS,180.0,68,1,0.8
32.4,ELS,210.0,0,1,17.599999999999998
32.4,ELS,210.0,1,1,14.266666666666666
32.4,ELS,210.0,3,1,25.6
32.4,ELS,210.0,4,1,16.666666666666664
32.4,ELS,210.0,7,1,1.0666666666666667
32.4,ELS,210.0,8,1,0.4
32.4,ELS,210.0,17,1,1.3333333333333335
32.4,ELS,210.0,21,1,1.0666666666666667
32.4,ELS,210.0,22,1,1.2
32.4,ELS,210.0,24,1,0.6666666666666667
32.4,ELS,210.0,27,1,5.466666666666667
32.4,ELS,210.0,28,1,7.199999999999999
32.4,ELS,210.0,35,1,0.6666666666666667
32.4,ELS,210.0,37,1,3.4666666666666663
32.4,ELS,210.0,38,1,2.4
32.4,ELS,210.0,44,1,0.9333333333333335
32.4,ELS,240.0,0,1,20.533333333333335
32.4,ELS,240.0,1,1,24.0
32.4,ELS,240.0,2,1,1.2
32.4,ELS,240.0,3,1,6.800000000000001
32.4,ELS,240.0,4,1,19.066666666666666
32.4,ELS,240.0,5,1,2.666666666666667
32.4,ELS,240.0,6,1,0.8
32.4,ELS,240.0,8,1,2.933333333333333
32.4,ELS,240.0,9,1,1.4666666666666666
32.4,ELS,240.0,12,1,0.6666666666666667
32.4,ELS,240.0,13,1,6.266666666666667
32.4,ELS,240.0,21,1,0.13333333333333333
32.4,ELS,240.0,22,1,3.2
32.4,ELS,240.0,24,1,0.5333333333333333
32.4,ELS,240.0,31,1,0.6666666666666667
32.4,ELS,240.0,32,1,7.333333333333333
32.4,ELS,240.0,37,1,1.7333333333333332
32.4,ELS,270.0,0,1,3.4666666666666663
32.4,ELS,270.0,1,1,22.0
32.4,ELS,270.0,2,1,4.533333333333333
32.4,ELS,270.0,3,1,35.86666666666667
32.4,ELS,270.0,5,1,6.666666666666667
32.4,ELS,270.0,8,1,0.5333333333333333
32.4,ELS,270.0,11,1,0.9333333333333335
32.4,ELS,270.0,13,1,1.7333333333333332
32.4,ELS,270.0,16,1,1.2
32.4,ELS,270.0,23,1,1.2
32.4,ELS,270.0,30,1,3.0666666666666664
32.4,ELS,270.0,37,1,18.8
32.4,ELS,300.0,0,1,19.466666666666665
32.4,ELS,300.0,1,1,53.86666666666666
32.4,ELS,300.0,3,1,2.533333333333333
32.4,ELS,300.0,7,1,0.26666666666666666
32.4,ELS,300.0,8,1,0.5333333333333333
32.4,ELS,300.0,13,1,8.799999999999999
32.4,ELS,300.0,25,1,1.2
32.4,ELS,300.0,37,1,13.333333333333334
32.4,ELS,330.0,0,1,49.733333333333334
32.4,ELS,330.0,1,1,27.200000000000003
32.4,ELS,330.0,3,1,1.7333333333333332
32.4,ELS,330.0,7,1,3.4666666666666663
32.4,ELS,330.0,37,1,17.866666666666667
32.4,ELS,360.0,0,1,3.8666666666666667
32.4,ELS,360.0,1,1,42.93333333333334
32.4,ELS,360.0,2,1,4.0
32.4,ELS,360.0,3,1,13.600000000000001
32.4,ELS,360.0,6,1,10.533333333333333
32.4,ELS,360.0,7,1,1.6
32.4,ELS,360.0,9,1,3.5999999999999996
32.4,ELS,360.0,11,1,0.26666666666666666
32.4,ELS,360.0,13,1,11.466666666666667
32.4,ELS,360.0,19,1,0.5333333333333333
32.4,ELS,360.0,28,1,7.333333333333333
32.4,ELS,360.0,29,1,0.26666666666666666
32.4,ELS,390.0,0,1,1.2
32.4,ELS,390.0,1,1,26.266666666666666
32.4,ELS,390.0,3,1,24.0
32.4,ELS,390.0,4,1,12.0
32.4,ELS,390.0,5,1,3.5999999999999996
32.4,ELS,390.0,6,1,2.8000000000000003
32.4,ELS,390.0,8,1,0.6666666666666667
32.4,ELS,390.0,10,1,0.6666666666666667
32.4,ELS,390.0,11,1,2.533333333333333
32.4,ELS,390.0,13,1,13.600000000000001
32.4,ELS,390.0,15,1,0.4
32.4,ELS,390.0,19,1,1.0666666666666667
32.4,ELS,390.0,23,1,2.1333333333333333
32.4,ELS,390.0,24,1,0.26666666666666666
32.4,ELS,390.0,31,1,4.3999999999999995
32.4,ELS,390.0,39,1,0.4
32.4,ELS,390.0,48,1,3.0666666666666664
32.4,ELS,390.0,50,1,0.9333333333333335
32.4,ELS,420.0,0,1,11.466666666666667
32.4,ELS,420.0,1,1,23.333333333333332
32.4,ELS,420.0,2,1,3.2
32.4,ELS,420.0,3,1,15.466666666666667
32.4,ELS,420.0,4,1,19.466666666666665
32.4,ELS,420.0,5,1,0.4
32.4,ELS,420.0,6,1,10.4
32.4,ELS,420.0,8,1,0.6666666666666667
32.4,ELS,420.0,11,1,0.4
32.4,ELS,420.0,12,1,1.0666666666666667
32.4,ELS,420.0,13,1,8.0
32.4,ELS,420.0,20,1,1.866666666666667
32.4,ELS,420.0,22,1,1.866666666666667
32.4,ELS,420.0,24,1,0.13333333333333333
32.4,ELS,420.0,33,1,0.4
32.4,ELS,420.0,38,1,1.3333333333333335
32.4,ELS,420.0,57,1,0.5333333333333333
34.4,Control,0.0,1,1,20.133333333333333
34.4,Control,0.0,2,1,32.93333333333333
34.4,Control,0.0,5,1,11.466666666666667
34.4,Control,0.0,6,1,18.8
34.4,Control,0.0,10,1,2.666666666666667
34.4,Control,0.0,12,1,2.1333333333333333
34.4,Control,0.0,14,1,2.1333333333333333
34.4,Control,0.0,16,1,0.8
34.4,Control,0.0,17,1,1.3333333333333335
34.4,Control,0.0,25,1,1.7333333333333332
34.4,Control,0.0,111,1,5.866666666666666
34.4,Control,30.0,0,1,9.6
34.4,Control,30.0,1,1,17.466666666666665
34.4,Control,30.0,2,1,26.666666666666668
34.4,Control,30.0,3,1,8.4
34.4,Control,30.0,5,1,11.866666666666667
34.4,Control,30.0,6,1,5.466666666666667
34.4,Control,30.0,10,1,4.933333333333334
34.4,Control,30.0,11,1,0.4
34.4,Control,30.0,12,1,1.4666666666666666
34.4,Control,30.0,14,1,4.0
34.4,Control,30.0,16,1,1.866666666666667
34.4,Control,30.0,17,1,0.9333333333333335
34.4,Control,30.0,111,1,6.933333333333333
34.4,Control,60.0,1,1,25.733333333333334
34.4,Control,60.0,2,1,8.0
34.4,Control,60.0,3,1,13.466666666666665
34.4,Control,60.0,5,1,20.8
34.4,Control,60.0,6,1,7.066666666666667
34.4,Control,60.0,7,1,1.866666666666667
34.4,Control,60.0,9,1,1.4666666666666666
34.4,Control,60.0,11,1,1.866666666666667
34.4,Control,60.0,12,1,1.2
34.4,Control,60.0,14,1,5.6000000000000005
34.4,Control,60.0,15,1,4.533333333333333
34.4,Control,60.0,111,1,8.4
34.4,Control,90.0,0,1,0.26666666666666666
34.4,Control,90.0,1,1,14.133333333333335
34.4,Control,90.0,2,1,18.8
34.4,Control,90.0,3,1,12.133333333333333
34.4,Control,90.0,5,1,24.666666666666668
34.4,Control,90.0,10,1,1.4666666666666666
34.4,Control,90.0,11,1,4.3999999999999995
34.4,Control,90.0,14,1,14.933333333333335
34.4,Control,90.0,111,1,9.2
34.4,Control,120.0,1,1,13.466666666666665
34.4,Control,120.0,2,1,18.53333333333333
34.4,Control,120.0,4,1,0.9333333333333335
34.4,Control,120.0,5,1,6.933333333333333
34.4,Control,120.0,7,1,4.933333333333334
34.4,Control,120.0,9,1,0.8
34.4,Control,120.0,10,1,9.6
34.4,Control,120.0,11,1,2.666666666666667
34.4,Control,120.0,12,1,0.4
34.4,Control,120.0,14,1,7.466666666666668
34.4,Control,120.0,16,1,2.666666666666667
34.4,Control,120.0,19,1,4.133333333333333
34.4,Control,120.0,21,1,2.666666666666667
34.4,Control,120.0,27,1,3.4666666666666663
34.4,Control,120.0,37,1,4.8
34.4,Control,120.0,111,1,16.53333333333333
34.4,Control,150.0,1,1,29.2
34.4,Control,150.0,2,1,14.266666666666666
34.4,Control,150.0,4,1,0.26666666666666666
34.4,Control,150.0,5,1,3.8666666666666667
34.4,Control,150.0,7,1,9.866666666666667
34.4,Control,150.0,8,1,1.6
34.4,Control,150.0,10,1,4.533333333333333
34.4,Control,150.0,11,1,10.666666666666668
34.4,Control,150.0,14,1,11.333333333333332
34.4,Control,150.0,15,1,3.5999999999999996
34.4,Control,150.0,16,1,3.0666666666666664
34.4,Control,150.0,19,1,1.3333333333333335
34.4,Control,150.0,111,1,6.4
34.4,Control,180.0,0,1,12.133333333333333
34.4,Control,180.0,1,1,11.200000000000001
34.4,Control,180.0,2,1,18.53333333333333
34.4,Control,180.0,3,1,11.200000000000001
34.4,Control,180.0,7,1,1.0666666666666667
34.4,Control,180.0,8,1,0.13333333333333333
34.4,Control,180.0,10,1,9.733333333333333
34.4,Control,180.0,14,1,5.866666666666666
34.4,Control,180.0,16,1,2.2666666666666666
34.4,Control,180.0,21,1,2.8000000000000003
34.4,Control,180.0,23,1,0.26666666666666666
34.4,Control,180.0,25,1,11.466666666666667
34.4,Control,180.0,30,1,2.0
34.4,Control,180.0,111,1,11.333333333333332
34.4,Control,210.0,1,1,35.06666666666667
34.4,Control,210.0,2,1,10.533333333333333
34.4,Control,210.0,3,1,16.8
34.4,Control,210.0,5,1,7.066666666666667
34.4,Control,210.0,6,1,12.266666666666666
34.4,Control,210.0,7,1,3.5999999999999996
34.4,Control,210.0,9,1,0.13333333333333333
34.4,Control,210.0,10,1,3.4666666666666663
34.4,Control,210.0,12,1,2.666666666666667
34.4,Control,210.0,15,1,0.8
34.4,Control,210.0,17,1,1.6
34.4,Control,210.0,21,1,0.6666666666666667
34.4,Control,210.0,26,1,5.333333333333334
34.4,Control,240.0,1,1,26.93333333333333
34.4,Control,240.0,2,1,11.333333333333332
34.4,Control,240.0,5,1,0.6666666666666667
34.4,Control,240.0,7,1,4.0
34.4,Control,240.0,10,1,14.133333333333335
34.4,Control,240.0,11,1,3.5999999999999996
34.4,Control,240.0,12,1,1.2
34.4,Control,240.0,13,1,10.133333333333333
34.4,Control,240.0,17,1,0.4
34.4,Control,240.0,25,1,9.333333333333334
34.4,Control,240.0,111,1,18.266666666666666
34.4,Control,270.0,0,1,7.866666666666666
34.4,Control,270.0,1,1,42.13333333333333
34.4,Control,270.0,2,1,10.8
34.4,Control,270.0,5,1,7.733333333333333
34.4,Control,270.0,6,1,4.0
34.4,Control,270.0,7,1,2.0
34.4,Control,270.0,9,1,0.8
34.4,Control,270.0,10,1,3.0666666666666664
34.4,Control,270.0,11,1,2.1333333333333333
34.4,Control,270.0,13,1,2.4
34.4,Control,270.0,14,1,3.0666666666666664
34.4,Control,270.0,15,1,2.1333333333333333
34.4,Control,270.0,16,1,1.2
34.4,Control,270.0,17,1,2.4
34.4,Control,270.0,20,1,5.066666666666666
34.4,Control,270.0,23,1,0.8
34.4,Control,270.0,34,1,2.4
34.4,Control,300.0,0,1,15.066666666666666
34.4,Control,300.0,1,1,33.2
34.4,Control,300.0,3,1,24.8
34.4,Control,300.0,4,1,2.533333333333333
34.4,Control,300.0,5,1,6.4
34.4,Control,300.0,6,1,3.3333333333333335
34.4,Control,300.0,8,1,0.6666666666666667
34.4,Control,300.0,9,1,1.2
34.4,Control,300.0,10,1,0.13333333333333333
34.4,Control,300.0,17,1,2.1333333333333333
34.4,Control,300.0,20,1,1.4666666666666666
34.4,Control,300.0,38,1,2.1333333333333333
34.4,Control,300.0,44,1,6.933333333333333
34.4,Control,330.0,0,1,7.866666666666666
34.4,Control,330.0,1,1,48.66666666666667
34.4,Control,330.0,3,1,15.2
34.4,Control,330.0,5,1,5.866666666666666
34.4,Control,330.0,6,1,2.1333333333333333
34.4,Control,330.0,7,1,0.8
34.4,Control,330.0,10,1,3.2
34.4,Control,330.0,14,1,2.933333333333333
34.4,Control,330.0,16,1,3.2
34.4,Control,330.0,19,1,1.2
34.4,Control,330.0,111,1,8.933333333333334
34.4,Control,360.0,0,1,6.666666666666667
34.4,Control,360.0,1,1,15.066666666666666
34.4,Control,360.0,2,1,10.133333333333333
34.4,Control,360.0,3,1,4.133333333333333
34.4,Control,360.0,4,1,5.6000000000000005
34.4,Control,360.0,5,1,6.933333333333333
34.4,Control,360.0,7,1,0.5333333333333333
34.4,Control,360.0,10,1,0.13333333333333333
34.4,Control,360.0,13,1,3.2
34.4,Control,360.0,17,1,8.0
34.4,Control,360.0,18,1,22.53333333333333
34.4,Control,360.0,19,1,0.8
34.4,Control,360.0,23,1,0.5333333333333333
34.4,Control,360.0,24,1,0.13333333333333333
34.4,Control,360.0,30,1,1.866666666666667
34.4,Control,360.0,34,1,1.7333333333333332
34.4,Control,360.0,35,1,1.3333333333333335
34.4,Control,360.0,42,1,0.9333333333333335
34.4,Control,360.0,44,1,9.733333333333333
34.4,Control,390.0,0,1,25.866666666666667
34.4,Control,390.0,1,1,13.200000000000001
34.4,Control,390.0,2,1,7.066666666666667
34.4,Control,390.0,3,1,6.4
34.4,Control,390.0,4,1,7.066666666666667
34.4,Control,390.0,6,1,15.866666666666667
34.4,Control,390.0,10,1,1.866666666666667
34.4,Control,390.0,11,1,0.13333333333333333
34.4,Control,390.0,13,1,16.266666666666666
34.4,Control,390.0,19,1,2.533333333333333
34.4,Control,390.0,32,1,0.4
34.4,Control,390.0,69,1,0.6666666666666667
34.4,Control,390.0,81,1,2.666666666666667
34.4,Control,420.0,0,1,25.466666666666665
34.4,Control,420.0,1,1,40.8
34.4,Control,420.0,2,1,4.8
34.4,Control,420.0,4,1,10.933333333333334
34.4,Control,420.0,5,1,8.533333333333333
34.4,Control,420.0,8,1,1.866666666666667
34.4,Control,420.0,10,1,3.5999999999999996
34.4,Control,420.0,13,1,1.7333333333333332
34.4,Control,420.0,24,1,0.4
34.4,Control,420.0,33,1,1.866666666666667
34.5,Control,0.0,0,1,1.2
34.5,Control,0.0,2,1,50.8
34.5,Control,0.0,3,1,13.866666666666665
34.5,Control,0.0,4,1,0.9333333333333335
34.5,Control,0.0,5,1,9.2
34.5,Control,0.0,6,1,1.2
34.5,Control,0.0,10,1,7.733333333333333
34.5,Control,0.0,11,1,5.6000000000000005
34.5,Control,0.0,14,1,2.2666666666666666
34.5,Control,0.0,15,1,1.6
34.5,Control,0.0,16,1,0.4
34.5,Control,0.0,21,1,0.8
34.5,Control,0.0,25,1,4.3999999999999995
34.5,Control,30.0,1,1,6.0
34.5,Control,30.0,2,1,34.0
34.5,Control,30.0,3,1,5.2
34.5,Control,30.0,5,1,7.733333333333333
34.5,Control,30.0,9,1,1.7333333333333332
34.5,Control,30.0,10,1,3.0666666666666664
34.5,Control,30.0,14,1,19.066666666666666
34.5,Control,30.0,16,1,6.666666666666667
34.5,Control,30.0,17,1,3.3333333333333335
34.5,Control,30.0,21,1,0.9333333333333335
34.5,Control,30.0,25,1,4.266666666666667
34.5,Control,30.0,29,1,0.26666666666666666
34.5,Control,30.0,111,1,7.733333333333333
34.5,Control,60.0,2,1,38.53333333333334
34.5,Control,60.0,5,1,5.2
34.5,Control,60.0,9,1,1.6
34.5,Control,60.0,10,1,6.800000000000001
34.5,Control,60.0,11,1,5.733333333333333
34.5,Control,60.0,12,1,2.2666666666666666
34.5,Control,60.0,14,1,6.4
34.5,Control,60.0,15,1,1.6
34.5,Control,60.0,16,1,14.133333333333335
34.5,Control,60.0,19,1,3.2
34.5,Control,60.0,25,1,7.333333333333333
34.5,Control,60.0,111,1,7.199999999999999
34.5,Control,90.0,1,1,2.0
34.5,Control,90.0,2,1,15.6
34.5,Control,90.0,3,1,8.0
34.5,Control,90.0,7,1,2.8000000000000003
34.5,Control,90.0,9,1,1.2
34.5,Control,90.0,10,1,7.066666666666667
34.5,Control,90.0,11,1,1.3333333333333335
34.5,Control,90.0,12,1,1.7333333333333332
34.5,Control,90.0,14,1,6.133333333333333
34.5,Control,90.0,15,1,1.3333333333333335
34.5,Control,90.0,16,1,17.066666666666666
34.5,Control,90.0,17,1,3.0666666666666664
34.5,Control,90.0,19,1,6.4
34.5,Control,90.0,25,1,2.533333333333333
34.5,Control,90.0,29,1,0.9333333333333335
34.5,Control,90.0,30,1,0.26666666666666666
34.5,Control,90.0,111,1,22.53333333333333
34.5,Control,120.0,0,1,3.3333333333333335
34.5,Control,120.0,1,1,10.266666666666667
34.5,Control,120.0,2,1,8.266666666666666
34.5,Control,120.0,3,1,2.533333333333333
34.5,Control,120.0,4,1,2.4
34.5,Control,120.0,5,1,1.7333333333333332
34.5,Control,120.0,8,1,0.26666666666666666
34.5,Control,120.0,9,1,1.6
34.5,Control,120.0,10,1,16.400000000000002
34.5,Control,120.0,11,1,5.333333333333334
34.5,Control,120.0,12,1,0.9333333333333335
34.5,Control,120.0,14,1,4.0
34.5,Control,120.0,16,1,4.3999999999999995
34.5,Control,120.0,17,1,1.7333333333333332
34.5,Control,120.0,19,1,1.2
34.5,Control,120.0,21,1,1.866666666666667
34.5,Control,120.0,23,1,0.8
34.5,Control,120.0,25,1,1.0666666666666667
34.5,Control,120.0,27,1,6.4
34.5,Control,120.0,29,1,1.2
34.5,Control,120.0,30,1,1.2
34.5,Control,120.0,34,1,0.13333333333333333
34.5,Control,120.0,38,1,1.6
34.5,Control,120.0,111,1,21.333333333333336
34.5,Control,150.0,0,1,0.8
34.5,Control,150.0,1,1,4.533333333333333
34.5,Control,150.0,2,1,28.000000000000004
34.5,Control,150.0,4,1,2.1333333333333333
34.5,Control,150.0,5,1,4.533333333333333
34.5,Control,150.0,9,1,2.666666666666667
34.5,Control,150.0,10,1,14.666666666666666
34.5,Control,150.0,11,1,6.4
34.5,Control,150.0,12,1,1.0666666666666667
34.5,Control,150.0,14,1,13.066666666666665
34.5,Control,150.0,16,1,9.2
34.5,Control,150.0,19,1,4.666666666666667
34.5,Control,150.0,25,1,0.26666666666666666
34.5,Control,150.0,29,1,1.7333333333333332
34.5,Control,150.0,111,1,6.266666666666667
34.5,Control,180.0,0,1,17.066666666666666
34.5,Control,180.0,1,1,15.866666666666667
34.5,Control,180.0,2,1,15.2
34.5,Control,180.0,3,1,6.666666666666667
34.5,Control,180.0,5,1,20.0
34.5,Control,180.0,7,1,0.5333333333333333
34.5,Control,180.0,9,1,1.2
34.5,Control,180.0,11,1,2.8000000000000003
34.5,Control,180.0,12,1,3.0666666666666664
34.5,Control,180.0,15,1,0.8
34.5,Control,180.0,16,1,2.666666666666667
34.5,Control,180.0,17,1,8.666666666666668
34.5,Control,180.0,23,1,2.8000000000000003
34.5,Control,180.0,28,1,2.2666666666666666
34.5,Control,180.0,31,1,0.4
34.5,Control,210.0,0,1,33.6
34.5,Control,210.0,1,1,39.6
34.5,Control,210.0,3,1,13.600000000000001
34.5,Control,210.0,4,1,2.0
34.5,Control,210.0,5,1,7.066666666666667
34.5,Control,210.0,8,1,0.26666666666666666
34.5,Control,210.0,16,1,1.2
34.5,Control,210.0,17,1,1.3333333333333335
34.5,Control,210.0,23,1,1.3333333333333335
34.5,Control,240.0,0,1,6.0
34.5,Control,240.0,1,1,31.2
34.5,Control,240.0,2,1,5.2
34.5,Control,240.0,3,1,12.0
34.5,Control,240.0,4,1,4.3999999999999995
34.5,Control,240.0,5,1,12.266666666666666
34.5,Control,240.0,6,1,3.0666666666666664
34.5,Control,240.0,7,1,2.1333333333333333
34.5,Control,240.0,8,1,1.2
34.5,Control,240.0,11,1,0.9333333333333335
34.5,Control,240.0,13,1,14.799999999999999
34.5,Control,240.0,24,1,0.13333333333333333
34.5,Control,240.0,35,1,0.13333333333333333
34.5,Control,240.0,111,1,6.533333333333332
34.5,Control,270.0,0,1,17.066666666666666
34.5,Control,270.0,1,1,23.599999999999998
34.5,Control,270.0,2,1,15.466666666666667
34.5,Control,270.0,3,1,14.399999999999999
34.5,Control,270.0,5,1,0.13333333333333333
34.5,Control,270.0,7,1,0.4
34.5,Control,270.0,8,1,0.13333333333333333
34.5,Control,270.0,10,1,7.6
34.5,Control,270.0,11,1,2.2666666666666666
34.5,Control,270.0,12,1,1.2
34.5,Control,270.0,14,1,2.8000000000000003
34.5,Control,270.0,15,1,0.4
34.5,Control,270.0,16,1,1.7333333333333332
34.5,Control,270.0,21,1,1.3333333333333335
34.5,Control,270.0,25,1,4.133333333333333
34.5,Control,270.0,29,1,1.0666666666666667
34.5,Control,270.0,34,1,0.6666666666666667
34.5,Control,270.0,36,1,1.7333333333333332
34.5,Control,270.0,111,1,3.8666666666666667
34.5,Control,300.0,0,1,38.13333333333333
34.5,Control,300.0,1,1,30.4
34.5,Control,300.0,3,1,8.0
34.5,Control,300.0,5,1,6.933333333333333
34.5,Control,300.0,6,1,4.266666666666667
34.5,Control,300.0,11,1,1.866666666666667
34.5,Control,300.0,13,1,5.733333333333333
34.5,Control,300.0,14,1,2.4
34.5,Control,300.0,26,1,2.0
34.5,Control,300.0,36,1,0.26666666666666666
34.5,Control,330.0,0,1,12.666666666666668
34.5,Control,330.0,1,1,27.6
34.5,Control,330.0,2,1,2.1333333333333333
34.5,Control,330.0,3,1,21.6
34.5,Control,330.0,5,1,18.266666666666666
34.5,Control,330.0,6,1,1.7333333333333332
34.5,Control,330.0,7,1,0.4
34.5,Control,330.0,11,1,1.4666666666666666
34.5,Control,330.0,14,1,6.0
34.5,Control,330.0,27,1,2.1333333333333333
34.5,Control,330.0,111,1,6.0
34.5,Control,360.0,0,1,19.2
34.5,Control,360.0,1,1,32.800000000000004
34.5,Control,360.0,3,1,11.733333333333333
34.5,Control,360.0,4,1,6.933333333333333
34.5,Control,360.0,5,1,12.0
34.5,Control,360.0,9,1,0.8
34.5,Control,360.0,10,1,5.866666666666666
34.5,Control,360.0,11,1,0.4
34.5,Control,360.0,15,1,3.5999999999999996
34.5,Control,360.0,21,1,2.933333333333333
34.5,Control,360.0,29,1,3.3333333333333335
34.5,Control,360.0,34,1,0.4
34.5,Control,390.0,0,1,28.4
34.5,Control,390.0,1,1,7.866666666666666
34.5,Control,390.0,2,1,8.666666666666668
34.5,Control,390.0,3,1,17.866666666666667
34.5,Control,390.0,4,1,8.133333333333333
34.5,Control,390.0,5,1,6.133333333333333
34.5,Control,390.0,6,1,3.4666666666666663
34.5,Control,390.0,8,1,0.8
34.5,Control,390.0,9,1,1.0666666666666667
34.5,Control,390.0,10,1,0.9333333333333335
34.5,Control,390.0,11,1,2.1333333333333333
34.5,Control,390.0,13,1,7.199999999999999
34.5,Control,390.0,15,1,1.6
34.5,Control,390.0,16,1,0.6666666666666667
34.5,Control,390.0,17,1,0.5333333333333333
34.5,Control,390.0,23,1,2.1333333333333333
34.5,Control,390.0,29,1,0.4
34.5,Control,390.0,30,1,0.8
34.5,Control,390.0,36,1,1.2
34.5,Control,420.0,0,1,32.4
34.5,Control,420.0,1,1,38.800000000000004
34.5,Control,420.0,3,1,9.6
34.5,Control,420.0,7,1,1.866666666666667
34.5,Control,420.0,10,1,10.266666666666667
34.5,Control,420.0,12,1,1.3333333333333335
34.5,Control,420.0,18,1,5.733333333333333
40.4,Control,0.0,1,1,6.533333333333332
40.4,Control,0.0,2,1,39.733333333333334
40.4,Control,0.0,4,1,8.266666666666666
40.4,Control,0.0,7,1,3.733333333333334
40.4,Control,0.0,8,1,0.5333333333333333
40.4,Control,0.0,10,1,8.533333333333333
40.4,Control,0.0,11,1,2.1333333333333333
40.4,Control,0.0,12,1,5.2
40.4,Control,0.0,14,1,2.933333333333333
40.4,Control,0.0,15,1,2.0
40.4,Control,0.0,17,1,1.866666666666667
40.4,Control,0.0,19,1,4.533333333333333
40.4,Control,0.0,23,1,2.666666666666667
40.4,Control,0.0,29,1,0.6666666666666667
40.4,Control,0.0,30,1,0.8
40.4,Control,0.0,31,1,2.4
40.4,Control,0.0,32,1,6.0
40.4,Control,0.0,33,1,1.4666666666666666
40.4,Control,30.0,0,1,4.533333333333333
40.4,Control,30.0,1,1,8.266666666666666
40.4,Control,30.0,2,1,21.73333333333333
40.4,Control,30.0,4,1,3.733333333333334
40.4,Control,30.0,5,1,10.666666666666668
40.4,Control,30.0,6,1,1.866666666666667
40.4,Control,30.0,7,1,10.133333333333333
40.4,Control,30.0,8,1,0.13333333333333333
40.4,Control,30.0,9,1,5.733333333333333
40.4,Control,30.0,11,1,3.2
40.4,Control,30.0,12,1,0.8
40.4,Control,30.0,14,1,6.133333333333333
40.4,Control,30.0,15,1,2.8000000000000003
40.4,Control,30.0,17,1,3.8666666666666667
40.4,Control,30.0,19,1,11.333333333333332
40.4,Control,30.0,29,1,0.13333333333333333
40.4,Control,30.0,30,1,0.26666666666666666
40.4,Control,30.0,32,1,3.5999999999999996
40.4,Control,30.0,33,1,0.26666666666666666
40.4,Control,30.0,38,1,0.8
40.4,Control,60.0,0,1,1.2
40.4,Control,60.0,2,1,26.13333333333333
40.4,Control,60.0,5,1,7.066666666666667
40.4,Control,60.0,7,1,3.4666666666666663
40.4,Control,60.0,9,1,5.866666666666666
40.4,Control,60.0,10,1,10.4
40.4,Control,60.0,11,1,2.533333333333333
40.4,Control,60.0,12,1,3.3333333333333335
40.4,Control,60.0,14,1,7.199999999999999
40.4,Control,60.0,16,1,2.933333333333333
40.4,Control,60.0,19,1,3.5999999999999996
40.4,Control,60.0,22,1,8.266666666666666
40.4,Control,60.0,23,1,0.5333333333333333
40.4,Control,60.0,25,1,1.3333333333333335
40.4,Control,60.0,29,1,0.5333333333333333
40.4,Control,60.0,33,1,0.5333333333333333
40.4,Control,60.0,111,1,15.066666666666666
40.4,Control,90.0,2,1,31.333333333333336
40.4,Control,90.0,5,1,3.5999999999999996
40.4,Control,90.0,7,1,1.4666666666666666
40.4,Control,90.0,8,1,2.533333333333333
40.4,Control,90.0,9,1,1.2
40.4,Control,90.0,10,1,2.8000000000000003
40.4,Control,90.0,11,1,13.600000000000001
40.4,Control,90.0,12,1,1.2
40.4,Control,90.0,14,1,5.6000000000000005
40.4,Control,90.0,15,1,0.8
40.4,Control,90.0,16,1,3.8666666666666667
40.4,Control,90.0,17,1,1.0666666666666667
40.4,Control,90.0,19,1,3.3333333333333335
40.4,Control,90.0,21,1,1.3333333333333335
40.4,Control,90.0,29,1,0.9333333333333335
40.4,Control,90.0,111,1,25.333333333333336
40.4,Control,120.0,0,1,2.1333333333333333
40.4,Control,120.0,1,1,1.2
40.4,Control,120.0,2,1,35.06666666666667
40.4,Control,120.0,3,1,4.933333333333334
40.4,Control,120.0,4,1,4.0
40.4,Control,120.0,5,1,13.066666666666665
40.4,Control,120.0,9,1,2.8000000000000003
40.4,Control,120.0,11,1,3.3333333333333335
40.4,Control,120.0,12,1,4.266666666666667
40.4,Control,120.0,14,1,10.8
40.4,Control,120.0,16,1,1.866666666666667
40.4,Control,120.0,17,1,1.6
40.4,Control,120.0,33,1,0.8
40.4,Control,120.0,111,1,14.133333333333335
40.4,Control,150.0,0,1,2.0
40.4,Control,150.0,1,1,17.733333333333334
40.4,Control,150.0,2,1,24.266666666666666
40.4,Control,150.0,3,1,7.466666666666668
40.4,Control,150.0,4,1,3.0666666666666664
40.4,Control,150.0,5,1,3.8666666666666667
40.4,Control,150.0,7,1,2.933333333333333
40.4,Control,150.0,8,1,1.2
40.4,Control,150.0,9,1,3.4666666666666663
40.4,Control,150.0,10,1,5.733333333333333
40.4,Control,150.0,11,1,4.0
40.4,Control,150.0,12,1,3.5999999999999996
40.4,Control,150.0,13,1,6.266666666666667
40.4,Control,150.0,14,1,4.3999999999999995
40.4,Control,150.0,15,1,3.4666666666666663
40.4,Control,150.0,16,1,2.1333333333333333
40.4,Control,150.0,18,1,2.533333333333333
40.4,Control,150.0,24,1,0.8
40.4,Control,150.0,82,1,1.0666666666666667
40.4,Control,180.0,0,1,3.2
40.4,Control,180.0,1,1,14.933333333333335
40.4,Control,180.0,2,1,12.533333333333333
40.4,Control,180.0,3,1,1.6
40.4,Control,180.0,4,1,2.666666666666667
40.4,Control,180.0,5,1,21.066666666666666
40.4,Control,180.0,6,1,2.1333333333333333
40.4,Control,180.0,9,1,3.0666666666666664
40.4,Control,180.0,10,1,10.0
40.4,Control,180.0,11,1,7.066666666666667
40.4,Control,180.0,12,1,5.066666666666666
40.4,Control,180.0,14,1,0.6666666666666667
40.4,Control,180.0,15,1,3.733333333333334
40.4,Control,180.0,16,1,0.4
40.4,Control,180.0,17,1,5.466666666666667
40.4,Control,180.0,18,1,2.8000000000000003
40.4,Control,180.0,36,1,0.9333333333333335
40.4,Control,180.0,47,1,0.6666666666666667
40.4,Control,180.0,64,1,2.0
40.4,Control,210.0,0,1,8.533333333333333
40.4,Control,210.0,1,1,14.666666666666666
40.4,Control,210.0,2,1,3.0666666666666664
40.4,Control,210.0,3,1,3.5999999999999996
40.4,Control,210.0,4,1,28.000000000000004
40.4,Control,210.0,5,1,6.4
40.4,Control,210.0,7,1,1.6
40.4,Control,210.0,8,1,1.4666666666666666
40.4,Control,210.0,9,1,5.333333333333334
40.4,Control,210.0,12,1,0.9333333333333335
40.4,Control,210.0,15,1,3.0666666666666664
40.4,Control,210.0,17,1,11.733333333333333
40.4,Control,210.0,22,1,2.1333333333333333
40.4,Control,210.0,24,1,0.13333333333333333
40.4,Control,210.0,25,1,1.7333333333333332
40.4,Control,210.0,31,1,0.4
40.4,Control,210.0,33,1,1.3333333333333335
40.4,Control,210.0,35,1,1.4666666666666666
40.4,Control,210.0,42,1,4.3999999999999995
40.4,Control,240.0,0,1,14.266666666666666
40.4,Control,240.0,1,1,37.2
40.4,Control,240.0,2,1,3.0666666666666664
40.4,Control,240.0,3,1,10.0
40.4,Control,240.0,4,1,12.8
40.4,Control,240.0,5,1,4.266666666666667
40.4,Control,240.0,8,1,1.4666666666666666
40.4,Control,240.0,10,1,4.533333333333333
40.4,Control,240.0,11,1,0.26666666666666666
40.4,Control,240.0,15,1,1.0666666666666667
40.4,Control,240.0,17,1,4.0
40.4,Control,240.0,19,1,2.533333333333333
40.4,Control,240.0,24,1,0.5333333333333333
40.4,Control,240.0,35,1,0.6666666666666667
40.4,Control,240.0,111,1,3.3333333333333335
40.4,Control,270.0,0,1,16.53333333333333
40.4,Control,270.0,1,1,22.400000000000002
40.4,Control,270.0,2,1,2.666666666666667
40.4,Control,270.0,3,1,12.266666666666666
40.4,Control,270.0,4,1,8.666666666666668
40.4,Control,270.0,5,1,5.866666666666666
40.4,Control,270.0,6,1,2.533333333333333
40.4,Control,270.0,7,1,4.133333333333333
40.4,Control,270.0,8,1,1.3333333333333335
40.4,Control,270.0,9,1,3.8666666666666667
40.4,Control,270.0,10,1,6.0
40.4,Control,270.0,14,1,0.9333333333333335
40.4,Control,270.0,15,1,0.5333333333333333
40.4,Control,270.0,17,1,4.533333333333333
40.4,Control,270.0,19,1,0.4
40.4,Control,270.0,24,1,0.26666666666666666
40.4,Control,270.0,29,1,0.5333333333333333
40.4,Control,270.0,32,1,6.533333333333332
40.4,Control,300.0,0,1,36.13333333333333
40.4,Control,300.0,1,1,15.466666666666667
40.4,Control,300.0,2,1,13.200000000000001
40.4,Control,300.0,4,1,13.200000000000001
40.4,Control,300.0,5,1,4.533333333333333
40.4,Control,300.0,8,1,3.2
40.4,Control,300.0,9,1,1.3333333333333335
40.4,Control,300.0,10,1,1.0666666666666667
40.4,Control,300.0,12,1,1.2
40.4,Control,300.0,21,1,0.6666666666666667
40.4,Control,300.0,24,1,0.26666666666666666
40.4,Control,300.0,32,1,0.9333333333333335
40.4,Control,300.0,39,1,1.3333333333333335
40.4,Control,300.0,42,1,3.8666666666666667
40.4,Control,300.0,111,1,3.5999999999999996
40.4,Control,330.0,0,1,40.0
40.4,Control,330.0,1,1,10.133333333333333
40.4,Control,330.0,2,1,5.733333333333333
40.4,Control,330.0,3,1,13.466666666666665
40.4,Control,330.0,5,1,6.4
40.4,Control,330.0,7,1,2.4
40.4,Control,330.0,9,1,0.5333333333333333
40.4,Control,330.0,11,1,1.4666666666666666
40.4,Control,330.0,14,1,4.266666666666667
40.4,Control,330.0,17,1,2.2666666666666666
40.4,Control,330.0,22,1,0.8
40.4,Control,330.0,32,1,7.733333333333333
40.4,Control,330.0,111,1,4.8
40.4,Control,360.0,0,1,26.8
40.4,Control,360.0,1,1,28.933333333333334
40.4,Control,360.0,2,1,0.9333333333333335
40.4,Control,360.0,4,1,2.4
40.4,Control,360.0,5,1,9.066666666666666
40.4,Control,360.0,8,1,1.4666666666666666
40.4,Control,360.0,9,1,3.2
40.4,Control,360.0,11,1,2.1333333333333333
40.4,Control,360.0,12,1,0.9333333333333335
40.4,Control,360.0,13,1,10.666666666666668
40.4,Control,360.0,15,1,1.0666666666666667
40.4,Control,360.0,17,1,0.9333333333333335
40.4,Control,360.0,27,1,10.266666666666667
40.4,Control,360.0,33,1,1.2
40.4,Control,390.0,0,1,22.8
40.4,Control,390.0,1,1,11.866666666666667
40.4,Control,390.0,2,1,6.0
40.4,Control,390.0,3,1,1.6
40.4,Control,390.0,4,1,20.4
40.4,Control,390.0,5,1,7.199999999999999
40.4,Control,390.0,8,1,1.866666666666667
40.4,Control,390.0,9,1,3.2
40.4,Control,390.0,11,1,1.866666666666667
40.4,Control,390.0,12,1,1.6
40.4,Control,390.0,17,1,3.2
40.4,Control,390.0,19,1,0.9333333333333335
40.4,Control,390.0,22,1,4.933333333333334
40.4,Control,390.0,24,1,0.26666666666666666
40.4,Control,390.0,29,1,0.13333333333333333
40.4,Control,390.0,30,1,0.5333333333333333
40.4,Control,390.0,31,1,0.9333333333333335
40.4,Control,390.0,32,1,5.466666666666667
40.4,Control,390.0,40,1,5.2
40.4,Control,420.0,0,1,20.266666666666666
40.4,Control,420.0,1,1,29.733333333333334
40.4,Control,420.0,2,1,9.6
40.4,Control,420.0,3,1,9.2
40.4,Control,420.0,4,1,14.666666666666666
40.4,Control,420.0,5,1,1.0666666666666667
40.4,Control,420.0,8,1,1.3333333333333335
40.4,Control,420.0,9,1,1.4666666666666666
40.4,Control,420.0,11,1,1.4666666666666666
40.4,Control,420.0,17,1,0.6666666666666667
40.4,Control,420.0,22,1,8.0
40.4,Control,420.0,23,1,0.4
40.4,Control,420.0,31,1,2.1333333333333333
40.6,Control,0.0,2,1,22.666666666666664
40.6,Control,0.0,3,1,7.6
40.6,Control,0.0,4,1,3.3333333333333335
40.6,Control,0.0,5,1,7.866666666666666
40.6,Control,0.0,7,1,2.933333333333333
40.6,Control,0.0,8,1,1.3333333333333335
40.6,Control,0.0,9,1,1.2
40.6,Control,0.0,10,1,6.266666666666667
40.6,Control,0.0,11,1,5.466666666666667
40.6,Control,0.0,12,1,3.733333333333334
40.6,Control,0.0,14,1,1.866666666666667
40.6,Control,0.0,15,1,6.0
40.6,Control,0.0,16,1,1.7333333333333332
40.6,Control,0.0,17,1,3.8666666666666667
40.6,Control,0.0,19,1,1.7333333333333332
40.6,Control,0.0,20,1,3.4666666666666663
40.6,Control,0.0,25,1,3.3333333333333335
40.6,Control,0.0,29,1,0.13333333333333333
40.6,Control,0.0,32,1,6.533333333333332
40.6,Control,0.0,33,1,1.3333333333333335
40.6,Control,0.0,37,1,4.933333333333334
40.6,Control,0.0,49,1,0.26666666666666666
40.6,Control,0.0,84,1,2.4
40.6,Control,30.0,1,1,16.0
40.6,Control,30.0,2,1,19.866666666666667
40.6,Control,30.0,3,1,2.666666666666667
40.6,Control,30.0,4,1,2.533333333333333
40.6,Control,30.0,5,1,5.466666666666667
40.6,Control,30.0,7,1,2.933333333333333
40.6,Control,30.0,8,1,0.9333333333333335
40.6,Control,30.0,9,1,1.866666666666667
40.6,Control,30.0,10,1,9.733333333333333
40.6,Control,30.0,11,1,3.5999999999999996
40.6,Control,30.0,12,1,0.6666666666666667
40.6,Control,30.0,14,1,2.0
40.6,Control,30.0,15,1,0.4
40.6,Control,30.0,16,1,3.5999999999999996
40.6,Control,30.0,19,1,3.4666666666666663
40.6,Control,30.0,22,1,9.466666666666667
40.6,Control,30.0,28,1,5.866666666666666
40.6,Control,30.0,34,1,0.5333333333333333
40.6,Control,30.0,43,1,0.6666666666666667
40.6,Control,30.0,111,1,7.733333333333333
40.6,Control,60.0,1,1,15.2
40.6,Control,60.0,2,1,17.866666666666667
40.6,Control,60.0,3,1,10.8
40.6,Control,60.0,4,1,4.8
40.6,Control,60.0,8,1,2.2666666666666666
40.6,Control,60.0,9,1,3.0666666666666664
40.6,Control,60.0,10,1,12.666666666666668
40.6,Control,60.0,11,1,3.4666666666666663
40.6,Control,60.0,12,1,2.1333333333333333
40.6,Control,60.0,13,1,2.0
40.6,Control,60.0,14,1,10.0
40.6,Control,60.0,16,1,1.0666666666666667
40.6,Control,60.0,17,1,0.5333333333333333
40.6,Control,60.0,19,1,2.933333333333333
40.6,Control,60.0,22,1,1.0666666666666667
40.6,Control,60.0,23,1,1.2
40.6,Control,60.0,25,1,1.7333333333333332
40.6,Control,60.0,33,1,1.2
40.6,Control,60.0,35,1,0.9333333333333335
40.6,Control,60.0,111,1,5.066666666666666
40.6,Control,90.0,0,1,4.133333333333333
40.6,Control,90.0,1,1,8.533333333333333
40.6,Control,90.0,2,1,9.733333333333333
40.6,Control,90.0,3,1,20.666666666666668
40.6,Control,90.0,4,1,1.866666666666667
40.6,Control,90.0,5,1,6.666666666666667
40.6,Control,90.0,7,1,8.133333333333333
40.6,Control,90.0,8,1,0.9333333333333335
40.6,Control,90.0,9,1,1.866666666666667
40.6,Control,90.0,10,1,2.0
40.6,Control,90.0,11,1,0.6666666666666667
40.6,Control,90.0,12,1,1.2
40.6,Control,90.0,14,1,6.666666666666667
40.6,Control,90.0,15,1,2.4
40.6,Control,90.0,17,1,6.933333333333333
40.6,Control,90.0,25,1,7.199999999999999
40.6,Control,90.0,111,1,10.4
40.6,Control,120.0,0,1,3.5999999999999996
40.6,Control,120.0,1,1,17.599999999999998
40.6,Control,120.0,2,1,25.2
40.6,Control,120.0,3,1,8.133333333333333
40.6,Control,120.0,5,1,6.666666666666667
40.6,Control,120.0,7,1,7.066666666666667
40.6,Control,120.0,10,1,3.733333333333334
40.6,Control,120.0,12,1,0.6666666666666667
40.6,Control,120.0,14,1,11.733333333333333
40.6,Control,120.0,28,1,5.733333333333333
40.6,Control,120.0,111,1,9.866666666666667
40.6,Control,150.0,0,1,22.666666666666664
40.6,Control,150.0,1,1,22.8
40.6,Control,150.0,3,1,0.9333333333333335
40.6,Control,150.0,4,1,0.6666666666666667
40.6,Control,150.0,5,1,8.133333333333333
40.6,Control,150.0,8,1,1.3333333333333335
40.6,Control,150.0,10,1,16.8
40.6,Control,150.0,12,1,3.2
40.6,Control,150.0,14,1,2.0
40.6,Control,150.0,15,1,0.9333333333333335
40.6,Control,150.0,16,1,0.4
40.6,Control,150.0,17,1,5.6000000000000005
40.6,Control,150.0,20,1,5.466666666666667
40.6,Control,150.0,111,1,9.066666666666666
40.6,Control,180.0,0,1,8.266666666666666
40.6,Control,180.0,1,1,11.733333333333333
40.6,Control,180.0,3,1,26.666666666666668
40.6,Control,180.0,4,1,0.13333333333333333
40.6,Control,180.0,5,1,14.266666666666666
40.6,Control,180.0,6,1,2.4
40.6,Control,180.0,8,1,0.4
40.6,Control,180.0,9,1,0.4
40.6,Control,180.0,11,1,1.3333333333333335
40.6,Control,180.0,12,1,2.0
40.6,Control,180.0,14,1,6.0
40.6,Control,180.0,15,1,1.2
40.6,Control,180.0,16,1,2.0
40.6,Control,180.0,19,1,2.533333333333333
40.6,Control,180.0,20,1,1.3333333333333335
40.6,Control,180.0,21,1,0.9333333333333335
40.6,Control,180.0,23,1,1.2
40.6,Control,180.0,30,1,0.5333333333333333
40.6,Control,180.0,34,1,3.4666666666666663
40.6,Control,180.0,39,1,0.9333333333333335
40.6,Control,180.0,63,1,0.5333333333333333
40.6,Control,180.0,73,1,0.4
40.6,Control,180.0,111,1,11.333333333333332
40.6,Control,210.0,0,1,4.133333333333333
40.6,Control,210.0,1,1,11.333333333333332
40.6,Control,210.0,2,1,9.6
40.6,Control,210.0,3,1,9.866666666666667
40.6,Control,210.0,4,1,6.133333333333333
40.6,Control,210.0,5,1,6.0
40.6,Control,210.0,6,1,2.4
40.6,Control,210.0,7,1,2.533333333333333
40.6,Control,210.0,9,1,3.5999999999999996
40.6,Control,210.0,10,1,4.533333333333333
40.6,Control,210.0,11,1,0.8
40.6,Control,210.0,13,1,7.6
40.6,Control,210.0,15,1,0.13333333333333333
40.6,Control,210.0,16,1,4.933333333333334
40.6,Control,210.0,17,1,2.933333333333333
40.6,Control,210.0,19,1,4.3999999999999995
40.6,Control,210.0,20,1,2.4
40.6,Control,210.0,21,1,2.8000000000000003
40.6,Control,210.0,22,1,0.9333333333333335
40.6,Control,210.0,28,1,11.333333333333332
40.6,Control,210.0,30,1,0.9333333333333335
40.6,Control,210.0,36,1,0.6666666666666667
40.6,Control,240.0,0,1,28.26666666666667
40.6,Control,240.0,1,1,4.3999999999999995
40.6,Control,240.0,2,1,3.2
40.6,Control,240.0,3,1,18.0
40.6,Control,240.0,5,1,8.533333333333333
40.6,Control,240.0,6,1,17.466666666666665
40.6,Control,240.0,9,1,0.9333333333333335
40.6,Control,240.0,10,1,8.266666666666666
40.6,Control,240.0,12,1,0.6666666666666667
40.6,Control,240.0,13,1,3.2
40.6,Control,240.0,17,1,2.4
40.6,Control,240.0,22,1,2.533333333333333
40.6,Control,240.0,32,1,2.1333333333333333
40.6,Control,270.0,0,1,17.066666666666666
40.6,Control,270.0,1,1,15.066666666666666
40.6,Control,270.0,2,1,27.6
40.6,Control,270.0,5,1,7.333333333333333
40.6,Control,270.0,7,1,6.4
40.6,Control,270.0,11,1,1.7333333333333332
40.6,Control,270.0,14,1,2.0
40.6,Control,270.0,15,1,6.133333333333333
40.6,Control,270.0,17,1,4.266666666666667
40.6,Control,270.0,19,1,2.2666666666666666
40.6,Control,270.0,20,1,6.266666666666667
40.6,Control,270.0,22,1,2.933333333333333
40.6,Control,270.0,23,1,0.13333333333333333
40.6,Control,270.0,29,1,0.8
40.6,Control,300.0,0,1,14.266666666666666
40.6,Control,300.0,1,1,18.133333333333333
40.6,Control,300.0,2,1,14.933333333333335
40.6,Control,300.0,3,1,2.533333333333333
40.6,Control,300.0,4,1,2.666666666666667
40.6,Control,300.0,5,1,5.066666666666666
40.6,Control,300.0,6,1,1.2
40.6,Control,300.0,7,1,2.933333333333333
40.6,Control,300.0,8,1,0.4
40.6,Control,300.0,9,1,1.0666666666666667
40.6,Control,300.0,10,1,5.866666666666666
40.6,Control,300.0,11,1,0.8
40.6,Control,300.0,12,1,0.8
40.6,Control,300.0,14,1,6.133333333333333
40.6,Control,300.0,15,1,3.5999999999999996
40.6,Control,300.0,16,1,0.26666666666666666
40.6,Control,300.0,17,1,2.0
40.6,Control,300.0,19,1,2.1333333333333333
40.6,Control,300.0,22,1,2.1333333333333333
40.6,Control,300.0,23,1,0.5333333333333333
40.6,Control,300.0,25,1,4.8
40.6,Control,300.0,31,1,0.4
40.6,Control,300.0,33,1,0.4
40.6,Control,300.0,36,1,0.26666666666666666
40.6,Control,300.0,37,1,6.666666666666667
40.6,Control,330.0,0,1,28.133333333333333
40.6,Control,330.0,1,1,4.3999999999999995
40.6,Control,330.0,2,1,17.599999999999998
40.6,Control,330.0,3,1,6.666666666666667
40.6,Control,330.0,4,1,1.7333333333333332
40.6,Control,330.0,5,1,5.466666666666667
40.6,Control,330.0,6,1,2.666666666666667
40.6,Control,330.0,7,1,4.8
40.6,Control,330.0,9,1,0.5333333333333333
40.6,Control,330.0,10,1,7.866666666666666
40.6,Control,330.0,12,1,0.5333333333333333
40.6,Control,330.0,15,1,0.26666666666666666
40.6,Control,330.0,20,1,12.4
40.6,Control,330.0,28,1,5.866666666666666
40.6,Control,330.0,95,1,1.0666666666666667
40.6,Control,360.0,0,1,24.53333333333333
40.6,Control,360.0,1,1,8.799999999999999
40.6,Control,360.0,2,1,10.666666666666668
40.6,Control,360.0,3,1,10.266666666666667
40.6,Control,360.0,4,1,1.3333333333333335
40.6,Control,360.0,5,1,10.533333333333333
40.6,Control,360.0,6,1,3.3333333333333335
40.6,Control,360.0,7,1,4.933333333333334
40.6,Control,360.0,8,1,0.6666666666666667
40.6,Control,360.0,9,1,1.866666666666667
40.6,Control,360.0,10,1,1.6
40.6,Control,360.0,11,1,0.6666666666666667
40.6,Control,360.0,12,1,1.3333333333333335
40.6,Control,360.0,13,1,4.0
40.6,Control,360.0,15,1,1.4666666666666666
40.6,Control,360.0,22,1,2.2666666666666666
40.6,Control,360.0,23,1,0.13333333333333333
40.6,Control,360.0,33,1,0.26666666666666666
40.6,Control,360.0,43,1,1.0666666666666667
40.6,Control,360.0,111,1,10.266666666666667
40.6,Control,390.0,0,1,10.533333333333333
40.6,Control,390.0,1,1,12.0
40.6,Control,390.0,2,1,9.866666666666667
40.6,Control,390.0,3,1,8.4
40.6,Control,390.0,4,1,3.3333333333333335
40.6,Control,390.0,5,1,17.733333333333334
40.6,Control,390.0,6,1,5.866666666666666
40.6,Control,390.0,8,1,0.4
40.6,Control,390.0,9,1,1.7333333333333332
40.6,Control,390.0,10,1,6.266666666666667
40.6,Control,390.0,15,1,4.666666666666667
40.6,Control,390.0,20,1,3.4666666666666663
40.6,Control,390.0,23,1,1.2
40.6,Control,390.0,24,1,0.6666666666666667
40.6,Control,390.0,27,1,13.866666666666665
40.6,Control,420.0,0,1,28.000000000000004
40.6,Control,420.0,1,1,23.200000000000003
40.6,Control,420.0,2,1,16.53333333333333
40.6,Control,420.0,3,1,8.4
40.6,Control,420.0,4,1,0.6666666666666667
40.6,Control,420.0,5,1,2.4
40.6,Control,420.0,6,1,5.6000000000000005
40.6,Control,420.0,7,1,0.9333333333333335
40.6,Control,420.0,8,1,0.4
40.6,Control,420.0,13,1,3.2
40.6,Control,420.0,14,1,1.0666666666666667
40.6,Control,420.0,16,1,1.2
40.6,Control,420.0,19,1,1.866666666666667
40.6,Control,420.0,25,1,3.3333333333333335
40.6,Control,420.0,26,1,2.4
40.6,Control,420.0,93,1,0.8
41.4,Control,0.0,0,1,1.2
41.4,Control,0.0,1,1,2.666666666666667
41.4,Control,0.0,2,1,23.866666666666667
41.4,Control,0.0,3,1,3.3333333333333335
41.4,Control,0.0,4,1,10.0
41.4,Control,0.0,5,1,10.933333333333334
41.4,Control,0.0,9,1,1.3333333333333335
41.4,Control,0.0,10,1,0.9333333333333335
41.4,Control,0.0,12,1,6.266666666666667
41.4,Control,0.0,14,1,6.0
41.4,Control,0.0,15,1,2.4
41.4,Control,0.0,19,1,1.2
41.4,Control,0.0,29,1,0.13333333333333333
41.4,Control,0.0,30,1,0.26666666666666666
41.4,Control,0.0,32,1,5.333333333333334
41.4,Control,0.0,37,1,24.133333333333333
41.4,Control,30.0,1,1,29.733333333333334
41.4,Control,30.0,2,1,23.200000000000003
41.4,Control,30.0,3,1,8.4
41.4,Control,30.0,4,1,5.6000000000000005
41.4,Control,30.0,5,1,3.3333333333333335
41.4,Control,30.0,6,1,6.666666666666667
41.4,Control,30.0,8,1,0.4
41.4,Control,30.0,9,1,0.6666666666666667
41.4,Control,30.0,12,1,0.6666666666666667
41.4,Control,30.0,13,1,3.3333333333333335
41.4,Control,30.0,14,1,2.933333333333333
41.4,Control,30.0,15,1,7.066666666666667
41.4,Control,30.0,19,1,1.6
41.4,Control,30.0,20,1,2.4
41.4,Control,30.0,24,1,0.13333333333333333
41.4,Control,30.0,32,1,2.0
41.4,Control,30.0,33,1,0.5333333333333333
41.4,Control,30.0,35,1,1.3333333333333335
41.4,Control,60.0,0,1,0.5333333333333333
41.4,Control,60.0,1,1,14.533333333333335
41.4,Control,60.0,2,1,6.666666666666667
41.4,Control,60.0,3,1,21.333333333333336
41.4,Control,60.0,4,1,4.133333333333333
41.4,Control,60.0,5,1,2.2666666666666666
41.4,Control,60.0,8,1,0.26666666666666666
41.4,Control,60.0,10,1,6.0
41.4,Control,60.0,13,1,9.066666666666666
41.4,Control,60.0,14,1,6.266666666666667
41.4,Control,60.0,16,1,0.26666666666666666
41.4,Control,60.0,17,1,3.3333333333333335
41.4,Control,60.0,19,1,0.5333333333333333
41.4,Control,60.0,21,1,1.2
41.4,Control,60.0,22,1,17.599999999999998
41.4,Control,60.0,28,1,2.2666666666666666
41.4,Control,60.0,41,1,1.4666666666666666
41.4,Control,60.0,45,1,2.2666666666666666
41.4,Control,90.0,0,1,20.933333333333334
41.4,Control,90.0,1,1,22.26666666666667
41.4,Control,90.0,2,1,7.066666666666667
41.4,Control,90.0,3,1,2.4
41.4,Control,90.0,4,1,14.399999999999999
41.4,Control,90.0,6,1,2.4
41.4,Control,90.0,7,1,9.2
41.4,Control,90.0,8,1,0.4
41.4,Control,90.0,9,1,0.4
41.4,Control,90.0,10,1,4.3999999999999995
41.4,Control,90.0,13,1,4.0
41.4,Control,90.0,14,1,2.2666666666666666
41.4,Control,90.0,15,1,1.3333333333333335
41.4,Control,90.0,16,1,0.5333333333333333
41.4,Control,90.0,20,1,2.933333333333333
41.4,Control,90.0,21,1,1.3333333333333335
41.4,Control,90.0,28,1,1.4666666666666666
41.4,Control,90.0,31,1,1.7333333333333332
41.4,Control,90.0,33,1,0.5333333333333333
41.4,Control,120.0,0,1,2.4
41.4,Control,120.0,1,1,20.933333333333334
41.4,Control,120.0,2,1,1.0666666666666667
41.4,Control,120.0,3,1,25.333333333333336
41.4,Control,120.0,4,1,5.466666666666667
41.4,Control,120.0,5,1,8.0
41.4,Control,120.0,7,1,2.4
41.4,Control,120.0,8,1,0.13333333333333333
41.4,Control,120.0,9,1,0.6666666666666667
41.4,Control,120.0,10,1,4.533333333333333
41.4,Control,120.0,11,1,0.13333333333333333
41.4,Control,120.0,12,1,2.2666666666666666
41.4,Control,120.0,14,1,5.866666666666666
41.4,Control,120.0,20,1,8.799999999999999
41.4,Control,120.0,28,1,2.933333333333333
41.4,Control,120.0,32,1,1.2
41.4,Control,120.0,33,1,0.26666666666666666
41.4,Control,120.0,40,1,3.2
41.4,Control,120.0,111,1,4.3999999999999995
41.4,Control,150.0,0,1,5.866666666666666
41.4,Control,150.0,1,1,31.2
41.4,Control,150.0,2,1,11.333333333333332
41.4,Control,150.0,3,1,9.866666666666667
41.4,Control,150.0,4,1,1.3333333333333335
41.4,Control,150.0,5,1,10.4
41.4,Control,150.0,7,1,4.266666666666667
41.4,Control,150.0,8,1,0.9333333333333335
41.4,Control,150.0,10,1,4.533333333333333
41.4,Control,150.0,11,1,6.933333333333333
41.4,Control,150.0,12,1,1.866666666666667
41.4,Control,150.0,14,1,6.133333333333333
41.4,Control,150.0,15,1,4.3999999999999995
41.4,Control,150.0,23,1,0.4
41.4,Control,150.0,35,1,0.5333333333333333
41.4,Control,180.0,0,1,3.8666666666666667
41.4,Control,180.0,1,1,9.6
41.4,Control,180.0,2,1,26.0
41.4,Control,180.0,3,1,2.933333333333333
41.4,Control,180.0,4,1,3.2
41.4,Control,180.0,5,1,6.133333333333333
41.4,Control,180.0,7,1,2.1333333333333333
41.4,Control,180.0,9,1,4.133333333333333
41.4,Control,180.0,10,1,5.066666666666666
41.4,Control,180.0,11,1,5.466666666666667
41.4,Control,180.0,12,1,7.199999999999999
41.4,Control,180.0,15,1,3.8666666666666667
41.4,Control,180.0,16,1,2.1333333333333333
41.4,Control,180.0,17,1,0.8
41.4,Control,180.0,19,1,1.6
41.4,Control,180.0,25,1,3.4666666666666663
41.4,Control,180.0,29,1,1.0666666666666667
41.4,Control,180.0,40,1,2.666666666666667
41.4,Control,180.0,111,1,8.666666666666668
41.4,Control,210.0,0,1,18.266666666666666
41.4,Control,210.0,2,1,8.4
41.4,Control,210.0,3,1,14.799999999999999
41.4,Control,210.0,4,1,10.933333333333334
41.4,Control,210.0,5,1,12.4
41.4,Control,210.0,8,1,1.2
41.4,Control,210.0,9,1,1.7333333333333332
41.4,Control,210.0,10,1,6.533333333333332
41.4,Control,210.0,11,1,2.2666666666666666
41.4,Control,210.0,12,1,3.8666666666666667
41.4,Control,210.0,14,1,5.466666666666667
41.4,Control,210.0,15,1,4.0
41.4,Control,210.0,17,1,3.5999999999999996
41.4,Control,210.0,19,1,3.2
41.4,Control,210.0,24,1,0.13333333333333333
41.4,Control,210.0,31,1,0.5333333333333333
41.4,Control,210.0,32,1,2.0
41.4,Control,210.0,34,1,0.5333333333333333
41.4,Control,210.0,36,1,0.13333333333333333
41.4,Control,240.0,0,1,16.266666666666666
41.4,Control,240.0,1,1,37.733333333333334
41.4,Control,240.0,2,1,12.533333333333333
41.4,Control,240.0,3,1,6.933333333333333
41.4,Control,240.0,5,1,8.933333333333334
41.4,Control,240.0,7,1,2.8000000000000003
41.4,Control,240.0,9,1,0.6666666666666667
41.4,Control,240.0,10,1,0.5333333333333333
41.4,Control,240.0,11,1,2.1333333333333333
41.4,Control,240.0,12,1,1.6
41.4,Control,240.0,15,1,3.8666666666666667
41.4,Control,240.0,20,1,5.066666666666666
41.4,Control,240.0,25,1,0.9333333333333335
41.4,Control,270.0,0,1,40.666666666666664
41.4,Control,270.0,1,1,1.866666666666667
41.4,Control,270.0,2,1,9.333333333333334
41.4,Control,270.0,3,1,9.066666666666666
41.4,Control,270.0,4,1,8.266666666666666
41.4,Control,270.0,5,1,4.8
41.4,Control,270.0,6,1,0.8
41.4,Control,270.0,7,1,2.8000000000000003
41.4,Control,270.0,8,1,1.2
41.4,Control,270.0,9,1,1.866666666666667
41.4,Control,270.0,10,1,0.8
41.4,Control,270.0,11,1,0.4
41.4,Control,270.0,14,1,2.8000000000000003
41.4,Control,270.0,15,1,3.8666666666666667
41.4,Control,270.0,20,1,2.533333333333333
41.4,Control,270.0,21,1,2.2666666666666666
41.4,Control,270.0,24,1,0.6666666666666667
41.4,Control,270.0,29,1,1.6
41.4,Control,270.0,31,1,0.5333333333333333
41.4,Control,270.0,35,1,1.3333333333333335
41.4,Control,270.0,39,1,0.5333333333333333
41.4,Control,270.0,41,1,2.0
41.4,Control,300.0,0,1,15.6
41.4,Control,300.0,1,1,14.933333333333335
41.4,Control,300.0,2,1,4.666666666666667
41.4,Control,300.0,3,1,13.333333333333334
41.4,Control,300.0,4,1,10.533333333333333
41.4,Control,300.0,5,1,9.6
41.4,Control,300.0,6,1,4.3999999999999995
41.4,Control,300.0,7,1,5.333333333333334
41.4,Control,300.0,8,1,0.13333333333333333
41.4,Control,300.0,9,1,1.0666666666666667
41.4,Control,300.0,10,1,2.666666666666667
41.4,Control,300.0,15,1,2.533333333333333
41.4,Control,300.0,16,1,1.0666666666666667
41.4,Control,300.0,17,1,5.066666666666666
41.4,Control,300.0,22,1,2.0
41.4,Control,300.0,27,1,2.2666666666666666
41.4,Control,300.0,28,1,4.8
41.4,Control,330.0,0,1,20.4
41.4,Control,330.0,1,1,2.666666666666667
41.4,Control,330.0,3,1,5.333333333333334
41.4,Control,330.0,4,1,35.46666666666667
41.4,Control,330.0,8,1,2.666666666666667
41.4,Control,330.0,9,1,1.7333333333333332
41.4,Control,330.0,17,1,2.933333333333333
41.4,Control,330.0,20,1,4.266666666666667
41.4,Control,330.0,22,1,0.6666666666666667
41.4,Control,330.0,23,1,0.13333333333333333
41.4,Control,330.0,28,1,10.666666666666668
41.4,Control,330.0,31,1,0.9333333333333335
41.4,Control,330.0,32,1,4.3999999999999995
41.4,Control,330.0,35,1,0.8
41.4,Control,330.0,38,1,2.1333333333333333
41.4,Control,330.0,40,1,1.866666666666667
41.4,Control,330.0,42,1,2.933333333333333
41.4,Control,360.0,0,1,52.800000000000004
41.4,Control,360.0,1,1,10.666666666666668
41.4,Control,360.0,2,1,6.933333333333333
41.4,Control,360.0,3,1,4.0
41.4,Control,360.0,4,1,5.866666666666666
41.4,Control,360.0,5,1,5.6000000000000005
41.4,Control,360.0,8,1,0.4
41.4,Control,360.0,9,1,4.0
41.4,Control,360.0,12,1,1.3333333333333335
41.4,Control,360.0,16,1,0.5333333333333333
41.4,Control,360.0,19,1,1.866666666666667
41.4,Control,360.0,21,1,0.9333333333333335
41.4,Control,360.0,22,1,2.4
41.4,Control,360.0,23,1,1.866666666666667
41.4,Control,360.0,29,1,0.8
41.4,Control,390.0,0,1,90.4
41.4,Control,390.0,3,1,4.8
41.4,Control,390.0,4,1,1.4666666666666666
41.4,Control,390.0,11,1,1.2
41.4,Control,390.0,12,1,1.2
41.4,Control,390.0,23,1,0.9333333333333335
41.4,Control,420.0,0,1,66.4
41.4,Control,420.0,1,1,17.333333333333336
41.4,Control,420.0,2,1,6.533333333333332
41.4,Control,420.0,3,1,3.4666666666666663
41.4,Control,420.0,5,1,5.333333333333334
41.4,Control,420.0,11,1,0.9333333333333335
41.5,Control,0.0,0,1,11.333333333333332
41.5,Control,0.0,1,1,5.733333333333333
41.5,Control,0.0,2,1,33.6
41.5,Control,0.0,5,1,3.4666666666666663
41.5,Control,0.0,6,1,2.8000000000000003
41.5,Control,0.0,7,1,2.933333333333333
41.5,Control,0.0,8,1,0.13333333333333333
41.5,Control,0.0,9,1,1.6
41.5,Control,0.0,10,1,6.0
41.5,Control,0.0,11,1,5.2
41.5,Control,0.0,15,1,5.2
41.5,Control,0.0,16,1,0.9333333333333335
41.5,Control,0.0,17,1,11.600000000000001
41.5,Control,0.0,19,1,3.4666666666666663
41.5,Control,0.0,22,1,5.466666666666667
41.5,Control,0.0,29,1,0.5333333333333333
41.5,Control,30.0,0,1,5.733333333333333
41.5,Control,30.0,1,1,5.066666666666666
41.5,Control,30.0,2,1,27.73333333333333
41.5,Control,30.0,3,1,14.533333333333335
41.5,Control,30.0,4,1,4.8
41.5,Control,30.0,5,1,6.533333333333332
41.5,Control,30.0,6,1,0.5333333333333333
41.5,Control,30.0,11,1,0.8
41.5,Control,30.0,12,1,2.933333333333333
41.5,Control,30.0,14,1,1.4666666666666666
41.5,Control,30.0,15,1,2.533333333333333
41.5,Control,30.0,16,1,0.9333333333333335
41.5,Control,30.0,17,1,2.533333333333333
41.5,Control,30.0,25,1,11.466666666666667
41.5,Control,30.0,27,1,10.933333333333334
41.5,Control,30.0,33,1,1.4666666666666666
41.5,Control,60.0,0,1,4.0
41.5,Control,60.0,1,1,9.2
41.5,Control,60.0,2,1,23.200000000000003
41.5,Control,60.0,3,1,3.0666666666666664
41.5,Control,60.0,4,1,2.0
41.5,Control,60.0,5,1,5.066666666666666
41.5,Control,60.0,8,1,3.4666666666666663
41.5,Control,60.0,9,1,0.6666666666666667
41.5,Control,60.0,10,1,23.466666666666665
41.5,Control,60.0,11,1,7.866666666666666
41.5,Control,60.0,12,1,2.0
41.5,Control,60.0,14,1,3.8666666666666667
41.5,Control,60.0,16,1,2.2666666666666666
41.5,Control,60.0,22,1,5.066666666666666
41.5,Control,60.0,25,1,2.666666666666667
41.5,Control,60.0,31,1,1.0666666666666667
41.5,Control,60.0,33,1,1.0666666666666667
41.5,Control,90.0,0,1,4.266666666666667
41.5,Control,90.0,1,1,4.266666666666667
41.5,Control,90.0,2,1,11.066666666666666
41.5,Control,90.0,3,1,18.8
41.5,Control,90.0,4,1,7.6
41.5,Control,90.0,5,1,15.333333333333332
41.5,Control,90.0,8,1,0.26666666666666666
41.5,Control,90.0,9,1,4.933333333333334
41.5,Control,90.0,10,1,8.799999999999999
41.5,Control,90.0,11,1,0.6666666666666667
41.5,Control,90.0,12,1,1.7333333333333332
41.5,Control,90.0,14,1,2.8000000000000003
41.5,Control,90.0,16,1,3.3333333333333335
41.5,Control,90.0,19,1,2.666666666666667
41.5,Control,90.0,21,1,2.1333333333333333
41.5,Control,90.0,24,1,0.26666666666666666
41.5,Control,90.0,25,1,0.5333333333333333
41.5,Control,90.0,29,1,0.4
41.5,Control,90.0,33,1,0.26666666666666666
41.5,Control,90.0,111,1,9.866666666666667
41.5,Control,120.0,0,1,13.066666666666665
41.5,Control,120.0,1,1,15.866666666666667
41.5,Control,120.0,2,1,10.133333333333333
41.5,Control,120.0,3,1,15.733333333333333
41.5,Control,120.0,4,1,2.0
41.5,Control,120.0,5,1,13.733333333333334
41.5,Control,120.0,6,1,2.666666666666667
41.5,Control,120.0,7,1,1.866666666666667
41.5,Control,120.0,8,1,0.13333333333333333
41.5,Control,120.0,9,1,3.0666666666666664
41.5,Control,120.0,10,1,5.066666666666666
41.5,Control,120.0,11,1,1.6
41.5,Control,120.0,14,1,2.933333333333333
41.5,Control,120.0,15,1,5.466666666666667
41.5,Control,120.0,16,1,0.9333333333333335
41.5,Control,120.0,37,1,2.2666666666666666
41.5,Control,120.0,111,1,3.4666666666666663
41.5,Control,150.0,1,1,17.866666666666667
41.5,Control,150.0,2,1,10.4
41.5,Control,150.0,3,1,18.0
41.5,Control,150.0,5,1,2.1333333333333333
41.5,Control,150.0,7,1,2.4
41.5,Control,150.0,8,1,0.5333333333333333
41.5,Control,150.0,10,1,6.133333333333333
41.5,Control,150.0,11,1,1.2
41.5,Control,150.0,12,1,0.6666666666666667
41.5,Control,150.0,14,1,2.1333333333333333
41.5,Control,150.0,15,1,0.9333333333333335
41.5,Control,150.0,16,1,0.9333333333333335
41.5,Control,150.0,19,1,2.1333333333333333
41.5,Control,150.0,25,1,5.733333333333333
41.5,Control,150.0,27,1,7.466666666666668
41.5,Control,150.0,31,1,1.2
41.5,Control,150.0,37,1,19.466666666666665
41.5,Control,150.0,111,1,0.6666666666666667
41.5,Control,180.0,0,1,3.2
41.5,Control,180.0,1,1,9.733333333333333
41.5,Control,180.0,2,1,17.599999999999998
41.5,Control,180.0,3,1,22.400000000000002
41.5,Control,180.0,4,1,17.733333333333334
41.5,Control,180.0,8,1,0.13333333333333333
41.5,Control,180.0,9,1,0.4
41.5,Control,180.0,11,1,3.8666666666666667
41.5,Control,180.0,16,1,0.26666666666666666
41.5,Control,180.0,19,1,3.3333333333333335
41.5,Control,180.0,21,1,2.4
41.5,Control,180.0,23,1,0.8
41.5,Control,180.0,31,1,0.5333333333333333
41.5,Control,180.0,44,1,9.866666666666667
41.5,Control,180.0,50,1,1.866666666666667
41.5,Control,180.0,111,1,5.866666666666666
41.5,Control,210.0,0,1,14.000000000000002
41.5,Control,210.0,1,1,10.8
41.5,Control,210.0,2,1,10.133333333333333
41.5,Control,210.0,3,1,12.266666666666666
41.5,Control,210.0,4,1,3.5999999999999996
41.5,Control,210.0,5,1,6.666666666666667
41.5,Control,210.0,9,1,0.8
41.5,Control,210.0,10,1,13.066666666666665
41.5,Control,210.0,11,1,2.666666666666667
41.5,Control,210.0,12,1,1.3333333333333335
41.5,Control,210.0,13,1,7.333333333333333
41.5,Control,210.0,14,1,1.6
41.5,Control,210.0,16,1,1.0666666666666667
41.5,Control,210.0,23,1,0.8
41.5,Control,210.0,27,1,5.2
41.5,Control,210.0,37,1,8.666666666666668
41.5,Control,240.0,0,1,44.93333333333333
41.5,Control,240.0,1,1,19.066666666666666
41.5,Control,240.0,2,1,3.2
41.5,Control,240.0,3,1,11.466666666666667
41.5,Control,240.0,5,1,3.5999999999999996
41.5,Control,240.0,6,1,0.26666666666666666
41.5,Control,240.0,7,1,2.2666666666666666
41.5,Control,240.0,10,1,5.066666666666666
41.5,Control,240.0,20,1,2.2666666666666666
41.5,Control,240.0,22,1,0.8
41.5,Control,240.0,28,1,7.066666666666667
41.5,Control,270.0,0,1,5.6000000000000005
41.5,Control,270.0,1,1,16.266666666666666
41.5,Control,270.0,2,1,14.666666666666666
41.5,Control,270.0,4,1,10.0
41.5,Control,270.0,5,1,9.6
41.5,Control,270.0,7,1,0.8
41.5,Control,270.0,10,1,2.933333333333333
41.5,Control,270.0,12,1,0.8
41.5,Control,270.0,15,1,2.533333333333333
41.5,Control,270.0,20,1,5.466666666666667
41.5,Control,270.0,28,1,15.733333333333333
41.5,Control,270.0,35,1,0.26666666666666666
41.5,Control,270.0,36,1,2.1333333333333333
41.5,Control,270.0,37,1,3.2
41.5,Control,270.0,39,1,1.0666666666666667
41.5,Control,270.0,111,1,8.933333333333334
41.5,Control,300.0,0,1,30.8
41.5,Control,300.0,1,1,16.666666666666664
41.5,Control,300.0,2,1,8.533333333333333
41.5,Control,300.0,3,1,22.0
41.5,Control,300.0,6,1,2.933333333333333
41.5,Control,300.0,8,1,0.13333333333333333
41.5,Control,300.0,9,1,0.6666666666666667
41.5,Control,300.0,10,1,5.466666666666667
41.5,Control,300.0,11,1,0.4
41.5,Control,300.0,12,1,0.5333333333333333
41.5,Control,300.0,15,1,0.8
41.5,Control,300.0,17,1,1.6
41.5,Control,300.0,21,1,0.6666666666666667
41.5,Control,300.0,25,1,3.3333333333333335
41.5,Control,300.0,27,1,5.066666666666666
41.5,Control,300.0,29,1,0.26666666666666666
41.5,Control,300.0,36,1,0.13333333333333333
41.5,Control,330.0,0,1,25.733333333333334
41.5,Control,330.0,1,1,27.333333333333332
41.5,Control,330.0,2,1,2.533333333333333
41.5,Control,330.0,3,1,14.000000000000002
41.5,Control,330.0,6,1,16.666666666666664
41.5,Control,330.0,10,1,4.0
41.5,Control,330.0,12,1,1.4666666666666666
41.5,Control,330.0,19,1,0.4
41.5,Control,330.0,28,1,6.266666666666667
41.5,Control,330.0,32,1,1.6
41.5,Control,360.0,0,1,40.13333333333333
41.5,Control,360.0,1,1,20.0
41.5,Control,360.0,2,1,8.4
41.5,Control,360.0,5,1,3.4666666666666663
41.5,Control,360.0,6,1,0.9333333333333335
41.5,Control,360.0,7,1,2.533333333333333
41.5,Control,360.0,9,1,0.8
41.5,Control,360.0,11,1,1.4666666666666666
41.5,Control,360.0,13,1,7.6
41.5,Control,360.0,20,1,3.4666666666666663
41.5,Control,360.0,23,1,2.533333333333333
41.5,Control,360.0,28,1,7.866666666666666
41.5,Control,360.0,36,1,0.8
41.5,Control,390.0,0,1,36.8
41.5,Control,390.0,1,1,14.666666666666666
41.5,Control,390.0,2,1,3.3333333333333335
41.5,Control,390.0,3,1,7.466666666666668
41.5,Control,390.0,4,1,2.0
41.5,Control,390.0,6,1,4.3999999999999995
41.5,Control,390.0,10,1,2.533333333333333
41.5,Control,390.0,15,1,2.4
41.5,Control,390.0,16,1,0.8
41.5,Control,390.0,20,1,2.666666666666667
41.5,Control,390.0,23,1,0.26666666666666666
41.5,Control,390.0,25,1,2.4
41.5,Control,390.0,29,1,1.4666666666666666
41.5,Control,390.0,32,1,3.733333333333334
41.5,Control,390.0,37,1,15.066666666666666
41.5,Control,420.0,0,1,37.06666666666666
41.5,Control,420.0,1,1,22.26666666666667
41.5,Control,420.0,2,1,4.666666666666667
41.5,Control,420.0,3,1,6.133333333333333
41.5,Control,420.0,5,1,2.533333333333333
41.5,Control,420.0,9,1,1.0666666666666667
41.5,Control,420.0,10,1,0.6666666666666667
41.5,Control,420.0,12,1,0.13333333333333333
41.5,Control,420.0,19,1,2.0
41.5,Control,420.0,20,1,10.133333333333333
41.5,Control,420.0,25,1,3.8666666666666667
41.5,Control,420.0,26,1,9.466666666666667
41.6,Control,0.0,0,1,1.4666666666666666
41.6,Control,0.0,1,1,3.3333333333333335
41.6,Control,0.0,2,1,30.4
41.6,Control,0.0,3,1,10.8
41.6,Control,0.0,4,1,1.3333333333333335
41.6,Control,0.0,5,1,17.466666666666665
41.6,Control,0.0,10,1,0.4
41.6,Control,0.0,12,1,4.533333333333333
41.6,Control,0.0,14,1,10.266666666666667
41.6,Control,0.0,15,1,2.0
41.6,Control,0.0,19,1,3.3333333333333335
41.6,Control,0.0,22,1,2.533333333333333
41.6,Control,0.0,25,1,5.466666666666667
41.6,Control,0.0,32,1,6.666666666666667
41.6,Control,30.0,1,1,51.33333333333333
41.6,Control,30.0,2,1,17.066666666666666
41.6,Control,30.0,3,1,2.933333333333333
41.6,Control,30.0,4,1,12.0
41.6,Control,30.0,5,1,1.2
41.6,Control,30.0,8,1,0.13333333333333333
41.6,Control,30.0,9,1,2.933333333333333
41.6,Control,30.0,13,1,3.733333333333334
41.6,Control,30.0,16,1,1.3333333333333335
41.6,Control,30.0,17,1,0.6666666666666667
41.6,Control,30.0,19,1,0.9333333333333335
41.6,Control,30.0,27,1,4.8
41.6,Control,30.0,74,1,0.9333333333333335
41.6,Control,60.0,0,1,0.9333333333333335
41.6,Control,60.0,1,1,13.333333333333334
41.6,Control,60.0,2,1,16.53333333333333
41.6,Control,60.0,3,1,3.8666666666666667
41.6,Control,60.0,4,1,4.666666666666667
41.6,Control,60.0,5,1,3.0666666666666664
41.6,Control,60.0,6,1,13.600000000000001
41.6,Control,60.0,7,1,2.533333333333333
41.6,Control,60.0,8,1,0.26666666666666666
41.6,Control,60.0,9,1,2.8000000000000003
41.6,Control,60.0,10,1,4.533333333333333
41.6,Control,60.0,14,1,3.733333333333334
41.6,Control,60.0,15,1,2.933333333333333
41.6,Control,60.0,16,1,4.266666666666667
41.6,Control,60.0,24,1,0.26666666666666666
41.6,Control,60.0,32,1,9.6
41.6,Control,60.0,33,1,0.4
41.6,Control,60.0,111,1,12.666666666666668
41.6,Control,90.0,0,1,2.8000000000000003
41.6,Control,90.0,1,1,27.6
41.6,Control,90.0,2,1,4.3999999999999995
41.6,Control,90.0,3,1,16.53333333333333
41.6,Control,90.0,4,1,1.4666666666666666
41.6,Control,90.0,5,1,10.266666666666667
41.6,Control,90.0,8,1,0.26666666666666666
41.6,Control,90.0,12,1,4.933333333333334
41.6,Control,90.0,14,1,4.3999999999999995
41.6,Control,90.0,15,1,1.2
41.6,Control,90.0,16,1,0.4
41.6,Control,90.0,17,1,5.066666666666666
41.6,Control,90.0,25,1,5.733333333333333
41.6,Control,90.0,33,1,0.26666666666666666
41.6,Control,90.0,34,1,0.26666666666666666
41.6,Control,90.0,111,1,14.399999999999999
41.6,Control,120.0,0,1,0.9333333333333335
41.6,Control,120.0,2,1,18.266666666666666
41.6,Control,120.0,3,1,30.533333333333335
41.6,Control,120.0,4,1,1.7333333333333332
41.6,Control,120.0,5,1,2.933333333333333
41.6,Control,120.0,8,1,0.26666666666666666
41.6,Control,120.0,9,1,0.6666666666666667
41.6,Control,120.0,17,1,1.866666666666667
41.6,Control,120.0,44,1,42.8
41.6,Control,150.0,1,1,0.4
41.6,Control,150.0,2,1,26.93333333333333
41.6,Control,150.0,4,1,3.2
41.6,Control,150.0,5,1,11.466666666666667
41.6,Control,150.0,7,1,1.4666666666666666
41.6,Control,150.0,8,1,0.26666666666666666
41.6,Control,150.0,9,1,0.9333333333333335
41.6,Control,150.0,10,1,0.4
41.6,Control,150.0,11,1,1.7333333333333332
41.6,Control,150.0,14,1,2.533333333333333
41.6,Control,150.0,15,1,2.533333333333333
41.6,Control,150.0,16,1,4.133333333333333
41.6,Control,150.0,17,1,2.4
41.6,Control,150.0,19,1,2.2666666666666666
41.6,Control,150.0,24,1,0.4
41.6,Control,150.0,27,1,2.0
41.6,Control,150.0,32,1,1.3333333333333335
41.6,Control,150.0,37,1,2.8000000000000003
41.6,Control,150.0,111,1,32.800000000000004
41.6,Control,180.0,0,1,1.4666666666666666
41.6,Control,180.0,1,1,14.000000000000002
41.6,Control,180.0,2,1,6.266666666666667
41.6,Control,180.0,3,1,11.733333333333333
41.6,Control,180.0,4,1,7.866666666666666
41.6,Control,180.0,5,1,3.3333333333333335
41.6,Control,180.0,9,1,3.0666666666666664
41.6,Control,180.0,10,1,12.4
41.6,Control,180.0,11,1,1.866666666666667
41.6,Control,180.0,14,1,2.2666666666666666
41.6,Control,180.0,16,1,3.5999999999999996
41.6,Control,180.0,17,1,6.133333333333333
41.6,Control,180.0,19,1,0.6666666666666667
41.6,Control,180.0,20,1,2.8000000000000003
41.6,Control,180.0,21,1,1.0666666666666667
41.6,Control,180.0,25,1,6.933333333333333
41.6,Control,180.0,27,1,5.066666666666666
41.6,Control,180.0,29,1,1.0666666666666667
41.6,Control,180.0,30,1,1.0666666666666667
41.6,Control,180.0,33,1,0.5333333333333333
41.6,Control,180.0,34,1,3.4666666666666663
41.6,Control,180.0,77,1,0.6666666666666667
41.6,Control,180.0,111,1,2.666666666666667
41.6,Control,210.0,0,1,6.4
41.6,Control,210.0,1,1,19.466666666666665
41.6,Control,210.0,2,1,7.199999999999999
41.6,Control,210.0,4,1,6.800000000000001
41.6,Control,210.0,5,1,7.199999999999999
41.6,Control,210.0,6,1,9.2
41.6,Control,210.0,9,1,0.6666666666666667
41.6,Control,210.0,10,1,8.666666666666668
41.6,Control,210.0,11,1,1.3333333333333335
41.6,Control,210.0,12,1,0.4
41.6,Control,210.0,13,1,11.600000000000001
41.6,Control,210.0,15,1,2.2666666666666666
41.6,Control,210.0,20,1,4.666666666666667
41.6,Control,210.0,21,1,0.4
41.6,Control,210.0,22,1,4.133333333333333
41.6,Control,210.0,28,1,4.533333333333333
41.6,Control,210.0,29,1,0.5333333333333333
41.6,Control,210.0,32,1,4.533333333333333
41.6,Control,240.0,0,1,28.933333333333334
41.6,Control,240.0,1,1,48.13333333333333
41.6,Control,240.0,2,1,11.200000000000001
41.6,Control,240.0,6,1,2.4
41.6,Control,240.0,10,1,8.266666666666666
41.6,Control,240.0,12,1,1.0666666666666667
41.6,Control,270.0,0,1,9.866666666666667
41.6,Control,270.0,1,1,25.066666666666666
41.6,Control,270.0,2,1,8.266666666666666
41.6,Control,270.0,3,1,2.1333333333333333
41.6,Control,270.0,5,1,6.0
41.6,Control,270.0,6,1,6.4
41.6,Control,270.0,9,1,1.7333333333333332
41.6,Control,270.0,10,1,5.733333333333333
41.6,Control,270.0,11,1,1.0666666666666667
41.6,Control,270.0,14,1,3.3333333333333335
41.6,Control,270.0,15,1,2.666666666666667
41.6,Control,270.0,19,1,0.9333333333333335
41.6,Control,270.0,22,1,2.533333333333333
41.6,Control,270.0,25,1,4.266666666666667
41.6,Control,270.0,31,1,1.0666666666666667
41.6,Control,270.0,32,1,2.2666666666666666
41.6,Control,270.0,34,1,0.8
41.6,Control,270.0,37,1,8.533333333333333
41.6,Control,270.0,111,1,7.333333333333333
41.6,Control,300.0,0,1,31.866666666666667
41.6,Control,300.0,1,1,35.6
41.6,Control,300.0,3,1,5.866666666666666
41.6,Control,300.0,4,1,1.2
41.6,Control,300.0,8,1,0.8
41.6,Control,300.0,9,1,1.2
41.6,Control,300.0,10,1,15.333333333333332
41.6,Control,300.0,17,1,0.5333333333333333
41.6,Control,300.0,22,1,1.4666666666666666
41.6,Control,300.0,23,1,2.533333333333333
41.6,Control,300.0,25,1,1.0666666666666667
41.6,Control,300.0,30,1,0.9333333333333335
41.6,Control,300.0,31,1,1.6
41.6,Control,330.0,0,1,52.666666666666664
41.6,Control,330.0,1,1,29.46666666666667
41.6,Control,330.0,5,1,3.8666666666666667
41.6,Control,330.0,6,1,2.2666666666666666
41.6,Control,330.0,7,1,1.0666666666666667
41.6,Control,330.0,10,1,2.933333333333333
41.6,Control,330.0,15,1,0.8
41.6,Control,330.0,19,1,0.26666666666666666
41.6,Control,330.0,22,1,4.3999999999999995
41.6,Control,330.0,37,1,2.2666666666666666
41.6,Control,360.0,0,1,52.0
41.6,Control,360.0,1,1,7.866666666666666
41.6,Control,360.0,3,1,8.0
41.6,Control,360.0,4,1,6.666666666666667
41.6,Control,360.0,5,1,11.200000000000001
41.6,Control,360.0,6,1,2.2666666666666666
41.6,Control,360.0,17,1,2.0
41.6,Control,360.0,19,1,0.5333333333333333
41.6,Control,360.0,29,1,1.7333333333333332
41.6,Control,360.0,30,1,2.2666666666666666
41.6,Control,360.0,31,1,0.26666666666666666
41.6,Control,360.0,32,1,3.4666666666666663
41.6,Control,360.0,33,1,0.4
41.6,Control,360.0,34,1,1.3333333333333335
41.6,Control,390.0,0,1,31.2
41.6,Control,390.0,1,1,8.4
41.6,Control,390.0,2,1,3.3333333333333335
41.6,Control,390.0,3,1,9.466666666666667
41.6,Control,390.0,4,1,2.0
41.6,Control,390.0,5,1,13.200000000000001
41.6,Control,390.0,6,1,1.3333333333333335
41.6,Control,390.0,7,1,0.4
41.6,Control,390.0,8,1,0.4
41.6,Control,390.0,9,1,0.4
41.6,Control,390.0,10,1,0.26666666666666666
41.6,Control,390.0,11,1,1.6
41.6,Control,390.0,12,1,0.5333333333333333
41.6,Control,390.0,13,1,2.1333333333333333
41.6,Control,390.0,15,1,0.8
41.6,Control,390.0,16,1,0.6666666666666667
41.6,Control,390.0,19,1,1.3333333333333335
41.6,Control,390.0,20,1,5.733333333333333
41.6,Control,390.0,21,1,0.6666666666666667
41.6,Control,390.0,23,1,2.1333333333333333
41.6,Control,390.0,28,1,10.8
41.6,Control,390.0,30,1,0.13333333333333333
41.6,Control,390.0,111,1,3.0666666666666664
41.6,Control,420.0,0,1,77.73333333333333
41.6,Control,420.0,1,1,3.3333333333333335
41.6,Control,420.0,3,1,5.333333333333334
41.6,Control,420.0,4,1,7.333333333333333
41.6,Control,420.0,5,1,4.0
41.6,Control,420.0,13,1,2.2666666666666666
43.3,ELS,0.0,1,1,5.6000000000000005
43.3,ELS,0.0,2,1,24.666666666666668
43.3,ELS,0.0,3,1,3.733333333333334
43.3,ELS,0.0,4,1,2.2666666666666666
43.3,ELS,0.0,5,1,9.466666666666667
43.3,ELS,0.0,6,1,6.933333333333333
43.3,ELS,0.0,7,1,7.466666666666668
43.3,ELS,0.0,9,1,2.4
43.3,ELS,0.0,10,1,1.0666666666666667
43.3,ELS,0.0,11,1,3.733333333333334
43.3,ELS,0.0,12,1,3.4666666666666663
43.3,ELS,0.0,15,1,1.3333333333333335
43.3,ELS,0.0,16,1,3.3333333333333335
43.3,ELS,0.0,17,1,6.266666666666667
43.3,ELS,0.0,19,1,3.4666666666666663
43.3,ELS,0.0,21,1,1.866666666666667
43.3,ELS,0.0,24,1,0.4
43.3,ELS,0.0,25,1,6.266666666666667
43.3,ELS,0.0,29,1,0.6666666666666667
43.3,ELS,0.0,33,1,0.8
43.3,ELS,0.0,51,1,0.5333333333333333
43.3,ELS,0.0,111,1,4.266666666666667
43.3,ELS,30.0,0,1,2.1333333333333333
43.3,ELS,30.0,1,1,3.733333333333334
43.3,ELS,30.0,2,1,20.8
43.3,ELS,30.0,3,1,14.000000000000002
43.3,ELS,30.0,4,1,1.6
43.3,ELS,30.0,5,1,2.933333333333333
43.3,ELS,30.0,8,1,0.13333333333333333
43.3,ELS,30.0,9,1,6.800000000000001
43.3,ELS,30.0,10,1,7.333333333333333
43.3,ELS,30.0,11,1,1.6
43.3,ELS,30.0,14,1,11.600000000000001
43.3,ELS,30.0,16,1,0.6666666666666667
43.3,ELS,30.0,19,1,3.4666666666666663
43.3,ELS,30.0,21,1,2.1333333333333333
43.3,ELS,30.0,25,1,2.2666666666666666
43.3,ELS,30.0,35,1,0.9333333333333335
43.3,ELS,30.0,41,1,1.4666666666666666
43.3,ELS,30.0,111,1,16.400000000000002
43.3,ELS,60.0,1,1,10.933333333333334
43.3,ELS,60.0,2,1,14.533333333333335
43.3,ELS,60.0,4,1,1.7333333333333332
43.3,ELS,60.0,5,1,16.0
43.3,ELS,60.0,7,1,1.866666666666667
43.3,ELS,60.0,9,1,1.866666666666667
43.3,ELS,60.0,10,1,0.9333333333333335
43.3,ELS,60.0,11,1,3.5999999999999996
43.3,ELS,60.0,14,1,3.3333333333333335
43.3,ELS,60.0,15,1,14.933333333333335
43.3,ELS,60.0,16,1,7.6
43.3,ELS,60.0,17,1,4.0
43.3,ELS,60.0,19,1,0.5333333333333333
43.3,ELS,60.0,20,1,3.0666666666666664
43.3,ELS,60.0,111,1,15.066666666666666
43.3,ELS,90.0,0,1,2.533333333333333
43.3,ELS,90.0,1,1,10.4
43.3,ELS,90.0,2,1,5.866666666666666
43.3,ELS,90.0,3,1,4.933333333333334
43.3,ELS,90.0,4,1,4.533333333333333
43.3,ELS,90.0,5,1,6.800000000000001
43.3,ELS,90.0,8,1,0.9333333333333335
43.3,ELS,90.0,9,1,0.4
43.3,ELS,90.0,10,1,11.200000000000001
43.3,ELS,90.0,11,1,2.0
43.3,ELS,90.0,14,1,8.4
43.3,ELS,90.0,15,1,3.4666666666666663
43.3,ELS,90.0,16,1,3.8666666666666667
43.3,ELS,90.0,19,1,5.066666666666666
43.3,ELS,90.0,20,1,3.8666666666666667
43.3,ELS,90.0,21,1,0.26666666666666666
43.3,ELS,90.0,22,1,1.2
43.3,ELS,90.0,29,1,1.4666666666666666
43.3,ELS,90.0,30,1,0.4
43.3,ELS,90.0,34,1,0.26666666666666666
43.3,ELS,90.0,71,1,0.8
43.3,ELS,90.0,111,1,21.333333333333336
43.3,ELS,120.0,0,1,3.733333333333334
43.3,ELS,120.0,1,1,16.133333333333333
43.3,ELS,120.0,2,1,4.666666666666667
43.3,ELS,120.0,3,1,12.533333333333333
43.3,ELS,120.0,5,1,6.666666666666667
43.3,ELS,120.0,6,1,7.6
43.3,ELS,120.0,7,1,3.5999999999999996
43.3,ELS,120.0,8,1,2.4
43.3,ELS,120.0,9,1,2.1333333333333333
43.3,ELS,120.0,10,1,8.799999999999999
43.3,ELS,120.0,11,1,0.13333333333333333
43.3,ELS,120.0,12,1,3.0666666666666664
43.3,ELS,120.0,15,1,0.6666666666666667
43.3,ELS,120.0,16,1,3.4666666666666663
43.3,ELS,120.0,17,1,2.8000000000000003
43.3,ELS,120.0,19,1,0.8
43.3,ELS,120.0,23,1,0.6666666666666667
43.3,ELS,120.0,25,1,3.5999999999999996
43.3,ELS,120.0,27,1,2.0
43.3,ELS,120.0,35,1,1.2
43.3,ELS,120.0,111,1,13.333333333333334
43.3,ELS,150.0,1,1,17.733333333333334
43.3,ELS,150.0,2,1,24.4
43.3,ELS,150.0,4,1,4.133333333333333
43.3,ELS,150.0,5,1,8.133333333333333
43.3,ELS,150.0,7,1,1.2
43.3,ELS,150.0,8,1,0.26666666666666666
43.3,ELS,150.0,10,1,18.4
43.3,ELS,150.0,11,1,3.3333333333333335
43.3,ELS,150.0,13,1,1.4666666666666666
43.3,ELS,150.0,14,1,2.1333333333333333
43.3,ELS,150.0,16,1,2.533333333333333
43.3,ELS,150.0,19,1,3.0666666666666664
43.3,ELS,150.0,24,1,0.26666666666666666
43.3,ELS,150.0,32,1,4.133333333333333
43.3,ELS,150.0,111,1,8.799999999999999
43.3,ELS,180.0,0,1,2.2666666666666666
43.3,ELS,180.0,1,1,13.333333333333334
43.3,ELS,180.0,2,1,18.133333333333333
43.3,ELS,180.0,4,1,7.199999999999999
43.3,ELS,180.0,5,1,5.066666666666666
43.3,ELS,180.0,6,1,1.0666666666666667
43.3,ELS,180.0,9,1,2.8000000000000003
43.3,ELS,180.0,10,1,0.8
43.3,ELS,180.0,14,1,5.6000000000000005
43.3,ELS,180.0,15,1,5.733333333333333
43.3,ELS,180.0,16,1,0.8
43.3,ELS,180.0,17,1,0.5333333333333333
43.3,ELS,180.0,19,1,2.666666666666667
43.3,ELS,180.0,20,1,8.933333333333334
43.3,ELS,180.0,25,1,3.0666666666666664
43.3,ELS,180.0,29,1,0.9333333333333335
43.3,ELS,180.0,30,1,0.26666666666666666
43.3,ELS,180.0,33,1,0.6666666666666667
43.3,ELS,180.0,34,1,4.266666666666667
43.3,ELS,180.0,111,1,15.866666666666667
43.3,ELS,210.0,0,1,27.333333333333332
43.3,ELS,210.0,1,1,21.333333333333336
43.3,ELS,210.0,3,1,6.266666666666667
43.3,ELS,210.0,4,1,16.666666666666664
43.3,ELS,210.0,5,1,7.733333333333333
43.3,ELS,210.0,6,1,7.866666666666666
43.3,ELS,210.0,8,1,1.866666666666667
43.3,ELS,210.0,9,1,0.5333333333333333
43.3,ELS,210.0,11,1,0.4
43.3,ELS,210.0,15,1,3.3333333333333335
43.3,ELS,210.0,22,1,3.4666666666666663
43.3,ELS,210.0,30,1,0.26666666666666666
43.3,ELS,210.0,33,1,1.7333333333333332
43.3,ELS,210.0,39,1,1.2
43.3,ELS,240.0,0,1,7.866666666666666
43.3,ELS,240.0,1,1,12.666666666666668
43.3,ELS,240.0,2,1,25.066666666666666
43.3,ELS,240.0,3,1,5.2
43.3,ELS,240.0,5,1,8.4
43.3,ELS,240.0,6,1,2.1333333333333333
43.3,ELS,240.0,9,1,0.8
43.3,ELS,240.0,10,1,9.066666666666666
43.3,ELS,240.0,14,1,1.7333333333333332
43.3,ELS,240.0,15,1,1.3333333333333335
43.3,ELS,240.0,16,1,5.733333333333333
43.3,ELS,240.0,19,1,2.4
43.3,ELS,240.0,28,1,8.666666666666668
43.3,ELS,240.0,111,1,8.933333333333334
43.3,ELS,270.0,0,1,19.333333333333332
43.3,ELS,270.0,1,1,18.133333333333333
43.3,ELS,270.0,2,1,6.0
43.3,ELS,270.0,3,1,5.2
43.3,ELS,270.0,4,1,0.9333333333333335
43.3,ELS,270.0,5,1,14.133333333333335
43.3,ELS,270.0,6,1,1.7333333333333332
43.3,ELS,270.0,7,1,2.1333333333333333
43.3,ELS,270.0,9,1,1.6
43.3,ELS,270.0,10,1,1.0666666666666667
43.3,ELS,270.0,13,1,4.3999999999999995
43.3,ELS,270.0,14,1,2.2666666666666666
43.3,ELS,270.0,16,1,0.4
43.3,ELS,270.0,19,1,1.3333333333333335
43.3,ELS,270.0,21,1,2.0
43.3,ELS,270.0,22,1,5.6000000000000005
43.3,ELS,270.0,23,1,0.6666666666666667
43.3,ELS,270.0,28,1,5.066666666666666
43.3,ELS,270.0,34,1,1.4666666666666666
43.3,ELS,270.0,35,1,1.0666666666666667
43.3,ELS,270.0,111,1,5.466666666666667
43.3,ELS,300.0,0,1,18.0
43.3,ELS,300.0,1,1,15.6
43.3,ELS,300.0,2,1,7.866666666666666
43.3,ELS,300.0,3,1,12.933333333333334
43.3,ELS,300.0,5,1,5.333333333333334
43.3,ELS,300.0,10,1,12.133333333333333
43.3,ELS,300.0,14,1,1.2
43.3,ELS,300.0,16,1,0.9333333333333335
43.3,ELS,300.0,17,1,5.333333333333334
43.3,ELS,300.0,19,1,5.333333333333334
43.3,ELS,300.0,34,1,1.0666666666666667
43.3,ELS,300.0,37,1,14.266666666666666
43.3,ELS,330.0,0,1,18.4
43.3,ELS,330.0,1,1,14.266666666666666
43.3,ELS,330.0,2,1,9.333333333333334
43.3,ELS,330.0,3,1,3.0666666666666664
43.3,ELS,330.0,4,1,9.066666666666666
43.3,ELS,330.0,5,1,6.266666666666667
43.3,ELS,330.0,8,1,0.6666666666666667
43.3,ELS,330.0,9,1,1.6
43.3,ELS,330.0,10,1,7.6
43.3,ELS,330.0,11,1,1.4666666666666666
43.3,ELS,330.0,13,1,6.266666666666667
43.3,ELS,330.0,14,1,3.0666666666666664
43.3,ELS,330.0,15,1,1.6
43.3,ELS,330.0,17,1,0.4
43.3,ELS,330.0,32,1,6.0
43.3,ELS,330.0,47,1,0.8
43.3,ELS,330.0,111,1,10.133333333333333
43.3,ELS,360.0,0,1,17.333333333333336
43.3,ELS,360.0,1,1,16.400000000000002
43.3,ELS,360.0,2,1,3.8666666666666667
43.3,ELS,360.0,4,1,0.26666666666666666
43.3,ELS,360.0,5,1,6.0
43.3,ELS,360.0,7,1,10.266666666666667
43.3,ELS,360.0,9,1,0.9333333333333335
43.3,ELS,360.0,10,1,14.533333333333335
43.3,ELS,360.0,11,1,2.0
43.3,ELS,360.0,14,1,0.4
43.3,ELS,360.0,16,1,4.133333333333333
43.3,ELS,360.0,17,1,0.4
43.3,ELS,360.0,20,1,4.0
43.3,ELS,360.0,21,1,0.6666666666666667
43.3,ELS,360.0,22,1,0.6666666666666667
43.3,ELS,360.0,28,1,9.866666666666667
43.3,ELS,360.0,29,1,2.1333333333333333
43.3,ELS,360.0,30,1,1.2
43.3,ELS,360.0,34,1,0.26666666666666666
43.3,ELS,360.0,36,1,1.2
43.3,ELS,360.0,111,1,3.4666666666666663
43.3,ELS,390.0,0,1,25.2
43.3,ELS,390.0,1,1,9.466666666666667
43.3,ELS,390.0,3,1,21.6
43.3,ELS,390.0,4,1,1.6
43.3,ELS,390.0,7,1,9.2
43.3,ELS,390.0,8,1,0.8
43.3,ELS,390.0,10,1,4.533333333333333
43.3,ELS,390.0,11,1,0.4
43.3,ELS,390.0,16,1,1.3333333333333335
43.3,ELS,390.0,18,1,6.0
43.3,ELS,390.0,20,1,1.3333333333333335
43.3,ELS,390.0,28,1,13.066666666666665
43.3,ELS,390.0,111,1,5.466666666666667
43.3,ELS,420.0,0,1,34.8
43.3,ELS,420.0,1,1,12.533333333333333
43.3,ELS,420.0,3,1,8.0
43.3,ELS,420.0,4,1,1.6
43.3,ELS,420.0,5,1,10.133333333333333
43.3,ELS,420.0,6,1,3.0666666666666664
43.3,ELS,420.0,7,1,7.333333333333333
43.3,ELS,420.0,9,1,0.13333333333333333
43.3,ELS,420.0,10,1,3.0666666666666664
43.3,ELS,420.0,11,1,1.3333333333333335
43.3,ELS,420.0,14,1,1.4666666666666666
43.3,ELS,420.0,15,1,0.26666666666666666
43.3,ELS,420.0,17,1,3.5999999999999996
43.3,ELS,420.0,20,1,1.4666666666666666
43.3,ELS,420.0,28,1,11.200000000000001
43.5,ELS,0.0,1,1,13.866666666666665
43.5,ELS,0.0,2,1,34.53333333333333
43.5,ELS,0.0,3,1,5.466666666666667
43.5,ELS,0.0,4,1,0.8
43.5,ELS,0.0,5,1,8.0
43.5,ELS,0.0,6,1,4.266666666666667
43.5,ELS,0.0,7,1,4.533333333333333
43.5,ELS,0.0,10,1,0.9333333333333335
43.5,ELS,0.0,11,1,3.5999999999999996
43.5,ELS,0.0,12,1,4.266666666666667
43.5,ELS,0.0,14,1,0.6666666666666667
43.5,ELS,0.0,18,1,4.933333333333334
43.5,ELS,0.0,25,1,4.933333333333334
43.5,ELS,0.0,37,1,4.266666666666667
43.5,ELS,0.0,111,1,4.933333333333334
43.5,ELS,30.0,0,1,3.2
43.5,ELS,30.0,1,1,8.133333333333333
43.5,ELS,30.0,2,1,37.86666666666667
43.5,ELS,30.0,3,1,11.200000000000001
43.5,ELS,30.0,4,1,2.8000000000000003
43.5,ELS,30.0,5,1,12.8
43.5,ELS,30.0,6,1,3.2
43.5,ELS,30.0,7,1,2.0
43.5,ELS,30.0,8,1,0.13333333333333333
43.5,ELS,30.0,9,1,0.13333333333333333
43.5,ELS,30.0,10,1,5.066666666666666
43.5,ELS,30.0,11,1,1.2
43.5,ELS,30.0,12,1,1.3333333333333335
43.5,ELS,30.0,14,1,3.2
43.5,ELS,30.0,19,1,0.4
43.5,ELS,30.0,22,1,1.6
43.5,ELS,30.0,25,1,1.866666666666667
43.5,ELS,30.0,33,1,0.6666666666666667
43.5,ELS,30.0,42,1,1.2
43.5,ELS,30.0,111,1,2.0
43.5,ELS,60.0,0,1,6.0
43.5,ELS,60.0,1,1,21.866666666666667
43.5,ELS,60.0,2,1,14.399999999999999
43.5,ELS,60.0,3,1,19.6
43.5,ELS,60.0,5,1,2.1333333333333333
43.5,ELS,60.0,7,1,0.4
43.5,ELS,60.0,10,1,1.4666666666666666
43.5,ELS,60.0,11,1,3.4666666666666663
43.5,ELS,60.0,12,1,0.5333333333333333
43.5,ELS,60.0,13,1,12.0
43.5,ELS,60.0,14,1,2.933333333333333
43.5,ELS,60.0,17,1,1.2
43.5,ELS,60.0,20,1,1.866666666666667
43.5,ELS,60.0,22,1,1.0666666666666667
43.5,ELS,60.0,111,1,11.066666666666666
43.5,ELS,90.0,0,1,2.8000000000000003
43.5,ELS,90.0,1,1,14.133333333333335
43.5,ELS,90.0,2,1,13.333333333333334
43.5,ELS,90.0,3,1,27.866666666666667
43.5,ELS,90.0,5,1,6.133333333333333
43.5,ELS,90.0,10,1,7.066666666666667
43.5,ELS,90.0,11,1,8.533333333333333
43.5,ELS,90.0,12,1,2.533333333333333
43.5,ELS,90.0,13,1,2.8000000000000003
43.5,ELS,90.0,16,1,2.2666666666666666
43.5,ELS,90.0,17,1,0.5333333333333333
43.5,ELS,90.0,21,1,1.4666666666666666
43.5,ELS,90.0,25,1,6.133333333333333
43.5,ELS,90.0,111,1,4.3999999999999995
43.5,ELS,120.0,1,1,6.266666666666667
43.5,ELS,120.0,2,1,38.266666666666666
43.5,ELS,120.0,5,1,5.2
43.5,ELS,120.0,9,1,2.933333333333333
43.5,ELS,120.0,10,1,1.6
43.5,ELS,120.0,11,1,2.1333333333333333
43.5,ELS,120.0,12,1,0.5333333333333333
43.5,ELS,120.0,14,1,5.733333333333333
43.5,ELS,120.0,16,1,4.666666666666667
43.5,ELS,120.0,19,1,1.866666666666667
43.5,ELS,120.0,25,1,4.533333333333333
43.5,ELS,120.0,111,1,26.266666666666666
43.5,ELS,150.0,0,1,5.2
43.5,ELS,150.0,1,1,14.133333333333335
43.5,ELS,150.0,2,1,11.466666666666667
43.5,ELS,150.0,3,1,2.666666666666667
43.5,ELS,150.0,5,1,11.066666666666666
43.5,ELS,150.0,6,1,2.933333333333333
43.5,ELS,150.0,12,1,0.8
43.5,ELS,150.0,13,1,8.799999999999999
43.5,ELS,150.0,14,1,4.0
43.5,ELS,150.0,15,1,0.5333333333333333
43.5,ELS,150.0,16,1,4.533333333333333
43.5,ELS,150.0,25,1,15.733333333333333
43.5,ELS,150.0,111,1,18.133333333333333
43.5,ELS,180.0,0,1,4.8
43.5,ELS,180.0,1,1,14.799999999999999
43.5,ELS,180.0,2,1,13.066666666666665
43.5,ELS,180.0,3,1,4.0
43.5,ELS,180.0,5,1,1.866666666666667
43.5,ELS,180.0,10,1,6.266666666666667
43.5,ELS,180.0,11,1,5.066666666666666
43.5,ELS,180.0,12,1,3.5999999999999996
43.5,ELS,180.0,14,1,2.4
43.5,ELS,180.0,16,1,0.9333333333333335
43.5,ELS,180.0,17,1,5.066666666666666
43.5,ELS,180.0,23,1,0.8
43.5,ELS,180.0,27,1,3.5999999999999996
43.5,ELS,180.0,29,1,0.26666666666666666
43.5,ELS,180.0,31,1,0.26666666666666666
43.5,ELS,180.0,34,1,2.8000000000000003
43.5,ELS,180.0,111,1,30.4
43.5,ELS,210.0,0,1,26.8
43.5,ELS,210.0,1,1,6.800000000000001
43.5,ELS,210.0,2,1,30.133333333333333
43.5,ELS,210.0,3,1,9.866666666666667
43.5,ELS,210.0,5,1,3.0666666666666664
43.5,ELS,210.0,6,1,6.266666666666667
43.5,ELS,210.0,7,1,1.2
43.5,ELS,210.0,10,1,2.533333333333333
43.5,ELS,210.0,11,1,0.5333333333333333
43.5,ELS,210.0,12,1,0.9333333333333335
43.5,ELS,210.0,14,1,2.1333333333333333
43.5,ELS,210.0,18,1,4.666666666666667
43.5,ELS,210.0,21,1,1.4666666666666666
43.5,ELS,210.0,29,1,0.13333333333333333
43.5,ELS,210.0,31,1,0.13333333333333333
43.5,ELS,210.0,34,1,1.0666666666666667
43.5,ELS,210.0,46,1,2.2666666666666666
43.5,ELS,240.0,0,1,25.466666666666665
43.5,ELS,240.0,1,1,21.6
43.5,ELS,240.0,2,1,6.0
43.5,ELS,240.0,3,1,27.6
43.5,ELS,240.0,5,1,9.066666666666666
43.5,ELS,240.0,7,1,6.133333333333333
43.5,ELS,240.0,10,1,1.866666666666667
43.5,ELS,240.0,14,1,0.6666666666666667
43.5,ELS,240.0,15,1,1.0666666666666667
43.5,ELS,240.0,19,1,0.5333333333333333
43.5,ELS,270.0,0,1,5.066666666666666
43.5,ELS,270.0,1,1,34.66666666666667
43.5,ELS,270.0,2,1,24.4
43.5,ELS,270.0,3,1,5.2
43.5,ELS,270.0,4,1,0.4
43.5,ELS,270.0,5,1,0.9333333333333335
43.5,ELS,270.0,9,1,1.7333333333333332
43.5,ELS,270.0,10,1,2.666666666666667
43.5,ELS,270.0,11,1,2.666666666666667
43.5,ELS,270.0,14,1,2.2666666666666666
43.5,ELS,270.0,17,1,0.26666666666666666
43.5,ELS,270.0,21,1,0.5333333333333333
43.5,ELS,270.0,22,1,0.6666666666666667
43.5,ELS,270.0,23,1,0.6666666666666667
43.5,ELS,270.0,27,1,4.933333333333334
43.5,ELS,270.0,30,1,1.6
43.5,ELS,270.0,34,1,1.7333333333333332
43.5,ELS,270.0,37,1,8.266666666666666
43.5,ELS,270.0,41,1,1.3333333333333335
43.5,ELS,300.0,0,1,23.599999999999998
43.5,ELS,300.0,1,1,20.266666666666666
43.5,ELS,300.0,2,1,4.0
43.5,ELS,300.0,3,1,6.533333333333332
43.5,ELS,300.0,4,1,4.666666666666667
43.5,ELS,300.0,5,1,7.733333333333333
43.5,ELS,300.0,6,1,14.133333333333335
43.5,ELS,300.0,7,1,4.133333333333333
43.5,ELS,300.0,10,1,3.0666666666666664
43.5,ELS,300.0,13,1,5.466666666666667
43.5,ELS,300.0,15,1,0.9333333333333335
43.5,ELS,300.0,17,1,1.6
43.5,ELS,300.0,23,1,0.8
43.5,ELS,300.0,25,1,3.0666666666666664
43.5,ELS,330.0,0,1,34.0
43.5,ELS,330.0,1,1,4.933333333333334
43.5,ELS,330.0,2,1,26.8
43.5,ELS,330.0,3,1,34.266666666666666
43.5,ELS,360.0,0,1,35.06666666666667
43.5,ELS,360.0,1,1,19.066666666666666
43.5,ELS,360.0,3,1,17.599999999999998
43.5,ELS,360.0,5,1,2.8000000000000003
43.5,ELS,360.0,8,1,1.0666666666666667
43.5,ELS,360.0,9,1,3.733333333333334
43.5,ELS,360.0,10,1,6.800000000000001
43.5,ELS,360.0,13,1,4.8
43.5,ELS,360.0,20,1,7.199999999999999
43.5,ELS,360.0,23,1,0.4
43.5,ELS,360.0,30,1,0.26666666666666666
43.5,ELS,360.0,34,1,0.13333333333333333
43.5,ELS,360.0,35,1,0.6666666666666667
43.5,ELS,360.0,36,1,0.4
43.5,ELS,390.0,0,1,53.733333333333334
43.5,ELS,390.0,1,1,16.266666666666666
43.5,ELS,390.0,3,1,8.933333333333334
43.5,ELS,390.0,4,1,2.1333333333333333
43.5,ELS,390.0,5,1,4.666666666666667
43.5,ELS,390.0,6,1,4.533333333333333
43.5,ELS,390.0,8,1,0.4
43.5,ELS,390.0,9,1,1.0666666666666667
43.5,ELS,390.0,10,1,4.8
43.5,ELS,390.0,16,1,2.0
43.5,ELS,390.0,31,1,1.3333333333333335
43.5,ELS,390.0,33,1,0.13333333333333333
43.5,ELS,420.0,0,1,22.933333333333334
43.5,ELS,420.0,1,1,28.000000000000004
43.5,ELS,420.0,2,1,8.533333333333333
43.5,ELS,420.0,3,1,12.533333333333333
43.5,ELS,420.0,5,1,7.6
43.5,ELS,420.0,7,1,1.3333333333333335
43.5,ELS,420.0,10,1,5.466666666666667
43.5,ELS,420.0,12,1,0.8
43.5,ELS,420.0,22,1,1.7333333333333332
43.5,ELS,420.0,32,1,3.0666666666666664
43.5,ELS,420.0,37,1,8.0
47.5,Control,0.0,1,1,11.066666666666666
47.5,Control,0.0,2,1,30.266666666666666
47.5,Control,0.0,4,1,6.4
47.5,Control,0.0,5,1,15.733333333333333
47.5,Control,0.0,7,1,5.6000000000000005
47.5,Control,0.0,8,1,1.6
47.5,Control,0.0,9,1,1.3333333333333335
47.5,Control,0.0,11,1,2.533333333333333
47.5,Control,0.0,12,1,4.0
47.5,Control,0.0,14,1,5.866666666666666
47.5,Control,0.0,15,1,1.0666666666666667
47.5,Control,0.0,16,1,0.6666666666666667
47.5,Control,0.0,19,1,1.6
47.5,Control,0.0,21,1,4.3999999999999995
47.5,Control,0.0,22,1,0.5333333333333333
47.5,Control,0.0,25,1,1.0666666666666667
47.5,Control,0.0,27,1,3.733333333333334
47.5,Control,0.0,30,1,0.4
47.5,Control,0.0,33,1,0.6666666666666667
47.5,Control,0.0,35,1,0.26666666666666666
47.5,Control,0.0,39,1,0.8
47.5,Control,0.0,72,1,0.4
47.5,Control,30.0,0,1,2.1333333333333333
47.5,Control,30.0,1,1,10.933333333333334
47.5,Control,30.0,2,1,24.266666666666666
47.5,Control,30.0,3,1,17.466666666666665
47.5,Control,30.0,4,1,8.799999999999999
47.5,Control,30.0,5,1,12.8
47.5,Control,30.0,6,1,1.7333333333333332
47.5,Control,30.0,7,1,4.266666666666667
47.5,Control,30.0,8,1,0.9333333333333335
47.5,Control,30.0,9,1,1.2
47.5,Control,30.0,10,1,0.6666666666666667
47.5,Control,30.0,11,1,1.866666666666667
47.5,Control,30.0,13,1,4.133333333333333
47.5,Control,30.0,14,1,1.3333333333333335
47.5,Control,30.0,21,1,2.2666666666666666
47.5,Control,30.0,23,1,0.6666666666666667
47.5,Control,30.0,32,1,3.4666666666666663
47.5,Control,30.0,39,1,0.9333333333333335
47.5,Control,30.0,43,1,0.13333333333333333
47.5,Control,60.0,0,1,13.200000000000001
47.5,Control,60.0,1,1,14.000000000000002
47.5,Control,60.0,2,1,25.6
47.5,Control,60.0,4,1,2.8000000000000003
47.5,Control,60.0,5,1,8.799999999999999
47.5,Control,60.0,6,1,4.666666666666667
47.5,Control,60.0,7,1,4.133333333333333
47.5,Control,60.0,8,1,0.26666666666666666
47.5,Control,60.0,9,1,1.0666666666666667
47.5,Control,60.0,10,1,2.933333333333333
47.5,Control,60.0,11,1,4.133333333333333
47.5,Control,60.0,12,1,4.3999999999999995
47.5,Control,60.0,15,1,0.6666666666666667
47.5,Control,60.0,16,1,0.6666666666666667
47.5,Control,60.0,24,1,0.26666666666666666
47.5,Control,60.0,25,1,3.4666666666666663
47.5,Control,60.0,33,1,0.26666666666666666
47.5,Control,60.0,42,1,2.533333333333333
47.5,Control,60.0,111,1,6.133333333333333
47.5,Control,90.0,0,1,3.733333333333334
47.5,Control,90.0,1,1,15.866666666666667
47.5,Control,90.0,2,1,16.0
47.5,Control,90.0,3,1,13.466666666666665
47.5,Control,90.0,4,1,4.0
47.5,Control,90.0,5,1,2.933333333333333
47.5,Control,90.0,6,1,4.133333333333333
47.5,Control,90.0,7,1,2.933333333333333
47.5,Control,90.0,8,1,0.26666666666666666
47.5,Control,90.0,9,1,0.4
47.5,Control,90.0,10,1,3.733333333333334
47.5,Control,90.0,11,1,1.2
47.5,Control,90.0,12,1,2.4
47.5,Control,90.0,15,1,1.2
47.5,Control,90.0,20,1,6.4
47.5,Control,90.0,24,1,0.13333333333333333
47.5,Control,90.0,25,1,4.133333333333333
47.5,Control,90.0,27,1,8.666666666666668
47.5,Control,90.0,111,1,8.4
47.5,Control,120.0,0,1,3.3333333333333335
47.5,Control,120.0,1,1,3.4666666666666663
47.5,Control,120.0,2,1,17.466666666666665
47.5,Control,120.0,3,1,7.066666666666667
47.5,Control,120.0,4,1,1.2
47.5,Control,120.0,5,1,12.0
47.5,Control,120.0,6,1,2.666666666666667
47.5,Control,120.0,7,1,8.4
47.5,Control,120.0,8,1,0.5333333333333333
47.5,Control,120.0,9,1,1.4666666666666666
47.5,Control,120.0,11,1,5.6000000000000005
47.5,Control,120.0,12,1,4.133333333333333
47.5,Control,120.0,14,1,2.666666666666667
47.5,Control,120.0,15,1,1.7333333333333332
47.5,Control,120.0,17,1,2.933333333333333
47.5,Control,120.0,20,1,3.3333333333333335
47.5,Control,120.0,22,1,1.4666666666666666
47.5,Control,120.0,25,1,1.2
47.5,Control,120.0,33,1,0.6666666666666667
47.5,Control,120.0,111,1,18.666666666666668
47.5,Control,150.0,0,1,1.7333333333333332
47.5,Control,150.0,1,1,15.333333333333332
47.5,Control,150.0,2,1,24.933333333333334
47.5,Control,150.0,3,1,5.733333333333333
47.5,Control,150.0,5,1,9.333333333333334
47.5,Control,150.0,8,1,0.6666666666666667
47.5,Control,150.0,9,1,1.0666666666666667
47.5,Control,150.0,10,1,5.2
47.5,Control,150.0,11,1,2.533333333333333
47.5,Control,150.0,12,1,3.2
47.5,Control,150.0,16,1,1.4666666666666666
47.5,Control,150.0,17,1,1.3333333333333335
47.5,Control,150.0,18,1,5.466666666666667
47.5,Control,150.0,19,1,1.866666666666667
47.5,Control,150.0,22,1,1.0666666666666667
47.5,Control,150.0,25,1,11.733333333333333
47.5,Control,150.0,32,1,3.733333333333334
47.5,Control,150.0,111,1,3.5999999999999996
47.5,Control,180.0,0,1,25.066666666666666
47.5,Control,180.0,1,1,10.533333333333333
47.5,Control,180.0,2,1,1.4666666666666666
47.5,Control,180.0,3,1,3.2
47.5,Control,180.0,4,1,0.26666666666666666
47.5,Control,180.0,5,1,7.866666666666666
47.5,Control,180.0,6,1,2.0
47.5,Control,180.0,7,1,5.066666666666666
47.5,Control,180.0,8,1,0.8
47.5,Control,180.0,9,1,0.4
47.5,Control,180.0,10,1,1.2
47.5,Control,180.0,11,1,3.4666666666666663
47.5,Control,180.0,13,1,11.733333333333333
47.5,Control,180.0,19,1,1.7333333333333332
47.5,Control,180.0,22,1,3.4666666666666663
47.5,Control,180.0,23,1,0.4
47.5,Control,180.0,25,1,4.0
47.5,Control,180.0,29,1,0.4
47.5,Control,180.0,31,1,0.8
47.5,Control,180.0,34,1,3.8666666666666667
47.5,Control,180.0,35,1,4.0
47.5,Control,180.0,111,1,8.266666666666666
47.5,Control,210.0,0,1,35.6
47.5,Control,210.0,1,1,14.133333333333335
47.5,Control,210.0,3,1,6.266666666666667
47.5,Control,210.0,4,1,3.733333333333334
47.5,Control,210.0,5,1,10.0
47.5,Control,210.0,6,1,13.200000000000001
47.5,Control,210.0,10,1,2.0
47.5,Control,210.0,12,1,1.7333333333333332
47.5,Control,210.0,13,1,2.533333333333333
47.5,Control,210.0,15,1,2.533333333333333
47.5,Control,210.0,17,1,0.4
47.5,Control,210.0,19,1,0.6666666666666667
47.5,Control,210.0,23,1,0.9333333333333335
47.5,Control,210.0,32,1,3.2
47.5,Control,210.0,37,1,3.0666666666666664
47.5,Control,240.0,0,1,3.8666666666666667
47.5,Control,240.0,1,1,37.6
47.5,Control,240.0,2,1,8.933333333333334
47.5,Control,240.0,3,1,15.866666666666667
47.5,Control,240.0,4,1,1.0666666666666667
47.5,Control,240.0,5,1,6.933333333333333
47.5,Control,240.0,6,1,2.8000000000000003
47.5,Control,240.0,7,1,1.4666666666666666
47.5,Control,240.0,9,1,1.0666666666666667
47.5,Control,240.0,15,1,2.8000000000000003
47.5,Control,240.0,16,1,0.26666666666666666
47.5,Control,240.0,19,1,0.9333333333333335
47.5,Control,240.0,20,1,8.799999999999999
47.5,Control,240.0,22,1,2.1333333333333333
47.5,Control,240.0,32,1,4.533333333333333
47.5,Control,240.0,41,1,0.9333333333333335
47.5,Control,270.0,0,1,34.53333333333333
47.5,Control,270.0,1,1,30.8
47.5,Control,270.0,2,1,4.266666666666667
47.5,Control,270.0,5,1,12.133333333333333
47.5,Control,270.0,9,1,0.13333333333333333
47.5,Control,270.0,10,1,1.6
47.5,Control,270.0,11,1,0.8
47.5,Control,270.0,15,1,1.6
47.5,Control,270.0,19,1,1.2
47.5,Control,270.0,21,1,1.0666666666666667
47.5,Control,270.0,29,1,0.8
47.5,Control,270.0,34,1,2.4
47.5,Control,270.0,37,1,8.666666666666668
47.5,Control,300.0,0,1,13.866666666666665
47.5,Control,300.0,1,1,33.33333333333333
47.5,Control,300.0,3,1,34.8
47.5,Control,300.0,4,1,0.26666666666666666
47.5,Control,300.0,5,1,1.0666666666666667
47.5,Control,300.0,13,1,9.733333333333333
47.5,Control,300.0,16,1,0.8
47.5,Control,300.0,17,1,0.4
47.5,Control,300.0,20,1,1.6
47.5,Control,300.0,22,1,1.866666666666667
47.5,Control,300.0,23,1,0.4
47.5,Control,300.0,32,1,1.4666666666666666
47.5,Control,300.0,35,1,0.4
47.5,Control,330.0,0,1,34.66666666666667
47.5,Control,330.0,1,1,18.266666666666666
47.5,Control,330.0,3,1,20.4
47.5,Control,330.0,4,1,4.666666666666667
47.5,Control,330.0,5,1,1.4666666666666666
47.5,Control,330.0,8,1,0.26666666666666666
47.5,Control,330.0,9,1,0.26666666666666666
47.5,Control,330.0,10,1,4.8
47.5,Control,330.0,12,1,1.6
47.5,Control,330.0,13,1,8.0
47.5,Control,330.0,17,1,1.2
47.5,Control,330.0,20,1,1.7333333333333332
47.5,Control,330.0,22,1,2.666666666666667
47.5,Control,360.0,0,1,34.13333333333333
47.5,Control,360.0,1,1,21.066666666666666
47.5,Control,360.0,3,1,6.933333333333333
47.5,Control,360.0,4,1,10.4
47.5,Control,360.0,5,1,12.533333333333333
47.5,Control,360.0,8,1,0.4
47.5,Control,360.0,11,1,1.0666666666666667
47.5,Control,360.0,12,1,1.4666666666666666
47.5,Control,360.0,13,1,6.0
47.5,Control,360.0,23,1,0.13333333333333333
47.5,Control,360.0,24,1,0.4
47.5,Control,360.0,29,1,1.2
47.5,Control,360.0,31,1,0.26666666666666666
47.5,Control,360.0,34,1,1.0666666666666667
47.5,Control,360.0,41,1,2.933333333333333
47.5,Control,390.0,0,1,2.666666666666667
47.5,Control,390.0,1,1,4.666666666666667
47.5,Control,390.0,2,1,5.6000000000000005
47.5,Control,390.0,3,1,9.466666666666667
47.5,Control,390.0,4,1,36.0
47.5,Control,390.0,5,1,2.1333333333333333
47.5,Control,390.0,9,1,0.6666666666666667
47.5,Control,390.0,17,1,2.8000000000000003
47.5,Control,390.0,19,1,0.9333333333333335
47.5,Control,390.0,20,1,3.5999999999999996
47.5,Control,390.0,22,1,21.333333333333336
47.5,Control,390.0,23,1,0.8
47.5,Control,390.0,33,1,0.6666666666666667
47.5,Control,390.0,38,1,4.533333333333333
47.5,Control,390.0,41,1,1.2
47.5,Control,390.0,54,1,1.3333333333333335
47.5,Control,390.0,76,1,1.6
47.5,Control,420.0,0,1,26.266666666666666
47.5,Control,420.0,2,1,3.733333333333334
47.5,Control,420.0,3,1,2.933333333333333
47.5,Control,420.0,4,1,14.000000000000002
47.5,Control,420.0,5,1,1.3333333333333335
47.5,Control,420.0,8,1,0.13333333333333333
47.5,Control,420.0,9,1,0.4
47.5,Control,420.0,12,1,2.1333333333333333
47.5,Control,420.0,16,1,0.13333333333333333
47.5,Control,420.0,17,1,1.0666666666666667
47.5,Control,420.0,20,1,8.266666666666666
47.5,Control,420.0,22,1,3.0666666666666664
47.5,Control,420.0,28,1,14.933333333333335
47.5,Control,420.0,30,1,0.26666666666666666
47.5,Control,420.0,35,1,3.2
47.5,Control,420.0,36,1,0.5333333333333333
47.5,Control,420.0,38,1,17.599999999999998
49.5,ELS,0.0,1,1,9.066666666666666
49.5,ELS,0.0,2,1,36.8
49.5,ELS,0.0,3,1,6.0
49.5,ELS,0.0,4,1,13.733333333333334
49.5,ELS,0.0,5,1,9.066666666666666
49.5,ELS,0.0,8,1,0.4
49.5,ELS,0.0,10,1,1.4666666666666666
49.5,ELS,0.0,12,1,3.8666666666666667
49.5,ELS,0.0,14,1,3.3333333333333335
49.5,ELS,0.0,19,1,2.0
49.5,ELS,0.0,21,1,1.7333333333333332
49.5,ELS,0.0,27,1,2.4
49.5,ELS,0.0,32,1,9.066666666666666
49.5,ELS,0.0,33,1,0.13333333333333333
49.5,ELS,0.0,35,1,0.9333333333333335
49.5,ELS,30.0,0,1,3.8666666666666667
49.5,ELS,30.0,1,1,43.06666666666666
49.5,ELS,30.0,2,1,9.6
49.5,ELS,30.0,3,1,20.4
49.5,ELS,30.0,5,1,6.0
49.5,ELS,30.0,7,1,4.0
49.5,ELS,30.0,8,1,0.13333333333333333
49.5,ELS,30.0,12,1,2.666666666666667
49.5,ELS,30.0,14,1,2.8000000000000003
49.5,ELS,30.0,15,1,2.4
49.5,ELS,30.0,19,1,0.6666666666666667
49.5,ELS,30.0,21,1,1.0666666666666667
49.5,ELS,30.0,25,1,3.3333333333333335
49.5,ELS,60.0,0,1,2.1333333333333333
49.5,ELS,60.0,1,1,26.8
49.5,ELS,60.0,2,1,20.4
49.5,ELS,60.0,3,1,27.46666666666667
49.5,ELS,60.0,5,1,4.0
49.5,ELS,60.0,7,1,1.3333333333333335
49.5,ELS,60.0,9,1,0.6666666666666667
49.5,ELS,60.0,10,1,1.2
49.5,ELS,60.0,12,1,1.3333333333333335
49.5,ELS,60.0,13,1,7.066666666666667
49.5,ELS,60.0,14,1,0.8
49.5,ELS,60.0,16,1,1.0666666666666667
49.5,ELS,60.0,19,1,0.8
49.5,ELS,60.0,27,1,2.666666666666667
49.5,ELS,60.0,32,1,2.2666666666666666
49.5,ELS,90.0,1,1,19.466666666666665
49.5,ELS,90.0,2,1,27.333333333333332
49.5,ELS,90.0,3,1,6.266666666666667
49.5,ELS,90.0,5,1,1.0666666666666667
49.5,ELS,90.0,7,1,4.666666666666667
49.5,ELS,90.0,8,1,0.5333333333333333
49.5,ELS,90.0,10,1,3.0666666666666664
49.5,ELS,90.0,11,1,4.266666666666667
49.5,ELS,90.0,12,1,2.666666666666667
49.5,ELS,90.0,14,1,6.666666666666667
49.5,ELS,90.0,16,1,0.13333333333333333
49.5,ELS,90.0,17,1,2.8000000000000003
49.5,ELS,90.0,20,1,4.266666666666667
49.5,ELS,90.0,25,1,4.0
49.5,ELS,90.0,37,1,12.8
49.5,ELS,120.0,1,1,14.000000000000002
49.5,ELS,120.0,2,1,24.133333333333333
49.5,ELS,120.0,5,1,3.8666666666666667
49.5,ELS,120.0,6,1,8.0
49.5,ELS,120.0,7,1,9.6
49.5,ELS,120.0,8,1,0.26666666666666666
49.5,ELS,120.0,10,1,2.933333333333333
49.5,ELS,120.0,11,1,1.2
49.5,ELS,120.0,12,1,1.4666666666666666
49.5,ELS,120.0,15,1,2.1333333333333333
49.5,ELS,120.0,16,1,4.133333333333333
49.5,ELS,120.0,27,1,13.066666666666665
49.5,ELS,120.0,37,1,5.2
49.5,ELS,120.0,59,1,0.4
49.5,ELS,120.0,111,1,9.6
49.5,ELS,150.0,1,1,6.266666666666667
49.5,ELS,150.0,2,1,27.73333333333333
49.5,ELS,150.0,3,1,6.266666666666667
49.5,ELS,150.0,4,1,3.3333333333333335
49.5,ELS,150.0,5,1,13.200000000000001
49.5,ELS,150.0,8,1,0.6666666666666667
49.5,ELS,150.0,9,1,1.4666666666666666
49.5,ELS,150.0,11,1,4.8
49.5,ELS,150.0,12,1,4.3999999999999995
49.5,ELS,150.0,14,1,6.533333333333332
49.5,ELS,150.0,15,1,0.6666666666666667
49.5,ELS,150.0,16,1,2.8000000000000003
49.5,ELS,150.0,19,1,0.5333333333333333
49.5,ELS,150.0,25,1,4.8
49.5,ELS,150.0,32,1,7.199999999999999
49.5,ELS,150.0,33,1,1.2
49.5,ELS,150.0,35,1,0.5333333333333333
49.5,ELS,150.0,68,1,1.3333333333333335
49.5,ELS,150.0,111,1,6.266666666666667
49.5,ELS,180.0,1,1,5.733333333333333
49.5,ELS,180.0,2,1,14.666666666666666
49.5,ELS,180.0,3,1,12.8
49.5,ELS,180.0,4,1,5.733333333333333
49.5,ELS,180.0,5,1,10.533333333333333
49.5,ELS,180.0,6,1,3.3333333333333335
49.5,ELS,180.0,8,1,2.2666666666666666
49.5,ELS,180.0,9,1,1.2
49.5,ELS,180.0,10,1,5.466666666666667
49.5,ELS,180.0,11,1,0.9333333333333335
49.5,ELS,180.0,14,1,1.0666666666666667
49.5,ELS,180.0,15,1,4.3999999999999995
49.5,ELS,180.0,16,1,2.8000000000000003
49.5,ELS,180.0,20,1,4.133333333333333
49.5,ELS,180.0,21,1,0.4
49.5,ELS,180.0,24,1,0.26666666666666666
49.5,ELS,180.0,25,1,1.7333333333333332
49.5,ELS,180.0,31,1,0.26666666666666666
49.5,ELS,180.0,32,1,10.133333333333333
49.5,ELS,180.0,33,1,1.2
49.5,ELS,180.0,34,1,1.7333333333333332
49.5,ELS,180.0,36,1,1.0666666666666667
49.5,ELS,180.0,78,1,1.0666666666666667
49.5,ELS,180.0,111,1,7.066666666666667
49.5,ELS,210.0,0,1,5.733333333333333
49.5,ELS,210.0,1,1,28.799999999999997
49.5,ELS,210.0,2,1,5.466666666666667
49.5,ELS,210.0,3,1,11.600000000000001
49.5,ELS,210.0,4,1,18.8
49.5,ELS,210.0,5,1,5.333333333333334
49.5,ELS,210.0,8,1,1.0666666666666667
49.5,ELS,210.0,9,1,0.4
49.5,ELS,210.0,10,1,1.3333333333333335
49.5,ELS,210.0,11,1,2.1333333333333333
49.5,ELS,210.0,12,1,1.4666666666666666
49.5,ELS,210.0,15,1,0.26666666666666666
49.5,ELS,210.0,16,1,0.8
49.5,ELS,210.0,19,1,5.333333333333334
49.5,ELS,210.0,20,1,4.133333333333333
49.5,ELS,210.0,24,1,0.4
49.5,ELS,210.0,30,1,0.9333333333333335
49.5,ELS,210.0,34,1,0.5333333333333333
49.5,ELS,210.0,38,1,5.466666666666667
49.5,ELS,240.0,0,1,2.8000000000000003
49.5,ELS,240.0,1,1,35.46666666666667
49.5,ELS,240.0,2,1,3.3333333333333335
49.5,ELS,240.0,4,1,0.26666666666666666
49.5,ELS,240.0,5,1,17.599999999999998
49.5,ELS,240.0,12,1,0.5333333333333333
49.5,ELS,240.0,14,1,8.4
49.5,ELS,240.0,15,1,1.4666666666666666
49.5,ELS,240.0,20,1,4.266666666666667
49.5,ELS,240.0,32,1,9.866666666666667
49.5,ELS,240.0,33,1,0.26666666666666666
49.5,ELS,240.0,37,1,15.733333333333333
49.5,ELS,270.0,0,1,4.0
49.5,ELS,270.0,1,1,15.2
49.5,ELS,270.0,2,1,15.866666666666667
49.5,ELS,270.0,4,1,4.3999999999999995
49.5,ELS,270.0,5,1,7.466666666666668
49.5,ELS,270.0,6,1,17.2
49.5,ELS,270.0,7,1,7.733333333333333
49.5,ELS,270.0,9,1,2.0
49.5,ELS,270.0,11,1,4.3999999999999995
49.5,ELS,270.0,14,1,7.199999999999999
49.5,ELS,270.0,15,1,1.0666666666666667
49.5,ELS,270.0,16,1,1.3333333333333335
49.5,ELS,270.0,20,1,2.666666666666667
49.5,ELS,270.0,23,1,0.9333333333333335
49.5,ELS,270.0,24,1,0.4
49.5,ELS,270.0,29,1,1.7333333333333332
49.5,ELS,270.0,35,1,1.0666666666666667
49.5,ELS,270.0,39,1,1.866666666666667
49.5,ELS,270.0,111,1,3.4666666666666663
49.5,ELS,300.0,0,1,8.933333333333334
49.5,ELS,300.0,1,1,27.6
49.5,ELS,300.0,3,1,4.133333333333333
49.5,ELS,300.0,13,1,13.733333333333334
49.5,ELS,300.0,14,1,1.3333333333333335
49.5,ELS,300.0,16,1,1.0666666666666667
49.5,ELS,300.0,17,1,1.866666666666667
49.5,ELS,300.0,20,1,4.0
49.5,ELS,300.0,23,1,1.2
49.5,ELS,300.0,27,1,12.133333333333333
49.5,ELS,300.0,37,1,24.0
49.5,ELS,330.0,0,1,5.2
49.5,ELS,330.0,1,1,13.866666666666665
49.5,ELS,330.0,2,1,18.666666666666668
49.5,ELS,330.0,3,1,12.0
49.5,ELS,330.0,6,1,31.6
49.5,ELS,330.0,7,1,3.0666666666666664
49.5,ELS,330.0,13,1,2.1333333333333333
49.5,ELS,330.0,20,1,3.4666666666666663
49.5,ELS,330.0,21,1,3.733333333333334
49.5,ELS,330.0,25,1,2.666666666666667
49.5,ELS,330.0,28,1,3.5999999999999996
49.5,ELS,360.0,0,1,19.066666666666666
49.5,ELS,360.0,1,1,54.13333333333333
49.5,ELS,360.0,3,1,5.2
49.5,ELS,360.0,4,1,0.6666666666666667
49.5,ELS,360.0,5,1,6.533333333333332
49.5,ELS,360.0,6,1,5.333333333333334
49.5,ELS,360.0,9,1,1.3333333333333335
49.5,ELS,360.0,10,1,0.9333333333333335
49.5,ELS,360.0,13,1,1.4666666666666666
49.5,ELS,360.0,16,1,0.8
49.5,ELS,360.0,19,1,1.7333333333333332
49.5,ELS,360.0,29,1,0.8
49.5,ELS,360.0,30,1,0.9333333333333335
49.5,ELS,360.0,34,1,1.0666666666666667
49.5,ELS,390.0,0,1,18.8
49.5,ELS,390.0,1,1,29.599999999999998
49.5,ELS,390.0,2,1,7.466666666666668
49.5,ELS,390.0,3,1,8.4
49.5,ELS,390.0,4,1,5.866666666666666
49.5,ELS,390.0,5,1,1.0666666666666667
49.5,ELS,390.0,7,1,2.4
49.5,ELS,390.0,15,1,0.8
49.5,ELS,390.0,20,1,10.133333333333333
49.5,ELS,390.0,25,1,2.8000000000000003
49.5,ELS,390.0,27,1,3.4666666666666663
49.5,ELS,390.0,28,1,5.733333333333333
49.5,ELS,390.0,30,1,2.0
49.5,ELS,390.0,33,1,0.13333333333333333
49.5,ELS,390.0,34,1,0.13333333333333333
49.5,ELS,390.0,41,1,0.4
49.5,ELS,390.0,79,1,0.5333333333333333
49.5,ELS,390.0,83,1,0.26666666666666666
49.5,ELS,420.0,0,1,24.266666666666666
49.5,ELS,420.0,1,1,12.133333333333333
49.5,ELS,420.0,2,1,5.2
49.5,ELS,420.0,4,1,7.466666666666668
49.5,ELS,420.0,5,1,1.2
49.5,ELS,420.0,6,1,4.933333333333334
49.5,ELS,420.0,7,1,3.3333333333333335
49.5,ELS,420.0,8,1,1.3333333333333335
49.5,ELS,420.0,9,1,1.0666666666666667
49.5,ELS,420.0,13,1,4.933333333333334
49.5,ELS,420.0,17,1,2.4
49.5,ELS,420.0,20,1,11.866666666666667
49.5,ELS,420.0,21,1,3.5999999999999996
49.5,ELS,420.0,22,1,12.533333333333333
49.5,ELS,420.0,32,1,3.733333333333334
49.6,ELS,0.0,0,1,0.5333333333333333
49.6,ELS,0.0,1,1,6.133333333333333
49.6,ELS,0.0,2,1,26.666666666666668
49.6,ELS,0.0,3,1,28.53333333333333
49.6,ELS,0.0,5,1,4.3999999999999995
49.6,ELS,0.0,10,1,5.466666666666667
49.6,ELS,0.0,12,1,2.933333333333333
49.6,ELS,0.0,14,1,4.0
49.6,ELS,0.0,15,1,3.5999999999999996
49.6,ELS,0.0,17,1,4.133333333333333
49.6,ELS,0.0,19,1,4.0
49.6,ELS,0.0,22,1,2.666666666666667
49.6,ELS,0.0,25,1,2.4
49.6,ELS,0.0,32,1,4.533333333333333
49.6,ELS,30.0,0,1,9.6
49.6,ELS,30.0,1,1,13.333333333333334
49.6,ELS,30.0,3,1,30.533333333333335
49.6,ELS,30.0,5,1,13.066666666666665
49.6,ELS,30.0,7,1,2.0
49.6,ELS,30.0,13,1,3.733333333333334
49.6,ELS,30.0,15,1,3.2
49.6,ELS,30.0,20,1,14.799999999999999
49.6,ELS,30.0,27,1,8.133333333333333
49.6,ELS,30.0,41,1,1.6
49.6,ELS,60.0,0,1,11.866666666666667
49.6,ELS,60.0,1,1,38.266666666666666
49.6,ELS,60.0,2,1,4.666666666666667
49.6,ELS,60.0,3,1,18.4
49.6,ELS,60.0,5,1,2.1333333333333333
49.6,ELS,60.0,7,1,2.4
49.6,ELS,60.0,10,1,1.0666666666666667
49.6,ELS,60.0,11,1,2.533333333333333
49.6,ELS,60.0,12,1,0.6666666666666667
49.6,ELS,60.0,14,1,3.8666666666666667
49.6,ELS,60.0,15,1,3.0666666666666664
49.6,ELS,60.0,16,1,0.9333333333333335
49.6,ELS,60.0,20,1,2.4
49.6,ELS,60.0,37,1,4.133333333333333
49.6,ELS,60.0,111,1,3.5999999999999996
49.6,ELS,90.0,0,1,8.933333333333334
49.6,ELS,90.0,1,1,6.4
49.6,ELS,90.0,2,1,17.2
49.6,ELS,90.0,3,1,9.866666666666667
49.6,ELS,90.0,4,1,4.533333333333333
49.6,ELS,90.0,5,1,13.600000000000001
49.6,ELS,90.0,6,1,8.4
49.6,ELS,90.0,7,1,1.4666666666666666
49.6,ELS,90.0,8,1,0.6666666666666667
49.6,ELS,90.0,9,1,0.6666666666666667
49.6,ELS,90.0,12,1,2.2666666666666666
49.6,ELS,90.0,16,1,0.4
49.6,ELS,90.0,17,1,5.466666666666667
49.6,ELS,90.0,19,1,0.8
49.6,ELS,90.0,21,1,1.7333333333333332
49.6,ELS,90.0,22,1,3.5999999999999996
49.6,ELS,90.0,28,1,5.733333333333333
49.6,ELS,90.0,37,1,3.0666666666666664
49.6,ELS,90.0,111,1,5.2
49.6,ELS,120.0,0,1,16.133333333333333
49.6,ELS,120.0,1,1,16.8
49.6,ELS,120.0,2,1,26.666666666666668
49.6,ELS,120.0,3,1,12.0
49.6,ELS,120.0,4,1,0.13333333333333333
49.6,ELS,120.0,5,1,2.1333333333333333
49.6,ELS,120.0,6,1,2.0
49.6,ELS,120.0,7,1,1.3333333333333335
49.6,ELS,120.0,8,1,0.8
49.6,ELS,120.0,10,1,7.733333333333333
49.6,ELS,120.0,11,1,1.4666666666666666
49.6,ELS,120.0,20,1,1.7333333333333332
49.6,ELS,120.0,21,1,2.2666666666666666
49.6,ELS,120.0,32,1,2.8000000000000003
49.6,ELS,120.0,33,1,0.9333333333333335
49.6,ELS,120.0,111,1,5.066666666666666
49.6,ELS,150.0,0,1,7.466666666666668
49.6,ELS,150.0,1,1,20.533333333333335
49.6,ELS,150.0,2,1,16.933333333333334
49.6,ELS,150.0,3,1,20.933333333333334
49.6,ELS,150.0,5,1,12.933333333333334
49.6,ELS,150.0,7,1,3.2
49.6,ELS,150.0,11,1,2.666666666666667
49.6,ELS,150.0,12,1,1.6
49.6,ELS,150.0,14,1,7.866666666666666
49.6,ELS,150.0,16,1,0.6666666666666667
49.6,ELS,150.0,17,1,1.2
49.6,ELS,150.0,19,1,1.0666666666666667
49.6,ELS,150.0,33,1,0.4
49.6,ELS,150.0,111,1,2.533333333333333
49.6,ELS,180.0,0,1,25.333333333333336
49.6,ELS,180.0,1,1,43.86666666666667
49.6,ELS,180.0,3,1,4.0
49.6,ELS,180.0,5,1,12.266666666666666
49.6,ELS,180.0,7,1,5.466666666666667
49.6,ELS,180.0,10,1,1.0666666666666667
49.6,ELS,180.0,15,1,0.9333333333333335
49.6,ELS,180.0,17,1,0.5333333333333333
49.6,ELS,180.0,23,1,1.0666666666666667
49.6,ELS,180.0,30,1,0.9333333333333335
49.6,ELS,180.0,31,1,0.26666666666666666
49.6,ELS,180.0,34,1,2.1333333333333333
49.6,ELS,180.0,35,1,1.2
49.6,ELS,180.0,74,1,0.9333333333333335
49.6,ELS,210.0,0,1,47.333333333333336
49.6,ELS,210.0,1,1,6.800000000000001
49.6,ELS,210.0,2,1,19.066666666666666
49.6,ELS,210.0,4,1,0.4
49.6,ELS,210.0,5,1,4.0
49.6,ELS,210.0,6,1,3.733333333333334
49.6,ELS,210.0,8,1,0.4
49.6,ELS,210.0,9,1,0.9333333333333335
49.6,ELS,210.0,10,1,6.266666666666667
49.6,ELS,210.0,17,1,1.3333333333333335
49.6,ELS,210.0,18,1,0.6666666666666667
49.6,ELS,210.0,20,1,1.6
49.6,ELS,210.0,23,1,1.0666666666666667
49.6,ELS,210.0,28,1,6.4
49.6,ELS,240.0,0,1,20.8
49.6,ELS,240.0,1,1,21.46666666666667
49.6,ELS,240.0,2,1,12.533333333333333
49.6,ELS,240.0,3,1,24.266666666666666
49.6,ELS,240.0,4,1,3.0666666666666664
49.6,ELS,240.0,5,1,1.6
49.6,ELS,240.0,6,1,5.466666666666667
49.6,ELS,240.0,8,1,0.5333333333333333
49.6,ELS,240.0,11,1,1.7333333333333332
49.6,ELS,240.0,13,1,6.266666666666667
49.6,ELS,240.0,15,1,0.4
49.6,ELS,240.0,17,1,1.7333333333333332
49.6,ELS,240.0,24,1,0.13333333333333333
49.6,ELS,270.0,0,1,42.266666666666666
49.6,ELS,270.0,1,1,5.466666666666667
49.6,ELS,270.0,2,1,1.866666666666667
49.6,ELS,270.0,3,1,31.066666666666663
49.6,ELS,270.0,4,1,0.5333333333333333
49.6,ELS,270.0,5,1,4.8
49.6,ELS,270.0,8,1,0.5333333333333333
49.6,ELS,270.0,9,1,0.8
49.6,ELS,270.0,12,1,0.6666666666666667
49.6,ELS,270.0,17,1,3.5999999999999996
49.6,ELS,270.0,23,1,1.866666666666667
49.6,ELS,270.0,24,1,0.4
49.6,ELS,270.0,25,1,0.5333333333333333
49.6,ELS,270.0,28,1,4.933333333333334
49.6,ELS,270.0,34,1,0.6666666666666667
49.6,ELS,300.0,0,1,49.2
49.6,ELS,300.0,1,1,5.333333333333334
49.6,ELS,300.0,2,1,4.266666666666667
49.6,ELS,300.0,3,1,2.666666666666667
49.6,ELS,300.0,5,1,3.733333333333334
49.6,ELS,300.0,6,1,1.3333333333333335
49.6,ELS,300.0,9,1,1.0666666666666667
49.6,ELS,300.0,11,1,0.8
49.6,ELS,300.0,17,1,2.4
49.6,ELS,300.0,20,1,6.266666666666667
49.6,ELS,300.0,22,1,3.5999999999999996
49.6,ELS,300.0,23,1,0.13333333333333333
49.6,ELS,300.0,28,1,19.2
49.6,ELS,330.0,0,1,61.33333333333333
49.6,ELS,330.0,1,1,6.133333333333333
49.6,ELS,330.0,5,1,4.0
49.6,ELS,330.0,6,1,3.4666666666666663
49.6,ELS,330.0,7,1,0.13333333333333333
49.6,ELS,330.0,10,1,1.7333333333333332
49.6,ELS,330.0,11,1,0.6666666666666667
49.6,ELS,330.0,15,1,0.26666666666666666
49.6,ELS,330.0,20,1,10.266666666666667
49.6,ELS,330.0,22,1,0.26666666666666666
49.6,ELS,330.0,28,1,11.733333333333333
49.6,ELS,360.0,0,1,48.53333333333333
49.6,ELS,360.0,1,1,5.066666666666666
49.6,ELS,360.0,3,1,1.866666666666667
49.6,ELS,360.0,6,1,3.4666666666666663
49.6,ELS,360.0,7,1,0.9333333333333335
49.6,ELS,360.0,12,1,0.6666666666666667
49.6,ELS,360.0,15,1,0.5333333333333333
49.6,ELS,360.0,16,1,0.4
49.6,ELS,360.0,20,1,10.0
49.6,ELS,360.0,23,1,0.6666666666666667
49.6,ELS,360.0,28,1,23.333333333333332
49.6,ELS,360.0,29,1,0.6666666666666667
49.6,ELS,360.0,30,1,0.6666666666666667
49.6,ELS,360.0,31,1,1.0666666666666667
49.6,ELS,360.0,34,1,2.1333333333333333
49.6,ELS,390.0,0,1,60.53333333333333
49.6,ELS,390.0,1,1,7.333333333333333
49.6,ELS,390.0,3,1,3.5999999999999996
49.6,ELS,390.0,5,1,3.5999999999999996
49.6,ELS,390.0,6,1,4.8
49.6,ELS,390.0,7,1,0.26666666666666666
49.6,ELS,390.0,8,1,0.13333333333333333
49.6,ELS,390.0,15,1,1.0666666666666667
49.6,ELS,390.0,22,1,0.4
49.6,ELS,390.0,23,1,0.5333333333333333
49.6,ELS,390.0,28,1,7.6
49.6,ELS,390.0,32,1,1.6
49.6,ELS,390.0,40,1,2.2666666666666666
49.6,ELS,390.0,49,1,0.6666666666666667
49.6,ELS,390.0,111,1,5.6000000000000005
49.6,ELS,420.0,0,1,80.53333333333333
49.6,ELS,420.0,1,1,8.533333333333333
49.6,ELS,420.0,3,1,2.533333333333333
49.6,ELS,420.0,4,1,1.3333333333333335
49.6,ELS,420.0,6,1,3.4666666666666663
49.6,ELS,420.0,65,1,3.5999999999999996
5.4,Control,0.0,1,1,12.533333333333333
5.4,Control,0.0,2,1,10.933333333333334
5.4,Control,0.0,3,1,40.8
5.4,Control,0.0,4,1,6.0
5.4,Control,0.0,7,1,2.666666666666667
5.4,Control,0.0,8,1,0.8
5.4,Control,0.0,13,1,2.1333333333333333
5.4,Control,0.0,17,1,4.0
5.4,Control,0.0,18,1,8.266666666666666
5.4,Control,0.0,22,1,1.4666666666666666
5.4,Control,0.0,24,1,1.866666666666667
5.4,Control,0.0,25,1,5.866666666666666
5.4,Control,0.0,31,1,2.0
5.4,Control,0.0,36,1,0.13333333333333333
5.4,Control,0.0,38,1,0.5333333333333333
5.4,Control,30.0,1,1,12.666666666666668
5.4,Control,30.0,2,1,9.066666666666666
5.4,Control,30.0,3,1,36.266666666666666
5.4,Control,30.0,4,1,4.8
5.4,Control,30.0,5,1,3.733333333333334
5.4,Control,30.0,6,1,5.2
5.4,Control,30.0,8,1,1.4666666666666666
5.4,Control,30.0,9,1,2.0
5.4,Control,30.0,12,1,0.26666666666666666
5.4,Control,30.0,17,1,11.866666666666667
5.4,Control,30.0,18,1,2.4
5.4,Control,30.0,21,1,3.2
5.4,Control,30.0,23,1,0.5333333333333333
5.4,Control,30.0,31,1,3.3333333333333335
5.4,Control,30.0,39,1,1.6
5.4,Control,30.0,111,1,1.6
5.4,Control,60.0,1,1,6.666666666666667
5.4,Control,60.0,2,1,18.4
5.4,Control,60.0,3,1,2.933333333333333
5.4,Control,60.0,4,1,5.866666666666666
5.4,Control,60.0,5,1,4.8
5.4,Control,60.0,6,1,4.133333333333333
5.4,Control,60.0,7,1,2.8000000000000003
5.4,Control,60.0,8,1,4.8
5.4,Control,60.0,9,1,0.26666666666666666
5.4,Control,60.0,12,1,0.8
5.4,Control,60.0,16,1,0.5333333333333333
5.4,Control,60.0,27,1,7.733333333333333
5.4,Control,60.0,29,1,0.6666666666666667
5.4,Control,60.0,31,1,0.5333333333333333
5.4,Control,60.0,32,1,7.866666666666666
5.4,Control,60.0,35,1,7.199999999999999
5.4,Control,60.0,36,1,1.866666666666667
5.4,Control,60.0,38,1,8.799999999999999
5.4,Control,60.0,39,1,1.2
5.4,Control,60.0,111,1,12.133333333333333
5.4,Control,90.0,0,1,12.266666666666666
5.4,Control,90.0,1,1,27.066666666666666
5.4,Control,90.0,3,1,35.6
5.4,Control,90.0,4,1,11.600000000000001
5.4,Control,90.0,6,1,2.533333333333333
5.4,Control,90.0,7,1,1.6
5.4,Control,90.0,11,1,0.26666666666666666
5.4,Control,90.0,22,1,1.6
5.4,Control,90.0,24,1,0.8
5.4,Control,90.0,27,1,6.666666666666667
5.4,Control,120.0,0,1,4.3999999999999995
5.4,Control,120.0,1,1,39.2
5.4,Control,120.0,3,1,17.466666666666665
5.4,Control,120.0,5,1,10.666666666666668
5.4,Control,120.0,6,1,16.666666666666664
5.4,Control,120.0,15,1,0.8
5.4,Control,120.0,20,1,4.133333333333333
5.4,Control,120.0,111,1,6.666666666666667
5.4,Control,150.0,0,1,6.666666666666667
5.4,Control,150.0,1,1,26.400000000000002
5.4,Control,150.0,2,1,3.5999999999999996
5.4,Control,150.0,3,1,38.0
5.4,Control,150.0,5,1,6.533333333333332
5.4,Control,150.0,11,1,1.2
5.4,Control,150.0,12,1,0.8
5.4,Control,150.0,20,1,3.0666666666666664
5.4,Control,150.0,111,1,13.733333333333334
5.4,Control,180.0,0,1,4.666666666666667
5.4,Control,180.0,1,1,17.2
5.4,Control,180.0,2,1,40.93333333333333
5.4,Control,180.0,3,1,3.3333333333333335
5.4,Control,180.0,5,1,0.6666666666666667
5.4,Control,180.0,6,1,5.6000000000000005
5.4,Control,180.0,9,1,2.8000000000000003
5.4,Control,180.0,11,1,1.2
5.4,Control,180.0,14,1,1.0666666666666667
5.4,Control,180.0,15,1,1.3333333333333335
5.4,Control,180.0,17,1,0.9333333333333335
5.4,Control,180.0,20,1,2.933333333333333
5.4,Control,180.0,22,1,1.7333333333333332
5.4,Control,180.0,29,1,0.8
5.4,Control,180.0,30,1,1.4666666666666666
5.4,Control,180.0,32,1,1.2
5.4,Control,180.0,46,1,1.2
5.4,Control,180.0,111,1,10.933333333333334
5.4,Control,210.0,0,1,44.4
5.4,Control,210.0,1,1,21.46666666666667
5.4,Control,210.0,3,1,5.6000000000000005
5.4,Control,210.0,4,1,3.5999999999999996
5.4,Control,210.0,5,1,4.8
5.4,Control,210.0,9,1,0.8
5.4,Control,210.0,12,1,0.9333333333333335
5.4,Control,210.0,13,1,7.733333333333333
5.4,Control,210.0,17,1,2.533333333333333
5.4,Control,210.0,24,1,0.26666666666666666
5.4,Control,210.0,26,1,6.533333333333332
5.4,Control,210.0,29,1,0.26666666666666666
5.4,Control,210.0,34,1,1.0666666666666667
5.4,Control,240.0,0,1,63.6
5.4,Control,240.0,1,1,21.6
5.4,Control,240.0,3,1,2.0
5.4,Control,240.0,13,1,10.266666666666667
5.4,Control,240.0,26,1,2.533333333333333
5.4,Control,270.0,0,1,41.46666666666667
5.4,Control,270.0,1,1,23.066666666666666
5.4,Control,270.0,2,1,8.133333333333333
5.4,Control,270.0,3,1,9.733333333333333
5.4,Control,270.0,5,1,0.4
5.4,Control,270.0,11,1,0.13333333333333333
5.4,Control,270.0,13,1,6.533333333333332
5.4,Control,270.0,19,1,0.4
5.4,Control,270.0,26,1,5.866666666666666
5.4,Control,270.0,29,1,2.0
5.4,Control,270.0,30,1,0.5333333333333333
5.4,Control,270.0,35,1,1.7333333333333332
5.4,Control,300.0,0,1,38.93333333333333
5.4,Control,300.0,1,1,31.866666666666667
5.4,Control,300.0,2,1,6.133333333333333
5.4,Control,300.0,3,1,5.066666666666666
5.4,Control,300.0,5,1,1.4666666666666666
5.4,Control,300.0,6,1,16.266666666666666
5.4,Control,300.0,11,1,0.26666666666666666
5.4,Control,330.0,0,1,48.8
5.4,Control,330.0,1,1,22.53333333333333
5.4,Control,330.0,6,1,9.333333333333334
5.4,Control,330.0,13,1,19.333333333333332
5.4,Control,360.0,0,1,27.6
5.4,Control,360.0,1,1,23.733333333333334
5.4,Control,360.0,3,1,9.466666666666667
5.4,Control,360.0,5,1,3.0666666666666664
5.4,Control,360.0,6,1,14.000000000000002
5.4,Control,360.0,9,1,0.8
5.4,Control,360.0,10,1,0.8
5.4,Control,360.0,13,1,1.0666666666666667
5.4,Control,360.0,18,1,8.266666666666666
5.4,Control,360.0,27,1,4.3999999999999995
5.4,Control,360.0,30,1,2.2666666666666666
5.4,Control,360.0,31,1,0.9333333333333335
5.4,Control,360.0,33,1,1.2
5.4,Control,360.0,34,1,1.0666666666666667
5.4,Control,360.0,77,1,1.3333333333333335
5.4,Control,390.0,0,1,49.333333333333336
5.4,Control,390.0,1,1,8.533333333333333
5.4,Control,390.0,3,1,16.266666666666666
5.4,Control,390.0,4,1,0.6666666666666667
5.4,Control,390.0,6,1,5.733333333333333
5.4,Control,390.0,9,1,0.5333333333333333
5.4,Control,390.0,10,1,1.2
5.4,Control,390.0,13,1,17.733333333333334
5.4,Control,420.0,0,1,50.8
5.4,Control,420.0,1,1,18.8
5.4,Control,420.0,3,1,1.866666666666667
5.4,Control,420.0,4,1,8.666666666666668
5.4,Control,420.0,8,1,0.4
5.4,Control,420.0,10,1,0.26666666666666666
5.4,Control,420.0,13,1,15.733333333333333
5.4,Control,420.0,24,1,0.6666666666666667
5.4,Control,420.0,32,1,1.6
5.4,Control,420.0,33,1,0.4
5.4,Control,420.0,53,1,0.8
50.5,Control,0.0,1,1,9.333333333333334
50.5,Control,0.0,2,1,42.66666666666667
50.5,Control,0.0,3,1,14.399999999999999
50.5,Control,0.0,4,1,0.6666666666666667
50.5,Control,0.0,12,1,3.8666666666666667
50.5,Control,0.0,14,1,6.666666666666667
50.5,Control,0.0,19,1,1.7333333333333332
50.5,Control,0.0,20,1,2.8000000000000003
50.5,Control,0.0,37,1,13.866666666666665
50.5,Control,0.0,41,1,1.4666666666666666
50.5,Control,0.0,58,1,2.533333333333333
50.5,Control,30.0,1,1,36.0
50.5,Control,30.0,2,1,30.266666666666666
50.5,Control,30.0,6,1,3.2
50.5,Control,30.0,7,1,2.666666666666667
50.5,Control,30.0,10,1,11.466666666666667
50.5,Control,30.0,12,1,1.6
50.5,Control,30.0,14,1,8.666666666666668
50.5,Control,30.0,21,1,1.6
50.5,Control,30.0,27,1,4.533333333333333
50.5,Control,60.0,1,1,51.33333333333333
50.5,Control,60.0,2,1,21.866666666666667
50.5,Control,60.0,3,1,2.1333333333333333
50.5,Control,60.0,5,1,2.4
50.5,Control,60.0,7,1,2.933333333333333
50.5,Control,60.0,9,1,1.3333333333333335
50.5,Control,60.0,10,1,2.666666666666667
50.5,Control,60.0,12,1,5.2
50.5,Control,60.0,14,1,3.3333333333333335
50.5,Control,60.0,19,1,0.6666666666666667
50.5,Control,60.0,27,1,3.733333333333334
50.5,Control,60.0,32,1,2.4
50.5,Control,90.0,0,1,17.2
50.5,Control,90.0,1,1,43.46666666666666
50.5,Control,90.0,2,1,1.7333333333333332
50.5,Control,90.0,3,1,0.5333333333333333
50.5,Control,90.0,5,1,0.8
50.5,Control,90.0,7,1,4.266666666666667
50.5,Control,90.0,9,1,1.2
50.5,Control,90.0,13,1,10.266666666666667
50.5,Control,90.0,14,1,3.5999999999999996
50.5,Control,90.0,17,1,1.2
50.5,Control,90.0,18,1,5.6000000000000005
50.5,Control,90.0,20,1,2.2666666666666666
50.5,Control,90.0,22,1,0.9333333333333335
50.5,Control,90.0,43,1,0.6666666666666667
50.5,Control,90.0,111,1,6.266666666666667
50.5,Control,120.0,0,1,2.1333333333333333
50.5,Control,120.0,1,1,7.866666666666666
50.5,Control,120.0,2,1,5.2
50.5,Control,120.0,3,1,10.666666666666668
50.5,Control,120.0,4,1,2.4
50.5,Control,120.0,5,1,7.199999999999999
50.5,Control,120.0,6,1,2.533333333333333
50.5,Control,120.0,9,1,2.4
50.5,Control,120.0,10,1,5.2
50.5,Control,120.0,13,1,9.6
50.5,Control,120.0,14,1,6.4
50.5,Control,120.0,20,1,12.4
50.5,Control,120.0,28,1,13.200000000000001
50.5,Control,120.0,111,1,12.8
50.5,Control,150.0,0,1,25.333333333333336
50.5,Control,150.0,1,1,8.0
50.5,Control,150.0,2,1,2.1333333333333333
50.5,Control,150.0,3,1,17.733333333333334
50.5,Control,150.0,4,1,3.0666666666666664
50.5,Control,150.0,5,1,0.5333333333333333
50.5,Control,150.0,6,1,6.4
50.5,Control,150.0,9,1,0.13333333333333333
50.5,Control,150.0,10,1,6.4
50.5,Control,150.0,12,1,1.6
50.5,Control,150.0,14,1,7.199999999999999
50.5,Control,150.0,19,1,1.3333333333333335
50.5,Control,150.0,20,1,4.0
50.5,Control,150.0,28,1,2.2666666666666666
50.5,Control,150.0,111,1,13.866666666666665
50.5,Control,180.0,0,1,9.866666666666667
50.5,Control,180.0,1,1,2.8000000000000003
50.5,Control,180.0,2,1,19.6
50.5,Control,180.0,3,1,16.666666666666664
50.5,Control,180.0,4,1,1.866666666666667
50.5,Control,180.0,5,1,1.4666666666666666
50.5,Control,180.0,6,1,2.0
50.5,Control,180.0,7,1,8.533333333333333
50.5,Control,180.0,9,1,0.9333333333333335
50.5,Control,180.0,10,1,6.800000000000001
50.5,Control,180.0,13,1,2.2666666666666666
50.5,Control,180.0,14,1,2.1333333333333333
50.5,Control,180.0,16,1,1.3333333333333335
50.5,Control,180.0,19,1,0.4
50.5,Control,180.0,20,1,4.133333333333333
50.5,Control,180.0,22,1,5.333333333333334
50.5,Control,180.0,23,1,0.8
50.5,Control,180.0,28,1,6.0
50.5,Control,180.0,29,1,1.2
50.5,Control,180.0,30,1,0.26666666666666666
50.5,Control,180.0,36,1,1.0666666666666667
50.5,Control,180.0,111,1,4.533333333333333
50.5,Control,210.0,0,1,21.73333333333333
50.5,Control,210.0,1,1,22.933333333333334
50.5,Control,210.0,3,1,8.799999999999999
50.5,Control,210.0,4,1,11.200000000000001
50.5,Control,210.0,5,1,1.3333333333333335
50.5,Control,210.0,7,1,1.6
50.5,Control,210.0,8,1,2.533333333333333
50.5,Control,210.0,9,1,2.533333333333333
50.5,Control,210.0,11,1,0.26666666666666666
50.5,Control,210.0,15,1,0.4
50.5,Control,210.0,19,1,0.6666666666666667
50.5,Control,210.0,22,1,2.533333333333333
50.5,Control,210.0,28,1,14.533333333333335
50.5,Control,210.0,30,1,2.666666666666667
50.5,Control,210.0,32,1,6.0
50.5,Control,210.0,33,1,0.26666666666666666
50.5,Control,240.0,0,1,9.733333333333333
50.5,Control,240.0,1,1,9.333333333333334
50.5,Control,240.0,2,1,1.7333333333333332
50.5,Control,240.0,3,1,17.2
50.5,Control,240.0,4,1,0.26666666666666666
50.5,Control,240.0,5,1,8.933333333333334
50.5,Control,240.0,6,1,2.0
50.5,Control,240.0,7,1,4.3999999999999995
50.5,Control,240.0,8,1,0.8
50.5,Control,240.0,9,1,0.8
50.5,Control,240.0,10,1,5.333333333333334
50.5,Control,240.0,11,1,0.26666666666666666
50.5,Control,240.0,13,1,2.666666666666667
50.5,Control,240.0,14,1,2.666666666666667
50.5,Control,240.0,19,1,2.1333333333333333
50.5,Control,240.0,20,1,5.333333333333334
50.5,Control,240.0,22,1,2.666666666666667
50.5,Control,240.0,28,1,8.0
50.5,Control,240.0,31,1,0.8
50.5,Control,240.0,32,1,1.3333333333333335
50.5,Control,240.0,37,1,13.600000000000001
50.5,Control,270.0,0,1,24.53333333333333
50.5,Control,270.0,1,1,19.333333333333332
50.5,Control,270.0,2,1,6.933333333333333
50.5,Control,270.0,3,1,8.133333333333333
50.5,Control,270.0,5,1,6.533333333333332
50.5,Control,270.0,7,1,1.4666666666666666
50.5,Control,270.0,11,1,1.4666666666666666
50.5,Control,270.0,12,1,0.5333333333333333
50.5,Control,270.0,15,1,2.2666666666666666
50.5,Control,270.0,20,1,7.6
50.5,Control,270.0,22,1,4.533333333333333
50.5,Control,270.0,28,1,9.2
50.5,Control,270.0,111,1,7.466666666666668
50.5,Control,300.0,0,1,41.86666666666667
50.5,Control,300.0,1,1,22.26666666666667
50.5,Control,300.0,2,1,1.6
50.5,Control,300.0,3,1,2.8000000000000003
50.5,Control,300.0,4,1,3.2
50.5,Control,300.0,5,1,0.4
50.5,Control,300.0,6,1,1.866666666666667
50.5,Control,300.0,11,1,2.0
50.5,Control,300.0,12,1,1.6
50.5,Control,300.0,13,1,10.4
50.5,Control,300.0,20,1,6.933333333333333
50.5,Control,300.0,28,1,5.066666666666666
50.5,Control,330.0,0,1,74.66666666666667
50.5,Control,330.0,1,1,19.866666666666667
50.5,Control,330.0,3,1,5.066666666666666
50.5,Control,330.0,5,1,0.4
50.5,Control,360.0,0,1,69.86666666666666
50.5,Control,360.0,1,1,5.333333333333334
50.5,Control,360.0,3,1,4.933333333333334
50.5,Control,360.0,6,1,13.600000000000001
50.5,Control,360.0,19,1,3.4666666666666663
50.5,Control,360.0,21,1,1.0666666666666667
50.5,Control,360.0,29,1,0.9333333333333335
50.5,Control,360.0,30,1,0.8
50.5,Control,390.0,0,1,62.4
50.5,Control,390.0,1,1,21.333333333333336
50.5,Control,390.0,2,1,1.6
50.5,Control,390.0,3,1,1.0666666666666667
50.5,Control,390.0,4,1,3.0666666666666664
50.5,Control,390.0,5,1,2.2666666666666666
50.5,Control,390.0,12,1,2.0
50.5,Control,390.0,21,1,0.13333333333333333
50.5,Control,390.0,111,1,6.133333333333333
50.5,Control,420.0,0,1,48.66666666666667
50.5,Control,420.0,1,1,15.466666666666667
50.5,Control,420.0,3,1,7.866666666666666
50.5,Control,420.0,4,1,2.4
50.5,Control,420.0,6,1,3.8666666666666667
50.5,Control,420.0,8,1,0.4
50.5,Control,420.0,9,1,0.13333333333333333
50.5,Control,420.0,10,1,1.0666666666666667
50.5,Control,420.0,12,1,1.2
50.5,Control,420.0,13,1,3.0666666666666664
50.5,Control,420.0,17,1,3.2
50.5,Control,420.0,20,1,6.133333333333333
50.5,Control,420.0,22,1,3.4666666666666663
50.5,Control,420.0,25,1,1.2
50.5,Control,420.0,35,1,1.866666666666667
53.5,Control,0.0,0,1,9.2
53.5,Control,0.0,1,1,14.799999999999999
53.5,Control,0.0,2,1,30.0
53.5,Control,0.0,3,1,12.133333333333333
53.5,Control,0.0,4,1,3.3333333333333335
53.5,Control,0.0,5,1,1.4666666666666666
53.5,Control,0.0,9,1,1.7333333333333332
53.5,Control,0.0,10,1,2.2666666666666666
53.5,Control,0.0,11,1,3.0666666666666664
53.5,Control,0.0,12,1,3.733333333333334
53.5,Control,0.0,14,1,9.2
53.5,Control,0.0,15,1,2.533333333333333
53.5,Control,0.0,19,1,2.0
53.5,Control,0.0,22,1,0.6666666666666667
53.5,Control,0.0,25,1,3.4666666666666663
53.5,Control,0.0,94,1,0.4
53.5,Control,30.0,1,1,12.4
53.5,Control,30.0,2,1,21.2
53.5,Control,30.0,3,1,14.133333333333335
53.5,Control,30.0,4,1,2.0
53.5,Control,30.0,5,1,12.533333333333333
53.5,Control,30.0,7,1,5.2
53.5,Control,30.0,9,1,1.2
53.5,Control,30.0,10,1,4.8
53.5,Control,30.0,11,1,0.5333333333333333
53.5,Control,30.0,12,1,2.2666666666666666
53.5,Control,30.0,13,1,5.466666666666667
53.5,Control,30.0,14,1,4.0
53.5,Control,30.0,15,1,2.8000000000000003
53.5,Control,30.0,19,1,1.7333333333333332
53.5,Control,30.0,22,1,4.533333333333333
53.5,Control,30.0,29,1,0.13333333333333333
53.5,Control,30.0,30,1,0.13333333333333333
53.5,Control,30.0,31,1,0.4
53.5,Control,30.0,33,1,0.26666666666666666
53.5,Control,30.0,111,1,4.266666666666667
53.5,Control,60.0,0,1,1.0666666666666667
53.5,Control,60.0,1,1,17.466666666666665
53.5,Control,60.0,2,1,18.933333333333334
53.5,Control,60.0,3,1,21.866666666666667
53.5,Control,60.0,5,1,18.53333333333333
53.5,Control,60.0,7,1,1.866666666666667
53.5,Control,60.0,11,1,0.13333333333333333
53.5,Control,60.0,14,1,4.0
53.5,Control,60.0,15,1,1.6
53.5,Control,60.0,19,1,1.7333333333333332
53.5,Control,60.0,28,1,3.4666666666666663
53.5,Control,60.0,111,1,9.333333333333334
53.5,Control,90.0,0,1,4.933333333333334
53.5,Control,90.0,1,1,11.200000000000001
53.5,Control,90.0,2,1,6.266666666666667
53.5,Control,90.0,3,1,10.533333333333333
53.5,Control,90.0,4,1,20.4
53.5,Control,90.0,5,1,4.266666666666667
53.5,Control,90.0,7,1,2.2666666666666666
53.5,Control,90.0,8,1,0.13333333333333333
53.5,Control,90.0,9,1,0.8
53.5,Control,90.0,10,1,6.666666666666667
53.5,Control,90.0,12,1,1.6
53.5,Control,90.0,14,1,6.0
53.5,Control,90.0,17,1,6.266666666666667
53.5,Control,90.0,21,1,1.866666666666667
53.5,Control,90.0,23,1,0.8
53.5,Control,90.0,31,1,0.4
53.5,Control,90.0,32,1,3.733333333333334
53.5,Control,90.0,50,1,1.866666666666667
53.5,Control,90.0,66,1,0.6666666666666667
53.5,Control,90.0,71,1,0.26666666666666666
53.5,Control,90.0,111,1,9.066666666666666
53.5,Control,120.0,0,1,4.533333333333333
53.5,Control,120.0,1,1,12.933333333333334
53.5,Control,120.0,2,1,22.26666666666667
53.5,Control,120.0,3,1,9.733333333333333
53.5,Control,120.0,4,1,1.3333333333333335
53.5,Control,120.0,5,1,9.2
53.5,Control,120.0,6,1,4.133333333333333
53.5,Control,120.0,7,1,1.866666666666667
53.5,Control,120.0,9,1,0.5333333333333333
53.5,Control,120.0,10,1,5.733333333333333
53.5,Control,120.0,11,1,0.9333333333333335
53.5,Control,120.0,12,1,2.533333333333333
53.5,Control,120.0,14,1,7.466666666666668
53.5,Control,120.0,15,1,1.4666666666666666
53.5,Control,120.0,21,1,3.2
53.5,Control,120.0,31,1,1.2
53.5,Control,120.0,111,1,10.933333333333334
53.5,Control,150.0,0,1,4.933333333333334
53.5,Control,150.0,1,1,12.8
53.5,Control,150.0,2,1,32.13333333333333
53.5,Control,150.0,3,1,5.6000000000000005
53.5,Control,150.0,10,1,1.2
53.5,Control,150.0,11,1,2.2666666666666666
53.5,Control,150.0,12,1,1.3333333333333335
53.5,Control,150.0,14,1,3.3333333333333335
53.5,Control,150.0,15,1,1.7333333333333332
53.5,Control,150.0,16,1,0.6666666666666667
53.5,Control,150.0,19,1,2.4
53.5,Control,150.0,20,1,3.2
53.5,Control,150.0,22,1,5.6000000000000005
53.5,Control,150.0,25,1,7.733333333333333
53.5,Control,150.0,27,1,6.933333333333333
53.5,Control,150.0,111,1,8.133333333333333
53.5,Control,180.0,0,1,6.666666666666667
53.5,Control,180.0,1,1,20.666666666666668
53.5,Control,180.0,2,1,7.6
53.5,Control,180.0,3,1,5.466666666666667
53.5,Control,180.0,4,1,0.13333333333333333
53.5,Control,180.0,5,1,2.8000000000000003
53.5,Control,180.0,7,1,0.8
53.5,Control,180.0,8,1,1.4666666666666666
53.5,Control,180.0,9,1,4.0
53.5,Control,180.0,10,1,8.266666666666666
53.5,Control,180.0,11,1,3.733333333333334
53.5,Control,180.0,14,1,11.200000000000001
53.5,Control,180.0,15,1,1.6
53.5,Control,180.0,16,1,2.2666666666666666
53.5,Control,180.0,20,1,12.266666666666666
53.5,Control,180.0,22,1,1.3333333333333335
53.5,Control,180.0,23,1,0.13333333333333333
53.5,Control,180.0,25,1,2.4
53.5,Control,180.0,28,1,1.4666666666666666
53.5,Control,180.0,30,1,1.6
53.5,Control,180.0,31,1,0.4
53.5,Control,180.0,111,1,3.733333333333334
53.5,Control,210.0,0,1,33.86666666666667
53.5,Control,210.0,1,1,11.600000000000001
53.5,Control,210.0,2,1,1.7333333333333332
53.5,Control,210.0,3,1,4.533333333333333
53.5,Control,210.0,4,1,14.266666666666666
53.5,Control,210.0,5,1,1.7333333333333332
53.5,Control,210.0,6,1,2.0
53.5,Control,210.0,7,1,3.733333333333334
53.5,Control,210.0,9,1,0.4
53.5,Control,210.0,12,1,3.0666666666666664
53.5,Control,210.0,13,1,1.2
53.5,Control,210.0,14,1,2.4
53.5,Control,210.0,15,1,1.0666666666666667
53.5,Control,210.0,17,1,1.4666666666666666
53.5,Control,210.0,22,1,11.600000000000001
53.5,Control,210.0,24,1,0.8
53.5,Control,210.0,28,1,3.0666666666666664
53.5,Control,210.0,33,1,1.4666666666666666
53.5,Control,240.0,0,1,6.533333333333332
53.5,Control,240.0,1,1,19.6
53.5,Control,240.0,2,1,13.066666666666665
53.5,Control,240.0,3,1,14.533333333333335
53.5,Control,240.0,4,1,0.9333333333333335
53.5,Control,240.0,6,1,4.266666666666667
53.5,Control,240.0,7,1,1.2
53.5,Control,240.0,8,1,3.733333333333334
53.5,Control,240.0,10,1,8.533333333333333
53.5,Control,240.0,12,1,2.0
53.5,Control,240.0,14,1,0.4
53.5,Control,240.0,17,1,1.7333333333333332
53.5,Control,240.0,20,1,6.533333333333332
53.5,Control,240.0,22,1,3.733333333333334
53.5,Control,240.0,25,1,3.2
53.5,Control,240.0,31,1,1.7333333333333332
53.5,Control,240.0,33,1,0.5333333333333333
53.5,Control,240.0,35,1,1.2
53.5,Control,240.0,111,1,6.533333333333332
53.5,Control,270.0,0,1,15.733333333333333
53.5,Control,270.0,1,1,22.400000000000002
53.5,Control,270.0,3,1,6.666666666666667
53.5,Control,270.0,4,1,6.0
53.5,Control,270.0,5,1,20.266666666666666
53.5,Control,270.0,6,1,1.866666666666667
53.5,Control,270.0,7,1,4.933333333333334
53.5,Control,270.0,8,1,0.6666666666666667
53.5,Control,270.0,9,1,0.5333333333333333
53.5,Control,270.0,10,1,3.3333333333333335
53.5,Control,270.0,11,1,0.8
53.5,Control,270.0,14,1,3.2
53.5,Control,270.0,15,1,3.3333333333333335
53.5,Control,270.0,19,1,2.2666666666666666
53.5,Control,270.0,21,1,0.5333333333333333
53.5,Control,270.0,25,1,1.2
53.5,Control,270.0,29,1,0.13333333333333333
53.5,Control,270.0,30,1,2.4
53.5,Control,270.0,31,1,1.2
53.5,Control,270.0,32,1,2.533333333333333
53.5,Control,300.0,0,1,42.66666666666667
53.5,Control,300.0,1,1,5.6000000000000005
53.5,Control,300.0,3,1,1.866666666666667
53.5,Control,300.0,4,1,6.933333333333333
53.5,Control,300.0,5,1,3.4666666666666663
53.5,Control,300.0,6,1,3.5999999999999996
53.5,Control,300.0,8,1,1.2
53.5,Control,300.0,9,1,1.3333333333333335
53.5,Control,300.0,12,1,0.26666666666666666
53.5,Control,300.0,16,1,0.6666666666666667
53.5,Control,300.0,17,1,0.8
53.5,Control,300.0,20,1,1.866666666666667
53.5,Control,300.0,23,1,1.7333333333333332
53.5,Control,300.0,28,1,5.2
53.5,Control,300.0,31,1,2.666666666666667
53.5,Control,300.0,33,1,0.8
53.5,Control,300.0,35,1,2.1333333333333333
53.5,Control,300.0,38,1,5.466666666666667
53.5,Control,300.0,42,1,3.4666666666666663
53.5,Control,300.0,111,1,8.266666666666666
53.5,Control,330.0,0,1,58.4
53.5,Control,330.0,1,1,22.8
53.5,Control,330.0,3,1,12.533333333333333
53.5,Control,330.0,5,1,3.733333333333334
53.5,Control,330.0,6,1,2.1333333333333333
53.5,Control,330.0,10,1,0.4
53.5,Control,360.0,0,1,48.66666666666667
53.5,Control,360.0,1,1,7.866666666666666
53.5,Control,360.0,2,1,5.466666666666667
53.5,Control,360.0,3,1,9.733333333333333
53.5,Control,360.0,5,1,3.4666666666666663
53.5,Control,360.0,6,1,5.866666666666666
53.5,Control,360.0,9,1,0.4
53.5,Control,360.0,13,1,2.8000000000000003
53.5,Control,360.0,19,1,0.6666666666666667
53.5,Control,360.0,22,1,1.7333333333333332
53.5,Control,360.0,23,1,2.666666666666667
53.5,Control,360.0,28,1,7.466666666666668
53.5,Control,360.0,30,1,2.4
53.5,Control,360.0,61,1,0.8
53.5,Control,390.0,0,1,45.06666666666666
53.5,Control,390.0,1,1,3.3333333333333335
53.5,Control,390.0,2,1,0.8
53.5,Control,390.0,3,1,6.4
53.5,Control,390.0,6,1,2.1333333333333333
53.5,Control,390.0,7,1,2.1333333333333333
53.5,Control,390.0,12,1,0.6666666666666667
53.5,Control,390.0,15,1,0.6666666666666667
53.5,Control,390.0,17,1,0.5333333333333333
53.5,Control,390.0,19,1,2.933333333333333
53.5,Control,390.0,20,1,3.733333333333334
53.5,Control,390.0,22,1,8.4
53.5,Control,390.0,28,1,23.200000000000003
53.5,Control,420.0,0,1,44.666666666666664
53.5,Control,420.0,3,1,13.066666666666665
53.5,Control,420.0,6,1,2.533333333333333
53.5,Control,420.0,20,1,4.8
53.5,Control,420.0,22,1,7.066666666666667
53.5,Control,420.0,28,1,27.866666666666667
54.3,Control,0.0,1,1,6.133333333333333
54.3,Control,0.0,2,1,63.6
54.3,Control,0.0,4,1,4.933333333333334
54.3,Control,0.0,5,1,2.666666666666667
54.3,Control,0.0,7,1,1.3333333333333335
54.3,Control,0.0,8,1,0.26666666666666666
54.3,Control,0.0,9,1,0.5333333333333333
54.3,Control,0.0,10,1,2.8000000000000003
54.3,Control,0.0,11,1,4.3999999999999995
54.3,Control,0.0,12,1,1.0666666666666667
54.3,Control,0.0,16,1,1.2
54.3,Control,0.0,32,1,0.26666666666666666
54.3,Control,0.0,38,1,0.5333333333333333
54.3,Control,0.0,40,1,2.2666666666666666
54.3,Control,0.0,111,1,8.0
54.3,Control,30.0,0,1,2.666666666666667
54.3,Control,30.0,1,1,23.866666666666667
54.3,Control,30.0,2,1,14.266666666666666
54.3,Control,30.0,4,1,3.733333333333334
54.3,Control,30.0,5,1,16.666666666666664
54.3,Control,30.0,7,1,3.3333333333333335
54.3,Control,30.0,8,1,0.4
54.3,Control,30.0,9,1,1.3333333333333335
54.3,Control,30.0,10,1,16.400000000000002
54.3,Control,30.0,11,1,2.8000000000000003
54.3,Control,30.0,14,1,2.2666666666666666
54.3,Control,30.0,15,1,1.3333333333333335
54.3,Control,30.0,17,1,1.0666666666666667
54.3,Control,30.0,22,1,4.0
54.3,Control,30.0,25,1,1.6
54.3,Control,30.0,32,1,0.8
54.3,Control,30.0,111,1,3.4666666666666663
54.3,Control,60.0,0,1,1.6
54.3,Control,60.0,1,1,7.199999999999999
54.3,Control,60.0,2,1,32.666666666666664
54.3,Control,60.0,3,1,12.533333333333333
54.3,Control,60.0,7,1,4.133333333333333
54.3,Control,60.0,10,1,10.4
54.3,Control,60.0,14,1,8.133333333333333
54.3,Control,60.0,16,1,1.0666666666666667
54.3,Control,60.0,21,1,1.0666666666666667
54.3,Control,60.0,37,1,10.8
54.3,Control,60.0,41,1,0.8
54.3,Control,60.0,111,1,9.6
54.3,Control,90.0,0,1,1.866666666666667
54.3,Control,90.0,1,1,4.8
54.3,Control,90.0,2,1,19.2
54.3,Control,90.0,3,1,4.3999999999999995
54.3,Control,90.0,4,1,8.933333333333334
54.3,Control,90.0,5,1,5.333333333333334
54.3,Control,90.0,6,1,5.466666666666667
54.3,Control,90.0,8,1,2.2666666666666666
54.3,Control,90.0,9,1,2.4
54.3,Control,90.0,10,1,11.066666666666666
54.3,Control,90.0,11,1,4.3999999999999995
54.3,Control,90.0,14,1,3.2
54.3,Control,90.0,16,1,3.5999999999999996
54.3,Control,90.0,17,1,1.866666666666667
54.3,Control,90.0,22,1,2.1333333333333333
54.3,Control,90.0,24,1,2.533333333333333
54.3,Control,90.0,30,1,0.26666666666666666
54.3,Control,90.0,31,1,1.7333333333333332
54.3,Control,90.0,32,1,3.0666666666666664
54.3,Control,90.0,36,1,0.26666666666666666
54.3,Control,90.0,111,1,11.200000000000001
54.3,Control,120.0,0,1,5.333333333333334
54.3,Control,120.0,1,1,14.000000000000002
54.3,Control,120.0,2,1,27.73333333333333
54.3,Control,120.0,3,1,2.8000000000000003
54.3,Control,120.0,4,1,2.8000000000000003
54.3,Control,120.0,5,1,8.133333333333333
54.3,Control,120.0,7,1,1.7333333333333332
54.3,Control,120.0,8,1,0.9333333333333335
54.3,Control,120.0,9,1,2.0
54.3,Control,120.0,10,1,0.9333333333333335
54.3,Control,120.0,11,1,2.1333333333333333
54.3,Control,120.0,12,1,2.533333333333333
54.3,Control,120.0,14,1,4.133333333333333
54.3,Control,120.0,15,1,2.4
54.3,Control,120.0,16,1,4.266666666666667
54.3,Control,120.0,17,1,2.666666666666667
54.3,Control,120.0,23,1,0.6666666666666667
54.3,Control,120.0,24,1,0.13333333333333333
54.3,Control,120.0,25,1,2.4
54.3,Control,120.0,30,1,0.4
54.3,Control,120.0,31,1,0.4
54.3,Control,120.0,43,1,0.5333333333333333
54.3,Control,120.0,111,1,10.933333333333334
54.3,Control,150.0,1,1,2.533333333333333
54.3,Control,150.0,2,1,16.133333333333333
54.3,Control,150.0,3,1,18.266666666666666
54.3,Control,150.0,4,1,0.5333333333333333
54.3,Control,150.0,5,1,4.266666666666667
54.3,Control,150.0,8,1,2.0
54.3,Control,150.0,9,1,0.5333333333333333
54.3,Control,150.0,10,1,1.3333333333333335
54.3,Control,150.0,11,1,7.199999999999999
54.3,Control,150.0,14,1,3.5999999999999996
54.3,Control,150.0,16,1,2.1333333333333333
54.3,Control,150.0,25,1,3.733333333333334
54.3,Control,150.0,31,1,2.4
54.3,Control,150.0,32,1,2.533333333333333
54.3,Control,150.0,37,1,8.799999999999999
54.3,Control,150.0,111,1,24.0
54.3,Control,180.0,0,1,2.0
54.3,Control,180.0,1,1,29.2
54.3,Control,180.0,2,1,4.266666666666667
54.3,Control,180.0,3,1,23.333333333333332
54.3,Control,180.0,4,1,1.7333333333333332
54.3,Control,180.0,7,1,2.2666666666666666
54.3,Control,180.0,8,1,0.8
54.3,Control,180.0,9,1,1.2
54.3,Control,180.0,10,1,10.666666666666668
54.3,Control,180.0,11,1,6.0
54.3,Control,180.0,12,1,3.3333333333333335
54.3,Control,180.0,16,1,0.6666666666666667
54.3,Control,180.0,17,1,3.3333333333333335
54.3,Control,180.0,21,1,2.1333333333333333
54.3,Control,180.0,22,1,1.0666666666666667
54.3,Control,180.0,23,1,0.5333333333333333
54.3,Control,180.0,28,1,2.2666666666666666
54.3,Control,180.0,29,1,1.2
54.3,Control,180.0,41,1,1.2
54.3,Control,180.0,111,1,2.8000000000000003
54.3,Control,210.0,0,1,27.6
54.3,Control,210.0,1,1,26.0
54.3,Control,210.0,5,1,20.666666666666668
54.3,Control,210.0,6,1,2.8000000000000003
54.3,Control,210.0,7,1,0.5333333333333333
54.3,Control,210.0,10,1,0.9333333333333335
54.3,Control,210.0,14,1,2.933333333333333
54.3,Control,210.0,15,1,2.0
54.3,Control,210.0,20,1,9.733333333333333
54.3,Control,210.0,23,1,2.0
54.3,Control,210.0,28,1,3.4666666666666663
54.3,Control,210.0,30,1,1.3333333333333335
54.3,Control,240.0,0,1,18.53333333333333
54.3,Control,240.0,1,1,21.333333333333336
54.3,Control,240.0,3,1,19.2
54.3,Control,240.0,4,1,1.7333333333333332
54.3,Control,240.0,5,1,16.400000000000002
54.3,Control,240.0,6,1,14.799999999999999
54.3,Control,240.0,8,1,2.533333333333333
54.3,Control,240.0,11,1,1.6
54.3,Control,240.0,15,1,0.6666666666666667
54.3,Control,240.0,25,1,0.6666666666666667
54.3,Control,240.0,32,1,1.0666666666666667
54.3,Control,240.0,42,1,1.4666666666666666
54.3,Control,270.0,0,1,46.13333333333333
54.3,Control,270.0,1,1,11.200000000000001
54.3,Control,270.0,2,1,3.3333333333333335
54.3,Control,270.0,3,1,8.0
54.3,Control,270.0,4,1,1.7333333333333332
54.3,Control,270.0,5,1,6.133333333333333
54.3,Control,270.0,6,1,1.3333333333333335
54.3,Control,270.0,9,1,0.13333333333333333
54.3,Control,270.0,11,1,0.26666666666666666
54.3,Control,270.0,14,1,10.0
54.3,Control,270.0,15,1,1.3333333333333335
54.3,Control,270.0,16,1,3.0666666666666664
54.3,Control,270.0,17,1,0.26666666666666666
54.3,Control,270.0,19,1,2.533333333333333
54.3,Control,270.0,22,1,3.733333333333334
54.3,Control,270.0,30,1,0.8
54.3,Control,300.0,0,1,4.133333333333333
54.3,Control,300.0,1,1,20.0
54.3,Control,300.0,2,1,10.4
54.3,Control,300.0,4,1,0.26666666666666666
54.3,Control,300.0,5,1,5.733333333333333
54.3,Control,300.0,7,1,5.066666666666666
54.3,Control,300.0,8,1,0.26666666666666666
54.3,Control,300.0,9,1,1.0666666666666667
54.3,Control,300.0,10,1,1.3333333333333335
54.3,Control,300.0,11,1,0.26666666666666666
54.3,Control,300.0,12,1,0.4
54.3,Control,300.0,13,1,6.933333333333333
54.3,Control,300.0,14,1,1.0666666666666667
54.3,Control,300.0,15,1,1.2
54.3,Control,300.0,18,1,4.133333333333333
54.3,Control,300.0,20,1,18.8
54.3,Control,300.0,28,1,15.866666666666667
54.3,Control,300.0,32,1,3.0666666666666664
54.3,Control,330.0,0,1,26.13333333333333
54.3,Control,330.0,1,1,10.133333333333333
54.3,Control,330.0,2,1,7.733333333333333
54.3,Control,330.0,3,1,9.333333333333334
54.3,Control,330.0,4,1,4.266666666666667
54.3,Control,330.0,5,1,3.4666666666666663
54.3,Control,330.0,6,1,1.3333333333333335
54.3,Control,330.0,7,1,5.333333333333334
54.3,Control,330.0,9,1,0.13333333333333333
54.3,Control,330.0,12,1,0.9333333333333335
54.3,Control,330.0,13,1,5.733333333333333
54.3,Control,330.0,14,1,2.8000000000000003
54.3,Control,330.0,15,1,0.4
54.3,Control,330.0,20,1,9.333333333333334
54.3,Control,330.0,22,1,0.8
54.3,Control,330.0,27,1,1.6
54.3,Control,330.0,28,1,10.533333333333333
54.3,Control,360.0,0,1,7.466666666666668
54.3,Control,360.0,1,1,25.066666666666666
54.3,Control,360.0,2,1,2.2666666666666666
54.3,Control,360.0,3,1,8.666666666666668
54.3,Control,360.0,4,1,9.6
54.3,Control,360.0,5,1,15.6
54.3,Control,360.0,8,1,0.26666666666666666
54.3,Control,360.0,9,1,0.13333333333333333
54.3,Control,360.0,13,1,7.066666666666667
54.3,Control,360.0,14,1,1.3333333333333335
54.3,Control,360.0,15,1,2.2666666666666666
54.3,Control,360.0,16,1,1.4666666666666666
54.3,Control,360.0,17,1,6.666666666666667
54.3,Control,360.0,19,1,1.6
54.3,Control,360.0,22,1,3.3333333333333335
54.3,Control,360.0,29,1,0.13333333333333333
54.3,Control,360.0,31,1,1.6
54.3,Control,360.0,32,1,4.666666666666667
54.3,Control,360.0,36,1,0.8
54.3,Control,390.0,0,1,39.46666666666667
54.3,Control,390.0,1,1,19.333333333333332
54.3,Control,390.0,2,1,3.3333333333333335
54.3,Control,390.0,3,1,8.799999999999999
54.3,Control,390.0,4,1,2.0
54.3,Control,390.0,5,1,3.5999999999999996
54.3,Control,390.0,6,1,3.0666666666666664
54.3,Control,390.0,12,1,0.6666666666666667
54.3,Control,390.0,13,1,5.466666666666667
54.3,Control,390.0,21,1,2.0
54.3,Control,390.0,25,1,2.8000000000000003
54.3,Control,390.0,27,1,4.266666666666667
54.3,Control,390.0,29,1,0.9333333333333335
54.3,Control,390.0,111,1,4.266666666666667
54.3,Control,420.0,0,1,46.93333333333333
54.3,Control,420.0,1,1,37.333333333333336
54.3,Control,420.0,3,1,1.7333333333333332
54.3,Control,420.0,10,1,1.0666666666666667
54.3,Control,420.0,13,1,10.666666666666668
54.3,Control,420.0,17,1,2.2666666666666666
54.4,Control,0.0,0,1,6.266666666666667
54.4,Control,0.0,1,1,33.46666666666667
54.4,Control,0.0,2,1,17.333333333333336
54.4,Control,0.0,3,1,10.533333333333333
54.4,Control,0.0,5,1,13.066666666666665
54.4,Control,0.0,10,1,5.066666666666666
54.4,Control,0.0,11,1,0.4
54.4,Control,0.0,13,1,5.2
54.4,Control,0.0,15,1,0.8
54.4,Control,0.0,20,1,1.6
54.4,Control,0.0,37,1,6.266666666666667
54.4,Control,30.0,0,1,5.733333333333333
54.4,Control,30.0,1,1,29.86666666666667
54.4,Control,30.0,2,1,11.333333333333332
54.4,Control,30.0,3,1,22.8
54.4,Control,30.0,5,1,0.5333333333333333
54.4,Control,30.0,6,1,2.0
54.4,Control,30.0,7,1,4.3999999999999995
54.4,Control,30.0,10,1,2.4
54.4,Control,30.0,11,1,1.4666666666666666
54.4,Control,30.0,14,1,2.8000000000000003
54.4,Control,30.0,21,1,1.3333333333333335
54.4,Control,30.0,22,1,3.0666666666666664
54.4,Control,30.0,37,1,3.4666666666666663
54.4,Control,30.0,40,1,8.799999999999999
54.4,Control,60.0,0,1,10.533333333333333
54.4,Control,60.0,1,1,26.400000000000002
54.4,Control,60.0,2,1,8.666666666666668
54.4,Control,60.0,6,1,29.86666666666667
54.4,Control,60.0,13,1,13.200000000000001
54.4,Control,60.0,15,1,1.3333333333333335
54.4,Control,60.0,20,1,3.8666666666666667
54.4,Control,60.0,40,1,6.133333333333333
54.4,Control,90.0,0,1,9.6
54.4,Control,90.0,1,1,53.6
54.4,Control,90.0,2,1,2.0
54.4,Control,90.0,4,1,0.9333333333333335
54.4,Control,90.0,5,1,13.733333333333334
54.4,Control,90.0,6,1,8.533333333333333
54.4,Control,90.0,7,1,1.7333333333333332
54.4,Control,90.0,10,1,2.666666666666667
54.4,Control,90.0,14,1,1.7333333333333332
54.4,Control,90.0,33,1,0.8
54.4,Control,90.0,111,1,4.666666666666667
54.4,Control,120.0,0,1,1.4666666666666666
54.4,Control,120.0,1,1,18.8
54.4,Control,120.0,2,1,14.933333333333335
54.4,Control,120.0,3,1,19.2
54.4,Control,120.0,5,1,3.3333333333333335
54.4,Control,120.0,7,1,1.4666666666666666
54.4,Control,120.0,10,1,1.2
54.4,Control,120.0,11,1,1.7333333333333332
54.4,Control,120.0,12,1,1.7333333333333332
54.4,Control,120.0,13,1,11.866666666666667
54.4,Control,120.0,14,1,7.6
54.4,Control,120.0,19,1,1.4666666666666666
54.4,Control,120.0,22,1,3.2
54.4,Control,120.0,28,1,2.2666666666666666
54.4,Control,120.0,111,1,9.733333333333333
54.4,Control,150.0,0,1,39.46666666666667
54.4,Control,150.0,1,1,44.800000000000004
54.4,Control,150.0,3,1,1.6
54.4,Control,150.0,5,1,1.3333333333333335
54.4,Control,150.0,6,1,0.9333333333333335
54.4,Control,150.0,7,1,0.26666666666666666
54.4,Control,150.0,10,1,2.8000000000000003
54.4,Control,150.0,20,1,4.933333333333334
54.4,Control,150.0,28,1,3.8666666666666667
54.4,Control,180.0,0,1,21.066666666666666
54.4,Control,180.0,1,1,30.666666666666664
54.4,Control,180.0,2,1,17.066666666666666
54.4,Control,180.0,5,1,0.6666666666666667
54.4,Control,180.0,6,1,16.933333333333334
54.4,Control,180.0,11,1,2.1333333333333333
54.4,Control,180.0,14,1,1.7333333333333332
54.4,Control,180.0,16,1,2.666666666666667
54.4,Control,180.0,23,1,0.4
54.4,Control,180.0,27,1,6.666666666666667
54.4,Control,210.0,0,1,27.333333333333332
54.4,Control,210.0,1,1,28.666666666666668
54.4,Control,210.0,2,1,5.066666666666666
54.4,Control,210.0,3,1,7.733333333333333
54.4,Control,210.0,4,1,0.4
54.4,Control,210.0,5,1,0.26666666666666666
54.4,Control,210.0,8,1,0.6666666666666667
54.4,Control,210.0,10,1,2.1333333333333333
54.4,Control,210.0,16,1,0.4
54.4,Control,210.0,20,1,1.2
54.4,Control,210.0,22,1,0.26666666666666666
54.4,Control,210.0,28,1,21.46666666666667
54.4,Control,210.0,111,1,4.3999999999999995
54.4,Control,240.0,0,1,62.66666666666667
54.4,Control,240.0,1,1,32.266666666666666
54.4,Control,240.0,10,1,1.0666666666666667
54.4,Control,240.0,13,1,4.0
54.4,Control,270.0,0,1,41.333333333333336
54.4,Control,270.0,1,1,26.53333333333333
54.4,Control,270.0,2,1,13.200000000000001
54.4,Control,270.0,3,1,2.2666666666666666
54.4,Control,270.0,5,1,8.799999999999999
54.4,Control,270.0,6,1,2.2666666666666666
54.4,Control,270.0,7,1,4.0
54.4,Control,270.0,9,1,0.8
54.4,Control,270.0,10,1,0.13333333333333333
54.4,Control,270.0,30,1,0.6666666666666667
54.4,Control,300.0,0,1,50.4
54.4,Control,300.0,1,1,23.200000000000003
54.4,Control,300.0,3,1,15.866666666666667
54.4,Control,300.0,5,1,3.8666666666666667
54.4,Control,300.0,13,1,1.2
54.4,Control,300.0,16,1,0.8
54.4,Control,300.0,20,1,2.4
54.4,Control,300.0,23,1,0.6666666666666667
54.4,Control,300.0,30,1,1.3333333333333335
54.4,Control,300.0,41,1,0.26666666666666666
54.4,Control,330.0,0,1,22.8
54.4,Control,330.0,1,1,38.266666666666666
54.4,Control,330.0,3,1,4.933333333333334
54.4,Control,330.0,5,1,10.133333333333333
54.4,Control,330.0,9,1,0.6666666666666667
54.4,Control,330.0,10,1,0.4
54.4,Control,330.0,13,1,17.333333333333336
54.4,Control,330.0,22,1,5.466666666666667
54.4,Control,360.0,0,1,45.2
54.4,Control,360.0,1,1,19.6
54.4,Control,360.0,2,1,5.2
54.4,Control,360.0,4,1,2.2666666666666666
54.4,Control,360.0,5,1,5.866666666666666
54.4,Control,360.0,6,1,6.800000000000001
54.4,Control,360.0,9,1,0.13333333333333333
54.4,Control,360.0,13,1,8.533333333333333
54.4,Control,360.0,15,1,0.8
54.4,Control,360.0,16,1,1.6
54.4,Control,360.0,22,1,1.6
54.4,Control,360.0,32,1,2.4
54.4,Control,390.0,0,1,37.733333333333334
54.4,Control,390.0,1,1,22.933333333333334
54.4,Control,390.0,3,1,2.0
54.4,Control,390.0,4,1,0.8
54.4,Control,390.0,8,1,1.7333333333333332
54.4,Control,390.0,10,1,7.466666666666668
54.4,Control,390.0,11,1,0.5333333333333333
54.4,Control,390.0,12,1,2.533333333333333
54.4,Control,390.0,13,1,18.4
54.4,Control,390.0,16,1,0.13333333333333333
54.4,Control,390.0,111,1,5.733333333333333
54.4,Control,420.0,0,1,74.4
54.4,Control,420.0,1,1,13.066666666666665
54.4,Control,420.0,3,1,8.533333333333333
54.4,Control,420.0,5,1,1.6
54.4,Control,420.0,22,1,2.4
54.6,Control,0.0,1,1,21.866666666666667
54.6,Control,0.0,2,1,18.53333333333333
54.6,Control,0.0,3,1,12.533333333333333
54.6,Control,0.0,4,1,1.3333333333333335
54.6,Control,0.0,5,1,9.066666666666666
54.6,Control,0.0,6,1,8.133333333333333
54.6,Control,0.0,10,1,21.333333333333336
54.6,Control,0.0,11,1,1.3333333333333335
54.6,Control,0.0,12,1,1.866666666666667
54.6,Control,0.0,14,1,2.0
54.6,Control,0.0,15,1,1.0666666666666667
54.6,Control,0.0,41,1,0.9333333333333335
54.6,Control,30.0,0,1,9.733333333333333
54.6,Control,30.0,1,1,23.599999999999998
54.6,Control,30.0,2,1,11.866666666666667
54.6,Control,30.0,3,1,3.2
54.6,Control,30.0,5,1,15.066666666666666
54.6,Control,30.0,7,1,5.6000000000000005
54.6,Control,30.0,9,1,0.5333333333333333
54.6,Control,30.0,10,1,2.1333333333333333
54.6,Control,30.0,14,1,9.733333333333333
54.6,Control,30.0,21,1,1.6
54.6,Control,30.0,25,1,4.666666666666667
54.6,Control,30.0,111,1,12.266666666666666
54.6,Control,60.0,0,1,4.8
54.6,Control,60.0,1,1,27.6
54.6,Control,60.0,2,1,8.0
54.6,Control,60.0,3,1,6.0
54.6,Control,60.0,4,1,1.3333333333333335
54.6,Control,60.0,5,1,14.666666666666666
54.6,Control,60.0,7,1,5.733333333333333
54.6,Control,60.0,11,1,1.4666666666666666
54.6,Control,60.0,12,1,2.666666666666667
54.6,Control,60.0,14,1,2.0
54.6,Control,60.0,15,1,5.2
54.6,Control,60.0,16,1,1.2
54.6,Control,60.0,22,1,2.2666666666666666
54.6,Control,60.0,28,1,9.333333333333334
54.6,Control,60.0,111,1,7.733333333333333
54.6,Control,90.0,0,1,4.3999999999999995
54.6,Control,90.0,1,1,19.733333333333334
54.6,Control,90.0,2,1,8.933333333333334
54.6,Control,90.0,3,1,4.133333333333333
54.6,Control,90.0,4,1,1.7333333333333332
54.6,Control,90.0,5,1,2.2666666666666666
54.6,Control,90.0,6,1,19.333333333333332
54.6,Control,90.0,10,1,2.933333333333333
54.6,Control,90.0,14,1,15.466666666666667
54.6,Control,90.0,15,1,1.866666666666667
54.6,Control,90.0,19,1,2.2666666666666666
54.6,Control,90.0,27,1,1.2
54.6,Control,90.0,33,1,0.26666666666666666
54.6,Control,90.0,111,1,15.466666666666667
54.6,Control,120.0,0,1,3.2
54.6,Control,120.0,1,1,54.53333333333333
54.6,Control,120.0,3,1,21.2
54.6,Control,120.0,5,1,5.066666666666666
54.6,Control,120.0,7,1,1.4666666666666666
54.6,Control,120.0,10,1,4.8
54.6,Control,120.0,14,1,4.933333333333334
54.6,Control,120.0,16,1,2.4
54.6,Control,120.0,20,1,2.4
54.6,Control,150.0,0,1,5.333333333333334
54.6,Control,150.0,2,1,22.933333333333334
54.6,Control,150.0,3,1,7.066666666666667
54.6,Control,150.0,5,1,24.0
54.6,Control,150.0,7,1,1.7333333333333332
54.6,Control,150.0,10,1,11.466666666666667
54.6,Control,150.0,11,1,1.0666666666666667
54.6,Control,150.0,12,1,5.066666666666666
54.6,Control,150.0,14,1,4.266666666666667
54.6,Control,150.0,15,1,2.666666666666667
54.6,Control,150.0,111,1,14.399999999999999
54.6,Control,180.0,0,1,23.866666666666667
54.6,Control,180.0,1,1,26.400000000000002
54.6,Control,180.0,3,1,8.266666666666666
54.6,Control,180.0,5,1,4.8
54.6,Control,180.0,6,1,4.933333333333334
54.6,Control,180.0,7,1,1.7333333333333332
54.6,Control,180.0,9,1,1.866666666666667
54.6,Control,180.0,10,1,2.666666666666667
54.6,Control,180.0,12,1,1.866666666666667
54.6,Control,180.0,14,1,1.866666666666667
54.6,Control,180.0,16,1,1.4666666666666666
54.6,Control,180.0,20,1,4.8
54.6,Control,180.0,27,1,4.533333333333333
54.6,Control,180.0,30,1,1.7333333333333332
54.6,Control,180.0,37,1,9.2
54.6,Control,210.0,0,1,29.733333333333334
54.6,Control,210.0,1,1,15.066666666666666
54.6,Control,210.0,2,1,3.733333333333334
54.6,Control,210.0,3,1,11.600000000000001
54.6,Control,210.0,5,1,4.3999999999999995
54.6,Control,210.0,7,1,0.26666666666666666
54.6,Control,210.0,10,1,6.4
54.6,Control,210.0,12,1,1.6
54.6,Control,210.0,16,1,1.6
54.6,Control,210.0,20,1,2.0
54.6,Control,210.0,27,1,2.0
54.6,Control,210.0,28,1,21.6
54.6,Control,240.0,0,1,25.866666666666667
54.6,Control,240.0,1,1,27.066666666666666
54.6,Control,240.0,2,1,7.466666666666668
54.6,Control,240.0,3,1,10.133333333333333
54.6,Control,240.0,5,1,10.4
54.6,Control,240.0,6,1,8.0
54.6,Control,240.0,7,1,6.0
54.6,Control,240.0,10,1,3.0666666666666664
54.6,Control,240.0,14,1,2.0
54.6,Control,270.0,0,1,32.266666666666666
54.6,Control,270.0,1,1,11.733333333333333
54.6,Control,270.0,2,1,0.8
54.6,Control,270.0,3,1,14.666666666666666
54.6,Control,270.0,5,1,18.8
54.6,Control,270.0,6,1,6.800000000000001
54.6,Control,270.0,9,1,1.6
54.6,Control,270.0,13,1,6.0
54.6,Control,270.0,15,1,2.533333333333333
54.6,Control,270.0,20,1,0.6666666666666667
54.6,Control,270.0,75,1,4.133333333333333
54.6,Control,300.0,0,1,33.33333333333333
54.6,Control,300.0,1,1,11.733333333333333
54.6,Control,300.0,2,1,3.5999999999999996
54.6,Control,300.0,3,1,20.133333333333333
54.6,Control,300.0,5,1,4.933333333333334
54.6,Control,300.0,6,1,6.933333333333333
54.6,Control,300.0,10,1,1.866666666666667
54.6,Control,300.0,13,1,8.933333333333334
54.6,Control,300.0,14,1,1.2
54.6,Control,300.0,16,1,3.733333333333334
54.6,Control,300.0,22,1,2.8000000000000003
54.6,Control,300.0,29,1,0.8
54.6,Control,330.0,0,1,25.066666666666666
54.6,Control,330.0,1,1,21.333333333333336
54.6,Control,330.0,2,1,8.133333333333333
54.6,Control,330.0,3,1,25.333333333333336
54.6,Control,330.0,10,1,8.133333333333333
54.6,Control,330.0,12,1,2.1333333333333333
54.6,Control,330.0,14,1,1.3333333333333335
54.6,Control,330.0,15,1,0.4
54.6,Control,330.0,22,1,2.1333333333333333
54.6,Control,330.0,28,1,4.533333333333333
54.6,Control,330.0,41,1,1.4666666666666666
54.6,Control,360.0,0,1,46.266666666666666
54.6,Control,360.0,1,1,18.53333333333333
54.6,Control,360.0,2,1,1.7333333333333332
54.6,Control,360.0,3,1,10.4
54.6,Control,360.0,5,1,9.466666666666667
54.6,Control,360.0,12,1,0.26666666666666666
54.6,Control,360.0,13,1,5.2
54.6,Control,360.0,15,1,0.8
54.6,Control,360.0,21,1,2.0
54.6,Control,360.0,23,1,0.8
54.6,Control,360.0,28,1,2.933333333333333
54.6,Control,360.0,30,1,1.6
54.6,Control,390.0,0,1,24.133333333333333
54.6,Control,390.0,1,1,11.600000000000001
54.6,Control,390.0,3,1,12.4
54.6,Control,390.0,4,1,7.733333333333333
54.6,Control,390.0,8,1,0.13333333333333333
54.6,Control,390.0,9,1,2.0
54.6,Control,390.0,19,1,2.0
54.6,Control,390.0,20,1,3.2
54.6,Control,390.0,22,1,2.2666666666666666
54.6,Control,390.0,23,1,0.5333333333333333
54.6,Control,390.0,25,1,0.9333333333333335
54.6,Control,390.0,28,1,15.2
54.6,Control,390.0,32,1,1.2
54.6,Control,390.0,38,1,6.933333333333333
54.6,Control,390.0,40,1,5.066666666666666
54.6,Control,390.0,111,1,4.666666666666667
54.6,Control,420.0,0,1,52.53333333333333
54.6,Control,420.0,3,1,14.133333333333335
54.6,Control,420.0,4,1,0.26666666666666666
54.6,Control,420.0,5,1,4.533333333333333
54.6,Control,420.0,6,1,2.933333333333333
54.6,Control,420.0,13,1,14.266666666666666
54.6,Control,420.0,15,1,0.5333333333333333
54.6,Control,420.0,17,1,1.3333333333333335
54.6,Control,420.0,20,1,3.3333333333333335
54.6,Control,420.0,26,1,1.3333333333333335
54.6,Control,420.0,32,1,4.8
55.3,ELS,0.0,1,1,4.3999999999999995
55.3,ELS,0.0,2,1,32.93333333333333
55.3,ELS,0.0,3,1,3.5999999999999996
55.3,ELS,0.0,4,1,1.3333333333333335
55.3,ELS,0.0,5,1,12.266666666666666
55.3,ELS,0.0,7,1,3.2
55.3,ELS,0.0,9,1,1.2
55.3,ELS,0.0,10,1,3.0666666666666664
55.3,ELS,0.0,11,1,3.0666666666666664
55.3,ELS,0.0,12,1,7.733333333333333
55.3,ELS,0.0,14,1,3.3333333333333335
55.3,ELS,0.0,15,1,3.2
55.3,ELS,0.0,17,1,6.4
55.3,ELS,0.0,19,1,3.0666666666666664
55.3,ELS,0.0,29,1,1.7333333333333332
55.3,ELS,0.0,32,1,3.5999999999999996
55.3,ELS,0.0,111,1,5.866666666666666
55.3,ELS,30.0,1,1,3.8666666666666667
55.3,ELS,30.0,2,1,19.333333333333332
55.3,ELS,30.0,3,1,6.4
55.3,ELS,30.0,4,1,3.4666666666666663
55.3,ELS,30.0,5,1,4.3999999999999995
55.3,ELS,30.0,7,1,1.866666666666667
55.3,ELS,30.0,8,1,1.2
55.3,ELS,30.0,9,1,2.1333333333333333
55.3,ELS,30.0,10,1,3.3333333333333335
55.3,ELS,30.0,11,1,6.933333333333333
55.3,ELS,30.0,12,1,3.3333333333333335
55.3,ELS,30.0,14,1,7.466666666666668
55.3,ELS,30.0,15,1,12.8
55.3,ELS,30.0,16,1,4.533333333333333
55.3,ELS,30.0,17,1,4.0
55.3,ELS,30.0,19,1,3.5999999999999996
55.3,ELS,30.0,21,1,0.9333333333333335
55.3,ELS,30.0,23,1,0.26666666666666666
55.3,ELS,30.0,24,1,0.5333333333333333
55.3,ELS,30.0,29,1,0.13333333333333333
55.3,ELS,30.0,33,1,1.4666666666666666
55.3,ELS,30.0,58,1,2.0
55.3,ELS,30.0,111,1,6.0
55.3,ELS,60.0,0,1,1.3333333333333335
55.3,ELS,60.0,1,1,5.733333333333333
55.3,ELS,60.0,2,1,6.133333333333333
55.3,ELS,60.0,3,1,6.266666666666667
55.3,ELS,60.0,4,1,21.46666666666667
55.3,ELS,60.0,5,1,0.5333333333333333
55.3,ELS,60.0,7,1,3.733333333333334
55.3,ELS,60.0,8,1,1.2
55.3,ELS,60.0,9,1,1.2
55.3,ELS,60.0,10,1,5.6000000000000005
55.3,ELS,60.0,11,1,3.4666666666666663
55.3,ELS,60.0,12,1,10.8
55.3,ELS,60.0,14,1,11.333333333333332
55.3,ELS,60.0,15,1,8.799999999999999
55.3,ELS,60.0,16,1,2.0
55.3,ELS,60.0,21,1,1.4666666666666666
55.3,ELS,60.0,23,1,1.3333333333333335
55.3,ELS,60.0,29,1,0.26666666666666666
55.3,ELS,60.0,33,1,0.4
55.3,ELS,60.0,35,1,0.4
55.3,ELS,60.0,111,1,6.533333333333332
55.3,ELS,90.0,0,1,7.466666666666668
55.3,ELS,90.0,2,1,18.53333333333333
55.3,ELS,90.0,3,1,8.533333333333333
55.3,ELS,90.0,4,1,2.0
55.3,ELS,90.0,5,1,3.733333333333334
55.3,ELS,90.0,7,1,0.8
55.3,ELS,90.0,9,1,1.6
55.3,ELS,90.0,11,1,2.933333333333333
55.3,ELS,90.0,12,1,1.7333333333333332
55.3,ELS,90.0,14,1,6.800000000000001
55.3,ELS,90.0,15,1,4.133333333333333
55.3,ELS,90.0,16,1,5.866666666666666
55.3,ELS,90.0,19,1,2.666666666666667
55.3,ELS,90.0,20,1,2.4
55.3,ELS,90.0,27,1,4.266666666666667
55.3,ELS,90.0,33,1,0.8
55.3,ELS,90.0,37,1,4.666666666666667
55.3,ELS,90.0,111,1,21.066666666666666
55.3,ELS,120.0,0,1,10.266666666666667
55.3,ELS,120.0,1,1,36.93333333333334
55.3,ELS,120.0,2,1,12.4
55.3,ELS,120.0,4,1,1.3333333333333335
55.3,ELS,120.0,5,1,11.200000000000001
55.3,ELS,120.0,8,1,1.3333333333333335
55.3,ELS,120.0,9,1,2.2666666666666666
55.3,ELS,120.0,10,1,2.4
55.3,ELS,120.0,12,1,2.2666666666666666
55.3,ELS,120.0,13,1,4.266666666666667
55.3,ELS,120.0,14,1,0.26666666666666666
55.3,ELS,120.0,15,1,1.6
55.3,ELS,120.0,16,1,0.5333333333333333
55.3,ELS,120.0,17,1,2.666666666666667
55.3,ELS,120.0,22,1,3.733333333333334
55.3,ELS,120.0,31,1,2.0
55.3,ELS,120.0,37,1,4.533333333333333
55.3,ELS,150.0,1,1,10.533333333333333
55.3,ELS,150.0,2,1,10.666666666666668
55.3,ELS,150.0,3,1,8.799999999999999
55.3,ELS,150.0,5,1,4.0
55.3,ELS,150.0,7,1,7.066666666666667
55.3,ELS,150.0,9,1,1.866666666666667
55.3,ELS,150.0,10,1,2.666666666666667
55.3,ELS,150.0,11,1,5.2
55.3,ELS,150.0,12,1,0.8
55.3,ELS,150.0,14,1,8.133333333333333
55.3,ELS,150.0,15,1,7.733333333333333
55.3,ELS,150.0,16,1,3.2
55.3,ELS,150.0,17,1,2.533333333333333
55.3,ELS,150.0,20,1,1.2
55.3,ELS,150.0,21,1,2.8000000000000003
55.3,ELS,150.0,67,1,1.0666666666666667
55.3,ELS,150.0,111,1,21.73333333333333
55.3,ELS,180.0,0,1,23.200000000000003
55.3,ELS,180.0,1,1,16.0
55.3,ELS,180.0,2,1,3.0666666666666664
55.3,ELS,180.0,3,1,6.800000000000001
55.3,ELS,180.0,4,1,3.8666666666666667
55.3,ELS,180.0,5,1,3.5999999999999996
55.3,ELS,180.0,7,1,1.4666666666666666
55.3,ELS,180.0,8,1,1.4666666666666666
55.3,ELS,180.0,9,1,1.4666666666666666
55.3,ELS,180.0,10,1,6.533333333333332
55.3,ELS,180.0,12,1,1.4666666666666666
55.3,ELS,180.0,13,1,3.5999999999999996
55.3,ELS,180.0,14,1,3.8666666666666667
55.3,ELS,180.0,15,1,1.2
55.3,ELS,180.0,16,1,1.6
55.3,ELS,180.0,17,1,0.26666666666666666
55.3,ELS,180.0,19,1,4.3999999999999995
55.3,ELS,180.0,20,1,5.6000000000000005
55.3,ELS,180.0,23,1,0.8
55.3,ELS,180.0,49,1,0.13333333333333333
55.3,ELS,180.0,51,1,0.26666666666666666
55.3,ELS,180.0,111,1,9.333333333333334
55.3,ELS,210.0,0,1,9.2
55.3,ELS,210.0,1,1,29.333333333333332
55.3,ELS,210.0,2,1,14.266666666666666
55.3,ELS,210.0,3,1,7.199999999999999
55.3,ELS,210.0,4,1,3.2
55.3,ELS,210.0,5,1,8.533333333333333
55.3,ELS,210.0,7,1,4.133333333333333
55.3,ELS,210.0,9,1,1.4666666666666666
55.3,ELS,210.0,10,1,1.7333333333333332
55.3,ELS,210.0,11,1,0.13333333333333333
55.3,ELS,210.0,14,1,2.533333333333333
55.3,ELS,210.0,17,1,4.533333333333333
55.3,ELS,210.0,20,1,2.533333333333333
55.3,ELS,210.0,21,1,0.26666666666666666
55.3,ELS,210.0,22,1,5.466666666666667
55.3,ELS,210.0,28,1,2.933333333333333
55.3,ELS,210.0,30,1,1.6
55.3,ELS,210.0,34,1,0.26666666666666666
55.3,ELS,210.0,111,1,0.6666666666666667
55.3,ELS,240.0,0,1,13.600000000000001
55.3,ELS,240.0,1,1,25.466666666666665
55.3,ELS,240.0,2,1,8.933333333333334
55.3,ELS,240.0,3,1,5.866666666666666
55.3,ELS,240.0,4,1,8.133333333333333
55.3,ELS,240.0,5,1,11.066666666666666
55.3,ELS,240.0,6,1,2.666666666666667
55.3,ELS,240.0,7,1,6.266666666666667
55.3,ELS,240.0,8,1,0.8
55.3,ELS,240.0,9,1,0.5333333333333333
55.3,ELS,240.0,14,1,1.6
55.3,ELS,240.0,15,1,1.4666666666666666
55.3,ELS,240.0,16,1,0.5333333333333333
55.3,ELS,240.0,17,1,3.8666666666666667
55.3,ELS,240.0,21,1,2.4
55.3,ELS,240.0,111,1,6.800000000000001
55.3,ELS,270.0,0,1,22.666666666666664
55.3,ELS,270.0,1,1,43.86666666666667
55.3,ELS,270.0,2,1,2.4
55.3,ELS,270.0,3,1,1.7333333333333332
55.3,ELS,270.0,4,1,2.1333333333333333
55.3,ELS,270.0,5,1,5.333333333333334
55.3,ELS,270.0,7,1,6.133333333333333
55.3,ELS,270.0,8,1,1.4666666666666666
55.3,ELS,270.0,9,1,0.13333333333333333
55.3,ELS,270.0,10,1,2.1333333333333333
55.3,ELS,270.0,11,1,0.6666666666666667
55.3,ELS,270.0,13,1,4.3999999999999995
55.3,ELS,270.0,14,1,2.4
55.3,ELS,270.0,19,1,0.8
55.3,ELS,270.0,23,1,1.0666666666666667
55.3,ELS,270.0,33,1,0.4
55.3,ELS,270.0,34,1,2.2666666666666666
55.3,ELS,300.0,0,1,14.000000000000002
55.3,ELS,300.0,1,1,18.8
55.3,ELS,300.0,2,1,10.0
55.3,ELS,300.0,3,1,15.466666666666667
55.3,ELS,300.0,5,1,12.133333333333333
55.3,ELS,300.0,6,1,2.4
55.3,ELS,300.0,7,1,4.266666666666667
55.3,ELS,300.0,9,1,0.9333333333333335
55.3,ELS,300.0,10,1,1.7333333333333332
55.3,ELS,300.0,14,1,8.0
55.3,ELS,300.0,15,1,0.4
55.3,ELS,300.0,19,1,0.5333333333333333
55.3,ELS,300.0,20,1,1.866666666666667
55.3,ELS,300.0,28,1,9.466666666666667
55.3,ELS,330.0,0,1,21.2
55.3,ELS,330.0,1,1,9.6
55.3,ELS,330.0,2,1,2.8000000000000003
55.3,ELS,330.0,3,1,12.533333333333333
55.3,ELS,330.0,4,1,15.2
55.3,ELS,330.0,5,1,10.266666666666667
55.3,ELS,330.0,6,1,5.6000000000000005
55.3,ELS,330.0,7,1,0.9333333333333335
55.3,ELS,330.0,9,1,2.1333333333333333
55.3,ELS,330.0,12,1,1.4666666666666666
55.3,ELS,330.0,15,1,4.0
55.3,ELS,330.0,17,1,1.2
55.3,ELS,330.0,37,1,13.066666666666665
55.3,ELS,360.0,0,1,31.466666666666665
55.3,ELS,360.0,1,1,13.466666666666665
55.3,ELS,360.0,2,1,0.8
55.3,ELS,360.0,3,1,19.066666666666666
55.3,ELS,360.0,4,1,13.733333333333334
55.3,ELS,360.0,5,1,6.0
55.3,ELS,360.0,8,1,0.13333333333333333
55.3,ELS,360.0,9,1,0.26666666666666666
55.3,ELS,360.0,10,1,3.5999999999999996
55.3,ELS,360.0,15,1,1.4666666666666666
55.3,ELS,360.0,20,1,2.533333333333333
55.3,ELS,360.0,30,1,1.2
55.3,ELS,360.0,33,1,0.26666666666666666
55.3,ELS,360.0,34,1,2.933333333333333
55.3,ELS,360.0,35,1,0.13333333333333333
55.3,ELS,360.0,38,1,1.7333333333333332
55.3,ELS,360.0,53,1,0.6666666666666667
55.3,ELS,360.0,60,1,0.5333333333333333
55.3,ELS,390.0,0,1,18.133333333333333
55.3,ELS,390.0,1,1,16.933333333333334
55.3,ELS,390.0,3,1,16.0
55.3,ELS,390.0,4,1,2.1333333333333333
55.3,ELS,390.0,5,1,18.4
55.3,ELS,390.0,6,1,1.4666666666666666
55.3,ELS,390.0,8,1,0.13333333333333333
55.3,ELS,390.0,9,1,0.4
55.3,ELS,390.0,12,1,2.666666666666667
55.3,ELS,390.0,15,1,0.5333333333333333
55.3,ELS,390.0,16,1,1.2
55.3,ELS,390.0,17,1,1.0666666666666667
55.3,ELS,390.0,19,1,0.6666666666666667
55.3,ELS,390.0,22,1,6.133333333333333
55.3,ELS,390.0,31,1,0.6666666666666667
55.3,ELS,390.0,32,1,2.8000000000000003
55.3,ELS,390.0,34,1,2.4
55.3,ELS,390.0,36,1,0.4
55.3,ELS,390.0,57,1,0.9333333333333335
55.3,ELS,390.0,86,1,2.1333333333333333
55.3,ELS,390.0,111,1,4.8
55.3,ELS,420.0,0,1,12.666666666666668
55.3,ELS,420.0,1,1,5.066666666666666
55.3,ELS,420.0,3,1,2.0
55.3,ELS,420.0,4,1,5.066666666666666
55.3,ELS,420.0,5,1,1.4666666666666666
55.3,ELS,420.0,8,1,1.0666666666666667
55.3,ELS,420.0,9,1,0.9333333333333335
55.3,ELS,420.0,12,1,5.066666666666666
55.3,ELS,420.0,15,1,0.6666666666666667
55.3,ELS,420.0,28,1,2.4
55.3,ELS,420.0,32,1,2.4
55.3,ELS,420.0,35,1,0.26666666666666666
55.3,ELS,420.0,38,1,42.66666666666667
55.3,ELS,420.0,40,1,17.066666666666666
55.3,ELS,420.0,46,1,0.6666666666666667
55.3,ELS,420.0,48,1,0.5333333333333333
55.5,ELS,0.0,2,1,20.933333333333334
55.5,ELS,0.0,3,1,4.3999999999999995
55.5,ELS,0.0,4,1,2.933333333333333
55.5,ELS,0.0,5,1,8.533333333333333
55.5,ELS,0.0,7,1,2.2666666666666666
55.5,ELS,0.0,9,1,1.0666666666666667
55.5,ELS,0.0,10,1,6.133333333333333
55.5,ELS,0.0,11,1,1.6
55.5,ELS,0.0,12,1,6.266666666666667
55.5,ELS,0.0,13,1,3.8666666666666667
55.5,ELS,0.0,14,1,17.333333333333336
55.5,ELS,0.0,15,1,4.133333333333333
55.5,ELS,0.0,19,1,2.8000000000000003
55.5,ELS,0.0,37,1,14.266666666666666
55.5,ELS,0.0,111,1,3.4666666666666663
55.5,ELS,30.0,0,1,6.266666666666667
55.5,ELS,30.0,1,1,21.6
55.5,ELS,30.0,2,1,34.93333333333333
55.5,ELS,30.0,3,1,10.4
55.5,ELS,30.0,4,1,2.933333333333333
55.5,ELS,30.0,5,1,14.266666666666666
55.5,ELS,30.0,9,1,0.13333333333333333
55.5,ELS,30.0,10,1,2.8000000000000003
55.5,ELS,30.0,14,1,5.866666666666666
55.5,ELS,30.0,19,1,0.8
55.5,ELS,60.0,1,1,16.400000000000002
55.5,ELS,60.0,2,1,17.066666666666666
55.5,ELS,60.0,4,1,4.266666666666667
55.5,ELS,60.0,5,1,16.933333333333334
55.5,ELS,60.0,6,1,5.6000000000000005
55.5,ELS,60.0,7,1,2.666666666666667
55.5,ELS,60.0,8,1,1.0666666666666667
55.5,ELS,60.0,10,1,9.466666666666667
55.5,ELS,60.0,11,1,2.4
55.5,ELS,60.0,12,1,4.133333333333333
55.5,ELS,60.0,14,1,10.266666666666667
55.5,ELS,60.0,15,1,1.4666666666666666
55.5,ELS,60.0,31,1,1.3333333333333335
55.5,ELS,60.0,33,1,0.4
55.5,ELS,60.0,111,1,6.533333333333332
55.5,ELS,90.0,0,1,0.8
55.5,ELS,90.0,1,1,7.733333333333333
55.5,ELS,90.0,2,1,19.2
55.5,ELS,90.0,3,1,8.799999999999999
55.5,ELS,90.0,5,1,13.333333333333334
55.5,ELS,90.0,6,1,0.26666666666666666
55.5,ELS,90.0,9,1,0.8
55.5,ELS,90.0,10,1,2.1333333333333333
55.5,ELS,90.0,11,1,7.333333333333333
55.5,ELS,90.0,12,1,4.933333333333334
55.5,ELS,90.0,14,1,2.533333333333333
55.5,ELS,90.0,15,1,1.2
55.5,ELS,90.0,19,1,2.0
55.5,ELS,90.0,20,1,4.533333333333333
55.5,ELS,90.0,22,1,3.733333333333334
55.5,ELS,90.0,27,1,0.6666666666666667
55.5,ELS,90.0,37,1,15.733333333333333
55.5,ELS,90.0,111,1,4.266666666666667
55.5,ELS,120.0,1,1,6.533333333333332
55.5,ELS,120.0,2,1,39.06666666666666
55.5,ELS,120.0,3,1,1.3333333333333335
55.5,ELS,120.0,4,1,10.266666666666667
55.5,ELS,120.0,5,1,2.8000000000000003
55.5,ELS,120.0,7,1,2.1333333333333333
55.5,ELS,120.0,9,1,1.2
55.5,ELS,120.0,10,1,15.466666666666667
55.5,ELS,120.0,11,1,1.6
55.5,ELS,120.0,12,1,0.8
55.5,ELS,120.0,14,1,2.933333333333333
55.5,ELS,120.0,16,1,3.733333333333334
55.5,ELS,120.0,17,1,1.866666666666667
55.5,ELS,120.0,23,1,0.9333333333333335
55.5,ELS,120.0,29,1,0.5333333333333333
55.5,ELS,120.0,33,1,0.4
55.5,ELS,120.0,111,1,8.4
55.5,ELS,150.0,1,1,27.6
55.5,ELS,150.0,2,1,12.666666666666668
55.5,ELS,150.0,3,1,7.866666666666666
55.5,ELS,150.0,4,1,2.533333333333333
55.5,ELS,150.0,5,1,4.666666666666667
55.5,ELS,150.0,6,1,9.066666666666666
55.5,ELS,150.0,7,1,5.2
55.5,ELS,150.0,10,1,0.8
55.5,ELS,150.0,11,1,9.733333333333333
55.5,ELS,150.0,12,1,1.7333333333333332
55.5,ELS,150.0,14,1,1.0666666666666667
55.5,ELS,150.0,15,1,2.1333333333333333
55.5,ELS,150.0,16,1,1.6
55.5,ELS,150.0,19,1,3.0666666666666664
55.5,ELS,150.0,25,1,4.666666666666667
55.5,ELS,150.0,111,1,5.6000000000000005
55.5,ELS,180.0,0,1,1.0666666666666667
55.5,ELS,180.0,1,1,12.8
55.5,ELS,180.0,2,1,9.066666666666666
55.5,ELS,180.0,3,1,5.466666666666667
55.5,ELS,180.0,4,1,6.0
55.5,ELS,180.0,5,1,12.133333333333333
55.5,ELS,180.0,6,1,4.666666666666667
55.5,ELS,180.0,7,1,5.733333333333333
55.5,ELS,180.0,8,1,1.0666666666666667
55.5,ELS,180.0,9,1,1.3333333333333335
55.5,ELS,180.0,10,1,4.0
55.5,ELS,180.0,11,1,8.533333333333333
55.5,ELS,180.0,14,1,9.333333333333334
55.5,ELS,180.0,16,1,2.0
55.5,ELS,180.0,17,1,3.4666666666666663
55.5,ELS,180.0,23,1,2.0
55.5,ELS,180.0,27,1,1.3333333333333335
55.5,ELS,180.0,30,1,1.866666666666667
55.5,ELS,180.0,33,1,0.9333333333333335
55.5,ELS,180.0,111,1,7.199999999999999
55.5,ELS,210.0,0,1,12.533333333333333
55.5,ELS,210.0,1,1,6.533333333333332
55.5,ELS,210.0,2,1,12.4
55.5,ELS,210.0,3,1,10.0
55.5,ELS,210.0,4,1,2.0
55.5,ELS,210.0,5,1,4.0
55.5,ELS,210.0,6,1,9.2
55.5,ELS,210.0,7,1,5.466666666666667
55.5,ELS,210.0,8,1,0.4
55.5,ELS,210.0,9,1,2.0
55.5,ELS,210.0,10,1,2.933333333333333
55.5,ELS,210.0,13,1,3.2
55.5,ELS,210.0,15,1,1.0666666666666667
55.5,ELS,210.0,16,1,0.8
55.5,ELS,210.0,20,1,4.0
55.5,ELS,210.0,31,1,4.666666666666667
55.5,ELS,210.0,37,1,18.8
55.5,ELS,240.0,0,1,5.2
55.5,ELS,240.0,1,1,21.066666666666666
55.5,ELS,240.0,2,1,6.533333333333332
55.5,ELS,240.0,3,1,11.200000000000001
55.5,ELS,240.0,5,1,6.4
55.5,ELS,240.0,6,1,0.4
55.5,ELS,240.0,7,1,2.933333333333333
55.5,ELS,240.0,12,1,4.3999999999999995
55.5,ELS,240.0,14,1,2.0
55.5,ELS,240.0,15,1,1.3333333333333335
55.5,ELS,240.0,16,1,0.5333333333333333
55.5,ELS,240.0,17,1,2.0
55.5,ELS,240.0,20,1,3.5999999999999996
55.5,ELS,240.0,37,1,28.666666666666668
55.5,ELS,240.0,111,1,3.733333333333334
55.5,ELS,270.0,0,1,10.933333333333334
55.5,ELS,270.0,1,1,23.200000000000003
55.5,ELS,270.0,2,1,4.933333333333334
55.5,ELS,270.0,3,1,7.466666666666668
55.5,ELS,270.0,4,1,0.6666666666666667
55.5,ELS,270.0,5,1,3.2
55.5,ELS,270.0,6,1,5.2
55.5,ELS,270.0,7,1,4.133333333333333
55.5,ELS,270.0,8,1,0.4
55.5,ELS,270.0,9,1,0.26666666666666666
55.5,ELS,270.0,10,1,6.933333333333333
55.5,ELS,270.0,11,1,0.26666666666666666
55.5,ELS,270.0,12,1,1.866666666666667
55.5,ELS,270.0,14,1,2.533333333333333
55.5,ELS,270.0,15,1,0.8
55.5,ELS,270.0,16,1,1.0666666666666667
55.5,ELS,270.0,20,1,7.6
55.5,ELS,270.0,22,1,3.2
55.5,ELS,270.0,29,1,0.4
55.5,ELS,270.0,32,1,3.2
55.5,ELS,270.0,34,1,0.4
55.5,ELS,270.0,35,1,2.0
55.5,ELS,270.0,36,1,0.13333333333333333
55.5,ELS,270.0,37,1,9.2
55.5,ELS,300.0,0,1,12.933333333333334
55.5,ELS,300.0,1,1,34.0
55.5,ELS,300.0,2,1,9.866666666666667
55.5,ELS,300.0,3,1,6.933333333333333
55.5,ELS,300.0,5,1,13.466666666666665
55.5,ELS,300.0,9,1,0.13333333333333333
55.5,ELS,300.0,10,1,6.800000000000001
55.5,ELS,300.0,11,1,0.4
55.5,ELS,300.0,14,1,3.0666666666666664
55.5,ELS,300.0,15,1,1.4666666666666666
55.5,ELS,300.0,16,1,2.4
55.5,ELS,300.0,17,1,1.7333333333333332
55.5,ELS,300.0,22,1,1.7333333333333332
55.5,ELS,300.0,111,1,5.066666666666666
55.5,ELS,330.0,0,1,18.0
55.5,ELS,330.0,1,1,42.266666666666666
55.5,ELS,330.0,3,1,6.800000000000001
55.5,ELS,330.0,4,1,5.066666666666666
55.5,ELS,330.0,5,1,1.7333333333333332
55.5,ELS,330.0,6,1,9.2
55.5,ELS,330.0,7,1,4.3999999999999995
55.5,ELS,330.0,9,1,0.5333333333333333
55.5,ELS,330.0,12,1,0.8
55.5,ELS,330.0,14,1,1.7333333333333332
55.5,ELS,330.0,15,1,0.5333333333333333
55.5,ELS,330.0,19,1,1.0666666666666667
55.5,ELS,330.0,22,1,3.733333333333334
55.5,ELS,330.0,37,1,4.133333333333333
55.5,ELS,360.0,0,1,7.466666666666668
55.5,ELS,360.0,1,1,14.933333333333335
55.5,ELS,360.0,2,1,1.4666666666666666
55.5,ELS,360.0,3,1,20.933333333333334
55.5,ELS,360.0,4,1,1.3333333333333335
55.5,ELS,360.0,5,1,3.8666666666666667
55.5,ELS,360.0,6,1,8.133333333333333
55.5,ELS,360.0,7,1,1.2
55.5,ELS,360.0,8,1,0.4
55.5,ELS,360.0,9,1,0.13333333333333333
55.5,ELS,360.0,10,1,2.666666666666667
55.5,ELS,360.0,11,1,1.6
55.5,ELS,360.0,14,1,3.5999999999999996
55.5,ELS,360.0,19,1,1.6
55.5,ELS,360.0,20,1,6.800000000000001
55.5,ELS,360.0,22,1,2.0
55.5,ELS,360.0,29,1,0.9333333333333335
55.5,ELS,360.0,30,1,0.8
55.5,ELS,360.0,32,1,4.0
55.5,ELS,360.0,33,1,0.4
55.5,ELS,360.0,37,1,15.733333333333333
55.5,ELS,390.0,0,1,5.866666666666666
55.5,ELS,390.0,1,1,29.86666666666667
55.5,ELS,390.0,3,1,6.4
55.5,ELS,390.0,4,1,6.933333333333333
55.5,ELS,390.0,5,1,2.1333333333333333
55.5,ELS,390.0,6,1,14.133333333333335
55.5,ELS,390.0,7,1,4.0
55.5,ELS,390.0,8,1,0.13333333333333333
55.5,ELS,390.0,9,1,0.13333333333333333
55.5,ELS,390.0,10,1,4.533333333333333
55.5,ELS,390.0,16,1,3.5999999999999996
55.5,ELS,390.0,17,1,2.4
55.5,ELS,390.0,19,1,1.3333333333333335
55.5,ELS,390.0,20,1,4.266666666666667
55.5,ELS,390.0,28,1,2.0
55.5,ELS,390.0,37,1,2.933333333333333
55.5,ELS,390.0,111,1,9.333333333333334
55.5,ELS,420.0,0,1,9.066666666666666
55.5,ELS,420.0,1,1,47.733333333333334
55.5,ELS,420.0,2,1,16.0
55.5,ELS,420.0,3,1,8.266666666666666
55.5,ELS,420.0,4,1,2.666666666666667
55.5,ELS,420.0,5,1,8.4
55.5,ELS,420.0,7,1,1.0666666666666667
55.5,ELS,420.0,8,1,0.8
55.5,ELS,420.0,11,1,2.4
55.5,ELS,420.0,14,1,1.2
55.5,ELS,420.0,15,1,0.9333333333333335
55.5,ELS,420.0,17,1,1.3333333333333335
55.5,ELS,420.0,24,1,0.13333333333333333
56.3,ELS,0.0,1,1,5.733333333333333
56.3,ELS,0.0,2,1,30.4
56.3,ELS,0.0,5,1,13.200000000000001
56.3,ELS,0.0,7,1,0.6666666666666667
56.3,ELS,0.0,10,1,16.133333333333333
56.3,ELS,0.0,12,1,9.733333333333333
56.3,ELS,0.0,14,1,6.800000000000001
56.3,ELS,0.0,15,1,3.5999999999999996
56.3,ELS,0.0,37,1,13.733333333333334
56.3,ELS,30.0,1,1,14.933333333333335
56.3,ELS,30.0,2,1,16.53333333333333
56.3,ELS,30.0,3,1,8.799999999999999
56.3,ELS,30.0,4,1,10.133333333333333
56.3,ELS,30.0,5,1,15.866666666666667
56.3,ELS,30.0,10,1,3.4666666666666663
56.3,ELS,30.0,11,1,5.333333333333334
56.3,ELS,30.0,12,1,1.2
56.3,ELS,30.0,14,1,4.3999999999999995
56.3,ELS,30.0,15,1,1.4666666666666666
56.3,ELS,30.0,16,1,1.866666666666667
56.3,ELS,30.0,32,1,3.0666666666666664
56.3,ELS,30.0,41,1,2.933333333333333
56.3,ELS,30.0,111,1,10.0
56.3,ELS,60.0,0,1,2.8000000000000003
56.3,ELS,60.0,1,1,16.0
56.3,ELS,60.0,2,1,2.1333333333333333
56.3,ELS,60.0,3,1,8.666666666666668
56.3,ELS,60.0,4,1,2.0
56.3,ELS,60.0,5,1,10.666666666666668
56.3,ELS,60.0,8,1,0.8
56.3,ELS,60.0,9,1,1.0666666666666667
56.3,ELS,60.0,10,1,13.333333333333334
56.3,ELS,60.0,11,1,3.4666666666666663
56.3,ELS,60.0,12,1,1.0666666666666667
56.3,ELS,60.0,14,1,4.133333333333333
56.3,ELS,60.0,15,1,0.9333333333333335
56.3,ELS,60.0,16,1,0.6666666666666667
56.3,ELS,60.0,19,1,1.4666666666666666
56.3,ELS,60.0,20,1,5.333333333333334
56.3,ELS,60.0,22,1,3.4666666666666663
56.3,ELS,60.0,23,1,0.13333333333333333
56.3,ELS,60.0,25,1,9.466666666666667
56.3,ELS,60.0,31,1,0.9333333333333335
56.3,ELS,60.0,37,1,4.933333333333334
56.3,ELS,60.0,42,1,1.7333333333333332
56.3,ELS,60.0,111,1,4.8
56.3,ELS,90.0,0,1,1.4666666666666666
56.3,ELS,90.0,1,1,6.4
56.3,ELS,90.0,2,1,5.733333333333333
56.3,ELS,90.0,3,1,32.266666666666666
56.3,ELS,90.0,4,1,3.5999999999999996
56.3,ELS,90.0,5,1,2.933333333333333
56.3,ELS,90.0,6,1,2.1333333333333333
56.3,ELS,90.0,7,1,0.6666666666666667
56.3,ELS,90.0,8,1,0.13333333333333333
56.3,ELS,90.0,10,1,13.733333333333334
56.3,ELS,90.0,11,1,7.6
56.3,ELS,90.0,12,1,1.6
56.3,ELS,90.0,14,1,4.666666666666667
56.3,ELS,90.0,15,1,2.1333333333333333
56.3,ELS,90.0,16,1,0.5333333333333333
56.3,ELS,90.0,17,1,2.8000000000000003
56.3,ELS,90.0,21,1,2.533333333333333
56.3,ELS,90.0,111,1,9.066666666666666
56.3,ELS,120.0,0,1,2.8000000000000003
56.3,ELS,120.0,1,1,10.933333333333334
56.3,ELS,120.0,2,1,15.333333333333332
56.3,ELS,120.0,3,1,14.133333333333335
56.3,ELS,120.0,4,1,0.6666666666666667
56.3,ELS,120.0,5,1,5.333333333333334
56.3,ELS,120.0,8,1,0.6666666666666667
56.3,ELS,120.0,9,1,1.2
56.3,ELS,120.0,10,1,13.600000000000001
56.3,ELS,120.0,11,1,5.2
56.3,ELS,120.0,12,1,1.6
56.3,ELS,120.0,14,1,3.0666666666666664
56.3,ELS,120.0,17,1,4.266666666666667
56.3,ELS,120.0,25,1,10.266666666666667
56.3,ELS,120.0,111,1,10.933333333333334
56.3,ELS,150.0,0,1,7.066666666666667
56.3,ELS,150.0,1,1,11.866666666666667
56.3,ELS,150.0,2,1,7.333333333333333
56.3,ELS,150.0,3,1,11.600000000000001
56.3,ELS,150.0,5,1,7.333333333333333
56.3,ELS,150.0,6,1,4.533333333333333
56.3,ELS,150.0,8,1,0.26666666666666666
56.3,ELS,150.0,10,1,12.933333333333334
56.3,ELS,150.0,11,1,4.266666666666667
56.3,ELS,150.0,12,1,0.9333333333333335
56.3,ELS,150.0,14,1,6.933333333333333
56.3,ELS,150.0,15,1,1.0666666666666667
56.3,ELS,150.0,19,1,1.6
56.3,ELS,150.0,21,1,2.8000000000000003
56.3,ELS,150.0,31,1,1.3333333333333335
56.3,ELS,150.0,33,1,0.13333333333333333
56.3,ELS,150.0,111,1,18.0
56.3,ELS,180.0,0,1,31.733333333333334
56.3,ELS,180.0,1,1,6.533333333333332
56.3,ELS,180.0,2,1,10.666666666666668
56.3,ELS,180.0,3,1,14.399999999999999
56.3,ELS,180.0,4,1,2.533333333333333
56.3,ELS,180.0,5,1,5.333333333333334
56.3,ELS,180.0,6,1,1.0666666666666667
56.3,ELS,180.0,7,1,1.7333333333333332
56.3,ELS,180.0,8,1,0.8
56.3,ELS,180.0,9,1,0.8
56.3,ELS,180.0,10,1,10.0
56.3,ELS,180.0,11,1,0.26666666666666666
56.3,ELS,180.0,12,1,1.3333333333333335
56.3,ELS,180.0,14,1,2.666666666666667
56.3,ELS,180.0,20,1,3.0666666666666664
56.3,ELS,180.0,21,1,3.3333333333333335
56.3,ELS,180.0,30,1,0.8
56.3,ELS,180.0,111,1,2.933333333333333
56.3,ELS,210.0,0,1,22.26666666666667
56.3,ELS,210.0,1,1,10.266666666666667
56.3,ELS,210.0,2,1,1.4666666666666666
56.3,ELS,210.0,3,1,13.333333333333334
56.3,ELS,210.0,4,1,4.0
56.3,ELS,210.0,5,1,6.133333333333333
56.3,ELS,210.0,6,1,11.466666666666667
56.3,ELS,210.0,9,1,0.4
56.3,ELS,210.0,10,1,12.133333333333333
56.3,ELS,210.0,12,1,2.933333333333333
56.3,ELS,210.0,14,1,1.866666666666667
56.3,ELS,210.0,15,1,0.8
56.3,ELS,210.0,20,1,3.3333333333333335
56.3,ELS,210.0,21,1,0.9333333333333335
56.3,ELS,210.0,22,1,1.4666666666666666
56.3,ELS,210.0,35,1,1.6
56.3,ELS,210.0,38,1,4.666666666666667
56.3,ELS,210.0,46,1,0.9333333333333335
56.3,ELS,240.0,0,1,7.6
56.3,ELS,240.0,1,1,34.66666666666667
56.3,ELS,240.0,2,1,10.133333333333333
56.3,ELS,240.0,3,1,3.8666666666666667
56.3,ELS,240.0,5,1,15.333333333333332
56.3,ELS,240.0,7,1,0.4
56.3,ELS,240.0,9,1,0.8
56.3,ELS,240.0,10,1,4.0
56.3,ELS,240.0,14,1,5.2
56.3,ELS,240.0,15,1,2.666666666666667
56.3,ELS,240.0,17,1,1.4666666666666666
56.3,ELS,240.0,22,1,2.8000000000000003
56.3,ELS,240.0,28,1,4.133333333333333
56.3,ELS,240.0,111,1,6.933333333333333
56.3,ELS,270.0,0,1,36.53333333333333
56.3,ELS,270.0,1,1,19.466666666666665
56.3,ELS,270.0,3,1,9.066666666666666
56.3,ELS,270.0,5,1,8.533333333333333
56.3,ELS,270.0,6,1,5.733333333333333
56.3,ELS,270.0,7,1,1.2
56.3,ELS,270.0,10,1,6.666666666666667
56.3,ELS,270.0,20,1,3.0666666666666664
56.3,ELS,270.0,21,1,3.0666666666666664
56.3,ELS,270.0,28,1,4.3999999999999995
56.3,ELS,270.0,30,1,2.2666666666666666
56.3,ELS,300.0,0,1,31.333333333333336
56.3,ELS,300.0,1,1,30.533333333333335
56.3,ELS,300.0,5,1,5.466666666666667
56.3,ELS,300.0,6,1,5.2
56.3,ELS,300.0,7,1,1.6
56.3,ELS,300.0,10,1,9.2
56.3,ELS,300.0,13,1,9.066666666666666
56.3,ELS,300.0,14,1,1.0666666666666667
56.3,ELS,300.0,16,1,0.26666666666666666
56.3,ELS,300.0,20,1,3.733333333333334
56.3,ELS,300.0,23,1,1.866666666666667
56.3,ELS,300.0,30,1,0.6666666666666667
56.3,ELS,330.0,0,1,31.466666666666665
56.3,ELS,330.0,1,1,28.133333333333333
56.3,ELS,330.0,2,1,0.26666666666666666
56.3,ELS,330.0,3,1,11.200000000000001
56.3,ELS,330.0,5,1,4.933333333333334
56.3,ELS,330.0,10,1,3.3333333333333335
56.3,ELS,330.0,12,1,3.8666666666666667
56.3,ELS,330.0,15,1,2.8000000000000003
56.3,ELS,330.0,27,1,0.9333333333333335
56.3,ELS,330.0,111,1,13.066666666666665
56.3,ELS,360.0,0,1,43.733333333333334
56.3,ELS,360.0,1,1,14.266666666666666
56.3,ELS,360.0,3,1,10.533333333333333
56.3,ELS,360.0,4,1,1.0666666666666667
56.3,ELS,360.0,5,1,9.066666666666666
56.3,ELS,360.0,6,1,2.2666666666666666
56.3,ELS,360.0,9,1,0.13333333333333333
56.3,ELS,360.0,10,1,2.933333333333333
56.3,ELS,360.0,12,1,1.2
56.3,ELS,360.0,13,1,11.866666666666667
56.3,ELS,360.0,16,1,2.2666666666666666
56.3,ELS,360.0,29,1,0.6666666666666667
56.3,ELS,390.0,0,1,18.8
56.3,ELS,390.0,1,1,37.733333333333334
56.3,ELS,390.0,2,1,1.6
56.3,ELS,390.0,3,1,8.799999999999999
56.3,ELS,390.0,5,1,6.666666666666667
56.3,ELS,390.0,10,1,6.0
56.3,ELS,390.0,16,1,1.6
56.3,ELS,390.0,22,1,1.2
56.3,ELS,390.0,25,1,2.4
56.3,ELS,390.0,28,1,6.0
56.3,ELS,390.0,32,1,2.1333333333333333
56.3,ELS,390.0,111,1,7.066666666666667
56.3,ELS,420.0,0,1,45.86666666666667
56.3,ELS,420.0,1,1,9.066666666666666
56.3,ELS,420.0,2,1,2.0
56.3,ELS,420.0,3,1,2.533333333333333
56.3,ELS,420.0,5,1,4.533333333333333
56.3,ELS,420.0,6,1,3.5999999999999996
56.3,ELS,420.0,7,1,1.0666666666666667
56.3,ELS,420.0,10,1,0.4
56.3,ELS,420.0,11,1,0.13333333333333333
56.3,ELS,420.0,20,1,18.666666666666668
56.3,ELS,420.0,28,1,12.133333333333333
58.5,Control,0.0,1,1,23.200000000000003
58.5,Control,0.0,2,1,14.533333333333335
58.5,Control,0.0,3,1,2.4
58.5,Control,0.0,4,1,1.0666666666666667
58.5,Control,0.0,5,1,17.466666666666665
58.5,Control,0.0,7,1,3.4666666666666663
58.5,Control,0.0,8,1,0.4
58.5,Control,0.0,9,1,1.4666666666666666
58.5,Control,0.0,10,1,5.066666666666666
58.5,Control,0.0,11,1,1.0666666666666667
58.5,Control,0.0,12,1,1.4666666666666666
58.5,Control,0.0,14,1,6.666666666666667
58.5,Control,0.0,15,1,1.0666666666666667
58.5,Control,0.0,16,1,1.6
58.5,Control,0.0,17,1,1.4666666666666666
58.5,Control,0.0,19,1,2.4
58.5,Control,0.0,21,1,3.8666666666666667
58.5,Control,0.0,23,1,0.4
58.5,Control,0.0,25,1,4.133333333333333
58.5,Control,0.0,30,1,1.866666666666667
58.5,Control,0.0,31,1,1.2
58.5,Control,0.0,33,1,0.13333333333333333
58.5,Control,0.0,38,1,0.5333333333333333
58.5,Control,0.0,111,1,3.0666666666666664
58.5,Control,30.0,0,1,0.9333333333333335
58.5,Control,30.0,1,1,5.866666666666666
58.5,Control,30.0,2,1,40.0
58.5,Control,30.0,3,1,5.733333333333333
58.5,Control,30.0,4,1,0.9333333333333335
58.5,Control,30.0,5,1,3.733333333333334
58.5,Control,30.0,6,1,1.2
58.5,Control,30.0,7,1,3.0666666666666664
58.5,Control,30.0,8,1,0.4
58.5,Control,30.0,9,1,3.3333333333333335
58.5,Control,30.0,10,1,5.6000000000000005
58.5,Control,30.0,11,1,5.466666666666667
58.5,Control,30.0,12,1,4.0
58.5,Control,30.0,14,1,6.4
58.5,Control,30.0,15,1,0.6666666666666667
58.5,Control,30.0,16,1,3.3333333333333335
58.5,Control,30.0,21,1,0.5333333333333333
58.5,Control,30.0,23,1,0.9333333333333335
58.5,Control,30.0,25,1,1.3333333333333335
58.5,Control,30.0,29,1,0.6666666666666667
58.5,Control,30.0,34,1,0.13333333333333333
58.5,Control,30.0,42,1,0.6666666666666667
58.5,Control,30.0,111,1,5.066666666666666
58.5,Control,60.0,0,1,4.266666666666667
58.5,Control,60.0,1,1,18.4
58.5,Control,60.0,2,1,10.0
58.5,Control,60.0,3,1,4.533333333333333
58.5,Control,60.0,5,1,4.133333333333333
58.5,Control,60.0,6,1,2.1333333333333333
58.5,Control,60.0,7,1,1.866666666666667
58.5,Control,60.0,8,1,0.13333333333333333
58.5,Control,60.0,9,1,3.4666666666666663
58.5,Control,60.0,10,1,11.200000000000001
58.5,Control,60.0,11,1,0.5333333333333333
58.5,Control,60.0,12,1,2.8000000000000003
58.5,Control,60.0,14,1,11.066666666666666
58.5,Control,60.0,15,1,1.0666666666666667
58.5,Control,60.0,16,1,2.1333333333333333
58.5,Control,60.0,17,1,0.4
58.5,Control,60.0,21,1,2.8000000000000003
58.5,Control,60.0,25,1,0.8
58.5,Control,60.0,27,1,2.0
58.5,Control,60.0,32,1,3.5999999999999996
58.5,Control,60.0,111,1,12.666666666666668
58.5,Control,90.0,0,1,3.2
58.5,Control,90.0,1,1,10.133333333333333
58.5,Control,90.0,2,1,15.333333333333332
58.5,Control,90.0,3,1,15.733333333333333
58.5,Control,90.0,4,1,3.4666666666666663
58.5,Control,90.0,6,1,0.6666666666666667
58.5,Control,90.0,8,1,0.8
58.5,Control,90.0,9,1,4.666666666666667
58.5,Control,90.0,10,1,9.466666666666667
58.5,Control,90.0,11,1,1.866666666666667
58.5,Control,90.0,12,1,1.4666666666666666
58.5,Control,90.0,14,1,7.466666666666668
58.5,Control,90.0,15,1,0.9333333333333335
58.5,Control,90.0,16,1,5.333333333333334
58.5,Control,90.0,22,1,7.6
58.5,Control,90.0,23,1,0.26666666666666666
58.5,Control,90.0,31,1,1.0666666666666667
58.5,Control,90.0,33,1,0.9333333333333335
58.5,Control,90.0,111,1,9.6
58.5,Control,120.0,0,1,3.733333333333334
58.5,Control,120.0,1,1,6.4
58.5,Control,120.0,2,1,0.9333333333333335
58.5,Control,120.0,3,1,29.46666666666667
58.5,Control,120.0,4,1,1.7333333333333332
58.5,Control,120.0,5,1,4.533333333333333
58.5,Control,120.0,6,1,4.666666666666667
58.5,Control,120.0,8,1,0.8
58.5,Control,120.0,9,1,1.7333333333333332
58.5,Control,120.0,10,1,7.6
58.5,Control,120.0,11,1,6.533333333333332
58.5,Control,120.0,12,1,0.5333333333333333
58.5,Control,120.0,13,1,6.0
58.5,Control,120.0,14,1,6.933333333333333
58.5,Control,120.0,16,1,1.4666666666666666
58.5,Control,120.0,19,1,0.6666666666666667
58.5,Control,120.0,23,1,0.13333333333333333
58.5,Control,120.0,31,1,0.6666666666666667
58.5,Control,120.0,36,1,1.4666666666666666
58.5,Control,120.0,111,1,14.000000000000002
58.5,Control,150.0,1,1,29.333333333333332
58.5,Control,150.0,2,1,18.4
58.5,Control,150.0,3,1,1.6
58.5,Control,150.0,4,1,0.6666666666666667
58.5,Control,150.0,5,1,4.533333333333333
58.5,Control,150.0,8,1,1.4666666666666666
58.5,Control,150.0,9,1,2.533333333333333
58.5,Control,150.0,10,1,4.933333333333334
58.5,Control,150.0,11,1,6.933333333333333
58.5,Control,150.0,12,1,0.4
58.5,Control,150.0,14,1,10.266666666666667
58.5,Control,150.0,16,1,4.3999999999999995
58.5,Control,150.0,19,1,0.6666666666666667
58.5,Control,150.0,22,1,3.4666666666666663
58.5,Control,150.0,23,1,1.4666666666666666
58.5,Control,150.0,29,1,0.4
58.5,Control,150.0,30,1,1.0666666666666667
58.5,Control,150.0,36,1,0.6666666666666667
58.5,Control,150.0,41,1,2.933333333333333
58.5,Control,150.0,111,1,3.8666666666666667
58.5,Control,180.0,0,1,5.2
58.5,Control,180.0,1,1,11.200000000000001
58.5,Control,180.0,2,1,20.4
58.5,Control,180.0,3,1,10.133333333333333
58.5,Control,180.0,4,1,3.4666666666666663
58.5,Control,180.0,5,1,2.2666666666666666
58.5,Control,180.0,6,1,4.533333333333333
58.5,Control,180.0,7,1,7.866666666666666
58.5,Control,180.0,8,1,1.3333333333333335
58.5,Control,180.0,9,1,2.4
58.5,Control,180.0,11,1,1.0666666666666667
58.5,Control,180.0,14,1,7.6
58.5,Control,180.0,15,1,3.2
58.5,Control,180.0,16,1,2.1333333333333333
58.5,Control,180.0,17,1,3.733333333333334
58.5,Control,180.0,19,1,2.933333333333333
58.5,Control,180.0,23,1,0.4
58.5,Control,180.0,25,1,2.533333333333333
58.5,Control,180.0,33,1,0.26666666666666666
58.5,Control,180.0,49,1,0.6666666666666667
58.5,Control,180.0,111,1,6.666666666666667
58.5,Control,210.0,0,1,11.733333333333333
58.5,Control,210.0,1,1,40.400000000000006
58.5,Control,210.0,2,1,12.4
58.5,Control,210.0,3,1,2.2666666666666666
58.5,Control,210.0,6,1,6.533333333333332
58.5,Control,210.0,7,1,6.266666666666667
58.5,Control,210.0,9,1,1.866666666666667
58.5,Control,210.0,10,1,4.3999999999999995
58.5,Control,210.0,11,1,0.13333333333333333
58.5,Control,210.0,14,1,0.5333333333333333
58.5,Control,210.0,15,1,5.6000000000000005
58.5,Control,210.0,20,1,5.6000000000000005
58.5,Control,210.0,25,1,2.2666666666666666
58.5,Control,240.0,0,1,18.4
58.5,Control,240.0,1,1,30.266666666666666
58.5,Control,240.0,2,1,6.133333333333333
58.5,Control,240.0,3,1,12.533333333333333
58.5,Control,240.0,4,1,3.4666666666666663
58.5,Control,240.0,5,1,2.0
58.5,Control,240.0,8,1,1.0666666666666667
58.5,Control,240.0,9,1,0.8
58.5,Control,240.0,10,1,1.7333333333333332
58.5,Control,240.0,11,1,1.2
58.5,Control,240.0,12,1,2.666666666666667
58.5,Control,240.0,14,1,0.9333333333333335
58.5,Control,240.0,15,1,0.26666666666666666
58.5,Control,240.0,20,1,5.733333333333333
58.5,Control,240.0,28,1,4.3999999999999995
58.5,Control,240.0,41,1,3.2
58.5,Control,240.0,79,1,0.8
58.5,Control,240.0,111,1,4.3999999999999995
58.5,Control,270.0,0,1,15.2
58.5,Control,270.0,1,1,16.666666666666664
58.5,Control,270.0,2,1,16.933333333333334
58.5,Control,270.0,3,1,6.800000000000001
58.5,Control,270.0,4,1,0.8
58.5,Control,270.0,5,1,1.7333333333333332
58.5,Control,270.0,6,1,6.666666666666667
58.5,Control,270.0,7,1,2.933333333333333
58.5,Control,270.0,9,1,2.8000000000000003
58.5,Control,270.0,10,1,1.6
58.5,Control,270.0,11,1,0.8
58.5,Control,270.0,15,1,3.8666666666666667
58.5,Control,270.0,17,1,2.2666666666666666
58.5,Control,270.0,21,1,1.4666666666666666
58.5,Control,270.0,22,1,5.6000000000000005
58.5,Control,270.0,25,1,3.4666666666666663
58.5,Control,270.0,29,1,0.13333333333333333
58.5,Control,270.0,37,1,10.266666666666667
58.5,Control,300.0,0,1,5.2
58.5,Control,300.0,1,1,26.93333333333333
58.5,Control,300.0,2,1,4.8
58.5,Control,300.0,3,1,9.066666666666666
58.5,Control,300.0,4,1,7.199999999999999
58.5,Control,300.0,5,1,6.4
58.5,Control,300.0,7,1,1.2
58.5,Control,300.0,8,1,1.2
58.5,Control,300.0,9,1,1.2
58.5,Control,300.0,10,1,5.066666666666666
58.5,Control,300.0,11,1,3.733333333333334
58.5,Control,300.0,12,1,1.6
58.5,Control,300.0,14,1,6.4
58.5,Control,300.0,15,1,2.4
58.5,Control,300.0,17,1,3.0666666666666664
58.5,Control,300.0,22,1,1.7333333333333332
58.5,Control,300.0,24,1,0.13333333333333333
58.5,Control,300.0,111,1,12.666666666666668
58.5,Control,330.0,0,1,28.133333333333333
58.5,Control,330.0,1,1,13.200000000000001
58.5,Control,330.0,2,1,1.6
58.5,Control,330.0,3,1,20.933333333333334
58.5,Control,330.0,4,1,12.533333333333333
58.5,Control,330.0,5,1,4.8
58.5,Control,330.0,7,1,0.5333333333333333
58.5,Control,330.0,8,1,1.6
58.5,Control,330.0,9,1,1.2
58.5,Control,330.0,10,1,6.266666666666667
58.5,Control,330.0,11,1,0.4
58.5,Control,330.0,14,1,2.2666666666666666
58.5,Control,330.0,17,1,4.0
58.5,Control,330.0,22,1,1.866666666666667
58.5,Control,330.0,33,1,0.4
58.5,Control,330.0,39,1,0.26666666666666666
58.5,Control,360.0,0,1,22.400000000000002
58.5,Control,360.0,1,1,3.733333333333334
58.5,Control,360.0,2,1,21.73333333333333
58.5,Control,360.0,3,1,12.8
58.5,Control,360.0,4,1,1.866666666666667
58.5,Control,360.0,8,1,0.13333333333333333
58.5,Control,360.0,9,1,0.8
58.5,Control,360.0,11,1,3.5999999999999996
58.5,Control,360.0,12,1,2.2666666666666666
58.5,Control,360.0,17,1,3.5999999999999996
58.5,Control,360.0,22,1,4.8
58.5,Control,360.0,28,1,12.0
58.5,Control,360.0,29,1,2.4
58.5,Control,360.0,31,1,3.0666666666666664
58.5,Control,360.0,80,1,0.26666666666666666
58.5,Control,360.0,111,1,4.533333333333333
58.5,Control,390.0,0,1,73.86666666666667
58.5,Control,390.0,1,1,10.4
58.5,Control,390.0,3,1,6.666666666666667
58.5,Control,390.0,4,1,3.3333333333333335
58.5,Control,390.0,6,1,0.26666666666666666
58.5,Control,390.0,9,1,1.7333333333333332
58.5,Control,390.0,11,1,0.8
58.5,Control,390.0,12,1,1.6
58.5,Control,390.0,29,1,0.26666666666666666
58.5,Control,390.0,36,1,1.0666666666666667
58.5,Control,420.0,0,1,48.8
58.5,Control,420.0,1,1,15.6
58.5,Control,420.0,3,1,14.000000000000002
58.5,Control,420.0,4,1,8.933333333333334
58.5,Control,420.0,5,1,1.3333333333333335
58.5,Control,420.0,8,1,0.4
58.5,Control,420.0,9,1,1.6
58.5,Control,420.0,11,1,0.9333333333333335
58.5,Control,420.0,15,1,1.7333333333333332
58.5,Control,420.0,22,1,3.4666666666666663
58.5,Control,420.0,38,1,0.9333333333333335
58.5,Control,420.0,40,1,2.2666666666666666
62.1,Control,0.0,1,1,5.733333333333333
62.1,Control,0.0,2,1,59.333333333333336
62.1,Control,0.0,5,1,0.6666666666666667
62.1,Control,0.0,7,1,0.9333333333333335
62.1,Control,0.0,9,1,0.6666666666666667
62.1,Control,0.0,10,1,7.466666666666668
62.1,Control,0.0,11,1,6.533333333333332
62.1,Control,0.0,12,1,0.5333333333333333
62.1,Control,0.0,14,1,7.466666666666668
62.1,Control,0.0,19,1,5.2
62.1,Control,0.0,22,1,5.466666666666667
62.1,Control,30.0,1,1,3.3333333333333335
62.1,Control,30.0,2,1,20.4
62.1,Control,30.0,3,1,1.3333333333333335
62.1,Control,30.0,4,1,0.8
62.1,Control,30.0,5,1,19.066666666666666
62.1,Control,30.0,7,1,7.333333333333333
62.1,Control,30.0,8,1,0.26666666666666666
62.1,Control,30.0,9,1,4.133333333333333
62.1,Control,30.0,10,1,1.0666666666666667
62.1,Control,30.0,11,1,3.4666666666666663
62.1,Control,30.0,12,1,1.3333333333333335
62.1,Control,30.0,14,1,8.933333333333334
62.1,Control,30.0,15,1,5.333333333333334
62.1,Control,30.0,16,1,1.6
62.1,Control,30.0,17,1,0.9333333333333335
62.1,Control,30.0,19,1,3.5999999999999996
62.1,Control,30.0,22,1,4.0
62.1,Control,30.0,25,1,4.933333333333334
62.1,Control,30.0,31,1,0.6666666666666667
62.1,Control,30.0,111,1,7.466666666666668
62.1,Control,60.0,1,1,19.333333333333332
62.1,Control,60.0,2,1,30.933333333333334
62.1,Control,60.0,3,1,6.0
62.1,Control,60.0,5,1,5.333333333333334
62.1,Control,60.0,7,1,2.0
62.1,Control,60.0,9,1,0.9333333333333335
62.1,Control,60.0,10,1,2.4
62.1,Control,60.0,12,1,0.6666666666666667
62.1,Control,60.0,13,1,2.8000000000000003
62.1,Control,60.0,14,1,2.4
62.1,Control,60.0,15,1,2.8000000000000003
62.1,Control,60.0,16,1,1.0666666666666667
62.1,Control,60.0,17,1,0.4
62.1,Control,60.0,19,1,1.0666666666666667
62.1,Control,60.0,20,1,0.8
62.1,Control,60.0,111,1,21.066666666666666
62.1,Control,90.0,1,1,2.666666666666667
62.1,Control,90.0,2,1,34.53333333333333
62.1,Control,90.0,3,1,10.0
62.1,Control,90.0,4,1,1.3333333333333335
62.1,Control,90.0,7,1,3.733333333333334
62.1,Control,90.0,8,1,0.4
62.1,Control,90.0,9,1,0.8
62.1,Control,90.0,10,1,5.733333333333333
62.1,Control,90.0,11,1,2.4
62.1,Control,90.0,14,1,5.066666666666666
62.1,Control,90.0,15,1,5.733333333333333
62.1,Control,90.0,16,1,0.9333333333333335
62.1,Control,90.0,17,1,6.4
62.1,Control,90.0,19,1,2.8000000000000003
62.1,Control,90.0,20,1,0.8
62.1,Control,90.0,24,1,0.13333333333333333
62.1,Control,90.0,29,1,0.26666666666666666
62.1,Control,90.0,111,1,16.266666666666666
62.1,Control,120.0,1,1,8.799999999999999
62.1,Control,120.0,2,1,26.0
62.1,Control,120.0,3,1,1.866666666666667
62.1,Control,120.0,4,1,2.0
62.1,Control,120.0,5,1,4.3999999999999995
62.1,Control,120.0,7,1,2.8000000000000003
62.1,Control,120.0,8,1,0.5333333333333333
62.1,Control,120.0,9,1,0.5333333333333333
62.1,Control,120.0,10,1,2.8000000000000003
62.1,Control,120.0,11,1,7.466666666666668
62.1,Control,120.0,12,1,0.9333333333333335
62.1,Control,120.0,15,1,2.0
62.1,Control,120.0,16,1,3.5999999999999996
62.1,Control,120.0,19,1,1.6
62.1,Control,120.0,22,1,6.266666666666667
62.1,Control,120.0,25,1,0.9333333333333335
62.1,Control,120.0,33,1,0.26666666666666666
62.1,Control,120.0,37,1,2.2666666666666666
62.1,Control,120.0,111,1,24.933333333333334
62.1,Control,150.0,0,1,2.1333333333333333
62.1,Control,150.0,1,1,5.333333333333334
62.1,Control,150.0,2,1,35.46666666666667
62.1,Control,150.0,3,1,20.4
62.1,Control,150.0,4,1,2.1333333333333333
62.1,Control,150.0,5,1,6.4
62.1,Control,150.0,8,1,2.4
62.1,Control,150.0,9,1,1.3333333333333335
62.1,Control,150.0,11,1,1.3333333333333335
62.1,Control,150.0,12,1,4.533333333333333
62.1,Control,150.0,14,1,4.0
62.1,Control,150.0,15,1,2.933333333333333
62.1,Control,150.0,16,1,1.4666666666666666
62.1,Control,150.0,19,1,1.866666666666667
62.1,Control,150.0,21,1,2.2666666666666666
62.1,Control,150.0,22,1,1.2
62.1,Control,150.0,29,1,0.6666666666666667
62.1,Control,150.0,111,1,4.133333333333333
62.1,Control,180.0,0,1,4.3999999999999995
62.1,Control,180.0,1,1,19.2
62.1,Control,180.0,2,1,30.0
62.1,Control,180.0,3,1,6.533333333333332
62.1,Control,180.0,4,1,0.4
62.1,Control,180.0,5,1,4.933333333333334
62.1,Control,180.0,6,1,2.1333333333333333
62.1,Control,180.0,9,1,0.8
62.1,Control,180.0,11,1,2.533333333333333
62.1,Control,180.0,12,1,1.2
62.1,Control,180.0,14,1,4.0
62.1,Control,180.0,15,1,0.8
62.1,Control,180.0,16,1,0.5333333333333333
62.1,Control,180.0,19,1,0.8
62.1,Control,180.0,20,1,6.0
62.1,Control,180.0,22,1,0.9333333333333335
62.1,Control,180.0,23,1,2.2666666666666666
62.1,Control,180.0,30,1,1.4666666666666666
62.1,Control,180.0,111,1,11.066666666666666
62.1,Control,210.0,0,1,3.4666666666666663
62.1,Control,210.0,1,1,23.066666666666666
62.1,Control,210.0,2,1,18.53333333333333
62.1,Control,210.0,3,1,4.0
62.1,Control,210.0,4,1,3.5999999999999996
62.1,Control,210.0,5,1,18.8
62.1,Control,210.0,7,1,6.266666666666667
62.1,Control,210.0,8,1,0.5333333333333333
62.1,Control,210.0,9,1,0.26666666666666666
62.1,Control,210.0,12,1,1.3333333333333335
62.1,Control,210.0,15,1,8.133333333333333
62.1,Control,210.0,19,1,1.866666666666667
62.1,Control,210.0,22,1,0.6666666666666667
62.1,Control,210.0,32,1,1.6
62.1,Control,210.0,41,1,1.6
62.1,Control,210.0,111,1,6.266666666666667
62.1,Control,240.0,0,1,8.933333333333334
62.1,Control,240.0,1,1,4.3999999999999995
62.1,Control,240.0,2,1,17.2
62.1,Control,240.0,3,1,14.799999999999999
62.1,Control,240.0,4,1,0.6666666666666667
62.1,Control,240.0,5,1,8.266666666666666
62.1,Control,240.0,7,1,3.8666666666666667
62.1,Control,240.0,8,1,0.13333333333333333
62.1,Control,240.0,9,1,1.3333333333333335
62.1,Control,240.0,10,1,2.8000000000000003
62.1,Control,240.0,11,1,1.3333333333333335
62.1,Control,240.0,12,1,1.2
62.1,Control,240.0,14,1,5.866666666666666
62.1,Control,240.0,19,1,0.8
62.1,Control,240.0,20,1,2.666666666666667
62.1,Control,240.0,23,1,2.4
62.1,Control,240.0,25,1,0.8
62.1,Control,240.0,30,1,0.5333333333333333
62.1,Control,240.0,31,1,2.666666666666667
62.1,Control,240.0,35,1,0.5333333333333333
62.1,Control,240.0,37,1,5.6000000000000005
62.1,Control,240.0,40,1,0.4
62.1,Control,240.0,45,1,1.2
62.1,Control,240.0,111,1,11.600000000000001
62.1,Control,270.0,0,1,11.066666666666666
62.1,Control,270.0,1,1,20.0
62.1,Control,270.0,3,1,14.799999999999999
62.1,Control,270.0,5,1,12.533333333333333
62.1,Control,270.0,8,1,0.4
62.1,Control,270.0,13,1,13.333333333333334
62.1,Control,270.0,15,1,0.9333333333333335
62.1,Control,270.0,16,1,1.3333333333333335
62.1,Control,270.0,20,1,5.466666666666667
62.1,Control,270.0,21,1,0.9333333333333335
62.1,Control,270.0,23,1,1.866666666666667
62.1,Control,270.0,25,1,1.0666666666666667
62.1,Control,270.0,30,1,2.933333333333333
62.1,Control,270.0,31,1,1.4666666666666666
62.1,Control,270.0,32,1,7.066666666666667
62.1,Control,270.0,111,1,4.8
62.1,Control,300.0,0,1,12.266666666666666
62.1,Control,300.0,1,1,12.0
62.1,Control,300.0,2,1,10.8
62.1,Control,300.0,3,1,16.933333333333334
62.1,Control,300.0,4,1,7.199999999999999
62.1,Control,300.0,5,1,6.533333333333332
62.1,Control,300.0,6,1,4.3999999999999995
62.1,Control,300.0,7,1,4.8
62.1,Control,300.0,8,1,0.5333333333333333
62.1,Control,300.0,9,1,0.26666666666666666
62.1,Control,300.0,10,1,2.0
62.1,Control,300.0,11,1,2.1333333333333333
62.1,Control,300.0,15,1,1.3333333333333335
62.1,Control,300.0,16,1,0.9333333333333335
62.1,Control,300.0,19,1,1.3333333333333335
62.1,Control,300.0,22,1,1.4666666666666666
62.1,Control,300.0,24,1,0.5333333333333333
62.1,Control,300.0,25,1,3.4666666666666663
62.1,Control,300.0,29,1,1.4666666666666666
62.1,Control,300.0,31,1,1.3333333333333335
62.1,Control,300.0,44,1,8.266666666666666
62.1,Control,330.0,0,1,22.666666666666664
62.1,Control,330.0,1,1,9.866666666666667
62.1,Control,330.0,2,1,15.466666666666667
62.1,Control,330.0,3,1,18.8
62.1,Control,330.0,5,1,4.8
62.1,Control,330.0,14,1,1.6
62.1,Control,330.0,15,1,1.3333333333333335
62.1,Control,330.0,17,1,3.2
62.1,Control,330.0,22,1,2.1333333333333333
62.1,Control,330.0,29,1,0.26666666666666666
62.1,Control,330.0,44,1,12.4
62.1,Control,330.0,111,1,7.466666666666668
62.1,Control,360.0,0,1,14.533333333333335
62.1,Control,360.0,1,1,17.733333333333334
62.1,Control,360.0,2,1,5.2
62.1,Control,360.0,3,1,4.533333333333333
62.1,Control,360.0,4,1,10.0
62.1,Control,360.0,5,1,4.133333333333333
62.1,Control,360.0,6,1,5.333333333333334
62.1,Control,360.0,8,1,2.0
62.1,Control,360.0,10,1,2.2666666666666666
62.1,Control,360.0,14,1,2.533333333333333
62.1,Control,360.0,16,1,1.7333333333333332
62.1,Control,360.0,18,1,1.2
62.1,Control,360.0,19,1,2.1333333333333333
62.1,Control,360.0,22,1,4.533333333333333
62.1,Control,360.0,23,1,2.666666666666667
62.1,Control,360.0,24,1,0.26666666666666666
62.1,Control,360.0,31,1,1.3333333333333335
62.1,Control,360.0,36,1,1.0666666666666667
62.1,Control,360.0,44,1,16.8
62.1,Control,390.0,0,1,42.66666666666667
62.1,Control,390.0,1,1,36.0
62.1,Control,390.0,3,1,5.733333333333333
62.1,Control,390.0,4,1,0.9333333333333335
62.1,Control,390.0,5,1,5.466666666666667
62.1,Control,390.0,6,1,5.2
62.1,Control,390.0,10,1,2.1333333333333333
62.1,Control,390.0,11,1,0.5333333333333333
62.1,Control,390.0,12,1,0.13333333333333333
62.1,Control,390.0,19,1,0.9333333333333335
62.1,Control,390.0,23,1,0.26666666666666666
62.1,Control,420.0,0,1,33.33333333333333
62.1,Control,420.0,1,1,21.6
62.1,Control,420.0,2,1,8.266666666666666
62.1,Control,420.0,3,1,3.0666666666666664
62.1,Control,420.0,4,1,5.6000000000000005
62.1,Control,420.0,5,1,9.733333333333333
62.1,Control,420.0,6,1,1.6
62.1,Control,420.0,7,1,1.6
62.1,Control,420.0,11,1,0.4
62.1,Control,420.0,13,1,3.2
62.1,Control,420.0,15,1,0.13333333333333333
62.1,Control,420.0,24,1,0.4
62.1,Control,420.0,28,1,5.333333333333334
62.1,Control,420.0,111,1,5.733333333333333
62.2,Control,0.0,0,1,1.3333333333333335
62.2,Control,0.0,1,1,15.466666666666667
62.2,Control,0.0,2,1,15.733333333333333
62.2,Control,0.0,3,1,20.0
62.2,Control,0.0,5,1,9.333333333333334
62.2,Control,0.0,6,1,8.4
62.2,Control,0.0,7,1,6.266666666666667
62.2,Control,0.0,9,1,0.4
62.2,Control,0.0,12,1,1.0666666666666667
62.2,Control,0.0,13,1,7.466666666666668
62.2,Control,0.0,14,1,3.4666666666666663
62.2,Control,0.0,22,1,4.266666666666667
62.2,Control,0.0,25,1,6.666666666666667
62.2,Control,0.0,43,1,0.13333333333333333
62.2,Control,30.0,0,1,4.533333333333333
62.2,Control,30.0,1,1,38.13333333333333
62.2,Control,30.0,2,1,7.199999999999999
62.2,Control,30.0,5,1,12.933333333333334
62.2,Control,30.0,6,1,4.666666666666667
62.2,Control,30.0,13,1,18.53333333333333
62.2,Control,30.0,14,1,1.866666666666667
62.2,Control,30.0,15,1,2.8000000000000003
62.2,Control,30.0,21,1,0.5333333333333333
62.2,Control,30.0,37,1,8.799999999999999
62.2,Control,60.0,0,1,27.333333333333332
62.2,Control,60.0,1,1,45.06666666666666
62.2,Control,60.0,2,1,7.733333333333333
62.2,Control,60.0,3,1,3.0666666666666664
62.2,Control,60.0,12,1,0.13333333333333333
62.2,Control,60.0,13,1,12.533333333333333
62.2,Control,60.0,17,1,4.133333333333333
62.2,Control,90.0,1,1,15.6
62.2,Control,90.0,2,1,33.86666666666667
62.2,Control,90.0,3,1,13.733333333333334
62.2,Control,90.0,6,1,11.200000000000001
62.2,Control,90.0,7,1,2.4
62.2,Control,90.0,9,1,0.5333333333333333
62.2,Control,90.0,10,1,4.266666666666667
62.2,Control,90.0,12,1,1.0666666666666667
62.2,Control,90.0,17,1,3.2
62.2,Control,90.0,111,1,14.133333333333335
62.2,Control,120.0,0,1,6.666666666666667
62.2,Control,120.0,1,1,26.93333333333333
62.2,Control,120.0,2,1,7.733333333333333
62.2,Control,120.0,3,1,17.599999999999998
62.2,Control,120.0,4,1,0.26666666666666666
62.2,Control,120.0,5,1,8.133333333333333
62.2,Control,120.0,6,1,13.200000000000001
62.2,Control,120.0,7,1,2.1333333333333333
62.2,Control,120.0,10,1,2.0
62.2,Control,120.0,11,1,3.4666666666666663
62.2,Control,120.0,15,1,3.8666666666666667
62.2,Control,120.0,20,1,3.3333333333333335
62.2,Control,120.0,24,1,0.4
62.2,Control,120.0,111,1,4.266666666666667
62.2,Control,150.0,0,1,11.466666666666667
62.2,Control,150.0,1,1,41.46666666666667
62.2,Control,150.0,2,1,9.466666666666667
62.2,Control,150.0,5,1,0.4
62.2,Control,150.0,11,1,3.0666666666666664
62.2,Control,150.0,15,1,0.9333333333333335
62.2,Control,150.0,20,1,13.466666666666665
62.2,Control,150.0,25,1,3.3333333333333335
62.2,Control,150.0,28,1,2.666666666666667
62.2,Control,150.0,111,1,13.733333333333334
62.2,Control,180.0,0,1,19.6
62.2,Control,180.0,1,1,25.733333333333334
62.2,Control,180.0,2,1,1.4666666666666666
62.2,Control,180.0,3,1,28.4
62.2,Control,180.0,5,1,0.5333333333333333
62.2,Control,180.0,6,1,4.8
62.2,Control,180.0,9,1,1.0666666666666667
62.2,Control,180.0,10,1,3.733333333333334
62.2,Control,180.0,11,1,2.533333333333333
62.2,Control,180.0,15,1,1.7333333333333332
62.2,Control,180.0,16,1,0.26666666666666666
62.2,Control,180.0,19,1,0.4
62.2,Control,180.0,23,1,2.0
62.2,Control,180.0,30,1,0.6666666666666667
62.2,Control,180.0,31,1,0.4
62.2,Control,180.0,34,1,0.8
62.2,Control,180.0,111,1,5.866666666666666
62.2,Control,210.0,0,1,30.533333333333335
62.2,Control,210.0,1,1,25.2
62.2,Control,210.0,3,1,14.799999999999999
62.2,Control,210.0,5,1,1.3333333333333335
62.2,Control,210.0,6,1,15.733333333333333
62.2,Control,210.0,10,1,0.9333333333333335
62.2,Control,210.0,13,1,7.6
62.2,Control,210.0,15,1,0.8
62.2,Control,210.0,19,1,3.0666666666666664
62.2,Control,240.0,0,1,26.13333333333333
62.2,Control,240.0,1,1,37.2
62.2,Control,240.0,2,1,1.4666666666666666
62.2,Control,240.0,3,1,5.866666666666666
62.2,Control,240.0,4,1,4.8
62.2,Control,240.0,5,1,3.733333333333334
62.2,Control,240.0,6,1,12.8
62.2,Control,240.0,12,1,0.8
62.2,Control,240.0,17,1,0.8
62.2,Control,240.0,26,1,3.0666666666666664
62.2,Control,240.0,41,1,3.3333333333333335
62.2,Control,270.0,0,1,20.8
62.2,Control,270.0,1,1,35.333333333333336
62.2,Control,270.0,2,1,1.866666666666667
62.2,Control,270.0,3,1,1.3333333333333335
62.2,Control,270.0,5,1,19.333333333333332
62.2,Control,270.0,7,1,1.2
62.2,Control,270.0,9,1,1.0666666666666667
62.2,Control,270.0,10,1,3.8666666666666667
62.2,Control,270.0,11,1,0.26666666666666666
62.2,Control,270.0,13,1,3.2
62.2,Control,270.0,16,1,1.7333333333333332
62.2,Control,270.0,19,1,2.4
62.2,Control,270.0,22,1,1.6
62.2,Control,270.0,37,1,2.2666666666666666
62.2,Control,270.0,111,1,3.733333333333334
62.2,Control,300.0,0,1,36.8
62.2,Control,300.0,1,1,12.933333333333334
62.2,Control,300.0,3,1,10.533333333333333
62.2,Control,300.0,4,1,2.2666666666666666
62.2,Control,300.0,5,1,7.866666666666666
62.2,Control,300.0,9,1,1.4666666666666666
62.2,Control,300.0,10,1,1.2
62.2,Control,300.0,13,1,7.199999999999999
62.2,Control,300.0,28,1,18.4
62.2,Control,300.0,32,1,1.3333333333333335
62.2,Control,330.0,0,1,18.53333333333333
62.2,Control,330.0,1,1,20.133333333333333
62.2,Control,330.0,2,1,16.8
62.2,Control,330.0,3,1,16.933333333333334
62.2,Control,330.0,4,1,6.4
62.2,Control,330.0,5,1,14.000000000000002
62.2,Control,330.0,9,1,0.4
62.2,Control,330.0,10,1,0.6666666666666667
62.2,Control,330.0,12,1,1.866666666666667
62.2,Control,330.0,15,1,0.4
62.2,Control,330.0,17,1,0.4
62.2,Control,330.0,19,1,1.2
62.2,Control,330.0,20,1,2.2666666666666666
62.2,Control,360.0,0,1,24.8
62.2,Control,360.0,1,1,35.733333333333334
62.2,Control,360.0,2,1,6.0
62.2,Control,360.0,3,1,14.133333333333335
62.2,Control,360.0,5,1,9.6
62.2,Control,360.0,9,1,0.6666666666666667
62.2,Control,360.0,11,1,0.6666666666666667
62.2,Control,360.0,14,1,0.8
62.2,Control,360.0,16,1,1.4666666666666666
62.2,Control,360.0,22,1,5.066666666666666
62.2,Control,360.0,29,1,0.5333333333333333
62.2,Control,360.0,30,1,0.13333333333333333
62.2,Control,360.0,38,1,0.4
62.2,Control,390.0,0,1,54.53333333333333
62.2,Control,390.0,1,1,15.466666666666667
62.2,Control,390.0,2,1,3.3333333333333335
62.2,Control,390.0,3,1,15.333333333333332
62.2,Control,390.0,4,1,2.666666666666667
62.2,Control,390.0,5,1,1.0666666666666667
62.2,Control,390.0,12,1,0.6666666666666667
62.2,Control,390.0,15,1,0.8
62.2,Control,390.0,16,1,0.26666666666666666
62.2,Control,390.0,22,1,2.533333333333333
62.2,Control,390.0,28,1,2.8000000000000003
62.2,Control,390.0,29,1,0.5333333333333333
62.2,Control,420.0,0,1,67.06666666666666
62.2,Control,420.0,1,1,7.199999999999999
62.2,Control,420.0,3,1,5.066666666666666
62.2,Control,420.0,4,1,0.6666666666666667
62.2,Control,420.0,5,1,3.0666666666666664
62.2,Control,420.0,6,1,2.0
62.2,Control,420.0,9,1,0.13333333333333333
62.2,Control,420.0,11,1,1.3333333333333335
62.2,Control,420.0,13,1,4.266666666666667
62.2,Control,420.0,17,1,2.1333333333333333
62.2,Control,420.0,22,1,7.066666666666667
62.3,Control,0.0,1,1,10.533333333333333
62.3,Control,0.0,2,1,21.46666666666667
62.3,Control,0.0,3,1,5.466666666666667
62.3,Control,0.0,4,1,0.5333333333333333
62.3,Control,0.0,5,1,12.533333333333333
62.3,Control,0.0,6,1,3.4666666666666663
62.3,Control,0.0,7,1,2.8000000000000003
62.3,Control,0.0,8,1,2.533333333333333
62.3,Control,0.0,10,1,8.133333333333333
62.3,Control,0.0,11,1,2.1333333333333333
62.3,Control,0.0,12,1,1.866666666666667
62.3,Control,0.0,14,1,11.066666666666666
62.3,Control,0.0,15,1,4.533333333333333
62.3,Control,0.0,16,1,3.4666666666666663
62.3,Control,0.0,19,1,0.6666666666666667
62.3,Control,0.0,30,1,0.26666666666666666
62.3,Control,0.0,31,1,1.0666666666666667
62.3,Control,0.0,111,1,7.466666666666668
62.3,Control,30.0,1,1,13.600000000000001
62.3,Control,30.0,2,1,26.13333333333333
62.3,Control,30.0,5,1,16.266666666666666
62.3,Control,30.0,7,1,6.533333333333332
62.3,Control,30.0,8,1,1.2
62.3,Control,30.0,9,1,0.5333333333333333
62.3,Control,30.0,10,1,6.266666666666667
62.3,Control,30.0,12,1,0.26666666666666666
62.3,Control,30.0,14,1,4.266666666666667
62.3,Control,30.0,15,1,3.0666666666666664
62.3,Control,30.0,16,1,12.0
62.3,Control,30.0,23,1,0.5333333333333333
62.3,Control,30.0,31,1,0.5333333333333333
62.3,Control,30.0,33,1,1.2
62.3,Control,30.0,111,1,7.6
62.3,Control,60.0,0,1,4.8
62.3,Control,60.0,1,1,9.466666666666667
62.3,Control,60.0,2,1,20.4
62.3,Control,60.0,3,1,8.799999999999999
62.3,Control,60.0,4,1,0.6666666666666667
62.3,Control,60.0,5,1,3.3333333333333335
62.3,Control,60.0,6,1,4.8
62.3,Control,60.0,8,1,0.8
62.3,Control,60.0,9,1,0.8
62.3,Control,60.0,10,1,12.933333333333334
62.3,Control,60.0,11,1,4.933333333333334
62.3,Control,60.0,12,1,1.0666666666666667
62.3,Control,60.0,14,1,4.3999999999999995
62.3,Control,60.0,15,1,2.2666666666666666
62.3,Control,60.0,16,1,1.7333333333333332
62.3,Control,60.0,17,1,0.5333333333333333
62.3,Control,60.0,29,1,0.5333333333333333
62.3,Control,60.0,33,1,0.26666666666666666
62.3,Control,60.0,111,1,17.466666666666665
62.3,Control,90.0,0,1,7.6
62.3,Control,90.0,1,1,20.533333333333335
62.3,Control,90.0,2,1,6.133333333333333
62.3,Control,90.0,3,1,7.199999999999999
62.3,Control,90.0,4,1,0.6666666666666667
62.3,Control,90.0,5,1,9.066666666666666
62.3,Control,90.0,6,1,0.8
62.3,Control,90.0,8,1,1.7333333333333332
62.3,Control,90.0,9,1,0.13333333333333333
62.3,Control,90.0,10,1,8.799999999999999
62.3,Control,90.0,11,1,1.6
62.3,Control,90.0,14,1,6.133333333333333
62.3,Control,90.0,15,1,4.666666666666667
62.3,Control,90.0,16,1,3.5999999999999996
62.3,Control,90.0,17,1,1.3333333333333335
62.3,Control,90.0,21,1,3.4666666666666663
62.3,Control,90.0,36,1,0.26666666666666666
62.3,Control,90.0,37,1,4.266666666666667
62.3,Control,90.0,41,1,2.8000000000000003
62.3,Control,90.0,111,1,9.2
62.3,Control,120.0,1,1,26.13333333333333
62.3,Control,120.0,2,1,6.0
62.3,Control,120.0,3,1,6.533333333333332
62.3,Control,120.0,4,1,0.26666666666666666
62.3,Control,120.0,5,1,24.266666666666666
62.3,Control,120.0,6,1,2.1333333333333333
62.3,Control,120.0,7,1,7.733333333333333
62.3,Control,120.0,10,1,3.2
62.3,Control,120.0,14,1,6.533333333333332
62.3,Control,120.0,15,1,1.4666666666666666
62.3,Control,120.0,21,1,3.4666666666666663
62.3,Control,120.0,25,1,1.3333333333333335
62.3,Control,120.0,28,1,2.666666666666667
62.3,Control,120.0,32,1,0.4
62.3,Control,120.0,111,1,7.866666666666666
62.3,Control,150.0,0,1,2.533333333333333
62.3,Control,150.0,1,1,14.933333333333335
62.3,Control,150.0,2,1,14.133333333333335
62.3,Control,150.0,3,1,2.0
62.3,Control,150.0,4,1,0.4
62.3,Control,150.0,5,1,7.733333333333333
62.3,Control,150.0,6,1,2.2666666666666666
62.3,Control,150.0,7,1,2.1333333333333333
62.3,Control,150.0,9,1,0.13333333333333333
62.3,Control,150.0,10,1,6.533333333333332
62.3,Control,150.0,11,1,1.0666666666666667
62.3,Control,150.0,12,1,2.2666666666666666
62.3,Control,150.0,14,1,2.933333333333333
62.3,Control,150.0,15,1,5.6000000000000005
62.3,Control,150.0,16,1,6.266666666666667
62.3,Control,150.0,19,1,1.866666666666667
62.3,Control,150.0,23,1,0.9333333333333335
62.3,Control,150.0,28,1,4.0
62.3,Control,150.0,111,1,22.26666666666667
62.3,Control,180.0,0,1,20.666666666666668
62.3,Control,180.0,1,1,20.4
62.3,Control,180.0,3,1,7.866666666666666
62.3,Control,180.0,4,1,2.933333333333333
62.3,Control,180.0,5,1,10.533333333333333
62.3,Control,180.0,6,1,2.666666666666667
62.3,Control,180.0,7,1,4.533333333333333
62.3,Control,180.0,8,1,0.9333333333333335
62.3,Control,180.0,9,1,0.8
62.3,Control,180.0,10,1,7.466666666666668
62.3,Control,180.0,11,1,0.5333333333333333
62.3,Control,180.0,12,1,2.0
62.3,Control,180.0,16,1,4.133333333333333
62.3,Control,180.0,19,1,0.5333333333333333
62.3,Control,180.0,23,1,0.6666666666666667
62.3,Control,180.0,24,1,0.26666666666666666
62.3,Control,180.0,28,1,5.466666666666667
62.3,Control,180.0,30,1,2.1333333333333333
62.3,Control,180.0,34,1,0.6666666666666667
62.3,Control,180.0,37,1,1.0666666666666667
62.3,Control,180.0,111,1,3.733333333333334
62.3,Control,210.0,0,1,17.066666666666666
62.3,Control,210.0,1,1,19.6
62.3,Control,210.0,3,1,11.066666666666666
62.3,Control,210.0,4,1,15.2
62.3,Control,210.0,5,1,8.133333333333333
62.3,Control,210.0,6,1,5.333333333333334
62.3,Control,210.0,7,1,3.3333333333333335
62.3,Control,210.0,8,1,0.4
62.3,Control,210.0,9,1,1.4666666666666666
62.3,Control,210.0,10,1,5.466666666666667
62.3,Control,210.0,12,1,0.8
62.3,Control,210.0,15,1,1.0666666666666667
62.3,Control,210.0,19,1,2.2666666666666666
62.3,Control,210.0,20,1,5.066666666666666
62.3,Control,210.0,22,1,0.5333333333333333
62.3,Control,210.0,28,1,3.2
62.3,Control,240.0,0,1,25.6
62.3,Control,240.0,1,1,25.066666666666666
62.3,Control,240.0,2,1,13.866666666666665
62.3,Control,240.0,3,1,12.4
62.3,Control,240.0,5,1,6.0
62.3,Control,240.0,6,1,5.333333333333334
62.3,Control,240.0,10,1,1.2
62.3,Control,240.0,15,1,1.6
62.3,Control,240.0,17,1,1.7333333333333332
62.3,Control,240.0,25,1,1.2
62.3,Control,240.0,111,1,6.0
62.3,Control,270.0,0,1,39.86666666666667
62.3,Control,270.0,1,1,13.066666666666665
62.3,Control,270.0,2,1,12.133333333333333
62.3,Control,270.0,3,1,11.200000000000001
62.3,Control,270.0,5,1,8.533333333333333
62.3,Control,270.0,10,1,4.0
62.3,Control,270.0,11,1,2.933333333333333
62.3,Control,270.0,12,1,1.4666666666666666
62.3,Control,270.0,19,1,0.26666666666666666
62.3,Control,270.0,23,1,3.8666666666666667
62.3,Control,270.0,29,1,0.6666666666666667
62.3,Control,270.0,37,1,2.0
62.3,Control,300.0,0,1,62.133333333333326
62.3,Control,300.0,1,1,8.799999999999999
62.3,Control,300.0,2,1,0.4
62.3,Control,300.0,3,1,10.133333333333333
62.3,Control,300.0,5,1,4.533333333333333
62.3,Control,300.0,6,1,7.866666666666666
62.3,Control,300.0,7,1,2.2666666666666666
62.3,Control,300.0,10,1,0.8
62.3,Control,300.0,11,1,1.4666666666666666
62.3,Control,300.0,19,1,1.6
62.3,Control,330.0,0,1,57.99999999999999
62.3,Control,330.0,1,1,11.600000000000001
62.3,Control,330.0,3,1,16.53333333333333
62.3,Control,330.0,6,1,5.6000000000000005
62.3,Control,330.0,8,1,0.26666666666666666
62.3,Control,330.0,9,1,0.26666666666666666
62.3,Control,330.0,10,1,1.2
62.3,Control,330.0,13,1,6.533333333333332
62.3,Control,360.0,0,1,51.866666666666674
62.3,Control,360.0,1,1,13.333333333333334
62.3,Control,360.0,2,1,2.666666666666667
62.3,Control,360.0,3,1,10.266666666666667
62.3,Control,360.0,4,1,11.333333333333332
62.3,Control,360.0,8,1,1.0666666666666667
62.3,Control,360.0,11,1,0.4
62.3,Control,360.0,15,1,0.6666666666666667
62.3,Control,360.0,21,1,2.933333333333333
62.3,Control,360.0,24,1,0.4
62.3,Control,360.0,29,1,1.6
62.3,Control,360.0,31,1,1.6
62.3,Control,360.0,34,1,1.866666666666667
62.3,Control,390.0,0,1,49.733333333333334
62.3,Control,390.0,1,1,12.533333333333333
62.3,Control,390.0,3,1,9.066666666666666
62.3,Control,390.0,4,1,10.933333333333334
62.3,Control,390.0,5,1,7.6
62.3,Control,390.0,6,1,4.666666666666667
62.3,Control,390.0,9,1,0.4
62.3,Control,390.0,10,1,0.5333333333333333
62.3,Control,390.0,11,1,0.9333333333333335
62.3,Control,390.0,17,1,0.8
62.3,Control,390.0,26,1,2.8000000000000003
62.3,Control,420.0,0,1,74.26666666666667
62.3,Control,420.0,1,1,21.6
62.3,Control,420.0,10,1,1.0666666666666667
62.3,Control,420.0,13,1,3.0666666666666664
62.4,Control,0.0,1,1,8.933333333333334
62.4,Control,0.0,2,1,21.333333333333336
62.4,Control,0.0,3,1,20.533333333333335
62.4,Control,0.0,5,1,17.2
62.4,Control,0.0,7,1,6.0
62.4,Control,0.0,9,1,0.26666666666666666
62.4,Control,0.0,10,1,10.0
62.4,Control,0.0,11,1,1.7333333333333332
62.4,Control,0.0,12,1,1.3333333333333335
62.4,Control,0.0,14,1,4.266666666666667
62.4,Control,0.0,15,1,3.2
62.4,Control,0.0,16,1,1.3333333333333335
62.4,Control,0.0,22,1,2.1333333333333333
62.4,Control,0.0,32,1,1.7333333333333332
62.4,Control,30.0,1,1,9.733333333333333
62.4,Control,30.0,2,1,25.6
62.4,Control,30.0,3,1,4.933333333333334
62.4,Control,30.0,4,1,2.2666666666666666
62.4,Control,30.0,6,1,4.133333333333333
62.4,Control,30.0,7,1,0.6666666666666667
62.4,Control,30.0,8,1,0.26666666666666666
62.4,Control,30.0,9,1,0.8
62.4,Control,30.0,10,1,10.533333333333333
62.4,Control,30.0,11,1,4.133333333333333
62.4,Control,30.0,12,1,0.9333333333333335
62.4,Control,30.0,14,1,11.200000000000001
62.4,Control,30.0,15,1,3.3333333333333335
62.4,Control,30.0,16,1,1.0666666666666667
62.4,Control,30.0,17,1,4.3999999999999995
62.4,Control,30.0,19,1,1.4666666666666666
62.4,Control,30.0,21,1,2.0
62.4,Control,30.0,29,1,0.13333333333333333
62.4,Control,30.0,32,1,2.533333333333333
62.4,Control,30.0,42,1,1.7333333333333332
62.4,Control,30.0,111,1,8.133333333333333
62.4,Control,60.0,0,1,2.4
62.4,Control,60.0,1,1,17.066666666666666
62.4,Control,60.0,2,1,22.933333333333334
62.4,Control,60.0,3,1,9.733333333333333
62.4,Control,60.0,4,1,1.0666666666666667
62.4,Control,60.0,5,1,3.2
62.4,Control,60.0,8,1,1.2
62.4,Control,60.0,9,1,3.2
62.4,Control,60.0,10,1,9.6
62.4,Control,60.0,11,1,0.4
62.4,Control,60.0,12,1,2.8000000000000003
62.4,Control,60.0,14,1,7.866666666666666
62.4,Control,60.0,15,1,6.4
62.4,Control,60.0,16,1,0.26666666666666666
62.4,Control,60.0,21,1,2.2666666666666666
62.4,Control,60.0,24,1,0.26666666666666666
62.4,Control,60.0,25,1,3.4666666666666663
62.4,Control,60.0,56,1,1.6
62.4,Control,60.0,111,1,4.266666666666667
62.4,Control,90.0,0,1,1.2
62.4,Control,90.0,1,1,19.866666666666667
62.4,Control,90.0,2,1,16.266666666666666
62.4,Control,90.0,3,1,2.933333333333333
62.4,Control,90.0,4,1,1.2
62.4,Control,90.0,5,1,1.6
62.4,Control,90.0,9,1,0.9333333333333335
62.4,Control,90.0,10,1,16.0
62.4,Control,90.0,11,1,2.8000000000000003
62.4,Control,90.0,14,1,9.733333333333333
62.4,Control,90.0,15,1,3.0666666666666664
62.4,Control,90.0,16,1,1.7333333333333332
62.4,Control,90.0,19,1,3.2
62.4,Control,90.0,22,1,1.0666666666666667
62.4,Control,90.0,33,1,0.5333333333333333
62.4,Control,90.0,111,1,17.866666666666667
62.4,Control,120.0,1,1,10.933333333333334
62.4,Control,120.0,2,1,14.266666666666666
62.4,Control,120.0,3,1,6.266666666666667
62.4,Control,120.0,8,1,0.13333333333333333
62.4,Control,120.0,10,1,7.866666666666666
62.4,Control,120.0,11,1,1.0666666666666667
62.4,Control,120.0,14,1,11.066666666666666
62.4,Control,120.0,16,1,5.066666666666666
62.4,Control,120.0,17,1,2.0
62.4,Control,120.0,19,1,1.866666666666667
62.4,Control,120.0,25,1,1.866666666666667
62.4,Control,120.0,111,1,37.6
62.4,Control,150.0,0,1,2.2666666666666666
62.4,Control,150.0,1,1,8.933333333333334
62.4,Control,150.0,2,1,25.866666666666667
62.4,Control,150.0,4,1,17.066666666666666
62.4,Control,150.0,5,1,3.5999999999999996
62.4,Control,150.0,6,1,4.933333333333334
62.4,Control,150.0,7,1,2.2666666666666666
62.4,Control,150.0,11,1,3.4666666666666663
62.4,Control,150.0,12,1,1.2
62.4,Control,150.0,13,1,13.600000000000001
62.4,Control,150.0,14,1,4.533333333333333
62.4,Control,150.0,15,1,2.2666666666666666
62.4,Control,150.0,19,1,0.9333333333333335
62.4,Control,150.0,20,1,2.2666666666666666
62.4,Control,150.0,21,1,2.533333333333333
62.4,Control,150.0,111,1,4.266666666666667
62.4,Control,180.0,0,1,4.266666666666667
62.4,Control,180.0,1,1,24.0
62.4,Control,180.0,2,1,22.666666666666664
62.4,Control,180.0,3,1,5.066666666666666
62.4,Control,180.0,4,1,1.0666666666666667
62.4,Control,180.0,5,1,5.466666666666667
62.4,Control,180.0,7,1,3.4666666666666663
62.4,Control,180.0,9,1,1.6
62.4,Control,180.0,10,1,1.2
62.4,Control,180.0,11,1,3.2
62.4,Control,180.0,14,1,3.3333333333333335
62.4,Control,180.0,16,1,1.866666666666667
62.4,Control,180.0,19,1,4.666666666666667
62.4,Control,180.0,21,1,2.1333333333333333
62.4,Control,180.0,23,1,0.5333333333333333
62.4,Control,180.0,29,1,0.4
62.4,Control,180.0,30,1,0.9333333333333335
62.4,Control,180.0,32,1,3.4666666666666663
62.4,Control,180.0,111,1,10.666666666666668
62.4,Control,210.0,0,1,26.0
62.4,Control,210.0,1,1,15.2
62.4,Control,210.0,2,1,2.1333333333333333
62.4,Control,210.0,3,1,21.73333333333333
62.4,Control,210.0,4,1,10.933333333333334
62.4,Control,210.0,5,1,3.733333333333334
62.4,Control,210.0,6,1,0.9333333333333335
62.4,Control,210.0,10,1,3.733333333333334
62.4,Control,210.0,13,1,5.866666666666666
62.4,Control,210.0,14,1,0.26666666666666666
62.4,Control,210.0,15,1,2.1333333333333333
62.4,Control,210.0,19,1,0.5333333333333333
62.4,Control,210.0,20,1,3.8666666666666667
62.4,Control,210.0,30,1,0.9333333333333335
62.4,Control,210.0,34,1,0.6666666666666667
62.4,Control,210.0,57,1,1.3333333333333335
62.4,Control,240.0,0,1,27.46666666666667
62.4,Control,240.0,1,1,15.333333333333332
62.4,Control,240.0,2,1,7.733333333333333
62.4,Control,240.0,3,1,14.933333333333335
62.4,Control,240.0,5,1,22.400000000000002
62.4,Control,240.0,10,1,6.266666666666667
62.4,Control,240.0,14,1,1.6
62.4,Control,240.0,32,1,4.266666666666667
62.4,Control,270.0,0,1,18.8
62.4,Control,270.0,1,1,10.266666666666667
62.4,Control,270.0,2,1,6.4
62.4,Control,270.0,3,1,21.066666666666666
62.4,Control,270.0,4,1,8.133333333333333
62.4,Control,270.0,5,1,2.533333333333333
62.4,Control,270.0,6,1,7.733333333333333
62.4,Control,270.0,9,1,0.4
62.4,Control,270.0,10,1,7.6
62.4,Control,270.0,14,1,0.8
62.4,Control,270.0,15,1,1.3333333333333335
62.4,Control,270.0,23,1,1.866666666666667
62.4,Control,270.0,29,1,0.6666666666666667
62.4,Control,270.0,30,1,1.0666666666666667
62.4,Control,270.0,111,1,11.333333333333332
62.4,Control,300.0,0,1,66.4
62.4,Control,300.0,1,1,14.399999999999999
62.4,Control,300.0,3,1,5.6000000000000005
62.4,Control,300.0,4,1,0.9333333333333335
62.4,Control,300.0,5,1,6.666666666666667
62.4,Control,300.0,6,1,5.6000000000000005
62.4,Control,300.0,10,1,0.4
62.4,Control,330.0,0,1,65.86666666666666
62.4,Control,330.0,1,1,13.600000000000001
62.4,Control,330.0,4,1,0.5333333333333333
62.4,Control,330.0,5,1,5.066666666666666
62.4,Control,330.0,6,1,6.933333333333333
62.4,Control,330.0,9,1,0.6666666666666667
62.4,Control,330.0,13,1,6.533333333333332
62.4,Control,330.0,17,1,0.8
62.4,Control,360.0,0,1,44.800000000000004
62.4,Control,360.0,1,1,18.133333333333333
62.4,Control,360.0,2,1,1.6
62.4,Control,360.0,5,1,1.0666666666666667
62.4,Control,360.0,6,1,10.933333333333334
62.4,Control,360.0,13,1,18.133333333333333
62.4,Control,360.0,19,1,1.6
62.4,Control,360.0,23,1,3.4666666666666663
62.4,Control,360.0,29,1,0.26666666666666666
62.4,Control,390.0,0,1,41.86666666666667
62.4,Control,390.0,1,1,16.666666666666664
62.4,Control,390.0,3,1,11.466666666666667
62.4,Control,390.0,4,1,7.199999999999999
62.4,Control,390.0,6,1,0.8
62.4,Control,390.0,7,1,0.8
62.4,Control,390.0,10,1,2.933333333333333
62.4,Control,390.0,11,1,1.0666666666666667
62.4,Control,390.0,28,1,13.200000000000001
62.4,Control,390.0,29,1,2.4
62.4,Control,390.0,41,1,1.6
62.4,Control,420.0,0,1,55.86666666666667
62.4,Control,420.0,1,1,8.933333333333334
62.4,Control,420.0,3,1,5.333333333333334
62.4,Control,420.0,4,1,22.53333333333333
62.4,Control,420.0,5,1,0.8
62.4,Control,420.0,9,1,0.26666666666666666
62.4,Control,420.0,12,1,0.4
62.4,Control,420.0,22,1,2.8000000000000003
62.4,Control,420.0,35,1,0.26666666666666666
62.4,Control,420.0,40,1,2.8000000000000003
62.5,Control,0.0,1,1,5.6000000000000005
62.5,Control,0.0,2,1,25.733333333333334
62.5,Control,0.0,3,1,11.333333333333332
62.5,Control,0.0,4,1,2.1333333333333333
62.5,Control,0.0,5,1,4.0
62.5,Control,0.0,6,1,4.3999999999999995
62.5,Control,0.0,7,1,3.0666666666666664
62.5,Control,0.0,8,1,0.5333333333333333
62.5,Control,0.0,9,1,0.4
62.5,Control,0.0,10,1,8.799999999999999
62.5,Control,0.0,11,1,2.8000000000000003
62.5,Control,0.0,12,1,6.666666666666667
62.5,Control,0.0,14,1,17.466666666666665
62.5,Control,0.0,15,1,1.7333333333333332
62.5,Control,0.0,16,1,2.8000000000000003
62.5,Control,0.0,17,1,1.0666666666666667
62.5,Control,0.0,21,1,0.8
62.5,Control,0.0,33,1,0.6666666666666667
62.5,Control,30.0,1,1,10.533333333333333
62.5,Control,30.0,2,1,29.46666666666667
62.5,Control,30.0,3,1,10.0
62.5,Control,30.0,4,1,0.26666666666666666
62.5,Control,30.0,5,1,6.266666666666667
62.5,Control,30.0,7,1,1.0666666666666667
62.5,Control,30.0,10,1,7.466666666666668
62.5,Control,30.0,11,1,7.733333333333333
62.5,Control,30.0,12,1,2.1333333333333333
62.5,Control,30.0,14,1,11.333333333333332
62.5,Control,30.0,15,1,0.8
62.5,Control,30.0,16,1,4.133333333333333
62.5,Control,30.0,19,1,1.0666666666666667
62.5,Control,30.0,25,1,2.2666666666666666
62.5,Control,30.0,30,1,0.26666666666666666
62.5,Control,30.0,32,1,1.6
62.5,Control,30.0,33,1,0.4
62.5,Control,30.0,111,1,3.2
62.5,Control,60.0,1,1,23.599999999999998
62.5,Control,60.0,2,1,2.8000000000000003
62.5,Control,60.0,3,1,3.733333333333334
62.5,Control,60.0,4,1,0.9333333333333335
62.5,Control,60.0,7,1,2.933333333333333
62.5,Control,60.0,9,1,2.0
62.5,Control,60.0,10,1,4.8
62.5,Control,60.0,11,1,2.0
62.5,Control,60.0,12,1,2.4
62.5,Control,60.0,14,1,6.4
62.5,Control,60.0,15,1,3.2
62.5,Control,60.0,16,1,8.533333333333333
62.5,Control,60.0,21,1,0.5333333333333333
62.5,Control,60.0,22,1,8.799999999999999
62.5,Control,60.0,23,1,1.2
62.5,Control,60.0,25,1,10.533333333333333
62.5,Control,60.0,29,1,0.6666666666666667
62.5,Control,60.0,32,1,1.6
62.5,Control,60.0,111,1,13.333333333333334
62.5,Control,90.0,1,1,15.866666666666667
62.5,Control,90.0,2,1,23.733333333333334
62.5,Control,90.0,3,1,3.5999999999999996
62.5,Control,90.0,4,1,1.0666666666666667
62.5,Control,90.0,9,1,0.9333333333333335
62.5,Control,90.0,10,1,3.0666666666666664
62.5,Control,90.0,11,1,4.266666666666667
62.5,Control,90.0,12,1,0.13333333333333333
62.5,Control,90.0,14,1,13.200000000000001
62.5,Control,90.0,16,1,9.866666666666667
62.5,Control,90.0,19,1,2.8000000000000003
62.5,Control,90.0,21,1,1.2
62.5,Control,90.0,111,1,20.266666666666666
62.5,Control,120.0,1,1,7.066666666666667
62.5,Control,120.0,2,1,15.066666666666666
62.5,Control,120.0,3,1,19.866666666666667
62.5,Control,120.0,4,1,6.0
62.5,Control,120.0,7,1,2.533333333333333
62.5,Control,120.0,10,1,7.466666666666668
62.5,Control,120.0,11,1,1.3333333333333335
62.5,Control,120.0,12,1,1.866666666666667
62.5,Control,120.0,14,1,3.0666666666666664
62.5,Control,120.0,15,1,2.4
62.5,Control,120.0,16,1,6.133333333333333
62.5,Control,120.0,21,1,0.6666666666666667
62.5,Control,120.0,25,1,10.133333333333333
62.5,Control,120.0,32,1,4.133333333333333
62.5,Control,120.0,111,1,12.266666666666666
62.5,Control,150.0,1,1,12.0
62.5,Control,150.0,2,1,23.466666666666665
62.5,Control,150.0,3,1,2.4
62.5,Control,150.0,4,1,2.533333333333333
62.5,Control,150.0,5,1,2.533333333333333
62.5,Control,150.0,6,1,6.0
62.5,Control,150.0,7,1,0.5333333333333333
62.5,Control,150.0,10,1,6.0
62.5,Control,150.0,11,1,6.4
62.5,Control,150.0,14,1,9.333333333333334
62.5,Control,150.0,16,1,6.4
62.5,Control,150.0,20,1,2.533333333333333
62.5,Control,150.0,21,1,0.9333333333333335
62.5,Control,150.0,111,1,18.933333333333334
62.5,Control,180.0,0,1,2.2666666666666666
62.5,Control,180.0,1,1,8.933333333333334
62.5,Control,180.0,2,1,17.333333333333336
62.5,Control,180.0,3,1,4.0
62.5,Control,180.0,5,1,26.666666666666668
62.5,Control,180.0,7,1,6.133333333333333
62.5,Control,180.0,8,1,0.8
62.5,Control,180.0,9,1,0.8
62.5,Control,180.0,10,1,1.866666666666667
62.5,Control,180.0,11,1,1.2
62.5,Control,180.0,12,1,0.4
62.5,Control,180.0,14,1,5.733333333333333
62.5,Control,180.0,16,1,3.5999999999999996
62.5,Control,180.0,17,1,1.3333333333333335
62.5,Control,180.0,25,1,0.4
62.5,Control,180.0,30,1,2.8000000000000003
62.5,Control,180.0,31,1,0.13333333333333333
62.5,Control,180.0,34,1,1.3333333333333335
62.5,Control,180.0,37,1,3.4666666666666663
62.5,Control,180.0,111,1,10.8
62.5,Control,210.0,0,1,15.466666666666667
62.5,Control,210.0,1,1,21.333333333333336
62.5,Control,210.0,3,1,5.466666666666667
62.5,Control,210.0,4,1,2.1333333333333333
62.5,Control,210.0,5,1,22.26666666666667
62.5,Control,210.0,6,1,15.733333333333333
62.5,Control,210.0,7,1,0.8
62.5,Control,210.0,9,1,0.13333333333333333
62.5,Control,210.0,10,1,0.5333333333333333
62.5,Control,210.0,13,1,8.666666666666668
62.5,Control,210.0,14,1,0.8
62.5,Control,210.0,28,1,2.933333333333333
62.5,Control,210.0,32,1,3.733333333333334
62.5,Control,240.0,0,1,4.8
62.5,Control,240.0,1,1,16.0
62.5,Control,240.0,2,1,17.866666666666667
62.5,Control,240.0,3,1,19.2
62.5,Control,240.0,4,1,8.266666666666666
62.5,Control,240.0,5,1,15.066666666666666
62.5,Control,240.0,6,1,15.2
62.5,Control,240.0,11,1,2.4
62.5,Control,240.0,12,1,1.2
62.5,Control,270.0,0,1,18.8
62.5,Control,270.0,1,1,15.066666666666666
62.5,Control,270.0,2,1,27.6
62.5,Control,270.0,3,1,13.733333333333334
62.5,Control,270.0,9,1,0.13333333333333333
62.5,Control,270.0,10,1,6.133333333333333
62.5,Control,270.0,11,1,1.0666666666666667
62.5,Control,270.0,12,1,2.666666666666667
62.5,Control,270.0,16,1,1.7333333333333332
62.5,Control,270.0,21,1,1.4666666666666666
62.5,Control,270.0,23,1,0.4
62.5,Control,270.0,26,1,4.133333333333333
62.5,Control,270.0,29,1,1.2
62.5,Control,270.0,111,1,5.866666666666666
62.5,Control,300.0,0,1,13.333333333333334
62.5,Control,300.0,1,1,38.0
62.5,Control,300.0,3,1,10.4
62.5,Control,300.0,5,1,14.933333333333335
62.5,Control,300.0,10,1,2.1333333333333333
62.5,Control,300.0,11,1,1.2
62.5,Control,300.0,13,1,6.4
62.5,Control,300.0,14,1,0.5333333333333333
62.5,Control,300.0,20,1,5.2
62.5,Control,300.0,27,1,6.533333333333332
62.5,Control,300.0,32,1,1.3333333333333335
62.5,Control,330.0,0,1,21.6
62.5,Control,330.0,1,1,20.933333333333334
62.5,Control,330.0,3,1,23.466666666666665
62.5,Control,330.0,6,1,0.6666666666666667
62.5,Control,330.0,7,1,0.13333333333333333
62.5,Control,330.0,10,1,2.533333333333333
62.5,Control,330.0,13,1,15.066666666666666
62.5,Control,330.0,20,1,4.533333333333333
62.5,Control,330.0,26,1,5.333333333333334
62.5,Control,330.0,28,1,5.733333333333333
62.5,Control,360.0,0,1,18.4
62.5,Control,360.0,1,1,24.266666666666666
62.5,Control,360.0,3,1,24.666666666666668
62.5,Control,360.0,10,1,3.3333333333333335
62.5,Control,360.0,12,1,0.4
62.5,Control,360.0,13,1,12.266666666666666
62.5,Control,360.0,15,1,1.0666666666666667
62.5,Control,360.0,21,1,1.6
62.5,Control,360.0,26,1,4.0
62.5,Control,360.0,29,1,1.2
62.5,Control,360.0,30,1,1.0666666666666667
62.5,Control,360.0,111,1,7.733333333333333
62.5,Control,390.0,0,1,23.866666666666667
62.5,Control,390.0,1,1,42.4
62.5,Control,390.0,2,1,4.8
62.5,Control,390.0,3,1,11.466666666666667
62.5,Control,390.0,6,1,1.2
62.5,Control,390.0,13,1,8.0
62.5,Control,390.0,16,1,1.866666666666667
62.5,Control,390.0,17,1,1.3333333333333335
62.5,Control,390.0,21,1,0.8
62.5,Control,390.0,30,1,0.4
62.5,Control,390.0,111,1,3.8666666666666667
62.5,Control,420.0,0,1,24.4
62.5,Control,420.0,1,1,34.66666666666667
62.5,Control,420.0,2,1,1.4666666666666666
62.5,Control,420.0,13,1,39.46666666666667
63.3,ELS,0.0,1,1,23.599999999999998
63.3,ELS,0.0,2,1,40.266666666666666
63.3,ELS,0.0,3,1,11.200000000000001
63.3,ELS,0.0,5,1,4.0
63.3,ELS,0.0,7,1,12.666666666666668
63.3,ELS,0.0,10,1,0.8
63.3,ELS,0.0,12,1,2.4
63.3,ELS,0.0,15,1,0.13333333333333333
63.3,ELS,0.0,16,1,0.5333333333333333
63.3,ELS,0.0,19,1,2.4
63.3,ELS,0.0,25,1,2.0
63.3,ELS,30.0,0,1,11.733333333333333
63.3,ELS,30.0,1,1,44.0
63.3,ELS,30.0,2,1,19.066666666666666
63.3,ELS,30.0,3,1,5.333333333333334
63.3,ELS,30.0,4,1,3.733333333333334
63.3,ELS,30.0,5,1,10.133333333333333
63.3,ELS,30.0,7,1,0.8
63.3,ELS,30.0,10,1,1.0666666666666667
63.3,ELS,30.0,14,1,0.9333333333333335
63.3,ELS,30.0,15,1,1.0666666666666667
63.3,ELS,30.0,17,1,2.1333333333333333
63.3,ELS,60.0,1,1,22.8
63.3,ELS,60.0,2,1,23.066666666666666
63.3,ELS,60.0,3,1,15.333333333333332
63.3,ELS,60.0,5,1,2.0
63.3,ELS,60.0,6,1,5.6000000000000005
63.3,ELS,60.0,7,1,4.533333333333333
63.3,ELS,60.0,9,1,0.26666666666666666
63.3,ELS,60.0,10,1,4.3999999999999995
63.3,ELS,60.0,11,1,2.933333333333333
63.3,ELS,60.0,12,1,2.2666666666666666
63.3,ELS,60.0,14,1,3.5999999999999996
63.3,ELS,60.0,15,1,2.2666666666666666
63.3,ELS,60.0,16,1,1.2
63.3,ELS,60.0,19,1,0.5333333333333333
63.3,ELS,60.0,111,1,9.2
63.3,ELS,90.0,0,1,1.866666666666667
63.3,ELS,90.0,1,1,7.066666666666667
63.3,ELS,90.0,2,1,30.8
63.3,ELS,90.0,4,1,2.0
63.3,ELS,90.0,7,1,2.1333333333333333
63.3,ELS,90.0,8,1,0.13333333333333333
63.3,ELS,90.0,10,1,5.733333333333333
63.3,ELS,90.0,11,1,3.2
63.3,ELS,90.0,13,1,4.133333333333333
63.3,ELS,90.0,14,1,13.466666666666665
63.3,ELS,90.0,15,1,2.0
63.3,ELS,90.0,16,1,1.3333333333333335
63.3,ELS,90.0,20,1,6.533333333333332
63.3,ELS,90.0,32,1,4.8
63.3,ELS,90.0,43,1,1.2
63.3,ELS,90.0,111,1,13.600000000000001
63.3,ELS,120.0,0,1,6.800000000000001
63.3,ELS,120.0,1,1,17.866666666666667
63.3,ELS,120.0,2,1,9.066666666666666
63.3,ELS,120.0,3,1,3.5999999999999996
63.3,ELS,120.0,5,1,14.266666666666666
63.3,ELS,120.0,6,1,0.26666666666666666
63.3,ELS,120.0,13,1,12.666666666666668
63.3,ELS,120.0,14,1,10.933333333333334
63.3,ELS,120.0,20,1,4.266666666666667
63.3,ELS,120.0,21,1,0.9333333333333335
63.3,ELS,120.0,25,1,3.2
63.3,ELS,120.0,111,1,16.133333333333333
63.3,ELS,150.0,1,1,21.333333333333336
63.3,ELS,150.0,2,1,11.200000000000001
63.3,ELS,150.0,3,1,4.133333333333333
63.3,ELS,150.0,4,1,4.533333333333333
63.3,ELS,150.0,5,1,5.333333333333334
63.3,ELS,150.0,6,1,6.933333333333333
63.3,ELS,150.0,9,1,0.6666666666666667
63.3,ELS,150.0,10,1,14.133333333333335
63.3,ELS,150.0,11,1,1.0666666666666667
63.3,ELS,150.0,12,1,3.733333333333334
63.3,ELS,150.0,14,1,4.0
63.3,ELS,150.0,15,1,0.4
63.3,ELS,150.0,16,1,8.533333333333333
63.3,ELS,150.0,18,1,9.2
63.3,ELS,150.0,21,1,1.6
63.3,ELS,150.0,25,1,3.2
63.3,ELS,180.0,0,1,5.466666666666667
63.3,ELS,180.0,1,1,25.2
63.3,ELS,180.0,2,1,4.8
63.3,ELS,180.0,3,1,12.4
63.3,ELS,180.0,4,1,4.133333333333333
63.3,ELS,180.0,5,1,9.066666666666666
63.3,ELS,180.0,7,1,5.066666666666666
63.3,ELS,180.0,8,1,0.26666666666666666
63.3,ELS,180.0,9,1,0.26666666666666666
63.3,ELS,180.0,10,1,4.3999999999999995
63.3,ELS,180.0,12,1,1.866666666666667
63.3,ELS,180.0,13,1,5.733333333333333
63.3,ELS,180.0,14,1,2.0
63.3,ELS,180.0,16,1,4.0
63.3,ELS,180.0,17,1,3.3333333333333335
63.3,ELS,180.0,20,1,2.666666666666667
63.3,ELS,180.0,31,1,0.4
63.3,ELS,180.0,34,1,2.4
63.3,ELS,180.0,36,1,0.5333333333333333
63.3,ELS,180.0,111,1,6.0
63.3,ELS,210.0,0,1,8.933333333333334
63.3,ELS,210.0,1,1,44.666666666666664
63.3,ELS,210.0,2,1,13.466666666666665
63.3,ELS,210.0,3,1,15.866666666666667
63.3,ELS,210.0,5,1,3.8666666666666667
63.3,ELS,210.0,6,1,4.133333333333333
63.3,ELS,210.0,7,1,2.1333333333333333
63.3,ELS,210.0,11,1,0.5333333333333333
63.3,ELS,210.0,16,1,0.26666666666666666
63.3,ELS,210.0,17,1,6.133333333333333
63.3,ELS,240.0,0,1,5.6000000000000005
63.3,ELS,240.0,1,1,25.2
63.3,ELS,240.0,2,1,21.73333333333333
63.3,ELS,240.0,3,1,12.4
63.3,ELS,240.0,4,1,2.2666666666666666
63.3,ELS,240.0,5,1,6.133333333333333
63.3,ELS,240.0,6,1,1.4666666666666666
63.3,ELS,240.0,8,1,0.8
63.3,ELS,240.0,10,1,9.2
63.3,ELS,240.0,12,1,4.133333333333333
63.3,ELS,240.0,14,1,2.8000000000000003
63.3,ELS,240.0,22,1,4.0
63.3,ELS,240.0,25,1,0.4
63.3,ELS,240.0,111,1,3.8666666666666667
63.3,ELS,270.0,0,1,16.933333333333334
63.3,ELS,270.0,1,1,29.06666666666667
63.3,ELS,270.0,2,1,2.2666666666666666
63.3,ELS,270.0,3,1,24.53333333333333
63.3,ELS,270.0,5,1,0.6666666666666667
63.3,ELS,270.0,7,1,3.0666666666666664
63.3,ELS,270.0,9,1,0.13333333333333333
63.3,ELS,270.0,11,1,0.5333333333333333
63.3,ELS,270.0,12,1,0.6666666666666667
63.3,ELS,270.0,14,1,4.3999999999999995
63.3,ELS,270.0,19,1,2.2666666666666666
63.3,ELS,270.0,25,1,2.533333333333333
63.3,ELS,270.0,28,1,6.800000000000001
63.3,ELS,270.0,30,1,3.0666666666666664
63.3,ELS,270.0,111,1,3.0666666666666664
63.3,ELS,300.0,0,1,16.666666666666664
63.3,ELS,300.0,1,1,52.93333333333333
63.3,ELS,300.0,2,1,5.2
63.3,ELS,300.0,3,1,3.3333333333333335
63.3,ELS,300.0,5,1,11.866666666666667
63.3,ELS,300.0,10,1,0.9333333333333335
63.3,ELS,300.0,28,1,8.666666666666668
63.3,ELS,300.0,30,1,0.4
63.3,ELS,330.0,0,1,45.86666666666667
63.3,ELS,330.0,1,1,46.400000000000006
63.3,ELS,330.0,3,1,7.199999999999999
63.3,ELS,330.0,15,1,0.5333333333333333
63.3,ELS,360.0,0,1,28.26666666666667
63.3,ELS,360.0,1,1,13.733333333333334
63.3,ELS,360.0,3,1,9.066666666666666
63.3,ELS,360.0,5,1,1.4666666666666666
63.3,ELS,360.0,6,1,12.133333333333333
63.3,ELS,360.0,7,1,5.2
63.3,ELS,360.0,13,1,6.666666666666667
63.3,ELS,360.0,14,1,2.8000000000000003
63.3,ELS,360.0,15,1,1.3333333333333335
63.3,ELS,360.0,16,1,2.666666666666667
63.3,ELS,360.0,21,1,0.5333333333333333
63.3,ELS,360.0,23,1,1.0666666666666667
63.3,ELS,360.0,25,1,2.0
63.3,ELS,360.0,30,1,3.5999999999999996
63.3,ELS,360.0,32,1,4.3999999999999995
63.3,ELS,360.0,37,1,5.066666666666666
63.3,ELS,390.0,0,1,63.2
63.3,ELS,390.0,1,1,6.933333333333333
63.3,ELS,390.0,3,1,15.333333333333332
63.3,ELS,390.0,4,1,1.6
63.3,ELS,390.0,10,1,0.8
63.3,ELS,390.0,13,1,2.1333333333333333
63.3,ELS,390.0,17,1,3.0666666666666664
63.3,ELS,390.0,21,1,0.6666666666666667
63.3,ELS,390.0,28,1,6.266666666666667
63.3,ELS,420.0,0,1,57.333333333333336
63.3,ELS,420.0,1,1,32.93333333333333
63.3,ELS,420.0,2,1,7.6
63.3,ELS,420.0,4,1,0.5333333333333333
63.3,ELS,420.0,17,1,0.9333333333333335
63.3,ELS,420.0,33,1,0.6666666666666667
68.1,Control,0.0,1,1,25.6
68.1,Control,0.0,2,1,28.133333333333333
68.1,Control,0.0,3,1,3.2
68.1,Control,0.0,4,1,1.866666666666667
68.1,Control,0.0,5,1,13.733333333333334
68.1,Control,0.0,7,1,2.0
68.1,Control,0.0,8,1,0.13333333333333333
68.1,Control,0.0,9,1,1.6
68.1,Control,0.0,10,1,5.2
68.1,Control,0.0,11,1,0.5333333333333333
68.1,Control,0.0,12,1,1.0666666666666667
68.1,Control,0.0,15,1,0.6666666666666667
68.1,Control,0.0,20,1,4.133333333333333
68.1,Control,0.0,25,1,2.2666666666666666
68.1,Control,0.0,27,1,2.2666666666666666
68.1,Control,0.0,111,1,7.6
68.1,Control,30.0,0,1,1.3333333333333335
68.1,Control,30.0,1,1,17.066666666666666
68.1,Control,30.0,2,1,34.13333333333333
68.1,Control,30.0,3,1,16.266666666666666
68.1,Control,30.0,4,1,2.0
68.1,Control,30.0,7,1,0.9333333333333335
68.1,Control,30.0,8,1,0.6666666666666667
68.1,Control,30.0,9,1,0.5333333333333333
68.1,Control,30.0,10,1,2.0
68.1,Control,30.0,13,1,15.333333333333332
68.1,Control,30.0,14,1,2.666666666666667
68.1,Control,30.0,16,1,0.4
68.1,Control,30.0,19,1,0.13333333333333333
68.1,Control,30.0,27,1,1.7333333333333332
68.1,Control,30.0,37,1,4.8
68.1,Control,60.0,0,1,1.4666666666666666
68.1,Control,60.0,1,1,19.733333333333334
68.1,Control,60.0,2,1,8.266666666666666
68.1,Control,60.0,3,1,15.6
68.1,Control,60.0,5,1,5.466666666666667
68.1,Control,60.0,6,1,2.533333333333333
68.1,Control,60.0,7,1,3.733333333333334
68.1,Control,60.0,10,1,2.933333333333333
68.1,Control,60.0,12,1,4.933333333333334
68.1,Control,60.0,14,1,3.733333333333334
68.1,Control,60.0,15,1,0.6666666666666667
68.1,Control,60.0,16,1,0.13333333333333333
68.1,Control,60.0,25,1,0.26666666666666666
68.1,Control,60.0,32,1,3.8666666666666667
68.1,Control,60.0,37,1,14.000000000000002
68.1,Control,60.0,111,1,12.666666666666668
68.1,Control,90.0,0,1,1.4666666666666666
68.1,Control,90.0,1,1,10.666666666666668
68.1,Control,90.0,2,1,19.866666666666667
68.1,Control,90.0,3,1,10.533333333333333
68.1,Control,90.0,4,1,4.3999999999999995
68.1,Control,90.0,5,1,3.3333333333333335
68.1,Control,90.0,6,1,4.933333333333334
68.1,Control,90.0,8,1,1.0666666666666667
68.1,Control,90.0,9,1,0.8
68.1,Control,90.0,10,1,18.53333333333333
68.1,Control,90.0,11,1,2.1333333333333333
68.1,Control,90.0,12,1,1.0666666666666667
68.1,Control,90.0,14,1,6.133333333333333
68.1,Control,90.0,15,1,0.4
68.1,Control,90.0,16,1,0.26666666666666666
68.1,Control,90.0,19,1,0.5333333333333333
68.1,Control,90.0,20,1,1.866666666666667
68.1,Control,90.0,33,1,0.13333333333333333
68.1,Control,90.0,111,1,11.866666666666667
68.1,Control,120.0,0,1,6.666666666666667
68.1,Control,120.0,1,1,32.13333333333333
68.1,Control,120.0,2,1,11.066666666666666
68.1,Control,120.0,3,1,9.466666666666667
68.1,Control,120.0,5,1,18.53333333333333
68.1,Control,120.0,9,1,0.5333333333333333
68.1,Control,120.0,10,1,6.133333333333333
68.1,Control,120.0,14,1,4.933333333333334
68.1,Control,120.0,111,1,10.533333333333333
68.1,Control,150.0,0,1,1.866666666666667
68.1,Control,150.0,1,1,15.6
68.1,Control,150.0,2,1,20.266666666666666
68.1,Control,150.0,3,1,9.866666666666667
68.1,Control,150.0,5,1,9.333333333333334
68.1,Control,150.0,6,1,4.133333333333333
68.1,Control,150.0,7,1,4.0
68.1,Control,150.0,9,1,0.8
68.1,Control,150.0,10,1,7.066666666666667
68.1,Control,150.0,11,1,0.8
68.1,Control,150.0,14,1,3.5999999999999996
68.1,Control,150.0,16,1,1.3333333333333335
68.1,Control,150.0,111,1,21.333333333333336
68.1,Control,180.0,0,1,3.4666666666666663
68.1,Control,180.0,1,1,28.799999999999997
68.1,Control,180.0,2,1,12.133333333333333
68.1,Control,180.0,3,1,9.466666666666667
68.1,Control,180.0,5,1,1.6
68.1,Control,180.0,6,1,17.866666666666667
68.1,Control,180.0,7,1,2.8000000000000003
68.1,Control,180.0,10,1,3.0666666666666664
68.1,Control,180.0,11,1,4.133333333333333
68.1,Control,180.0,14,1,1.0666666666666667
68.1,Control,180.0,15,1,2.933333333333333
68.1,Control,180.0,16,1,1.7333333333333332
68.1,Control,180.0,23,1,1.3333333333333335
68.1,Control,180.0,111,1,9.6
68.1,Control,210.0,0,1,48.0
68.1,Control,210.0,1,1,16.0
68.1,Control,210.0,3,1,0.9333333333333335
68.1,Control,210.0,5,1,5.866666666666666
68.1,Control,210.0,6,1,14.399999999999999
68.1,Control,210.0,10,1,1.6
68.1,Control,210.0,11,1,1.3333333333333335
68.1,Control,210.0,13,1,8.533333333333333
68.1,Control,210.0,14,1,1.0666666666666667
68.1,Control,210.0,15,1,2.1333333333333333
68.1,Control,210.0,23,1,0.13333333333333333
68.1,Control,240.0,0,1,19.733333333333334
68.1,Control,240.0,1,1,35.6
68.1,Control,240.0,2,1,3.8666666666666667
68.1,Control,240.0,3,1,5.2
68.1,Control,240.0,5,1,11.200000000000001
68.1,Control,240.0,6,1,6.266666666666667
68.1,Control,240.0,13,1,5.333333333333334
68.1,Control,240.0,15,1,2.1333333333333333
68.1,Control,240.0,20,1,2.4
68.1,Control,240.0,32,1,8.266666666666666
68.1,Control,270.0,0,1,16.400000000000002
68.1,Control,270.0,1,1,48.66666666666667
68.1,Control,270.0,2,1,9.866666666666667
68.1,Control,270.0,3,1,8.799999999999999
68.1,Control,270.0,4,1,0.4
68.1,Control,270.0,5,1,1.3333333333333335
68.1,Control,270.0,7,1,1.2
68.1,Control,270.0,10,1,3.5999999999999996
68.1,Control,270.0,16,1,0.6666666666666667
68.1,Control,270.0,17,1,1.2
68.1,Control,270.0,20,1,0.8
68.1,Control,270.0,30,1,0.8
68.1,Control,270.0,36,1,1.866666666666667
68.1,Control,270.0,37,1,4.3999999999999995
68.1,Control,300.0,0,1,29.86666666666667
68.1,Control,300.0,1,1,24.53333333333333
68.1,Control,300.0,3,1,4.3999999999999995
68.1,Control,300.0,5,1,9.066666666666666
68.1,Control,300.0,6,1,1.866666666666667
68.1,Control,300.0,7,1,0.4
68.1,Control,300.0,9,1,0.9333333333333335
68.1,Control,300.0,10,1,1.3333333333333335
68.1,Control,300.0,15,1,0.4
68.1,Control,300.0,19,1,1.6
68.1,Control,300.0,20,1,3.5999999999999996
68.1,Control,300.0,22,1,8.533333333333333
68.1,Control,300.0,23,1,0.26666666666666666
68.1,Control,300.0,28,1,13.066666666666665
68.1,Control,300.0,36,1,0.13333333333333333
68.1,Control,330.0,0,1,50.93333333333333
68.1,Control,330.0,1,1,22.0
68.1,Control,330.0,3,1,12.533333333333333
68.1,Control,330.0,5,1,0.8
68.1,Control,330.0,6,1,6.666666666666667
68.1,Control,330.0,10,1,1.0666666666666667
68.1,Control,330.0,13,1,6.0
68.1,Control,360.0,0,1,27.066666666666666
68.1,Control,360.0,1,1,21.73333333333333
68.1,Control,360.0,3,1,7.6
68.1,Control,360.0,4,1,0.8
68.1,Control,360.0,5,1,0.6666666666666667
68.1,Control,360.0,7,1,1.2
68.1,Control,360.0,9,1,0.26666666666666666
68.1,Control,360.0,10,1,1.2
68.1,Control,360.0,13,1,34.53333333333333
68.1,Control,360.0,16,1,2.1333333333333333
68.1,Control,360.0,23,1,1.0666666666666667
68.1,Control,360.0,31,1,0.4
68.1,Control,360.0,34,1,0.4
68.1,Control,360.0,43,1,0.9333333333333335
68.1,Control,390.0,0,1,38.266666666666666
68.1,Control,390.0,1,1,21.73333333333333
68.1,Control,390.0,3,1,7.199999999999999
68.1,Control,390.0,4,1,0.9333333333333335
68.1,Control,390.0,9,1,0.13333333333333333
68.1,Control,390.0,10,1,0.9333333333333335
68.1,Control,390.0,13,1,24.8
68.1,Control,390.0,16,1,2.1333333333333333
68.1,Control,390.0,30,1,1.4666666666666666
68.1,Control,390.0,37,1,2.4
68.1,Control,420.0,0,1,25.733333333333334
68.1,Control,420.0,1,1,23.333333333333332
68.1,Control,420.0,3,1,3.733333333333334
68.1,Control,420.0,6,1,4.0
68.1,Control,420.0,10,1,1.0666666666666667
68.1,Control,420.0,11,1,0.26666666666666666
68.1,Control,420.0,13,1,41.86666666666667
69.1,ELS,0.0,1,1,9.2
69.1,ELS,0.0,2,1,16.933333333333334
69.1,ELS,0.0,3,1,2.0
69.1,ELS,0.0,5,1,17.466666666666665
69.1,ELS,0.0,6,1,2.8000000000000003
69.1,ELS,0.0,9,1,1.866666666666667
69.1,ELS,0.0,11,1,5.2
69.1,ELS,0.0,12,1,5.066666666666666
69.1,ELS,0.0,14,1,15.733333333333333
69.1,ELS,0.0,15,1,9.2
69.1,ELS,0.0,16,1,1.2
69.1,ELS,0.0,17,1,0.8
69.1,ELS,0.0,18,1,1.0666666666666667
69.1,ELS,0.0,21,1,2.4
69.1,ELS,0.0,22,1,2.1333333333333333
69.1,ELS,0.0,25,1,6.933333333333333
69.1,ELS,30.0,1,1,3.733333333333334
69.1,ELS,30.0,2,1,59.46666666666667
69.1,ELS,30.0,5,1,3.4666666666666663
69.1,ELS,30.0,7,1,2.1333333333333333
69.1,ELS,30.0,9,1,0.6666666666666667
69.1,ELS,30.0,11,1,3.4666666666666663
69.1,ELS,30.0,12,1,0.8
69.1,ELS,30.0,13,1,14.666666666666666
69.1,ELS,30.0,14,1,1.0666666666666667
69.1,ELS,30.0,15,1,7.199999999999999
69.1,ELS,30.0,16,1,0.9333333333333335
69.1,ELS,30.0,25,1,2.4
69.1,ELS,60.0,0,1,8.4
69.1,ELS,60.0,1,1,31.6
69.1,ELS,60.0,2,1,15.466666666666667
69.1,ELS,60.0,3,1,3.0666666666666664
69.1,ELS,60.0,4,1,0.6666666666666667
69.1,ELS,60.0,5,1,5.733333333333333
69.1,ELS,60.0,6,1,3.8666666666666667
69.1,ELS,60.0,8,1,0.4
69.1,ELS,60.0,9,1,0.9333333333333335
69.1,ELS,60.0,10,1,5.6000000000000005
69.1,ELS,60.0,11,1,1.4666666666666666
69.1,ELS,60.0,14,1,0.26666666666666666
69.1,ELS,60.0,15,1,0.8
69.1,ELS,60.0,16,1,2.2666666666666666
69.1,ELS,60.0,17,1,3.8666666666666667
69.1,ELS,60.0,20,1,4.3999999999999995
69.1,ELS,60.0,21,1,2.0
69.1,ELS,60.0,22,1,2.4
69.1,ELS,60.0,25,1,4.133333333333333
69.1,ELS,60.0,111,1,2.666666666666667
69.1,ELS,90.0,0,1,9.866666666666667
69.1,ELS,90.0,1,1,7.866666666666666
69.1,ELS,90.0,2,1,14.533333333333335
69.1,ELS,90.0,3,1,3.0666666666666664
69.1,ELS,90.0,4,1,1.3333333333333335
69.1,ELS,90.0,5,1,16.933333333333334
69.1,ELS,90.0,7,1,6.133333333333333
69.1,ELS,90.0,8,1,1.0666666666666667
69.1,ELS,90.0,10,1,2.2666666666666666
69.1,ELS,90.0,11,1,1.0666666666666667
69.1,ELS,90.0,12,1,0.8
69.1,ELS,90.0,14,1,5.2
69.1,ELS,90.0,15,1,4.533333333333333
69.1,ELS,90.0,20,1,3.3333333333333335
69.1,ELS,90.0,21,1,1.6
69.1,ELS,90.0,26,1,3.3333333333333335
69.1,ELS,90.0,28,1,10.133333333333333
69.1,ELS,90.0,29,1,0.13333333333333333
69.1,ELS,90.0,111,1,6.800000000000001
69.1,ELS,120.0,0,1,6.666666666666667
69.1,ELS,120.0,1,1,28.26666666666667
69.1,ELS,120.0,2,1,16.0
69.1,ELS,120.0,3,1,6.266666666666667
69.1,ELS,120.0,5,1,12.266666666666666
69.1,ELS,120.0,8,1,0.6666666666666667
69.1,ELS,120.0,10,1,1.2
69.1,ELS,120.0,11,1,4.8
69.1,ELS,120.0,12,1,0.6666666666666667
69.1,ELS,120.0,14,1,4.666666666666667
69.1,ELS,120.0,16,1,1.2
69.1,ELS,120.0,19,1,0.26666666666666666
69.1,ELS,120.0,20,1,7.199999999999999
69.1,ELS,120.0,21,1,1.4666666666666666
69.1,ELS,120.0,25,1,1.3333333333333335
69.1,ELS,120.0,35,1,0.5333333333333333
69.1,ELS,120.0,88,1,2.0
69.1,ELS,120.0,111,1,4.533333333333333
69.1,ELS,150.0,0,1,9.6
69.1,ELS,150.0,1,1,31.333333333333336
69.1,ELS,150.0,2,1,8.799999999999999
69.1,ELS,150.0,3,1,12.4
69.1,ELS,150.0,5,1,7.733333333333333
69.1,ELS,150.0,6,1,5.733333333333333
69.1,ELS,150.0,7,1,1.3333333333333335
69.1,ELS,150.0,10,1,0.6666666666666667
69.1,ELS,150.0,12,1,1.6
69.1,ELS,150.0,13,1,11.466666666666667
69.1,ELS,150.0,16,1,2.666666666666667
69.1,ELS,150.0,18,1,6.666666666666667
69.1,ELS,180.0,0,1,9.6
69.1,ELS,180.0,1,1,17.599999999999998
69.1,ELS,180.0,2,1,8.666666666666668
69.1,ELS,180.0,3,1,22.8
69.1,ELS,180.0,5,1,10.266666666666667
69.1,ELS,180.0,6,1,6.0
69.1,ELS,180.0,7,1,3.2
69.1,ELS,180.0,10,1,1.6
69.1,ELS,180.0,12,1,2.2666666666666666
69.1,ELS,180.0,15,1,1.866666666666667
69.1,ELS,180.0,17,1,1.6
69.1,ELS,180.0,20,1,1.866666666666667
69.1,ELS,180.0,23,1,1.866666666666667
69.1,ELS,180.0,28,1,2.533333333333333
69.1,ELS,180.0,34,1,2.0
69.1,ELS,180.0,37,1,6.266666666666667
69.1,ELS,210.0,0,1,13.200000000000001
69.1,ELS,210.0,1,1,22.133333333333333
69.1,ELS,210.0,2,1,12.933333333333334
69.1,ELS,210.0,3,1,14.799999999999999
69.1,ELS,210.0,5,1,9.6
69.1,ELS,210.0,6,1,8.799999999999999
69.1,ELS,210.0,7,1,4.8
69.1,ELS,210.0,10,1,7.066666666666667
69.1,ELS,210.0,15,1,1.4666666666666666
69.1,ELS,210.0,16,1,1.3333333333333335
69.1,ELS,210.0,27,1,2.533333333333333
69.1,ELS,210.0,31,1,0.4
69.1,ELS,210.0,34,1,0.9333333333333335
69.1,ELS,240.0,0,1,5.333333333333334
69.1,ELS,240.0,1,1,36.53333333333333
69.1,ELS,240.0,2,1,4.933333333333334
69.1,ELS,240.0,5,1,13.333333333333334
69.1,ELS,240.0,7,1,6.133333333333333
69.1,ELS,240.0,9,1,0.13333333333333333
69.1,ELS,240.0,10,1,12.4
69.1,ELS,240.0,11,1,0.5333333333333333
69.1,ELS,240.0,12,1,0.9333333333333335
69.1,ELS,240.0,16,1,1.6
69.1,ELS,240.0,21,1,1.3333333333333335
69.1,ELS,240.0,28,1,2.933333333333333
69.1,ELS,240.0,32,1,1.866666666666667
69.1,ELS,240.0,37,1,12.0
69.1,ELS,270.0,0,1,6.533333333333332
69.1,ELS,270.0,1,1,16.666666666666664
69.1,ELS,270.0,2,1,7.733333333333333
69.1,ELS,270.0,3,1,13.466666666666665
69.1,ELS,270.0,5,1,1.7333333333333332
69.1,ELS,270.0,6,1,16.53333333333333
69.1,ELS,270.0,7,1,4.133333333333333
69.1,ELS,270.0,10,1,4.8
69.1,ELS,270.0,11,1,1.6
69.1,ELS,270.0,14,1,2.666666666666667
69.1,ELS,270.0,15,1,6.133333333333333
69.1,ELS,270.0,16,1,0.4
69.1,ELS,270.0,20,1,2.933333333333333
69.1,ELS,270.0,21,1,0.8
69.1,ELS,270.0,23,1,2.933333333333333
69.1,ELS,270.0,29,1,0.9333333333333335
69.1,ELS,270.0,37,1,6.0
69.1,ELS,270.0,111,1,4.0
69.1,ELS,300.0,0,1,33.6
69.1,ELS,300.0,1,1,23.200000000000003
69.1,ELS,300.0,3,1,7.333333333333333
69.1,ELS,300.0,5,1,7.466666666666668
69.1,ELS,300.0,6,1,7.866666666666666
69.1,ELS,300.0,10,1,9.733333333333333
69.1,ELS,300.0,15,1,1.6
69.1,ELS,300.0,16,1,0.4
69.1,ELS,300.0,17,1,2.4
69.1,ELS,300.0,20,1,6.4
69.1,ELS,330.0,0,1,8.799999999999999
69.1,ELS,330.0,1,1,34.13333333333333
69.1,ELS,330.0,3,1,6.666666666666667
69.1,ELS,330.0,5,1,19.066666666666666
69.1,ELS,330.0,6,1,15.6
69.1,ELS,330.0,7,1,0.5333333333333333
69.1,ELS,330.0,13,1,6.4
69.1,ELS,330.0,15,1,7.333333333333333
69.1,ELS,330.0,25,1,1.4666666666666666
69.1,ELS,360.0,0,1,34.0
69.1,ELS,360.0,1,1,9.466666666666667
69.1,ELS,360.0,2,1,10.266666666666667
69.1,ELS,360.0,3,1,6.133333333333333
69.1,ELS,360.0,4,1,15.066666666666666
69.1,ELS,360.0,5,1,1.6
69.1,ELS,360.0,6,1,12.533333333333333
69.1,ELS,360.0,8,1,0.26666666666666666
69.1,ELS,360.0,9,1,1.4666666666666666
69.1,ELS,360.0,10,1,2.533333333333333
69.1,ELS,360.0,19,1,0.13333333333333333
69.1,ELS,360.0,21,1,2.533333333333333
69.1,ELS,360.0,23,1,0.5333333333333333
69.1,ELS,360.0,29,1,1.2
69.1,ELS,360.0,31,1,0.5333333333333333
69.1,ELS,360.0,32,1,0.26666666666666666
69.1,ELS,360.0,34,1,1.4666666666666666
69.1,ELS,390.0,0,1,30.0
69.1,ELS,390.0,1,1,33.86666666666667
69.1,ELS,390.0,3,1,8.133333333333333
69.1,ELS,390.0,4,1,0.8
69.1,ELS,390.0,5,1,2.1333333333333333
69.1,ELS,390.0,8,1,0.26666666666666666
69.1,ELS,390.0,10,1,5.2
69.1,ELS,390.0,13,1,10.4
69.1,ELS,390.0,16,1,0.9333333333333335
69.1,ELS,390.0,28,1,5.2
69.1,ELS,390.0,34,1,3.0666666666666664
69.1,ELS,420.0,0,1,49.06666666666666
69.1,ELS,420.0,1,1,38.53333333333334
69.1,ELS,420.0,3,1,4.8
69.1,ELS,420.0,6,1,1.7333333333333332
69.1,ELS,420.0,13,1,2.533333333333333
69.1,ELS,420.0,20,1,3.3333333333333335
69.2,ELS,0.0,1,1,4.266666666666667
69.2,ELS,0.0,2,1,36.13333333333333
69.2,ELS,0.0,5,1,18.266666666666666
69.2,ELS,0.0,9,1,0.8
69.2,ELS,0.0,10,1,1.0666666666666667
69.2,ELS,0.0,11,1,6.266666666666667
69.2,ELS,0.0,12,1,4.3999999999999995
69.2,ELS,0.0,14,1,11.200000000000001
69.2,ELS,0.0,19,1,2.0
69.2,ELS,0.0,37,1,1.6
69.2,ELS,0.0,111,1,14.000000000000002
69.2,ELS,30.0,1,1,16.0
69.2,ELS,30.0,2,1,18.666666666666668
69.2,ELS,30.0,4,1,0.4
69.2,ELS,30.0,5,1,6.933333333333333
69.2,ELS,30.0,7,1,1.2
69.2,ELS,30.0,9,1,2.1333333333333333
69.2,ELS,30.0,10,1,4.533333333333333
69.2,ELS,30.0,11,1,5.2
69.2,ELS,30.0,12,1,2.4
69.2,ELS,30.0,14,1,2.0
69.2,ELS,30.0,15,1,2.933333333333333
69.2,ELS,30.0,16,1,4.266666666666667
69.2,ELS,30.0,19,1,2.0
69.2,ELS,30.0,21,1,3.3333333333333335
69.2,ELS,30.0,27,1,1.4666666666666666
69.2,ELS,30.0,111,1,26.53333333333333
69.2,ELS,60.0,1,1,8.4
69.2,ELS,60.0,2,1,29.86666666666667
69.2,ELS,60.0,3,1,12.533333333333333
69.2,ELS,60.0,4,1,0.4
69.2,ELS,60.0,5,1,1.7333333333333332
69.2,ELS,60.0,7,1,3.0666666666666664
69.2,ELS,60.0,8,1,0.4
69.2,ELS,60.0,9,1,0.8
69.2,ELS,60.0,10,1,1.6
69.2,ELS,60.0,11,1,2.2666666666666666
69.2,ELS,60.0,14,1,8.799999999999999
69.2,ELS,60.0,15,1,0.4
69.2,ELS,60.0,16,1,8.933333333333334
69.2,ELS,60.0,19,1,1.4666666666666666
69.2,ELS,60.0,21,1,3.4666666666666663
69.2,ELS,60.0,29,1,0.13333333333333333
69.2,ELS,60.0,63,1,1.4666666666666666
69.2,ELS,60.0,111,1,14.266666666666666
69.2,ELS,90.0,0,1,6.933333333333333
69.2,ELS,90.0,1,1,5.733333333333333
69.2,ELS,90.0,2,1,38.800000000000004
69.2,ELS,90.0,3,1,8.0
69.2,ELS,90.0,4,1,2.4
69.2,ELS,90.0,5,1,1.866666666666667
69.2,ELS,90.0,8,1,0.26666666666666666
69.2,ELS,90.0,9,1,1.6
69.2,ELS,90.0,11,1,2.1333333333333333
69.2,ELS,90.0,12,1,1.3333333333333335
69.2,ELS,90.0,14,1,5.066666666666666
69.2,ELS,90.0,15,1,0.5333333333333333
69.2,ELS,90.0,16,1,5.866666666666666
69.2,ELS,90.0,17,1,1.7333333333333332
69.2,ELS,90.0,22,1,1.0666666666666667
69.2,ELS,90.0,23,1,0.5333333333333333
69.2,ELS,90.0,24,1,0.6666666666666667
69.2,ELS,90.0,25,1,3.2
69.2,ELS,90.0,111,1,12.266666666666666
69.2,ELS,120.0,1,1,1.0666666666666667
69.2,ELS,120.0,2,1,28.666666666666668
69.2,ELS,120.0,3,1,4.666666666666667
69.2,ELS,120.0,4,1,4.266666666666667
69.2,ELS,120.0,5,1,3.733333333333334
69.2,ELS,120.0,8,1,1.0666666666666667
69.2,ELS,120.0,9,1,0.13333333333333333
69.2,ELS,120.0,10,1,11.466666666666667
69.2,ELS,120.0,11,1,0.8
69.2,ELS,120.0,14,1,2.4
69.2,ELS,120.0,16,1,9.466666666666667
69.2,ELS,120.0,19,1,1.0666666666666667
69.2,ELS,120.0,21,1,1.6
69.2,ELS,120.0,22,1,3.0666666666666664
69.2,ELS,120.0,24,1,0.5333333333333333
69.2,ELS,120.0,28,1,7.733333333333333
69.2,ELS,120.0,31,1,0.5333333333333333
69.2,ELS,120.0,33,1,0.4
69.2,ELS,120.0,37,1,4.666666666666667
69.2,ELS,120.0,111,1,12.666666666666668
69.2,ELS,150.0,1,1,10.666666666666668
69.2,ELS,150.0,2,1,37.06666666666666
69.2,ELS,150.0,3,1,3.3333333333333335
69.2,ELS,150.0,5,1,11.866666666666667
69.2,ELS,150.0,6,1,3.0666666666666664
69.2,ELS,150.0,7,1,1.4666666666666666
69.2,ELS,150.0,10,1,3.3333333333333335
69.2,ELS,150.0,11,1,0.26666666666666666
69.2,ELS,150.0,12,1,1.3333333333333335
69.2,ELS,150.0,13,1,2.2666666666666666
69.2,ELS,150.0,14,1,4.3999999999999995
69.2,ELS,150.0,15,1,2.4
69.2,ELS,150.0,16,1,6.666666666666667
69.2,ELS,150.0,19,1,1.4666666666666666
69.2,ELS,150.0,21,1,1.0666666666666667
69.2,ELS,150.0,28,1,0.13333333333333333
69.2,ELS,150.0,33,1,0.26666666666666666
69.2,ELS,150.0,111,1,8.933333333333334
69.2,ELS,180.0,0,1,3.733333333333334
69.2,ELS,180.0,1,1,13.733333333333334
69.2,ELS,180.0,2,1,12.533333333333333
69.2,ELS,180.0,4,1,1.4666666666666666
69.2,ELS,180.0,5,1,13.466666666666665
69.2,ELS,180.0,6,1,12.266666666666666
69.2,ELS,180.0,7,1,1.3333333333333335
69.2,ELS,180.0,11,1,2.2666666666666666
69.2,ELS,180.0,12,1,3.4666666666666663
69.2,ELS,180.0,14,1,5.466666666666667
69.2,ELS,180.0,15,1,3.3333333333333335
69.2,ELS,180.0,16,1,2.933333333333333
69.2,ELS,180.0,28,1,2.933333333333333
69.2,ELS,180.0,32,1,2.8000000000000003
69.2,ELS,180.0,34,1,3.5999999999999996
69.2,ELS,180.0,111,1,14.666666666666666
69.2,ELS,210.0,0,1,11.600000000000001
69.2,ELS,210.0,1,1,44.13333333333333
69.2,ELS,210.0,2,1,14.266666666666666
69.2,ELS,210.0,5,1,1.2
69.2,ELS,210.0,7,1,5.466666666666667
69.2,ELS,210.0,10,1,3.3333333333333335
69.2,ELS,210.0,12,1,2.933333333333333
69.2,ELS,210.0,13,1,9.333333333333334
69.2,ELS,210.0,14,1,1.4666666666666666
69.2,ELS,210.0,16,1,1.3333333333333335
69.2,ELS,210.0,29,1,0.6666666666666667
69.2,ELS,210.0,32,1,4.133333333333333
69.2,ELS,210.0,34,1,0.13333333333333333
69.2,ELS,240.0,0,1,10.533333333333333
69.2,ELS,240.0,1,1,45.46666666666667
69.2,ELS,240.0,2,1,5.6000000000000005
69.2,ELS,240.0,3,1,7.6
69.2,ELS,240.0,4,1,1.7333333333333332
69.2,ELS,240.0,5,1,25.333333333333336
69.2,ELS,240.0,7,1,1.2
69.2,ELS,240.0,12,1,0.6666666666666667
69.2,ELS,240.0,14,1,1.0666666666666667
69.2,ELS,240.0,19,1,0.8
69.2,ELS,270.0,0,1,1.7333333333333332
69.2,ELS,270.0,1,1,30.4
69.2,ELS,270.0,2,1,0.26666666666666666
69.2,ELS,270.0,3,1,3.5999999999999996
69.2,ELS,270.0,4,1,2.933333333333333
69.2,ELS,270.0,5,1,16.0
69.2,ELS,270.0,8,1,0.26666666666666666
69.2,ELS,270.0,9,1,1.7333333333333332
69.2,ELS,270.0,10,1,5.733333333333333
69.2,ELS,270.0,14,1,8.4
69.2,ELS,270.0,15,1,3.0666666666666664
69.2,ELS,270.0,16,1,3.4666666666666663
69.2,ELS,270.0,21,1,0.5333333333333333
69.2,ELS,270.0,22,1,1.6
69.2,ELS,270.0,23,1,2.4
69.2,ELS,270.0,25,1,1.4666666666666666
69.2,ELS,270.0,27,1,4.666666666666667
69.2,ELS,270.0,34,1,0.5333333333333333
69.2,ELS,270.0,111,1,11.200000000000001
69.2,ELS,300.0,0,1,2.933333333333333
69.2,ELS,300.0,1,1,37.6
69.2,ELS,300.0,2,1,7.333333333333333
69.2,ELS,300.0,3,1,5.2
69.2,ELS,300.0,4,1,0.13333333333333333
69.2,ELS,300.0,5,1,5.066666666666666
69.2,ELS,300.0,7,1,0.5333333333333333
69.2,ELS,300.0,10,1,5.2
69.2,ELS,300.0,11,1,0.6666666666666667
69.2,ELS,300.0,13,1,5.466666666666667
69.2,ELS,300.0,14,1,3.4666666666666663
69.2,ELS,300.0,16,1,0.26666666666666666
69.2,ELS,300.0,23,1,0.8
69.2,ELS,300.0,31,1,0.26666666666666666
69.2,ELS,300.0,34,1,0.26666666666666666
69.2,ELS,300.0,37,1,17.466666666666665
69.2,ELS,300.0,111,1,7.333333333333333
69.2,ELS,330.0,0,1,4.3999999999999995
69.2,ELS,330.0,1,1,22.26666666666667
69.2,ELS,330.0,2,1,22.933333333333334
69.2,ELS,330.0,3,1,12.533333333333333
69.2,ELS,330.0,4,1,2.1333333333333333
69.2,ELS,330.0,5,1,9.066666666666666
69.2,ELS,330.0,6,1,1.0666666666666667
69.2,ELS,330.0,7,1,2.8000000000000003
69.2,ELS,330.0,10,1,4.0
69.2,ELS,330.0,11,1,2.0
69.2,ELS,330.0,12,1,2.933333333333333
69.2,ELS,330.0,14,1,3.3333333333333335
69.2,ELS,330.0,15,1,1.866666666666667
69.2,ELS,330.0,21,1,1.2
69.2,ELS,330.0,33,1,0.26666666666666666
69.2,ELS,330.0,111,1,7.199999999999999
69.2,ELS,360.0,0,1,19.066666666666666
69.2,ELS,360.0,1,1,27.73333333333333
69.2,ELS,360.0,3,1,5.6000000000000005
69.2,ELS,360.0,6,1,3.4666666666666663
69.2,ELS,360.0,12,1,0.4
69.2,ELS,360.0,14,1,1.7333333333333332
69.2,ELS,360.0,20,1,1.866666666666667
69.2,ELS,360.0,23,1,0.8
69.2,ELS,360.0,29,1,2.0
69.2,ELS,360.0,30,1,1.3333333333333335
69.2,ELS,360.0,31,1,0.4
69.2,ELS,360.0,34,1,0.9333333333333335
69.2,ELS,360.0,37,1,29.733333333333334
69.2,ELS,360.0,111,1,4.933333333333334
69.2,ELS,390.0,0,1,25.066666666666666
69.2,ELS,390.0,1,1,31.866666666666667
69.2,ELS,390.0,2,1,3.4666666666666663
69.2,ELS,390.0,3,1,4.933333333333334
69.2,ELS,390.0,4,1,0.9333333333333335
69.2,ELS,390.0,5,1,1.6
69.2,ELS,390.0,6,1,9.066666666666666
69.2,ELS,390.0,9,1,1.866666666666667
69.2,ELS,390.0,13,1,20.666666666666668
69.2,ELS,390.0,23,1,0.5333333333333333
69.2,ELS,420.0,0,1,16.0
69.2,ELS,420.0,1,1,62.26666666666667
69.2,ELS,420.0,2,1,3.3333333333333335
69.2,ELS,420.0,6,1,6.0
69.2,ELS,420.0,10,1,2.4
69.2,ELS,420.0,12,1,0.9333333333333335
69.2,ELS,420.0,13,1,7.6
69.2,ELS,420.0,20,1,1.4666666666666666
69.3,ELS,0.0,0,1,6.666666666666667
69.3,ELS,0.0,1,1,22.933333333333334
69.3,ELS,0.0,2,1,0.8
69.3,ELS,0.0,3,1,19.2
69.3,ELS,0.0,4,1,4.533333333333333
69.3,ELS,0.0,5,1,10.0
69.3,ELS,0.0,6,1,16.933333333333334
69.3,ELS,0.0,7,1,3.3333333333333335
69.3,ELS,0.0,11,1,2.2666666666666666
69.3,ELS,0.0,12,1,6.800000000000001
69.3,ELS,0.0,14,1,1.2
69.3,ELS,0.0,15,1,0.8
69.3,ELS,0.0,17,1,1.866666666666667
69.3,ELS,0.0,33,1,0.4
69.3,ELS,0.0,37,1,2.2666666666666666
69.3,ELS,30.0,0,1,1.3333333333333335
69.3,ELS,30.0,1,1,23.066666666666666
69.3,ELS,30.0,2,1,13.333333333333334
69.3,ELS,30.0,3,1,5.866666666666666
69.3,ELS,30.0,5,1,0.13333333333333333
69.3,ELS,30.0,6,1,10.933333333333334
69.3,ELS,30.0,7,1,3.5999999999999996
69.3,ELS,30.0,10,1,11.866666666666667
69.3,ELS,30.0,11,1,2.666666666666667
69.3,ELS,30.0,13,1,13.200000000000001
69.3,ELS,30.0,14,1,2.1333333333333333
69.3,ELS,30.0,21,1,0.4
69.3,ELS,30.0,37,1,11.466666666666667
69.3,ELS,60.0,0,1,1.2
69.3,ELS,60.0,1,1,11.600000000000001
69.3,ELS,60.0,2,1,22.0
69.3,ELS,60.0,3,1,2.533333333333333
69.3,ELS,60.0,4,1,0.4
69.3,ELS,60.0,5,1,10.266666666666667
69.3,ELS,60.0,6,1,12.533333333333333
69.3,ELS,60.0,7,1,0.6666666666666667
69.3,ELS,60.0,8,1,0.26666666666666666
69.3,ELS,60.0,10,1,13.333333333333334
69.3,ELS,60.0,11,1,1.6
69.3,ELS,60.0,12,1,1.7333333333333332
69.3,ELS,60.0,14,1,6.4
69.3,ELS,60.0,24,1,0.13333333333333333
69.3,ELS,60.0,37,1,15.333333333333332
69.3,ELS,90.0,1,1,7.6
69.3,ELS,90.0,2,1,33.2
69.3,ELS,90.0,3,1,3.8666666666666667
69.3,ELS,90.0,5,1,8.799999999999999
69.3,ELS,90.0,6,1,10.133333333333333
69.3,ELS,90.0,8,1,0.26666666666666666
69.3,ELS,90.0,10,1,0.9333333333333335
69.3,ELS,90.0,11,1,1.0666666666666667
69.3,ELS,90.0,12,1,1.4666666666666666
69.3,ELS,90.0,13,1,20.4
69.3,ELS,90.0,14,1,7.333333333333333
69.3,ELS,90.0,21,1,1.7333333333333332
69.3,ELS,90.0,111,1,3.2
69.3,ELS,120.0,1,1,38.93333333333333
69.3,ELS,120.0,2,1,12.0
69.3,ELS,120.0,3,1,2.1333333333333333
69.3,ELS,120.0,4,1,1.2
69.3,ELS,120.0,6,1,4.8
69.3,ELS,120.0,7,1,0.9333333333333335
69.3,ELS,120.0,8,1,1.2
69.3,ELS,120.0,9,1,0.26666666666666666
69.3,ELS,120.0,10,1,6.266666666666667
69.3,ELS,120.0,12,1,0.4
69.3,ELS,120.0,13,1,7.466666666666668
69.3,ELS,120.0,14,1,8.0
69.3,ELS,120.0,15,1,3.4666666666666663
69.3,ELS,120.0,16,1,3.733333333333334
69.3,ELS,120.0,17,1,1.866666666666667
69.3,ELS,120.0,24,1,0.5333333333333333
69.3,ELS,120.0,25,1,2.0
69.3,ELS,120.0,31,1,0.5333333333333333
69.3,ELS,120.0,32,1,4.266666666666667
69.3,ELS,150.0,0,1,4.533333333333333
69.3,ELS,150.0,1,1,21.46666666666667
69.3,ELS,150.0,2,1,16.0
69.3,ELS,150.0,6,1,14.666666666666666
69.3,ELS,150.0,10,1,9.066666666666666
69.3,ELS,150.0,14,1,4.266666666666667
69.3,ELS,150.0,16,1,5.066666666666666
69.3,ELS,150.0,18,1,6.800000000000001
69.3,ELS,150.0,25,1,5.066666666666666
69.3,ELS,150.0,111,1,13.066666666666665
69.3,ELS,180.0,0,1,13.066666666666665
69.3,ELS,180.0,1,1,20.933333333333334
69.3,ELS,180.0,2,1,10.666666666666668
69.3,ELS,180.0,3,1,10.266666666666667
69.3,ELS,180.0,4,1,0.13333333333333333
69.3,ELS,180.0,5,1,1.4666666666666666
69.3,ELS,180.0,6,1,13.066666666666665
69.3,ELS,180.0,10,1,10.933333333333334
69.3,ELS,180.0,11,1,2.1333333333333333
69.3,ELS,180.0,14,1,5.733333333333333
69.3,ELS,180.0,17,1,0.5333333333333333
69.3,ELS,180.0,18,1,4.8
69.3,ELS,180.0,23,1,0.4
69.3,ELS,180.0,27,1,2.1333333333333333
69.3,ELS,180.0,30,1,1.4666666666666666
69.3,ELS,180.0,31,1,0.26666666666666666
69.3,ELS,180.0,34,1,2.0
69.3,ELS,210.0,0,1,18.933333333333334
69.3,ELS,210.0,1,1,19.466666666666665
69.3,ELS,210.0,2,1,2.0
69.3,ELS,210.0,3,1,9.733333333333333
69.3,ELS,210.0,4,1,19.866666666666667
69.3,ELS,210.0,5,1,3.3333333333333335
69.3,ELS,210.0,6,1,2.4
69.3,ELS,210.0,8,1,0.6666666666666667
69.3,ELS,210.0,10,1,5.866666666666666
69.3,ELS,210.0,13,1,3.3333333333333335
69.3,ELS,210.0,15,1,0.5333333333333333
69.3,ELS,210.0,16,1,1.6
69.3,ELS,210.0,18,1,4.8
69.3,ELS,210.0,21,1,1.3333333333333335
69.3,ELS,210.0,23,1,0.5333333333333333
69.3,ELS,210.0,25,1,2.0
69.3,ELS,210.0,27,1,3.4666666666666663
69.3,ELS,210.0,30,1,0.13333333333333333
69.3,ELS,240.0,0,1,10.0
69.3,ELS,240.0,1,1,32.13333333333333
69.3,ELS,240.0,2,1,16.400000000000002
69.3,ELS,240.0,3,1,5.2
69.3,ELS,240.0,5,1,6.4
69.3,ELS,240.0,6,1,4.933333333333334
69.3,ELS,240.0,7,1,3.8666666666666667
69.3,ELS,240.0,10,1,0.4
69.3,ELS,240.0,13,1,11.866666666666667
69.3,ELS,240.0,14,1,4.133333333333333
69.3,ELS,240.0,15,1,0.4
69.3,ELS,240.0,27,1,2.0
69.3,ELS,240.0,28,1,2.2666666666666666
69.3,ELS,270.0,0,1,4.8
69.3,ELS,270.0,1,1,17.866666666666667
69.3,ELS,270.0,2,1,22.400000000000002
69.3,ELS,270.0,3,1,10.8
69.3,ELS,270.0,5,1,11.600000000000001
69.3,ELS,270.0,6,1,12.0
69.3,ELS,270.0,7,1,1.7333333333333332
69.3,ELS,270.0,10,1,4.0
69.3,ELS,270.0,11,1,0.5333333333333333
69.3,ELS,270.0,12,1,1.0666666666666667
69.3,ELS,270.0,14,1,5.6000000000000005
69.3,ELS,270.0,15,1,2.4
69.3,ELS,270.0,16,1,0.8
69.3,ELS,270.0,29,1,1.7333333333333332
69.3,ELS,270.0,30,1,2.666666666666667
69.3,ELS,300.0,0,1,19.866666666666667
69.3,ELS,300.0,1,1,28.133333333333333
69.3,ELS,300.0,2,1,2.2666666666666666
69.3,ELS,300.0,3,1,0.6666666666666667
69.3,ELS,300.0,6,1,8.266666666666666
69.3,ELS,300.0,10,1,12.266666666666666
69.3,ELS,300.0,12,1,1.7333333333333332
69.3,ELS,300.0,16,1,0.8
69.3,ELS,300.0,18,1,13.600000000000001
69.3,ELS,300.0,19,1,0.4
69.3,ELS,300.0,20,1,2.2666666666666666
69.3,ELS,300.0,22,1,0.8
69.3,ELS,300.0,41,1,0.9333333333333335
69.3,ELS,300.0,65,1,8.0
69.3,ELS,330.0,0,1,20.533333333333335
69.3,ELS,330.0,1,1,14.133333333333335
69.3,ELS,330.0,2,1,2.1333333333333333
69.3,ELS,330.0,3,1,12.8
69.3,ELS,330.0,5,1,6.0
69.3,ELS,330.0,6,1,10.4
69.3,ELS,330.0,10,1,5.6000000000000005
69.3,ELS,330.0,13,1,13.333333333333334
69.3,ELS,330.0,14,1,1.7333333333333332
69.3,ELS,330.0,37,1,13.333333333333334
69.3,ELS,360.0,0,1,34.13333333333333
69.3,ELS,360.0,1,1,32.666666666666664
69.3,ELS,360.0,2,1,2.1333333333333333
69.3,ELS,360.0,3,1,8.0
69.3,ELS,360.0,6,1,14.533333333333335
69.3,ELS,360.0,10,1,4.266666666666667
69.3,ELS,360.0,11,1,0.4
69.3,ELS,360.0,21,1,1.2
69.3,ELS,360.0,30,1,2.666666666666667
69.3,ELS,390.0,0,1,17.333333333333336
69.3,ELS,390.0,1,1,41.333333333333336
69.3,ELS,390.0,2,1,0.4
69.3,ELS,390.0,3,1,17.2
69.3,ELS,390.0,5,1,7.866666666666666
69.3,ELS,390.0,7,1,0.8
69.3,ELS,390.0,11,1,0.8
69.3,ELS,390.0,13,1,6.933333333333333
69.3,ELS,390.0,14,1,0.6666666666666667
69.3,ELS,390.0,15,1,0.4
69.3,ELS,390.0,16,1,0.5333333333333333
69.3,ELS,390.0,19,1,0.6666666666666667
69.3,ELS,390.0,29,1,0.8
69.3,ELS,390.0,111,1,4.266666666666667
69.3,ELS,420.0,0,1,17.2
69.3,ELS,420.0,1,1,53.46666666666666
69.3,ELS,420.0,2,1,4.666666666666667
69.3,ELS,420.0,3,1,15.466666666666667
69.3,ELS,420.0,7,1,1.2
69.3,ELS,420.0,10,1,1.2
69.3,ELS,420.0,12,1,1.6
69.3,ELS,420.0,13,1,3.4666666666666663
69.3,ELS,420.0,16,1,1.2
69.3,ELS,420.0,17,1,0.5333333333333333
69.5,ELS,0.0,0,1,3.3333333333333335
69.5,ELS,0.0,1,1,7.733333333333333
69.5,ELS,0.0,2,1,6.4
69.5,ELS,0.0,3,1,1.866666666666667
69.5,ELS,0.0,4,1,3.8666666666666667
69.5,ELS,0.0,5,1,37.46666666666666
69.5,ELS,0.0,6,1,4.133333333333333
69.5,ELS,0.0,8,1,0.4
69.5,ELS,0.0,9,1,0.8
69.5,ELS,0.0,10,1,8.666666666666668
69.5,ELS,0.0,11,1,0.4
69.5,ELS,0.0,12,1,7.199999999999999
69.5,ELS,0.0,13,1,1.7333333333333332
69.5,ELS,0.0,14,1,3.4666666666666663
69.5,ELS,0.0,15,1,3.0666666666666664
69.5,ELS,0.0,16,1,1.866666666666667
69.5,ELS,0.0,17,1,1.4666666666666666
69.5,ELS,0.0,21,1,0.8
69.5,ELS,0.0,32,1,1.3333333333333335
69.5,ELS,0.0,111,1,4.0
69.5,ELS,30.0,0,1,2.4
69.5,ELS,30.0,1,1,10.133333333333333
69.5,ELS,30.0,2,1,15.6
69.5,ELS,30.0,3,1,8.0
69.5,ELS,30.0,4,1,15.866666666666667
69.5,ELS,30.0,5,1,6.133333333333333
69.5,ELS,30.0,6,1,16.133333333333333
69.5,ELS,30.0,7,1,2.4
69.5,ELS,30.0,10,1,6.933333333333333
69.5,ELS,30.0,11,1,0.6666666666666667
69.5,ELS,30.0,12,1,0.13333333333333333
69.5,ELS,30.0,14,1,4.133333333333333
69.5,ELS,30.0,15,1,0.6666666666666667
69.5,ELS,30.0,16,1,0.8
69.5,ELS,30.0,17,1,0.4
69.5,ELS,30.0,29,1,1.0666666666666667
69.5,ELS,30.0,111,1,8.533333333333333
69.5,ELS,60.0,0,1,3.0666666666666664
69.5,ELS,60.0,1,1,9.466666666666667
69.5,ELS,60.0,2,1,6.0
69.5,ELS,60.0,3,1,12.0
69.5,ELS,60.0,4,1,1.3333333333333335
69.5,ELS,60.0,5,1,19.2
69.5,ELS,60.0,6,1,15.6
69.5,ELS,60.0,7,1,6.4
69.5,ELS,60.0,8,1,0.13333333333333333
69.5,ELS,60.0,9,1,0.4
69.5,ELS,60.0,10,1,2.1333333333333333
69.5,ELS,60.0,11,1,1.3333333333333335
69.5,ELS,60.0,14,1,15.2
69.5,ELS,60.0,15,1,0.9333333333333335
69.5,ELS,60.0,20,1,2.533333333333333
69.5,ELS,60.0,111,1,4.266666666666667
69.5,ELS,90.0,0,1,4.0
69.5,ELS,90.0,1,1,10.8
69.5,ELS,90.0,2,1,17.599999999999998
69.5,ELS,90.0,4,1,3.733333333333334
69.5,ELS,90.0,5,1,6.533333333333332
69.5,ELS,90.0,6,1,10.4
69.5,ELS,90.0,7,1,2.2666666666666666
69.5,ELS,90.0,8,1,0.6666666666666667
69.5,ELS,90.0,9,1,1.6
69.5,ELS,90.0,14,1,7.866666666666666
69.5,ELS,90.0,15,1,1.2
69.5,ELS,90.0,16,1,5.2
69.5,ELS,90.0,19,1,1.866666666666667
69.5,ELS,90.0,20,1,2.2666666666666666
69.5,ELS,90.0,21,1,6.133333333333333
69.5,ELS,90.0,22,1,2.0
69.5,ELS,90.0,36,1,1.2
69.5,ELS,90.0,111,1,14.666666666666666
69.5,ELS,120.0,1,1,14.133333333333335
69.5,ELS,120.0,2,1,19.6
69.5,ELS,120.0,3,1,6.0
69.5,ELS,120.0,4,1,2.933333333333333
69.5,ELS,120.0,5,1,3.8666666666666667
69.5,ELS,120.0,7,1,2.4
69.5,ELS,120.0,11,1,2.533333333333333
69.5,ELS,120.0,12,1,0.8
69.5,ELS,120.0,14,1,11.200000000000001
69.5,ELS,120.0,16,1,1.6
69.5,ELS,120.0,19,1,1.7333333333333332
69.5,ELS,120.0,21,1,2.4
69.5,ELS,120.0,32,1,2.533333333333333
69.5,ELS,120.0,111,1,28.26666666666667
69.5,ELS,150.0,0,1,10.133333333333333
69.5,ELS,150.0,1,1,43.2
69.5,ELS,150.0,2,1,5.2
69.5,ELS,150.0,3,1,8.266666666666666
69.5,ELS,150.0,4,1,1.6
69.5,ELS,150.0,5,1,10.133333333333333
69.5,ELS,150.0,7,1,1.3333333333333335
69.5,ELS,150.0,9,1,0.6666666666666667
69.5,ELS,150.0,10,1,0.6666666666666667
69.5,ELS,150.0,11,1,2.666666666666667
69.5,ELS,150.0,12,1,2.533333333333333
69.5,ELS,150.0,13,1,5.866666666666666
69.5,ELS,150.0,15,1,2.666666666666667
69.5,ELS,150.0,21,1,1.0666666666666667
69.5,ELS,150.0,111,1,4.0
69.5,ELS,180.0,0,1,14.666666666666666
69.5,ELS,180.0,1,1,11.333333333333332
69.5,ELS,180.0,2,1,8.4
69.5,ELS,180.0,3,1,1.2
69.5,ELS,180.0,4,1,2.0
69.5,ELS,180.0,5,1,25.333333333333336
69.5,ELS,180.0,6,1,6.666666666666667
69.5,ELS,180.0,7,1,1.0666666666666667
69.5,ELS,180.0,8,1,0.26666666666666666
69.5,ELS,180.0,9,1,1.866666666666667
69.5,ELS,180.0,10,1,19.066666666666666
69.5,ELS,180.0,12,1,3.2
69.5,ELS,180.0,16,1,2.2666666666666666
69.5,ELS,180.0,17,1,0.6666666666666667
69.5,ELS,180.0,19,1,0.8
69.5,ELS,180.0,21,1,1.0666666666666667
69.5,ELS,180.0,30,1,0.13333333333333333
69.5,ELS,210.0,0,1,9.866666666666667
69.5,ELS,210.0,1,1,22.933333333333334
69.5,ELS,210.0,3,1,18.4
69.5,ELS,210.0,5,1,2.0
69.5,ELS,210.0,6,1,16.53333333333333
69.5,ELS,210.0,7,1,2.0
69.5,ELS,210.0,9,1,0.26666666666666666
69.5,ELS,210.0,10,1,8.4
69.5,ELS,210.0,11,1,0.6666666666666667
69.5,ELS,210.0,14,1,1.0666666666666667
69.5,ELS,210.0,17,1,0.5333333333333333
69.5,ELS,210.0,20,1,13.066666666666665
69.5,ELS,210.0,28,1,4.266666666666667
69.5,ELS,240.0,0,1,29.333333333333332
69.5,ELS,240.0,1,1,27.866666666666667
69.5,ELS,240.0,3,1,3.2
69.5,ELS,240.0,4,1,0.26666666666666666
69.5,ELS,240.0,5,1,10.4
69.5,ELS,240.0,6,1,8.133333333333333
69.5,ELS,240.0,10,1,5.733333333333333
69.5,ELS,240.0,12,1,0.5333333333333333
69.5,ELS,240.0,13,1,14.133333333333335
69.5,ELS,240.0,24,1,0.4
69.5,ELS,270.0,0,1,25.466666666666665
69.5,ELS,270.0,1,1,40.53333333333333
69.5,ELS,270.0,2,1,14.933333333333335
69.5,ELS,270.0,5,1,6.533333333333332
69.5,ELS,270.0,9,1,0.5333333333333333
69.5,ELS,270.0,12,1,1.6
69.5,ELS,270.0,15,1,0.6666666666666667
69.5,ELS,270.0,16,1,3.2
69.5,ELS,270.0,21,1,0.26666666666666666
69.5,ELS,270.0,23,1,0.6666666666666667
69.5,ELS,270.0,111,1,5.6000000000000005
69.5,ELS,300.0,0,1,3.733333333333334
69.5,ELS,300.0,1,1,61.06666666666667
69.5,ELS,300.0,5,1,2.0
69.5,ELS,300.0,6,1,26.8
69.5,ELS,300.0,7,1,0.26666666666666666
69.5,ELS,300.0,9,1,0.13333333333333333
69.5,ELS,300.0,10,1,2.1333333333333333
69.5,ELS,300.0,12,1,1.0666666666666667
69.5,ELS,300.0,15,1,1.7333333333333332
69.5,ELS,300.0,32,1,1.0666666666666667
69.5,ELS,330.0,0,1,17.2
69.5,ELS,330.0,1,1,17.599999999999998
69.5,ELS,330.0,5,1,1.2
69.5,ELS,330.0,6,1,8.799999999999999
69.5,ELS,330.0,7,1,2.8000000000000003
69.5,ELS,330.0,13,1,52.400000000000006
69.5,ELS,360.0,0,1,45.2
69.5,ELS,360.0,1,1,18.0
69.5,ELS,360.0,2,1,1.2
69.5,ELS,360.0,6,1,18.933333333333334
69.5,ELS,360.0,9,1,0.8
69.5,ELS,360.0,11,1,1.0666666666666667
69.5,ELS,360.0,13,1,7.333333333333333
69.5,ELS,360.0,17,1,0.4
69.5,ELS,360.0,21,1,1.2
69.5,ELS,360.0,23,1,0.8
69.5,ELS,360.0,29,1,0.8
69.5,ELS,360.0,40,1,4.266666666666667
69.5,ELS,390.0,0,1,20.533333333333335
69.5,ELS,390.0,1,1,24.133333333333333
69.5,ELS,390.0,2,1,0.8
69.5,ELS,390.0,4,1,4.8
69.5,ELS,390.0,5,1,5.6000000000000005
69.5,ELS,390.0,6,1,9.466666666666667
69.5,ELS,390.0,10,1,0.9333333333333335
69.5,ELS,390.0,12,1,1.2
69.5,ELS,390.0,13,1,23.466666666666665
69.5,ELS,390.0,14,1,1.866666666666667
69.5,ELS,390.0,15,1,3.2
69.5,ELS,390.0,19,1,1.6
69.5,ELS,390.0,23,1,1.6
69.5,ELS,390.0,31,1,0.5333333333333333
69.5,ELS,390.0,33,1,0.26666666666666666
69.5,ELS,420.0,0,1,52.26666666666666
69.5,ELS,420.0,1,1,45.86666666666667
69.5,ELS,420.0,17,1,1.3333333333333335
69.5,ELS,420.0,31,1,0.5333333333333333
73.1,ELS,0.0,0,1,6.666666666666667
73.1,ELS,0.0,1,1,5.733333333333333
73.1,ELS,0.0,2,1,8.133333333333333
73.1,ELS,0.0,5,1,3.2
73.1,ELS,0.0,6,1,25.866666666666667
73.1,ELS,0.0,7,1,1.6
73.1,ELS,0.0,12,1,2.533333333333333
73.1,ELS,0.0,15,1,0.5333333333333333
73.1,ELS,0.0,16,1,0.6666666666666667
73.1,ELS,0.0,18,1,43.2
73.1,ELS,0.0,20,1,1.866666666666667
73.1,ELS,30.0,1,1,47.199999999999996
73.1,ELS,30.0,3,1,6.666666666666667
73.1,ELS,30.0,6,1,28.4
73.1,ELS,30.0,7,1,6.133333333333333
73.1,ELS,30.0,12,1,0.8
73.1,ELS,30.0,18,1,9.866666666666667
73.1,ELS,30.0,19,1,0.9333333333333335
73.1,ELS,60.0,0,1,1.4666666666666666
73.1,ELS,60.0,1,1,42.93333333333334
73.1,ELS,60.0,2,1,5.066666666666666
73.1,ELS,60.0,3,1,7.066666666666667
73.1,ELS,60.0,6,1,20.4
73.1,ELS,60.0,7,1,2.666666666666667
73.1,ELS,60.0,9,1,0.6666666666666667
73.1,ELS,60.0,10,1,2.666666666666667
73.1,ELS,60.0,12,1,0.5333333333333333
73.1,ELS,60.0,18,1,14.000000000000002
73.1,ELS,60.0,21,1,0.9333333333333335
73.1,ELS,60.0,22,1,1.6
73.1,ELS,90.0,1,1,16.266666666666666
73.1,ELS,90.0,3,1,22.933333333333334
73.1,ELS,90.0,6,1,15.333333333333332
73.1,ELS,90.0,13,1,11.066666666666666
73.1,ELS,90.0,17,1,0.26666666666666666
73.1,ELS,90.0,18,1,20.0
73.1,ELS,90.0,111,1,14.133333333333335
73.1,ELS,120.0,0,1,9.2
73.1,ELS,120.0,1,1,20.933333333333334
73.1,ELS,120.0,3,1,1.3333333333333335
73.1,ELS,120.0,6,1,17.466666666666665
73.1,ELS,120.0,12,1,0.9333333333333335
73.1,ELS,120.0,13,1,12.533333333333333
73.1,ELS,120.0,18,1,27.066666666666666
73.1,ELS,120.0,21,1,1.3333333333333335
73.1,ELS,120.0,25,1,5.066666666666666
73.1,ELS,120.0,111,1,4.133333333333333
73.1,ELS,150.0,0,1,2.533333333333333
73.1,ELS,150.0,1,1,18.8
73.1,ELS,150.0,2,1,0.5333333333333333
73.1,ELS,150.0,3,1,12.133333333333333
73.1,ELS,150.0,6,1,20.666666666666668
73.1,ELS,150.0,10,1,3.3333333333333335
73.1,ELS,150.0,13,1,9.866666666666667
73.1,ELS,150.0,14,1,3.733333333333334
73.1,ELS,150.0,18,1,13.066666666666665
73.1,ELS,150.0,111,1,15.333333333333332
73.1,ELS,180.0,0,1,14.133333333333335
73.1,ELS,180.0,1,1,13.466666666666665
73.1,ELS,180.0,2,1,3.8666666666666667
73.1,ELS,180.0,3,1,4.3999999999999995
73.1,ELS,180.0,5,1,0.8
73.1,ELS,180.0,6,1,21.46666666666667
73.1,ELS,180.0,9,1,2.1333333333333333
73.1,ELS,180.0,10,1,0.6666666666666667
73.1,ELS,180.0,12,1,1.4666666666666666
73.1,ELS,180.0,13,1,10.666666666666668
73.1,ELS,180.0,14,1,0.8
73.1,ELS,180.0,18,1,18.666666666666668
73.1,ELS,180.0,19,1,0.8
73.1,ELS,180.0,21,1,0.5333333333333333
73.1,ELS,180.0,111,1,6.133333333333333
73.1,ELS,210.0,0,1,2.0
73.1,ELS,210.0,1,1,9.733333333333333
73.1,ELS,210.0,3,1,17.333333333333336
73.1,ELS,210.0,6,1,28.799999999999997
73.1,ELS,210.0,7,1,2.1333333333333333
73.1,ELS,210.0,11,1,0.5333333333333333
73.1,ELS,210.0,12,1,0.8
73.1,ELS,210.0,13,1,6.4
73.1,ELS,210.0,18,1,19.2
73.1,ELS,210.0,19,1,0.8
73.1,ELS,210.0,21,1,2.0
73.1,ELS,210.0,26,1,6.666666666666667
73.1,ELS,210.0,29,1,0.4
73.1,ELS,210.0,111,1,3.2
73.1,ELS,240.0,0,1,7.733333333333333
73.1,ELS,240.0,1,1,57.333333333333336
73.1,ELS,240.0,2,1,4.266666666666667
73.1,ELS,240.0,4,1,3.3333333333333335
73.1,ELS,240.0,5,1,5.333333333333334
73.1,ELS,240.0,6,1,19.866666666666667
73.1,ELS,240.0,12,1,1.4666666666666666
73.1,ELS,240.0,32,1,0.6666666666666667
73.1,ELS,270.0,0,1,17.333333333333336
73.1,ELS,270.0,1,1,27.73333333333333
73.1,ELS,270.0,2,1,7.866666666666666
73.1,ELS,270.0,3,1,4.933333333333334
73.1,ELS,270.0,5,1,7.066666666666667
73.1,ELS,270.0,6,1,17.466666666666665
73.1,ELS,270.0,11,1,1.2
73.1,ELS,270.0,13,1,0.9333333333333335
73.1,ELS,270.0,15,1,1.6
73.1,ELS,270.0,19,1,2.1333333333333333
73.1,ELS,270.0,20,1,8.0
73.1,ELS,270.0,21,1,0.6666666666666667
73.1,ELS,270.0,29,1,0.13333333333333333
73.1,ELS,270.0,30,1,2.0
73.1,ELS,270.0,43,1,0.9333333333333335
73.1,ELS,300.0,0,1,26.8
73.1,ELS,300.0,1,1,30.133333333333333
73.1,ELS,300.0,3,1,16.8
73.1,ELS,300.0,6,1,11.866666666666667
73.1,ELS,300.0,18,1,4.666666666666667
73.1,ELS,300.0,20,1,2.666666666666667
73.1,ELS,300.0,21,1,1.4666666666666666
73.1,ELS,300.0,111,1,5.6000000000000005
73.1,ELS,330.0,0,1,25.2
73.1,ELS,330.0,1,1,12.933333333333334
73.1,ELS,330.0,3,1,4.0
73.1,ELS,330.0,5,1,1.0666666666666667
73.1,ELS,330.0,6,1,15.333333333333332
73.1,ELS,330.0,10,1,3.4666666666666663
73.1,ELS,330.0,13,1,23.066666666666666
73.1,ELS,330.0,26,1,14.933333333333335
73.1,ELS,360.0,0,1,24.666666666666668
73.1,ELS,360.0,1,1,24.266666666666666
73.1,ELS,360.0,3,1,5.466666666666667
73.1,ELS,360.0,5,1,2.666666666666667
73.1,ELS,360.0,7,1,0.8
73.1,ELS,360.0,8,1,0.26666666666666666
73.1,ELS,360.0,10,1,1.866666666666667
73.1,ELS,360.0,12,1,1.7333333333333332
73.1,ELS,360.0,13,1,23.733333333333334
73.1,ELS,360.0,16,1,1.3333333333333335
73.1,ELS,360.0,17,1,0.6666666666666667
73.1,ELS,360.0,18,1,11.600000000000001
73.1,ELS,360.0,39,1,0.9333333333333335
73.1,ELS,390.0,0,1,41.86666666666667
73.1,ELS,390.0,1,1,38.53333333333334
73.1,ELS,390.0,4,1,0.8
73.1,ELS,390.0,5,1,3.4666666666666663
73.1,ELS,390.0,6,1,2.2666666666666666
73.1,ELS,390.0,13,1,11.200000000000001
73.1,ELS,390.0,14,1,1.866666666666667
73.1,ELS,420.0,0,1,55.06666666666666
73.1,ELS,420.0,1,1,24.8
73.1,ELS,420.0,5,1,1.3333333333333335
73.1,ELS,420.0,10,1,0.9333333333333335
73.1,ELS,420.0,13,1,8.266666666666666
73.1,ELS,420.0,26,1,9.6
73.4,ELS,0.0,0,1,10.8
73.4,ELS,0.0,1,1,11.466666666666667
73.4,ELS,0.0,3,1,1.7333333333333332
73.4,ELS,0.0,5,1,4.3999999999999995
73.4,ELS,0.0,6,1,28.933333333333334
73.4,ELS,0.0,7,1,3.0666666666666664
73.4,ELS,0.0,9,1,0.26666666666666666
73.4,ELS,0.0,10,1,0.6666666666666667
73.4,ELS,0.0,13,1,9.066666666666666
73.4,ELS,0.0,15,1,1.2
73.4,ELS,0.0,18,1,20.933333333333334
73.4,ELS,0.0,22,1,2.1333333333333333
73.4,ELS,0.0,111,1,5.333333333333334
73.4,ELS,30.0,0,1,7.333333333333333
73.4,ELS,30.0,1,1,33.06666666666666
73.4,ELS,30.0,2,1,5.866666666666666
73.4,ELS,30.0,3,1,9.466666666666667
73.4,ELS,30.0,6,1,14.266666666666666
73.4,ELS,30.0,10,1,3.733333333333334
73.4,ELS,30.0,11,1,0.6666666666666667
73.4,ELS,30.0,12,1,2.933333333333333
73.4,ELS,30.0,17,1,0.6666666666666667
73.4,ELS,30.0,18,1,15.6
73.4,ELS,30.0,21,1,0.8
73.4,ELS,30.0,111,1,5.6000000000000005
73.4,ELS,60.0,1,1,9.866666666666667
73.4,ELS,60.0,2,1,22.933333333333334
73.4,ELS,60.0,3,1,5.466666666666667
73.4,ELS,60.0,5,1,3.3333333333333335
73.4,ELS,60.0,6,1,9.866666666666667
73.4,ELS,60.0,7,1,4.266666666666667
73.4,ELS,60.0,9,1,1.4666666666666666
73.4,ELS,60.0,12,1,1.3333333333333335
73.4,ELS,60.0,14,1,4.8
73.4,ELS,60.0,15,1,0.8
73.4,ELS,60.0,17,1,1.7333333333333332
73.4,ELS,60.0,18,1,21.066666666666666
73.4,ELS,60.0,21,1,0.13333333333333333
73.4,ELS,60.0,111,1,12.933333333333334
73.4,ELS,90.0,1,1,13.466666666666665
73.4,ELS,90.0,2,1,3.0666666666666664
73.4,ELS,90.0,3,1,2.666666666666667
73.4,ELS,90.0,5,1,15.066666666666666
73.4,ELS,90.0,6,1,21.2
73.4,ELS,90.0,7,1,0.4
73.4,ELS,90.0,10,1,1.2
73.4,ELS,90.0,11,1,0.13333333333333333
73.4,ELS,90.0,12,1,2.1333333333333333
73.4,ELS,90.0,13,1,10.933333333333334
73.4,ELS,90.0,14,1,1.6
73.4,ELS,90.0,15,1,1.0666666666666667
73.4,ELS,90.0,18,1,8.533333333333333
73.4,ELS,90.0,21,1,1.3333333333333335
73.4,ELS,90.0,111,1,17.2
73.4,ELS,120.0,0,1,20.8
73.4,ELS,120.0,1,1,0.5333333333333333
73.4,ELS,120.0,2,1,15.066666666666666
73.4,ELS,120.0,4,1,1.3333333333333335
73.4,ELS,120.0,5,1,8.799999999999999
73.4,ELS,120.0,6,1,25.333333333333336
73.4,ELS,120.0,7,1,0.9333333333333335
73.4,ELS,120.0,8,1,0.13333333333333333
73.4,ELS,120.0,9,1,0.13333333333333333
73.4,ELS,120.0,12,1,1.6
73.4,ELS,120.0,18,1,6.666666666666667
73.4,ELS,120.0,24,1,0.5333333333333333
73.4,ELS,120.0,25,1,0.9333333333333335
73.4,ELS,120.0,111,1,17.2
73.4,ELS,150.0,1,1,13.733333333333334
73.4,ELS,150.0,2,1,10.0
73.4,ELS,150.0,3,1,0.8
73.4,ELS,150.0,4,1,0.13333333333333333
73.4,ELS,150.0,5,1,15.866666666666667
73.4,ELS,150.0,7,1,3.4666666666666663
73.4,ELS,150.0,8,1,0.8
73.4,ELS,150.0,13,1,2.533333333333333
73.4,ELS,150.0,18,1,34.13333333333333
73.4,ELS,150.0,28,1,1.866666666666667
73.4,ELS,150.0,111,1,16.666666666666664
73.4,ELS,180.0,0,1,4.266666666666667
73.4,ELS,180.0,1,1,10.133333333333333
73.4,ELS,180.0,2,1,3.0666666666666664
73.4,ELS,180.0,5,1,4.666666666666667
73.4,ELS,180.0,6,1,20.4
73.4,ELS,180.0,7,1,3.5999999999999996
73.4,ELS,180.0,15,1,0.26666666666666666
73.4,ELS,180.0,16,1,0.6666666666666667
73.4,ELS,180.0,17,1,0.5333333333333333
73.4,ELS,180.0,18,1,27.866666666666667
73.4,ELS,180.0,20,1,1.7333333333333332
73.4,ELS,180.0,23,1,3.4666666666666663
73.4,ELS,180.0,30,1,1.6
73.4,ELS,180.0,111,1,17.733333333333334
73.4,ELS,210.0,0,1,14.399999999999999
73.4,ELS,210.0,1,1,67.33333333333333
73.4,ELS,210.0,4,1,0.5333333333333333
73.4,ELS,210.0,6,1,5.2
73.4,ELS,210.0,10,1,1.0666666666666667
73.4,ELS,210.0,18,1,8.266666666666666
73.4,ELS,210.0,111,1,3.2
73.4,ELS,240.0,0,1,6.266666666666667
73.4,ELS,240.0,1,1,40.8
73.4,ELS,240.0,3,1,16.666666666666664
73.4,ELS,240.0,5,1,1.3333333333333335
73.4,ELS,240.0,6,1,18.133333333333333
73.4,ELS,240.0,10,1,3.5999999999999996
73.4,ELS,240.0,14,1,1.6
73.4,ELS,240.0,26,1,8.799999999999999
73.4,ELS,240.0,27,1,2.8000000000000003
73.4,ELS,270.0,0,1,8.799999999999999
73.4,ELS,270.0,1,1,19.733333333333334
73.4,ELS,270.0,2,1,5.466666666666667
73.4,ELS,270.0,4,1,0.26666666666666666
73.4,ELS,270.0,5,1,2.533333333333333
73.4,ELS,270.0,7,1,1.7333333333333332
73.4,ELS,270.0,13,1,19.066666666666666
73.4,ELS,270.0,14,1,2.1333333333333333
73.4,ELS,270.0,18,1,35.333333333333336
73.4,ELS,270.0,23,1,1.2
73.4,ELS,270.0,29,1,1.3333333333333335
73.4,ELS,270.0,31,1,0.9333333333333335
73.4,ELS,270.0,34,1,1.4666666666666666
73.4,ELS,300.0,0,1,6.266666666666667
73.4,ELS,300.0,1,1,26.666666666666668
73.4,ELS,300.0,2,1,7.733333333333333
73.4,ELS,300.0,3,1,8.0
73.4,ELS,300.0,4,1,0.26666666666666666
73.4,ELS,300.0,6,1,4.533333333333333
73.4,ELS,300.0,7,1,0.6666666666666667
73.4,ELS,300.0,8,1,0.26666666666666666
73.4,ELS,300.0,13,1,22.133333333333333
73.4,ELS,300.0,15,1,0.4
73.4,ELS,300.0,18,1,19.6
73.4,ELS,300.0,111,1,3.4666666666666663
73.4,ELS,330.0,0,1,24.666666666666668
73.4,ELS,330.0,1,1,9.733333333333333
73.4,ELS,330.0,3,1,10.533333333333333
73.4,ELS,330.0,6,1,17.733333333333334
73.4,ELS,330.0,7,1,0.8
73.4,ELS,330.0,13,1,16.933333333333334
73.4,ELS,330.0,26,1,19.6
73.4,ELS,360.0,0,1,32.13333333333333
73.4,ELS,360.0,1,1,18.8
73.4,ELS,360.0,3,1,3.8666666666666667
73.4,ELS,360.0,5,1,2.1333333333333333
73.4,ELS,360.0,6,1,13.333333333333334
73.4,ELS,360.0,10,1,2.8000000000000003
73.4,ELS,360.0,13,1,0.6666666666666667
73.4,ELS,360.0,21,1,0.13333333333333333
73.4,ELS,360.0,23,1,0.5333333333333333
73.4,ELS,360.0,26,1,20.0
73.4,ELS,360.0,29,1,0.4
73.4,ELS,360.0,30,1,4.666666666666667
73.4,ELS,360.0,34,1,0.5333333333333333
73.4,ELS,390.0,0,1,18.53333333333333
73.4,ELS,390.0,1,1,39.6
73.4,ELS,390.0,3,1,9.333333333333334
73.4,ELS,390.0,4,1,0.8
73.4,ELS,390.0,5,1,0.8
73.4,ELS,390.0,6,1,22.133333333333333
73.4,ELS,390.0,7,1,1.866666666666667
73.4,ELS,390.0,21,1,1.0666666666666667
73.4,ELS,390.0,26,1,5.866666666666666
73.4,ELS,420.0,0,1,56.666666666666664
73.4,ELS,420.0,1,1,20.266666666666666
73.4,ELS,420.0,3,1,2.2666666666666666
73.4,ELS,420.0,10,1,0.6666666666666667
73.4,ELS,420.0,18,1,14.000000000000002
73.4,ELS,420.0,26,1,6.133333333333333
74.1,Control,0.0,2,1,6.666666666666667
74.1,Control,0.0,3,1,38.4
74.1,Control,0.0,4,1,1.0666666666666667
74.1,Control,0.0,5,1,4.3999999999999995
74.1,Control,0.0,6,1,16.0
74.1,Control,0.0,17,1,1.2
74.1,Control,0.0,18,1,29.733333333333334
74.1,Control,0.0,22,1,1.866666666666667
74.1,Control,0.0,111,1,0.6666666666666667
74.1,Control,30.0,1,1,7.199999999999999
74.1,Control,30.0,3,1,10.533333333333333
74.1,Control,30.0,5,1,1.3333333333333335
74.1,Control,30.0,6,1,27.866666666666667
74.1,Control,30.0,7,1,2.2666666666666666
74.1,Control,30.0,13,1,25.066666666666666
74.1,Control,30.0,15,1,0.9333333333333335
74.1,Control,30.0,17,1,0.5333333333333333
74.1,Control,30.0,18,1,17.733333333333334
74.1,Control,30.0,20,1,3.733333333333334
74.1,Control,30.0,111,1,2.8000000000000003
74.1,Control,60.0,0,1,5.333333333333334
74.1,Control,60.0,1,1,9.6
74.1,Control,60.0,2,1,10.133333333333333
74.1,Control,60.0,3,1,14.799999999999999
74.1,Control,60.0,5,1,10.4
74.1,Control,60.0,6,1,20.8
74.1,Control,60.0,9,1,0.13333333333333333
74.1,Control,60.0,10,1,4.133333333333333
74.1,Control,60.0,12,1,3.5999999999999996
74.1,Control,60.0,13,1,3.5999999999999996
74.1,Control,60.0,16,1,0.26666666666666666
74.1,Control,60.0,18,1,10.933333333333334
74.1,Control,60.0,22,1,2.666666666666667
74.1,Control,60.0,111,1,3.5999999999999996
74.1,Control,90.0,1,1,0.26666666666666666
74.1,Control,90.0,2,1,7.066666666666667
74.1,Control,90.0,3,1,10.4
74.1,Control,90.0,6,1,9.733333333333333
74.1,Control,90.0,13,1,2.533333333333333
74.1,Control,90.0,14,1,1.866666666666667
74.1,Control,90.0,18,1,51.733333333333334
74.1,Control,90.0,25,1,0.9333333333333335
74.1,Control,90.0,111,1,15.466666666666667
74.1,Control,120.0,0,1,4.0
74.1,Control,120.0,1,1,15.066666666666666
74.1,Control,120.0,3,1,4.3999999999999995
74.1,Control,120.0,6,1,9.866666666666667
74.1,Control,120.0,7,1,12.0
74.1,Control,120.0,10,1,4.933333333333334
74.1,Control,120.0,13,1,7.333333333333333
74.1,Control,120.0,17,1,0.5333333333333333
74.1,Control,120.0,18,1,20.533333333333335
74.1,Control,120.0,26,1,13.066666666666665
74.1,Control,120.0,44,1,8.266666666666666
74.1,Control,150.0,0,1,1.4666666666666666
74.1,Control,150.0,1,1,16.133333333333333
74.1,Control,150.0,2,1,11.866666666666667
74.1,Control,150.0,3,1,35.333333333333336
74.1,Control,150.0,5,1,3.5999999999999996
74.1,Control,150.0,6,1,4.266666666666667
74.1,Control,150.0,7,1,1.3333333333333335
74.1,Control,150.0,11,1,0.5333333333333333
74.1,Control,150.0,15,1,0.4
74.1,Control,150.0,17,1,1.866666666666667
74.1,Control,150.0,25,1,0.6666666666666667
74.1,Control,150.0,111,1,22.53333333333333
74.1,Control,180.0,0,1,5.2
74.1,Control,180.0,1,1,19.866666666666667
74.1,Control,180.0,2,1,36.666666666666664
74.1,Control,180.0,3,1,1.7333333333333332
74.1,Control,180.0,5,1,5.6000000000000005
74.1,Control,180.0,6,1,13.600000000000001
74.1,Control,180.0,10,1,1.866666666666667
74.1,Control,180.0,11,1,1.3333333333333335
74.1,Control,180.0,12,1,1.3333333333333335
74.1,Control,180.0,15,1,0.26666666666666666
74.1,Control,180.0,16,1,1.6
74.1,Control,180.0,21,1,0.8
74.1,Control,180.0,22,1,1.4666666666666666
74.1,Control,180.0,23,1,3.2
74.1,Control,180.0,29,1,0.6666666666666667
74.1,Control,180.0,111,1,4.8
74.1,Control,210.0,0,1,34.0
74.1,Control,210.0,1,1,12.933333333333334
74.1,Control,210.0,2,1,0.6666666666666667
74.1,Control,210.0,3,1,27.200000000000003
74.1,Control,210.0,5,1,3.2
74.1,Control,210.0,6,1,13.333333333333334
74.1,Control,210.0,11,1,0.4
74.1,Control,210.0,26,1,8.266666666666666
74.1,Control,240.0,0,1,10.266666666666667
74.1,Control,240.0,1,1,25.866666666666667
74.1,Control,240.0,3,1,11.866666666666667
74.1,Control,240.0,5,1,20.666666666666668
74.1,Control,240.0,6,1,14.933333333333335
74.1,Control,240.0,10,1,1.2
74.1,Control,240.0,17,1,0.6666666666666667
74.1,Control,240.0,25,1,3.3333333333333335
74.1,Control,240.0,26,1,11.200000000000001
74.1,Control,270.0,0,1,18.4
74.1,Control,270.0,1,1,16.266666666666666
74.1,Control,270.0,3,1,9.6
74.1,Control,270.0,4,1,9.733333333333333
74.1,Control,270.0,5,1,7.733333333333333
74.1,Control,270.0,6,1,9.066666666666666
74.1,Control,270.0,7,1,1.3333333333333335
74.1,Control,270.0,10,1,1.7333333333333332
74.1,Control,270.0,13,1,10.933333333333334
74.1,Control,270.0,18,1,9.333333333333334
74.1,Control,270.0,23,1,1.866666666666667
74.1,Control,270.0,26,1,1.866666666666667
74.1,Control,270.0,29,1,0.8
74.1,Control,270.0,34,1,1.3333333333333335
74.1,Control,300.0,0,1,30.533333333333335
74.1,Control,300.0,1,1,34.266666666666666
74.1,Control,300.0,2,1,1.0666666666666667
74.1,Control,300.0,3,1,13.066666666666665
74.1,Control,300.0,4,1,5.066666666666666
74.1,Control,300.0,5,1,6.0
74.1,Control,300.0,10,1,2.2666666666666666
74.1,Control,300.0,13,1,3.3333333333333335
74.1,Control,300.0,16,1,0.4
74.1,Control,300.0,20,1,2.666666666666667
74.1,Control,300.0,23,1,1.3333333333333335
74.1,Control,330.0,0,1,19.866666666666667
74.1,Control,330.0,1,1,16.8
74.1,Control,330.0,2,1,6.133333333333333
74.1,Control,330.0,3,1,11.733333333333333
74.1,Control,330.0,5,1,3.8666666666666667
74.1,Control,330.0,6,1,8.0
74.1,Control,330.0,10,1,0.4
74.1,Control,330.0,13,1,12.933333333333334
74.1,Control,330.0,18,1,10.266666666666667
74.1,Control,330.0,26,1,10.0
74.1,Control,360.0,0,1,34.266666666666666
74.1,Control,360.0,1,1,10.666666666666668
74.1,Control,360.0,3,1,22.666666666666664
74.1,Control,360.0,4,1,2.933333333333333
74.1,Control,360.0,5,1,12.8
74.1,Control,360.0,6,1,9.333333333333334
74.1,Control,360.0,16,1,4.133333333333333
74.1,Control,360.0,17,1,0.26666666666666666
74.1,Control,360.0,18,1,1.0666666666666667
74.1,Control,360.0,111,1,1.866666666666667
74.1,Control,390.0,0,1,57.733333333333334
74.1,Control,390.0,1,1,17.466666666666665
74.1,Control,390.0,3,1,12.0
74.1,Control,390.0,4,1,0.6666666666666667
74.1,Control,390.0,5,1,4.133333333333333
74.1,Control,390.0,10,1,1.7333333333333332
74.1,Control,390.0,11,1,0.8
74.1,Control,390.0,13,1,5.2
74.1,Control,390.0,111,1,0.26666666666666666
74.1,Control,420.0,0,1,31.333333333333336
74.1,Control,420.0,1,1,23.066666666666666
74.1,Control,420.0,2,1,0.6666666666666667
74.1,Control,420.0,3,1,12.666666666666668
74.1,Control,420.0,4,1,2.0
74.1,Control,420.0,5,1,0.6666666666666667
74.1,Control,420.0,6,1,9.466666666666667
74.1,Control,420.0,12,1,0.26666666666666666
74.1,Control,420.0,15,1,0.26666666666666666
74.1,Control,420.0,17,1,1.2
74.1,Control,420.0,19,1,0.13333333333333333
74.1,Control,420.0,20,1,3.733333333333334
74.1,Control,420.0,26,1,14.533333333333335
75.1,ELS,0.0,1,1,10.533333333333333
75.1,ELS,0.0,2,1,13.733333333333334
75.1,ELS,0.0,3,1,8.4
75.1,ELS,0.0,6,1,12.4
75.1,ELS,0.0,7,1,8.0
75.1,ELS,0.0,11,1,1.0666666666666667
75.1,ELS,0.0,12,1,4.133333333333333
75.1,ELS,0.0,15,1,0.8
75.1,ELS,0.0,18,1,27.200000000000003
75.1,ELS,0.0,20,1,4.666666666666667
75.1,ELS,0.0,21,1,2.933333333333333
75.1,ELS,0.0,111,1,6.133333333333333
75.1,ELS,30.0,1,1,17.066666666666666
75.1,ELS,30.0,2,1,27.46666666666667
75.1,ELS,30.0,3,1,9.733333333333333
75.1,ELS,30.0,5,1,9.066666666666666
75.1,ELS,30.0,7,1,4.933333333333334
75.1,ELS,30.0,8,1,0.13333333333333333
75.1,ELS,30.0,9,1,0.8
75.1,ELS,30.0,10,1,1.6
75.1,ELS,30.0,11,1,2.2666666666666666
75.1,ELS,30.0,12,1,0.8
75.1,ELS,30.0,14,1,3.3333333333333335
75.1,ELS,30.0,16,1,0.8
75.1,ELS,30.0,25,1,3.5999999999999996
75.1,ELS,30.0,111,1,18.4
75.1,ELS,60.0,0,1,0.5333333333333333
75.1,ELS,60.0,1,1,8.799999999999999
75.1,ELS,60.0,2,1,21.2
75.1,ELS,60.0,3,1,0.13333333333333333
75.1,ELS,60.0,5,1,2.666666666666667
75.1,ELS,60.0,6,1,10.0
75.1,ELS,60.0,7,1,9.733333333333333
75.1,ELS,60.0,9,1,1.4666666666666666
75.1,ELS,60.0,10,1,3.8666666666666667
75.1,ELS,60.0,12,1,1.7333333333333332
75.1,ELS,60.0,14,1,11.600000000000001
75.1,ELS,60.0,16,1,2.533333333333333
75.1,ELS,60.0,19,1,0.5333333333333333
75.1,ELS,60.0,20,1,2.0
75.1,ELS,60.0,21,1,3.3333333333333335
75.1,ELS,60.0,23,1,0.13333333333333333
75.1,ELS,60.0,25,1,2.8000000000000003
75.1,ELS,60.0,27,1,2.8000000000000003
75.1,ELS,60.0,30,1,0.26666666666666666
75.1,ELS,60.0,111,1,13.866666666666665
75.1,ELS,90.0,0,1,2.933333333333333
75.1,ELS,90.0,1,1,10.0
75.1,ELS,90.0,2,1,23.333333333333332
75.1,ELS,90.0,5,1,12.0
75.1,ELS,90.0,6,1,0.13333333333333333
75.1,ELS,90.0,9,1,0.6666666666666667
75.1,ELS,90.0,11,1,2.8000000000000003
75.1,ELS,90.0,12,1,10.8
75.1,ELS,90.0,14,1,6.0
75.1,ELS,90.0,15,1,2.533333333333333
75.1,ELS,90.0,17,1,3.5999999999999996
75.1,ELS,90.0,21,1,3.0666666666666664
75.1,ELS,90.0,30,1,1.6
75.1,ELS,90.0,111,1,20.533333333333335
75.1,ELS,120.0,1,1,9.466666666666667
75.1,ELS,120.0,2,1,28.133333333333333
75.1,ELS,120.0,3,1,5.333333333333334
75.1,ELS,120.0,5,1,3.3333333333333335
75.1,ELS,120.0,6,1,1.0666666666666667
75.1,ELS,120.0,10,1,3.5999999999999996
75.1,ELS,120.0,11,1,0.9333333333333335
75.1,ELS,120.0,12,1,5.066666666666666
75.1,ELS,120.0,14,1,7.066666666666667
75.1,ELS,120.0,16,1,1.2
75.1,ELS,120.0,18,1,12.0
75.1,ELS,120.0,19,1,2.2666666666666666
75.1,ELS,120.0,21,1,3.2
75.1,ELS,120.0,23,1,0.13333333333333333
75.1,ELS,120.0,111,1,17.2
75.1,ELS,150.0,1,1,3.3333333333333335
75.1,ELS,150.0,2,1,24.53333333333333
75.1,ELS,150.0,3,1,4.8
75.1,ELS,150.0,4,1,2.2666666666666666
75.1,ELS,150.0,5,1,14.933333333333335
75.1,ELS,150.0,6,1,4.533333333333333
75.1,ELS,150.0,7,1,3.8666666666666667
75.1,ELS,150.0,10,1,1.6
75.1,ELS,150.0,11,1,0.26666666666666666
75.1,ELS,150.0,12,1,4.266666666666667
75.1,ELS,150.0,13,1,6.533333333333332
75.1,ELS,150.0,14,1,2.4
75.1,ELS,150.0,15,1,0.8
75.1,ELS,150.0,17,1,0.26666666666666666
75.1,ELS,150.0,18,1,3.3333333333333335
75.1,ELS,150.0,21,1,2.533333333333333
75.1,ELS,150.0,29,1,1.4666666666666666
75.1,ELS,150.0,111,1,18.266666666666666
75.1,ELS,180.0,0,1,5.6000000000000005
75.1,ELS,180.0,1,1,24.0
75.1,ELS,180.0,2,1,34.8
75.1,ELS,180.0,3,1,4.8
75.1,ELS,180.0,6,1,5.6000000000000005
75.1,ELS,180.0,9,1,0.4
75.1,ELS,180.0,10,1,3.3333333333333335
75.1,ELS,180.0,11,1,0.4
75.1,ELS,180.0,16,1,0.26666666666666666
75.1,ELS,180.0,18,1,7.866666666666666
75.1,ELS,180.0,19,1,0.4
75.1,ELS,180.0,21,1,0.5333333333333333
75.1,ELS,180.0,22,1,2.0
75.1,ELS,180.0,23,1,0.8
75.1,ELS,180.0,29,1,1.4666666666666666
75.1,ELS,180.0,111,1,7.733333333333333
75.1,ELS,210.0,0,1,10.933333333333334
75.1,ELS,210.0,1,1,19.333333333333332
75.1,ELS,210.0,3,1,25.733333333333334
75.1,ELS,210.0,5,1,8.533333333333333
75.1,ELS,210.0,6,1,12.0
75.1,ELS,210.0,10,1,3.0666666666666664
75.1,ELS,210.0,13,1,13.200000000000001
75.1,ELS,210.0,14,1,1.4666666666666666
75.1,ELS,210.0,17,1,0.5333333333333333
75.1,ELS,210.0,111,1,5.2
75.1,ELS,240.0,0,1,8.0
75.1,ELS,240.0,1,1,7.6
75.1,ELS,240.0,2,1,17.599999999999998
75.1,ELS,240.0,3,1,8.533333333333333
75.1,ELS,240.0,5,1,9.2
75.1,ELS,240.0,6,1,34.0
75.1,ELS,240.0,9,1,1.4666666666666666
75.1,ELS,240.0,10,1,3.0666666666666664
75.1,ELS,240.0,11,1,1.0666666666666667
75.1,ELS,240.0,12,1,1.6
75.1,ELS,240.0,14,1,0.8
75.1,ELS,240.0,19,1,1.4666666666666666
75.1,ELS,240.0,111,1,5.6000000000000005
75.1,ELS,270.0,0,1,12.133333333333333
75.1,ELS,270.0,1,1,21.46666666666667
75.1,ELS,270.0,2,1,1.6
75.1,ELS,270.0,3,1,12.0
75.1,ELS,270.0,5,1,8.133333333333333
75.1,ELS,270.0,6,1,10.266666666666667
75.1,ELS,270.0,7,1,3.0666666666666664
75.1,ELS,270.0,9,1,0.4
75.1,ELS,270.0,10,1,3.5999999999999996
75.1,ELS,270.0,12,1,1.4666666666666666
75.1,ELS,270.0,13,1,1.4666666666666666
75.1,ELS,270.0,14,1,3.3333333333333335
75.1,ELS,270.0,15,1,0.13333333333333333
75.1,ELS,270.0,16,1,0.8
75.1,ELS,270.0,19,1,0.9333333333333335
75.1,ELS,270.0,29,1,1.6
75.1,ELS,270.0,32,1,3.5999999999999996
75.1,ELS,270.0,111,1,14.000000000000002
75.1,ELS,300.0,0,1,16.53333333333333
75.1,ELS,300.0,1,1,17.066666666666666
75.1,ELS,300.0,2,1,6.0
75.1,ELS,300.0,3,1,14.000000000000002
75.1,ELS,300.0,5,1,1.2
75.1,ELS,300.0,6,1,25.866666666666667
75.1,ELS,300.0,7,1,1.866666666666667
75.1,ELS,300.0,10,1,1.6
75.1,ELS,300.0,13,1,7.066666666666667
75.1,ELS,300.0,14,1,2.0
75.1,ELS,300.0,19,1,0.8
75.1,ELS,300.0,41,1,0.8
75.1,ELS,300.0,111,1,5.2
75.1,ELS,330.0,0,1,13.066666666666665
75.1,ELS,330.0,1,1,12.8
75.1,ELS,330.0,3,1,28.933333333333334
75.1,ELS,330.0,5,1,7.866666666666666
75.1,ELS,330.0,6,1,9.733333333333333
75.1,ELS,330.0,7,1,1.0666666666666667
75.1,ELS,330.0,13,1,1.7333333333333332
75.1,ELS,330.0,18,1,10.266666666666667
75.1,ELS,330.0,25,1,0.8
75.1,ELS,330.0,111,1,13.733333333333334
75.1,ELS,360.0,0,1,15.066666666666666
75.1,ELS,360.0,1,1,13.600000000000001
75.1,ELS,360.0,2,1,1.3333333333333335
75.1,ELS,360.0,3,1,17.466666666666665
75.1,ELS,360.0,4,1,1.866666666666667
75.1,ELS,360.0,5,1,10.8
75.1,ELS,360.0,6,1,7.333333333333333
75.1,ELS,360.0,7,1,1.0666666666666667
75.1,ELS,360.0,10,1,5.6000000000000005
75.1,ELS,360.0,12,1,0.13333333333333333
75.1,ELS,360.0,16,1,2.0
75.1,ELS,360.0,17,1,0.6666666666666667
75.1,ELS,360.0,18,1,8.133333333333333
75.1,ELS,360.0,19,1,1.3333333333333335
75.1,ELS,360.0,22,1,0.8
75.1,ELS,360.0,23,1,0.13333333333333333
75.1,ELS,360.0,24,1,0.26666666666666666
75.1,ELS,360.0,25,1,3.4666666666666663
75.1,ELS,360.0,28,1,3.3333333333333335
75.1,ELS,360.0,39,1,1.4666666666666666
75.1,ELS,360.0,111,1,4.133333333333333
75.1,ELS,390.0,0,1,24.4
75.1,ELS,390.0,1,1,11.466666666666667
75.1,ELS,390.0,2,1,0.4
75.1,ELS,390.0,3,1,4.0
75.1,ELS,390.0,5,1,5.2
75.1,ELS,390.0,6,1,15.333333333333332
75.1,ELS,390.0,7,1,3.8666666666666667
75.1,ELS,390.0,10,1,1.0666666666666667
75.1,ELS,390.0,11,1,0.4
75.1,ELS,390.0,13,1,7.466666666666668
75.1,ELS,390.0,17,1,0.8
75.1,ELS,390.0,21,1,2.1333333333333333
75.1,ELS,390.0,26,1,4.8
75.1,ELS,390.0,111,1,18.666666666666668
75.1,ELS,420.0,0,1,20.933333333333334
75.1,ELS,420.0,1,1,14.666666666666666
75.1,ELS,420.0,2,1,7.466666666666668
75.1,ELS,420.0,3,1,17.733333333333334
75.1,ELS,420.0,4,1,6.533333333333332
75.1,ELS,420.0,5,1,2.8000000000000003
75.1,ELS,420.0,6,1,11.333333333333332
75.1,ELS,420.0,9,1,0.4
75.1,ELS,420.0,10,1,1.3333333333333335
75.1,ELS,420.0,11,1,0.5333333333333333
75.1,ELS,420.0,13,1,9.466666666666667
75.1,ELS,420.0,19,1,1.2
75.1,ELS,420.0,22,1,2.666666666666667
75.1,ELS,420.0,111,1,2.933333333333333
80.3,Control,0.0,0,1,2.533333333333333
80.3,Control,0.0,1,1,32.266666666666666
80.3,Control,0.0,2,1,12.666666666666668
80.3,Control,0.0,3,1,15.6
80.3,Control,0.0,5,1,17.333333333333336
80.3,Control,0.0,6,1,12.933333333333334
80.3,Control,0.0,9,1,0.5333333333333333
80.3,Control,0.0,10,1,2.1333333333333333
80.3,Control,0.0,14,1,1.4666666666666666
80.3,Control,0.0,19,1,0.26666666666666666
80.3,Control,0.0,21,1,0.6666666666666667
80.3,Control,0.0,22,1,1.6
80.3,Control,30.0,1,1,32.800000000000004
80.3,Control,30.0,3,1,20.266666666666666
80.3,Control,30.0,5,1,8.533333333333333
80.3,Control,30.0,6,1,26.8
80.3,Control,30.0,7,1,0.5333333333333333
80.3,Control,30.0,11,1,0.8
80.3,Control,30.0,19,1,1.4666666666666666
80.3,Control,30.0,21,1,2.1333333333333333
80.3,Control,30.0,111,1,6.666666666666667
80.3,Control,60.0,0,1,1.3333333333333335
80.3,Control,60.0,1,1,9.866666666666667
80.3,Control,60.0,2,1,6.266666666666667
80.3,Control,60.0,3,1,18.0
80.3,Control,60.0,5,1,25.333333333333336
80.3,Control,60.0,7,1,7.733333333333333
80.3,Control,60.0,10,1,1.866666666666667
80.3,Control,60.0,14,1,5.6000000000000005
80.3,Control,60.0,16,1,2.0
80.3,Control,60.0,25,1,3.733333333333334
80.3,Control,60.0,111,1,18.266666666666666
80.3,Control,90.0,0,1,8.133333333333333
80.3,Control,90.0,1,1,13.200000000000001
80.3,Control,90.0,2,1,16.8
80.3,Control,90.0,3,1,14.399999999999999
80.3,Control,90.0,5,1,13.066666666666665
80.3,Control,90.0,6,1,2.666666666666667
80.3,Control,90.0,8,1,0.13333333333333333
80.3,Control,90.0,9,1,0.5333333333333333
80.3,Control,90.0,10,1,1.2
80.3,Control,90.0,11,1,0.5333333333333333
80.3,Control,90.0,12,1,3.8666666666666667
80.3,Control,90.0,14,1,2.2666666666666666
80.3,Control,90.0,15,1,3.0666666666666664
80.3,Control,90.0,17,1,0.13333333333333333
80.3,Control,90.0,20,1,4.266666666666667
80.3,Control,90.0,21,1,2.1333333333333333
80.3,Control,90.0,111,1,13.600000000000001
80.3,Control,120.0,0,1,6.800000000000001
80.3,Control,120.0,1,1,39.86666666666667
80.3,Control,120.0,2,1,21.46666666666667
80.3,Control,120.0,5,1,4.3999999999999995
80.3,Control,120.0,6,1,4.533333333333333
80.3,Control,120.0,9,1,1.3333333333333335
80.3,Control,120.0,10,1,3.5999999999999996
80.3,Control,120.0,14,1,10.133333333333333
80.3,Control,120.0,15,1,0.5333333333333333
80.3,Control,120.0,20,1,4.933333333333334
80.3,Control,120.0,21,1,0.9333333333333335
80.3,Control,120.0,22,1,1.4666666666666666
80.3,Control,150.0,0,1,4.533333333333333
80.3,Control,150.0,1,1,15.866666666666667
80.3,Control,150.0,2,1,7.733333333333333
80.3,Control,150.0,3,1,30.0
80.3,Control,150.0,5,1,18.133333333333333
80.3,Control,150.0,7,1,0.9333333333333335
80.3,Control,150.0,10,1,2.933333333333333
80.3,Control,150.0,14,1,4.133333333333333
80.3,Control,150.0,15,1,0.13333333333333333
80.3,Control,150.0,21,1,1.2
80.3,Control,150.0,111,1,14.399999999999999
80.3,Control,180.0,0,1,25.2
80.3,Control,180.0,1,1,11.066666666666666
80.3,Control,180.0,2,1,17.466666666666665
80.3,Control,180.0,3,1,12.533333333333333
80.3,Control,180.0,4,1,4.3999999999999995
80.3,Control,180.0,5,1,18.0
80.3,Control,180.0,7,1,0.8
80.3,Control,180.0,9,1,0.6666666666666667
80.3,Control,180.0,10,1,0.6666666666666667
80.3,Control,180.0,14,1,1.0666666666666667
80.3,Control,180.0,17,1,1.6
80.3,Control,180.0,23,1,2.0
80.3,Control,180.0,26,1,1.4666666666666666
80.3,Control,180.0,111,1,3.0666666666666664
80.3,Control,210.0,0,1,9.866666666666667
80.3,Control,210.0,1,1,29.733333333333334
80.3,Control,210.0,2,1,2.666666666666667
80.3,Control,210.0,3,1,20.666666666666668
80.3,Control,210.0,5,1,10.0
80.3,Control,210.0,6,1,7.333333333333333
80.3,Control,210.0,9,1,0.8
80.3,Control,210.0,10,1,0.9333333333333335
80.3,Control,210.0,11,1,0.5333333333333333
80.3,Control,210.0,13,1,5.466666666666667
80.3,Control,210.0,21,1,1.6
80.3,Control,210.0,30,1,0.26666666666666666
80.3,Control,210.0,111,1,10.133333333333333
80.3,Control,240.0,1,1,27.066666666666666
80.3,Control,240.0,3,1,10.4
80.3,Control,240.0,6,1,5.333333333333334
80.3,Control,240.0,13,1,32.0
80.3,Control,240.0,26,1,11.333333333333332
80.3,Control,240.0,27,1,8.666666666666668
80.3,Control,240.0,111,1,5.2
80.3,Control,270.0,0,1,10.133333333333333
80.3,Control,270.0,1,1,55.06666666666666
80.3,Control,270.0,6,1,5.066666666666666
80.3,Control,270.0,10,1,5.6000000000000005
80.3,Control,270.0,11,1,1.0666666666666667
80.3,Control,270.0,12,1,0.6666666666666667
80.3,Control,270.0,18,1,15.333333333333332
80.3,Control,270.0,19,1,0.26666666666666666
80.3,Control,270.0,23,1,3.2
80.3,Control,270.0,27,1,1.3333333333333335
80.3,Control,270.0,30,1,2.2666666666666666
80.3,Control,300.0,0,1,5.466666666666667
80.3,Control,300.0,1,1,61.06666666666667
80.3,Control,300.0,2,1,10.0
80.3,Control,300.0,3,1,7.466666666666668
80.3,Control,300.0,5,1,2.666666666666667
80.3,Control,300.0,13,1,7.466666666666668
80.3,Control,300.0,15,1,2.933333333333333
80.3,Control,300.0,19,1,1.0666666666666667
80.3,Control,300.0,21,1,1.866666666666667
80.3,Control,330.0,3,1,4.933333333333334
80.3,Control,330.0,13,1,95.06666666666666
80.3,Control,360.0,0,1,5.466666666666667
80.3,Control,360.0,1,1,46.0
80.3,Control,360.0,3,1,10.666666666666668
80.3,Control,360.0,5,1,14.266666666666666
80.3,Control,360.0,6,1,8.933333333333334
80.3,Control,360.0,10,1,0.5333333333333333
80.3,Control,360.0,13,1,7.866666666666666
80.3,Control,360.0,19,1,1.3333333333333335
80.3,Control,360.0,21,1,1.3333333333333335
80.3,Control,360.0,23,1,1.866666666666667
80.3,Control,360.0,29,1,0.9333333333333335
80.3,Control,360.0,35,1,0.8
80.3,Control,390.0,1,1,15.466666666666667
80.3,Control,390.0,2,1,7.466666666666668
80.3,Control,390.0,5,1,11.466666666666667
80.3,Control,390.0,6,1,9.466666666666667
80.3,Control,390.0,9,1,0.6666666666666667
80.3,Control,390.0,11,1,0.5333333333333333
80.3,Control,390.0,13,1,13.066666666666665
80.3,Control,390.0,15,1,1.866666666666667
80.3,Control,390.0,17,1,0.26666666666666666
80.3,Control,390.0,18,1,37.2
80.3,Control,390.0,21,1,1.4666666666666666
80.3,Control,390.0,23,1,0.9333333333333335
80.3,Control,390.0,29,1,0.13333333333333333
80.3,Control,420.0,0,1,9.066666666666666
80.3,Control,420.0,1,1,38.800000000000004
80.3,Control,420.0,5,1,0.5333333333333333
80.3,Control,420.0,6,1,12.8
80.3,Control,420.0,13,1,33.86666666666667
80.3,Control,420.0,15,1,1.2
80.3,Control,420.0,27,1,3.733333333333334
88.2,ELS,0.0,0,1,1.4666666666666666
88.2,ELS,0.0,1,1,6.666666666666667
88.2,ELS,0.0,2,1,21.73333333333333
88.2,ELS,0.0,3,1,28.26666666666667
88.2,ELS,0.0,6,1,30.0
88.2,ELS,0.0,7,1,1.6
88.2,ELS,0.0,10,1,5.6000000000000005
88.2,ELS,0.0,11,1,0.13333333333333333
88.2,ELS,0.0,12,1,1.3333333333333335
88.2,ELS,0.0,13,1,2.533333333333333
88.2,ELS,0.0,21,1,0.6666666666666667
88.2,ELS,30.0,0,1,14.399999999999999
88.2,ELS,30.0,1,1,1.3333333333333335
88.2,ELS,30.0,2,1,29.2
88.2,ELS,30.0,4,1,1.7333333333333332
88.2,ELS,30.0,5,1,6.533333333333332
88.2,ELS,30.0,6,1,4.3999999999999995
88.2,ELS,30.0,7,1,1.0666666666666667
88.2,ELS,30.0,10,1,2.4
88.2,ELS,30.0,12,1,1.0666666666666667
88.2,ELS,30.0,18,1,26.53333333333333
88.2,ELS,30.0,22,1,2.933333333333333
88.2,ELS,30.0,111,1,8.4
88.2,ELS,60.0,1,1,23.599999999999998
88.2,ELS,60.0,2,1,12.933333333333334
88.2,ELS,60.0,3,1,7.866666666666666
88.2,ELS,60.0,5,1,8.799999999999999
88.2,ELS,60.0,6,1,11.200000000000001
88.2,ELS,60.0,7,1,5.2
88.2,ELS,60.0,13,1,2.933333333333333
88.2,ELS,60.0,14,1,1.0666666666666667
88.2,ELS,60.0,15,1,1.6
88.2,ELS,60.0,18,1,5.2
88.2,ELS,60.0,21,1,2.666666666666667
88.2,ELS,60.0,111,1,16.933333333333334
88.2,ELS,90.0,0,1,2.4
88.2,ELS,90.0,1,1,15.466666666666667
88.2,ELS,90.0,2,1,22.666666666666664
88.2,ELS,90.0,3,1,16.266666666666666
88.2,ELS,90.0,5,1,6.800000000000001
88.2,ELS,90.0,8,1,1.2
88.2,ELS,90.0,10,1,6.533333333333332
88.2,ELS,90.0,11,1,5.6000000000000005
88.2,ELS,90.0,14,1,1.2
88.2,ELS,90.0,16,1,0.26666666666666666
88.2,ELS,90.0,20,1,1.4666666666666666
88.2,ELS,90.0,27,1,3.3333333333333335
88.2,ELS,90.0,30,1,1.866666666666667
88.2,ELS,90.0,111,1,14.933333333333335
88.2,ELS,120.0,0,1,4.266666666666667
88.2,ELS,120.0,1,1,17.333333333333336
88.2,ELS,120.0,2,1,42.66666666666667
88.2,ELS,120.0,3,1,5.2
88.2,ELS,120.0,7,1,0.9333333333333335
88.2,ELS,120.0,10,1,6.266666666666667
88.2,ELS,120.0,13,1,4.0
88.2,ELS,120.0,14,1,2.533333333333333
88.2,ELS,120.0,16,1,1.2
88.2,ELS,120.0,20,1,0.8
88.2,ELS,120.0,21,1,1.0666666666666667
88.2,ELS,120.0,41,1,0.5333333333333333
88.2,ELS,120.0,111,1,13.200000000000001
88.2,ELS,150.0,1,1,11.066666666666666
88.2,ELS,150.0,2,1,33.733333333333334
88.2,ELS,150.0,3,1,8.666666666666668
88.2,ELS,150.0,5,1,3.5999999999999996
88.2,ELS,150.0,6,1,13.866666666666665
88.2,ELS,150.0,7,1,8.4
88.2,ELS,150.0,12,1,4.933333333333334
88.2,ELS,150.0,21,1,1.2
88.2,ELS,150.0,25,1,1.3333333333333335
88.2,ELS,150.0,111,1,13.200000000000001
88.2,ELS,180.0,0,1,4.933333333333334
88.2,ELS,180.0,1,1,16.0
88.2,ELS,180.0,2,1,17.733333333333334
88.2,ELS,180.0,3,1,9.733333333333333
88.2,ELS,180.0,4,1,1.7333333333333332
88.2,ELS,180.0,5,1,1.866666666666667
88.2,ELS,180.0,6,1,13.066666666666665
88.2,ELS,180.0,7,1,4.533333333333333
88.2,ELS,180.0,10,1,3.5999999999999996
88.2,ELS,180.0,13,1,4.933333333333334
88.2,ELS,180.0,14,1,0.4
88.2,ELS,180.0,15,1,1.3333333333333335
88.2,ELS,180.0,16,1,1.7333333333333332
88.2,ELS,180.0,19,1,0.5333333333333333
88.2,ELS,180.0,21,1,2.666666666666667
88.2,ELS,180.0,30,1,2.533333333333333
88.2,ELS,180.0,37,1,3.5999999999999996
88.2,ELS,180.0,111,1,9.066666666666666
88.2,ELS,210.0,0,1,12.933333333333334
88.2,ELS,210.0,1,1,26.93333333333333
88.2,ELS,210.0,2,1,16.133333333333333
88.2,ELS,210.0,3,1,3.0666666666666664
88.2,ELS,210.0,4,1,1.2
88.2,ELS,210.0,6,1,14.533333333333335
88.2,ELS,210.0,7,1,4.8
88.2,ELS,210.0,8,1,0.13333333333333333
88.2,ELS,210.0,10,1,3.8666666666666667
88.2,ELS,210.0,13,1,5.2
88.2,ELS,210.0,14,1,1.866666666666667
88.2,ELS,210.0,15,1,1.2
88.2,ELS,210.0,25,1,2.2666666666666666
88.2,ELS,210.0,33,1,0.5333333333333333
88.2,ELS,210.0,111,1,5.333333333333334
88.2,ELS,240.0,0,1,12.133333333333333
88.2,ELS,240.0,1,1,30.8
88.2,ELS,240.0,2,1,11.600000000000001
88.2,ELS,240.0,3,1,25.733333333333334
88.2,ELS,240.0,10,1,4.0
88.2,ELS,240.0,111,1,15.733333333333333
88.2,ELS,270.0,0,1,13.466666666666665
88.2,ELS,270.0,1,1,23.333333333333332
88.2,ELS,270.0,2,1,10.4
88.2,ELS,270.0,3,1,15.466666666666667
88.2,ELS,270.0,5,1,3.4666666666666663
88.2,ELS,270.0,10,1,1.2
88.2,ELS,270.0,11,1,2.2666666666666666
88.2,ELS,270.0,14,1,4.666666666666667
88.2,ELS,270.0,16,1,0.6666666666666667
88.2,ELS,270.0,19,1,2.4
88.2,ELS,270.0,20,1,3.8666666666666667
88.2,ELS,270.0,21,1,1.866666666666667
88.2,ELS,270.0,27,1,7.199999999999999
88.2,ELS,270.0,111,1,9.733333333333333
88.2,ELS,300.0,0,1,14.266666666666666
88.2,ELS,300.0,1,1,43.733333333333334
88.2,ELS,300.0,2,1,5.333333333333334
88.2,ELS,300.0,3,1,7.066666666666667
88.2,ELS,300.0,5,1,3.733333333333334
88.2,ELS,300.0,6,1,9.2
88.2,ELS,300.0,10,1,6.4
88.2,ELS,300.0,11,1,0.4
88.2,ELS,300.0,12,1,0.8
88.2,ELS,300.0,13,1,2.666666666666667
88.2,ELS,300.0,14,1,1.0666666666666667
88.2,ELS,300.0,16,1,0.4
88.2,ELS,300.0,20,1,1.2
88.2,ELS,300.0,111,1,3.733333333333334
88.2,ELS,330.0,0,1,20.133333333333333
88.2,ELS,330.0,1,1,22.0
88.2,ELS,330.0,2,1,2.2666666666666666
88.2,ELS,330.0,3,1,13.200000000000001
88.2,ELS,330.0,5,1,4.266666666666667
88.2,ELS,330.0,6,1,20.133333333333333
88.2,ELS,330.0,7,1,0.13333333333333333
88.2,ELS,330.0,13,1,2.1333333333333333
88.2,ELS,330.0,14,1,1.0666666666666667
88.2,ELS,330.0,111,1,14.666666666666666
88.2,ELS,360.0,0,1,28.133333333333333
88.2,ELS,360.0,1,1,20.133333333333333
88.2,ELS,360.0,3,1,10.133333333333333
88.2,ELS,360.0,5,1,0.8
88.2,ELS,360.0,6,1,17.2
88.2,ELS,360.0,7,1,5.6000000000000005
88.2,ELS,360.0,11,1,0.13333333333333333
88.2,ELS,360.0,12,1,4.3999999999999995
88.2,ELS,360.0,15,1,1.866666666666667
88.2,ELS,360.0,18,1,2.0
88.2,ELS,360.0,20,1,5.066666666666666
88.2,ELS,360.0,27,1,4.533333333333333
88.2,ELS,390.0,0,1,16.266666666666666
88.2,ELS,390.0,1,1,9.733333333333333
88.2,ELS,390.0,2,1,1.866666666666667
88.2,ELS,390.0,3,1,14.000000000000002
88.2,ELS,390.0,4,1,2.2666666666666666
88.2,ELS,390.0,6,1,13.866666666666665
88.2,ELS,390.0,7,1,2.0
88.2,ELS,390.0,9,1,0.9333333333333335
88.2,ELS,390.0,10,1,1.2
88.2,ELS,390.0,12,1,1.2
88.2,ELS,390.0,14,1,1.2
88.2,ELS,390.0,18,1,8.533333333333333
88.2,ELS,390.0,19,1,0.13333333333333333
88.2,ELS,390.0,20,1,13.466666666666665
88.2,ELS,390.0,28,1,2.933333333333333
88.2,ELS,390.0,37,1,7.199999999999999
88.2,ELS,390.0,111,1,3.2
88.2,ELS,420.0,0,1,55.06666666666666
88.2,ELS,420.0,1,1,20.933333333333334
88.2,ELS,420.0,2,1,7.866666666666666
88.2,ELS,420.0,3,1,6.4
88.2,ELS,420.0,5,1,1.7333333333333332
88.2,ELS,420.0,6,1,2.666666666666667
88.2,ELS,420.0,111,1,5.333333333333334
88.3,ELS,0.0,0,1,0.6666666666666667
88.3,ELS,0.0,1,1,15.466666666666667
88.3,ELS,0.0,2,1,8.266666666666666
88.3,ELS,0.0,3,1,35.46666666666667
88.3,ELS,0.0,4,1,1.2
88.3,ELS,0.0,5,1,16.266666666666666
88.3,ELS,0.0,6,1,14.133333333333335
88.3,ELS,0.0,11,1,0.8
88.3,ELS,0.0,12,1,3.5999999999999996
88.3,ELS,0.0,13,1,1.866666666666667
88.3,ELS,0.0,21,1,2.2666666666666666
88.3,ELS,30.0,1,1,14.000000000000002
88.3,ELS,30.0,2,1,28.933333333333334
88.3,ELS,30.0,3,1,16.0
88.3,ELS,30.0,4,1,1.2
88.3,ELS,30.0,5,1,5.733333333333333
88.3,ELS,30.0,6,1,3.733333333333334
88.3,ELS,30.0,7,1,7.466666666666668
88.3,ELS,30.0,10,1,5.066666666666666
88.3,ELS,30.0,11,1,1.2
88.3,ELS,30.0,12,1,1.4666666666666666
88.3,ELS,30.0,14,1,2.533333333333333
88.3,ELS,30.0,15,1,2.8000000000000003
88.3,ELS,30.0,16,1,1.0666666666666667
88.3,ELS,30.0,18,1,7.466666666666668
88.3,ELS,30.0,19,1,0.6666666666666667
88.3,ELS,30.0,29,1,0.6666666666666667
88.3,ELS,60.0,1,1,9.6
88.3,ELS,60.0,2,1,18.53333333333333
88.3,ELS,60.0,3,1,2.1333333333333333
88.3,ELS,60.0,4,1,2.8000000000000003
88.3,ELS,60.0,5,1,6.933333333333333
88.3,ELS,60.0,7,1,2.1333333333333333
88.3,ELS,60.0,8,1,0.5333333333333333
88.3,ELS,60.0,10,1,18.933333333333334
88.3,ELS,60.0,11,1,5.733333333333333
88.3,ELS,60.0,12,1,4.133333333333333
88.3,ELS,60.0,14,1,2.0
88.3,ELS,60.0,15,1,2.2666666666666666
88.3,ELS,60.0,16,1,3.3333333333333335
88.3,ELS,60.0,18,1,1.4666666666666666
88.3,ELS,60.0,19,1,1.2
88.3,ELS,60.0,21,1,2.0
88.3,ELS,60.0,25,1,4.0
88.3,ELS,60.0,33,1,0.26666666666666666
88.3,ELS,60.0,111,1,12.0
88.3,ELS,90.0,0,1,6.800000000000001
88.3,ELS,90.0,1,1,19.2
88.3,ELS,90.0,2,1,13.866666666666665
88.3,ELS,90.0,3,1,15.333333333333332
88.3,ELS,90.0,5,1,2.1333333333333333
88.3,ELS,90.0,6,1,8.666666666666668
88.3,ELS,90.0,7,1,1.7333333333333332
88.3,ELS,90.0,9,1,1.0666666666666667
88.3,ELS,90.0,10,1,8.266666666666666
88.3,ELS,90.0,11,1,0.6666666666666667
88.3,ELS,90.0,12,1,3.733333333333334
88.3,ELS,90.0,16,1,2.0
88.3,ELS,90.0,21,1,2.8000000000000003
88.3,ELS,90.0,22,1,1.866666666666667
88.3,ELS,90.0,25,1,8.533333333333333
88.3,ELS,90.0,111,1,3.3333333333333335
88.3,ELS,120.0,1,1,9.866666666666667
88.3,ELS,120.0,2,1,8.133333333333333
88.3,ELS,120.0,3,1,19.2
88.3,ELS,120.0,4,1,0.4
88.3,ELS,120.0,5,1,18.933333333333334
88.3,ELS,120.0,6,1,4.0
88.3,ELS,120.0,7,1,3.2
88.3,ELS,120.0,9,1,0.5333333333333333
88.3,ELS,120.0,14,1,3.8666666666666667
88.3,ELS,120.0,15,1,1.4666666666666666
88.3,ELS,120.0,16,1,0.6666666666666667
88.3,ELS,120.0,17,1,4.8
88.3,ELS,120.0,21,1,3.8666666666666667
88.3,ELS,120.0,24,1,0.4
88.3,ELS,120.0,25,1,7.733333333333333
88.3,ELS,120.0,111,1,12.933333333333334
88.3,ELS,150.0,1,1,6.133333333333333
88.3,ELS,150.0,2,1,8.0
88.3,ELS,150.0,3,1,27.866666666666667
88.3,ELS,150.0,4,1,0.26666666666666666
88.3,ELS,150.0,5,1,4.133333333333333
88.3,ELS,150.0,6,1,3.0666666666666664
88.3,ELS,150.0,7,1,6.0
88.3,ELS,150.0,9,1,0.8
88.3,ELS,150.0,10,1,3.4666666666666663
88.3,ELS,150.0,11,1,3.2
88.3,ELS,150.0,12,1,0.9333333333333335
88.3,ELS,150.0,13,1,3.0666666666666664
88.3,ELS,150.0,14,1,3.8666666666666667
88.3,ELS,150.0,16,1,1.4666666666666666
88.3,ELS,150.0,21,1,2.1333333333333333
88.3,ELS,150.0,22,1,2.0
88.3,ELS,150.0,27,1,7.333333333333333
88.3,ELS,150.0,33,1,0.4
88.3,ELS,150.0,111,1,15.866666666666667
88.3,ELS,180.0,0,1,8.266666666666666
88.3,ELS,180.0,1,1,11.333333333333332
88.3,ELS,180.0,2,1,5.2
88.3,ELS,180.0,3,1,32.93333333333333
88.3,ELS,180.0,4,1,1.6
88.3,ELS,180.0,5,1,12.933333333333334
88.3,ELS,180.0,7,1,1.4666666666666666
88.3,ELS,180.0,9,1,0.26666666666666666
88.3,ELS,180.0,10,1,1.0666666666666667
88.3,ELS,180.0,11,1,5.066666666666666
88.3,ELS,180.0,12,1,1.3333333333333335
88.3,ELS,180.0,14,1,2.933333333333333
88.3,ELS,180.0,16,1,0.9333333333333335
88.3,ELS,180.0,19,1,0.9333333333333335
88.3,ELS,180.0,20,1,1.866666666666667
88.3,ELS,180.0,22,1,1.6
88.3,ELS,180.0,23,1,1.866666666666667
88.3,ELS,180.0,25,1,1.866666666666667
88.3,ELS,180.0,29,1,0.4
88.3,ELS,180.0,34,1,0.9333333333333335
88.3,ELS,180.0,35,1,0.6666666666666667
88.3,ELS,180.0,111,1,4.533333333333333
88.3,ELS,210.0,0,1,5.6000000000000005
88.3,ELS,210.0,1,1,17.599999999999998
88.3,ELS,210.0,3,1,46.800000000000004
88.3,ELS,210.0,4,1,0.4
88.3,ELS,210.0,6,1,11.866666666666667
88.3,ELS,210.0,7,1,4.0
88.3,ELS,210.0,9,1,0.6666666666666667
88.3,ELS,210.0,10,1,2.0
88.3,ELS,210.0,11,1,0.4
88.3,ELS,210.0,12,1,1.6
88.3,ELS,210.0,13,1,2.0
88.3,ELS,210.0,20,1,1.7333333333333332
88.3,ELS,210.0,22,1,2.0
88.3,ELS,210.0,23,1,0.4
88.3,ELS,210.0,24,1,0.4
88.3,ELS,210.0,25,1,2.533333333333333
88.3,ELS,240.0,1,1,18.4
88.3,ELS,240.0,2,1,4.3999999999999995
88.3,ELS,240.0,3,1,15.2
88.3,ELS,240.0,6,1,15.6
88.3,ELS,240.0,7,1,3.8666666666666667
88.3,ELS,240.0,10,1,5.866666666666666
88.3,ELS,240.0,12,1,1.866666666666667
88.3,ELS,240.0,14,1,1.3333333333333335
88.3,ELS,240.0,18,1,14.000000000000002
88.3,ELS,240.0,20,1,8.266666666666666
88.3,ELS,240.0,21,1,1.2
88.3,ELS,240.0,111,1,10.0
88.3,ELS,270.0,0,1,8.933333333333334
88.3,ELS,270.0,1,1,9.6
88.3,ELS,270.0,2,1,21.2
88.3,ELS,270.0,3,1,12.266666666666666
88.3,ELS,270.0,5,1,22.400000000000002
88.3,ELS,270.0,6,1,4.0
88.3,ELS,270.0,8,1,0.4
88.3,ELS,270.0,10,1,0.13333333333333333
88.3,ELS,270.0,11,1,1.0666666666666667
88.3,ELS,270.0,12,1,0.6666666666666667
88.3,ELS,270.0,13,1,10.0
88.3,ELS,270.0,14,1,3.4666666666666663
88.3,ELS,270.0,19,1,1.2
88.3,ELS,270.0,21,1,1.866666666666667
88.3,ELS,270.0,23,1,0.6666666666666667
88.3,ELS,270.0,29,1,1.3333333333333335
88.3,ELS,270.0,30,1,0.8
88.3,ELS,300.0,0,1,16.133333333333333
88.3,ELS,300.0,1,1,30.133333333333333
88.3,ELS,300.0,3,1,21.333333333333336
88.3,ELS,300.0,4,1,2.533333333333333
88.3,ELS,300.0,6,1,17.066666666666666
88.3,ELS,300.0,8,1,1.0666666666666667
88.3,ELS,300.0,13,1,3.733333333333334
88.3,ELS,300.0,14,1,1.4666666666666666
88.3,ELS,300.0,20,1,2.0
88.3,ELS,300.0,25,1,1.2
88.3,ELS,300.0,31,1,0.9333333333333335
88.3,ELS,300.0,32,1,2.4
88.3,ELS,330.0,0,1,6.800000000000001
88.3,ELS,330.0,1,1,38.800000000000004
88.3,ELS,330.0,3,1,12.933333333333334
88.3,ELS,330.0,5,1,6.800000000000001
88.3,ELS,330.0,6,1,16.0
88.3,ELS,330.0,10,1,1.6
88.3,ELS,330.0,12,1,0.4
88.3,ELS,330.0,13,1,12.133333333333333
88.3,ELS,330.0,111,1,4.533333333333333
88.3,ELS,360.0,0,1,27.200000000000003
88.3,ELS,360.0,1,1,19.333333333333332
88.3,ELS,360.0,3,1,35.733333333333334
88.3,ELS,360.0,5,1,5.866666666666666
88.3,ELS,360.0,10,1,3.5999999999999996
88.3,ELS,360.0,11,1,1.6
88.3,ELS,360.0,12,1,0.9333333333333335
88.3,ELS,360.0,16,1,0.8
88.3,ELS,360.0,19,1,2.0
88.3,ELS,360.0,23,1,0.5333333333333333
88.3,ELS,360.0,29,1,0.4
88.3,ELS,360.0,30,1,2.0
88.3,ELS,390.0,0,1,56.266666666666666
88.3,ELS,390.0,1,1,4.933333333333334
88.3,ELS,390.0,2,1,3.3333333333333335
88.3,ELS,390.0,3,1,18.933333333333334
88.3,ELS,390.0,4,1,2.533333333333333
88.3,ELS,390.0,9,1,0.13333333333333333
88.3,ELS,390.0,10,1,0.8
88.3,ELS,390.0,13,1,8.4
88.3,ELS,390.0,15,1,1.3333333333333335
88.3,ELS,390.0,16,1,1.2
88.3,ELS,390.0,17,1,0.26666666666666666
88.3,ELS,390.0,23,1,1.7333333333333332
88.3,ELS,390.0,29,1,0.13333333333333333
88.3,ELS,420.0,0,1,51.33333333333333
88.3,ELS,420.0,1,1,25.066666666666666
88.3,ELS,420.0,3,1,13.333333333333334
88.3,ELS,420.0,5,1,2.1333333333333333
88.3,ELS,420.0,6,1,8.133333333333333
