animal_id,group,experiment,cluster,time_s,time_bin,pct
11.4,Control,1,Freeze,30,0,0.0
11.4,Control,1,Freeze,60,30,0.0
11.4,Control,1,Freeze,90,60,18.933333333333334
11.4,Control,1,Freeze,120,90,0.0
11.4,Control,1,Freeze,150,120,6.266666666666667
11.4,Control,1,Freeze,180,150,0.9333333333333336
11.4,Control,1,Freeze,210,180,8.933333333333334
11.4,Control,1,Freeze,240,210,4.533333333333333
11.4,Control,1,Freeze,270,240,16.53333333333333
11.4,Control,1,Freeze,300,270,20.933333333333337
11.4,Control,1,Freeze,330,300,14.399999999999999
11.4,Control,1,Freeze,360,330,28.0
11.4,Control,1,Freeze,390,360,23.333333333333336
11.4,Control,1,Freeze,420,390,44.266666666666666
11.4,Control,1,Freeze,450,420,62.53333333333333
11.4,Control,1,Sniff,30,0,0.0
11.4,Control,1,Sniff,60,30,0.0
11.4,Control,1,Sniff,90,60,0.0
11.4,Control,1,Sniff,120,90,3.4666666666666663
11.4,Control,1,Sniff,150,120,10.133333333333333
11.4,Control,1,Sniff,180,150,4.266666666666667
11.4,Control,1,Sniff,210,180,9.333333333333334
11.4,Control,1,Sniff,240,210,0.0
11.4,Control,1,Sniff,270,240,6.533333333333332
11.4,Control,1,Sniff,300,270,0.0
11.4,Control,1,Sniff,330,300,0.0
11.4,Control,1,Sniff,360,330,0.0
11.4,Control,1,Sniff,390,360,0.0
11.4,Control,1,Sniff,420,390,0.0
11.4,Control,1,Sniff,450,420,0.0
11.4,Control,1,Groom,30,0,0.0
11.4,Control,1,Groom,60,30,0.0
11.4,Control,1,Groom,90,60,0.0
11.4,Control,1,Groom,120,90,0.0
11.4,Control,1,Groom,150,120,0.0
11.4,Control,1,Groom,180,150,0.0
11.4,Control,1,Groom,210,180,0.0
11.4,Control,1,Groom,240,210,2.0
11.4,Control,1,Groom,270,240,1.0666666666666669
11.4,Control,1,Groom,300,270,0.0
11.4,Control,1,Groom,330,300,0.0
11.4,Control,1,Groom,360,330,0.0
11.4,Control,1,Groom,390,360,0.6666666666666667
11.4,Control,1,Groom,420,390,0.0
11.4,Control,1,Groom,450,420,0.0
11.4,Control,1,Turn,30,0,71.86666666666666
11.4,Control,1,Turn,60,30,52.266666666666666
11.4,Control,1,Turn,90,60,46.93333333333334
11.4,Control,1,Turn,120,90,53.866666666666674
11.4,Control,1,Turn,150,120,35.733333333333334
11.4,Control,1,Turn,180,150,57.46666666666667
11.4,Control,1,Turn,210,180,33.86666666666667
11.4,Control,1,Turn,240,210,9.2
11.4,Control,1,Turn,270,240,52.93333333333333
11.4,Control,1,Turn,300,270,63.06666666666666
11.4,Control,1,Turn,330,300,26.0
11.4,Control,1,Turn,360,330,8.533333333333333
11.4,Control,1,Turn,390,360,1.0666666666666667
11.4,Control,1,Turn,420,390,49.46666666666667
11.4,Control,1,Turn,450,420,37.46666666666667
11.4,Control,1,Locomotion,30,0,0.2666666666666666
11.4,Control,1,Locomotion,60,30,3.6
11.4,Control,1,Locomotion,90,60,0.9333333333333336
11.4,Control,1,Locomotion,120,90,1.2
11.4,Control,1,Locomotion,150,120,6.533333333333333
11.4,Control,1,Locomotion,180,150,7.866666666666666
11.4,Control,1,Locomotion,210,180,1.3333333333333335
11.4,Control,1,Locomotion,240,210,0.8
11.4,Control,1,Locomotion,270,240,0.8
11.4,Control,1,Locomotion,300,270,5.2
11.4,Control,1,Locomotion,330,300,1.8666666666666671
11.4,Control,1,Locomotion,360,330,0.1333333333333333
11.4,Control,1,Locomotion,390,360,0.0
11.4,Control,1,Locomotion,420,390,0.0
11.4,Control,1,Locomotion,450,420,0.0
11.4,Control,1,Climb,30,0,0.0
11.4,Control,1,Climb,60,30,10.4
11.4,Control,1,Climb,90,60,0.0
11.4,Control,1,Climb,120,90,9.333333333333334
11.4,Control,1,Climb,150,120,17.2
11.4,Control,1,Climb,180,150,13.466666666666663
11.4,Control,1,Climb,210,180,7.866666666666666
11.4,Control,1,Climb,240,210,1.3333333333333337
11.4,Control,1,Climb,270,240,6.4
11.4,Control,1,Climb,300,270,0.0
11.4,Control,1,Climb,330,300,0.0
11.4,Control,1,Climb,360,330,0.0
11.4,Control,1,Climb,390,360,0.0
11.4,Control,1,Climb,420,390,0.0
11.4,Control,1,Climb,450,420,0.0
11.4,Control,1,Jump,30,0,0.0
11.4,Control,1,Jump,60,30,0.0
11.4,Control,1,Jump,90,60,0.0
11.4,Control,1,Jump,120,90,0.0
11.4,Control,1,Jump,150,120,1.2
11.4,Control,1,Jump,180,150,0.0
11.4,Control,1,Jump,210,180,5.600000000000001
11.4,Control,1,Jump,240,210,0.4
11.4,Control,1,Jump,270,240,0.0
11.4,Control,1,Jump,300,270,3.6000000000000005
11.4,Control,1,Jump,330,300,1.4666666666666666
11.4,Control,1,Jump,360,330,0.0
11.4,Control,1,Jump,390,360,4.3999999999999995
11.4,Control,1,Jump,420,390,0.9333333333333336
11.4,Control,1,Jump,450,420,0.0
11.6,Control,1,Freeze,30,0,9.066666666666666
11.6,Control,1,Freeze,60,30,2.933333333333333
11.6,Control,1,Freeze,90,60,22.133333333333333
11.6,Control,1,Freeze,120,90,8.799999999999999
11.6,Control,1,Freeze,150,120,4.8
11.6,Control,1,Freeze,180,150,21.46666666666667
11.6,Control,1,Freeze,210,180,23.200000000000003
11.6,Control,1,Freeze,240,210,3.4666666666666663
11.6,Control,1,Freeze,270,240,22.26666666666667
11.6,Control,1,Freeze,300,270,19.599999999999998
11.6,Control,1,Freeze,330,300,65.73333333333333
11.6,Control,1,Freeze,360,330,32.13333333333333
11.6,Control,1,Freeze,390,360,48.39999999999999
11.6,Control,1,Freeze,420,390,65.86666666666667
11.6,Control,1,Freeze,450,420,61.06666666666667
11.6,Control,1,Sniff,30,0,0.0
11.6,Control,1,Sniff,60,30,0.0
11.6,Control,1,Sniff,90,60,9.466666666666669
11.6,Control,1,Sniff,120,90,0.0
11.6,Control,1,Sniff,150,120,0.0
11.6,Control,1,Sniff,180,150,0.0
11.6,Control,1,Sniff,210,180,9.066666666666666
11.6,Control,1,Sniff,240,210,0.0
11.6,Control,1,Sniff,270,240,0.0
11.6,Control,1,Sniff,300,270,0.0
11.6,Control,1,Sniff,330,300,0.0
11.6,Control,1,Sniff,360,330,3.8666666666666663
11.6,Control,1,Sniff,390,360,2.2666666666666666
11.6,Control,1,Sniff,420,390,0.0
11.6,Control,1,Sniff,450,420,0.0
11.6,Control,1,Groom,30,0,0.1333333333333333
11.6,Control,1,Groom,60,30,0.4
11.6,Control,1,Groom,90,60,0.1333333333333333
11.6,Control,1,Groom,120,90,0.1333333333333333
11.6,Control,1,Groom,150,120,0.0
11.6,Control,1,Groom,180,150,0.5333333333333333
11.6,Control,1,Groom,210,180,0.0
11.6,Control,1,Groom,240,210,0.0
11.6,Control,1,Groom,270,240,0.0
11.6,Control,1,Groom,300,270,0.0
11.6,Control,1,Groom,330,300,0.0
11.6,Control,1,Groom,360,330,0.0
11.6,Control,1,Groom,390,360,0.0
11.6,Control,1,Groom,420,390,0.0
11.6,Control,1,Groom,450,420,0.0
11.6,Control,1,Turn,30,0,65.06666666666666
11.6,Control,1,Turn,60,30,24.53333333333333
11.6,Control,1,Turn,90,60,45.333333333333336
11.6,Control,1,Turn,120,90,40.666666666666664
11.6,Control,1,Turn,150,120,68.66666666666667
11.6,Control,1,Turn,180,150,40.53333333333333
11.6,Control,1,Turn,210,180,49.2
11.6,Control,1,Turn,240,210,0.0
11.6,Control,1,Turn,270,240,0.0
11.6,Control,1,Turn,300,270,26.133333333333333
11.6,Control,1,Turn,330,300,32.13333333333334
11.6,Control,1,Turn,360,330,31.466666666666665
11.6,Control,1,Turn,390,360,16.666666666666668
11.6,Control,1,Turn,420,390,25.866666666666664
11.6,Control,1,Turn,450,420,25.46666666666666
11.6,Control,1,Locomotion,30,0,0.8
11.6,Control,1,Locomotion,60,30,1.0666666666666669
11.6,Control,1,Locomotion,90,60,0.6666666666666666
11.6,Control,1,Locomotion,120,90,2.8000000000000007
11.6,Control,1,Locomotion,150,120,1.4666666666666666
11.6,Control,1,Locomotion,180,150,2.2666666666666666
11.6,Control,1,Locomotion,210,180,1.7333333333333336
11.6,Control,1,Locomotion,240,210,1.7333333333333332
11.6,Control,1,Locomotion,270,240,0.0
11.6,Control,1,Locomotion,300,270,4.533333333333333
11.6,Control,1,Locomotion,330,300,0.9333333333333336
11.6,Control,1,Locomotion,360,330,0.1333333333333333
11.6,Control,1,Locomotion,390,360,1.6000000000000003
11.6,Control,1,Locomotion,420,390,2.2666666666666666
11.6,Control,1,Locomotion,450,420,0.5333333333333333
11.6,Control,1,Climb,30,0,0.0
11.6,Control,1,Climb,60,30,0.0
11.6,Control,1,Climb,90,60,0.0
11.6,Control,1,Climb,120,90,0.0
11.6,Control,1,Climb,150,120,0.0
11.6,Control,1,Climb,180,150,0.0
11.6,Control,1,Climb,210,180,0.0
11.6,Control,1,Climb,240,210,0.0
11.6,Control,1,Climb,270,240,0.0
11.6,Control,1,Climb,300,270,5.733333333333333
11.6,Control,1,Climb,330,300,0.0
11.6,Control,1,Climb,360,330,0.0
11.6,Control,1,Climb,390,360,0.0
11.6,Control,1,Climb,420,390,0.0
11.6,Control,1,Climb,450,420,0.0
11.6,Control,1,Jump,30,0,0.0
11.6,Control,1,Jump,60,30,0.0
11.6,Control,1,Jump,90,60,0.0
11.6,Control,1,Jump,120,90,0.0
11.6,Control,1,Jump,150,120,0.0
11.6,Control,1,Jump,180,150,0.0
11.6,Control,1,Jump,210,180,2.9333333333333336
11.6,Control,1,Jump,240,210,0.0
11.6,Control,1,Jump,270,240,0.0
11.6,Control,1,Jump,300,270,3.066666666666667
11.6,Control,1,Jump,330,300,0.0
11.6,Control,1,Jump,360,330,0.0
11.6,Control,1,Jump,390,360,0.4
11.6,Control,1,Jump,420,390,0.2666666666666666
11.6,Control,1,Jump,450,420,0.0
123.1,ELS,3,Freeze,30,0,7.6
123.1,ELS,3,Freeze,60,30,10.533333333333331
123.1,ELS,3,Freeze,90,60,0.0
123.1,ELS,3,Freeze,120,90,2.4
123.1,ELS,3,Freeze,150,120,0.8
123.1,ELS,3,Freeze,180,150,12.4
123.1,ELS,3,Freeze,210,180,19.066666666666663
123.1,ELS,3,Freeze,240,210,20.4
123.1,ELS,3,Freeze,270,240,50.66666666666667
123.1,ELS,3,Freeze,300,270,23.73333333333333
123.1,ELS,3,Freeze,330,300,46.400000000000006
123.1,ELS,3,Freeze,360,330,43.6
123.1,ELS,3,Freeze,390,360,35.333333333333336
123.1,ELS,3,Freeze,420,390,45.33333333333333
123.1,ELS,3,Freeze,450,420,59.73333333333334
123.1,ELS,3,Sniff,30,0,2.2666666666666666
123.1,ELS,3,Sniff,60,30,3.733333333333334
123.1,ELS,3,Sniff,90,60,48.13333333333333
123.1,ELS,3,Sniff,120,90,26.4
123.1,ELS,3,Sniff,150,120,0.0
123.1,ELS,3,Sniff,180,150,0.0
123.1,ELS,3,Sniff,210,180,22.53333333333333
123.1,ELS,3,Sniff,240,210,0.0
123.1,ELS,3,Sniff,270,240,0.0
123.1,ELS,3,Sniff,300,270,0.0
123.1,ELS,3,Sniff,330,300,0.0
123.1,ELS,3,Sniff,360,330,0.0
123.1,ELS,3,Sniff,390,360,0.0
123.1,ELS,3,Sniff,420,390,0.0
123.1,ELS,3,Sniff,450,420,0.0
123.1,ELS,3,Groom,30,0,0.0
123.1,ELS,3,Groom,60,30,0.2666666666666666
123.1,ELS,3,Groom,90,60,0.0
123.1,ELS,3,Groom,120,90,0.0
123.1,ELS,3,Groom,150,120,0.0
123.1,ELS,3,Groom,180,150,0.0
123.1,ELS,3,Groom,210,180,0.0
123.1,ELS,3,Groom,240,210,0.0
123.1,ELS,3,Groom,270,240,0.0
123.1,ELS,3,Groom,300,270,0.0
123.1,ELS,3,Groom,330,300,0.0
123.1,ELS,3,Groom,360,330,0.0
123.1,ELS,3,Groom,390,360,0.0
123.1,ELS,3,Groom,420,390,0.0
123.1,ELS,3,Groom,450,420,0.0
123.1,ELS,3,Turn,30,0,68.39999999999999
123.1,ELS,3,Turn,60,30,60.93333333333334
123.1,ELS,3,Turn,90,60,35.46666666666666
123.1,ELS,3,Turn,120,90,65.06666666666666
123.1,ELS,3,Turn,150,120,44.4
123.1,ELS,3,Turn,180,150,59.2
123.1,ELS,3,Turn,210,180,50.53333333333333
123.1,ELS,3,Turn,240,210,77.6
123.1,ELS,3,Turn,270,240,48.66666666666667
123.1,ELS,3,Turn,300,270,57.333333333333336
123.1,ELS,3,Turn,330,300,53.2
123.1,ELS,3,Turn,360,330,51.599999999999994
123.1,ELS,3,Turn,390,360,37.733333333333334
123.1,ELS,3,Turn,420,390,44.0
123.1,ELS,3,Turn,450,420,17.333333333333336
123.1,ELS,3,Locomotion,30,0,0.0
123.1,ELS,3,Locomotion,60,30,0.0
123.1,ELS,3,Locomotion,90,60,0.5333333333333333
123.1,ELS,3,Locomotion,120,90,2.1333333333333333
123.1,ELS,3,Locomotion,150,120,0.0
123.1,ELS,3,Locomotion,180,150,0.0
123.1,ELS,3,Locomotion,210,180,0.0
123.1,ELS,3,Locomotion,240,210,0.0
123.1,ELS,3,Locomotion,270,240,0.0
123.1,ELS,3,Locomotion,300,270,0.0
123.1,ELS,3,Locomotion,330,300,0.4
123.1,ELS,3,Locomotion,360,330,0.0
123.1,ELS,3,Locomotion,390,360,6.266666666666667
123.1,ELS,3,Locomotion,420,390,1.0666666666666669
123.1,ELS,3,Locomotion,450,420,0.0
123.1,ELS,3,Climb,30,0,0.0
123.1,ELS,3,Climb,60,30,0.0
123.1,ELS,3,Climb,90,60,9.866666666666667
123.1,ELS,3,Climb,120,90,0.0
123.1,ELS,3,Climb,150,120,7.466666666666668
123.1,ELS,3,Climb,180,150,5.733333333333333
123.1,ELS,3,Climb,210,180,0.0
123.1,ELS,3,Climb,240,210,0.0
123.1,ELS,3,Climb,270,240,0.0
123.1,ELS,3,Climb,300,270,11.866666666666667
123.1,ELS,3,Climb,330,300,0.0
123.1,ELS,3,Climb,360,330,0.0
123.1,ELS,3,Climb,390,360,0.0
123.1,ELS,3,Climb,420,390,0.0
123.1,ELS,3,Climb,450,420,0.0
123.1,ELS,3,Jump,30,0,0.0
123.1,ELS,3,Jump,60,30,0.0
123.1,ELS,3,Jump,90,60,0.0
123.1,ELS,3,Jump,120,90,0.0
123.1,ELS,3,Jump,150,120,0.0
123.1,ELS,3,Jump,180,150,0.0
123.1,ELS,3,Jump,210,180,0.0
123.1,ELS,3,Jump,240,210,0.0
123.1,ELS,3,Jump,270,240,0.0
123.1,ELS,3,Jump,300,270,1.2
123.1,ELS,3,Jump,330,300,0.0
123.1,ELS,3,Jump,360,330,0.0
123.1,ELS,3,Jump,390,360,0.0
123.1,ELS,3,Jump,420,390,0.0
123.1,ELS,3,Jump,450,420,0.0
123.3,ELS,3,Freeze,30,0,0.0
123.3,ELS,3,Freeze,60,30,0.0
123.3,ELS,3,Freeze,90,60,0.0
123.3,ELS,3,Freeze,120,90,0.0
123.3,ELS,3,Freeze,150,120,0.0
123.3,ELS,3,Freeze,180,150,4.933333333333334
123.3,ELS,3,Freeze,210,180,16.133333333333333
123.3,ELS,3,Freeze,240,210,54.53333333333333
123.3,ELS,3,Freeze,270,240,39.2
123.3,ELS,3,Freeze,300,270,21.066666666666663
123.3,ELS,3,Freeze,330,300,61.2
123.3,ELS,3,Freeze,360,330,62.93333333333333
123.3,ELS,3,Freeze,390,360,47.86666666666667
123.3,ELS,3,Freeze,420,390,56.266666666666666
123.3,ELS,3,Freeze,450,420,78.93333333333334
123.3,ELS,3,Sniff,30,0,0.0
123.3,ELS,3,Sniff,60,30,0.0
123.3,ELS,3,Sniff,90,60,0.0
123.3,ELS,3,Sniff,120,90,0.0
123.3,ELS,3,Sniff,150,120,0.0
123.3,ELS,3,Sniff,180,150,0.0
123.3,ELS,3,Sniff,210,180,0.0
123.3,ELS,3,Sniff,240,210,0.0
123.3,ELS,3,Sniff,270,240,0.0
123.3,ELS,3,Sniff,300,270,0.0
123.3,ELS,3,Sniff,330,300,0.0
123.3,ELS,3,Sniff,360,330,0.0
123.3,ELS,3,Sniff,390,360,0.0
123.3,ELS,3,Sniff,420,390,0.0
123.3,ELS,3,Sniff,450,420,9.866666666666667
123.3,ELS,3,Groom,30,0,0.0
123.3,ELS,3,Groom,60,30,0.0
123.3,ELS,3,Groom,90,60,0.2666666666666666
123.3,ELS,3,Groom,120,90,0.0
123.3,ELS,3,Groom,150,120,0.0
123.3,ELS,3,Groom,180,150,0.0
123.3,ELS,3,Groom,210,180,0.0
123.3,ELS,3,Groom,240,210,0.2666666666666666
123.3,ELS,3,Groom,270,240,0.0
123.3,ELS,3,Groom,300,270,0.0
123.3,ELS,3,Groom,330,300,0.0
123.3,ELS,3,Groom,360,330,0.0
123.3,ELS,3,Groom,390,360,0.0
123.3,ELS,3,Groom,420,390,0.0
123.3,ELS,3,Groom,450,420,0.0
123.3,ELS,3,Turn,30,0,60.93333333333333
123.3,ELS,3,Turn,60,30,69.33333333333334
123.3,ELS,3,Turn,90,60,64.13333333333333
123.3,ELS,3,Turn,120,90,39.86666666666667
123.3,ELS,3,Turn,150,120,45.333333333333336
123.3,ELS,3,Turn,180,150,75.33333333333333
123.3,ELS,3,Turn,210,180,46.93333333333334
123.3,ELS,3,Turn,240,210,38.4
123.3,ELS,3,Turn,270,240,60.13333333333334
123.3,ELS,3,Turn,300,270,68.13333333333334
123.3,ELS,3,Turn,330,300,29.333333333333332
123.3,ELS,3,Turn,360,330,24.0
123.3,ELS,3,Turn,390,360,45.6
123.3,ELS,3,Turn,420,390,41.333333333333336
123.3,ELS,3,Turn,450,420,11.2
123.3,ELS,3,Locomotion,30,0,5.333333333333334
123.3,ELS,3,Locomotion,60,30,4.4
123.3,ELS,3,Locomotion,90,60,4.133333333333335
123.3,ELS,3,Locomotion,120,90,6.4
123.3,ELS,3,Locomotion,150,120,9.6
123.3,ELS,3,Locomotion,180,150,5.333333333333334
123.3,ELS,3,Locomotion,210,180,1.8666666666666667
123.3,ELS,3,Locomotion,240,210,2.8000000000000003
123.3,ELS,3,Locomotion,270,240,0.6666666666666667
123.3,ELS,3,Locomotion,300,270,2.933333333333333
123.3,ELS,3,Locomotion,330,300,0.0
123.3,ELS,3,Locomotion,360,330,1.4666666666666666
123.3,ELS,3,Locomotion,390,360,3.0666666666666664
123.3,ELS,3,Locomotion,420,390,1.5999999999999999
123.3,ELS,3,Locomotion,450,420,0.0
123.3,ELS,3,Climb,30,0,0.0
123.3,ELS,3,Climb,60,30,0.0
123.3,ELS,3,Climb,90,60,0.0
123.3,ELS,3,Climb,120,90,3.733333333333334
123.3,ELS,3,Climb,150,120,4.0
123.3,ELS,3,Climb,180,150,2.8000000000000003
123.3,ELS,3,Climb,210,180,6.533333333333332
123.3,ELS,3,Climb,240,210,0.4
123.3,ELS,3,Climb,270,240,0.0
123.3,ELS,3,Climb,300,270,0.0
123.3,ELS,3,Climb,330,300,0.0
123.3,ELS,3,Climb,360,330,0.0
123.3,ELS,3,Climb,390,360,0.0
123.3,ELS,3,Climb,420,390,0.0
123.3,ELS,3,Climb,450,420,0.0
123.3,ELS,3,Jump,30,0,0.0
123.3,ELS,3,Jump,60,30,0.0
123.3,ELS,3,Jump,90,60,0.0
123.3,ELS,3,Jump,120,90,0.0
123.3,ELS,3,Jump,150,120,0.0
123.3,ELS,3,Jump,180,150,0.0
123.3,ELS,3,Jump,210,180,3.3333333333333335
123.3,ELS,3,Jump,240,210,0.0
123.3,ELS,3,Jump,270,240,0.0
123.3,ELS,3,Jump,300,270,3.0666666666666664
123.3,ELS,3,Jump,330,300,0.9333333333333336
123.3,ELS,3,Jump,360,330,0.0
123.3,ELS,3,Jump,390,360,1.4666666666666666
123.3,ELS,3,Jump,420,390,0.0
123.3,ELS,3,Jump,450,420,0.0
128.4,ELS,3,Freeze,30,0,0.0
128.4,ELS,3,Freeze,60,30,1.4666666666666666
128.4,ELS,3,Freeze,90,60,2.666666666666667
128.4,ELS,3,Freeze,120,90,0.0
128.4,ELS,3,Freeze,150,120,3.4666666666666663
128.4,ELS,3,Freeze,180,150,7.466666666666668
128.4,ELS,3,Freeze,210,180,15.733333333333333
128.4,ELS,3,Freeze,240,210,43.333333333333336
128.4,ELS,3,Freeze,270,240,29.33333333333333
128.4,ELS,3,Freeze,300,270,14.133333333333336
128.4,ELS,3,Freeze,330,300,57.73333333333333
128.4,ELS,3,Freeze,360,330,71.06666666666666
128.4,ELS,3,Freeze,390,360,63.6
128.4,ELS,3,Freeze,420,390,32.0
128.4,ELS,3,Freeze,450,420,53.86666666666666
128.4,ELS,3,Sniff,30,0,89.46666666666667
128.4,ELS,3,Sniff,60,30,23.066666666666663
128.4,ELS,3,Sniff,90,60,45.6
128.4,ELS,3,Sniff,120,90,51.6
128.4,ELS,3,Sniff,150,120,41.46666666666667
128.4,ELS,3,Sniff,180,150,68.4
128.4,ELS,3,Sniff,210,180,18.0
128.4,ELS,3,Sniff,240,210,0.0
128.4,ELS,3,Sniff,270,240,33.733333333333334
128.4,ELS,3,Sniff,300,270,25.2
128.4,ELS,3,Sniff,330,300,0.0
128.4,ELS,3,Sniff,360,330,0.0
128.4,ELS,3,Sniff,390,360,0.0
128.4,ELS,3,Sniff,420,390,5.466666666666667
128.4,ELS,3,Sniff,450,420,0.0
128.4,ELS,3,Groom,30,0,0.0
128.4,ELS,3,Groom,60,30,0.0
128.4,ELS,3,Groom,90,60,0.0
128.4,ELS,3,Groom,120,90,0.0
128.4,ELS,3,Groom,150,120,0.0
128.4,ELS,3,Groom,180,150,0.0
128.4,ELS,3,Groom,210,180,0.0
128.4,ELS,3,Groom,240,210,0.0
128.4,ELS,3,Groom,270,240,0.0
128.4,ELS,3,Groom,300,270,0.0
128.4,ELS,3,Groom,330,300,0.0
128.4,ELS,3,Groom,360,330,0.0
128.4,ELS,3,Groom,390,360,0.0
128.4,ELS,3,Groom,420,390,0.0
128.4,ELS,3,Groom,450,420,0.0
128.4,ELS,3,Turn,30,0,6.0
128.4,ELS,3,Turn,60,30,58.133333333333326
128.4,ELS,3,Turn,90,60,20.266666666666666
128.4,ELS,3,Turn,120,90,20.4
128.4,ELS,3,Turn,150,120,32.13333333333333
128.4,ELS,3,Turn,180,150,5.066666666666666
128.4,ELS,3,Turn,210,180,59.99999999999999
128.4,ELS,3,Turn,240,210,43.2
128.4,ELS,3,Turn,270,240,32.133333333333326
128.4,ELS,3,Turn,300,270,28.133333333333333
128.4,ELS,3,Turn,330,300,39.333333333333336
128.4,ELS,3,Turn,360,330,20.8
128.4,ELS,3,Turn,390,360,24.4
128.4,ELS,3,Turn,420,390,35.333333333333336
128.4,ELS,3,Turn,450,420,39.6
128.4,ELS,3,Locomotion,30,0,0.0
128.4,ELS,3,Locomotion,60,30,0.0
128.4,ELS,3,Locomotion,90,60,1.866666666666667
128.4,ELS,3,Locomotion,120,90,0.0
128.4,ELS,3,Locomotion,150,120,0.0
128.4,ELS,3,Locomotion,180,150,0.0
128.4,ELS,3,Locomotion,210,180,3.2
128.4,ELS,3,Locomotion,240,210,0.0
128.4,ELS,3,Locomotion,270,240,0.0
128.4,ELS,3,Locomotion,300,270,3.0666666666666664
128.4,ELS,3,Locomotion,330,300,0.0
128.4,ELS,3,Locomotion,360,330,0.0
128.4,ELS,3,Locomotion,390,360,4.133333333333333
128.4,ELS,3,Locomotion,420,390,0.0
128.4,ELS,3,Locomotion,450,420,0.0
128.4,ELS,3,Climb,30,0,0.0
128.4,ELS,3,Climb,60,30,9.333333333333334
128.4,ELS,3,Climb,90,60,7.6
128.4,ELS,3,Climb,120,90,9.866666666666667
128.4,ELS,3,Climb,150,120,14.933333333333335
128.4,ELS,3,Climb,180,150,16.933333333333334
128.4,ELS,3,Climb,210,180,0.0
128.4,ELS,3,Climb,240,210,0.0
128.4,ELS,3,Climb,270,240,4.8
128.4,ELS,3,Climb,300,270,4.666666666666667
128.4,ELS,3,Climb,330,300,0.0
128.4,ELS,3,Climb,360,330,0.0
128.4,ELS,3,Climb,390,360,0.0
128.4,ELS,3,Climb,420,390,0.0
128.4,ELS,3,Climb,450,420,0.0
128.4,ELS,3,Jump,30,0,0.0
128.4,ELS,3,Jump,60,30,0.0
128.4,ELS,3,Jump,90,60,0.0
128.4,ELS,3,Jump,120,90,0.0
128.4,ELS,3,Jump,150,120,0.0
128.4,ELS,3,Jump,180,150,0.0
128.4,ELS,3,Jump,210,180,1.4666666666666666
128.4,ELS,3,Jump,240,210,0.0
128.4,ELS,3,Jump,270,240,0.0
128.4,ELS,3,Jump,300,270,3.5999999999999996
128.4,ELS,3,Jump,330,300,2.1333333333333333
128.4,ELS,3,Jump,360,330,0.0
128.4,ELS,3,Jump,390,360,1.6
128.4,ELS,3,Jump,420,390,0.5333333333333333
128.4,ELS,3,Jump,450,420,0.0
129.1,Control,3,Freeze,30,0,0.0
129.1,Control,3,Freeze,60,30,0.0
129.1,Control,3,Freeze,90,60,13.066666666666665
129.1,Control,3,Freeze,120,90,2.666666666666667
129.1,Control,3,Freeze,150,120,8.533333333333333
129.1,Control,3,Freeze,180,150,2.666666666666667
129.1,Control,3,Freeze,210,180,28.8
129.1,Control,3,Freeze,240,210,27.200000000000003
129.1,Control,3,Freeze,270,240,54.53333333333333
129.1,Control,3,Freeze,300,270,12.8
129.1,Control,3,Freeze,330,300,36.4
129.1,Control,3,Freeze,360,330,70.93333333333334
129.1,Control,3,Freeze,390,360,84.53333333333333
129.1,Control,3,Freeze,420,390,68.53333333333333
129.1,Control,3,Freeze,450,420,78.4
129.1,Control,3,Sniff,30,0,2.533333333333333
129.1,Control,3,Sniff,60,30,21.2
129.1,Control,3,Sniff,90,60,52.666666666666664
129.1,Control,3,Sniff,120,90,82.26666666666667
129.1,Control,3,Sniff,150,120,57.73333333333333
129.1,Control,3,Sniff,180,150,84.66666666666667
129.1,Control,3,Sniff,210,180,0.0
129.1,Control,3,Sniff,240,210,8.4
129.1,Control,3,Sniff,270,240,0.0
129.1,Control,3,Sniff,300,270,1.0666666666666669
129.1,Control,3,Sniff,330,300,0.0
129.1,Control,3,Sniff,360,330,0.0
129.1,Control,3,Sniff,390,360,0.0
129.1,Control,3,Sniff,420,390,0.0
129.1,Control,3,Sniff,450,420,0.0
129.1,Control,3,Groom,30,0,0.0
129.1,Control,3,Groom,60,30,0.0
129.1,Control,3,Groom,90,60,0.0
129.1,Control,3,Groom,120,90,0.0
129.1,Control,3,Groom,150,120,0.0
129.1,Control,3,Groom,180,150,0.0
129.1,Control,3,Groom,210,180,0.0
129.1,Control,3,Groom,240,210,0.0
129.1,Control,3,Groom,270,240,0.0
129.1,Control,3,Groom,300,270,0.0
129.1,Control,3,Groom,330,300,0.0
129.1,Control,3,Groom,360,330,0.0
129.1,Control,3,Groom,390,360,0.0
129.1,Control,3,Groom,420,390,0.0
129.1,Control,3,Groom,450,420,0.0
129.1,Control,3,Turn,30,0,86.13333333333333
129.1,Control,3,Turn,60,30,72.93333333333334
129.1,Control,3,Turn,90,60,29.066666666666666
129.1,Control,3,Turn,120,90,14.000000000000002
129.1,Control,3,Turn,150,120,15.600000000000001
129.1,Control,3,Turn,180,150,0.2666666666666666
129.1,Control,3,Turn,210,180,62.53333333333333
129.1,Control,3,Turn,240,210,30.266666666666662
129.1,Control,3,Turn,270,240,0.0
129.1,Control,3,Turn,300,270,50.53333333333333
129.1,Control,3,Turn,330,300,19.466666666666665
129.1,Control,3,Turn,360,330,14.533333333333337
129.1,Control,3,Turn,390,360,11.066666666666666
129.1,Control,3,Turn,420,390,27.6
129.1,Control,3,Turn,450,420,0.2666666666666666
129.1,Control,3,Locomotion,30,0,0.9333333333333336
129.1,Control,3,Locomotion,60,30,0.8
129.1,Control,3,Locomotion,90,60,0.0
129.1,Control,3,Locomotion,120,90,0.0
129.1,Control,3,Locomotion,150,120,1.4666666666666666
129.1,Control,3,Locomotion,180,150,0.0
129.1,Control,3,Locomotion,210,180,3.466666666666667
129.1,Control,3,Locomotion,240,210,0.1333333333333333
129.1,Control,3,Locomotion,270,240,0.0
129.1,Control,3,Locomotion,300,270,0.0
129.1,Control,3,Locomotion,330,300,0.0
129.1,Control,3,Locomotion,360,330,0.0
129.1,Control,3,Locomotion,390,360,0.5333333333333333
129.1,Control,3,Locomotion,420,390,0.0
129.1,Control,3,Locomotion,450,420,0.0
129.1,Control,3,Climb,30,0,0.0
129.1,Control,3,Climb,60,30,0.0
129.1,Control,3,Climb,90,60,5.2
129.1,Control,3,Climb,120,90,0.0
129.1,Control,3,Climb,150,120,16.666666666666664
129.1,Control,3,Climb,180,150,5.333333333333334
129.1,Control,3,Climb,210,180,0.0
129.1,Control,3,Climb,240,210,5.6000000000000005
129.1,Control,3,Climb,270,240,0.0
129.1,Control,3,Climb,300,270,0.0
129.1,Control,3,Climb,330,300,0.0
129.1,Control,3,Climb,360,330,0.0
129.1,Control,3,Climb,390,360,0.0
129.1,Control,3,Climb,420,390,0.0
129.1,Control,3,Climb,450,420,0.0
129.1,Control,3,Jump,30,0,0.0
129.1,Control,3,Jump,60,30,0.0
129.1,Control,3,Jump,90,60,0.0
129.1,Control,3,Jump,120,90,0.0
129.1,Control,3,Jump,150,120,0.0
129.1,Control,3,Jump,180,150,0.0
129.1,Control,3,Jump,210,180,0.8
129.1,Control,3,Jump,240,210,0.0
129.1,Control,3,Jump,270,240,0.0
129.1,Control,3,Jump,300,270,1.5999999999999999
129.1,Control,3,Jump,330,300,0.0
129.1,Control,3,Jump,360,330,0.0
129.1,Control,3,Jump,390,360,0.9333333333333336
129.1,Control,3,Jump,420,390,0.0
129.1,Control,3,Jump,450,420,0.0
129.4,Control,3,Freeze,30,0,5.333333333333334
129.4,Control,3,Freeze,60,30,5.333333333333334
129.4,Control,3,Freeze,90,60,12.133333333333333
129.4,Control,3,Freeze,120,90,3.8666666666666663
129.4,Control,3,Freeze,150,120,16.266666666666666
129.4,Control,3,Freeze,180,150,15.866666666666667
129.4,Control,3,Freeze,210,180,33.733333333333334
129.4,Control,3,Freeze,240,210,78.13333333333333
129.4,Control,3,Freeze,270,240,62.53333333333333
129.4,Control,3,Freeze,300,270,40.13333333333333
129.4,Control,3,Freeze,330,300,36.66666666666666
129.4,Control,3,Freeze,360,330,42.8
129.4,Control,3,Freeze,390,360,55.73333333333333
129.4,Control,3,Freeze,420,390,41.86666666666667
129.4,Control,3,Freeze,450,420,89.2
129.4,Control,3,Sniff,30,0,0.0
129.4,Control,3,Sniff,60,30,0.0
129.4,Control,3,Sniff,90,60,0.0
129.4,Control,3,Sniff,120,90,7.199999999999999
129.4,Control,3,Sniff,150,120,5.866666666666667
129.4,Control,3,Sniff,180,150,0.0
129.4,Control,3,Sniff,210,180,11.866666666666667
129.4,Control,3,Sniff,240,210,0.0
129.4,Control,3,Sniff,270,240,0.0
129.4,Control,3,Sniff,300,270,0.0
129.4,Control,3,Sniff,330,300,0.0
129.4,Control,3,Sniff,360,330,0.0
129.4,Control,3,Sniff,390,360,0.0
129.4,Control,3,Sniff,420,390,0.0
129.4,Control,3,Sniff,450,420,0.0
129.4,Control,3,Groom,30,0,0.0
129.4,Control,3,Groom,60,30,0.0
129.4,Control,3,Groom,90,60,0.0
129.4,Control,3,Groom,120,90,0.0
129.4,Control,3,Groom,150,120,0.0
129.4,Control,3,Groom,180,150,0.0
129.4,Control,3,Groom,210,180,0.0
129.4,Control,3,Groom,240,210,0.0
129.4,Control,3,Groom,270,240,0.0
129.4,Control,3,Groom,300,270,0.0
129.4,Control,3,Groom,330,300,0.0
129.4,Control,3,Groom,360,330,0.0
129.4,Control,3,Groom,390,360,0.0
129.4,Control,3,Groom,420,390,0.0
129.4,Control,3,Groom,450,420,0.0
129.4,Control,3,Turn,30,0,90.0
129.4,Control,3,Turn,60,30,81.86666666666667
129.4,Control,3,Turn,90,60,54.93333333333332
129.4,Control,3,Turn,120,90,77.73333333333333
129.4,Control,3,Turn,150,120,70.13333333333333
129.4,Control,3,Turn,180,150,77.2
129.4,Control,3,Turn,210,180,28.533333333333335
129.4,Control,3,Turn,240,210,20.666666666666668
129.4,Control,3,Turn,270,240,26.0
129.4,Control,3,Turn,300,270,38.93333333333333
129.4,Control,3,Turn,330,300,35.2
129.4,Control,3,Turn,360,330,1.7333333333333332
129.4,Control,3,Turn,390,360,10.266666666666666
129.4,Control,3,Turn,420,390,23.2
129.4,Control,3,Turn,450,420,0.8
129.4,Control,3,Locomotion,30,0,0.0
129.4,Control,3,Locomotion,60,30,0.0
129.4,Control,3,Locomotion,90,60,0.0
129.4,Control,3,Locomotion,120,90,0.0
129.4,Control,3,Locomotion,150,120,0.0
129.4,Control,3,Locomotion,180,150,0.0
129.4,Control,3,Locomotion,210,180,2.0
129.4,Control,3,Locomotion,240,210,0.0
129.4,Control,3,Locomotion,270,240,0.0
129.4,Control,3,Locomotion,300,270,3.7333333333333334
129.4,Control,3,Locomotion,330,300,2.2666666666666666
129.4,Control,3,Locomotion,360,330,0.0
129.4,Control,3,Locomotion,390,360,0.8
129.4,Control,3,Locomotion,420,390,0.0
129.4,Control,3,Locomotion,450,420,0.0
129.4,Control,3,Climb,30,0,0.0
129.4,Control,3,Climb,60,30,11.2
129.4,Control,3,Climb,90,60,0.0
129.4,Control,3,Climb,120,90,5.466666666666667
129.4,Control,3,Climb,150,120,3.0666666666666664
129.4,Control,3,Climb,180,150,6.933333333333333
129.4,Control,3,Climb,210,180,6.0
129.4,Control,3,Climb,240,210,0.0
129.4,Control,3,Climb,270,240,0.0
129.4,Control,3,Climb,300,270,0.0
129.4,Control,3,Climb,330,300,0.0
129.4,Control,3,Climb,360,330,0.0
129.4,Control,3,Climb,390,360,1.2
129.4,Control,3,Climb,420,390,2.0
129.4,Control,3,Climb,450,420,0.0
129.4,Control,3,Jump,30,0,0.0
129.4,Control,3,Jump,60,30,0.0
129.4,Control,3,Jump,90,60,0.0
129.4,Control,3,Jump,120,90,0.0
129.4,Control,3,Jump,150,120,0.0
129.4,Control,3,Jump,180,150,0.0
129.4,Control,3,Jump,210,180,3.466666666666667
129.4,Control,3,Jump,240,210,1.2000000000000002
129.4,Control,3,Jump,270,240,0.0
129.4,Control,3,Jump,300,270,2.8000000000000003
129.4,Control,3,Jump,330,300,0.0
129.4,Control,3,Jump,360,330,0.0
129.4,Control,3,Jump,390,360,2.933333333333333
129.4,Control,3,Jump,420,390,0.0
129.4,Control,3,Jump,450,420,0.0
133.3,ELS,3,Freeze,30,0,1.3333333333333337
133.3,ELS,3,Freeze,60,30,5.333333333333334
133.3,ELS,3,Freeze,90,60,9.733333333333333
133.3,ELS,3,Freeze,120,90,0.8
133.3,ELS,3,Freeze,150,120,5.6000000000000005
133.3,ELS,3,Freeze,180,150,34.93333333333333
133.3,ELS,3,Freeze,210,180,33.86666666666667
133.3,ELS,3,Freeze,240,210,74.13333333333333
133.3,ELS,3,Freeze,270,240,47.86666666666667
133.3,ELS,3,Freeze,300,270,66.93333333333334
133.3,ELS,3,Freeze,330,300,48.13333333333333
133.3,ELS,3,Freeze,360,330,30.53333333333333
133.3,ELS,3,Freeze,390,360,29.2
133.3,ELS,3,Freeze,420,390,76.53333333333333
133.3,ELS,3,Freeze,450,420,46.666666666666664
133.3,ELS,3,Sniff,30,0,0.0
133.3,ELS,3,Sniff,60,30,0.0
133.3,ELS,3,Sniff,90,60,0.0
133.3,ELS,3,Sniff,120,90,2.933333333333333
133.3,ELS,3,Sniff,150,120,0.0
133.3,ELS,3,Sniff,180,150,0.0
133.3,ELS,3,Sniff,210,180,3.0666666666666664
133.3,ELS,3,Sniff,240,210,0.0
133.3,ELS,3,Sniff,270,240,0.0
133.3,ELS,3,Sniff,300,270,0.0
133.3,ELS,3,Sniff,330,300,0.0
133.3,ELS,3,Sniff,360,330,11.333333333333332
133.3,ELS,3,Sniff,390,360,0.0
133.3,ELS,3,Sniff,420,390,0.0
133.3,ELS,3,Sniff,450,420,0.0
133.3,ELS,3,Groom,30,0,0.0
133.3,ELS,3,Groom,60,30,0.0
133.3,ELS,3,Groom,90,60,0.0
133.3,ELS,3,Groom,120,90,0.0
133.3,ELS,3,Groom,150,120,0.0
133.3,ELS,3,Groom,180,150,0.0
133.3,ELS,3,Groom,210,180,0.0
133.3,ELS,3,Groom,240,210,0.0
133.3,ELS,3,Groom,270,240,0.0
133.3,ELS,3,Groom,300,270,0.0
133.3,ELS,3,Groom,330,300,0.0
133.3,ELS,3,Groom,360,330,0.0
133.3,ELS,3,Groom,390,360,0.0
133.3,ELS,3,Groom,420,390,0.0
133.3,ELS,3,Groom,450,420,0.0
133.3,ELS,3,Turn,30,0,41.86666666666667
133.3,ELS,3,Turn,60,30,63.199999999999996
133.3,ELS,3,Turn,90,60,53.2
133.3,ELS,3,Turn,120,90,32.133333333333326
133.3,ELS,3,Turn,150,120,44.8
133.3,ELS,3,Turn,180,150,49.599999999999994
133.3,ELS,3,Turn,210,180,41.46666666666667
133.3,ELS,3,Turn,240,210,22.8
133.3,ELS,3,Turn,270,240,46.666666666666664
133.3,ELS,3,Turn,300,270,26.8
133.3,ELS,3,Turn,330,300,40.8
133.3,ELS,3,Turn,360,330,57.2
133.3,ELS,3,Turn,390,360,58.4
133.3,ELS,3,Turn,420,390,17.6
133.3,ELS,3,Turn,450,420,47.33333333333333
133.3,ELS,3,Locomotion,30,0,11.866666666666667
133.3,ELS,3,Locomotion,60,30,6.933333333333333
133.3,ELS,3,Locomotion,90,60,1.4666666666666668
133.3,ELS,3,Locomotion,120,90,1.7333333333333334
133.3,ELS,3,Locomotion,150,120,3.1999999999999997
133.3,ELS,3,Locomotion,180,150,0.0
133.3,ELS,3,Locomotion,210,180,6.4
133.3,ELS,3,Locomotion,240,210,0.4
133.3,ELS,3,Locomotion,270,240,0.5333333333333333
133.3,ELS,3,Locomotion,300,270,0.0
133.3,ELS,3,Locomotion,330,300,0.9333333333333336
133.3,ELS,3,Locomotion,360,330,0.9333333333333336
133.3,ELS,3,Locomotion,390,360,0.9333333333333336
133.3,ELS,3,Locomotion,420,390,0.0
133.3,ELS,3,Locomotion,450,420,0.0
133.3,ELS,3,Climb,30,0,2.2666666666666666
133.3,ELS,3,Climb,60,30,1.866666666666667
133.3,ELS,3,Climb,90,60,0.0
133.3,ELS,3,Climb,120,90,4.133333333333333
133.3,ELS,3,Climb,150,120,0.0
133.3,ELS,3,Climb,180,150,0.0
133.3,ELS,3,Climb,210,180,0.0
133.3,ELS,3,Climb,240,210,0.0
133.3,ELS,3,Climb,270,240,0.0
133.3,ELS,3,Climb,300,270,0.0
133.3,ELS,3,Climb,330,300,0.0
133.3,ELS,3,Climb,360,330,0.0
133.3,ELS,3,Climb,390,360,0.0
133.3,ELS,3,Climb,420,390,0.0
133.3,ELS,3,Climb,450,420,0.0
133.3,ELS,3,Jump,30,0,0.0
133.3,ELS,3,Jump,60,30,0.0
133.3,ELS,3,Jump,90,60,0.0
133.3,ELS,3,Jump,120,90,0.6666666666666667
133.3,ELS,3,Jump,150,120,0.0
133.3,ELS,3,Jump,180,150,0.0
133.3,ELS,3,Jump,210,180,5.6
133.3,ELS,3,Jump,240,210,2.666666666666667
133.3,ELS,3,Jump,270,240,0.0
133.3,ELS,3,Jump,300,270,5.466666666666667
133.3,ELS,3,Jump,330,300,0.2666666666666666
133.3,ELS,3,Jump,360,330,0.0
133.3,ELS,3,Jump,390,360,3.733333333333334
133.3,ELS,3,Jump,420,390,0.0
133.3,ELS,3,Jump,450,420,0.0
134.2,ELS,3,Freeze,30,0,0.0
134.2,ELS,3,Freeze,60,30,0.0
134.2,ELS,3,Freeze,90,60,0.0
134.2,ELS,3,Freeze,120,90,10.533333333333331
134.2,ELS,3,Freeze,150,120,5.066666666666666
134.2,ELS,3,Freeze,180,150,5.6000000000000005
134.2,ELS,3,Freeze,210,180,9.733333333333333
134.2,ELS,3,Freeze,240,210,65.06666666666666
134.2,ELS,3,Freeze,270,240,60.266666666666666
134.2,ELS,3,Freeze,300,270,2.0
134.2,ELS,3,Freeze,330,300,39.2
134.2,ELS,3,Freeze,360,330,73.06666666666666
134.2,ELS,3,Freeze,390,360,33.86666666666667
134.2,ELS,3,Freeze,420,390,71.6
134.2,ELS,3,Freeze,450,420,56.39999999999999
134.2,ELS,3,Sniff,30,0,0.0
134.2,ELS,3,Sniff,60,30,0.0
134.2,ELS,3,Sniff,90,60,0.0
134.2,ELS,3,Sniff,120,90,5.466666666666667
134.2,ELS,3,Sniff,150,120,0.0
134.2,ELS,3,Sniff,180,150,0.0
134.2,ELS,3,Sniff,210,180,0.0
134.2,ELS,3,Sniff,240,210,5.333333333333334
134.2,ELS,3,Sniff,270,240,0.0
134.2,ELS,3,Sniff,300,270,0.0
134.2,ELS,3,Sniff,330,300,0.0
134.2,ELS,3,Sniff,360,330,0.0
134.2,ELS,3,Sniff,390,360,0.0
134.2,ELS,3,Sniff,420,390,0.0
134.2,ELS,3,Sniff,450,420,0.0
134.2,ELS,3,Groom,30,0,0.0
134.2,ELS,3,Groom,60,30,0.0
134.2,ELS,3,Groom,90,60,0.0
134.2,ELS,3,Groom,120,90,0.0
134.2,ELS,3,Groom,150,120,0.0
134.2,ELS,3,Groom,180,150,0.4
134.2,ELS,3,Groom,210,180,0.0
134.2,ELS,3,Groom,240,210,0.0
134.2,ELS,3,Groom,270,240,0.0
134.2,ELS,3,Groom,300,270,0.0
134.2,ELS,3,Groom,330,300,0.0
134.2,ELS,3,Groom,360,330,0.0
134.2,ELS,3,Groom,390,360,0.0
134.2,ELS,3,Groom,420,390,0.0
134.2,ELS,3,Groom,450,420,0.0
134.2,ELS,3,Turn,30,0,57.86666666666666
134.2,ELS,3,Turn,60,30,70.66666666666667
134.2,ELS,3,Turn,90,60,48.266666666666666
134.2,ELS,3,Turn,120,90,40.13333333333333
134.2,ELS,3,Turn,150,120,46.13333333333333
134.2,ELS,3,Turn,180,150,46.0
134.2,ELS,3,Turn,210,180,47.06666666666666
134.2,ELS,3,Turn,240,210,20.133333333333333
134.2,ELS,3,Turn,270,240,35.333333333333336
134.2,ELS,3,Turn,300,270,55.06666666666667
134.2,ELS,3,Turn,330,300,48.4
134.2,ELS,3,Turn,360,330,26.93333333333333
134.2,ELS,3,Turn,390,360,52.13333333333333
134.2,ELS,3,Turn,420,390,21.866666666666667
134.2,ELS,3,Turn,450,420,21.46666666666667
134.2,ELS,3,Locomotion,30,0,6.933333333333333
134.2,ELS,3,Locomotion,60,30,6.533333333333333
134.2,ELS,3,Locomotion,90,60,31.33333333333333
134.2,ELS,3,Locomotion,120,90,11.200000000000001
134.2,ELS,3,Locomotion,150,120,14.399999999999999
134.2,ELS,3,Locomotion,180,150,7.866666666666667
134.2,ELS,3,Locomotion,210,180,9.866666666666667
134.2,ELS,3,Locomotion,240,210,1.6
134.2,ELS,3,Locomotion,270,240,0.0
134.2,ELS,3,Locomotion,300,270,2.2666666666666666
134.2,ELS,3,Locomotion,330,300,1.0666666666666669
134.2,ELS,3,Locomotion,360,330,0.0
134.2,ELS,3,Locomotion,390,360,0.4
134.2,ELS,3,Locomotion,420,390,1.0666666666666669
134.2,ELS,3,Locomotion,450,420,0.0
134.2,ELS,3,Climb,30,0,0.0
134.2,ELS,3,Climb,60,30,0.0
134.2,ELS,3,Climb,90,60,3.2
134.2,ELS,3,Climb,120,90,7.333333333333333
134.2,ELS,3,Climb,150,120,4.133333333333333
134.2,ELS,3,Climb,180,150,4.533333333333333
134.2,ELS,3,Climb,210,180,11.466666666666669
134.2,ELS,3,Climb,240,210,0.0
134.2,ELS,3,Climb,270,240,0.0
134.2,ELS,3,Climb,300,270,0.0
134.2,ELS,3,Climb,330,300,0.0
134.2,ELS,3,Climb,360,330,0.0
134.2,ELS,3,Climb,390,360,0.0
134.2,ELS,3,Climb,420,390,0.0
134.2,ELS,3,Climb,450,420,0.0
134.2,ELS,3,Jump,30,0,0.0
134.2,ELS,3,Jump,60,30,0.5333333333333333
134.2,ELS,3,Jump,90,60,0.2666666666666666
134.2,ELS,3,Jump,120,90,0.0
134.2,ELS,3,Jump,150,120,0.0
134.2,ELS,3,Jump,180,150,0.0
134.2,ELS,3,Jump,210,180,4.4
134.2,ELS,3,Jump,240,210,2.5333333333333337
134.2,ELS,3,Jump,270,240,0.0
134.2,ELS,3,Jump,300,270,3.5999999999999996
134.2,ELS,3,Jump,330,300,4.0
134.2,ELS,3,Jump,360,330,0.0
134.2,ELS,3,Jump,390,360,4.266666666666667
134.2,ELS,3,Jump,420,390,0.0
134.2,ELS,3,Jump,450,420,0.0
134.4,ELS,3,Freeze,30,0,0.0
134.4,ELS,3,Freeze,60,30,0.0
134.4,ELS,3,Freeze,90,60,0.0
134.4,ELS,3,Freeze,120,90,0.0
134.4,ELS,3,Freeze,150,120,0.0
134.4,ELS,3,Freeze,180,150,21.866666666666667
134.4,ELS,3,Freeze,210,180,11.2
134.4,ELS,3,Freeze,240,210,71.06666666666666
134.4,ELS,3,Freeze,270,240,33.2
134.4,ELS,3,Freeze,300,270,24.0
134.4,ELS,3,Freeze,330,300,41.333333333333336
134.4,ELS,3,Freeze,360,330,35.06666666666667
134.4,ELS,3,Freeze,390,360,50.93333333333333
134.4,ELS,3,Freeze,420,390,26.266666666666666
134.4,ELS,3,Freeze,450,420,48.0
134.4,ELS,3,Sniff,30,0,0.0
134.4,ELS,3,Sniff,60,30,0.0
134.4,ELS,3,Sniff,90,60,0.0
134.4,ELS,3,Sniff,120,90,4.666666666666667
134.4,ELS,3,Sniff,150,120,0.0
134.4,ELS,3,Sniff,180,150,0.0
134.4,ELS,3,Sniff,210,180,0.0
134.4,ELS,3,Sniff,240,210,0.0
134.4,ELS,3,Sniff,270,240,0.0
134.4,ELS,3,Sniff,300,270,7.199999999999999
134.4,ELS,3,Sniff,330,300,2.4
134.4,ELS,3,Sniff,360,330,3.333333333333333
134.4,ELS,3,Sniff,390,360,7.333333333333333
134.4,ELS,3,Sniff,420,390,0.0
134.4,ELS,3,Sniff,450,420,0.0
134.4,ELS,3,Groom,30,0,0.0
134.4,ELS,3,Groom,60,30,0.0
134.4,ELS,3,Groom,90,60,0.0
134.4,ELS,3,Groom,120,90,0.0
134.4,ELS,3,Groom,150,120,0.0
134.4,ELS,3,Groom,180,150,0.2666666666666666
134.4,ELS,3,Groom,210,180,0.0
134.4,ELS,3,Groom,240,210,0.0
134.4,ELS,3,Groom,270,240,0.0
134.4,ELS,3,Groom,300,270,0.0
134.4,ELS,3,Groom,330,300,0.0
134.4,ELS,3,Groom,360,330,0.0
134.4,ELS,3,Groom,390,360,0.0
134.4,ELS,3,Groom,420,390,0.0
134.4,ELS,3,Groom,450,420,0.0
134.4,ELS,3,Turn,30,0,63.33333333333333
134.4,ELS,3,Turn,60,30,70.66666666666666
134.4,ELS,3,Turn,90,60,45.06666666666667
134.4,ELS,3,Turn,120,90,77.6
134.4,ELS,3,Turn,150,120,44.266666666666666
134.4,ELS,3,Turn,180,150,38.13333333333333
134.4,ELS,3,Turn,210,180,57.2
134.4,ELS,3,Turn,240,210,22.133333333333333
134.4,ELS,3,Turn,270,240,58.53333333333333
134.4,ELS,3,Turn,300,270,55.06666666666667
134.4,ELS,3,Turn,330,300,54.400000000000006
134.4,ELS,3,Turn,360,330,48.53333333333333
134.4,ELS,3,Turn,390,360,31.333333333333336
134.4,ELS,3,Turn,420,390,68.66666666666667
134.4,ELS,3,Turn,450,420,52.0
134.4,ELS,3,Locomotion,30,0,5.866666666666667
134.4,ELS,3,Locomotion,60,30,10.933333333333334
134.4,ELS,3,Locomotion,90,60,9.333333333333334
134.4,ELS,3,Locomotion,120,90,7.066666666666666
134.4,ELS,3,Locomotion,150,120,8.666666666666666
134.4,ELS,3,Locomotion,180,150,0.1333333333333333
134.4,ELS,3,Locomotion,210,180,13.066666666666666
134.4,ELS,3,Locomotion,240,210,0.8
134.4,ELS,3,Locomotion,270,240,1.866666666666667
134.4,ELS,3,Locomotion,300,270,5.333333333333333
134.4,ELS,3,Locomotion,330,300,0.6666666666666667
134.4,ELS,3,Locomotion,360,330,0.0
134.4,ELS,3,Locomotion,390,360,0.1333333333333333
134.4,ELS,3,Locomotion,420,390,0.0
134.4,ELS,3,Locomotion,450,420,0.0
134.4,ELS,3,Climb,30,0,0.0
134.4,ELS,3,Climb,60,30,0.0
134.4,ELS,3,Climb,90,60,5.466666666666667
134.4,ELS,3,Climb,120,90,2.666666666666667
134.4,ELS,3,Climb,150,120,3.6
134.4,ELS,3,Climb,180,150,0.0
134.4,ELS,3,Climb,210,180,0.0
134.4,ELS,3,Climb,240,210,0.0
134.4,ELS,3,Climb,270,240,0.0
134.4,ELS,3,Climb,300,270,0.0
134.4,ELS,3,Climb,330,300,0.0
134.4,ELS,3,Climb,360,330,0.0
134.4,ELS,3,Climb,390,360,0.0
134.4,ELS,3,Climb,420,390,0.0
134.4,ELS,3,Climb,450,420,0.0
134.4,ELS,3,Jump,30,0,0.0
134.4,ELS,3,Jump,60,30,0.0
134.4,ELS,3,Jump,90,60,0.0
134.4,ELS,3,Jump,120,90,0.0
134.4,ELS,3,Jump,150,120,0.1333333333333333
134.4,ELS,3,Jump,180,150,0.0
134.4,ELS,3,Jump,210,180,5.333333333333334
134.4,ELS,3,Jump,240,210,0.5333333333333333
134.4,ELS,3,Jump,270,240,0.0
134.4,ELS,3,Jump,300,270,1.866666666666667
134.4,ELS,3,Jump,330,300,1.2
134.4,ELS,3,Jump,360,330,0.0
134.4,ELS,3,Jump,390,360,5.866666666666667
134.4,ELS,3,Jump,420,390,0.0
134.4,ELS,3,Jump,450,420,0.0
136.2,Control,3,Freeze,30,0,0.0
136.2,Control,3,Freeze,60,30,6.933333333333333
136.2,Control,3,Freeze,90,60,6.666666666666667
136.2,Control,3,Freeze,120,90,15.466666666666669
136.2,Control,3,Freeze,150,120,3.0666666666666664
136.2,Control,3,Freeze,180,150,3.8666666666666663
136.2,Control,3,Freeze,210,180,9.733333333333333
136.2,Control,3,Freeze,240,210,50.0
136.2,Control,3,Freeze,270,240,24.4
136.2,Control,3,Freeze,300,270,34.666666666666664
136.2,Control,3,Freeze,330,300,38.66666666666666
136.2,Control,3,Freeze,360,330,52.8
136.2,Control,3,Freeze,390,360,32.93333333333333
136.2,Control,3,Freeze,420,390,25.2
136.2,Control,3,Freeze,450,420,55.333333333333336
136.2,Control,3,Sniff,30,0,30.4
136.2,Control,3,Sniff,60,30,46.13333333333333
136.2,Control,3,Sniff,90,60,32.4
136.2,Control,3,Sniff,120,90,36.53333333333333
136.2,Control,3,Sniff,150,120,0.0
136.2,Control,3,Sniff,180,150,10.933333333333334
136.2,Control,3,Sniff,210,180,0.0
136.2,Control,3,Sniff,240,210,0.0
136.2,Control,3,Sniff,270,240,19.33333333333333
136.2,Control,3,Sniff,300,270,0.0
136.2,Control,3,Sniff,330,300,2.2666666666666666
136.2,Control,3,Sniff,360,330,0.0
136.2,Control,3,Sniff,390,360,0.0
136.2,Control,3,Sniff,420,390,0.0
136.2,Control,3,Sniff,450,420,0.0
136.2,Control,3,Groom,30,0,0.0
136.2,Control,3,Groom,60,30,0.0
136.2,Control,3,Groom,90,60,0.0
136.2,Control,3,Groom,120,90,0.0
136.2,Control,3,Groom,150,120,0.0
136.2,Control,3,Groom,180,150,0.0
136.2,Control,3,Groom,210,180,0.0
136.2,Control,3,Groom,240,210,0.0
136.2,Control,3,Groom,270,240,0.0
136.2,Control,3,Groom,300,270,0.0
136.2,Control,3,Groom,330,300,0.0
136.2,Control,3,Groom,360,330,0.0
136.2,Control,3,Groom,390,360,0.0
136.2,Control,3,Groom,420,390,0.0
136.2,Control,3,Groom,450,420,0.0
136.2,Control,3,Turn,30,0,63.2
136.2,Control,3,Turn,60,30,30.266666666666666
136.2,Control,3,Turn,90,60,34.266666666666666
136.2,Control,3,Turn,120,90,29.46666666666667
136.2,Control,3,Turn,150,120,56.666666666666664
136.2,Control,3,Turn,180,150,55.06666666666666
136.2,Control,3,Turn,210,180,61.73333333333333
136.2,Control,3,Turn,240,210,50.0
136.2,Control,3,Turn,270,240,48.79999999999999
136.2,Control,3,Turn,300,270,53.46666666666667
136.2,Control,3,Turn,330,300,56.400000000000006
136.2,Control,3,Turn,360,330,27.066666666666666
136.2,Control,3,Turn,390,360,59.06666666666666
136.2,Control,3,Turn,420,390,52.8
136.2,Control,3,Turn,450,420,18.0
136.2,Control,3,Locomotion,30,0,0.0
136.2,Control,3,Locomotion,60,30,0.0
136.2,Control,3,Locomotion,90,60,0.0
136.2,Control,3,Locomotion,120,90,2.8000000000000003
136.2,Control,3,Locomotion,150,120,0.0
136.2,Control,3,Locomotion,180,150,0.8
136.2,Control,3,Locomotion,210,180,0.8
136.2,Control,3,Locomotion,240,210,0.0
136.2,Control,3,Locomotion,270,240,1.3333333333333337
136.2,Control,3,Locomotion,300,270,3.0666666666666664
136.2,Control,3,Locomotion,330,300,0.0
136.2,Control,3,Locomotion,360,330,0.0
136.2,Control,3,Locomotion,390,360,1.2000000000000002
136.2,Control,3,Locomotion,420,390,0.6666666666666667
136.2,Control,3,Locomotion,450,420,0.0
136.2,Control,3,Climb,30,0,5.6000000000000005
136.2,Control,3,Climb,60,30,4.533333333333333
136.2,Control,3,Climb,90,60,3.333333333333333
136.2,Control,3,Climb,120,90,6.0
136.2,Control,3,Climb,150,120,14.4
136.2,Control,3,Climb,180,150,19.6
136.2,Control,3,Climb,210,180,5.6000000000000005
136.2,Control,3,Climb,240,210,0.0
136.2,Control,3,Climb,270,240,3.4666666666666663
136.2,Control,3,Climb,300,270,1.3333333333333337
136.2,Control,3,Climb,330,300,0.0
136.2,Control,3,Climb,360,330,0.0
136.2,Control,3,Climb,390,360,0.0
136.2,Control,3,Climb,420,390,5.2
136.2,Control,3,Climb,450,420,0.0
136.2,Control,3,Jump,30,0,0.0
136.2,Control,3,Jump,60,30,0.0
136.2,Control,3,Jump,90,60,0.0
136.2,Control,3,Jump,120,90,0.0
136.2,Control,3,Jump,150,120,0.0
136.2,Control,3,Jump,180,150,0.0
136.2,Control,3,Jump,210,180,1.3333333333333335
136.2,Control,3,Jump,240,210,0.0
136.2,Control,3,Jump,270,240,0.0
136.2,Control,3,Jump,300,270,1.2
136.2,Control,3,Jump,330,300,0.0
136.2,Control,3,Jump,360,330,0.0
136.2,Control,3,Jump,390,360,0.0
136.2,Control,3,Jump,420,390,0.0
136.2,Control,3,Jump,450,420,0.0
136.3,Control,3,Freeze,30,0,4.266666666666667
136.3,Control,3,Freeze,60,30,1.4666666666666666
136.3,Control,3,Freeze,90,60,10.133333333333333
136.3,Control,3,Freeze,120,90,6.666666666666667
136.3,Control,3,Freeze,150,120,6.933333333333333
136.3,Control,3,Freeze,180,150,24.8
136.3,Control,3,Freeze,210,180,10.133333333333333
136.3,Control,3,Freeze,240,210,42.00000000000001
136.3,Control,3,Freeze,270,240,9.2
136.3,Control,3,Freeze,300,270,19.2
136.3,Control,3,Freeze,330,300,11.866666666666667
136.3,Control,3,Freeze,360,330,48.4
136.3,Control,3,Freeze,390,360,32.4
136.3,Control,3,Freeze,420,390,27.866666666666667
136.3,Control,3,Freeze,450,420,54.8
136.3,Control,3,Sniff,30,0,14.133333333333335
136.3,Control,3,Sniff,60,30,0.0
136.3,Control,3,Sniff,90,60,0.0
136.3,Control,3,Sniff,120,90,3.333333333333333
136.3,Control,3,Sniff,150,120,13.333333333333334
136.3,Control,3,Sniff,180,150,14.399999999999999
136.3,Control,3,Sniff,210,180,7.333333333333333
136.3,Control,3,Sniff,240,210,3.6
136.3,Control,3,Sniff,270,240,0.0
136.3,Control,3,Sniff,300,270,0.0
136.3,Control,3,Sniff,330,300,0.0
136.3,Control,3,Sniff,360,330,0.0
136.3,Control,3,Sniff,390,360,1.6
136.3,Control,3,Sniff,420,390,3.8666666666666663
136.3,Control,3,Sniff,450,420,0.0
136.3,Control,3,Groom,30,0,0.0
136.3,Control,3,Groom,60,30,0.0
136.3,Control,3,Groom,90,60,0.0
136.3,Control,3,Groom,120,90,0.0
136.3,Control,3,Groom,150,120,0.0
136.3,Control,3,Groom,180,150,0.0
136.3,Control,3,Groom,210,180,0.0
136.3,Control,3,Groom,240,210,0.0
136.3,Control,3,Groom,270,240,0.0
136.3,Control,3,Groom,300,270,0.0
136.3,Control,3,Groom,330,300,0.0
136.3,Control,3,Groom,360,330,0.0
136.3,Control,3,Groom,390,360,0.0
136.3,Control,3,Groom,420,390,0.0
136.3,Control,3,Groom,450,420,0.0
136.3,Control,3,Turn,30,0,68.53333333333333
136.3,Control,3,Turn,60,30,50.800000000000004
136.3,Control,3,Turn,90,60,68.0
136.3,Control,3,Turn,120,90,55.599999999999994
136.3,Control,3,Turn,150,120,73.06666666666666
136.3,Control,3,Turn,180,150,42.53333333333334
136.3,Control,3,Turn,210,180,52.53333333333334
136.3,Control,3,Turn,240,210,52.93333333333334
136.3,Control,3,Turn,270,240,32.0
136.3,Control,3,Turn,300,270,66.0
136.3,Control,3,Turn,330,300,85.73333333333333
136.3,Control,3,Turn,360,330,25.333333333333336
136.3,Control,3,Turn,390,360,64.93333333333332
136.3,Control,3,Turn,420,390,46.13333333333333
136.3,Control,3,Turn,450,420,25.6
136.3,Control,3,Locomotion,30,0,0.8
136.3,Control,3,Locomotion,60,30,0.0
136.3,Control,3,Locomotion,90,60,0.6666666666666667
136.3,Control,3,Locomotion,120,90,1.2
136.3,Control,3,Locomotion,150,120,2.2666666666666666
136.3,Control,3,Locomotion,180,150,0.9333333333333336
136.3,Control,3,Locomotion,210,180,2.666666666666667
136.3,Control,3,Locomotion,240,210,1.2000000000000002
136.3,Control,3,Locomotion,270,240,0.0
136.3,Control,3,Locomotion,300,270,2.666666666666667
136.3,Control,3,Locomotion,330,300,0.0
136.3,Control,3,Locomotion,360,330,0.0
136.3,Control,3,Locomotion,390,360,1.0666666666666669
136.3,Control,3,Locomotion,420,390,1.2
136.3,Control,3,Locomotion,450,420,0.0
136.3,Control,3,Climb,30,0,0.0
136.3,Control,3,Climb,60,30,0.0
136.3,Control,3,Climb,90,60,0.0
136.3,Control,3,Climb,120,90,0.0
136.3,Control,3,Climb,150,120,0.0
136.3,Control,3,Climb,180,150,0.0
136.3,Control,3,Climb,210,180,6.133333333333333
136.3,Control,3,Climb,240,210,0.0
136.3,Control,3,Climb,270,240,4.533333333333333
136.3,Control,3,Climb,300,270,2.533333333333333
136.3,Control,3,Climb,330,300,0.0
136.3,Control,3,Climb,360,330,0.0
136.3,Control,3,Climb,390,360,0.0
136.3,Control,3,Climb,420,390,0.0
136.3,Control,3,Climb,450,420,0.0
136.3,Control,3,Jump,30,0,0.0
136.3,Control,3,Jump,60,30,0.0
136.3,Control,3,Jump,90,60,0.0
136.3,Control,3,Jump,120,90,0.0
136.3,Control,3,Jump,150,120,0.0
136.3,Control,3,Jump,180,150,0.0
136.3,Control,3,Jump,210,180,0.0
136.3,Control,3,Jump,240,210,0.0
136.3,Control,3,Jump,270,240,0.0
136.3,Control,3,Jump,300,270,0.0
136.3,Control,3,Jump,330,300,0.0
136.3,Control,3,Jump,360,330,0.0
136.3,Control,3,Jump,390,360,0.0
136.3,Control,3,Jump,420,390,0.0
136.3,Control,3,Jump,450,420,0.0
136.5,Control,3,Freeze,30,0,0.0
136.5,Control,3,Freeze,60,30,9.6
136.5,Control,3,Freeze,90,60,6.133333333333333
136.5,Control,3,Freeze,120,90,0.0
136.5,Control,3,Freeze,150,120,0.0
136.5,Control,3,Freeze,180,150,11.733333333333333
136.5,Control,3,Freeze,210,180,38.53333333333334
136.5,Control,3,Freeze,240,210,41.46666666666667
136.5,Control,3,Freeze,270,240,63.2
136.5,Control,3,Freeze,300,270,26.8
136.5,Control,3,Freeze,330,300,55.86666666666667
136.5,Control,3,Freeze,360,330,68.4
136.5,Control,3,Freeze,390,360,54.13333333333333
136.5,Control,3,Freeze,420,390,44.53333333333333
136.5,Control,3,Freeze,450,420,92.0
136.5,Control,3,Sniff,30,0,0.0
136.5,Control,3,Sniff,60,30,8.0
136.5,Control,3,Sniff,90,60,0.0
136.5,Control,3,Sniff,120,90,9.733333333333333
136.5,Control,3,Sniff,150,120,33.46666666666667
136.5,Control,3,Sniff,180,150,50.4
136.5,Control,3,Sniff,210,180,8.666666666666668
136.5,Control,3,Sniff,240,210,0.0
136.5,Control,3,Sniff,270,240,0.0
136.5,Control,3,Sniff,300,270,0.0
136.5,Control,3,Sniff,330,300,14.266666666666666
136.5,Control,3,Sniff,360,330,0.0
136.5,Control,3,Sniff,390,360,0.0
136.5,Control,3,Sniff,420,390,6.4
136.5,Control,3,Sniff,450,420,0.0
136.5,Control,3,Groom,30,0,0.0
136.5,Control,3,Groom,60,30,0.0
136.5,Control,3,Groom,90,60,0.0
136.5,Control,3,Groom,120,90,0.0
136.5,Control,3,Groom,150,120,0.0
136.5,Control,3,Groom,180,150,0.0
136.5,Control,3,Groom,210,180,0.0
136.5,Control,3,Groom,240,210,0.0
136.5,Control,3,Groom,270,240,0.0
136.5,Control,3,Groom,300,270,0.0
136.5,Control,3,Groom,330,300,0.0
136.5,Control,3,Groom,360,330,0.0
136.5,Control,3,Groom,390,360,0.0
136.5,Control,3,Groom,420,390,0.0
136.5,Control,3,Groom,450,420,0.0
136.5,Control,3,Turn,30,0,57.06666666666666
136.5,Control,3,Turn,60,30,20.666666666666668
136.5,Control,3,Turn,90,60,0.8
136.5,Control,3,Turn,120,90,36.266666666666666
136.5,Control,3,Turn,150,120,26.53333333333333
136.5,Control,3,Turn,180,150,8.0
136.5,Control,3,Turn,210,180,35.6
136.5,Control,3,Turn,240,210,58.0
136.5,Control,3,Turn,270,240,20.133333333333333
136.5,Control,3,Turn,300,270,70.4
136.5,Control,3,Turn,330,300,17.333333333333332
136.5,Control,3,Turn,360,330,10.799999999999999
136.5,Control,3,Turn,390,360,12.266666666666666
136.5,Control,3,Turn,420,390,26.13333333333333
136.5,Control,3,Turn,450,420,2.2666666666666666
136.5,Control,3,Locomotion,30,0,0.0
136.5,Control,3,Locomotion,60,30,0.0
136.5,Control,3,Locomotion,90,60,0.0
136.5,Control,3,Locomotion,120,90,0.6666666666666667
136.5,Control,3,Locomotion,150,120,0.0
136.5,Control,3,Locomotion,180,150,0.0
136.5,Control,3,Locomotion,210,180,0.5333333333333333
136.5,Control,3,Locomotion,240,210,0.0
136.5,Control,3,Locomotion,270,240,0.0
136.5,Control,3,Locomotion,300,270,2.8000000000000003
136.5,Control,3,Locomotion,330,300,1.6
136.5,Control,3,Locomotion,360,330,0.0
136.5,Control,3,Locomotion,390,360,3.2
136.5,Control,3,Locomotion,420,390,0.4
136.5,Control,3,Locomotion,450,420,0.0
136.5,Control,3,Climb,30,0,0.0
136.5,Control,3,Climb,60,30,0.0
136.5,Control,3,Climb,90,60,0.0
136.5,Control,3,Climb,120,90,0.0
136.5,Control,3,Climb,150,120,4.533333333333333
136.5,Control,3,Climb,180,150,0.0
136.5,Control,3,Climb,210,180,0.0
136.5,Control,3,Climb,240,210,0.0
136.5,Control,3,Climb,270,240,0.0
136.5,Control,3,Climb,300,270,0.0
136.5,Control,3,Climb,330,300,0.0
136.5,Control,3,Climb,360,330,0.0
136.5,Control,3,Climb,390,360,0.0
136.5,Control,3,Climb,420,390,8.133333333333333
136.5,Control,3,Climb,450,420,0.0
136.5,Control,3,Jump,30,0,0.0
136.5,Control,3,Jump,60,30,0.0
136.5,Control,3,Jump,90,60,0.0
136.5,Control,3,Jump,120,90,0.0
136.5,Control,3,Jump,150,120,0.0
136.5,Control,3,Jump,180,150,0.0
136.5,Control,3,Jump,210,180,1.3333333333333337
136.5,Control,3,Jump,240,210,0.0
136.5,Control,3,Jump,270,240,0.0
136.5,Control,3,Jump,300,270,0.0
136.5,Control,3,Jump,330,300,0.0
136.5,Control,3,Jump,360,330,0.0
136.5,Control,3,Jump,390,360,0.2666666666666666
136.5,Control,3,Jump,420,390,0.0
136.5,Control,3,Jump,450,420,0.0
137.3,Control,3,Freeze,30,0,0.0
137.3,Control,3,Freeze,60,30,3.0666666666666664
137.3,Control,3,Freeze,90,60,0.0
137.3,Control,3,Freeze,120,90,0.0
137.3,Control,3,Freeze,150,120,3.6
137.3,Control,3,Freeze,180,150,0.0
137.3,Control,3,Freeze,210,180,0.0
137.3,Control,3,Freeze,240,210,0.0
137.3,Control,3,Freeze,270,240,18.53333333333333
137.3,Control,3,Freeze,300,270,4.4
137.3,Control,3,Freeze,330,300,11.333333333333332
137.3,Control,3,Freeze,360,330,7.333333333333333
137.3,Control,3,Freeze,390,360,18.8
137.3,Control,3,Freeze,420,390,28.26666666666667
137.3,Control,3,Freeze,450,420,30.666666666666664
137.3,Control,3,Sniff,30,0,26.93333333333333
137.3,Control,3,Sniff,60,30,29.6
137.3,Control,3,Sniff,90,60,7.333333333333333
137.3,Control,3,Sniff,120,90,2.2666666666666666
137.3,Control,3,Sniff,150,120,3.333333333333333
137.3,Control,3,Sniff,180,150,24.4
137.3,Control,3,Sniff,210,180,36.13333333333333
137.3,Control,3,Sniff,240,210,26.400000000000006
137.3,Control,3,Sniff,270,240,3.6
137.3,Control,3,Sniff,300,270,25.46666666666667
137.3,Control,3,Sniff,330,300,23.466666666666665
137.3,Control,3,Sniff,360,330,10.0
137.3,Control,3,Sniff,390,360,0.0
137.3,Control,3,Sniff,420,390,33.199999999999996
137.3,Control,3,Sniff,450,420,0.0
137.3,Control,3,Groom,30,0,0.0
137.3,Control,3,Groom,60,30,0.0
137.3,Control,3,Groom,90,60,0.0
137.3,Control,3,Groom,120,90,0.0
137.3,Control,3,Groom,150,120,0.0
137.3,Control,3,Groom,180,150,0.0
137.3,Control,3,Groom,210,180,0.0
137.3,Control,3,Groom,240,210,0.0
137.3,Control,3,Groom,270,240,0.0
137.3,Control,3,Groom,300,270,0.0
137.3,Control,3,Groom,330,300,0.0
137.3,Control,3,Groom,360,330,0.0
137.3,Control,3,Groom,390,360,0.0
137.3,Control,3,Groom,420,390,0.0
137.3,Control,3,Groom,450,420,0.0
137.3,Control,3,Turn,30,0,42.8
137.3,Control,3,Turn,60,30,43.46666666666667
137.3,Control,3,Turn,90,60,57.2
137.3,Control,3,Turn,120,90,36.266666666666666
137.3,Control,3,Turn,150,120,40.66666666666667
137.3,Control,3,Turn,180,150,35.33333333333333
137.3,Control,3,Turn,210,180,10.399999999999999
137.3,Control,3,Turn,240,210,66.4
137.3,Control,3,Turn,270,240,77.86666666666667
137.3,Control,3,Turn,300,270,58.8
137.3,Control,3,Turn,330,300,65.2
137.3,Control,3,Turn,360,330,62.93333333333333
137.3,Control,3,Turn,390,360,48.66666666666667
137.3,Control,3,Turn,420,390,33.333333333333336
137.3,Control,3,Turn,450,420,38.66666666666667
137.3,Control,3,Locomotion,30,0,2.666666666666667
137.3,Control,3,Locomotion,60,30,3.866666666666667
137.3,Control,3,Locomotion,90,60,8.133333333333335
137.3,Control,3,Locomotion,120,90,10.4
137.3,Control,3,Locomotion,150,120,6.800000000000001
137.3,Control,3,Locomotion,180,150,9.333333333333332
137.3,Control,3,Locomotion,210,180,10.666666666666668
137.3,Control,3,Locomotion,240,210,0.5333333333333333
137.3,Control,3,Locomotion,270,240,0.0
137.3,Control,3,Locomotion,300,270,2.4000000000000004
137.3,Control,3,Locomotion,330,300,0.0
137.3,Control,3,Locomotion,360,330,0.0
137.3,Control,3,Locomotion,390,360,8.0
137.3,Control,3,Locomotion,420,390,0.1333333333333333
137.3,Control,3,Locomotion,450,420,0.0
137.3,Control,3,Climb,30,0,9.333333333333334
137.3,Control,3,Climb,60,30,3.733333333333334
137.3,Control,3,Climb,90,60,10.0
137.3,Control,3,Climb,120,90,14.8
137.3,Control,3,Climb,150,120,16.266666666666666
137.3,Control,3,Climb,180,150,18.0
137.3,Control,3,Climb,210,180,17.599999999999998
137.3,Control,3,Climb,240,210,0.0
137.3,Control,3,Climb,270,240,0.0
137.3,Control,3,Climb,300,270,4.0
137.3,Control,3,Climb,330,300,0.0
137.3,Control,3,Climb,360,330,0.0
137.3,Control,3,Climb,390,360,0.0
137.3,Control,3,Climb,420,390,0.0
137.3,Control,3,Climb,450,420,0.0
137.3,Control,3,Jump,30,0,0.0
137.3,Control,3,Jump,60,30,0.0
137.3,Control,3,Jump,90,60,0.0
137.3,Control,3,Jump,120,90,0.0
137.3,Control,3,Jump,150,120,0.0
137.3,Control,3,Jump,180,150,0.0
137.3,Control,3,Jump,210,180,2.5333333333333337
137.3,Control,3,Jump,240,210,0.0
137.3,Control,3,Jump,270,240,0.0
137.3,Control,3,Jump,300,270,1.2000000000000002
137.3,Control,3,Jump,330,300,0.0
137.3,Control,3,Jump,360,330,0.0
137.3,Control,3,Jump,390,360,0.0
137.3,Control,3,Jump,420,390,0.0
137.3,Control,3,Jump,450,420,0.0
144.3,ELS,3,Freeze,30,0,0.0
144.3,ELS,3,Freeze,60,30,2.666666666666667
144.3,ELS,3,Freeze,90,60,1.4666666666666666
144.3,ELS,3,Freeze,120,90,4.133333333333333
144.3,ELS,3,Freeze,150,120,5.333333333333334
144.3,ELS,3,Freeze,180,150,2.0
144.3,ELS,3,Freeze,210,180,3.466666666666667
144.3,ELS,3,Freeze,240,210,35.06666666666667
144.3,ELS,3,Freeze,270,240,36.0
144.3,ELS,3,Freeze,300,270,14.266666666666666
144.3,ELS,3,Freeze,330,300,7.866666666666666
144.3,ELS,3,Freeze,360,330,8.4
144.3,ELS,3,Freeze,390,360,25.466666666666665
144.3,ELS,3,Freeze,420,390,17.066666666666666
144.3,ELS,3,Freeze,450,420,32.4
144.3,ELS,3,Sniff,30,0,7.6
144.3,ELS,3,Sniff,60,30,40.66666666666666
144.3,ELS,3,Sniff,90,60,14.533333333333333
144.3,ELS,3,Sniff,120,90,3.8666666666666663
144.3,ELS,3,Sniff,150,120,0.0
144.3,ELS,3,Sniff,180,150,3.733333333333334
144.3,ELS,3,Sniff,210,180,13.333333333333334
144.3,ELS,3,Sniff,240,210,13.866666666666664
144.3,ELS,3,Sniff,270,240,0.0
144.3,ELS,3,Sniff,300,270,20.666666666666668
144.3,ELS,3,Sniff,330,300,21.866666666666667
144.3,ELS,3,Sniff,360,330,0.0
144.3,ELS,3,Sniff,390,360,5.6000000000000005
144.3,ELS,3,Sniff,420,390,0.0
144.3,ELS,3,Sniff,450,420,3.0666666666666664
144.3,ELS,3,Groom,30,0,0.0
144.3,ELS,3,Groom,60,30,0.0
144.3,ELS,3,Groom,90,60,0.0
144.3,ELS,3,Groom,120,90,0.0
144.3,ELS,3,Groom,150,120,0.0
144.3,ELS,3,Groom,180,150,0.0
144.3,ELS,3,Groom,210,180,0.0
144.3,ELS,3,Groom,240,210,0.0
144.3,ELS,3,Groom,270,240,0.0
144.3,ELS,3,Groom,300,270,0.0
144.3,ELS,3,Groom,330,300,0.0
144.3,ELS,3,Groom,360,330,0.0
144.3,ELS,3,Groom,390,360,0.0
144.3,ELS,3,Groom,420,390,0.0
144.3,ELS,3,Groom,450,420,0.0
144.3,ELS,3,Turn,30,0,85.86666666666666
144.3,ELS,3,Turn,60,30,44.266666666666666
144.3,ELS,3,Turn,90,60,77.06666666666668
144.3,ELS,3,Turn,120,90,63.99999999999999
144.3,ELS,3,Turn,150,120,54.53333333333333
144.3,ELS,3,Turn,180,150,80.53333333333333
144.3,ELS,3,Turn,210,180,70.93333333333334
144.3,ELS,3,Turn,240,210,38.666666666666664
144.3,ELS,3,Turn,270,240,58.266666666666666
144.3,ELS,3,Turn,300,270,51.6
144.3,ELS,3,Turn,330,300,63.333333333333336
144.3,ELS,3,Turn,360,330,64.93333333333334
144.3,ELS,3,Turn,390,360,60.93333333333334
144.3,ELS,3,Turn,420,390,77.06666666666666
144.3,ELS,3,Turn,450,420,54.53333333333333
144.3,ELS,3,Locomotion,30,0,0.2666666666666666
144.3,ELS,3,Locomotion,60,30,1.7333333333333334
144.3,ELS,3,Locomotion,90,60,1.0666666666666669
144.3,ELS,3,Locomotion,120,90,1.2
144.3,ELS,3,Locomotion,150,120,5.333333333333333
144.3,ELS,3,Locomotion,180,150,3.2000000000000006
144.3,ELS,3,Locomotion,210,180,2.8000000000000003
144.3,ELS,3,Locomotion,240,210,0.0
144.3,ELS,3,Locomotion,270,240,0.0
144.3,ELS,3,Locomotion,300,270,1.866666666666667
144.3,ELS,3,Locomotion,330,300,0.0
144.3,ELS,3,Locomotion,360,330,0.0
144.3,ELS,3,Locomotion,390,360,2.533333333333333
144.3,ELS,3,Locomotion,420,390,1.8666666666666667
144.3,ELS,3,Locomotion,450,420,0.0
144.3,ELS,3,Climb,30,0,0.0
144.3,ELS,3,Climb,60,30,0.0
144.3,ELS,3,Climb,90,60,4.666666666666667
144.3,ELS,3,Climb,120,90,3.2
144.3,ELS,3,Climb,150,120,0.0
144.3,ELS,3,Climb,180,150,4.4
144.3,ELS,3,Climb,210,180,8.666666666666668
144.3,ELS,3,Climb,240,210,0.0
144.3,ELS,3,Climb,270,240,0.0
144.3,ELS,3,Climb,300,270,4.8
144.3,ELS,3,Climb,330,300,0.0
144.3,ELS,3,Climb,360,330,10.266666666666667
144.3,ELS,3,Climb,390,360,0.0
144.3,ELS,3,Climb,420,390,0.0
144.3,ELS,3,Climb,450,420,0.0
144.3,ELS,3,Jump,30,0,0.0
144.3,ELS,3,Jump,60,30,0.2666666666666666
144.3,ELS,3,Jump,90,60,0.0
144.3,ELS,3,Jump,120,90,0.0
144.3,ELS,3,Jump,150,120,0.0
144.3,ELS,3,Jump,180,150,0.0
144.3,ELS,3,Jump,210,180,0.1333333333333333
144.3,ELS,3,Jump,240,210,1.3333333333333337
144.3,ELS,3,Jump,270,240,0.0
144.3,ELS,3,Jump,300,270,3.733333333333334
144.3,ELS,3,Jump,330,300,0.0
144.3,ELS,3,Jump,360,330,0.0
144.3,ELS,3,Jump,390,360,0.0
144.3,ELS,3,Jump,420,390,0.0
144.3,ELS,3,Jump,450,420,0.0
144.5,ELS,3,Freeze,30,0,0.0
144.5,ELS,3,Freeze,60,30,1.7333333333333332
144.5,ELS,3,Freeze,90,60,14.266666666666666
144.5,ELS,3,Freeze,120,90,0.0
144.5,ELS,3,Freeze,150,120,6.4
144.5,ELS,3,Freeze,180,150,10.666666666666668
144.5,ELS,3,Freeze,210,180,17.733333333333334
144.5,ELS,3,Freeze,240,210,37.6
144.5,ELS,3,Freeze,270,240,5.333333333333334
144.5,ELS,3,Freeze,300,270,13.6
144.5,ELS,3,Freeze,330,300,53.86666666666666
144.5,ELS,3,Freeze,360,330,29.06666666666667
144.5,ELS,3,Freeze,390,360,30.0
144.5,ELS,3,Freeze,420,390,11.866666666666667
144.5,ELS,3,Freeze,450,420,41.06666666666667
144.5,ELS,3,Sniff,30,0,31.200000000000003
144.5,ELS,3,Sniff,60,30,78.53333333333333
144.5,ELS,3,Sniff,90,60,16.4
144.5,ELS,3,Sniff,120,90,43.86666666666667
144.5,ELS,3,Sniff,150,120,31.333333333333336
144.5,ELS,3,Sniff,180,150,14.000000000000002
144.5,ELS,3,Sniff,210,180,37.06666666666666
144.5,ELS,3,Sniff,240,210,0.0
144.5,ELS,3,Sniff,270,240,16.133333333333333
144.5,ELS,3,Sniff,300,270,0.0
144.5,ELS,3,Sniff,330,300,0.0
144.5,ELS,3,Sniff,360,330,0.0
144.5,ELS,3,Sniff,390,360,0.0
144.5,ELS,3,Sniff,420,390,0.0
144.5,ELS,3,Sniff,450,420,0.0
144.5,ELS,3,Groom,30,0,0.0
144.5,ELS,3,Groom,60,30,0.0
144.5,ELS,3,Groom,90,60,0.0
144.5,ELS,3,Groom,120,90,0.2666666666666666
144.5,ELS,3,Groom,150,120,0.0
144.5,ELS,3,Groom,180,150,0.0
144.5,ELS,3,Groom,210,180,0.0
144.5,ELS,3,Groom,240,210,0.0
144.5,ELS,3,Groom,270,240,0.0
144.5,ELS,3,Groom,300,270,0.0
144.5,ELS,3,Groom,330,300,0.0
144.5,ELS,3,Groom,360,330,0.0
144.5,ELS,3,Groom,390,360,0.0
144.5,ELS,3,Groom,420,390,0.0
144.5,ELS,3,Groom,450,420,0.0
144.5,ELS,3,Turn,30,0,57.33333333333334
144.5,ELS,3,Turn,60,30,14.4
144.5,ELS,3,Turn,90,60,51.999999999999986
144.5,ELS,3,Turn,120,90,42.93333333333333
144.5,ELS,3,Turn,150,120,33.99999999999999
144.5,ELS,3,Turn,180,150,61.73333333333333
144.5,ELS,3,Turn,210,180,38.93333333333334
144.5,ELS,3,Turn,240,210,30.93333333333333
144.5,ELS,3,Turn,270,240,62.26666666666667
144.5,ELS,3,Turn,300,270,59.06666666666666
144.5,ELS,3,Turn,330,300,33.6
144.5,ELS,3,Turn,360,330,69.73333333333333
144.5,ELS,3,Turn,390,360,56.66666666666667
144.5,ELS,3,Turn,420,390,52.53333333333334
144.5,ELS,3,Turn,450,420,25.866666666666664
144.5,ELS,3,Locomotion,30,0,3.466666666666667
144.5,ELS,3,Locomotion,60,30,2.1333333333333333
144.5,ELS,3,Locomotion,90,60,0.4
144.5,ELS,3,Locomotion,120,90,0.5333333333333333
144.5,ELS,3,Locomotion,150,120,0.0
144.5,ELS,3,Locomotion,180,150,3.2
144.5,ELS,3,Locomotion,210,180,1.6
144.5,ELS,3,Locomotion,240,210,0.0
144.5,ELS,3,Locomotion,270,240,0.0
144.5,ELS,3,Locomotion,300,270,0.0
144.5,ELS,3,Locomotion,330,300,0.0
144.5,ELS,3,Locomotion,360,330,0.0
144.5,ELS,3,Locomotion,390,360,3.066666666666667
144.5,ELS,3,Locomotion,420,390,0.4
144.5,ELS,3,Locomotion,450,420,0.0
144.5,ELS,3,Climb,30,0,0.0
144.5,ELS,3,Climb,60,30,0.0
144.5,ELS,3,Climb,90,60,0.0
144.5,ELS,3,Climb,120,90,8.799999999999999
144.5,ELS,3,Climb,150,120,5.2
144.5,ELS,3,Climb,180,150,4.933333333333334
144.5,ELS,3,Climb,210,180,4.666666666666667
144.5,ELS,3,Climb,240,210,0.0
144.5,ELS,3,Climb,270,240,0.0
144.5,ELS,3,Climb,300,270,0.0
144.5,ELS,3,Climb,330,300,0.0
144.5,ELS,3,Climb,360,330,0.0
144.5,ELS,3,Climb,390,360,0.0
144.5,ELS,3,Climb,420,390,0.0
144.5,ELS,3,Climb,450,420,0.0
144.5,ELS,3,Jump,30,0,0.0
144.5,ELS,3,Jump,60,30,0.0
144.5,ELS,3,Jump,90,60,0.0
144.5,ELS,3,Jump,120,90,0.0
144.5,ELS,3,Jump,150,120,0.0
144.5,ELS,3,Jump,180,150,0.0
144.5,ELS,3,Jump,210,180,0.0
144.5,ELS,3,Jump,240,210,0.0
144.5,ELS,3,Jump,270,240,0.0
144.5,ELS,3,Jump,300,270,0.0
144.5,ELS,3,Jump,330,300,0.0
144.5,ELS,3,Jump,360,330,0.0
144.5,ELS,3,Jump,390,360,0.0
144.5,ELS,3,Jump,420,390,0.0
144.5,ELS,3,Jump,450,420,0.0
145.5,Control,3,Freeze,30,0,0.4
145.5,Control,3,Freeze,60,30,0.9333333333333336
145.5,Control,3,Freeze,90,60,0.0
145.5,Control,3,Freeze,120,90,4.4
145.5,Control,3,Freeze,150,120,8.533333333333333
145.5,Control,3,Freeze,180,150,12.4
145.5,Control,3,Freeze,210,180,34.66666666666667
145.5,Control,3,Freeze,240,210,19.066666666666663
145.5,Control,3,Freeze,270,240,52.0
145.5,Control,3,Freeze,300,270,26.4
145.5,Control,3,Freeze,330,300,32.8
145.5,Control,3,Freeze,360,330,44.93333333333333
145.5,Control,3,Freeze,390,360,49.86666666666666
145.5,Control,3,Freeze,420,390,37.86666666666667
145.5,Control,3,Freeze,450,420,52.666666666666664
145.5,Control,3,Sniff,30,0,0.0
145.5,Control,3,Sniff,60,30,0.0
145.5,Control,3,Sniff,90,60,0.0
145.5,Control,3,Sniff,120,90,11.733333333333334
145.5,Control,3,Sniff,150,120,14.266666666666666
145.5,Control,3,Sniff,180,150,0.0
145.5,Control,3,Sniff,210,180,0.0
145.5,Control,3,Sniff,240,210,0.0
145.5,Control,3,Sniff,270,240,0.0
145.5,Control,3,Sniff,300,270,3.333333333333333
145.5,Control,3,Sniff,330,300,0.0
145.5,Control,3,Sniff,360,330,0.0
145.5,Control,3,Sniff,390,360,0.0
145.5,Control,3,Sniff,420,390,0.0
145.5,Control,3,Sniff,450,420,4.4
145.5,Control,3,Groom,30,0,0.0
145.5,Control,3,Groom,60,30,0.0
145.5,Control,3,Groom,90,60,0.0
145.5,Control,3,Groom,120,90,0.0
145.5,Control,3,Groom,150,120,0.0
145.5,Control,3,Groom,180,150,0.0
145.5,Control,3,Groom,210,180,0.0
145.5,Control,3,Groom,240,210,0.0
145.5,Control,3,Groom,270,240,0.0
145.5,Control,3,Groom,300,270,0.0
145.5,Control,3,Groom,330,300,0.0
145.5,Control,3,Groom,360,330,0.0
145.5,Control,3,Groom,390,360,0.0
145.5,Control,3,Groom,420,390,0.0
145.5,Control,3,Groom,450,420,0.0
145.5,Control,3,Turn,30,0,69.46666666666667
145.5,Control,3,Turn,60,30,37.333333333333336
145.5,Control,3,Turn,90,60,58.666666666666664
145.5,Control,3,Turn,120,90,45.6
145.5,Control,3,Turn,150,120,33.86666666666667
145.5,Control,3,Turn,180,150,66.53333333333333
145.5,Control,3,Turn,210,180,41.733333333333334
145.5,Control,3,Turn,240,210,77.60000000000001
145.5,Control,3,Turn,270,240,36.93333333333333
145.5,Control,3,Turn,300,270,56.8
145.5,Control,3,Turn,330,300,50.93333333333333
145.5,Control,3,Turn,360,330,38.4
145.5,Control,3,Turn,390,360,37.86666666666667
145.5,Control,3,Turn,420,390,54.13333333333333
145.5,Control,3,Turn,450,420,24.666666666666668
145.5,Control,3,Locomotion,30,0,2.933333333333333
145.5,Control,3,Locomotion,60,30,8.533333333333333
145.5,Control,3,Locomotion,90,60,1.3333333333333335
145.5,Control,3,Locomotion,120,90,0.4
145.5,Control,3,Locomotion,150,120,2.4
145.5,Control,3,Locomotion,180,150,2.4
145.5,Control,3,Locomotion,210,180,8.4
145.5,Control,3,Locomotion,240,210,1.4666666666666666
145.5,Control,3,Locomotion,270,240,1.8666666666666671
145.5,Control,3,Locomotion,300,270,2.933333333333333
145.5,Control,3,Locomotion,330,300,2.5333333333333337
145.5,Control,3,Locomotion,360,330,0.0
145.5,Control,3,Locomotion,390,360,3.466666666666667
145.5,Control,3,Locomotion,420,390,4.0
145.5,Control,3,Locomotion,450,420,1.0666666666666669
145.5,Control,3,Climb,30,0,5.866666666666666
145.5,Control,3,Climb,60,30,14.533333333333337
145.5,Control,3,Climb,90,60,14.133333333333336
145.5,Control,3,Climb,120,90,3.2
145.5,Control,3,Climb,150,120,11.066666666666666
145.5,Control,3,Climb,180,150,0.0
145.5,Control,3,Climb,210,180,11.2
145.5,Control,3,Climb,240,210,0.0
145.5,Control,3,Climb,270,240,4.133333333333333
145.5,Control,3,Climb,300,270,6.266666666666667
145.5,Control,3,Climb,330,300,0.0
145.5,Control,3,Climb,360,330,0.0
145.5,Control,3,Climb,390,360,3.0666666666666664
145.5,Control,3,Climb,420,390,0.0
145.5,Control,3,Climb,450,420,0.0
145.5,Control,3,Jump,30,0,0.0
145.5,Control,3,Jump,60,30,0.0
145.5,Control,3,Jump,90,60,1.0666666666666667
145.5,Control,3,Jump,120,90,0.0
145.5,Control,3,Jump,150,120,1.2
145.5,Control,3,Jump,180,150,0.0
145.5,Control,3,Jump,210,180,0.5333333333333333
145.5,Control,3,Jump,240,210,0.1333333333333333
145.5,Control,3,Jump,270,240,0.0
145.5,Control,3,Jump,300,270,1.4666666666666666
145.5,Control,3,Jump,330,300,0.0
145.5,Control,3,Jump,360,330,0.0
145.5,Control,3,Jump,390,360,0.9333333333333336
145.5,Control,3,Jump,420,390,1.4666666666666668
145.5,Control,3,Jump,450,420,0.0
146.6,Control,3,Freeze,30,0,2.666666666666667
146.6,Control,3,Freeze,60,30,0.6666666666666667
146.6,Control,3,Freeze,90,60,2.1333333333333333
146.6,Control,3,Freeze,120,90,1.866666666666667
146.6,Control,3,Freeze,150,120,33.06666666666666
146.6,Control,3,Freeze,180,150,16.400000000000002
146.6,Control,3,Freeze,210,180,31.6
146.6,Control,3,Freeze,240,210,84.0
146.6,Control,3,Freeze,270,240,63.46666666666667
146.6,Control,3,Freeze,300,270,55.866666666666674
146.6,Control,3,Freeze,330,300,73.86666666666666
146.6,Control,3,Freeze,360,330,49.06666666666666
146.6,Control,3,Freeze,390,360,59.33333333333334
146.6,Control,3,Freeze,420,390,62.53333333333333
146.6,Control,3,Freeze,450,420,82.13333333333333
146.6,Control,3,Sniff,30,0,0.0
146.6,Control,3,Sniff,60,30,0.0
146.6,Control,3,Sniff,90,60,3.333333333333333
146.6,Control,3,Sniff,120,90,0.0
146.6,Control,3,Sniff,150,120,0.0
146.6,Control,3,Sniff,180,150,0.0
146.6,Control,3,Sniff,210,180,5.2
146.6,Control,3,Sniff,240,210,3.8666666666666663
146.6,Control,3,Sniff,270,240,4.0
146.6,Control,3,Sniff,300,270,0.0
146.6,Control,3,Sniff,330,300,7.199999999999999
146.6,Control,3,Sniff,360,330,0.0
146.6,Control,3,Sniff,390,360,0.0
146.6,Control,3,Sniff,420,390,0.0
146.6,Control,3,Sniff,450,420,4.533333333333333
146.6,Control,3,Groom,30,0,0.0
146.6,Control,3,Groom,60,30,0.0
146.6,Control,3,Groom,90,60,0.0
146.6,Control,3,Groom,120,90,0.0
146.6,Control,3,Groom,150,120,0.0
146.6,Control,3,Groom,180,150,0.0
146.6,Control,3,Groom,210,180,0.0
146.6,Control,3,Groom,240,210,0.0
146.6,Control,3,Groom,270,240,0.4
146.6,Control,3,Groom,300,270,0.0
146.6,Control,3,Groom,330,300,0.0
146.6,Control,3,Groom,360,330,0.0
146.6,Control,3,Groom,390,360,0.0
146.6,Control,3,Groom,420,390,0.0
146.6,Control,3,Groom,450,420,0.0
146.6,Control,3,Turn,30,0,52.4
146.6,Control,3,Turn,60,30,72.26666666666667
146.6,Control,3,Turn,90,60,74.8
146.6,Control,3,Turn,120,90,48.53333333333333
146.6,Control,3,Turn,150,120,49.199999999999996
146.6,Control,3,Turn,180,150,53.199999999999996
146.6,Control,3,Turn,210,180,56.0
146.6,Control,3,Turn,240,210,6.800000000000001
146.6,Control,3,Turn,270,240,20.4
146.6,Control,3,Turn,300,270,24.533333333333335
146.6,Control,3,Turn,330,300,16.933333333333334
146.6,Control,3,Turn,360,330,18.933333333333334
146.6,Control,3,Turn,390,360,26.8
146.6,Control,3,Turn,420,390,23.333333333333336
146.6,Control,3,Turn,450,420,12.133333333333333
146.6,Control,3,Locomotion,30,0,1.2000000000000002
146.6,Control,3,Locomotion,60,30,5.333333333333334
146.6,Control,3,Locomotion,90,60,3.466666666666667
146.6,Control,3,Locomotion,120,90,4.266666666666667
146.6,Control,3,Locomotion,150,120,0.0
146.6,Control,3,Locomotion,180,150,3.2
146.6,Control,3,Locomotion,210,180,0.0
146.6,Control,3,Locomotion,240,210,2.933333333333333
146.6,Control,3,Locomotion,270,240,1.6
146.6,Control,3,Locomotion,300,270,1.0666666666666669
146.6,Control,3,Locomotion,330,300,0.0
146.6,Control,3,Locomotion,360,330,0.0
146.6,Control,3,Locomotion,390,360,2.8
146.6,Control,3,Locomotion,420,390,3.7333333333333334
146.6,Control,3,Locomotion,450,420,0.0
146.6,Control,3,Climb,30,0,0.0
146.6,Control,3,Climb,60,30,0.0
146.6,Control,3,Climb,90,60,0.0
146.6,Control,3,Climb,120,90,3.333333333333333
146.6,Control,3,Climb,150,120,4.4
146.6,Control,3,Climb,180,150,0.0
146.6,Control,3,Climb,210,180,0.0
146.6,Control,3,Climb,240,210,0.0
146.6,Control,3,Climb,270,240,0.0
146.6,Control,3,Climb,300,270,0.0
146.6,Control,3,Climb,330,300,0.0
146.6,Control,3,Climb,360,330,0.0
146.6,Control,3,Climb,390,360,0.0
146.6,Control,3,Climb,420,390,0.0
146.6,Control,3,Climb,450,420,0.0
146.6,Control,3,Jump,30,0,0.0
146.6,Control,3,Jump,60,30,0.0
146.6,Control,3,Jump,90,60,0.0
146.6,Control,3,Jump,120,90,0.0
146.6,Control,3,Jump,150,120,0.0
146.6,Control,3,Jump,180,150,0.0
146.6,Control,3,Jump,210,180,3.333333333333334
146.6,Control,3,Jump,240,210,2.4
146.6,Control,3,Jump,270,240,0.0
146.6,Control,3,Jump,300,270,5.733333333333333
146.6,Control,3,Jump,330,300,1.0666666666666669
146.6,Control,3,Jump,360,330,0.0
146.6,Control,3,Jump,390,360,2.8000000000000003
146.6,Control,3,Jump,420,390,1.4666666666666668
146.6,Control,3,Jump,450,420,0.0
147.4,Control,3,Freeze,30,0,0.0
147.4,Control,3,Freeze,60,30,0.0
147.4,Control,3,Freeze,90,60,0.0
147.4,Control,3,Freeze,120,90,4.666666666666667
147.4,Control,3,Freeze,150,120,1.0666666666666669
147.4,Control,3,Freeze,180,150,7.2
147.4,Control,3,Freeze,210,180,14.4
147.4,Control,3,Freeze,240,210,58.8
147.4,Control,3,Freeze,270,240,38.400000000000006
147.4,Control,3,Freeze,300,270,16.400000000000002
147.4,Control,3,Freeze,330,300,46.93333333333334
147.4,Control,3,Freeze,360,330,61.86666666666667
147.4,Control,3,Freeze,390,360,46.53333333333333
147.4,Control,3,Freeze,420,390,48.13333333333333
147.4,Control,3,Freeze,450,420,72.13333333333334
147.4,Control,3,Sniff,30,0,0.0
147.4,Control,3,Sniff,60,30,0.0
147.4,Control,3,Sniff,90,60,0.0
147.4,Control,3,Sniff,120,90,2.2666666666666666
147.4,Control,3,Sniff,150,120,0.0
147.4,Control,3,Sniff,180,150,3.0666666666666664
147.4,Control,3,Sniff,210,180,4.0
147.4,Control,3,Sniff,240,210,0.0
147.4,Control,3,Sniff,270,240,0.0
147.4,Control,3,Sniff,300,270,0.0
147.4,Control,3,Sniff,330,300,0.0
147.4,Control,3,Sniff,360,330,2.666666666666667
147.4,Control,3,Sniff,390,360,4.4
147.4,Control,3,Sniff,420,390,2.0
147.4,Control,3,Sniff,450,420,4.133333333333333
147.4,Control,3,Groom,30,0,0.0
147.4,Control,3,Groom,60,30,0.0
147.4,Control,3,Groom,90,60,0.0
147.4,Control,3,Groom,120,90,0.0
147.4,Control,3,Groom,150,120,0.0
147.4,Control,3,Groom,180,150,0.0
147.4,Control,3,Groom,210,180,0.0
147.4,Control,3,Groom,240,210,0.6666666666666667
147.4,Control,3,Groom,270,240,0.0
147.4,Control,3,Groom,300,270,0.0
147.4,Control,3,Groom,330,300,0.1333333333333333
147.4,Control,3,Groom,360,330,1.866666666666667
147.4,Control,3,Groom,390,360,0.0
147.4,Control,3,Groom,420,390,0.0
147.4,Control,3,Groom,450,420,0.0
147.4,Control,3,Turn,30,0,54.800000000000004
147.4,Control,3,Turn,60,30,76.93333333333334
147.4,Control,3,Turn,90,60,49.86666666666667
147.4,Control,3,Turn,120,90,55.2
147.4,Control,3,Turn,150,120,89.06666666666668
147.4,Control,3,Turn,180,150,59.46666666666667
147.4,Control,3,Turn,210,180,45.199999999999996
147.4,Control,3,Turn,240,210,30.53333333333333
147.4,Control,3,Turn,270,240,32.13333333333333
147.4,Control,3,Turn,300,270,48.39999999999999
147.4,Control,3,Turn,330,300,21.2
147.4,Control,3,Turn,360,330,4.666666666666667
147.4,Control,3,Turn,390,360,12.93333333333333
147.4,Control,3,Turn,420,390,36.133333333333326
147.4,Control,3,Turn,450,420,7.733333333333333
147.4,Control,3,Locomotion,30,0,6.933333333333334
147.4,Control,3,Locomotion,60,30,7.733333333333333
147.4,Control,3,Locomotion,90,60,6.0
147.4,Control,3,Locomotion,120,90,5.066666666666666
147.4,Control,3,Locomotion,150,120,2.533333333333333
147.4,Control,3,Locomotion,180,150,3.0666666666666664
147.4,Control,3,Locomotion,210,180,5.466666666666667
147.4,Control,3,Locomotion,240,210,0.0
147.4,Control,3,Locomotion,270,240,0.0
147.4,Control,3,Locomotion,300,270,4.2666666666666675
147.4,Control,3,Locomotion,330,300,0.6666666666666667
147.4,Control,3,Locomotion,360,330,0.7999999999999999
147.4,Control,3,Locomotion,390,360,1.0666666666666669
147.4,Control,3,Locomotion,420,390,1.0666666666666669
147.4,Control,3,Locomotion,450,420,0.0
147.4,Control,3,Climb,30,0,0.0
147.4,Control,3,Climb,60,30,0.0
147.4,Control,3,Climb,90,60,0.0
147.4,Control,3,Climb,120,90,2.4
147.4,Control,3,Climb,150,120,0.0
147.4,Control,3,Climb,180,150,4.8
147.4,Control,3,Climb,210,180,3.333333333333333
147.4,Control,3,Climb,240,210,0.0
147.4,Control,3,Climb,270,240,5.733333333333333
147.4,Control,3,Climb,300,270,0.0
147.4,Control,3,Climb,330,300,0.0
147.4,Control,3,Climb,360,330,9.066666666666666
147.4,Control,3,Climb,390,360,0.0
147.4,Control,3,Climb,420,390,0.0
147.4,Control,3,Climb,450,420,0.0
147.4,Control,3,Jump,30,0,0.0
147.4,Control,3,Jump,60,30,0.0
147.4,Control,3,Jump,90,60,0.0
147.4,Control,3,Jump,120,90,0.0
147.4,Control,3,Jump,150,120,0.0
147.4,Control,3,Jump,180,150,0.0
147.4,Control,3,Jump,210,180,1.4666666666666666
147.4,Control,3,Jump,240,210,0.0
147.4,Control,3,Jump,270,240,0.0
147.4,Control,3,Jump,300,270,2.4000000000000004
147.4,Control,3,Jump,330,300,3.0666666666666664
147.4,Control,3,Jump,360,330,0.0
147.4,Control,3,Jump,390,360,4.666666666666667
147.4,Control,3,Jump,420,390,0.9333333333333333
147.4,Control,3,Jump,450,420,0.0
148.4,ELS,3,Freeze,30,0,1.7333333333333332
148.4,ELS,3,Freeze,60,30,0.0
148.4,ELS,3,Freeze,90,60,0.0
148.4,ELS,3,Freeze,120,90,3.4666666666666663
148.4,ELS,3,Freeze,150,120,0.0
148.4,ELS,3,Freeze,180,150,13.2
148.4,ELS,3,Freeze,210,180,18.4
148.4,ELS,3,Freeze,240,210,31.2
148.4,ELS,3,Freeze,270,240,22.26666666666667
148.4,ELS,3,Freeze,300,270,6.533333333333332
148.4,ELS,3,Freeze,330,300,51.866666666666674
148.4,ELS,3,Freeze,360,330,43.86666666666667
148.4,ELS,3,Freeze,390,360,31.333333333333336
148.4,ELS,3,Freeze,420,390,69.46666666666667
148.4,ELS,3,Freeze,450,420,76.53333333333333
148.4,ELS,3,Sniff,30,0,0.0
148.4,ELS,3,Sniff,60,30,0.0
148.4,ELS,3,Sniff,90,60,0.0
148.4,ELS,3,Sniff,120,90,0.0
148.4,ELS,3,Sniff,150,120,6.933333333333333
148.4,ELS,3,Sniff,180,150,4.266666666666667
148.4,ELS,3,Sniff,210,180,4.533333333333333
148.4,ELS,3,Sniff,240,210,0.0
148.4,ELS,3,Sniff,270,240,0.0
148.4,ELS,3,Sniff,300,270,0.0
148.4,ELS,3,Sniff,330,300,0.0
148.4,ELS,3,Sniff,360,330,2.0
148.4,ELS,3,Sniff,390,360,0.0
148.4,ELS,3,Sniff,420,390,0.0
148.4,ELS,3,Sniff,450,420,0.0
148.4,ELS,3,Groom,30,0,0.0
148.4,ELS,3,Groom,60,30,0.0
148.4,ELS,3,Groom,90,60,0.0
148.4,ELS,3,Groom,120,90,0.0
148.4,ELS,3,Groom,150,120,0.0
148.4,ELS,3,Groom,180,150,0.0
148.4,ELS,3,Groom,210,180,0.0
148.4,ELS,3,Groom,240,210,0.0
148.4,ELS,3,Groom,270,240,0.0
148.4,ELS,3,Groom,300,270,0.0
148.4,ELS,3,Groom,330,300,0.0
148.4,ELS,3,Groom,360,330,0.0
148.4,ELS,3,Groom,390,360,0.0
148.4,ELS,3,Groom,420,390,0.0
148.4,ELS,3,Groom,450,420,0.0
148.4,ELS,3,Turn,30,0,32.13333333333333
148.4,ELS,3,Turn,60,30,26.933333333333334
148.4,ELS,3,Turn,90,60,34.8
148.4,ELS,3,Turn,120,90,68.26666666666667
148.4,ELS,3,Turn,150,120,45.333333333333336
148.4,ELS,3,Turn,180,150,61.86666666666667
148.4,ELS,3,Turn,210,180,64.53333333333333
148.4,ELS,3,Turn,240,210,51.199999999999996
148.4,ELS,3,Turn,270,240,61.99999999999999
148.4,ELS,3,Turn,300,270,67.86666666666667
148.4,ELS,3,Turn,330,300,44.93333333333333
148.4,ELS,3,Turn,360,330,45.86666666666667
148.4,ELS,3,Turn,390,360,43.06666666666666
148.4,ELS,3,Turn,420,390,12.0
148.4,ELS,3,Turn,450,420,23.466666666666665
148.4,ELS,3,Locomotion,30,0,8.533333333333333
148.4,ELS,3,Locomotion,60,30,39.86666666666667
148.4,ELS,3,Locomotion,90,60,23.6
148.4,ELS,3,Locomotion,120,90,11.066666666666666
148.4,ELS,3,Locomotion,150,120,12.399999999999999
148.4,ELS,3,Locomotion,180,150,0.8
148.4,ELS,3,Locomotion,210,180,2.1333333333333333
148.4,ELS,3,Locomotion,240,210,1.0666666666666669
148.4,ELS,3,Locomotion,270,240,5.199999999999999
148.4,ELS,3,Locomotion,300,270,2.933333333333333
148.4,ELS,3,Locomotion,330,300,2.9333333333333336
148.4,ELS,3,Locomotion,360,330,0.1333333333333333
148.4,ELS,3,Locomotion,390,360,8.266666666666666
148.4,ELS,3,Locomotion,420,390,4.800000000000001
148.4,ELS,3,Locomotion,450,420,0.0
148.4,ELS,3,Climb,30,0,0.0
148.4,ELS,3,Climb,60,30,0.0
148.4,ELS,3,Climb,90,60,0.0
148.4,ELS,3,Climb,120,90,0.0
148.4,ELS,3,Climb,150,120,12.933333333333334
148.4,ELS,3,Climb,180,150,0.0
148.4,ELS,3,Climb,210,180,4.8
148.4,ELS,3,Climb,240,210,0.0
148.4,ELS,3,Climb,270,240,0.0
148.4,ELS,3,Climb,300,270,4.933333333333334
148.4,ELS,3,Climb,330,300,0.0
148.4,ELS,3,Climb,360,330,0.0
148.4,ELS,3,Climb,390,360,0.0
148.4,ELS,3,Climb,420,390,0.0
148.4,ELS,3,Climb,450,420,0.0
148.4,ELS,3,Jump,30,0,0.0
148.4,ELS,3,Jump,60,30,0.6666666666666667
148.4,ELS,3,Jump,90,60,0.0
148.4,ELS,3,Jump,120,90,0.0
148.4,ELS,3,Jump,150,120,0.1333333333333333
148.4,ELS,3,Jump,180,150,0.0
148.4,ELS,3,Jump,210,180,2.1333333333333333
148.4,ELS,3,Jump,240,210,0.0
148.4,ELS,3,Jump,270,240,0.0
148.4,ELS,3,Jump,300,270,4.3999999999999995
148.4,ELS,3,Jump,330,300,0.2666666666666666
148.4,ELS,3,Jump,360,330,0.0
148.4,ELS,3,Jump,390,360,1.7333333333333338
148.4,ELS,3,Jump,420,390,2.1333333333333333
148.4,ELS,3,Jump,450,420,0.0
15.4,ELS,1,Freeze,30,0,5.2
15.4,ELS,1,Freeze,60,30,2.2666666666666666
15.4,ELS,1,Freeze,90,60,1.3333333333333337
15.4,ELS,1,Freeze,120,90,3.0666666666666664
15.4,ELS,1,Freeze,150,120,0.0
15.4,ELS,1,Freeze,180,150,2.533333333333333
15.4,ELS,1,Freeze,210,180,5.2
15.4,ELS,1,Freeze,240,210,29.73333333333333
15.4,ELS,1,Freeze,270,240,0.0
15.4,ELS,1,Freeze,300,270,4.266666666666667
15.4,ELS,1,Freeze,330,300,40.13333333333333
15.4,ELS,1,Freeze,360,330,30.266666666666666
15.4,ELS,1,Freeze,390,360,46.39999999999999
15.4,ELS,1,Freeze,420,390,32.800000000000004
15.4,ELS,1,Freeze,450,420,64.8
15.4,ELS,1,Sniff,30,0,10.0
15.4,ELS,1,Sniff,60,30,2.0
15.4,ELS,1,Sniff,90,60,0.0
15.4,ELS,1,Sniff,120,90,0.0
15.4,ELS,1,Sniff,150,120,36.13333333333333
15.4,ELS,1,Sniff,180,150,6.4
15.4,ELS,1,Sniff,210,180,14.4
15.4,ELS,1,Sniff,240,210,0.0
15.4,ELS,1,Sniff,270,240,0.0
15.4,ELS,1,Sniff,300,270,7.199999999999999
15.4,ELS,1,Sniff,330,300,3.0666666666666664
15.4,ELS,1,Sniff,360,330,28.26666666666667
15.4,ELS,1,Sniff,390,360,19.6
15.4,ELS,1,Sniff,420,390,0.0
15.4,ELS,1,Sniff,450,420,0.0
15.4,ELS,1,Groom,30,0,0.0
15.4,ELS,1,Groom,60,30,0.0
15.4,ELS,1,Groom,90,60,1.3333333333333337
15.4,ELS,1,Groom,120,90,0.0
15.4,ELS,1,Groom,150,120,0.0
15.4,ELS,1,Groom,180,150,0.0
15.4,ELS,1,Groom,210,180,0.0
15.4,ELS,1,Groom,240,210,0.1333333333333333
15.4,ELS,1,Groom,270,240,0.0
15.4,ELS,1,Groom,300,270,0.0
15.4,ELS,1,Groom,330,300,0.0
15.4,ELS,1,Groom,360,330,0.0
15.4,ELS,1,Groom,390,360,0.0
15.4,ELS,1,Groom,420,390,0.0
15.4,ELS,1,Groom,450,420,0.0
15.4,ELS,1,Turn,30,0,23.2
15.4,ELS,1,Turn,60,30,53.06666666666666
15.4,ELS,1,Turn,90,60,87.2
15.4,ELS,1,Turn,120,90,63.6
15.4,ELS,1,Turn,150,120,19.733333333333334
15.4,ELS,1,Turn,180,150,62.8
15.4,ELS,1,Turn,210,180,42.0
15.4,ELS,1,Turn,240,210,24.933333333333334
15.4,ELS,1,Turn,270,240,22.133333333333333
15.4,ELS,1,Turn,300,270,38.93333333333334
15.4,ELS,1,Turn,330,300,49.733333333333334
15.4,ELS,1,Turn,360,330,23.2
15.4,ELS,1,Turn,390,360,21.866666666666667
15.4,ELS,1,Turn,420,390,25.333333333333336
15.4,ELS,1,Turn,450,420,30.133333333333333
15.4,ELS,1,Locomotion,30,0,1.3333333333333337
15.4,ELS,1,Locomotion,60,30,6.933333333333334
15.4,ELS,1,Locomotion,90,60,3.0666666666666664
15.4,ELS,1,Locomotion,120,90,0.9333333333333336
15.4,ELS,1,Locomotion,150,120,9.600000000000001
15.4,ELS,1,Locomotion,180,150,1.6
15.4,ELS,1,Locomotion,210,180,8.266666666666667
15.4,ELS,1,Locomotion,240,210,2.9333333333333336
15.4,ELS,1,Locomotion,270,240,0.9333333333333336
15.4,ELS,1,Locomotion,300,270,0.0
15.4,ELS,1,Locomotion,330,300,4.4
15.4,ELS,1,Locomotion,360,330,0.0
15.4,ELS,1,Locomotion,390,360,0.6666666666666667
15.4,ELS,1,Locomotion,420,390,0.0
15.4,ELS,1,Locomotion,450,420,0.0
15.4,ELS,1,Climb,30,0,0.0
15.4,ELS,1,Climb,60,30,3.8666666666666663
15.4,ELS,1,Climb,90,60,0.0
15.4,ELS,1,Climb,120,90,4.133333333333333
15.4,ELS,1,Climb,150,120,0.0
15.4,ELS,1,Climb,180,150,14.266666666666666
15.4,ELS,1,Climb,210,180,0.0
15.4,ELS,1,Climb,240,210,4.666666666666667
15.4,ELS,1,Climb,270,240,0.0
15.4,ELS,1,Climb,300,270,0.0
15.4,ELS,1,Climb,330,300,0.0
15.4,ELS,1,Climb,360,330,0.0
15.4,ELS,1,Climb,390,360,0.0
15.4,ELS,1,Climb,420,390,0.0
15.4,ELS,1,Climb,450,420,0.0
15.4,ELS,1,Jump,30,0,0.0
15.4,ELS,1,Jump,60,30,0.0
15.4,ELS,1,Jump,90,60,0.0
15.4,ELS,1,Jump,120,90,0.0
15.4,ELS,1,Jump,150,120,0.5333333333333333
15.4,ELS,1,Jump,180,150,0.0
15.4,ELS,1,Jump,210,180,1.7333333333333334
15.4,ELS,1,Jump,240,210,0.2666666666666666
15.4,ELS,1,Jump,270,240,0.0
15.4,ELS,1,Jump,300,270,2.933333333333333
15.4,ELS,1,Jump,330,300,0.0
15.4,ELS,1,Jump,360,330,0.0
15.4,ELS,1,Jump,390,360,1.8666666666666667
15.4,ELS,1,Jump,420,390,0.2666666666666666
15.4,ELS,1,Jump,450,420,0.0
15.6,ELS,1,Freeze,30,0,3.6
15.6,ELS,1,Freeze,60,30,2.533333333333333
15.6,ELS,1,Freeze,90,60,0.0
15.6,ELS,1,Freeze,120,90,8.4
15.6,ELS,1,Freeze,150,120,8.266666666666666
15.6,ELS,1,Freeze,180,150,25.066666666666663
15.6,ELS,1,Freeze,210,180,13.333333333333334
15.6,ELS,1,Freeze,240,210,14.8
15.6,ELS,1,Freeze,270,240,11.066666666666666
15.6,ELS,1,Freeze,300,270,10.133333333333333
15.6,ELS,1,Freeze,330,300,20.933333333333334
15.6,ELS,1,Freeze,360,330,35.733333333333334
15.6,ELS,1,Freeze,390,360,40.93333333333333
15.6,ELS,1,Freeze,420,390,43.06666666666666
15.6,ELS,1,Freeze,450,420,34.8
15.6,ELS,1,Sniff,30,0,15.6
15.6,ELS,1,Sniff,60,30,8.266666666666666
15.6,ELS,1,Sniff,90,60,4.533333333333333
15.6,ELS,1,Sniff,120,90,2.8000000000000003
15.6,ELS,1,Sniff,150,120,5.6000000000000005
15.6,ELS,1,Sniff,180,150,4.133333333333333
15.6,ELS,1,Sniff,210,180,0.0
15.6,ELS,1,Sniff,240,210,8.4
15.6,ELS,1,Sniff,270,240,4.4
15.6,ELS,1,Sniff,300,270,0.0
15.6,ELS,1,Sniff,330,300,5.466666666666667
15.6,ELS,1,Sniff,360,330,0.0
15.6,ELS,1,Sniff,390,360,0.0
15.6,ELS,1,Sniff,420,390,0.9333333333333336
15.6,ELS,1,Sniff,450,420,0.0
15.6,ELS,1,Groom,30,0,0.0
15.6,ELS,1,Groom,60,30,0.6666666666666667
15.6,ELS,1,Groom,90,60,0.0
15.6,ELS,1,Groom,120,90,0.0
15.6,ELS,1,Groom,150,120,0.0
15.6,ELS,1,Groom,180,150,0.0
15.6,ELS,1,Groom,210,180,0.0
15.6,ELS,1,Groom,240,210,0.9333333333333336
15.6,ELS,1,Groom,270,240,0.1333333333333333
15.6,ELS,1,Groom,300,270,0.0
15.6,ELS,1,Groom,330,300,0.0
15.6,ELS,1,Groom,360,330,0.0
15.6,ELS,1,Groom,390,360,0.0
15.6,ELS,1,Groom,420,390,0.0
15.6,ELS,1,Groom,450,420,1.2
15.6,ELS,1,Turn,30,0,18.8
15.6,ELS,1,Turn,60,30,69.33333333333333
15.6,ELS,1,Turn,90,60,69.06666666666666
15.6,ELS,1,Turn,120,90,73.73333333333332
15.6,ELS,1,Turn,150,120,34.13333333333333
15.6,ELS,1,Turn,180,150,59.86666666666667
15.6,ELS,1,Turn,210,180,51.73333333333333
15.6,ELS,1,Turn,240,210,14.0
15.6,ELS,1,Turn,270,240,50.93333333333334
15.6,ELS,1,Turn,300,270,28.133333333333333
15.6,ELS,1,Turn,330,300,59.2
15.6,ELS,1,Turn,360,330,60.93333333333333
15.6,ELS,1,Turn,390,360,38.93333333333333
15.6,ELS,1,Turn,420,390,39.333333333333336
15.6,ELS,1,Turn,450,420,45.33333333333333
15.6,ELS,1,Locomotion,30,0,2.8000000000000003
15.6,ELS,1,Locomotion,60,30,1.7333333333333332
15.6,ELS,1,Locomotion,90,60,1.7333333333333336
15.6,ELS,1,Locomotion,120,90,0.0
15.6,ELS,1,Locomotion,150,120,2.9333333333333336
15.6,ELS,1,Locomotion,180,150,1.0666666666666669
15.6,ELS,1,Locomotion,210,180,2.1333333333333333
15.6,ELS,1,Locomotion,240,210,1.7333333333333336
15.6,ELS,1,Locomotion,270,240,0.0
15.6,ELS,1,Locomotion,300,270,2.0000000000000004
15.6,ELS,1,Locomotion,330,300,0.0
15.6,ELS,1,Locomotion,360,330,1.0666666666666669
15.6,ELS,1,Locomotion,390,360,0.8
15.6,ELS,1,Locomotion,420,390,0.8
15.6,ELS,1,Locomotion,450,420,1.7333333333333332
15.6,ELS,1,Climb,30,0,0.0
15.6,ELS,1,Climb,60,30,3.8666666666666663
15.6,ELS,1,Climb,90,60,4.666666666666667
15.6,ELS,1,Climb,120,90,0.0
15.6,ELS,1,Climb,150,120,9.066666666666666
15.6,ELS,1,Climb,180,150,0.0
15.6,ELS,1,Climb,210,180,3.733333333333334
15.6,ELS,1,Climb,240,210,5.866666666666666
15.6,ELS,1,Climb,270,240,0.0
15.6,ELS,1,Climb,300,270,0.0
15.6,ELS,1,Climb,330,300,0.0
15.6,ELS,1,Climb,360,330,0.0
15.6,ELS,1,Climb,390,360,0.0
15.6,ELS,1,Climb,420,390,0.0
15.6,ELS,1,Climb,450,420,0.0
15.6,ELS,1,Jump,30,0,0.0
15.6,ELS,1,Jump,60,30,0.0
15.6,ELS,1,Jump,90,60,0.0
15.6,ELS,1,Jump,120,90,0.0
15.6,ELS,1,Jump,150,120,0.0
15.6,ELS,1,Jump,180,150,0.0
15.6,ELS,1,Jump,210,180,4.933333333333334
15.6,ELS,1,Jump,240,210,0.5333333333333333
15.6,ELS,1,Jump,270,240,0.0
15.6,ELS,1,Jump,300,270,4.800000000000001
15.6,ELS,1,Jump,330,300,0.0
15.6,ELS,1,Jump,360,330,0.0
15.6,ELS,1,Jump,390,360,5.733333333333333
15.6,ELS,1,Jump,420,390,0.6666666666666667
15.6,ELS,1,Jump,450,420,0.0
150.3,ELS,3,Freeze,30,0,2.2666666666666666
150.3,ELS,3,Freeze,60,30,15.866666666666667
150.3,ELS,3,Freeze,90,60,8.8
150.3,ELS,3,Freeze,120,90,10.266666666666667
150.3,ELS,3,Freeze,150,120,3.0666666666666664
150.3,ELS,3,Freeze,180,150,11.733333333333333
150.3,ELS,3,Freeze,210,180,32.0
150.3,ELS,3,Freeze,240,210,29.73333333333333
150.3,ELS,3,Freeze,270,240,21.066666666666663
150.3,ELS,3,Freeze,300,270,50.8
150.3,ELS,3,Freeze,330,300,67.86666666666666
150.3,ELS,3,Freeze,360,330,61.06666666666667
150.3,ELS,3,Freeze,390,360,68.4
150.3,ELS,3,Freeze,420,390,38.8
150.3,ELS,3,Freeze,450,420,85.33333333333334
150.3,ELS,3,Sniff,30,0,51.733333333333334
150.3,ELS,3,Sniff,60,30,0.0
150.3,ELS,3,Sniff,90,60,22.133333333333333
150.3,ELS,3,Sniff,120,90,0.8
150.3,ELS,3,Sniff,150,120,32.93333333333333
150.3,ELS,3,Sniff,180,150,30.266666666666666
150.3,ELS,3,Sniff,210,180,0.0
150.3,ELS,3,Sniff,240,210,0.0
150.3,ELS,3,Sniff,270,240,0.0
150.3,ELS,3,Sniff,300,270,6.4
150.3,ELS,3,Sniff,330,300,0.0
150.3,ELS,3,Sniff,360,330,0.0
150.3,ELS,3,Sniff,390,360,0.0
150.3,ELS,3,Sniff,420,390,18.0
150.3,ELS,3,Sniff,450,420,0.0
150.3,ELS,3,Groom,30,0,0.0
150.3,ELS,3,Groom,60,30,0.0
150.3,ELS,3,Groom,90,60,0.0
150.3,ELS,3,Groom,120,90,0.0
150.3,ELS,3,Groom,150,120,0.0
150.3,ELS,3,Groom,180,150,0.0
150.3,ELS,3,Groom,210,180,0.0
150.3,ELS,3,Groom,240,210,0.0
150.3,ELS,3,Groom,270,240,0.0
150.3,ELS,3,Groom,300,270,0.0
150.3,ELS,3,Groom,330,300,0.0
150.3,ELS,3,Groom,360,330,0.0
150.3,ELS,3,Groom,390,360,0.0
150.3,ELS,3,Groom,420,390,0.1333333333333333
150.3,ELS,3,Groom,450,420,0.0
150.3,ELS,3,Turn,30,0,43.06666666666667
150.3,ELS,3,Turn,60,30,71.73333333333333
150.3,ELS,3,Turn,90,60,59.733333333333334
150.3,ELS,3,Turn,120,90,67.46666666666667
150.3,ELS,3,Turn,150,120,38.4
150.3,ELS,3,Turn,180,150,51.73333333333333
150.3,ELS,3,Turn,210,180,54.13333333333333
150.3,ELS,3,Turn,240,210,50.53333333333333
150.3,ELS,3,Turn,270,240,75.86666666666666
150.3,ELS,3,Turn,300,270,31.46666666666667
150.3,ELS,3,Turn,330,300,30.799999999999997
150.3,ELS,3,Turn,360,330,15.066666666666666
150.3,ELS,3,Turn,390,360,20.266666666666666
150.3,ELS,3,Turn,420,390,38.53333333333333
150.3,ELS,3,Turn,450,420,14.666666666666666
150.3,ELS,3,Locomotion,30,0,0.0
150.3,ELS,3,Locomotion,60,30,0.0
150.3,ELS,3,Locomotion,90,60,0.0
150.3,ELS,3,Locomotion,120,90,0.9333333333333336
150.3,ELS,3,Locomotion,150,120,0.6666666666666667
150.3,ELS,3,Locomotion,180,150,1.7333333333333332
150.3,ELS,3,Locomotion,210,180,0.6666666666666667
150.3,ELS,3,Locomotion,240,210,0.0
150.3,ELS,3,Locomotion,270,240,0.0
150.3,ELS,3,Locomotion,300,270,0.0
150.3,ELS,3,Locomotion,330,300,0.4
150.3,ELS,3,Locomotion,360,330,0.0
150.3,ELS,3,Locomotion,390,360,2.9333333333333336
150.3,ELS,3,Locomotion,420,390,1.2
150.3,ELS,3,Locomotion,450,420,0.0
150.3,ELS,3,Climb,30,0,0.0
150.3,ELS,3,Climb,60,30,0.0
150.3,ELS,3,Climb,90,60,8.266666666666666
150.3,ELS,3,Climb,120,90,0.0
150.3,ELS,3,Climb,150,120,5.466666666666667
150.3,ELS,3,Climb,180,150,4.533333333333333
150.3,ELS,3,Climb,210,180,0.0
150.3,ELS,3,Climb,240,210,0.0
150.3,ELS,3,Climb,270,240,2.533333333333333
150.3,ELS,3,Climb,300,270,0.0
150.3,ELS,3,Climb,330,300,0.0
150.3,ELS,3,Climb,360,330,0.0
150.3,ELS,3,Climb,390,360,0.0
150.3,ELS,3,Climb,420,390,0.0
150.3,ELS,3,Climb,450,420,0.0
150.3,ELS,3,Jump,30,0,0.0
150.3,ELS,3,Jump,60,30,0.0
150.3,ELS,3,Jump,90,60,0.0
150.3,ELS,3,Jump,120,90,0.0
150.3,ELS,3,Jump,150,120,0.0
150.3,ELS,3,Jump,180,150,0.0
150.3,ELS,3,Jump,210,180,3.8666666666666667
150.3,ELS,3,Jump,240,210,0.0
150.3,ELS,3,Jump,270,240,0.0
150.3,ELS,3,Jump,300,270,0.6666666666666667
150.3,ELS,3,Jump,330,300,0.4
150.3,ELS,3,Jump,360,330,0.0
150.3,ELS,3,Jump,390,360,2.5333333333333337
150.3,ELS,3,Jump,420,390,0.0
150.3,ELS,3,Jump,450,420,0.0
150.5,ELS,3,Freeze,30,0,0.0
150.5,ELS,3,Freeze,60,30,2.533333333333333
150.5,ELS,3,Freeze,90,60,5.6000000000000005
150.5,ELS,3,Freeze,120,90,0.0
150.5,ELS,3,Freeze,150,120,0.0
150.5,ELS,3,Freeze,180,150,0.0
150.5,ELS,3,Freeze,210,180,1.866666666666667
150.5,ELS,3,Freeze,240,210,6.933333333333333
150.5,ELS,3,Freeze,270,240,9.066666666666666
150.5,ELS,3,Freeze,300,270,18.666666666666668
150.5,ELS,3,Freeze,330,300,20.933333333333334
150.5,ELS,3,Freeze,360,330,34.66666666666667
150.5,ELS,3,Freeze,390,360,20.933333333333334
150.5,ELS,3,Freeze,420,390,30.0
150.5,ELS,3,Freeze,450,420,38.266666666666666
150.5,ELS,3,Sniff,30,0,70.93333333333334
150.5,ELS,3,Sniff,60,30,0.6666666666666667
150.5,ELS,3,Sniff,90,60,4.533333333333333
150.5,ELS,3,Sniff,120,90,7.866666666666666
150.5,ELS,3,Sniff,150,120,11.733333333333333
150.5,ELS,3,Sniff,180,150,15.466666666666669
150.5,ELS,3,Sniff,210,180,21.333333333333336
150.5,ELS,3,Sniff,240,210,22.666666666666664
150.5,ELS,3,Sniff,270,240,18.8
150.5,ELS,3,Sniff,300,270,10.933333333333334
150.5,ELS,3,Sniff,330,300,21.066666666666663
150.5,ELS,3,Sniff,360,330,12.533333333333331
150.5,ELS,3,Sniff,390,360,6.800000000000001
150.5,ELS,3,Sniff,420,390,0.0
150.5,ELS,3,Sniff,450,420,0.0
150.5,ELS,3,Groom,30,0,0.0
150.5,ELS,3,Groom,60,30,0.0
150.5,ELS,3,Groom,90,60,0.0
150.5,ELS,3,Groom,120,90,0.0
150.5,ELS,3,Groom,150,120,0.0
150.5,ELS,3,Groom,180,150,0.0
150.5,ELS,3,Groom,210,180,0.0
150.5,ELS,3,Groom,240,210,0.0
150.5,ELS,3,Groom,270,240,0.0
150.5,ELS,3,Groom,300,270,0.0
150.5,ELS,3,Groom,330,300,0.0
150.5,ELS,3,Groom,360,330,0.0
150.5,ELS,3,Groom,390,360,0.0
150.5,ELS,3,Groom,420,390,0.0
150.5,ELS,3,Groom,450,420,0.0
150.5,ELS,3,Turn,30,0,23.6
150.5,ELS,3,Turn,60,30,68.0
150.5,ELS,3,Turn,90,60,33.86666666666666
150.5,ELS,3,Turn,120,90,57.06666666666667
150.5,ELS,3,Turn,150,120,41.333333333333336
150.5,ELS,3,Turn,180,150,31.333333333333332
150.5,ELS,3,Turn,210,180,27.066666666666666
150.5,ELS,3,Turn,240,210,52.93333333333334
150.5,ELS,3,Turn,270,240,58.53333333333333
150.5,ELS,3,Turn,300,270,42.13333333333334
150.5,ELS,3,Turn,330,300,43.46666666666667
150.5,ELS,3,Turn,360,330,42.13333333333333
150.5,ELS,3,Turn,390,360,42.53333333333333
150.5,ELS,3,Turn,420,390,39.333333333333336
150.5,ELS,3,Turn,450,420,43.6
150.5,ELS,3,Locomotion,30,0,0.0
150.5,ELS,3,Locomotion,60,30,1.3333333333333335
150.5,ELS,3,Locomotion,90,60,8.666666666666666
150.5,ELS,3,Locomotion,120,90,12.4
150.5,ELS,3,Locomotion,150,120,7.066666666666666
150.5,ELS,3,Locomotion,180,150,14.4
150.5,ELS,3,Locomotion,210,180,8.8
150.5,ELS,3,Locomotion,240,210,2.9333333333333336
150.5,ELS,3,Locomotion,270,240,1.6
150.5,ELS,3,Locomotion,300,270,1.7333333333333336
150.5,ELS,3,Locomotion,330,300,1.4666666666666668
150.5,ELS,3,Locomotion,360,330,0.8
150.5,ELS,3,Locomotion,390,360,0.2666666666666666
150.5,ELS,3,Locomotion,420,390,2.2666666666666666
150.5,ELS,3,Locomotion,450,420,0.0
150.5,ELS,3,Climb,30,0,4.266666666666667
150.5,ELS,3,Climb,60,30,13.466666666666663
150.5,ELS,3,Climb,90,60,13.6
150.5,ELS,3,Climb,120,90,18.53333333333333
150.5,ELS,3,Climb,150,120,31.866666666666667
150.5,ELS,3,Climb,180,150,21.066666666666663
150.5,ELS,3,Climb,210,180,16.933333333333334
150.5,ELS,3,Climb,240,210,0.6666666666666667
150.5,ELS,3,Climb,270,240,9.333333333333334
150.5,ELS,3,Climb,300,270,0.0
150.5,ELS,3,Climb,330,300,0.0
150.5,ELS,3,Climb,360,330,4.4
150.5,ELS,3,Climb,390,360,11.333333333333332
150.5,ELS,3,Climb,420,390,4.8
150.5,ELS,3,Climb,450,420,0.0
150.5,ELS,3,Jump,30,0,0.0
150.5,ELS,3,Jump,60,30,0.0
150.5,ELS,3,Jump,90,60,0.0
150.5,ELS,3,Jump,120,90,0.0
150.5,ELS,3,Jump,150,120,0.0
150.5,ELS,3,Jump,180,150,0.0
150.5,ELS,3,Jump,210,180,1.6
150.5,ELS,3,Jump,240,210,0.0
150.5,ELS,3,Jump,270,240,0.0
150.5,ELS,3,Jump,300,270,2.6666666666666665
150.5,ELS,3,Jump,330,300,0.0
150.5,ELS,3,Jump,360,330,0.0
150.5,ELS,3,Jump,390,360,1.4666666666666666
150.5,ELS,3,Jump,420,390,0.0
150.5,ELS,3,Jump,450,420,0.0
152.3,Control,3,Freeze,30,0,0.0
152.3,Control,3,Freeze,60,30,0.0
152.3,Control,3,Freeze,90,60,0.0
152.3,Control,3,Freeze,120,90,0.0
152.3,Control,3,Freeze,150,120,0.0
152.3,Control,3,Freeze,180,150,4.533333333333333
152.3,Control,3,Freeze,210,180,6.666666666666667
152.3,Control,3,Freeze,240,210,32.666666666666664
152.3,Control,3,Freeze,270,240,18.133333333333333
152.3,Control,3,Freeze,300,270,46.8
152.3,Control,3,Freeze,330,300,38.93333333333333
152.3,Control,3,Freeze,360,330,36.53333333333333
152.3,Control,3,Freeze,390,360,53.46666666666667
152.3,Control,3,Freeze,420,390,37.73333333333333
152.3,Control,3,Freeze,450,420,50.26666666666667
152.3,Control,3,Sniff,30,0,0.0
152.3,Control,3,Sniff,60,30,3.333333333333333
152.3,Control,3,Sniff,90,60,0.0
152.3,Control,3,Sniff,120,90,0.0
152.3,Control,3,Sniff,150,120,0.0
152.3,Control,3,Sniff,180,150,0.0
152.3,Control,3,Sniff,210,180,0.0
152.3,Control,3,Sniff,240,210,0.0
152.3,Control,3,Sniff,270,240,2.0
152.3,Control,3,Sniff,300,270,0.0
152.3,Control,3,Sniff,330,300,0.0
152.3,Control,3,Sniff,360,330,0.0
152.3,Control,3,Sniff,390,360,2.1333333333333333
152.3,Control,3,Sniff,420,390,0.0
152.3,Control,3,Sniff,450,420,0.0
152.3,Control,3,Groom,30,0,0.0
152.3,Control,3,Groom,60,30,0.0
152.3,Control,3,Groom,90,60,0.0
152.3,Control,3,Groom,120,90,0.0
152.3,Control,3,Groom,150,120,0.0
152.3,Control,3,Groom,180,150,0.0
152.3,Control,3,Groom,210,180,0.0
152.3,Control,3,Groom,240,210,0.0
152.3,Control,3,Groom,270,240,0.0
152.3,Control,3,Groom,300,270,0.0
152.3,Control,3,Groom,330,300,0.0
152.3,Control,3,Groom,360,330,0.0
152.3,Control,3,Groom,390,360,0.0
152.3,Control,3,Groom,420,390,0.0
152.3,Control,3,Groom,450,420,0.0
152.3,Control,3,Turn,30,0,31.6
152.3,Control,3,Turn,60,30,49.6
152.3,Control,3,Turn,90,60,34.53333333333333
152.3,Control,3,Turn,120,90,21.2
152.3,Control,3,Turn,150,120,20.53333333333333
152.3,Control,3,Turn,180,150,22.266666666666666
152.3,Control,3,Turn,210,180,54.53333333333333
152.3,Control,3,Turn,240,210,47.06666666666667
152.3,Control,3,Turn,270,240,73.46666666666665
152.3,Control,3,Turn,300,270,32.0
152.3,Control,3,Turn,330,300,44.0
152.3,Control,3,Turn,360,330,39.199999999999996
152.3,Control,3,Turn,390,360,31.6
152.3,Control,3,Turn,420,390,34.93333333333333
152.3,Control,3,Turn,450,420,49.733333333333334
152.3,Control,3,Locomotion,30,0,48.266666666666666
152.3,Control,3,Locomotion,60,30,17.733333333333334
152.3,Control,3,Locomotion,90,60,28.8
152.3,Control,3,Locomotion,120,90,16.0
152.3,Control,3,Locomotion,150,120,36.8
152.3,Control,3,Locomotion,180,150,17.599999999999998
152.3,Control,3,Locomotion,210,180,8.0
152.3,Control,3,Locomotion,240,210,4.533333333333334
152.3,Control,3,Locomotion,270,240,0.0
152.3,Control,3,Locomotion,300,270,4.666666666666667
152.3,Control,3,Locomotion,330,300,1.7333333333333332
152.3,Control,3,Locomotion,360,330,2.8
152.3,Control,3,Locomotion,390,360,2.4
152.3,Control,3,Locomotion,420,390,2.266666666666667
152.3,Control,3,Locomotion,450,420,0.0
152.3,Control,3,Climb,30,0,3.6
152.3,Control,3,Climb,60,30,4.666666666666667
152.3,Control,3,Climb,90,60,4.0
152.3,Control,3,Climb,120,90,9.333333333333334
152.3,Control,3,Climb,150,120,10.933333333333334
152.3,Control,3,Climb,180,150,14.000000000000002
152.3,Control,3,Climb,210,180,7.199999999999999
152.3,Control,3,Climb,240,210,2.2666666666666666
152.3,Control,3,Climb,270,240,0.0
152.3,Control,3,Climb,300,270,0.0
152.3,Control,3,Climb,330,300,0.0
152.3,Control,3,Climb,360,330,0.0
152.3,Control,3,Climb,390,360,0.0
152.3,Control,3,Climb,420,390,0.0
152.3,Control,3,Climb,450,420,0.0
152.3,Control,3,Jump,30,0,0.0
152.3,Control,3,Jump,60,30,0.0
152.3,Control,3,Jump,90,60,0.8
152.3,Control,3,Jump,120,90,0.0
152.3,Control,3,Jump,150,120,0.0
152.3,Control,3,Jump,180,150,0.0
152.3,Control,3,Jump,210,180,3.866666666666667
152.3,Control,3,Jump,240,210,2.1333333333333337
152.3,Control,3,Jump,270,240,0.0
152.3,Control,3,Jump,300,270,3.8666666666666663
152.3,Control,3,Jump,330,300,0.8
152.3,Control,3,Jump,360,330,0.0
152.3,Control,3,Jump,390,360,2.8000000000000003
152.3,Control,3,Jump,420,390,0.5333333333333333
152.3,Control,3,Jump,450,420,0.0
152.5,Control,3,Freeze,30,0,0.0
152.5,Control,3,Freeze,60,30,4.266666666666667
152.5,Control,3,Freeze,90,60,12.666666666666668
152.5,Control,3,Freeze,120,90,2.4
152.5,Control,3,Freeze,150,120,18.266666666666666
152.5,Control,3,Freeze,180,150,17.599999999999998
152.5,Control,3,Freeze,210,180,25.466666666666665
152.5,Control,3,Freeze,240,210,37.06666666666666
152.5,Control,3,Freeze,270,240,64.4
152.5,Control,3,Freeze,300,270,55.06666666666666
152.5,Control,3,Freeze,330,300,54.400000000000006
152.5,Control,3,Freeze,360,330,61.866666666666674
152.5,Control,3,Freeze,390,360,65.33333333333333
152.5,Control,3,Freeze,420,390,54.0
152.5,Control,3,Freeze,450,420,68.0
152.5,Control,3,Sniff,30,0,1.866666666666667
152.5,Control,3,Sniff,60,30,0.0
152.5,Control,3,Sniff,90,60,5.333333333333334
152.5,Control,3,Sniff,120,90,0.0
152.5,Control,3,Sniff,150,120,0.0
152.5,Control,3,Sniff,180,150,0.0
152.5,Control,3,Sniff,210,180,0.0
152.5,Control,3,Sniff,240,210,3.8666666666666663
152.5,Control,3,Sniff,270,240,4.533333333333333
152.5,Control,3,Sniff,300,270,0.0
152.5,Control,3,Sniff,330,300,0.0
152.5,Control,3,Sniff,360,330,3.6
152.5,Control,3,Sniff,390,360,0.0
152.5,Control,3,Sniff,420,390,0.0
152.5,Control,3,Sniff,450,420,0.0
152.5,Control,3,Groom,30,0,0.0
152.5,Control,3,Groom,60,30,0.6666666666666667
152.5,Control,3,Groom,90,60,0.0
152.5,Control,3,Groom,120,90,0.0
152.5,Control,3,Groom,150,120,0.0
152.5,Control,3,Groom,180,150,0.0
152.5,Control,3,Groom,210,180,0.0
152.5,Control,3,Groom,240,210,0.0
152.5,Control,3,Groom,270,240,0.0
152.5,Control,3,Groom,300,270,0.0
152.5,Control,3,Groom,330,300,0.0
152.5,Control,3,Groom,360,330,0.0
152.5,Control,3,Groom,390,360,0.0
152.5,Control,3,Groom,420,390,0.0
152.5,Control,3,Groom,450,420,0.0
152.5,Control,3,Turn,30,0,65.2
152.5,Control,3,Turn,60,30,70.93333333333334
152.5,Control,3,Turn,90,60,42.93333333333334
152.5,Control,3,Turn,120,90,45.333333333333336
152.5,Control,3,Turn,150,120,69.46666666666667
152.5,Control,3,Turn,180,150,59.06666666666667
152.5,Control,3,Turn,210,180,49.733333333333334
152.5,Control,3,Turn,240,210,42.266666666666666
152.5,Control,3,Turn,270,240,24.133333333333336
152.5,Control,3,Turn,300,270,33.86666666666667
152.5,Control,3,Turn,330,300,16.8
152.5,Control,3,Turn,360,330,34.266666666666666
152.5,Control,3,Turn,390,360,28.533333333333335
152.5,Control,3,Turn,420,390,37.733333333333334
152.5,Control,3,Turn,450,420,24.933333333333334
152.5,Control,3,Locomotion,30,0,13.466666666666667
152.5,Control,3,Locomotion,60,30,3.333333333333333
152.5,Control,3,Locomotion,90,60,1.7333333333333332
152.5,Control,3,Locomotion,120,90,4.533333333333334
152.5,Control,3,Locomotion,150,120,0.0
152.5,Control,3,Locomotion,180,150,2.4
152.5,Control,3,Locomotion,210,180,5.333333333333334
152.5,Control,3,Locomotion,240,210,1.6
152.5,Control,3,Locomotion,270,240,0.9333333333333336
152.5,Control,3,Locomotion,300,270,2.666666666666667
152.5,Control,3,Locomotion,330,300,5.2
152.5,Control,3,Locomotion,360,330,0.0
152.5,Control,3,Locomotion,390,360,0.6666666666666667
152.5,Control,3,Locomotion,420,390,0.4
152.5,Control,3,Locomotion,450,420,0.0
152.5,Control,3,Climb,30,0,0.0
152.5,Control,3,Climb,60,30,6.666666666666667
152.5,Control,3,Climb,90,60,3.0666666666666664
152.5,Control,3,Climb,120,90,16.266666666666666
152.5,Control,3,Climb,150,120,1.0666666666666669
152.5,Control,3,Climb,180,150,4.266666666666667
152.5,Control,3,Climb,210,180,11.066666666666666
152.5,Control,3,Climb,240,210,5.6000000000000005
152.5,Control,3,Climb,270,240,0.0
152.5,Control,3,Climb,300,270,0.0
152.5,Control,3,Climb,330,300,0.0
152.5,Control,3,Climb,360,330,0.0
152.5,Control,3,Climb,390,360,0.0
152.5,Control,3,Climb,420,390,0.0
152.5,Control,3,Climb,450,420,0.0
152.5,Control,3,Jump,30,0,0.0
152.5,Control,3,Jump,60,30,0.0
152.5,Control,3,Jump,90,60,0.0
152.5,Control,3,Jump,120,90,0.1333333333333333
152.5,Control,3,Jump,150,120,0.0
152.5,Control,3,Jump,180,150,0.0
152.5,Control,3,Jump,210,180,0.4
152.5,Control,3,Jump,240,210,0.2666666666666666
152.5,Control,3,Jump,270,240,0.0
152.5,Control,3,Jump,300,270,2.666666666666667
152.5,Control,3,Jump,330,300,2.6666666666666665
152.5,Control,3,Jump,360,330,0.0
152.5,Control,3,Jump,390,360,3.1999999999999997
152.5,Control,3,Jump,420,390,2.4000000000000004
152.5,Control,3,Jump,450,420,0.0
153.4,ELS,3,Freeze,30,0,0.0
153.4,ELS,3,Freeze,60,30,12.133333333333333
153.4,ELS,3,Freeze,90,60,1.2
153.4,ELS,3,Freeze,120,90,12.8
153.4,ELS,3,Freeze,150,120,24.8
153.4,ELS,3,Freeze,180,150,28.26666666666667
153.4,ELS,3,Freeze,210,180,28.4
153.4,ELS,3,Freeze,240,210,24.53333333333333
153.4,ELS,3,Freeze,270,240,22.666666666666664
153.4,ELS,3,Freeze,300,270,37.06666666666666
153.4,ELS,3,Freeze,330,300,52.13333333333333
153.4,ELS,3,Freeze,360,330,46.53333333333333
153.4,ELS,3,Freeze,390,360,59.06666666666667
153.4,ELS,3,Freeze,420,390,38.4
153.4,ELS,3,Freeze,450,420,31.333333333333336
153.4,ELS,3,Sniff,30,0,2.4
153.4,ELS,3,Sniff,60,30,7.6
153.4,ELS,3,Sniff,90,60,39.06666666666666
153.4,ELS,3,Sniff,120,90,5.866666666666666
153.4,ELS,3,Sniff,150,120,0.0
153.4,ELS,3,Sniff,180,150,0.0
153.4,ELS,3,Sniff,210,180,14.8
153.4,ELS,3,Sniff,240,210,0.0
153.4,ELS,3,Sniff,270,240,0.0
153.4,ELS,3,Sniff,300,270,0.0
153.4,ELS,3,Sniff,330,300,0.0
153.4,ELS,3,Sniff,360,330,0.0
153.4,ELS,3,Sniff,390,360,0.0
153.4,ELS,3,Sniff,420,390,0.0
153.4,ELS,3,Sniff,450,420,0.0
153.4,ELS,3,Groom,30,0,0.0
153.4,ELS,3,Groom,60,30,0.0
153.4,ELS,3,Groom,90,60,0.0
153.4,ELS,3,Groom,120,90,0.0
153.4,ELS,3,Groom,150,120,0.0
153.4,ELS,3,Groom,180,150,0.0
153.4,ELS,3,Groom,210,180,0.0
153.4,ELS,3,Groom,240,210,0.0
153.4,ELS,3,Groom,270,240,0.0
153.4,ELS,3,Groom,300,270,0.1333333333333333
153.4,ELS,3,Groom,330,300,0.0
153.4,ELS,3,Groom,360,330,0.0
153.4,ELS,3,Groom,390,360,0.0
153.4,ELS,3,Groom,420,390,0.0
153.4,ELS,3,Groom,450,420,0.0
153.4,ELS,3,Turn,30,0,88.0
153.4,ELS,3,Turn,60,30,46.66666666666667
153.4,ELS,3,Turn,90,60,51.46666666666667
153.4,ELS,3,Turn,120,90,73.46666666666667
153.4,ELS,3,Turn,150,120,45.46666666666667
153.4,ELS,3,Turn,180,150,59.2
153.4,ELS,3,Turn,210,180,44.93333333333333
153.4,ELS,3,Turn,240,210,68.53333333333333
153.4,ELS,3,Turn,270,240,42.53333333333333
153.4,ELS,3,Turn,300,270,42.266666666666666
153.4,ELS,3,Turn,330,300,32.93333333333333
153.4,ELS,3,Turn,360,330,48.266666666666666
153.4,ELS,3,Turn,390,360,34.4
153.4,ELS,3,Turn,420,390,54.266666666666666
153.4,ELS,3,Turn,450,420,47.599999999999994
153.4,ELS,3,Locomotion,30,0,1.3333333333333335
153.4,ELS,3,Locomotion,60,30,1.6
153.4,ELS,3,Locomotion,90,60,0.0
153.4,ELS,3,Locomotion,120,90,1.3333333333333335
153.4,ELS,3,Locomotion,150,120,0.1333333333333333
153.4,ELS,3,Locomotion,180,150,5.733333333333333
153.4,ELS,3,Locomotion,210,180,3.866666666666667
153.4,ELS,3,Locomotion,240,210,0.2666666666666666
153.4,ELS,3,Locomotion,270,240,0.0
153.4,ELS,3,Locomotion,300,270,0.5333333333333333
153.4,ELS,3,Locomotion,330,300,1.0666666666666669
153.4,ELS,3,Locomotion,360,330,0.0
153.4,ELS,3,Locomotion,390,360,0.6666666666666667
153.4,ELS,3,Locomotion,420,390,0.0
153.4,ELS,3,Locomotion,450,420,0.0
153.4,ELS,3,Climb,30,0,0.0
153.4,ELS,3,Climb,60,30,0.0
153.4,ELS,3,Climb,90,60,4.133333333333333
153.4,ELS,3,Climb,120,90,0.0
153.4,ELS,3,Climb,150,120,9.066666666666666
153.4,ELS,3,Climb,180,150,0.0
153.4,ELS,3,Climb,210,180,0.0
153.4,ELS,3,Climb,240,210,6.266666666666667
153.4,ELS,3,Climb,270,240,0.0
153.4,ELS,3,Climb,300,270,0.0
153.4,ELS,3,Climb,330,300,0.0
153.4,ELS,3,Climb,360,330,0.0
153.4,ELS,3,Climb,390,360,0.0
153.4,ELS,3,Climb,420,390,0.0
153.4,ELS,3,Climb,450,420,0.0
153.4,ELS,3,Jump,30,0,0.0
153.4,ELS,3,Jump,60,30,0.0
153.4,ELS,3,Jump,90,60,0.0
153.4,ELS,3,Jump,120,90,0.0
153.4,ELS,3,Jump,150,120,0.0
153.4,ELS,3,Jump,180,150,0.0
153.4,ELS,3,Jump,210,180,5.466666666666667
153.4,ELS,3,Jump,240,210,0.0
153.4,ELS,3,Jump,270,240,0.0
153.4,ELS,3,Jump,300,270,4.266666666666667
153.4,ELS,3,Jump,330,300,0.1333333333333333
153.4,ELS,3,Jump,360,330,0.0
153.4,ELS,3,Jump,390,360,4.800000000000001
153.4,ELS,3,Jump,420,390,0.2666666666666666
153.4,ELS,3,Jump,450,420,0.0
154.4,ELS,3,Freeze,30,0,0.8
154.4,ELS,3,Freeze,60,30,0.0
154.4,ELS,3,Freeze,90,60,0.8
154.4,ELS,3,Freeze,120,90,14.133333333333336
154.4,ELS,3,Freeze,150,120,4.4
154.4,ELS,3,Freeze,180,150,12.266666666666666
154.4,ELS,3,Freeze,210,180,22.133333333333333
154.4,ELS,3,Freeze,240,210,56.93333333333334
154.4,ELS,3,Freeze,270,240,24.8
154.4,ELS,3,Freeze,300,270,29.33333333333333
154.4,ELS,3,Freeze,330,300,47.6
154.4,ELS,3,Freeze,360,330,12.533333333333331
154.4,ELS,3,Freeze,390,360,62.93333333333333
154.4,ELS,3,Freeze,420,390,41.46666666666667
154.4,ELS,3,Freeze,450,420,51.33333333333333
154.4,ELS,3,Sniff,30,0,0.0
154.4,ELS,3,Sniff,60,30,7.866666666666666
154.4,ELS,3,Sniff,90,60,0.0
154.4,ELS,3,Sniff,120,90,0.0
154.4,ELS,3,Sniff,150,120,0.0
154.4,ELS,3,Sniff,180,150,0.0
154.4,ELS,3,Sniff,210,180,0.0
154.4,ELS,3,Sniff,240,210,0.0
154.4,ELS,3,Sniff,270,240,0.0
154.4,ELS,3,Sniff,300,270,9.066666666666666
154.4,ELS,3,Sniff,330,300,11.066666666666666
154.4,ELS,3,Sniff,360,330,0.0
154.4,ELS,3,Sniff,390,360,0.0
154.4,ELS,3,Sniff,420,390,0.0
154.4,ELS,3,Sniff,450,420,0.0
154.4,ELS,3,Groom,30,0,0.0
154.4,ELS,3,Groom,60,30,0.0
154.4,ELS,3,Groom,90,60,0.0
154.4,ELS,3,Groom,120,90,0.0
154.4,ELS,3,Groom,150,120,0.0
154.4,ELS,3,Groom,180,150,0.0
154.4,ELS,3,Groom,210,180,0.0
154.4,ELS,3,Groom,240,210,0.0
154.4,ELS,3,Groom,270,240,0.0
154.4,ELS,3,Groom,300,270,0.0
154.4,ELS,3,Groom,330,300,0.0
154.4,ELS,3,Groom,360,330,0.0
154.4,ELS,3,Groom,390,360,0.0
154.4,ELS,3,Groom,420,390,0.0
154.4,ELS,3,Groom,450,420,0.0
154.4,ELS,3,Turn,30,0,42.93333333333333
154.4,ELS,3,Turn,60,30,62.0
154.4,ELS,3,Turn,90,60,80.66666666666666
154.4,ELS,3,Turn,120,90,50.13333333333333
154.4,ELS,3,Turn,150,120,64.4
154.4,ELS,3,Turn,180,150,49.199999999999996
154.4,ELS,3,Turn,210,180,61.73333333333333
154.4,ELS,3,Turn,240,210,30.4
154.4,ELS,3,Turn,270,240,70.66666666666667
154.4,ELS,3,Turn,300,270,30.933333333333337
154.4,ELS,3,Turn,330,300,20.133333333333333
154.4,ELS,3,Turn,360,330,65.46666666666667
154.4,ELS,3,Turn,390,360,29.333333333333336
154.4,ELS,3,Turn,420,390,47.199999999999996
154.4,ELS,3,Turn,450,420,33.2
154.4,ELS,3,Locomotion,30,0,9.466666666666667
154.4,ELS,3,Locomotion,60,30,12.8
154.4,ELS,3,Locomotion,90,60,8.666666666666668
154.4,ELS,3,Locomotion,120,90,3.466666666666667
154.4,ELS,3,Locomotion,150,120,1.6
154.4,ELS,3,Locomotion,180,150,0.0
154.4,ELS,3,Locomotion,210,180,2.0
154.4,ELS,3,Locomotion,240,210,0.6666666666666666
154.4,ELS,3,Locomotion,270,240,0.0
154.4,ELS,3,Locomotion,300,270,0.5333333333333333
154.4,ELS,3,Locomotion,330,300,1.3333333333333337
154.4,ELS,3,Locomotion,360,330,3.0666666666666664
154.4,ELS,3,Locomotion,390,360,3.066666666666667
154.4,ELS,3,Locomotion,420,390,2.0
154.4,ELS,3,Locomotion,450,420,0.6666666666666667
154.4,ELS,3,Climb,30,0,0.0
154.4,ELS,3,Climb,60,30,4.133333333333333
154.4,ELS,3,Climb,90,60,2.1333333333333333
154.4,ELS,3,Climb,120,90,8.933333333333334
154.4,ELS,3,Climb,150,120,11.333333333333332
154.4,ELS,3,Climb,180,150,13.066666666666665
154.4,ELS,3,Climb,210,180,8.0
154.4,ELS,3,Climb,240,210,0.0
154.4,ELS,3,Climb,270,240,0.0
154.4,ELS,3,Climb,300,270,4.533333333333333
154.4,ELS,3,Climb,330,300,0.0
154.4,ELS,3,Climb,360,330,0.0
154.4,ELS,3,Climb,390,360,0.0
154.4,ELS,3,Climb,420,390,0.0
154.4,ELS,3,Climb,450,420,0.0
154.4,ELS,3,Jump,30,0,1.2
154.4,ELS,3,Jump,60,30,0.0
154.4,ELS,3,Jump,90,60,0.0
154.4,ELS,3,Jump,120,90,0.0
154.4,ELS,3,Jump,150,120,0.0
154.4,ELS,3,Jump,180,150,0.0
154.4,ELS,3,Jump,210,180,5.866666666666666
154.4,ELS,3,Jump,240,210,1.4666666666666666
154.4,ELS,3,Jump,270,240,0.0
154.4,ELS,3,Jump,300,270,5.466666666666667
154.4,ELS,3,Jump,330,300,2.8
154.4,ELS,3,Jump,360,330,0.0
154.4,ELS,3,Jump,390,360,2.9333333333333336
154.4,ELS,3,Jump,420,390,0.0
154.4,ELS,3,Jump,450,420,0.0
157.1,Control,3,Freeze,30,0,0.0
157.1,Control,3,Freeze,60,30,0.0
157.1,Control,3,Freeze,90,60,1.2
157.1,Control,3,Freeze,120,90,0.0
157.1,Control,3,Freeze,150,120,9.6
157.1,Control,3,Freeze,180,150,12.8
157.1,Control,3,Freeze,210,180,12.533333333333331
157.1,Control,3,Freeze,240,210,24.8
157.1,Control,3,Freeze,270,240,16.933333333333334
157.1,Control,3,Freeze,300,270,21.333333333333336
157.1,Control,3,Freeze,330,300,33.6
157.1,Control,3,Freeze,360,330,33.6
157.1,Control,3,Freeze,390,360,27.200000000000003
157.1,Control,3,Freeze,420,390,38.93333333333334
157.1,Control,3,Freeze,450,420,49.86666666666667
157.1,Control,3,Sniff,30,0,5.2
157.1,Control,3,Sniff,60,30,0.0
157.1,Control,3,Sniff,90,60,0.0
157.1,Control,3,Sniff,120,90,0.0
157.1,Control,3,Sniff,150,120,0.0
157.1,Control,3,Sniff,180,150,0.0
157.1,Control,3,Sniff,210,180,0.0
157.1,Control,3,Sniff,240,210,0.0
157.1,Control,3,Sniff,270,240,0.0
157.1,Control,3,Sniff,300,270,6.666666666666667
157.1,Control,3,Sniff,330,300,0.0
157.1,Control,3,Sniff,360,330,0.0
157.1,Control,3,Sniff,390,360,0.0
157.1,Control,3,Sniff,420,390,0.0
157.1,Control,3,Sniff,450,420,0.0
157.1,Control,3,Groom,30,0,0.0
157.1,Control,3,Groom,60,30,0.0
157.1,Control,3,Groom,90,60,0.0
157.1,Control,3,Groom,120,90,0.0
157.1,Control,3,Groom,150,120,0.0
157.1,Control,3,Groom,180,150,0.0
157.1,Control,3,Groom,210,180,0.0
157.1,Control,3,Groom,240,210,0.0
157.1,Control,3,Groom,270,240,0.0
157.1,Control,3,Groom,300,270,0.0
157.1,Control,3,Groom,330,300,0.0
157.1,Control,3,Groom,360,330,0.0
157.1,Control,3,Groom,390,360,0.0
157.1,Control,3,Groom,420,390,0.0
157.1,Control,3,Groom,450,420,0.0
157.1,Control,3,Turn,30,0,22.26666666666667
157.1,Control,3,Turn,60,30,36.93333333333334
157.1,Control,3,Turn,90,60,25.066666666666666
157.1,Control,3,Turn,120,90,28.799999999999997
157.1,Control,3,Turn,150,120,53.6
157.1,Control,3,Turn,180,150,23.866666666666667
157.1,Control,3,Turn,210,180,29.866666666666667
157.1,Control,3,Turn,240,210,38.93333333333333
157.1,Control,3,Turn,270,240,54.266666666666666
157.1,Control,3,Turn,300,270,34.53333333333333
157.1,Control,3,Turn,330,300,63.199999999999996
157.1,Control,3,Turn,360,330,49.733333333333334
157.1,Control,3,Turn,390,360,55.6
157.1,Control,3,Turn,420,390,47.6
157.1,Control,3,Turn,450,420,22.8
157.1,Control,3,Locomotion,30,0,18.533333333333335
157.1,Control,3,Locomotion,60,30,17.866666666666667
157.1,Control,3,Locomotion,90,60,20.400000000000002
157.1,Control,3,Locomotion,120,90,15.600000000000001
157.1,Control,3,Locomotion,150,120,10.0
157.1,Control,3,Locomotion,180,150,6.933333333333334
157.1,Control,3,Locomotion,210,180,23.2
157.1,Control,3,Locomotion,240,210,4.533333333333333
157.1,Control,3,Locomotion,270,240,2.4000000000000004
157.1,Control,3,Locomotion,300,270,3.466666666666667
157.1,Control,3,Locomotion,330,300,1.6
157.1,Control,3,Locomotion,360,330,0.9333333333333336
157.1,Control,3,Locomotion,390,360,1.6
157.1,Control,3,Locomotion,420,390,2.4
157.1,Control,3,Locomotion,450,420,0.0
157.1,Control,3,Climb,30,0,0.0
157.1,Control,3,Climb,60,30,0.0
157.1,Control,3,Climb,90,60,0.0
157.1,Control,3,Climb,120,90,0.0
157.1,Control,3,Climb,150,120,0.0
157.1,Control,3,Climb,180,150,0.0
157.1,Control,3,Climb,210,180,12.933333333333334
157.1,Control,3,Climb,240,210,0.0
157.1,Control,3,Climb,270,240,0.0
157.1,Control,3,Climb,300,270,0.0
157.1,Control,3,Climb,330,300,0.0
157.1,Control,3,Climb,360,330,0.0
157.1,Control,3,Climb,390,360,0.0
157.1,Control,3,Climb,420,390,0.0
157.1,Control,3,Climb,450,420,0.0
157.1,Control,3,Jump,30,0,0.0
157.1,Control,3,Jump,60,30,0.1333333333333333
157.1,Control,3,Jump,90,60,0.0
157.1,Control,3,Jump,120,90,0.0
157.1,Control,3,Jump,150,120,0.2666666666666666
157.1,Control,3,Jump,180,150,0.2666666666666666
157.1,Control,3,Jump,210,180,1.6000000000000003
157.1,Control,3,Jump,240,210,0.0
157.1,Control,3,Jump,270,240,0.0
157.1,Control,3,Jump,300,270,2.1333333333333333
157.1,Control,3,Jump,330,300,0.0
157.1,Control,3,Jump,360,330,0.0
157.1,Control,3,Jump,390,360,1.0666666666666669
157.1,Control,3,Jump,420,390,0.0
157.1,Control,3,Jump,450,420,0.0
157.4,Control,3,Freeze,30,0,0.0
157.4,Control,3,Freeze,60,30,0.0
157.4,Control,3,Freeze,90,60,2.8000000000000003
157.4,Control,3,Freeze,120,90,0.0
157.4,Control,3,Freeze,150,120,2.0
157.4,Control,3,Freeze,180,150,10.266666666666667
157.4,Control,3,Freeze,210,180,3.333333333333333
157.4,Control,3,Freeze,240,210,22.26666666666667
157.4,Control,3,Freeze,270,240,24.133333333333333
157.4,Control,3,Freeze,300,270,14.8
157.4,Control,3,Freeze,330,300,49.6
157.4,Control,3,Freeze,360,330,61.33333333333333
157.4,Control,3,Freeze,390,360,44.4
157.4,Control,3,Freeze,420,390,20.53333333333333
157.4,Control,3,Freeze,450,420,33.33333333333333
157.4,Control,3,Sniff,30,0,0.0
157.4,Control,3,Sniff,60,30,9.466666666666669
157.4,Control,3,Sniff,90,60,0.0
157.4,Control,3,Sniff,120,90,0.0
157.4,Control,3,Sniff,150,120,0.0
157.4,Control,3,Sniff,180,150,2.4
157.4,Control,3,Sniff,210,180,0.0
157.4,Control,3,Sniff,240,210,0.0
157.4,Control,3,Sniff,270,240,0.0
157.4,Control,3,Sniff,300,270,0.0
157.4,Control,3,Sniff,330,300,0.0
157.4,Control,3,Sniff,360,330,0.0
157.4,Control,3,Sniff,390,360,0.0
157.4,Control,3,Sniff,420,390,0.0
157.4,Control,3,Sniff,450,420,0.0
157.4,Control,3,Groom,30,0,0.0
157.4,Control,3,Groom,60,30,0.0
157.4,Control,3,Groom,90,60,0.0
157.4,Control,3,Groom,120,90,0.1333333333333333
157.4,Control,3,Groom,150,120,0.5333333333333333
157.4,Control,3,Groom,180,150,0.0
157.4,Control,3,Groom,210,180,0.0
157.4,Control,3,Groom,240,210,0.0
157.4,Control,3,Groom,270,240,0.0
157.4,Control,3,Groom,300,270,0.4
157.4,Control,3,Groom,330,300,0.0
157.4,Control,3,Groom,360,330,0.0
157.4,Control,3,Groom,390,360,0.0
157.4,Control,3,Groom,420,390,0.0
157.4,Control,3,Groom,450,420,0.0
157.4,Control,3,Turn,30,0,65.46666666666665
157.4,Control,3,Turn,60,30,60.666666666666664
157.4,Control,3,Turn,90,60,47.46666666666666
157.4,Control,3,Turn,120,90,54.93333333333333
157.4,Control,3,Turn,150,120,63.733333333333334
157.4,Control,3,Turn,180,150,28.8
157.4,Control,3,Turn,210,180,45.46666666666667
157.4,Control,3,Turn,240,210,43.333333333333336
157.4,Control,3,Turn,270,240,59.2
157.4,Control,3,Turn,300,270,54.13333333333333
157.4,Control,3,Turn,330,300,42.0
157.4,Control,3,Turn,360,330,38.66666666666666
157.4,Control,3,Turn,390,360,47.2
157.4,Control,3,Turn,420,390,48.93333333333333
157.4,Control,3,Turn,450,420,57.33333333333333
157.4,Control,3,Locomotion,30,0,1.7333333333333332
157.4,Control,3,Locomotion,60,30,2.1333333333333333
157.4,Control,3,Locomotion,90,60,3.6
157.4,Control,3,Locomotion,120,90,15.466666666666669
157.4,Control,3,Locomotion,150,120,2.1333333333333333
157.4,Control,3,Locomotion,180,150,1.2
157.4,Control,3,Locomotion,210,180,6.533333333333333
157.4,Control,3,Locomotion,240,210,2.9333333333333336
157.4,Control,3,Locomotion,270,240,0.0
157.4,Control,3,Locomotion,300,270,2.2666666666666666
157.4,Control,3,Locomotion,330,300,2.2666666666666666
157.4,Control,3,Locomotion,360,330,0.0
157.4,Control,3,Locomotion,390,360,0.6666666666666667
157.4,Control,3,Locomotion,420,390,0.0
157.4,Control,3,Locomotion,450,420,0.0
157.4,Control,3,Climb,30,0,3.8666666666666663
157.4,Control,3,Climb,60,30,5.6000000000000005
157.4,Control,3,Climb,90,60,9.066666666666666
157.4,Control,3,Climb,120,90,8.799999999999999
157.4,Control,3,Climb,150,120,0.0
157.4,Control,3,Climb,180,150,14.266666666666666
157.4,Control,3,Climb,210,180,17.599999999999998
157.4,Control,3,Climb,240,210,1.4666666666666666
157.4,Control,3,Climb,270,240,0.0
157.4,Control,3,Climb,300,270,7.199999999999999
157.4,Control,3,Climb,330,300,0.0
157.4,Control,3,Climb,360,330,0.0
157.4,Control,3,Climb,390,360,1.7333333333333332
157.4,Control,3,Climb,420,390,0.2666666666666666
157.4,Control,3,Climb,450,420,0.0
157.4,Control,3,Jump,30,0,0.0
157.4,Control,3,Jump,60,30,0.0
157.4,Control,3,Jump,90,60,0.0
157.4,Control,3,Jump,120,90,0.0
157.4,Control,3,Jump,150,120,0.0
157.4,Control,3,Jump,180,150,0.0
157.4,Control,3,Jump,210,180,2.8
157.4,Control,3,Jump,240,210,0.0
157.4,Control,3,Jump,270,240,0.0
157.4,Control,3,Jump,300,270,4.800000000000001
157.4,Control,3,Jump,330,300,0.5333333333333333
157.4,Control,3,Jump,360,330,0.0
157.4,Control,3,Jump,390,360,3.466666666666667
157.4,Control,3,Jump,420,390,0.0
157.4,Control,3,Jump,450,420,0.0
158.5,Control,3,Freeze,30,0,0.0
158.5,Control,3,Freeze,60,30,0.0
158.5,Control,3,Freeze,90,60,9.2
158.5,Control,3,Freeze,120,90,5.2
158.5,Control,3,Freeze,150,120,27.200000000000003
158.5,Control,3,Freeze,180,150,3.4666666666666663
158.5,Control,3,Freeze,210,180,7.6
158.5,Control,3,Freeze,240,210,27.2
158.5,Control,3,Freeze,270,240,49.46666666666667
158.5,Control,3,Freeze,300,270,34.93333333333333
158.5,Control,3,Freeze,330,300,50.26666666666667
158.5,Control,3,Freeze,360,330,49.86666666666667
158.5,Control,3,Freeze,390,360,61.86666666666667
158.5,Control,3,Freeze,420,390,48.4
158.5,Control,3,Freeze,450,420,68.13333333333334
158.5,Control,3,Sniff,30,0,12.399999999999999
158.5,Control,3,Sniff,60,30,3.0666666666666664
158.5,Control,3,Sniff,90,60,0.0
158.5,Control,3,Sniff,120,90,0.0
158.5,Control,3,Sniff,150,120,0.0
158.5,Control,3,Sniff,180,150,0.0
158.5,Control,3,Sniff,210,180,0.0
158.5,Control,3,Sniff,240,210,3.8666666666666663
158.5,Control,3,Sniff,270,240,0.0
158.5,Control,3,Sniff,300,270,0.0
158.5,Control,3,Sniff,330,300,0.0
158.5,Control,3,Sniff,360,330,0.0
158.5,Control,3,Sniff,390,360,0.0
158.5,Control,3,Sniff,420,390,0.0
158.5,Control,3,Sniff,450,420,0.0
158.5,Control,3,Groom,30,0,0.0
158.5,Control,3,Groom,60,30,0.0
158.5,Control,3,Groom,90,60,0.0
158.5,Control,3,Groom,120,90,0.0
158.5,Control,3,Groom,150,120,0.0
158.5,Control,3,Groom,180,150,0.2666666666666666
158.5,Control,3,Groom,210,180,0.5333333333333333
158.5,Control,3,Groom,240,210,0.0
158.5,Control,3,Groom,270,240,0.1333333333333333
158.5,Control,3,Groom,300,270,0.0
158.5,Control,3,Groom,330,300,0.0
158.5,Control,3,Groom,360,330,0.0
158.5,Control,3,Groom,390,360,0.0
158.5,Control,3,Groom,420,390,0.0
158.5,Control,3,Groom,450,420,0.0
158.5,Control,3,Turn,30,0,68.53333333333333
158.5,Control,3,Turn,60,30,40.4
158.5,Control,3,Turn,90,60,55.733333333333334
158.5,Control,3,Turn,120,90,66.26666666666667
158.5,Control,3,Turn,150,120,52.53333333333334
158.5,Control,3,Turn,180,150,28.533333333333335
158.5,Control,3,Turn,210,180,64.8
158.5,Control,3,Turn,240,210,57.86666666666667
158.5,Control,3,Turn,270,240,38.400000000000006
158.5,Control,3,Turn,300,270,42.93333333333333
158.5,Control,3,Turn,330,300,36.0
158.5,Control,3,Turn,360,330,43.333333333333336
158.5,Control,3,Turn,390,360,15.466666666666667
158.5,Control,3,Turn,420,390,47.199999999999996
158.5,Control,3,Turn,450,420,30.133333333333333
158.5,Control,3,Locomotion,30,0,1.7333333333333336
158.5,Control,3,Locomotion,60,30,7.066666666666666
158.5,Control,3,Locomotion,90,60,10.666666666666668
158.5,Control,3,Locomotion,120,90,0.4
158.5,Control,3,Locomotion,150,120,2.0
158.5,Control,3,Locomotion,180,150,4.933333333333334
158.5,Control,3,Locomotion,210,180,0.0
158.5,Control,3,Locomotion,240,210,0.0
158.5,Control,3,Locomotion,270,240,0.0
158.5,Control,3,Locomotion,300,270,0.4
158.5,Control,3,Locomotion,330,300,0.0
158.5,Control,3,Locomotion,360,330,0.0
158.5,Control,3,Locomotion,390,360,2.666666666666667
158.5,Control,3,Locomotion,420,390,1.4666666666666666
158.5,Control,3,Locomotion,450,420,0.0
158.5,Control,3,Climb,30,0,3.733333333333334
158.5,Control,3,Climb,60,30,13.2
158.5,Control,3,Climb,90,60,4.933333333333334
158.5,Control,3,Climb,120,90,6.0
158.5,Control,3,Climb,150,120,6.133333333333333
158.5,Control,3,Climb,180,150,28.53333333333333
158.5,Control,3,Climb,210,180,6.266666666666667
158.5,Control,3,Climb,240,210,0.0
158.5,Control,3,Climb,270,240,0.0
158.5,Control,3,Climb,300,270,0.0
158.5,Control,3,Climb,330,300,0.0
158.5,Control,3,Climb,360,330,0.0
158.5,Control,3,Climb,390,360,0.0
158.5,Control,3,Climb,420,390,0.0
158.5,Control,3,Climb,450,420,0.0
158.5,Control,3,Jump,30,0,0.0
158.5,Control,3,Jump,60,30,0.0
158.5,Control,3,Jump,90,60,0.0
158.5,Control,3,Jump,120,90,0.0
158.5,Control,3,Jump,150,120,0.0
158.5,Control,3,Jump,180,150,0.0
158.5,Control,3,Jump,210,180,5.6
158.5,Control,3,Jump,240,210,2.5333333333333337
158.5,Control,3,Jump,270,240,0.0
158.5,Control,3,Jump,300,270,5.333333333333334
158.5,Control,3,Jump,330,300,0.0
158.5,Control,3,Jump,360,330,0.0
158.5,Control,3,Jump,390,360,3.3333333333333335
158.5,Control,3,Jump,420,390,1.5999999999999999
158.5,Control,3,Jump,450,420,0.0
159.3,ELS,3,Freeze,30,0,0.0
159.3,ELS,3,Freeze,60,30,0.0
159.3,ELS,3,Freeze,90,60,15.466666666666669
159.3,ELS,3,Freeze,120,90,8.933333333333334
159.3,ELS,3,Freeze,150,120,3.333333333333333
159.3,ELS,3,Freeze,180,150,3.8666666666666663
159.3,ELS,3,Freeze,210,180,7.466666666666668
159.3,ELS,3,Freeze,240,210,19.2
159.3,ELS,3,Freeze,270,240,11.6
159.3,ELS,3,Freeze,300,270,2.8000000000000003
159.3,ELS,3,Freeze,330,300,17.2
159.3,ELS,3,Freeze,360,330,9.866666666666667
159.3,ELS,3,Freeze,390,360,19.33333333333333
159.3,ELS,3,Freeze,420,390,13.466666666666663
159.3,ELS,3,Freeze,450,420,48.53333333333333
159.3,ELS,3,Sniff,30,0,14.8
159.3,ELS,3,Sniff,60,30,55.333333333333336
159.3,ELS,3,Sniff,90,60,47.73333333333333
159.3,ELS,3,Sniff,120,90,21.73333333333333
159.3,ELS,3,Sniff,150,120,43.733333333333334
159.3,ELS,3,Sniff,180,150,14.666666666666666
159.3,ELS,3,Sniff,210,180,53.46666666666666
159.3,ELS,3,Sniff,240,210,0.0
159.3,ELS,3,Sniff,270,240,41.06666666666667
159.3,ELS,3,Sniff,300,270,8.133333333333333
159.3,ELS,3,Sniff,330,300,16.666666666666664
159.3,ELS,3,Sniff,360,330,26.13333333333333
159.3,ELS,3,Sniff,390,360,0.0
159.3,ELS,3,Sniff,420,390,0.0
159.3,ELS,3,Sniff,450,420,0.0
159.3,ELS,3,Groom,30,0,0.0
159.3,ELS,3,Groom,60,30,0.0
159.3,ELS,3,Groom,90,60,0.0
159.3,ELS,3,Groom,120,90,0.0
159.3,ELS,3,Groom,150,120,0.0
159.3,ELS,3,Groom,180,150,0.0
159.3,ELS,3,Groom,210,180,0.0
159.3,ELS,3,Groom,240,210,0.0
159.3,ELS,3,Groom,270,240,0.0
159.3,ELS,3,Groom,300,270,0.0
159.3,ELS,3,Groom,330,300,0.0
159.3,ELS,3,Groom,360,330,0.0
159.3,ELS,3,Groom,390,360,0.0
159.3,ELS,3,Groom,420,390,0.0
159.3,ELS,3,Groom,450,420,0.0
159.3,ELS,3,Turn,30,0,85.2
159.3,ELS,3,Turn,60,30,34.0
159.3,ELS,3,Turn,90,60,23.333333333333332
159.3,ELS,3,Turn,120,90,49.33333333333333
159.3,ELS,3,Turn,150,120,29.333333333333336
159.3,ELS,3,Turn,180,150,45.33333333333333
159.3,ELS,3,Turn,210,180,27.866666666666667
159.3,ELS,3,Turn,240,210,77.46666666666665
159.3,ELS,3,Turn,270,240,25.599999999999998
159.3,ELS,3,Turn,300,270,51.866666666666674
159.3,ELS,3,Turn,330,300,58.0
159.3,ELS,3,Turn,360,330,53.06666666666666
159.3,ELS,3,Turn,390,360,74.93333333333334
159.3,ELS,3,Turn,420,390,44.533333333333324
159.3,ELS,3,Turn,450,420,32.666666666666664
159.3,ELS,3,Locomotion,30,0,0.0
159.3,ELS,3,Locomotion,60,30,1.3333333333333337
159.3,ELS,3,Locomotion,90,60,0.0
159.3,ELS,3,Locomotion,120,90,0.0
159.3,ELS,3,Locomotion,150,120,0.0
159.3,ELS,3,Locomotion,180,150,0.0
159.3,ELS,3,Locomotion,210,180,0.0
159.3,ELS,3,Locomotion,240,210,0.0
159.3,ELS,3,Locomotion,270,240,5.466666666666667
159.3,ELS,3,Locomotion,300,270,2.1333333333333337
159.3,ELS,3,Locomotion,330,300,1.0666666666666669
159.3,ELS,3,Locomotion,360,330,0.5333333333333333
159.3,ELS,3,Locomotion,390,360,3.733333333333334
159.3,ELS,3,Locomotion,420,390,2.1333333333333333
159.3,ELS,3,Locomotion,450,420,0.0
159.3,ELS,3,Climb,30,0,0.0
159.3,ELS,3,Climb,60,30,9.333333333333334
159.3,ELS,3,Climb,90,60,3.2
159.3,ELS,3,Climb,120,90,4.933333333333334
159.3,ELS,3,Climb,150,120,21.066666666666663
159.3,ELS,3,Climb,180,150,27.066666666666663
159.3,ELS,3,Climb,210,180,7.466666666666668
159.3,ELS,3,Climb,240,210,0.0
159.3,ELS,3,Climb,270,240,0.0
159.3,ELS,3,Climb,300,270,7.333333333333333
159.3,ELS,3,Climb,330,300,0.0
159.3,ELS,3,Climb,360,330,0.0
159.3,ELS,3,Climb,390,360,0.0
159.3,ELS,3,Climb,420,390,12.933333333333334
159.3,ELS,3,Climb,450,420,10.0
159.3,ELS,3,Jump,30,0,0.0
159.3,ELS,3,Jump,60,30,0.0
159.3,ELS,3,Jump,90,60,0.0
159.3,ELS,3,Jump,120,90,0.0
159.3,ELS,3,Jump,150,120,0.0
159.3,ELS,3,Jump,180,150,0.0
159.3,ELS,3,Jump,210,180,2.1333333333333333
159.3,ELS,3,Jump,240,210,0.0
159.3,ELS,3,Jump,270,240,0.0
159.3,ELS,3,Jump,300,270,0.0
159.3,ELS,3,Jump,330,300,0.0
159.3,ELS,3,Jump,360,330,0.0
159.3,ELS,3,Jump,390,360,1.2
159.3,ELS,3,Jump,420,390,0.0
159.3,ELS,3,Jump,450,420,0.0
159.4,ELS,3,Freeze,30,0,0.0
159.4,ELS,3,Freeze,60,30,4.266666666666667
159.4,ELS,3,Freeze,90,60,3.4666666666666663
159.4,ELS,3,Freeze,120,90,5.6000000000000005
159.4,ELS,3,Freeze,150,120,14.666666666666666
159.4,ELS,3,Freeze,180,150,15.6
159.4,ELS,3,Freeze,210,180,37.6
159.4,ELS,3,Freeze,240,210,35.46666666666667
159.4,ELS,3,Freeze,270,240,38.53333333333334
159.4,ELS,3,Freeze,300,270,46.8
159.4,ELS,3,Freeze,330,300,47.73333333333333
159.4,ELS,3,Freeze,360,330,68.93333333333334
159.4,ELS,3,Freeze,390,360,47.2
159.4,ELS,3,Freeze,420,390,58.4
159.4,ELS,3,Freeze,450,420,76.66666666666667
159.4,ELS,3,Sniff,30,0,45.733333333333334
159.4,ELS,3,Sniff,60,30,0.0
159.4,ELS,3,Sniff,90,60,27.46666666666666
159.4,ELS,3,Sniff,120,90,5.333333333333334
159.4,ELS,3,Sniff,150,120,13.2
159.4,ELS,3,Sniff,180,150,12.133333333333333
159.4,ELS,3,Sniff,210,180,3.8666666666666663
159.4,ELS,3,Sniff,240,210,14.533333333333337
159.4,ELS,3,Sniff,270,240,27.33333333333333
159.4,ELS,3,Sniff,300,270,2.533333333333333
159.4,ELS,3,Sniff,330,300,6.933333333333333
159.4,ELS,3,Sniff,360,330,0.0
159.4,ELS,3,Sniff,390,360,0.0
159.4,ELS,3,Sniff,420,390,15.866666666666667
159.4,ELS,3,Sniff,450,420,0.0
159.4,ELS,3,Groom,30,0,0.0
159.4,ELS,3,Groom,60,30,0.0
159.4,ELS,3,Groom,90,60,0.0
159.4,ELS,3,Groom,120,90,0.0
159.4,ELS,3,Groom,150,120,0.0
159.4,ELS,3,Groom,180,150,0.0
159.4,ELS,3,Groom,210,180,0.0
159.4,ELS,3,Groom,240,210,0.0
159.4,ELS,3,Groom,270,240,0.0
159.4,ELS,3,Groom,300,270,0.0
159.4,ELS,3,Groom,330,300,0.0
159.4,ELS,3,Groom,360,330,0.0
159.4,ELS,3,Groom,390,360,0.0
159.4,ELS,3,Groom,420,390,0.0
159.4,ELS,3,Groom,450,420,0.0
159.4,ELS,3,Turn,30,0,42.4
159.4,ELS,3,Turn,60,30,60.266666666666666
159.4,ELS,3,Turn,90,60,34.4
159.4,ELS,3,Turn,120,90,66.26666666666667
159.4,ELS,3,Turn,150,120,58.0
159.4,ELS,3,Turn,180,150,47.2
159.4,ELS,3,Turn,210,180,43.866666666666674
159.4,ELS,3,Turn,240,210,39.73333333333333
159.4,ELS,3,Turn,270,240,14.4
159.4,ELS,3,Turn,300,270,39.733333333333334
159.4,ELS,3,Turn,330,300,35.733333333333334
159.4,ELS,3,Turn,360,330,30.0
159.4,ELS,3,Turn,390,360,26.533333333333335
159.4,ELS,3,Turn,420,390,23.066666666666663
159.4,ELS,3,Turn,450,420,18.53333333333333
159.4,ELS,3,Locomotion,30,0,0.0
159.4,ELS,3,Locomotion,60,30,0.0
159.4,ELS,3,Locomotion,90,60,0.0
159.4,ELS,3,Locomotion,120,90,0.0
159.4,ELS,3,Locomotion,150,120,0.0
159.4,ELS,3,Locomotion,180,150,0.0
159.4,ELS,3,Locomotion,210,180,3.7333333333333334
159.4,ELS,3,Locomotion,240,210,1.6
159.4,ELS,3,Locomotion,270,240,0.0
159.4,ELS,3,Locomotion,300,270,4.2666666666666675
159.4,ELS,3,Locomotion,330,300,0.0
159.4,ELS,3,Locomotion,360,330,0.0
159.4,ELS,3,Locomotion,390,360,1.7333333333333332
159.4,ELS,3,Locomotion,420,390,0.0
159.4,ELS,3,Locomotion,450,420,0.0
159.4,ELS,3,Climb,30,0,6.4
159.4,ELS,3,Climb,60,30,0.0
159.4,ELS,3,Climb,90,60,0.0
159.4,ELS,3,Climb,120,90,3.6
159.4,ELS,3,Climb,150,120,0.0
159.4,ELS,3,Climb,180,150,19.466666666666665
159.4,ELS,3,Climb,210,180,0.1333333333333333
159.4,ELS,3,Climb,240,210,0.0
159.4,ELS,3,Climb,270,240,7.466666666666668
159.4,ELS,3,Climb,300,270,0.0
159.4,ELS,3,Climb,330,300,0.0
159.4,ELS,3,Climb,360,330,0.0
159.4,ELS,3,Climb,390,360,0.0
159.4,ELS,3,Climb,420,390,0.0
159.4,ELS,3,Climb,450,420,0.0
159.4,ELS,3,Jump,30,0,0.0
159.4,ELS,3,Jump,60,30,0.0
159.4,ELS,3,Jump,90,60,0.0
159.4,ELS,3,Jump,120,90,0.0
159.4,ELS,3,Jump,150,120,0.0
159.4,ELS,3,Jump,180,150,0.0
159.4,ELS,3,Jump,210,180,0.0
159.4,ELS,3,Jump,240,210,0.0
159.4,ELS,3,Jump,270,240,0.0
159.4,ELS,3,Jump,300,270,0.1333333333333333
159.4,ELS,3,Jump,330,300,0.0
159.4,ELS,3,Jump,360,330,0.0
159.4,ELS,3,Jump,390,360,0.0
159.4,ELS,3,Jump,420,390,0.0
159.4,ELS,3,Jump,450,420,0.0
159.5,ELS,3,Freeze,30,0,2.666666666666667
159.5,ELS,3,Freeze,60,30,0.0
159.5,ELS,3,Freeze,90,60,8.266666666666666
159.5,ELS,3,Freeze,120,90,0.0
159.5,ELS,3,Freeze,150,120,2.933333333333333
159.5,ELS,3,Freeze,180,150,12.0
159.5,ELS,3,Freeze,210,180,4.266666666666667
159.5,ELS,3,Freeze,240,210,9.466666666666669
159.5,ELS,3,Freeze,270,240,7.199999999999999
159.5,ELS,3,Freeze,300,270,6.666666666666667
159.5,ELS,3,Freeze,330,300,24.0
159.5,ELS,3,Freeze,360,330,20.933333333333334
159.5,ELS,3,Freeze,390,360,14.000000000000002
159.5,ELS,3,Freeze,420,390,11.466666666666669
159.5,ELS,3,Freeze,450,420,18.133333333333333
159.5,ELS,3,Sniff,30,0,34.266666666666666
159.5,ELS,3,Sniff,60,30,47.46666666666667
159.5,ELS,3,Sniff,90,60,26.266666666666666
159.5,ELS,3,Sniff,120,90,37.6
159.5,ELS,3,Sniff,150,120,61.86666666666667
159.5,ELS,3,Sniff,180,150,3.8666666666666663
159.5,ELS,3,Sniff,210,180,25.733333333333334
159.5,ELS,3,Sniff,240,210,23.066666666666663
159.5,ELS,3,Sniff,270,240,36.13333333333333
159.5,ELS,3,Sniff,300,270,21.46666666666667
159.5,ELS,3,Sniff,330,300,3.0666666666666664
159.5,ELS,3,Sniff,360,330,4.533333333333333
159.5,ELS,3,Sniff,390,360,0.0
159.5,ELS,3,Sniff,420,390,8.266666666666666
159.5,ELS,3,Sniff,450,420,5.6000000000000005
159.5,ELS,3,Groom,30,0,0.0
159.5,ELS,3,Groom,60,30,0.0
159.5,ELS,3,Groom,90,60,0.0
159.5,ELS,3,Groom,120,90,0.0
159.5,ELS,3,Groom,150,120,0.0
159.5,ELS,3,Groom,180,150,0.0
159.5,ELS,3,Groom,210,180,0.0
159.5,ELS,3,Groom,240,210,0.0
159.5,ELS,3,Groom,270,240,0.0
159.5,ELS,3,Groom,300,270,0.0
159.5,ELS,3,Groom,330,300,0.0
159.5,ELS,3,Groom,360,330,0.0
159.5,ELS,3,Groom,390,360,0.0
159.5,ELS,3,Groom,420,390,0.0
159.5,ELS,3,Groom,450,420,0.0
159.5,ELS,3,Turn,30,0,53.06666666666666
159.5,ELS,3,Turn,60,30,34.93333333333334
159.5,ELS,3,Turn,90,60,37.199999999999996
159.5,ELS,3,Turn,120,90,37.86666666666667
159.5,ELS,3,Turn,150,120,23.200000000000003
159.5,ELS,3,Turn,180,150,66.53333333333333
159.5,ELS,3,Turn,210,180,41.6
159.5,ELS,3,Turn,240,210,59.86666666666667
159.5,ELS,3,Turn,270,240,52.13333333333333
159.5,ELS,3,Turn,300,270,63.599999999999994
159.5,ELS,3,Turn,330,300,61.73333333333332
159.5,ELS,3,Turn,360,330,64.13333333333334
159.5,ELS,3,Turn,390,360,65.73333333333332
159.5,ELS,3,Turn,420,390,57.2
159.5,ELS,3,Turn,450,420,72.66666666666666
159.5,ELS,3,Locomotion,30,0,0.0
159.5,ELS,3,Locomotion,60,30,1.2
159.5,ELS,3,Locomotion,90,60,0.0
159.5,ELS,3,Locomotion,120,90,2.8000000000000007
159.5,ELS,3,Locomotion,150,120,0.4
159.5,ELS,3,Locomotion,180,150,0.0
159.5,ELS,3,Locomotion,210,180,2.1333333333333333
159.5,ELS,3,Locomotion,240,210,0.6666666666666667
159.5,ELS,3,Locomotion,270,240,0.0
159.5,ELS,3,Locomotion,300,270,4.666666666666666
159.5,ELS,3,Locomotion,330,300,0.0
159.5,ELS,3,Locomotion,360,330,0.0
159.5,ELS,3,Locomotion,390,360,0.0
159.5,ELS,3,Locomotion,420,390,3.2000000000000006
159.5,ELS,3,Locomotion,450,420,0.0
159.5,ELS,3,Climb,30,0,3.2
159.5,ELS,3,Climb,60,30,0.0
159.5,ELS,3,Climb,90,60,6.0
159.5,ELS,3,Climb,120,90,11.066666666666666
159.5,ELS,3,Climb,150,120,8.266666666666666
159.5,ELS,3,Climb,180,150,4.666666666666667
159.5,ELS,3,Climb,210,180,16.0
159.5,ELS,3,Climb,240,210,6.0
159.5,ELS,3,Climb,270,240,0.0
159.5,ELS,3,Climb,300,270,0.0
159.5,ELS,3,Climb,330,300,0.0
159.5,ELS,3,Climb,360,330,0.0
159.5,ELS,3,Climb,390,360,1.3333333333333337
159.5,ELS,3,Climb,420,390,2.1333333333333333
159.5,ELS,3,Climb,450,420,0.0
159.5,ELS,3,Jump,30,0,0.0
159.5,ELS,3,Jump,60,30,0.0
159.5,ELS,3,Jump,90,60,0.0
159.5,ELS,3,Jump,120,90,0.0
159.5,ELS,3,Jump,150,120,0.0
159.5,ELS,3,Jump,180,150,0.0
159.5,ELS,3,Jump,210,180,1.4666666666666666
159.5,ELS,3,Jump,240,210,0.6666666666666667
159.5,ELS,3,Jump,270,240,0.0
159.5,ELS,3,Jump,300,270,0.6666666666666667
159.5,ELS,3,Jump,330,300,0.0
159.5,ELS,3,Jump,360,330,0.0
159.5,ELS,3,Jump,390,360,0.0
159.5,ELS,3,Jump,420,390,3.2
159.5,ELS,3,Jump,450,420,0.0
161.1,Control,3,Freeze,30,0,0.0
161.1,Control,3,Freeze,60,30,2.2666666666666666
161.1,Control,3,Freeze,90,60,14.666666666666668
161.1,Control,3,Freeze,120,90,5.066666666666666
161.1,Control,3,Freeze,150,120,13.733333333333334
161.1,Control,3,Freeze,180,150,24.133333333333333
161.1,Control,3,Freeze,210,180,21.866666666666667
161.1,Control,3,Freeze,240,210,54.66666666666666
161.1,Control,3,Freeze,270,240,62.26666666666667
161.1,Control,3,Freeze,300,270,60.53333333333333
161.1,Control,3,Freeze,330,300,47.333333333333336
161.1,Control,3,Freeze,360,330,72.0
161.1,Control,3,Freeze,390,360,75.2
161.1,Control,3,Freeze,420,390,31.73333333333333
161.1,Control,3,Freeze,450,420,47.46666666666667
161.1,Control,3,Sniff,30,0,6.4
161.1,Control,3,Sniff,60,30,0.0
161.1,Control,3,Sniff,90,60,0.0
161.1,Control,3,Sniff,120,90,0.0
161.1,Control,3,Sniff,150,120,0.0
161.1,Control,3,Sniff,180,150,0.0
161.1,Control,3,Sniff,210,180,0.0
161.1,Control,3,Sniff,240,210,0.0
161.1,Control,3,Sniff,270,240,0.0
161.1,Control,3,Sniff,300,270,0.0
161.1,Control,3,Sniff,330,300,0.0
161.1,Control,3,Sniff,360,330,0.0
161.1,Control,3,Sniff,390,360,0.0
161.1,Control,3,Sniff,420,390,0.0
161.1,Control,3,Sniff,450,420,0.0
161.1,Control,3,Groom,30,0,0.0
161.1,Control,3,Groom,60,30,0.0
161.1,Control,3,Groom,90,60,0.0
161.1,Control,3,Groom,120,90,0.0
161.1,Control,3,Groom,150,120,0.0
161.1,Control,3,Groom,180,150,0.0
161.1,Control,3,Groom,210,180,0.0
161.1,Control,3,Groom,240,210,0.0
161.1,Control,3,Groom,270,240,0.0
161.1,Control,3,Groom,300,270,0.0
161.1,Control,3,Groom,330,300,0.0
161.1,Control,3,Groom,360,330,0.0
161.1,Control,3,Groom,390,360,0.0
161.1,Control,3,Groom,420,390,0.0
161.1,Control,3,Groom,450,420,0.0
161.1,Control,3,Turn,30,0,84.26666666666665
161.1,Control,3,Turn,60,30,58.800000000000004
161.1,Control,3,Turn,90,60,57.99999999999999
161.1,Control,3,Turn,120,90,79.06666666666666
161.1,Control,3,Turn,150,120,58.93333333333333
161.1,Control,3,Turn,180,150,47.06666666666667
161.1,Control,3,Turn,210,180,67.46666666666667
161.1,Control,3,Turn,240,210,30.133333333333333
161.1,Control,3,Turn,270,240,32.0
161.1,Control,3,Turn,300,270,10.666666666666666
161.1,Control,3,Turn,330,300,41.733333333333334
161.1,Control,3,Turn,360,330,22.133333333333333
161.1,Control,3,Turn,390,360,13.6
161.1,Control,3,Turn,420,390,60.666666666666664
161.1,Control,3,Turn,450,420,31.73333333333333
161.1,Control,3,Locomotion,30,0,2.666666666666667
161.1,Control,3,Locomotion,60,30,1.3333333333333337
161.1,Control,3,Locomotion,90,60,2.9333333333333336
161.1,Control,3,Locomotion,120,90,2.1333333333333337
161.1,Control,3,Locomotion,150,120,5.2
161.1,Control,3,Locomotion,180,150,2.6666666666666665
161.1,Control,3,Locomotion,210,180,3.0666666666666673
161.1,Control,3,Locomotion,240,210,1.0666666666666669
161.1,Control,3,Locomotion,270,240,0.0
161.1,Control,3,Locomotion,300,270,0.0
161.1,Control,3,Locomotion,330,300,0.0
161.1,Control,3,Locomotion,360,330,0.0
161.1,Control,3,Locomotion,390,360,1.4666666666666668
161.1,Control,3,Locomotion,420,390,2.5333333333333337
161.1,Control,3,Locomotion,450,420,0.0
161.1,Control,3,Climb,30,0,0.0
161.1,Control,3,Climb,60,30,0.0
161.1,Control,3,Climb,90,60,0.0
161.1,Control,3,Climb,120,90,0.0
161.1,Control,3,Climb,150,120,4.0
161.1,Control,3,Climb,180,150,3.0666666666666664
161.1,Control,3,Climb,210,180,0.0
161.1,Control,3,Climb,240,210,11.866666666666667
161.1,Control,3,Climb,270,240,0.0
161.1,Control,3,Climb,300,270,0.0
161.1,Control,3,Climb,330,300,0.0
161.1,Control,3,Climb,360,330,0.0
161.1,Control,3,Climb,390,360,0.0
161.1,Control,3,Climb,420,390,0.0
161.1,Control,3,Climb,450,420,0.0
161.1,Control,3,Jump,30,0,0.0
161.1,Control,3,Jump,60,30,0.0
161.1,Control,3,Jump,90,60,0.0
161.1,Control,3,Jump,120,90,0.0
161.1,Control,3,Jump,150,120,0.0
161.1,Control,3,Jump,180,150,0.0
161.1,Control,3,Jump,210,180,4.533333333333333
161.1,Control,3,Jump,240,210,2.2666666666666666
161.1,Control,3,Jump,270,240,0.0
161.1,Control,3,Jump,300,270,4.8
161.1,Control,3,Jump,330,300,0.0
161.1,Control,3,Jump,360,330,0.0
161.1,Control,3,Jump,390,360,2.4
161.1,Control,3,Jump,420,390,0.7999999999999999
161.1,Control,3,Jump,450,420,0.0
161.3,Control,3,Freeze,30,0,0.0
161.3,Control,3,Freeze,60,30,0.0
161.3,Control,3,Freeze,90,60,3.733333333333334
161.3,Control,3,Freeze,120,90,1.6
161.3,Control,3,Freeze,150,120,11.866666666666667
161.3,Control,3,Freeze,180,150,10.266666666666667
161.3,Control,3,Freeze,210,180,17.2
161.3,Control,3,Freeze,240,210,37.2
161.3,Control,3,Freeze,270,240,38.53333333333334
161.3,Control,3,Freeze,300,270,44.13333333333333
161.3,Control,3,Freeze,330,300,29.33333333333333
161.3,Control,3,Freeze,360,330,39.6
161.3,Control,3,Freeze,390,360,67.46666666666667
161.3,Control,3,Freeze,420,390,53.86666666666666
161.3,Control,3,Freeze,450,420,70.53333333333333
161.3,Control,3,Sniff,30,0,17.733333333333334
161.3,Control,3,Sniff,60,30,4.933333333333334
161.3,Control,3,Sniff,90,60,0.0
161.3,Control,3,Sniff,120,90,13.333333333333334
161.3,Control,3,Sniff,150,120,0.0
161.3,Control,3,Sniff,180,150,5.333333333333334
161.3,Control,3,Sniff,210,180,0.0
161.3,Control,3,Sniff,240,210,0.0
161.3,Control,3,Sniff,270,240,0.0
161.3,Control,3,Sniff,300,270,0.0
161.3,Control,3,Sniff,330,300,5.733333333333333
161.3,Control,3,Sniff,360,330,0.0
161.3,Control,3,Sniff,390,360,0.0
161.3,Control,3,Sniff,420,390,0.0
161.3,Control,3,Sniff,450,420,0.0
161.3,Control,3,Groom,30,0,0.0
161.3,Control,3,Groom,60,30,0.0
161.3,Control,3,Groom,90,60,0.0
161.3,Control,3,Groom,120,90,0.0
161.3,Control,3,Groom,150,120,0.0
161.3,Control,3,Groom,180,150,0.0
161.3,Control,3,Groom,210,180,0.0
161.3,Control,3,Groom,240,210,0.0
161.3,Control,3,Groom,270,240,0.0
161.3,Control,3,Groom,300,270,0.0
161.3,Control,3,Groom,330,300,0.0
161.3,Control,3,Groom,360,330,0.0
161.3,Control,3,Groom,390,360,0.0
161.3,Control,3,Groom,420,390,0.0
161.3,Control,3,Groom,450,420,0.0
161.3,Control,3,Turn,30,0,40.8
161.3,Control,3,Turn,60,30,52.53333333333333
161.3,Control,3,Turn,90,60,65.46666666666667
161.3,Control,3,Turn,120,90,54.266666666666666
161.3,Control,3,Turn,150,120,76.80000000000001
161.3,Control,3,Turn,180,150,46.66666666666667
161.3,Control,3,Turn,210,180,71.6
161.3,Control,3,Turn,240,210,49.733333333333334
161.3,Control,3,Turn,270,240,49.46666666666667
161.3,Control,3,Turn,300,270,38.93333333333334
161.3,Control,3,Turn,330,300,52.4
161.3,Control,3,Turn,360,330,46.13333333333333
161.3,Control,3,Turn,390,360,26.933333333333334
161.3,Control,3,Turn,420,390,40.266666666666666
161.3,Control,3,Turn,450,420,26.933333333333334
161.3,Control,3,Locomotion,30,0,16.8
161.3,Control,3,Locomotion,60,30,1.4666666666666668
161.3,Control,3,Locomotion,90,60,4.8
161.3,Control,3,Locomotion,120,90,6.4
161.3,Control,3,Locomotion,150,120,2.4000000000000004
161.3,Control,3,Locomotion,180,150,10.666666666666668
161.3,Control,3,Locomotion,210,180,3.2
161.3,Control,3,Locomotion,240,210,2.8
161.3,Control,3,Locomotion,270,240,1.7333333333333332
161.3,Control,3,Locomotion,300,270,1.8666666666666667
161.3,Control,3,Locomotion,330,300,1.2
161.3,Control,3,Locomotion,360,330,0.6666666666666667
161.3,Control,3,Locomotion,390,360,0.6666666666666667
161.3,Control,3,Locomotion,420,390,0.0
161.3,Control,3,Locomotion,450,420,0.2666666666666666
161.3,Control,3,Climb,30,0,0.0
161.3,Control,3,Climb,60,30,3.333333333333333
161.3,Control,3,Climb,90,60,7.199999999999999
161.3,Control,3,Climb,120,90,6.133333333333333
161.3,Control,3,Climb,150,120,3.733333333333334
161.3,Control,3,Climb,180,150,4.8
161.3,Control,3,Climb,210,180,0.0
161.3,Control,3,Climb,240,210,4.666666666666667
161.3,Control,3,Climb,270,240,0.0
161.3,Control,3,Climb,300,270,0.0
161.3,Control,3,Climb,330,300,0.0
161.3,Control,3,Climb,360,330,0.0
161.3,Control,3,Climb,390,360,0.0
161.3,Control,3,Climb,420,390,0.0
161.3,Control,3,Climb,450,420,0.0
161.3,Control,3,Jump,30,0,0.0
161.3,Control,3,Jump,60,30,0.0
161.3,Control,3,Jump,90,60,0.0
161.3,Control,3,Jump,120,90,0.0
161.3,Control,3,Jump,150,120,0.0
161.3,Control,3,Jump,180,150,0.0
161.3,Control,3,Jump,210,180,4.933333333333334
161.3,Control,3,Jump,240,210,0.5333333333333333
161.3,Control,3,Jump,270,240,0.0
161.3,Control,3,Jump,300,270,5.333333333333334
161.3,Control,3,Jump,330,300,2.4
161.3,Control,3,Jump,360,330,0.0
161.3,Control,3,Jump,390,360,2.5333333333333337
161.3,Control,3,Jump,420,390,0.0
161.3,Control,3,Jump,450,420,0.0
2.4,ELS,1,Freeze,30,0,0.0
2.4,ELS,1,Freeze,60,30,10.4
2.4,ELS,1,Freeze,90,60,4.666666666666667
2.4,ELS,1,Freeze,120,90,2.0
2.4,ELS,1,Freeze,150,120,4.533333333333333
2.4,ELS,1,Freeze,180,150,0.0
2.4,ELS,1,Freeze,210,180,8.933333333333334
2.4,ELS,1,Freeze,240,210,21.73333333333333
2.4,ELS,1,Freeze,270,240,48.266666666666666
2.4,ELS,1,Freeze,300,270,23.466666666666665
2.4,ELS,1,Freeze,330,300,25.466666666666665
2.4,ELS,1,Freeze,360,330,54.13333333333333
2.4,ELS,1,Freeze,390,360,45.2
2.4,ELS,1,Freeze,420,390,26.533333333333335
2.4,ELS,1,Freeze,450,420,36.400000000000006
2.4,ELS,1,Sniff,30,0,16.53333333333333
2.4,ELS,1,Sniff,60,30,5.866666666666667
2.4,ELS,1,Sniff,90,60,2.8000000000000003
2.4,ELS,1,Sniff,120,90,0.0
2.4,ELS,1,Sniff,150,120,0.0
2.4,ELS,1,Sniff,180,150,0.0
2.4,ELS,1,Sniff,210,180,0.0
2.4,ELS,1,Sniff,240,210,0.0
2.4,ELS,1,Sniff,270,240,6.0
2.4,ELS,1,Sniff,300,270,0.0
2.4,ELS,1,Sniff,330,300,0.0
2.4,ELS,1,Sniff,360,330,0.0
2.4,ELS,1,Sniff,390,360,3.0666666666666664
2.4,ELS,1,Sniff,420,390,0.0
2.4,ELS,1,Sniff,450,420,0.0
2.4,ELS,1,Groom,30,0,0.0
2.4,ELS,1,Groom,60,30,1.3333333333333337
2.4,ELS,1,Groom,90,60,0.0
2.4,ELS,1,Groom,120,90,0.0
2.4,ELS,1,Groom,150,120,0.0
2.4,ELS,1,Groom,180,150,0.0
2.4,ELS,1,Groom,210,180,1.0666666666666669
2.4,ELS,1,Groom,240,210,0.5333333333333333
2.4,ELS,1,Groom,270,240,1.4666666666666666
2.4,ELS,1,Groom,300,270,0.4
2.4,ELS,1,Groom,330,300,0.0
2.4,ELS,1,Groom,360,330,0.0
2.4,ELS,1,Groom,390,360,0.0
2.4,ELS,1,Groom,420,390,0.0
2.4,ELS,1,Groom,450,420,0.0
2.4,ELS,1,Turn,30,0,32.13333333333333
2.4,ELS,1,Turn,60,30,54.266666666666666
2.4,ELS,1,Turn,90,60,64.93333333333334
2.4,ELS,1,Turn,120,90,42.400000000000006
2.4,ELS,1,Turn,150,120,28.53333333333333
2.4,ELS,1,Turn,180,150,51.6
2.4,ELS,1,Turn,210,180,40.8
2.4,ELS,1,Turn,240,210,52.93333333333334
2.4,ELS,1,Turn,270,240,29.2
2.4,ELS,1,Turn,300,270,58.66666666666666
2.4,ELS,1,Turn,330,300,59.6
2.4,ELS,1,Turn,360,330,43.733333333333334
2.4,ELS,1,Turn,390,360,36.66666666666667
2.4,ELS,1,Turn,420,390,36.266666666666666
2.4,ELS,1,Turn,450,420,17.46666666666667
2.4,ELS,1,Locomotion,30,0,1.2
2.4,ELS,1,Locomotion,60,30,0.8
2.4,ELS,1,Locomotion,90,60,0.0
2.4,ELS,1,Locomotion,120,90,7.199999999999999
2.4,ELS,1,Locomotion,150,120,1.4666666666666668
2.4,ELS,1,Locomotion,180,150,4.133333333333334
2.4,ELS,1,Locomotion,210,180,4.0
2.4,ELS,1,Locomotion,240,210,4.133333333333333
2.4,ELS,1,Locomotion,270,240,0.0
2.4,ELS,1,Locomotion,300,270,0.5333333333333333
2.4,ELS,1,Locomotion,330,300,0.0
2.4,ELS,1,Locomotion,360,330,0.0
2.4,ELS,1,Locomotion,390,360,0.0
2.4,ELS,1,Locomotion,420,390,0.5333333333333333
2.4,ELS,1,Locomotion,450,420,1.3333333333333337
2.4,ELS,1,Climb,30,0,0.0
2.4,ELS,1,Climb,60,30,0.0
2.4,ELS,1,Climb,90,60,0.0
2.4,ELS,1,Climb,120,90,4.933333333333334
2.4,ELS,1,Climb,150,120,10.133333333333333
2.4,ELS,1,Climb,180,150,5.2
2.4,ELS,1,Climb,210,180,3.4666666666666663
2.4,ELS,1,Climb,240,210,0.0
2.4,ELS,1,Climb,270,240,0.0
2.4,ELS,1,Climb,300,270,0.0
2.4,ELS,1,Climb,330,300,0.0
2.4,ELS,1,Climb,360,330,0.0
2.4,ELS,1,Climb,390,360,4.133333333333333
2.4,ELS,1,Climb,420,390,0.0
2.4,ELS,1,Climb,450,420,0.0
2.4,ELS,1,Jump,30,0,0.0
2.4,ELS,1,Jump,60,30,0.0
2.4,ELS,1,Jump,90,60,0.0
2.4,ELS,1,Jump,120,90,0.0
2.4,ELS,1,Jump,150,120,0.0
2.4,ELS,1,Jump,180,150,0.1333333333333333
2.4,ELS,1,Jump,210,180,2.8
2.4,ELS,1,Jump,240,210,0.2666666666666666
2.4,ELS,1,Jump,270,240,0.0
2.4,ELS,1,Jump,300,270,3.466666666666667
2.4,ELS,1,Jump,330,300,1.0666666666666669
2.4,ELS,1,Jump,360,330,0.0
2.4,ELS,1,Jump,390,360,1.7333333333333334
2.4,ELS,1,Jump,420,390,0.2666666666666666
2.4,ELS,1,Jump,450,420,0.1333333333333333
23.4,ELS,1,Freeze,30,0,0.0
23.4,ELS,1,Freeze,60,30,7.199999999999999
23.4,ELS,1,Freeze,90,60,3.0666666666666664
23.4,ELS,1,Freeze,120,90,6.266666666666667
23.4,ELS,1,Freeze,150,120,2.4
23.4,ELS,1,Freeze,180,150,7.066666666666667
23.4,ELS,1,Freeze,210,180,4.666666666666667
23.4,ELS,1,Freeze,240,210,20.0
23.4,ELS,1,Freeze,270,240,18.933333333333334
23.4,ELS,1,Freeze,300,270,19.066666666666663
23.4,ELS,1,Freeze,330,300,22.66666666666667
23.4,ELS,1,Freeze,360,330,19.866666666666667
23.4,ELS,1,Freeze,390,360,32.13333333333333
23.4,ELS,1,Freeze,420,390,23.066666666666663
23.4,ELS,1,Freeze,450,420,35.2
23.4,ELS,1,Sniff,30,0,0.0
23.4,ELS,1,Sniff,60,30,13.466666666666663
23.4,ELS,1,Sniff,90,60,0.0
23.4,ELS,1,Sniff,120,90,0.0
23.4,ELS,1,Sniff,150,120,0.0
23.4,ELS,1,Sniff,180,150,0.0
23.4,ELS,1,Sniff,210,180,0.0
23.4,ELS,1,Sniff,240,210,1.866666666666667
23.4,ELS,1,Sniff,270,240,0.0
23.4,ELS,1,Sniff,300,270,0.0
23.4,ELS,1,Sniff,330,300,1.7333333333333332
23.4,ELS,1,Sniff,360,330,0.0
23.4,ELS,1,Sniff,390,360,0.0
23.4,ELS,1,Sniff,420,390,5.6000000000000005
23.4,ELS,1,Sniff,450,420,0.0
23.4,ELS,1,Groom,30,0,0.0
23.4,ELS,1,Groom,60,30,0.0
23.4,ELS,1,Groom,90,60,0.0
23.4,ELS,1,Groom,120,90,0.0
23.4,ELS,1,Groom,150,120,0.0
23.4,ELS,1,Groom,180,150,0.0
23.4,ELS,1,Groom,210,180,0.0
23.4,ELS,1,Groom,240,210,0.0
23.4,ELS,1,Groom,270,240,0.0
23.4,ELS,1,Groom,300,270,0.0
23.4,ELS,1,Groom,330,300,0.0
23.4,ELS,1,Groom,360,330,0.0
23.4,ELS,1,Groom,390,360,0.0
23.4,ELS,1,Groom,420,390,1.0666666666666669
23.4,ELS,1,Groom,450,420,0.0
23.4,ELS,1,Turn,30,0,29.6
23.4,ELS,1,Turn,60,30,44.53333333333333
23.4,ELS,1,Turn,90,60,66.13333333333333
23.4,ELS,1,Turn,120,90,40.93333333333333
23.4,ELS,1,Turn,150,120,52.8
23.4,ELS,1,Turn,180,150,56.8
23.4,ELS,1,Turn,210,180,57.066666666666656
23.4,ELS,1,Turn,240,210,41.2
23.4,ELS,1,Turn,270,240,72.93333333333334
23.4,ELS,1,Turn,300,270,36.93333333333334
23.4,ELS,1,Turn,330,300,49.86666666666666
23.4,ELS,1,Turn,360,330,37.06666666666666
23.4,ELS,1,Turn,390,360,61.333333333333336
23.4,ELS,1,Turn,420,390,41.2
23.4,ELS,1,Turn,450,420,41.6
23.4,ELS,1,Locomotion,30,0,9.2
23.4,ELS,1,Locomotion,60,30,3.733333333333334
23.4,ELS,1,Locomotion,90,60,6.133333333333334
23.4,ELS,1,Locomotion,120,90,7.333333333333333
23.4,ELS,1,Locomotion,150,120,4.266666666666667
23.4,ELS,1,Locomotion,180,150,13.466666666666667
23.4,ELS,1,Locomotion,210,180,10.266666666666666
23.4,ELS,1,Locomotion,240,210,3.8666666666666667
23.4,ELS,1,Locomotion,270,240,1.2
23.4,ELS,1,Locomotion,300,270,11.200000000000001
23.4,ELS,1,Locomotion,330,300,9.2
23.4,ELS,1,Locomotion,360,330,1.6
23.4,ELS,1,Locomotion,390,360,1.2000000000000002
23.4,ELS,1,Locomotion,420,390,5.733333333333333
23.4,ELS,1,Locomotion,450,420,3.333333333333334
23.4,ELS,1,Climb,30,0,4.133333333333333
23.4,ELS,1,Climb,60,30,0.0
23.4,ELS,1,Climb,90,60,12.133333333333333
23.4,ELS,1,Climb,120,90,5.466666666666667
23.4,ELS,1,Climb,150,120,2.533333333333333
23.4,ELS,1,Climb,180,150,12.0
23.4,ELS,1,Climb,210,180,0.2666666666666666
23.4,ELS,1,Climb,240,210,2.0
23.4,ELS,1,Climb,270,240,0.0
23.4,ELS,1,Climb,300,270,0.0
23.4,ELS,1,Climb,330,300,0.0
23.4,ELS,1,Climb,360,330,4.0
23.4,ELS,1,Climb,390,360,0.0
23.4,ELS,1,Climb,420,390,0.0
23.4,ELS,1,Climb,450,420,0.0
23.4,ELS,1,Jump,30,0,0.0
23.4,ELS,1,Jump,60,30,0.0
23.4,ELS,1,Jump,90,60,0.0
23.4,ELS,1,Jump,120,90,0.8
23.4,ELS,1,Jump,150,120,0.0
23.4,ELS,1,Jump,180,150,0.0
23.4,ELS,1,Jump,210,180,1.7333333333333332
23.4,ELS,1,Jump,240,210,0.0
23.4,ELS,1,Jump,270,240,0.0
23.4,ELS,1,Jump,300,270,2.6666666666666665
23.4,ELS,1,Jump,330,300,1.0666666666666669
23.4,ELS,1,Jump,360,330,0.0
23.4,ELS,1,Jump,390,360,0.0
23.4,ELS,1,Jump,420,390,0.0
23.4,ELS,1,Jump,450,420,0.0
25.1,ELS,1,Freeze,30,0,0.0
25.1,ELS,1,Freeze,60,30,4.0
25.1,ELS,1,Freeze,90,60,2.666666666666667
25.1,ELS,1,Freeze,120,90,5.466666666666667
25.1,ELS,1,Freeze,150,120,11.066666666666666
25.1,ELS,1,Freeze,180,150,3.8666666666666663
25.1,ELS,1,Freeze,210,180,4.933333333333334
25.1,ELS,1,Freeze,240,210,26.4
25.1,ELS,1,Freeze,270,240,14.266666666666666
25.1,ELS,1,Freeze,300,270,24.266666666666666
25.1,ELS,1,Freeze,330,300,27.866666666666667
25.1,ELS,1,Freeze,360,330,22.133333333333333
25.1,ELS,1,Freeze,390,360,18.4
25.1,ELS,1,Freeze,420,390,6.933333333333333
25.1,ELS,1,Freeze,450,420,40.53333333333333
25.1,ELS,1,Sniff,30,0,7.066666666666667
25.1,ELS,1,Sniff,60,30,0.0
25.1,ELS,1,Sniff,90,60,0.0
25.1,ELS,1,Sniff,120,90,3.333333333333333
25.1,ELS,1,Sniff,150,120,0.0
25.1,ELS,1,Sniff,180,150,4.133333333333333
25.1,ELS,1,Sniff,210,180,8.133333333333333
25.1,ELS,1,Sniff,240,210,3.8666666666666663
25.1,ELS,1,Sniff,270,240,0.0
25.1,ELS,1,Sniff,300,270,0.0
25.1,ELS,1,Sniff,330,300,0.0
25.1,ELS,1,Sniff,360,330,0.0
25.1,ELS,1,Sniff,390,360,0.0
25.1,ELS,1,Sniff,420,390,0.0
25.1,ELS,1,Sniff,450,420,0.0
25.1,ELS,1,Groom,30,0,0.0
25.1,ELS,1,Groom,60,30,0.2666666666666666
25.1,ELS,1,Groom,90,60,0.0
25.1,ELS,1,Groom,120,90,0.0
25.1,ELS,1,Groom,150,120,0.0
25.1,ELS,1,Groom,180,150,0.0
25.1,ELS,1,Groom,210,180,0.0
25.1,ELS,1,Groom,240,210,0.0
25.1,ELS,1,Groom,270,240,0.2666666666666666
25.1,ELS,1,Groom,300,270,0.0
25.1,ELS,1,Groom,330,300,0.0
25.1,ELS,1,Groom,360,330,0.0
25.1,ELS,1,Groom,390,360,0.2666666666666666
25.1,ELS,1,Groom,420,390,0.0
25.1,ELS,1,Groom,450,420,0.0
25.1,ELS,1,Turn,30,0,61.60000000000001
25.1,ELS,1,Turn,60,30,72.80000000000001
25.1,ELS,1,Turn,90,60,66.13333333333333
25.1,ELS,1,Turn,120,90,65.73333333333333
25.1,ELS,1,Turn,150,120,39.86666666666667
25.1,ELS,1,Turn,180,150,75.33333333333333
25.1,ELS,1,Turn,210,180,54.8
25.1,ELS,1,Turn,240,210,48.13333333333333
25.1,ELS,1,Turn,270,240,33.06666666666666
25.1,ELS,1,Turn,300,270,40.93333333333334
25.1,ELS,1,Turn,330,300,60.4
25.1,ELS,1,Turn,360,330,47.33333333333333
25.1,ELS,1,Turn,390,360,27.466666666666665
25.1,ELS,1,Turn,420,390,53.99999999999999
25.1,ELS,1,Turn,450,420,55.06666666666666
25.1,ELS,1,Locomotion,30,0,12.0
25.1,ELS,1,Locomotion,60,30,1.6
25.1,ELS,1,Locomotion,90,60,2.4000000000000004
25.1,ELS,1,Locomotion,120,90,0.8
25.1,ELS,1,Locomotion,150,120,1.0666666666666669
25.1,ELS,1,Locomotion,180,150,2.8
25.1,ELS,1,Locomotion,210,180,3.6000000000000005
25.1,ELS,1,Locomotion,240,210,0.2666666666666666
25.1,ELS,1,Locomotion,270,240,5.2
25.1,ELS,1,Locomotion,300,270,10.0
25.1,ELS,1,Locomotion,330,300,2.4
25.1,ELS,1,Locomotion,360,330,0.5333333333333333
25.1,ELS,1,Locomotion,390,360,2.1333333333333333
25.1,ELS,1,Locomotion,420,390,0.9333333333333336
25.1,ELS,1,Locomotion,450,420,0.0
25.1,ELS,1,Climb,30,0,0.0
25.1,ELS,1,Climb,60,30,0.0
25.1,ELS,1,Climb,90,60,0.0
25.1,ELS,1,Climb,120,90,0.0
25.1,ELS,1,Climb,150,120,0.0
25.1,ELS,1,Climb,180,150,0.0
25.1,ELS,1,Climb,210,180,0.0
25.1,ELS,1,Climb,240,210,0.0
25.1,ELS,1,Climb,270,240,0.0
25.1,ELS,1,Climb,300,270,0.0
25.1,ELS,1,Climb,330,300,0.0
25.1,ELS,1,Climb,360,330,0.0
25.1,ELS,1,Climb,390,360,0.0
25.1,ELS,1,Climb,420,390,0.0
25.1,ELS,1,Climb,450,420,0.0
25.1,ELS,1,Jump,30,0,0.0
25.1,ELS,1,Jump,60,30,0.4
25.1,ELS,1,Jump,90,60,0.0
25.1,ELS,1,Jump,120,90,0.0
25.1,ELS,1,Jump,150,120,0.1333333333333333
25.1,ELS,1,Jump,180,150,0.2666666666666666
25.1,ELS,1,Jump,210,180,5.2
25.1,ELS,1,Jump,240,210,1.0666666666666669
25.1,ELS,1,Jump,270,240,0.2666666666666666
25.1,ELS,1,Jump,300,270,0.9333333333333336
25.1,ELS,1,Jump,330,300,0.0
25.1,ELS,1,Jump,360,330,0.0
25.1,ELS,1,Jump,390,360,4.133333333333334
25.1,ELS,1,Jump,420,390,0.0
25.1,ELS,1,Jump,450,420,0.0
26.4,ELS,1,Freeze,30,0,3.0666666666666664
26.4,ELS,1,Freeze,60,30,11.466666666666669
26.4,ELS,1,Freeze,90,60,5.2
26.4,ELS,1,Freeze,120,90,1.6
26.4,ELS,1,Freeze,150,120,11.066666666666666
26.4,ELS,1,Freeze,180,150,19.866666666666667
26.4,ELS,1,Freeze,210,180,0.6666666666666667
26.4,ELS,1,Freeze,240,210,59.06666666666667
26.4,ELS,1,Freeze,270,240,26.8
26.4,ELS,1,Freeze,300,270,7.733333333333333
26.4,ELS,1,Freeze,330,300,42.66666666666667
26.4,ELS,1,Freeze,360,330,47.06666666666667
26.4,ELS,1,Freeze,390,360,47.86666666666667
26.4,ELS,1,Freeze,420,390,61.06666666666667
26.4,ELS,1,Freeze,450,420,82.93333333333334
26.4,ELS,1,Sniff,30,0,0.0
26.4,ELS,1,Sniff,60,30,0.0
26.4,ELS,1,Sniff,90,60,0.0
26.4,ELS,1,Sniff,120,90,0.0
26.4,ELS,1,Sniff,150,120,0.0
26.4,ELS,1,Sniff,180,150,6.666666666666667
26.4,ELS,1,Sniff,210,180,0.0
26.4,ELS,1,Sniff,240,210,0.0
26.4,ELS,1,Sniff,270,240,0.0
26.4,ELS,1,Sniff,300,270,0.0
26.4,ELS,1,Sniff,330,300,0.0
26.4,ELS,1,Sniff,360,330,0.0
26.4,ELS,1,Sniff,390,360,0.0
26.4,ELS,1,Sniff,420,390,0.0
26.4,ELS,1,Sniff,450,420,4.666666666666667
26.4,ELS,1,Groom,30,0,0.0
26.4,ELS,1,Groom,60,30,0.0
26.4,ELS,1,Groom,90,60,0.0
26.4,ELS,1,Groom,120,90,0.0
26.4,ELS,1,Groom,150,120,0.0
26.4,ELS,1,Groom,180,150,0.0
26.4,ELS,1,Groom,210,180,0.0
26.4,ELS,1,Groom,240,210,0.0
26.4,ELS,1,Groom,270,240,0.0
26.4,ELS,1,Groom,300,270,0.0
26.4,ELS,1,Groom,330,300,0.0
26.4,ELS,1,Groom,360,330,0.0
26.4,ELS,1,Groom,390,360,0.0
26.4,ELS,1,Groom,420,390,0.0
26.4,ELS,1,Groom,450,420,0.0
26.4,ELS,1,Turn,30,0,21.733333333333334
26.4,ELS,1,Turn,60,30,71.2
26.4,ELS,1,Turn,90,60,50.53333333333333
26.4,ELS,1,Turn,120,90,78.26666666666667
26.4,ELS,1,Turn,150,120,63.6
26.4,ELS,1,Turn,180,150,30.133333333333333
26.4,ELS,1,Turn,210,180,73.2
26.4,ELS,1,Turn,240,210,38.93333333333333
26.4,ELS,1,Turn,270,240,50.8
26.4,ELS,1,Turn,300,270,68.93333333333334
26.4,ELS,1,Turn,330,300,51.6
26.4,ELS,1,Turn,360,330,29.066666666666663
26.4,ELS,1,Turn,390,360,45.6
26.4,ELS,1,Turn,420,390,21.866666666666667
26.4,ELS,1,Turn,450,420,12.400000000000002
26.4,ELS,1,Locomotion,30,0,11.466666666666669
26.4,ELS,1,Locomotion,60,30,7.333333333333334
26.4,ELS,1,Locomotion,90,60,13.733333333333333
26.4,ELS,1,Locomotion,120,90,2.8
26.4,ELS,1,Locomotion,150,120,6.266666666666667
26.4,ELS,1,Locomotion,180,150,1.2
26.4,ELS,1,Locomotion,210,180,3.6000000000000005
26.4,ELS,1,Locomotion,240,210,1.0666666666666669
26.4,ELS,1,Locomotion,270,240,0.2666666666666666
26.4,ELS,1,Locomotion,300,270,11.6
26.4,ELS,1,Locomotion,330,300,0.6666666666666667
26.4,ELS,1,Locomotion,360,330,0.0
26.4,ELS,1,Locomotion,390,360,0.9333333333333333
26.4,ELS,1,Locomotion,420,390,0.0
26.4,ELS,1,Locomotion,450,420,0.0
26.4,ELS,1,Climb,30,0,4.666666666666667
26.4,ELS,1,Climb,60,30,0.0
26.4,ELS,1,Climb,90,60,0.0
26.4,ELS,1,Climb,120,90,6.666666666666667
26.4,ELS,1,Climb,150,120,13.2
26.4,ELS,1,Climb,180,150,11.066666666666666
26.4,ELS,1,Climb,210,180,0.0
26.4,ELS,1,Climb,240,210,0.0
26.4,ELS,1,Climb,270,240,0.0
26.4,ELS,1,Climb,300,270,0.0
26.4,ELS,1,Climb,330,300,0.0
26.4,ELS,1,Climb,360,330,0.0
26.4,ELS,1,Climb,390,360,0.0
26.4,ELS,1,Climb,420,390,0.0
26.4,ELS,1,Climb,450,420,0.0
26.4,ELS,1,Jump,30,0,0.0
26.4,ELS,1,Jump,60,30,0.0
26.4,ELS,1,Jump,90,60,0.6666666666666667
26.4,ELS,1,Jump,120,90,0.0
26.4,ELS,1,Jump,150,120,0.0
26.4,ELS,1,Jump,180,150,0.0
26.4,ELS,1,Jump,210,180,2.0
26.4,ELS,1,Jump,240,210,0.0
26.4,ELS,1,Jump,270,240,0.0
26.4,ELS,1,Jump,300,270,0.4
26.4,ELS,1,Jump,330,300,1.2
26.4,ELS,1,Jump,360,330,0.0
26.4,ELS,1,Jump,390,360,2.4
26.4,ELS,1,Jump,420,390,0.0
26.4,ELS,1,Jump,450,420,0.0
32.2,ELS,1,Freeze,30,0,8.133333333333333
32.2,ELS,1,Freeze,60,30,1.3333333333333337
32.2,ELS,1,Freeze,90,60,0.0
32.2,ELS,1,Freeze,120,90,14.4
32.2,ELS,1,Freeze,150,120,0.0
32.2,ELS,1,Freeze,180,150,7.199999999999999
32.2,ELS,1,Freeze,210,180,4.133333333333333
32.2,ELS,1,Freeze,240,210,4.266666666666667
32.2,ELS,1,Freeze,270,240,13.733333333333334
32.2,ELS,1,Freeze,300,270,4.4
32.2,ELS,1,Freeze,330,300,23.46666666666667
32.2,ELS,1,Freeze,360,330,10.0
32.2,ELS,1,Freeze,390,360,14.933333333333335
32.2,ELS,1,Freeze,420,390,30.0
32.2,ELS,1,Freeze,450,420,27.200000000000003
32.2,ELS,1,Sniff,30,0,16.266666666666666
32.2,ELS,1,Sniff,60,30,0.0
32.2,ELS,1,Sniff,90,60,0.0
32.2,ELS,1,Sniff,120,90,8.799999999999999
32.2,ELS,1,Sniff,150,120,0.0
32.2,ELS,1,Sniff,180,150,9.6
32.2,ELS,1,Sniff,210,180,8.8
32.2,ELS,1,Sniff,240,210,0.0
32.2,ELS,1,Sniff,270,240,8.4
32.2,ELS,1,Sniff,300,270,2.8000000000000003
32.2,ELS,1,Sniff,330,300,11.600000000000001
32.2,ELS,1,Sniff,360,330,0.0
32.2,ELS,1,Sniff,390,360,2.533333333333333
32.2,ELS,1,Sniff,420,390,0.0
32.2,ELS,1,Sniff,450,420,0.0
32.2,ELS,1,Groom,30,0,0.0
32.2,ELS,1,Groom,60,30,0.0
32.2,ELS,1,Groom,90,60,0.0
32.2,ELS,1,Groom,120,90,1.0666666666666669
32.2,ELS,1,Groom,150,120,0.0
32.2,ELS,1,Groom,180,150,0.0
32.2,ELS,1,Groom,210,180,0.0
32.2,ELS,1,Groom,240,210,0.1333333333333333
32.2,ELS,1,Groom,270,240,0.6666666666666667
32.2,ELS,1,Groom,300,270,0.0
32.2,ELS,1,Groom,330,300,6.266666666666667
32.2,ELS,1,Groom,360,330,0.1333333333333333
32.2,ELS,1,Groom,390,360,0.0
32.2,ELS,1,Groom,420,390,0.0
32.2,ELS,1,Groom,450,420,0.0
32.2,ELS,1,Turn,30,0,44.4
32.2,ELS,1,Turn,60,30,38.266666666666666
32.2,ELS,1,Turn,90,60,63.6
32.2,ELS,1,Turn,120,90,24.133333333333336
32.2,ELS,1,Turn,150,120,69.33333333333333
32.2,ELS,1,Turn,180,150,71.46666666666667
32.2,ELS,1,Turn,210,180,53.73333333333333
32.2,ELS,1,Turn,240,210,64.26666666666667
32.2,ELS,1,Turn,270,240,43.06666666666666
32.2,ELS,1,Turn,300,270,74.93333333333332
32.2,ELS,1,Turn,330,300,22.933333333333334
32.2,ELS,1,Turn,360,330,62.93333333333333
32.2,ELS,1,Turn,390,360,54.13333333333333
32.2,ELS,1,Turn,420,390,40.666666666666664
32.2,ELS,1,Turn,450,420,49.733333333333334
32.2,ELS,1,Locomotion,30,0,2.0
32.2,ELS,1,Locomotion,60,30,6.666666666666667
32.2,ELS,1,Locomotion,90,60,4.8
32.2,ELS,1,Locomotion,120,90,0.0
32.2,ELS,1,Locomotion,150,120,3.8666666666666663
32.2,ELS,1,Locomotion,180,150,2.4
32.2,ELS,1,Locomotion,210,180,3.466666666666667
32.2,ELS,1,Locomotion,240,210,3.066666666666667
32.2,ELS,1,Locomotion,270,240,3.333333333333333
32.2,ELS,1,Locomotion,300,270,0.0
32.2,ELS,1,Locomotion,330,300,0.0
32.2,ELS,1,Locomotion,360,330,0.6666666666666667
32.2,ELS,1,Locomotion,390,360,0.0
32.2,ELS,1,Locomotion,420,390,0.4
32.2,ELS,1,Locomotion,450,420,0.0
32.2,ELS,1,Climb,30,0,5.2
32.2,ELS,1,Climb,60,30,4.666666666666667
32.2,ELS,1,Climb,90,60,15.466666666666669
32.2,ELS,1,Climb,120,90,3.733333333333334
32.2,ELS,1,Climb,150,120,10.4
32.2,ELS,1,Climb,180,150,0.0
32.2,ELS,1,Climb,210,180,10.133333333333333
32.2,ELS,1,Climb,240,210,0.0
32.2,ELS,1,Climb,270,240,5.6000000000000005
32.2,ELS,1,Climb,300,270,0.0
32.2,ELS,1,Climb,330,300,0.0
32.2,ELS,1,Climb,360,330,0.0
32.2,ELS,1,Climb,390,360,0.0
32.2,ELS,1,Climb,420,390,2.0
32.2,ELS,1,Climb,450,420,0.0
32.2,ELS,1,Jump,30,0,0.0
32.2,ELS,1,Jump,60,30,0.0
32.2,ELS,1,Jump,90,60,0.0
32.2,ELS,1,Jump,120,90,0.0
32.2,ELS,1,Jump,150,120,0.1333333333333333
32.2,ELS,1,Jump,180,150,0.0
32.2,ELS,1,Jump,210,180,5.333333333333334
32.2,ELS,1,Jump,240,210,3.6
32.2,ELS,1,Jump,270,240,0.0
32.2,ELS,1,Jump,300,270,5.333333333333334
32.2,ELS,1,Jump,330,300,0.5333333333333333
32.2,ELS,1,Jump,360,330,0.0
32.2,ELS,1,Jump,390,360,6.133333333333333
32.2,ELS,1,Jump,420,390,0.1333333333333333
32.2,ELS,1,Jump,450,420,0.0
32.4,ELS,1,Freeze,30,0,8.133333333333333
32.4,ELS,1,Freeze,60,30,0.0
32.4,ELS,1,Freeze,90,60,0.0
32.4,ELS,1,Freeze,120,90,3.733333333333334
32.4,ELS,1,Freeze,150,120,0.0
32.4,ELS,1,Freeze,180,150,0.0
32.4,ELS,1,Freeze,210,180,2.8000000000000003
32.4,ELS,1,Freeze,240,210,24.799999999999997
32.4,ELS,1,Freeze,270,240,20.53333333333333
32.4,ELS,1,Freeze,300,270,3.4666666666666663
32.4,ELS,1,Freeze,330,300,19.466666666666665
32.4,ELS,1,Freeze,360,330,49.73333333333333
32.4,ELS,1,Freeze,390,360,11.2
32.4,ELS,1,Freeze,420,390,1.2
32.4,ELS,1,Freeze,450,420,11.466666666666669
32.4,ELS,1,Sniff,30,0,0.0
32.4,ELS,1,Sniff,60,30,0.0
32.4,ELS,1,Sniff,90,60,9.733333333333333
32.4,ELS,1,Sniff,120,90,3.4666666666666663
32.4,ELS,1,Sniff,150,120,0.0
32.4,ELS,1,Sniff,180,150,0.0
32.4,ELS,1,Sniff,210,180,3.4666666666666663
32.4,ELS,1,Sniff,240,210,0.0
32.4,ELS,1,Sniff,270,240,0.0
32.4,ELS,1,Sniff,300,270,0.0
32.4,ELS,1,Sniff,330,300,0.0
32.4,ELS,1,Sniff,360,330,0.0
32.4,ELS,1,Sniff,390,360,0.0
32.4,ELS,1,Sniff,420,390,0.0
32.4,ELS,1,Sniff,450,420,1.866666666666667
32.4,ELS,1,Groom,30,0,0.1333333333333333
32.4,ELS,1,Groom,60,30,0.0
32.4,ELS,1,Groom,90,60,0.0
32.4,ELS,1,Groom,120,90,0.0
32.4,ELS,1,Groom,150,120,0.0
32.4,ELS,1,Groom,180,150,1.0666666666666669
32.4,ELS,1,Groom,210,180,0.0
32.4,ELS,1,Groom,240,210,0.6666666666666667
32.4,ELS,1,Groom,270,240,0.5333333333333333
32.4,ELS,1,Groom,300,270,0.0
32.4,ELS,1,Groom,330,300,0.0
32.4,ELS,1,Groom,360,330,0.0
32.4,ELS,1,Groom,390,360,0.0
32.4,ELS,1,Groom,420,390,0.2666666666666666
32.4,ELS,1,Groom,450,420,0.1333333333333333
32.4,ELS,1,Turn,30,0,34.13333333333333
32.4,ELS,1,Turn,60,30,38.266666666666666
32.4,ELS,1,Turn,90,60,35.06666666666667
32.4,ELS,1,Turn,120,90,59.06666666666666
32.4,ELS,1,Turn,150,120,76.4
32.4,ELS,1,Turn,180,150,53.599999999999994
32.4,ELS,1,Turn,210,180,64.0
32.4,ELS,1,Turn,240,210,45.333333333333336
32.4,ELS,1,Turn,270,240,34.266666666666666
32.4,ELS,1,Turn,300,270,64.53333333333333
32.4,ELS,1,Turn,330,300,56.39999999999999
32.4,ELS,1,Turn,360,330,28.933333333333337
32.4,ELS,1,Turn,390,360,67.06666666666666
32.4,ELS,1,Turn,420,390,57.733333333333334
32.4,ELS,1,Turn,450,420,49.599999999999994
32.4,ELS,1,Locomotion,30,0,0.5333333333333332
32.4,ELS,1,Locomotion,60,30,4.933333333333334
32.4,ELS,1,Locomotion,90,60,0.0
32.4,ELS,1,Locomotion,120,90,4.666666666666668
32.4,ELS,1,Locomotion,150,120,2.2666666666666666
32.4,ELS,1,Locomotion,180,150,0.9333333333333336
32.4,ELS,1,Locomotion,210,180,0.2666666666666666
32.4,ELS,1,Locomotion,240,210,1.0666666666666669
32.4,ELS,1,Locomotion,270,240,0.8
32.4,ELS,1,Locomotion,300,270,2.1333333333333337
32.4,ELS,1,Locomotion,330,300,1.2
32.4,ELS,1,Locomotion,360,330,0.0
32.4,ELS,1,Locomotion,390,360,0.7999999999999999
32.4,ELS,1,Locomotion,420,390,3.6
32.4,ELS,1,Locomotion,450,420,1.4666666666666668
32.4,ELS,1,Climb,30,0,3.2
32.4,ELS,1,Climb,60,30,10.8
32.4,ELS,1,Climb,90,60,4.133333333333333
32.4,ELS,1,Climb,120,90,0.0
32.4,ELS,1,Climb,150,120,0.0
32.4,ELS,1,Climb,180,150,5.866666666666666
32.4,ELS,1,Climb,210,180,0.0
32.4,ELS,1,Climb,240,210,0.0
32.4,ELS,1,Climb,270,240,0.0
32.4,ELS,1,Climb,300,270,0.0
32.4,ELS,1,Climb,330,300,0.0
32.4,ELS,1,Climb,360,330,0.0
32.4,ELS,1,Climb,390,360,0.0
32.4,ELS,1,Climb,420,390,0.0
32.4,ELS,1,Climb,450,420,0.0
32.4,ELS,1,Jump,30,0,1.3333333333333337
32.4,ELS,1,Jump,60,30,0.4
32.4,ELS,1,Jump,90,60,0.5333333333333333
32.4,ELS,1,Jump,120,90,0.0
32.4,ELS,1,Jump,150,120,0.0
32.4,ELS,1,Jump,180,150,0.0
32.4,ELS,1,Jump,210,180,0.6666666666666667
32.4,ELS,1,Jump,240,210,0.0
32.4,ELS,1,Jump,270,240,0.0
32.4,ELS,1,Jump,300,270,4.266666666666667
32.4,ELS,1,Jump,330,300,0.0
32.4,ELS,1,Jump,360,330,0.0
32.4,ELS,1,Jump,390,360,0.2666666666666666
32.4,ELS,1,Jump,420,390,2.1333333333333333
32.4,ELS,1,Jump,450,420,0.0
34.4,Control,1,Freeze,30,0,0.0
34.4,Control,1,Freeze,60,30,9.6
34.4,Control,1,Freeze,90,60,0.0
34.4,Control,1,Freeze,120,90,0.2666666666666666
34.4,Control,1,Freeze,150,120,0.0
34.4,Control,1,Freeze,180,150,0.0
34.4,Control,1,Freeze,210,180,12.133333333333333
34.4,Control,1,Freeze,240,210,0.0
34.4,Control,1,Freeze,270,240,0.0
34.4,Control,1,Freeze,300,270,7.866666666666666
34.4,Control,1,Freeze,330,300,15.066666666666666
34.4,Control,1,Freeze,360,330,7.866666666666666
34.4,Control,1,Freeze,390,360,6.666666666666667
34.4,Control,1,Freeze,420,390,25.866666666666667
34.4,Control,1,Freeze,450,420,25.466666666666665
34.4,Control,1,Sniff,30,0,0.0
34.4,Control,1,Sniff,60,30,0.0
34.4,Control,1,Sniff,90,60,0.0
34.4,Control,1,Sniff,120,90,0.0
34.4,Control,1,Sniff,150,120,0.0
34.4,Control,1,Sniff,180,150,0.0
34.4,Control,1,Sniff,210,180,0.0
34.4,Control,1,Sniff,240,210,0.0
34.4,Control,1,Sniff,270,240,0.0
34.4,Control,1,Sniff,300,270,5.066666666666666
34.4,Control,1,Sniff,330,300,1.4666666666666666
34.4,Control,1,Sniff,360,330,0.0
34.4,Control,1,Sniff,390,360,22.53333333333333
34.4,Control,1,Sniff,420,390,0.0
34.4,Control,1,Sniff,450,420,0.0
34.4,Control,1,Groom,30,0,0.0
34.4,Control,1,Groom,60,30,0.0
34.4,Control,1,Groom,90,60,0.0
34.4,Control,1,Groom,120,90,0.0
34.4,Control,1,Groom,150,120,0.0
34.4,Control,1,Groom,180,150,0.0
34.4,Control,1,Groom,210,180,0.0
34.4,Control,1,Groom,240,210,0.0
34.4,Control,1,Groom,270,240,0.0
34.4,Control,1,Groom,300,270,0.0
34.4,Control,1,Groom,330,300,0.0
34.4,Control,1,Groom,360,330,0.0
34.4,Control,1,Groom,390,360,0.1333333333333333
34.4,Control,1,Groom,420,390,0.0
34.4,Control,1,Groom,450,420,0.4
34.4,Control,1,Turn,30,0,53.06666666666667
34.4,Control,1,Turn,60,30,48.13333333333333
34.4,Control,1,Turn,90,60,71.6
34.4,Control,1,Turn,120,90,52.400000000000006
34.4,Control,1,Turn,150,120,33.46666666666666
34.4,Control,1,Turn,180,150,41.199999999999996
34.4,Control,1,Turn,210,180,32.13333333333333
34.4,Control,1,Turn,240,210,80.8
34.4,Control,1,Turn,270,240,41.733333333333334
34.4,Control,1,Turn,300,270,59.06666666666666
34.4,Control,1,Turn,330,300,67.86666666666667
34.4,Control,1,Turn,360,330,75.06666666666668
34.4,Control,1,Turn,390,360,26.266666666666666
34.4,Control,1,Turn,420,390,37.333333333333336
34.4,Control,1,Turn,450,420,52.93333333333333
34.4,Control,1,Locomotion,30,0,6.8
34.4,Control,1,Locomotion,60,30,7.733333333333334
34.4,Control,1,Locomotion,90,60,8.666666666666668
34.4,Control,1,Locomotion,120,90,19.333333333333336
34.4,Control,1,Locomotion,150,120,20.0
34.4,Control,1,Locomotion,180,150,26.4
34.4,Control,1,Locomotion,210,180,22.400000000000002
34.4,Control,1,Locomotion,240,210,3.333333333333334
34.4,Control,1,Locomotion,270,240,14.133333333333333
34.4,Control,1,Locomotion,300,270,6.3999999999999995
34.4,Control,1,Locomotion,330,300,0.0
34.4,Control,1,Locomotion,360,330,7.333333333333333
34.4,Control,1,Locomotion,390,360,0.8
34.4,Control,1,Locomotion,420,390,2.6666666666666665
34.4,Control,1,Locomotion,450,420,0.0
34.4,Control,1,Climb,30,0,5.866666666666666
34.4,Control,1,Climb,60,30,6.933333333333333
34.4,Control,1,Climb,90,60,8.4
34.4,Control,1,Climb,120,90,9.2
34.4,Control,1,Climb,150,120,16.53333333333333
34.4,Control,1,Climb,180,150,6.4
34.4,Control,1,Climb,210,180,11.333333333333332
34.4,Control,1,Climb,240,210,0.0
34.4,Control,1,Climb,270,240,18.266666666666666
34.4,Control,1,Climb,300,270,0.0
34.4,Control,1,Climb,330,300,0.0
34.4,Control,1,Climb,360,330,8.933333333333334
34.4,Control,1,Climb,390,360,0.0
34.4,Control,1,Climb,420,390,0.0
34.4,Control,1,Climb,450,420,0.0
34.4,Control,1,Jump,30,0,0.0
34.4,Control,1,Jump,60,30,0.0
34.4,Control,1,Jump,90,60,0.0
34.4,Control,1,Jump,120,90,0.0
34.4,Control,1,Jump,150,120,0.0
34.4,Control,1,Jump,180,150,0.0
34.4,Control,1,Jump,210,180,2.2666666666666666
34.4,Control,1,Jump,240,210,0.0
34.4,Control,1,Jump,270,240,0.0
34.4,Control,1,Jump,300,270,3.2
34.4,Control,1,Jump,330,300,0.0
34.4,Control,1,Jump,360,330,0.0
34.4,Control,1,Jump,390,360,4.133333333333333
34.4,Control,1,Jump,420,390,0.0
34.4,Control,1,Jump,450,420,0.0
34.5,Control,1,Freeze,30,0,1.2
34.5,Control,1,Freeze,60,30,0.0
34.5,Control,1,Freeze,90,60,0.0
34.5,Control,1,Freeze,120,90,0.0
34.5,Control,1,Freeze,150,120,3.333333333333333
34.5,Control,1,Freeze,180,150,0.8
34.5,Control,1,Freeze,210,180,19.333333333333332
34.5,Control,1,Freeze,240,210,33.6
34.5,Control,1,Freeze,270,240,6.0
34.5,Control,1,Freeze,300,270,17.066666666666666
34.5,Control,1,Freeze,330,300,38.13333333333333
34.5,Control,1,Freeze,360,330,12.666666666666668
34.5,Control,1,Freeze,390,360,19.2
34.5,Control,1,Freeze,420,390,28.4
34.5,Control,1,Freeze,450,420,32.4
34.5,Control,1,Sniff,30,0,0.0
34.5,Control,1,Sniff,60,30,0.0
34.5,Control,1,Sniff,90,60,0.0
34.5,Control,1,Sniff,120,90,0.0
34.5,Control,1,Sniff,150,120,0.0
34.5,Control,1,Sniff,180,150,0.0
34.5,Control,1,Sniff,210,180,0.0
34.5,Control,1,Sniff,240,210,0.0
34.5,Control,1,Sniff,270,240,0.0
34.5,Control,1,Sniff,300,270,0.0
34.5,Control,1,Sniff,330,300,0.0
34.5,Control,1,Sniff,360,330,0.0
34.5,Control,1,Sniff,390,360,0.0
34.5,Control,1,Sniff,420,390,0.0
34.5,Control,1,Sniff,450,420,5.733333333333333
34.5,Control,1,Groom,30,0,0.0
34.5,Control,1,Groom,60,30,0.0
34.5,Control,1,Groom,90,60,0.0
34.5,Control,1,Groom,120,90,0.0
34.5,Control,1,Groom,150,120,0.0
34.5,Control,1,Groom,180,150,0.0
34.5,Control,1,Groom,210,180,0.0
34.5,Control,1,Groom,240,210,0.0
34.5,Control,1,Groom,270,240,0.1333333333333333
34.5,Control,1,Groom,300,270,0.0
34.5,Control,1,Groom,330,300,0.0
34.5,Control,1,Groom,360,330,0.0
34.5,Control,1,Groom,390,360,0.0
34.5,Control,1,Groom,420,390,0.0
34.5,Control,1,Groom,450,420,0.0
34.5,Control,1,Turn,30,0,33.599999999999994
34.5,Control,1,Turn,60,30,22.0
34.5,Control,1,Turn,90,60,13.600000000000001
34.5,Control,1,Turn,120,90,18.400000000000002
34.5,Control,1,Turn,150,120,37.333333333333336
34.5,Control,1,Turn,180,150,23.733333333333334
34.5,Control,1,Turn,210,180,43.333333333333336
34.5,Control,1,Turn,240,210,60.266666666666666
34.5,Control,1,Turn,270,240,58.53333333333333
34.5,Control,1,Turn,300,270,46.13333333333333
34.5,Control,1,Turn,330,300,51.599999999999994
34.5,Control,1,Turn,360,330,71.33333333333333
34.5,Control,1,Turn,390,360,66.0
34.5,Control,1,Turn,420,390,37.86666666666667
34.5,Control,1,Turn,450,420,58.666666666666664
34.5,Control,1,Locomotion,30,0,13.466666666666669
34.5,Control,1,Locomotion,60,30,30.93333333333333
34.5,Control,1,Locomotion,90,60,39.06666666666667
34.5,Control,1,Locomotion,120,90,35.2
34.5,Control,1,Locomotion,150,120,18.8
34.5,Control,1,Locomotion,180,150,34.666666666666664
34.5,Control,1,Locomotion,210,180,8.533333333333333
34.5,Control,1,Locomotion,240,210,1.2
34.5,Control,1,Locomotion,270,240,0.9333333333333336
34.5,Control,1,Locomotion,300,270,13.466666666666667
34.5,Control,1,Locomotion,330,300,4.266666666666667
34.5,Control,1,Locomotion,360,330,7.466666666666667
34.5,Control,1,Locomotion,390,360,3.333333333333333
34.5,Control,1,Locomotion,420,390,2.8
34.5,Control,1,Locomotion,450,420,1.3333333333333337
34.5,Control,1,Climb,30,0,0.0
34.5,Control,1,Climb,60,30,7.733333333333333
34.5,Control,1,Climb,90,60,7.199999999999999
34.5,Control,1,Climb,120,90,22.53333333333333
34.5,Control,1,Climb,150,120,21.333333333333336
34.5,Control,1,Climb,180,150,6.266666666666667
34.5,Control,1,Climb,210,180,0.0
34.5,Control,1,Climb,240,210,0.0
34.5,Control,1,Climb,270,240,6.533333333333332
34.5,Control,1,Climb,300,270,3.8666666666666663
34.5,Control,1,Climb,330,300,0.0
34.5,Control,1,Climb,360,330,6.0
34.5,Control,1,Climb,390,360,0.0
34.5,Control,1,Climb,420,390,0.0
34.5,Control,1,Climb,450,420,0.0
34.5,Control,1,Jump,30,0,0.0
34.5,Control,1,Jump,60,30,0.2666666666666666
34.5,Control,1,Jump,90,60,0.0
34.5,Control,1,Jump,120,90,1.2000000000000002
34.5,Control,1,Jump,150,120,3.333333333333333
34.5,Control,1,Jump,180,150,1.7333333333333332
34.5,Control,1,Jump,210,180,2.8000000000000003
34.5,Control,1,Jump,240,210,1.3333333333333337
34.5,Control,1,Jump,270,240,0.0
34.5,Control,1,Jump,300,270,1.7333333333333336
34.5,Control,1,Jump,330,300,0.0
34.5,Control,1,Jump,360,330,0.0
34.5,Control,1,Jump,390,360,3.733333333333333
34.5,Control,1,Jump,420,390,3.3333333333333335
34.5,Control,1,Jump,450,420,0.0
40.4,Control,1,Freeze,30,0,0.0
40.4,Control,1,Freeze,60,30,4.533333333333333
40.4,Control,1,Freeze,90,60,1.2
40.4,Control,1,Freeze,120,90,0.0
40.4,Control,1,Freeze,150,120,2.1333333333333333
40.4,Control,1,Freeze,180,150,2.0
40.4,Control,1,Freeze,210,180,3.2
40.4,Control,1,Freeze,240,210,8.533333333333333
40.4,Control,1,Freeze,270,240,14.266666666666666
40.4,Control,1,Freeze,300,270,16.53333333333333
40.4,Control,1,Freeze,330,300,36.13333333333333
40.4,Control,1,Freeze,360,330,40.0
40.4,Control,1,Freeze,390,360,26.8
40.4,Control,1,Freeze,420,390,22.8
40.4,Control,1,Freeze,450,420,20.266666666666666
40.4,Control,1,Sniff,30,0,0.0
40.4,Control,1,Sniff,60,30,0.0
40.4,Control,1,Sniff,90,60,0.0
40.4,Control,1,Sniff,120,90,0.0
40.4,Control,1,Sniff,150,120,0.0
40.4,Control,1,Sniff,180,150,2.533333333333333
40.4,Control,1,Sniff,210,180,2.8000000000000003
40.4,Control,1,Sniff,240,210,0.0
40.4,Control,1,Sniff,270,240,0.0
40.4,Control,1,Sniff,300,270,0.0
40.4,Control,1,Sniff,330,300,0.0
40.4,Control,1,Sniff,360,330,0.0
40.4,Control,1,Sniff,390,360,0.0
40.4,Control,1,Sniff,420,390,0.0
40.4,Control,1,Sniff,450,420,0.0
40.4,Control,1,Groom,30,0,0.0
40.4,Control,1,Groom,60,30,0.0
40.4,Control,1,Groom,90,60,0.0
40.4,Control,1,Groom,120,90,0.0
40.4,Control,1,Groom,150,120,0.0
40.4,Control,1,Groom,180,150,0.8
40.4,Control,1,Groom,210,180,0.0
40.4,Control,1,Groom,240,210,0.1333333333333333
40.4,Control,1,Groom,270,240,0.5333333333333333
40.4,Control,1,Groom,300,270,0.2666666666666666
40.4,Control,1,Groom,330,300,0.2666666666666666
40.4,Control,1,Groom,360,330,0.0
40.4,Control,1,Groom,390,360,0.0
40.4,Control,1,Groom,420,390,0.2666666666666666
40.4,Control,1,Groom,450,420,0.0
40.4,Control,1,Turn,30,0,17.066666666666663
40.4,Control,1,Turn,60,30,23.6
40.4,Control,1,Turn,90,60,17.46666666666667
40.4,Control,1,Turn,120,90,7.2
40.4,Control,1,Turn,150,120,19.2
40.4,Control,1,Turn,180,150,38.266666666666666
40.4,Control,1,Turn,210,180,53.46666666666666
40.4,Control,1,Turn,240,210,27.733333333333334
40.4,Control,1,Turn,270,240,57.06666666666667
40.4,Control,1,Turn,300,270,49.599999999999994
40.4,Control,1,Turn,330,300,21.06666666666667
40.4,Control,1,Turn,360,330,29.999999999999996
40.4,Control,1,Turn,390,360,49.333333333333336
40.4,Control,1,Turn,420,390,20.666666666666664
40.4,Control,1,Turn,450,420,40.0
40.4,Control,1,Locomotion,30,0,14.799999999999999
40.4,Control,1,Locomotion,60,30,21.466666666666665
40.4,Control,1,Locomotion,90,60,20.933333333333334
40.4,Control,1,Locomotion,120,90,28.933333333333334
40.4,Control,1,Locomotion,150,120,20.266666666666666
40.4,Control,1,Locomotion,180,150,14.133333333333333
40.4,Control,1,Locomotion,210,180,13.200000000000001
40.4,Control,1,Locomotion,240,210,2.666666666666667
40.4,Control,1,Locomotion,270,240,2.8
40.4,Control,1,Locomotion,300,270,1.3333333333333335
40.4,Control,1,Locomotion,330,300,1.8666666666666667
40.4,Control,1,Locomotion,360,330,5.733333333333333
40.4,Control,1,Locomotion,390,360,3.066666666666667
40.4,Control,1,Locomotion,420,390,4.4
40.4,Control,1,Locomotion,450,420,1.4666666666666666
40.4,Control,1,Climb,30,0,0.0
40.4,Control,1,Climb,60,30,0.0
40.4,Control,1,Climb,90,60,15.066666666666666
40.4,Control,1,Climb,120,90,25.333333333333336
40.4,Control,1,Climb,150,120,14.133333333333336
40.4,Control,1,Climb,180,150,0.0
40.4,Control,1,Climb,210,180,0.0
40.4,Control,1,Climb,240,210,0.0
40.4,Control,1,Climb,270,240,3.333333333333333
40.4,Control,1,Climb,300,270,0.0
40.4,Control,1,Climb,330,300,3.6
40.4,Control,1,Climb,360,330,4.8
40.4,Control,1,Climb,390,360,0.0
40.4,Control,1,Climb,420,390,0.0
40.4,Control,1,Climb,450,420,0.0
40.4,Control,1,Jump,30,0,4.133333333333334
40.4,Control,1,Jump,60,30,0.3999999999999999
40.4,Control,1,Jump,90,60,1.0666666666666667
40.4,Control,1,Jump,120,90,0.9333333333333336
40.4,Control,1,Jump,150,120,0.0
40.4,Control,1,Jump,180,150,0.0
40.4,Control,1,Jump,210,180,0.0
40.4,Control,1,Jump,240,210,0.0
40.4,Control,1,Jump,270,240,0.0
40.4,Control,1,Jump,300,270,0.5333333333333333
40.4,Control,1,Jump,330,300,0.0
40.4,Control,1,Jump,360,330,0.0
40.4,Control,1,Jump,390,360,0.0
40.4,Control,1,Jump,420,390,0.6666666666666666
40.4,Control,1,Jump,450,420,0.4
40.6,Control,1,Freeze,30,0,0.0
40.6,Control,1,Freeze,60,30,5.866666666666666
40.6,Control,1,Freeze,90,60,0.0
40.6,Control,1,Freeze,120,90,4.133333333333333
40.6,Control,1,Freeze,150,120,9.333333333333334
40.6,Control,1,Freeze,180,150,22.666666666666664
40.6,Control,1,Freeze,210,180,8.266666666666666
40.6,Control,1,Freeze,240,210,15.466666666666665
40.6,Control,1,Freeze,270,240,28.26666666666667
40.6,Control,1,Freeze,300,270,17.066666666666666
40.6,Control,1,Freeze,330,300,14.266666666666666
40.6,Control,1,Freeze,360,330,34.0
40.6,Control,1,Freeze,390,360,24.53333333333333
40.6,Control,1,Freeze,420,390,10.533333333333331
40.6,Control,1,Freeze,450,420,28.000000000000004
40.6,Control,1,Sniff,30,0,3.4666666666666663
40.6,Control,1,Sniff,60,30,0.0
40.6,Control,1,Sniff,90,60,0.0
40.6,Control,1,Sniff,120,90,0.0
40.6,Control,1,Sniff,150,120,0.0
40.6,Control,1,Sniff,180,150,5.466666666666667
40.6,Control,1,Sniff,210,180,1.3333333333333337
40.6,Control,1,Sniff,240,210,2.4
40.6,Control,1,Sniff,270,240,0.0
40.6,Control,1,Sniff,300,270,6.266666666666667
40.6,Control,1,Sniff,330,300,0.0
40.6,Control,1,Sniff,360,330,12.4
40.6,Control,1,Sniff,390,360,0.0
40.6,Control,1,Sniff,420,390,3.4666666666666663
40.6,Control,1,Sniff,450,420,0.0
40.6,Control,1,Groom,30,0,0.0
40.6,Control,1,Groom,60,30,0.0
40.6,Control,1,Groom,90,60,0.0
40.6,Control,1,Groom,120,90,0.0
40.6,Control,1,Groom,150,120,0.0
40.6,Control,1,Groom,180,150,0.0
40.6,Control,1,Groom,210,180,0.0
40.6,Control,1,Groom,240,210,0.0
40.6,Control,1,Groom,270,240,0.0
40.6,Control,1,Groom,300,270,0.0
40.6,Control,1,Groom,330,300,0.0
40.6,Control,1,Groom,360,330,0.0
40.6,Control,1,Groom,390,360,0.0
40.6,Control,1,Groom,420,390,0.6666666666666667
40.6,Control,1,Groom,450,420,0.0
40.6,Control,1,Turn,30,0,27.733333333333334
40.6,Control,1,Turn,60,30,34.266666666666666
40.6,Control,1,Turn,90,60,38.66666666666667
40.6,Control,1,Turn,120,90,40.266666666666666
40.6,Control,1,Turn,150,120,36.13333333333333
40.6,Control,1,Turn,180,150,49.6
40.6,Control,1,Turn,210,180,56.266666666666666
40.6,Control,1,Turn,240,210,34.266666666666666
40.6,Control,1,Turn,270,240,56.666666666666664
40.6,Control,1,Turn,300,270,28.53333333333333
40.6,Control,1,Turn,330,300,36.4
40.6,Control,1,Turn,360,330,27.333333333333336
40.6,Control,1,Turn,390,360,36.0
40.6,Control,1,Turn,420,390,68.8
40.6,Control,1,Turn,450,420,42.0
40.6,Control,1,Locomotion,30,0,17.866666666666667
40.6,Control,1,Locomotion,60,30,13.333333333333332
40.6,Control,1,Locomotion,90,60,21.333333333333332
40.6,Control,1,Locomotion,120,90,15.733333333333334
40.6,Control,1,Locomotion,150,120,12.399999999999999
40.6,Control,1,Locomotion,180,150,5.6000000000000005
40.6,Control,1,Locomotion,210,180,14.8
40.6,Control,1,Locomotion,240,210,12.933333333333334
40.6,Control,1,Locomotion,270,240,0.6666666666666667
40.6,Control,1,Locomotion,300,270,6.0
40.6,Control,1,Locomotion,330,300,14.933333333333332
40.6,Control,1,Locomotion,360,330,0.5333333333333333
40.6,Control,1,Locomotion,390,360,2.0000000000000004
40.6,Control,1,Locomotion,420,390,0.0
40.6,Control,1,Locomotion,450,420,7.466666666666667
40.6,Control,1,Climb,30,0,0.0
40.6,Control,1,Climb,60,30,7.733333333333333
40.6,Control,1,Climb,90,60,5.066666666666666
40.6,Control,1,Climb,120,90,10.4
40.6,Control,1,Climb,150,120,9.866666666666667
40.6,Control,1,Climb,180,150,9.066666666666666
40.6,Control,1,Climb,210,180,11.333333333333332
40.6,Control,1,Climb,240,210,0.0
40.6,Control,1,Climb,270,240,0.0
40.6,Control,1,Climb,300,270,0.0
40.6,Control,1,Climb,330,300,0.0
40.6,Control,1,Climb,360,330,0.0
40.6,Control,1,Climb,390,360,10.266666666666667
40.6,Control,1,Climb,420,390,0.0
40.6,Control,1,Climb,450,420,0.0
40.6,Control,1,Jump,30,0,0.1333333333333333
40.6,Control,1,Jump,60,30,0.5333333333333333
40.6,Control,1,Jump,90,60,1.2
40.6,Control,1,Jump,120,90,0.0
40.6,Control,1,Jump,150,120,0.0
40.6,Control,1,Jump,180,150,0.0
40.6,Control,1,Jump,210,180,5.199999999999999
40.6,Control,1,Jump,240,210,0.9333333333333336
40.6,Control,1,Jump,270,240,0.0
40.6,Control,1,Jump,300,270,0.9333333333333333
40.6,Control,1,Jump,330,300,0.5333333333333333
40.6,Control,1,Jump,360,330,0.0
40.6,Control,1,Jump,390,360,0.1333333333333333
40.6,Control,1,Jump,420,390,1.2
40.6,Control,1,Jump,450,420,0.0
41.4,Control,1,Freeze,30,0,1.2
41.4,Control,1,Freeze,60,30,0.0
41.4,Control,1,Freeze,90,60,2.8
41.4,Control,1,Freeze,120,90,22.4
41.4,Control,1,Freeze,150,120,5.333333333333333
41.4,Control,1,Freeze,180,150,5.866666666666666
41.4,Control,1,Freeze,210,180,3.8666666666666663
41.4,Control,1,Freeze,240,210,18.266666666666666
41.4,Control,1,Freeze,270,240,16.266666666666666
41.4,Control,1,Freeze,300,270,40.66666666666666
41.4,Control,1,Freeze,330,300,20.4
41.4,Control,1,Freeze,360,330,31.066666666666666
41.4,Control,1,Freeze,390,360,52.8
41.4,Control,1,Freeze,420,390,90.4
41.4,Control,1,Freeze,450,420,66.4
41.4,Control,1,Sniff,30,0,0.0
41.4,Control,1,Sniff,60,30,2.4
41.4,Control,1,Sniff,90,60,0.0
41.4,Control,1,Sniff,120,90,2.933333333333333
41.4,Control,1,Sniff,150,120,8.799999999999999
41.4,Control,1,Sniff,180,150,0.0
41.4,Control,1,Sniff,210,180,0.0
41.4,Control,1,Sniff,240,210,0.0
41.4,Control,1,Sniff,270,240,5.066666666666666
41.4,Control,1,Sniff,300,270,2.533333333333333
41.4,Control,1,Sniff,330,300,0.0
41.4,Control,1,Sniff,360,330,4.266666666666667
41.4,Control,1,Sniff,390,360,0.0
41.4,Control,1,Sniff,420,390,0.0
41.4,Control,1,Sniff,450,420,0.0
41.4,Control,1,Groom,30,0,0.0
41.4,Control,1,Groom,60,30,0.1333333333333333
41.4,Control,1,Groom,90,60,0.0
41.4,Control,1,Groom,120,90,0.0
41.4,Control,1,Groom,150,120,0.0
41.4,Control,1,Groom,180,150,0.0
41.4,Control,1,Groom,210,180,0.0
41.4,Control,1,Groom,240,210,0.1333333333333333
41.4,Control,1,Groom,270,240,0.0
41.4,Control,1,Groom,300,270,0.6666666666666667
41.4,Control,1,Groom,330,300,0.0
41.4,Control,1,Groom,360,330,0.0
41.4,Control,1,Groom,390,360,0.0
41.4,Control,1,Groom,420,390,0.0
41.4,Control,1,Groom,450,420,0.0
41.4,Control,1,Turn,30,0,20.266666666666666
41.4,Control,1,Turn,60,30,55.199999999999996
41.4,Control,1,Turn,90,60,44.13333333333334
41.4,Control,1,Turn,120,90,32.800000000000004
41.4,Control,1,Turn,150,120,58.800000000000004
41.4,Control,1,Turn,180,150,60.4
41.4,Control,1,Turn,210,180,27.599999999999998
41.4,Control,1,Turn,240,210,37.733333333333334
41.4,Control,1,Turn,270,240,57.99999999999999
41.4,Control,1,Turn,300,270,21.2
41.4,Control,1,Turn,330,300,49.733333333333334
41.4,Control,1,Turn,360,330,8.0
41.4,Control,1,Turn,390,360,20.26666666666667
41.4,Control,1,Turn,420,390,4.8
41.4,Control,1,Turn,450,420,26.133333333333336
41.4,Control,1,Locomotion,30,0,13.466666666666667
41.4,Control,1,Locomotion,60,30,5.2
41.4,Control,1,Locomotion,90,60,8.266666666666666
41.4,Control,1,Locomotion,120,90,4.133333333333334
41.4,Control,1,Locomotion,150,120,8.266666666666666
41.4,Control,1,Locomotion,180,150,14.933333333333334
41.4,Control,1,Locomotion,210,180,19.866666666666667
41.4,Control,1,Locomotion,240,210,14.8
41.4,Control,1,Locomotion,270,240,4.666666666666667
41.4,Control,1,Locomotion,300,270,5.466666666666667
41.4,Control,1,Locomotion,330,300,1.0666666666666669
41.4,Control,1,Locomotion,360,330,0.0
41.4,Control,1,Locomotion,390,360,4.666666666666668
41.4,Control,1,Locomotion,420,390,2.4
41.4,Control,1,Locomotion,450,420,0.9333333333333336
41.4,Control,1,Climb,30,0,0.0
41.4,Control,1,Climb,60,30,0.0
41.4,Control,1,Climb,90,60,0.0
41.4,Control,1,Climb,120,90,0.0
41.4,Control,1,Climb,150,120,4.4
41.4,Control,1,Climb,180,150,0.0
41.4,Control,1,Climb,210,180,8.666666666666668
41.4,Control,1,Climb,240,210,0.0
41.4,Control,1,Climb,270,240,0.0
41.4,Control,1,Climb,300,270,0.0
41.4,Control,1,Climb,330,300,0.0
41.4,Control,1,Climb,360,330,0.0
41.4,Control,1,Climb,390,360,0.0
41.4,Control,1,Climb,420,390,0.0
41.4,Control,1,Climb,450,420,0.0
41.4,Control,1,Jump,30,0,0.3999999999999999
41.4,Control,1,Jump,60,30,0.0
41.4,Control,1,Jump,90,60,0.0
41.4,Control,1,Jump,120,90,0.0
41.4,Control,1,Jump,150,120,0.0
41.4,Control,1,Jump,180,150,0.4
41.4,Control,1,Jump,210,180,1.0666666666666669
41.4,Control,1,Jump,240,210,0.5333333333333333
41.4,Control,1,Jump,270,240,0.0
41.4,Control,1,Jump,300,270,1.6
41.4,Control,1,Jump,330,300,0.0
41.4,Control,1,Jump,360,330,0.1333333333333333
41.4,Control,1,Jump,390,360,2.666666666666667
41.4,Control,1,Jump,420,390,0.9333333333333336
41.4,Control,1,Jump,450,420,0.0
41.5,Control,1,Freeze,30,0,11.333333333333332
41.5,Control,1,Freeze,60,30,5.733333333333333
41.5,Control,1,Freeze,90,60,4.0
41.5,Control,1,Freeze,120,90,4.266666666666667
41.5,Control,1,Freeze,150,120,13.066666666666665
41.5,Control,1,Freeze,180,150,0.0
41.5,Control,1,Freeze,210,180,3.2
41.5,Control,1,Freeze,240,210,14.000000000000002
41.5,Control,1,Freeze,270,240,52.0
41.5,Control,1,Freeze,300,270,21.333333333333332
41.5,Control,1,Freeze,330,300,30.8
41.5,Control,1,Freeze,360,330,31.999999999999996
41.5,Control,1,Freeze,390,360,48.0
41.5,Control,1,Freeze,420,390,36.8
41.5,Control,1,Freeze,450,420,37.06666666666666
41.5,Control,1,Sniff,30,0,0.0
41.5,Control,1,Sniff,60,30,0.0
41.5,Control,1,Sniff,90,60,0.0
41.5,Control,1,Sniff,120,90,0.0
41.5,Control,1,Sniff,150,120,0.0
41.5,Control,1,Sniff,180,150,0.0
41.5,Control,1,Sniff,210,180,0.0
41.5,Control,1,Sniff,240,210,0.0
41.5,Control,1,Sniff,270,240,2.2666666666666666
41.5,Control,1,Sniff,300,270,5.466666666666667
41.5,Control,1,Sniff,330,300,0.0
41.5,Control,1,Sniff,360,330,0.0
41.5,Control,1,Sniff,390,360,3.4666666666666663
41.5,Control,1,Sniff,420,390,2.666666666666667
41.5,Control,1,Sniff,450,420,10.133333333333333
41.5,Control,1,Groom,30,0,0.0
41.5,Control,1,Groom,60,30,0.0
41.5,Control,1,Groom,90,60,0.0
41.5,Control,1,Groom,120,90,0.2666666666666666
41.5,Control,1,Groom,150,120,0.0
41.5,Control,1,Groom,180,150,0.0
41.5,Control,1,Groom,210,180,0.0
41.5,Control,1,Groom,240,210,0.0
41.5,Control,1,Groom,270,240,0.0
41.5,Control,1,Groom,300,270,0.0
41.5,Control,1,Groom,330,300,0.0
41.5,Control,1,Groom,360,330,0.0
41.5,Control,1,Groom,390,360,0.0
41.5,Control,1,Groom,420,390,0.0
41.5,Control,1,Groom,450,420,0.0
41.5,Control,1,Turn,30,0,23.2
41.5,Control,1,Turn,60,30,40.13333333333334
41.5,Control,1,Turn,90,60,40.8
41.5,Control,1,Turn,120,90,47.199999999999996
41.5,Control,1,Turn,150,120,58.53333333333333
41.5,Control,1,Turn,180,150,52.53333333333333
41.5,Control,1,Turn,210,180,32.13333333333333
41.5,Control,1,Turn,240,210,48.0
41.5,Control,1,Turn,270,240,39.46666666666667
41.5,Control,1,Turn,300,270,31.333333333333332
41.5,Control,1,Turn,330,300,52.93333333333333
41.5,Control,1,Turn,360,330,61.99999999999999
41.5,Control,1,Turn,390,360,24.4
41.5,Control,1,Turn,420,390,31.46666666666667
41.5,Control,1,Turn,450,420,41.06666666666667
41.5,Control,1,Locomotion,30,0,9.6
41.5,Control,1,Locomotion,60,30,17.6
41.5,Control,1,Locomotion,90,60,18.666666666666664
41.5,Control,1,Locomotion,120,90,13.866666666666667
41.5,Control,1,Locomotion,150,120,5.466666666666667
41.5,Control,1,Locomotion,180,150,12.8
41.5,Control,1,Locomotion,210,180,9.866666666666665
41.5,Control,1,Locomotion,240,210,6.666666666666668
41.5,Control,1,Locomotion,270,240,0.0
41.5,Control,1,Locomotion,300,270,0.8
41.5,Control,1,Locomotion,330,300,4.933333333333334
41.5,Control,1,Locomotion,360,330,1.8666666666666667
41.5,Control,1,Locomotion,390,360,1.4666666666666666
41.5,Control,1,Locomotion,420,390,3.2
41.5,Control,1,Locomotion,450,420,6.0
41.5,Control,1,Climb,30,0,0.0
41.5,Control,1,Climb,60,30,0.0
41.5,Control,1,Climb,90,60,0.0
41.5,Control,1,Climb,120,90,9.866666666666667
41.5,Control,1,Climb,150,120,3.4666666666666663
41.5,Control,1,Climb,180,150,0.6666666666666667
41.5,Control,1,Climb,210,180,5.866666666666666
41.5,Control,1,Climb,240,210,0.0
41.5,Control,1,Climb,270,240,0.0
41.5,Control,1,Climb,300,270,8.933333333333334
41.5,Control,1,Climb,330,300,0.0
41.5,Control,1,Climb,360,330,0.0
41.5,Control,1,Climb,390,360,0.0
41.5,Control,1,Climb,420,390,0.0
41.5,Control,1,Climb,450,420,0.0
41.5,Control,1,Jump,30,0,0.5333333333333333
41.5,Control,1,Jump,60,30,0.0
41.5,Control,1,Jump,90,60,0.0
41.5,Control,1,Jump,120,90,0.4
41.5,Control,1,Jump,150,120,0.0
41.5,Control,1,Jump,180,150,0.0
41.5,Control,1,Jump,210,180,0.8
41.5,Control,1,Jump,240,210,0.8
41.5,Control,1,Jump,270,240,0.0
41.5,Control,1,Jump,300,270,0.0
41.5,Control,1,Jump,330,300,0.2666666666666666
41.5,Control,1,Jump,360,330,0.0
41.5,Control,1,Jump,390,360,2.533333333333333
41.5,Control,1,Jump,420,390,1.7333333333333332
41.5,Control,1,Jump,450,420,0.0
41.6,Control,1,Freeze,30,0,1.4666666666666666
41.6,Control,1,Freeze,60,30,0.0
41.6,Control,1,Freeze,90,60,0.9333333333333336
41.6,Control,1,Freeze,120,90,2.8000000000000003
41.6,Control,1,Freeze,150,120,0.9333333333333336
41.6,Control,1,Freeze,180,150,0.0
41.6,Control,1,Freeze,210,180,1.4666666666666666
41.6,Control,1,Freeze,240,210,10.933333333333334
41.6,Control,1,Freeze,270,240,28.933333333333334
41.6,Control,1,Freeze,300,270,9.866666666666667
41.6,Control,1,Freeze,330,300,31.866666666666667
41.6,Control,1,Freeze,360,330,52.66666666666666
41.6,Control,1,Freeze,390,360,52.0
41.6,Control,1,Freeze,420,390,42.0
41.6,Control,1,Freeze,450,420,77.73333333333333
41.6,Control,1,Sniff,30,0,0.0
41.6,Control,1,Sniff,60,30,0.0
41.6,Control,1,Sniff,90,60,0.0
41.6,Control,1,Sniff,120,90,0.0
41.6,Control,1,Sniff,150,120,0.0
41.6,Control,1,Sniff,180,150,0.0
41.6,Control,1,Sniff,210,180,2.8000000000000003
41.6,Control,1,Sniff,240,210,4.666666666666667
41.6,Control,1,Sniff,270,240,0.0
41.6,Control,1,Sniff,300,270,0.0
41.6,Control,1,Sniff,330,300,0.0
41.6,Control,1,Sniff,360,330,0.0
41.6,Control,1,Sniff,390,360,0.0
41.6,Control,1,Sniff,420,390,5.733333333333333
41.6,Control,1,Sniff,450,420,0.0
41.6,Control,1,Groom,30,0,0.0
41.6,Control,1,Groom,60,30,0.0
41.6,Control,1,Groom,90,60,0.2666666666666666
41.6,Control,1,Groom,120,90,0.0
41.6,Control,1,Groom,150,120,0.0
41.6,Control,1,Groom,180,150,0.4
41.6,Control,1,Groom,210,180,0.0
41.6,Control,1,Groom,240,210,0.0
41.6,Control,1,Groom,270,240,0.0
41.6,Control,1,Groom,300,270,0.0
41.6,Control,1,Groom,330,300,0.0
41.6,Control,1,Groom,360,330,0.0
41.6,Control,1,Groom,390,360,0.0
41.6,Control,1,Groom,420,390,0.0
41.6,Control,1,Groom,450,420,0.0
41.6,Control,1,Turn,30,0,34.0
41.6,Control,1,Turn,60,30,60.26666666666666
41.6,Control,1,Turn,90,60,41.333333333333336
41.6,Control,1,Turn,120,90,55.6
41.6,Control,1,Turn,150,120,33.46666666666666
41.6,Control,1,Turn,180,150,16.8
41.6,Control,1,Turn,210,180,46.53333333333333
41.6,Control,1,Turn,240,210,46.8
41.6,Control,1,Turn,270,240,58.8
41.6,Control,1,Turn,300,270,48.0
41.6,Control,1,Turn,330,300,56.8
41.6,Control,1,Turn,360,330,39.333333333333336
41.6,Control,1,Turn,390,360,29.333333333333332
41.6,Control,1,Turn,420,390,33.46666666666667
41.6,Control,1,Turn,450,420,12.666666666666668
41.6,Control,1,Locomotion,30,0,23.6
41.6,Control,1,Locomotion,60,30,2.2666666666666675
41.6,Control,1,Locomotion,90,60,8.0
41.6,Control,1,Locomotion,120,90,15.466666666666669
41.6,Control,1,Locomotion,150,120,0.0
41.6,Control,1,Locomotion,180,150,10.666666666666666
41.6,Control,1,Locomotion,210,180,16.4
41.6,Control,1,Locomotion,240,210,2.1333333333333337
41.6,Control,1,Locomotion,270,240,1.0666666666666669
41.6,Control,1,Locomotion,300,270,9.6
41.6,Control,1,Locomotion,330,300,1.0666666666666669
41.6,Control,1,Locomotion,360,330,0.2666666666666666
41.6,Control,1,Locomotion,390,360,0.5333333333333333
41.6,Control,1,Locomotion,420,390,4.800000000000001
41.6,Control,1,Locomotion,450,420,0.0
41.6,Control,1,Climb,30,0,0.0
41.6,Control,1,Climb,60,30,0.0
41.6,Control,1,Climb,90,60,12.666666666666668
41.6,Control,1,Climb,120,90,14.4
41.6,Control,1,Climb,150,120,0.0
41.6,Control,1,Climb,180,150,32.800000000000004
41.6,Control,1,Climb,210,180,2.666666666666667
41.6,Control,1,Climb,240,210,0.0
41.6,Control,1,Climb,270,240,0.0
41.6,Control,1,Climb,300,270,7.333333333333333
41.6,Control,1,Climb,330,300,0.0
41.6,Control,1,Climb,360,330,0.0
41.6,Control,1,Climb,390,360,0.0
41.6,Control,1,Climb,420,390,3.0666666666666664
41.6,Control,1,Climb,450,420,0.0
41.6,Control,1,Jump,30,0,0.0
41.6,Control,1,Jump,60,30,0.0
41.6,Control,1,Jump,90,60,0.0
41.6,Control,1,Jump,120,90,0.2666666666666666
41.6,Control,1,Jump,150,120,0.0
41.6,Control,1,Jump,180,150,0.0
41.6,Control,1,Jump,210,180,5.6
41.6,Control,1,Jump,240,210,0.5333333333333333
41.6,Control,1,Jump,270,240,0.0
41.6,Control,1,Jump,300,270,0.8
41.6,Control,1,Jump,330,300,3.466666666666667
41.6,Control,1,Jump,360,330,0.0
41.6,Control,1,Jump,390,360,5.333333333333334
41.6,Control,1,Jump,420,390,2.2666666666666666
41.6,Control,1,Jump,450,420,0.0
43.3,ELS,1,Freeze,30,0,0.0
43.3,ELS,1,Freeze,60,30,2.1333333333333333
43.3,ELS,1,Freeze,90,60,0.0
43.3,ELS,1,Freeze,120,90,2.533333333333333
43.3,ELS,1,Freeze,150,120,3.733333333333334
43.3,ELS,1,Freeze,180,150,0.0
43.3,ELS,1,Freeze,210,180,2.2666666666666666
43.3,ELS,1,Freeze,240,210,27.33333333333333
43.3,ELS,1,Freeze,270,240,16.533333333333335
43.3,ELS,1,Freeze,300,270,24.399999999999995
43.3,ELS,1,Freeze,330,300,18.0
43.3,ELS,1,Freeze,360,330,18.4
43.3,ELS,1,Freeze,390,360,27.200000000000003
43.3,ELS,1,Freeze,420,390,38.266666666666666
43.3,ELS,1,Freeze,450,420,46.0
43.3,ELS,1,Sniff,30,0,0.0
43.3,ELS,1,Sniff,60,30,0.0
43.3,ELS,1,Sniff,90,60,3.0666666666666664
43.3,ELS,1,Sniff,120,90,3.8666666666666663
43.3,ELS,1,Sniff,150,120,0.0
43.3,ELS,1,Sniff,180,150,0.0
43.3,ELS,1,Sniff,210,180,8.933333333333334
43.3,ELS,1,Sniff,240,210,0.0
43.3,ELS,1,Sniff,270,240,0.0
43.3,ELS,1,Sniff,300,270,0.0
43.3,ELS,1,Sniff,330,300,0.0
43.3,ELS,1,Sniff,360,330,0.0
43.3,ELS,1,Sniff,390,360,4.0
43.3,ELS,1,Sniff,420,390,7.333333333333334
43.3,ELS,1,Sniff,450,420,1.4666666666666666
43.3,ELS,1,Groom,30,0,0.4
43.3,ELS,1,Groom,60,30,0.0
43.3,ELS,1,Groom,90,60,0.0
43.3,ELS,1,Groom,120,90,0.0
43.3,ELS,1,Groom,150,120,0.0
43.3,ELS,1,Groom,180,150,0.2666666666666666
43.3,ELS,1,Groom,210,180,0.0
43.3,ELS,1,Groom,240,210,0.0
43.3,ELS,1,Groom,270,240,0.0
43.3,ELS,1,Groom,300,270,0.0
43.3,ELS,1,Groom,330,300,0.0
43.3,ELS,1,Groom,360,330,0.0
43.3,ELS,1,Groom,390,360,0.0
43.3,ELS,1,Groom,420,390,0.0
43.3,ELS,1,Groom,450,420,0.0
43.3,ELS,1,Turn,30,0,28.133333333333336
43.3,ELS,1,Turn,60,30,28.0
43.3,ELS,1,Turn,90,60,42.800000000000004
43.3,ELS,1,Turn,120,90,36.8
43.3,ELS,1,Turn,150,120,54.4
43.3,ELS,1,Turn,180,150,44.266666666666666
43.3,ELS,1,Turn,210,180,26.0
43.3,ELS,1,Turn,240,210,46.53333333333333
43.3,ELS,1,Turn,270,240,38.800000000000004
43.3,ELS,1,Turn,300,270,40.266666666666666
43.3,ELS,1,Turn,330,300,46.0
43.3,ELS,1,Turn,360,330,32.8
43.3,ELS,1,Turn,390,360,36.93333333333334
43.3,ELS,1,Turn,420,390,35.6
43.3,ELS,1,Turn,450,420,37.06666666666666
43.3,ELS,1,Locomotion,30,0,22.133333333333333
43.3,ELS,1,Locomotion,60,30,21.73333333333333
43.3,ELS,1,Locomotion,90,60,15.066666666666666
43.3,ELS,1,Locomotion,120,90,19.6
43.3,ELS,1,Locomotion,150,120,11.066666666666666
43.3,ELS,1,Locomotion,180,150,11.066666666666666
43.3,ELS,1,Locomotion,210,180,12.133333333333333
43.3,ELS,1,Locomotion,240,210,0.4
43.3,ELS,1,Locomotion,270,240,9.866666666666667
43.3,ELS,1,Locomotion,300,270,6.0
43.3,ELS,1,Locomotion,330,300,7.466666666666668
43.3,ELS,1,Locomotion,360,330,4.533333333333333
43.3,ELS,1,Locomotion,390,360,7.2
43.3,ELS,1,Locomotion,420,390,1.7333333333333338
43.3,ELS,1,Locomotion,450,420,2.8000000000000003
43.3,ELS,1,Climb,30,0,4.266666666666667
43.3,ELS,1,Climb,60,30,16.400000000000002
43.3,ELS,1,Climb,90,60,15.066666666666666
43.3,ELS,1,Climb,120,90,21.333333333333336
43.3,ELS,1,Climb,150,120,13.333333333333334
43.3,ELS,1,Climb,180,150,8.799999999999999
43.3,ELS,1,Climb,210,180,15.866666666666667
43.3,ELS,1,Climb,240,210,0.0
43.3,ELS,1,Climb,270,240,8.933333333333334
43.3,ELS,1,Climb,300,270,5.466666666666667
43.3,ELS,1,Climb,330,300,0.0
43.3,ELS,1,Climb,360,330,10.133333333333333
43.3,ELS,1,Climb,390,360,3.4666666666666663
43.3,ELS,1,Climb,420,390,5.466666666666667
43.3,ELS,1,Climb,450,420,0.0
43.3,ELS,1,Jump,30,0,0.6666666666666667
43.3,ELS,1,Jump,60,30,0.0
43.3,ELS,1,Jump,90,60,0.0
43.3,ELS,1,Jump,120,90,2.1333333333333333
43.3,ELS,1,Jump,150,120,0.6666666666666667
43.3,ELS,1,Jump,180,150,0.0
43.3,ELS,1,Jump,210,180,5.466666666666667
43.3,ELS,1,Jump,240,210,0.2666666666666666
43.3,ELS,1,Jump,270,240,0.0
43.3,ELS,1,Jump,300,270,2.1333333333333333
43.3,ELS,1,Jump,330,300,1.0666666666666669
43.3,ELS,1,Jump,360,330,0.0
43.3,ELS,1,Jump,390,360,3.5999999999999996
43.3,ELS,1,Jump,420,390,0.0
43.3,ELS,1,Jump,450,420,0.0
43.5,ELS,1,Freeze,30,0,0.0
43.5,ELS,1,Freeze,60,30,3.2
43.5,ELS,1,Freeze,90,60,6.0
43.5,ELS,1,Freeze,120,90,2.8000000000000003
43.5,ELS,1,Freeze,150,120,0.0
43.5,ELS,1,Freeze,180,150,5.2
43.5,ELS,1,Freeze,210,180,4.8
43.5,ELS,1,Freeze,240,210,26.8
43.5,ELS,1,Freeze,270,240,25.466666666666665
43.5,ELS,1,Freeze,300,270,5.066666666666666
43.5,ELS,1,Freeze,330,300,23.6
43.5,ELS,1,Freeze,360,330,34.0
43.5,ELS,1,Freeze,390,360,35.06666666666667
43.5,ELS,1,Freeze,420,390,53.73333333333333
43.5,ELS,1,Freeze,450,420,22.933333333333334
43.5,ELS,1,Sniff,30,0,4.933333333333334
43.5,ELS,1,Sniff,60,30,0.0
43.5,ELS,1,Sniff,90,60,1.866666666666667
43.5,ELS,1,Sniff,120,90,0.0
43.5,ELS,1,Sniff,150,120,0.0
43.5,ELS,1,Sniff,180,150,0.0
43.5,ELS,1,Sniff,210,180,0.0
43.5,ELS,1,Sniff,240,210,4.666666666666667
43.5,ELS,1,Sniff,270,240,0.0
43.5,ELS,1,Sniff,300,270,0.0
43.5,ELS,1,Sniff,330,300,0.0
43.5,ELS,1,Sniff,360,330,0.0
43.5,ELS,1,Sniff,390,360,7.199999999999999
43.5,ELS,1,Sniff,420,390,0.0
43.5,ELS,1,Sniff,450,420,0.0
43.5,ELS,1,Groom,30,0,0.0
43.5,ELS,1,Groom,60,30,0.0
43.5,ELS,1,Groom,90,60,0.0
43.5,ELS,1,Groom,120,90,0.0
43.5,ELS,1,Groom,150,120,0.0
43.5,ELS,1,Groom,180,150,0.0
43.5,ELS,1,Groom,210,180,0.0
43.5,ELS,1,Groom,240,210,0.0
43.5,ELS,1,Groom,270,240,0.0
43.5,ELS,1,Groom,300,270,0.0
43.5,ELS,1,Groom,330,300,0.0
43.5,ELS,1,Groom,360,330,0.0
43.5,ELS,1,Groom,390,360,0.0
43.5,ELS,1,Groom,420,390,0.0
43.5,ELS,1,Groom,450,420,0.0
43.5,ELS,1,Turn,30,0,32.53333333333333
43.5,ELS,1,Turn,60,30,40.4
43.5,ELS,1,Turn,90,60,45.06666666666667
43.5,ELS,1,Turn,120,90,55.2
43.5,ELS,1,Turn,150,120,13.066666666666666
43.5,ELS,1,Turn,180,150,31.333333333333336
43.5,ELS,1,Turn,210,180,30.533333333333335
43.5,ELS,1,Turn,240,210,28.533333333333335
43.5,ELS,1,Turn,270,240,61.2
43.5,ELS,1,Turn,300,270,48.400000000000006
43.5,ELS,1,Turn,330,300,52.66666666666667
43.5,ELS,1,Turn,360,330,39.2
43.5,ELS,1,Turn,390,360,46.266666666666666
43.5,ELS,1,Turn,420,390,39.2
43.5,ELS,1,Turn,450,420,53.6
43.5,ELS,1,Locomotion,30,0,13.466666666666667
43.5,ELS,1,Locomotion,60,30,8.0
43.5,ELS,1,Locomotion,90,60,6.933333333333333
43.5,ELS,1,Locomotion,120,90,20.933333333333334
43.5,ELS,1,Locomotion,150,120,19.46666666666667
43.5,ELS,1,Locomotion,180,150,25.066666666666666
43.5,ELS,1,Locomotion,210,180,12.0
43.5,ELS,1,Locomotion,240,210,5.066666666666666
43.5,ELS,1,Locomotion,270,240,1.2000000000000002
43.5,ELS,1,Locomotion,300,270,5.466666666666667
43.5,ELS,1,Locomotion,330,300,3.0666666666666664
43.5,ELS,1,Locomotion,360,330,0.0
43.5,ELS,1,Locomotion,390,360,0.0
43.5,ELS,1,Locomotion,420,390,2.0
43.5,ELS,1,Locomotion,450,420,0.8
43.5,ELS,1,Climb,30,0,4.933333333333334
43.5,ELS,1,Climb,60,30,2.0
43.5,ELS,1,Climb,90,60,11.066666666666666
43.5,ELS,1,Climb,120,90,4.4
43.5,ELS,1,Climb,150,120,26.266666666666666
43.5,ELS,1,Climb,180,150,18.133333333333333
43.5,ELS,1,Climb,210,180,30.4
43.5,ELS,1,Climb,240,210,0.0
43.5,ELS,1,Climb,270,240,0.0
43.5,ELS,1,Climb,300,270,0.0
43.5,ELS,1,Climb,330,300,0.0
43.5,ELS,1,Climb,360,330,0.0
43.5,ELS,1,Climb,390,360,0.0
43.5,ELS,1,Climb,420,390,0.0
43.5,ELS,1,Climb,450,420,0.0
43.5,ELS,1,Jump,30,0,0.0
43.5,ELS,1,Jump,60,30,0.0
43.5,ELS,1,Jump,90,60,0.0
43.5,ELS,1,Jump,120,90,0.0
43.5,ELS,1,Jump,150,120,0.0
43.5,ELS,1,Jump,180,150,0.0
43.5,ELS,1,Jump,210,180,3.866666666666667
43.5,ELS,1,Jump,240,210,1.2000000000000002
43.5,ELS,1,Jump,270,240,0.0
43.5,ELS,1,Jump,300,270,4.0
43.5,ELS,1,Jump,330,300,0.8
43.5,ELS,1,Jump,360,330,0.0
43.5,ELS,1,Jump,390,360,0.7999999999999999
43.5,ELS,1,Jump,420,390,0.0
43.5,ELS,1,Jump,450,420,0.0
47.5,Control,1,Freeze,30,0,0.0
47.5,Control,1,Freeze,60,30,2.1333333333333333
47.5,Control,1,Freeze,90,60,13.2
47.5,Control,1,Freeze,120,90,3.733333333333334
47.5,Control,1,Freeze,150,120,3.333333333333333
47.5,Control,1,Freeze,180,150,1.7333333333333332
47.5,Control,1,Freeze,210,180,25.066666666666663
47.5,Control,1,Freeze,240,210,35.6
47.5,Control,1,Freeze,270,240,3.8666666666666663
47.5,Control,1,Freeze,300,270,34.53333333333333
47.5,Control,1,Freeze,330,300,13.866666666666664
47.5,Control,1,Freeze,360,330,34.66666666666667
47.5,Control,1,Freeze,390,360,34.13333333333333
47.5,Control,1,Freeze,420,390,2.666666666666667
47.5,Control,1,Freeze,450,420,41.2
47.5,Control,1,Sniff,30,0,0.0
47.5,Control,1,Sniff,60,30,0.0
47.5,Control,1,Sniff,90,60,0.0
47.5,Control,1,Sniff,120,90,6.4
47.5,Control,1,Sniff,150,120,3.333333333333333
47.5,Control,1,Sniff,180,150,5.466666666666667
47.5,Control,1,Sniff,210,180,0.0
47.5,Control,1,Sniff,240,210,0.0
47.5,Control,1,Sniff,270,240,8.799999999999999
47.5,Control,1,Sniff,300,270,0.0
47.5,Control,1,Sniff,330,300,1.6
47.5,Control,1,Sniff,360,330,1.7333333333333332
47.5,Control,1,Sniff,390,360,0.0
47.5,Control,1,Sniff,420,390,3.6
47.5,Control,1,Sniff,450,420,8.266666666666666
47.5,Control,1,Groom,30,0,0.0
47.5,Control,1,Groom,60,30,0.0
47.5,Control,1,Groom,90,60,0.2666666666666666
47.5,Control,1,Groom,120,90,0.1333333333333333
47.5,Control,1,Groom,150,120,0.0
47.5,Control,1,Groom,180,150,0.0
47.5,Control,1,Groom,210,180,0.0
47.5,Control,1,Groom,240,210,0.0
47.5,Control,1,Groom,270,240,0.0
47.5,Control,1,Groom,300,270,0.0
47.5,Control,1,Groom,330,300,0.0
47.5,Control,1,Groom,360,330,0.0
47.5,Control,1,Groom,390,360,0.4
47.5,Control,1,Groom,420,390,0.0
47.5,Control,1,Groom,450,420,0.0
47.5,Control,1,Turn,30,0,31.6
47.5,Control,1,Turn,60,30,43.6
47.5,Control,1,Turn,90,60,31.066666666666666
47.5,Control,1,Turn,120,90,50.0
47.5,Control,1,Turn,150,120,26.933333333333334
47.5,Control,1,Turn,180,150,35.6
47.5,Control,1,Turn,210,180,24.799999999999997
47.5,Control,1,Turn,240,210,48.13333333333333
47.5,Control,1,Turn,270,240,66.0
47.5,Control,1,Turn,300,270,46.13333333333333
47.5,Control,1,Turn,330,300,69.19999999999999
47.5,Control,1,Turn,360,330,44.93333333333333
47.5,Control,1,Turn,390,360,40.53333333333333
47.5,Control,1,Turn,420,390,16.26666666666667
47.5,Control,1,Turn,450,420,4.266666666666667
47.5,Control,1,Locomotion,30,0,20.133333333333333
47.5,Control,1,Locomotion,60,30,5.466666666666667
47.5,Control,1,Locomotion,90,60,12.666666666666666
47.5,Control,1,Locomotion,120,90,7.7333333333333325
47.5,Control,1,Locomotion,150,120,13.6
47.5,Control,1,Locomotion,180,150,20.799999999999997
47.5,Control,1,Locomotion,210,180,9.2
47.5,Control,1,Locomotion,240,210,2.4
47.5,Control,1,Locomotion,270,240,1.2000000000000002
47.5,Control,1,Locomotion,300,270,3.066666666666667
47.5,Control,1,Locomotion,330,300,0.8
47.5,Control,1,Locomotion,360,330,1.6
47.5,Control,1,Locomotion,390,360,2.533333333333333
47.5,Control,1,Locomotion,420,390,0.9333333333333336
47.5,Control,1,Locomotion,450,420,2.2666666666666666
47.5,Control,1,Climb,30,0,0.0
47.5,Control,1,Climb,60,30,0.0
47.5,Control,1,Climb,90,60,6.133333333333333
47.5,Control,1,Climb,120,90,8.4
47.5,Control,1,Climb,150,120,18.666666666666668
47.5,Control,1,Climb,180,150,3.6
47.5,Control,1,Climb,210,180,8.266666666666666
47.5,Control,1,Climb,240,210,0.0
47.5,Control,1,Climb,270,240,0.0
47.5,Control,1,Climb,300,270,0.0
47.5,Control,1,Climb,330,300,0.0
47.5,Control,1,Climb,360,330,0.0
47.5,Control,1,Climb,390,360,0.0
47.5,Control,1,Climb,420,390,0.0
47.5,Control,1,Climb,450,420,0.0
47.5,Control,1,Jump,30,0,0.4
47.5,Control,1,Jump,60,30,0.6666666666666667
47.5,Control,1,Jump,90,60,0.0
47.5,Control,1,Jump,120,90,0.0
47.5,Control,1,Jump,150,120,0.0
47.5,Control,1,Jump,180,150,0.0
47.5,Control,1,Jump,210,180,4.666666666666666
47.5,Control,1,Jump,240,210,0.9333333333333336
47.5,Control,1,Jump,270,240,0.0
47.5,Control,1,Jump,300,270,3.2
47.5,Control,1,Jump,330,300,0.4
47.5,Control,1,Jump,360,330,0.0
47.5,Control,1,Jump,390,360,2.4000000000000004
47.5,Control,1,Jump,420,390,0.8
47.5,Control,1,Jump,450,420,0.2666666666666666
49.5,ELS,1,Freeze,30,0,0.0
49.5,ELS,1,Freeze,60,30,3.8666666666666663
49.5,ELS,1,Freeze,90,60,2.1333333333333333
49.5,ELS,1,Freeze,120,90,0.0
49.5,ELS,1,Freeze,150,120,0.0
49.5,ELS,1,Freeze,180,150,0.0
49.5,ELS,1,Freeze,210,180,0.0
49.5,ELS,1,Freeze,240,210,5.733333333333333
49.5,ELS,1,Freeze,270,240,2.8000000000000003
49.5,ELS,1,Freeze,300,270,4.0
49.5,ELS,1,Freeze,330,300,8.933333333333334
49.5,ELS,1,Freeze,360,330,8.8
49.5,ELS,1,Freeze,390,360,19.066666666666663
49.5,ELS,1,Freeze,420,390,24.533333333333335
49.5,ELS,1,Freeze,450,420,24.266666666666666
49.5,ELS,1,Sniff,30,0,0.0
49.5,ELS,1,Sniff,60,30,0.0
49.5,ELS,1,Sniff,90,60,0.0
49.5,ELS,1,Sniff,120,90,4.266666666666667
49.5,ELS,1,Sniff,150,120,0.0
49.5,ELS,1,Sniff,180,150,0.0
49.5,ELS,1,Sniff,210,180,4.133333333333333
49.5,ELS,1,Sniff,240,210,4.133333333333333
49.5,ELS,1,Sniff,270,240,4.266666666666667
49.5,ELS,1,Sniff,300,270,2.666666666666667
49.5,ELS,1,Sniff,330,300,4.0
49.5,ELS,1,Sniff,360,330,3.4666666666666663
49.5,ELS,1,Sniff,390,360,0.0
49.5,ELS,1,Sniff,420,390,10.133333333333333
49.5,ELS,1,Sniff,450,420,11.866666666666667
49.5,ELS,1,Groom,30,0,0.0
49.5,ELS,1,Groom,60,30,0.0
49.5,ELS,1,Groom,90,60,0.0
49.5,ELS,1,Groom,120,90,0.0
49.5,ELS,1,Groom,150,120,0.0
49.5,ELS,1,Groom,180,150,0.0
49.5,ELS,1,Groom,210,180,0.2666666666666666
49.5,ELS,1,Groom,240,210,0.4
49.5,ELS,1,Groom,270,240,0.0
49.5,ELS,1,Groom,300,270,0.4
49.5,ELS,1,Groom,330,300,0.0
49.5,ELS,1,Groom,360,330,0.0
49.5,ELS,1,Groom,390,360,0.0
49.5,ELS,1,Groom,420,390,0.0
49.5,ELS,1,Groom,450,420,0.0
49.5,ELS,1,Turn,30,0,28.0
49.5,ELS,1,Turn,60,30,71.86666666666666
49.5,ELS,1,Turn,90,60,62.13333333333334
49.5,ELS,1,Turn,120,90,29.866666666666664
49.5,ELS,1,Turn,150,120,44.0
49.5,ELS,1,Turn,180,150,26.4
49.5,ELS,1,Turn,210,180,42.266666666666666
49.5,ELS,1,Turn,240,210,47.333333333333336
49.5,ELS,1,Turn,270,240,54.53333333333333
49.5,ELS,1,Turn,300,270,40.93333333333334
49.5,ELS,1,Turn,330,300,43.86666666666667
49.5,ELS,1,Turn,360,330,57.46666666666667
49.5,ELS,1,Turn,390,360,72.13333333333333
49.5,ELS,1,Turn,420,390,43.333333333333336
49.5,ELS,1,Turn,450,420,18.266666666666666
49.5,ELS,1,Locomotion,30,0,10.933333333333332
49.5,ELS,1,Locomotion,60,30,10.533333333333335
49.5,ELS,1,Locomotion,90,60,4.000000000000001
49.5,ELS,1,Locomotion,120,90,17.733333333333334
49.5,ELS,1,Locomotion,150,120,6.799999999999999
49.5,ELS,1,Locomotion,180,150,23.866666666666667
49.5,ELS,1,Locomotion,210,180,6.933333333333334
49.5,ELS,1,Locomotion,240,210,9.733333333333334
49.5,ELS,1,Locomotion,270,240,8.933333333333334
49.5,ELS,1,Locomotion,300,270,12.933333333333334
49.5,ELS,1,Locomotion,330,300,2.4000000000000004
49.5,ELS,1,Locomotion,360,330,6.4
49.5,ELS,1,Locomotion,390,360,2.533333333333333
49.5,ELS,1,Locomotion,420,390,2.8000000000000003
49.5,ELS,1,Locomotion,450,420,3.6
49.5,ELS,1,Climb,30,0,0.0
49.5,ELS,1,Climb,60,30,0.0
49.5,ELS,1,Climb,90,60,0.0
49.5,ELS,1,Climb,120,90,0.0
49.5,ELS,1,Climb,150,120,9.6
49.5,ELS,1,Climb,180,150,6.266666666666667
49.5,ELS,1,Climb,210,180,7.066666666666667
49.5,ELS,1,Climb,240,210,0.0
49.5,ELS,1,Climb,270,240,0.0
49.5,ELS,1,Climb,300,270,3.4666666666666663
49.5,ELS,1,Climb,330,300,0.0
49.5,ELS,1,Climb,360,330,0.0
49.5,ELS,1,Climb,390,360,0.0
49.5,ELS,1,Climb,420,390,0.0
49.5,ELS,1,Climb,450,420,0.0
49.5,ELS,1,Jump,30,0,0.0
49.5,ELS,1,Jump,60,30,0.0
49.5,ELS,1,Jump,90,60,0.0
49.5,ELS,1,Jump,120,90,0.0
49.5,ELS,1,Jump,150,120,0.0
49.5,ELS,1,Jump,180,150,0.0
49.5,ELS,1,Jump,210,180,1.7333333333333332
49.5,ELS,1,Jump,240,210,1.4666666666666668
49.5,ELS,1,Jump,270,240,0.0
49.5,ELS,1,Jump,300,270,2.666666666666667
49.5,ELS,1,Jump,330,300,1.2
49.5,ELS,1,Jump,360,330,0.0
49.5,ELS,1,Jump,390,360,2.8000000000000007
49.5,ELS,1,Jump,420,390,2.1333333333333333
49.5,ELS,1,Jump,450,420,0.0
49.6,ELS,1,Freeze,30,0,0.5333333333333333
49.6,ELS,1,Freeze,60,30,9.6
49.6,ELS,1,Freeze,90,60,11.866666666666667
49.6,ELS,1,Freeze,120,90,14.666666666666668
49.6,ELS,1,Freeze,150,120,16.133333333333333
49.6,ELS,1,Freeze,180,150,7.466666666666668
49.6,ELS,1,Freeze,210,180,25.333333333333336
49.6,ELS,1,Freeze,240,210,53.733333333333334
49.6,ELS,1,Freeze,270,240,20.8
49.6,ELS,1,Freeze,300,270,47.2
49.6,ELS,1,Freeze,330,300,68.4
49.6,ELS,1,Freeze,360,330,73.06666666666666
49.6,ELS,1,Freeze,390,360,71.86666666666666
49.6,ELS,1,Freeze,420,390,68.13333333333333
49.6,ELS,1,Freeze,450,420,80.53333333333333
49.6,ELS,1,Sniff,30,0,0.0
49.6,ELS,1,Sniff,60,30,14.8
49.6,ELS,1,Sniff,90,60,2.4
49.6,ELS,1,Sniff,120,90,0.0
49.6,ELS,1,Sniff,150,120,1.7333333333333332
49.6,ELS,1,Sniff,180,150,0.0
49.6,ELS,1,Sniff,210,180,0.0
49.6,ELS,1,Sniff,240,210,2.2666666666666666
49.6,ELS,1,Sniff,270,240,0.0
49.6,ELS,1,Sniff,300,270,0.0
49.6,ELS,1,Sniff,330,300,6.266666666666667
49.6,ELS,1,Sniff,360,330,10.266666666666667
49.6,ELS,1,Sniff,390,360,10.0
49.6,ELS,1,Sniff,420,390,0.0
49.6,ELS,1,Sniff,450,420,0.0
49.6,ELS,1,Groom,30,0,0.0
49.6,ELS,1,Groom,60,30,0.0
49.6,ELS,1,Groom,90,60,0.0
49.6,ELS,1,Groom,120,90,0.0
49.6,ELS,1,Groom,150,120,0.0
49.6,ELS,1,Groom,180,150,0.0
49.6,ELS,1,Groom,210,180,0.0
49.6,ELS,1,Groom,240,210,0.0
49.6,ELS,1,Groom,270,240,0.1333333333333333
49.6,ELS,1,Groom,300,270,0.4
49.6,ELS,1,Groom,330,300,0.0
49.6,ELS,1,Groom,360,330,0.0
49.6,ELS,1,Groom,390,360,0.0
49.6,ELS,1,Groom,420,390,0.0
49.6,ELS,1,Groom,450,420,0.0
49.6,ELS,1,Turn,30,0,48.13333333333333
49.6,ELS,1,Turn,60,30,68.26666666666667
49.6,ELS,1,Turn,90,60,62.93333333333333
49.6,ELS,1,Turn,120,90,38.266666666666666
49.6,ELS,1,Turn,150,120,40.66666666666667
49.6,ELS,1,Turn,180,150,54.4
49.6,ELS,1,Turn,210,180,62.13333333333333
49.6,ELS,1,Turn,240,210,20.8
49.6,ELS,1,Turn,270,240,53.2
49.6,ELS,1,Turn,300,270,41.33333333333333
49.6,ELS,1,Turn,330,300,13.066666666666668
49.6,ELS,1,Turn,360,330,15.6
49.6,ELS,1,Turn,390,360,10.933333333333334
49.6,ELS,1,Turn,420,390,20.4
49.6,ELS,1,Turn,450,420,14.533333333333333
49.6,ELS,1,Locomotion,30,0,13.333333333333334
49.6,ELS,1,Locomotion,60,30,0.0
49.6,ELS,1,Locomotion,90,60,8.0
49.6,ELS,1,Locomotion,120,90,5.199999999999999
49.6,ELS,1,Locomotion,150,120,3.7333333333333334
49.6,ELS,1,Locomotion,180,150,13.866666666666667
49.6,ELS,1,Locomotion,210,180,0.0
49.6,ELS,1,Locomotion,240,210,0.0
49.6,ELS,1,Locomotion,270,240,1.7333333333333332
49.6,ELS,1,Locomotion,300,270,1.2000000000000002
49.6,ELS,1,Locomotion,330,300,0.8
49.6,ELS,1,Locomotion,360,330,0.6666666666666667
49.6,ELS,1,Locomotion,390,360,1.0666666666666669
49.6,ELS,1,Locomotion,420,390,0.0
49.6,ELS,1,Locomotion,450,420,0.0
49.6,ELS,1,Climb,30,0,0.0
49.6,ELS,1,Climb,60,30,0.0
49.6,ELS,1,Climb,90,60,3.6
49.6,ELS,1,Climb,120,90,5.2
49.6,ELS,1,Climb,150,120,5.066666666666666
49.6,ELS,1,Climb,180,150,2.533333333333333
49.6,ELS,1,Climb,210,180,0.0
49.6,ELS,1,Climb,240,210,0.0
49.6,ELS,1,Climb,270,240,0.0
49.6,ELS,1,Climb,300,270,0.0
49.6,ELS,1,Climb,330,300,0.0
49.6,ELS,1,Climb,360,330,0.0
49.6,ELS,1,Climb,390,360,0.0
49.6,ELS,1,Climb,420,390,5.6000000000000005
49.6,ELS,1,Climb,450,420,0.0
49.6,ELS,1,Jump,30,0,0.0
49.6,ELS,1,Jump,60,30,0.0
49.6,ELS,1,Jump,90,60,0.0
49.6,ELS,1,Jump,120,90,0.0
49.6,ELS,1,Jump,150,120,0.0
49.6,ELS,1,Jump,180,150,0.0
49.6,ELS,1,Jump,210,180,4.133333333333334
49.6,ELS,1,Jump,240,210,1.0666666666666669
49.6,ELS,1,Jump,270,240,0.0
49.6,ELS,1,Jump,300,270,2.5333333333333337
49.6,ELS,1,Jump,330,300,0.1333333333333333
49.6,ELS,1,Jump,360,330,0.0
49.6,ELS,1,Jump,390,360,4.133333333333334
49.6,ELS,1,Jump,420,390,0.5333333333333333
49.6,ELS,1,Jump,450,420,0.0
5.4,Control,1,Freeze,30,0,0.0
5.4,Control,1,Freeze,60,30,0.0
5.4,Control,1,Freeze,90,60,0.0
5.4,Control,1,Freeze,120,90,12.266666666666666
5.4,Control,1,Freeze,150,120,4.4
5.4,Control,1,Freeze,180,150,6.666666666666667
5.4,Control,1,Freeze,210,180,4.666666666666667
5.4,Control,1,Freeze,240,210,44.4
5.4,Control,1,Freeze,270,240,63.6
5.4,Control,1,Freeze,300,270,41.46666666666667
5.4,Control,1,Freeze,330,300,38.93333333333333
5.4,Control,1,Freeze,360,330,48.8
5.4,Control,1,Freeze,390,360,27.6
5.4,Control,1,Freeze,420,390,49.333333333333336
5.4,Control,1,Freeze,450,420,50.8
5.4,Control,1,Sniff,30,0,8.266666666666666
5.4,Control,1,Sniff,60,30,2.4
5.4,Control,1,Sniff,90,60,0.0
5.4,Control,1,Sniff,120,90,0.0
5.4,Control,1,Sniff,150,120,4.133333333333333
5.4,Control,1,Sniff,180,150,3.0666666666666664
5.4,Control,1,Sniff,210,180,2.933333333333333
5.4,Control,1,Sniff,240,210,0.0
5.4,Control,1,Sniff,270,240,0.0
5.4,Control,1,Sniff,300,270,0.0
5.4,Control,1,Sniff,330,300,0.0
5.4,Control,1,Sniff,360,330,0.0
5.4,Control,1,Sniff,390,360,8.266666666666666
5.4,Control,1,Sniff,420,390,0.0
5.4,Control,1,Sniff,450,420,0.0
5.4,Control,1,Groom,30,0,1.866666666666667
5.4,Control,1,Groom,60,30,0.0
5.4,Control,1,Groom,90,60,0.0
5.4,Control,1,Groom,120,90,0.8
5.4,Control,1,Groom,150,120,0.0
5.4,Control,1,Groom,180,150,0.0
5.4,Control,1,Groom,210,180,0.0
5.4,Control,1,Groom,240,210,0.2666666666666666
5.4,Control,1,Groom,270,240,0.0
5.4,Control,1,Groom,300,270,0.0
5.4,Control,1,Groom,330,300,0.0
5.4,Control,1,Groom,360,330,0.0
5.4,Control,1,Groom,390,360,0.0
5.4,Control,1,Groom,420,390,0.0
5.4,Control,1,Groom,450,420,0.6666666666666667
5.4,Control,1,Turn,30,0,53.33333333333333
5.4,Control,1,Turn,60,30,57.866666666666674
5.4,Control,1,Turn,90,60,26.266666666666666
5.4,Control,1,Turn,120,90,71.86666666666666
5.4,Control,1,Turn,150,120,84.8
5.4,Control,1,Turn,180,150,70.93333333333334
5.4,Control,1,Turn,210,180,28.133333333333333
5.4,Control,1,Turn,240,210,38.4
5.4,Control,1,Turn,270,240,26.133333333333333
5.4,Control,1,Turn,300,270,39.06666666666666
5.4,Control,1,Turn,330,300,54.666666666666664
5.4,Control,1,Turn,360,330,31.866666666666667
5.4,Control,1,Turn,390,360,55.46666666666667
5.4,Control,1,Turn,420,390,31.73333333333333
5.4,Control,1,Turn,450,420,20.933333333333334
5.4,Control,1,Locomotion,30,0,5.866666666666666
5.4,Control,1,Locomotion,60,30,3.466666666666667
5.4,Control,1,Locomotion,90,60,1.3333333333333335
5.4,Control,1,Locomotion,120,90,0.2666666666666666
5.4,Control,1,Locomotion,150,120,0.0
5.4,Control,1,Locomotion,180,150,2.0
5.4,Control,1,Locomotion,210,180,2.2666666666666666
5.4,Control,1,Locomotion,240,210,0.9333333333333336
5.4,Control,1,Locomotion,270,240,0.0
5.4,Control,1,Locomotion,300,270,0.5333333333333333
5.4,Control,1,Locomotion,330,300,0.2666666666666666
5.4,Control,1,Locomotion,360,330,0.0
5.4,Control,1,Locomotion,390,360,0.0
5.4,Control,1,Locomotion,420,390,0.0
5.4,Control,1,Locomotion,450,420,0.0
5.4,Control,1,Climb,30,0,0.0
5.4,Control,1,Climb,60,30,1.6
5.4,Control,1,Climb,90,60,12.133333333333333
5.4,Control,1,Climb,120,90,0.0
5.4,Control,1,Climb,150,120,6.666666666666667
5.4,Control,1,Climb,180,150,13.733333333333334
5.4,Control,1,Climb,210,180,10.933333333333334
5.4,Control,1,Climb,240,210,0.0
5.4,Control,1,Climb,270,240,0.0
5.4,Control,1,Climb,300,270,0.0
5.4,Control,1,Climb,330,300,0.0
5.4,Control,1,Climb,360,330,0.0
5.4,Control,1,Climb,390,360,0.0
5.4,Control,1,Climb,420,390,0.0
5.4,Control,1,Climb,450,420,0.0
5.4,Control,1,Jump,30,0,0.0
5.4,Control,1,Jump,60,30,0.5333333333333333
5.4,Control,1,Jump,90,60,0.6666666666666667
5.4,Control,1,Jump,120,90,0.0
5.4,Control,1,Jump,150,120,0.0
5.4,Control,1,Jump,180,150,0.0
5.4,Control,1,Jump,210,180,2.2666666666666666
5.4,Control,1,Jump,240,210,1.3333333333333335
5.4,Control,1,Jump,270,240,0.0
5.4,Control,1,Jump,300,270,2.533333333333333
5.4,Control,1,Jump,330,300,0.0
5.4,Control,1,Jump,360,330,0.0
5.4,Control,1,Jump,390,360,3.3333333333333335
5.4,Control,1,Jump,420,390,0.0
5.4,Control,1,Jump,450,420,0.0
50.5,Control,1,Freeze,30,0,0.0
50.5,Control,1,Freeze,60,30,0.0
50.5,Control,1,Freeze,90,60,0.0
50.5,Control,1,Freeze,120,90,17.2
50.5,Control,1,Freeze,150,120,15.333333333333332
50.5,Control,1,Freeze,180,150,27.6
50.5,Control,1,Freeze,210,180,15.866666666666667
50.5,Control,1,Freeze,240,210,36.266666666666666
50.5,Control,1,Freeze,270,240,17.733333333333334
50.5,Control,1,Freeze,300,270,33.733333333333334
50.5,Control,1,Freeze,330,300,46.93333333333334
50.5,Control,1,Freeze,360,330,74.66666666666667
50.5,Control,1,Freeze,390,360,69.86666666666666
50.5,Control,1,Freeze,420,390,62.4
50.5,Control,1,Freeze,450,420,48.66666666666667
50.5,Control,1,Sniff,30,0,2.8000000000000003
50.5,Control,1,Sniff,60,30,0.0
50.5,Control,1,Sniff,90,60,0.0
50.5,Control,1,Sniff,120,90,7.866666666666667
50.5,Control,1,Sniff,150,120,12.4
50.5,Control,1,Sniff,180,150,4.0
50.5,Control,1,Sniff,210,180,4.133333333333333
50.5,Control,1,Sniff,240,210,0.0
50.5,Control,1,Sniff,270,240,5.333333333333334
50.5,Control,1,Sniff,300,270,7.6
50.5,Control,1,Sniff,330,300,6.933333333333333
50.5,Control,1,Sniff,360,330,0.0
50.5,Control,1,Sniff,390,360,0.0
50.5,Control,1,Sniff,420,390,0.0
50.5,Control,1,Sniff,450,420,6.133333333333333
50.5,Control,1,Groom,30,0,0.0
50.5,Control,1,Groom,60,30,0.0
50.5,Control,1,Groom,90,60,0.0
50.5,Control,1,Groom,120,90,0.0
50.5,Control,1,Groom,150,120,0.0
50.5,Control,1,Groom,180,150,0.0
50.5,Control,1,Groom,210,180,0.0
50.5,Control,1,Groom,240,210,0.0
50.5,Control,1,Groom,270,240,0.0
50.5,Control,1,Groom,300,270,0.0
50.5,Control,1,Groom,330,300,0.0
50.5,Control,1,Groom,360,330,0.0
50.5,Control,1,Groom,390,360,0.0
50.5,Control,1,Groom,420,390,0.0
50.5,Control,1,Groom,450,420,0.0
50.5,Control,1,Turn,30,0,23.733333333333334
50.5,Control,1,Turn,60,30,55.2
50.5,Control,1,Turn,90,60,62.266666666666666
50.5,Control,1,Turn,120,90,44.8
50.5,Control,1,Turn,150,120,33.46666666666667
50.5,Control,1,Turn,180,150,39.06666666666667
50.5,Control,1,Turn,210,180,29.733333333333334
50.5,Control,1,Turn,240,210,33.46666666666667
50.5,Control,1,Turn,270,240,42.800000000000004
50.5,Control,1,Turn,300,270,36.26666666666666
50.5,Control,1,Turn,330,300,27.333333333333336
50.5,Control,1,Turn,360,330,25.333333333333332
50.5,Control,1,Turn,390,360,23.866666666666667
50.5,Control,1,Turn,420,390,24.666666666666668
50.5,Control,1,Turn,450,420,28.26666666666667
50.5,Control,1,Locomotion,30,0,12.266666666666666
50.5,Control,1,Locomotion,60,30,11.866666666666667
50.5,Control,1,Locomotion,90,60,9.2
50.5,Control,1,Locomotion,120,90,3.6
50.5,Control,1,Locomotion,150,120,6.4
50.5,Control,1,Locomotion,180,150,10.133333333333333
50.5,Control,1,Locomotion,210,180,3.866666666666667
50.5,Control,1,Locomotion,240,210,0.9333333333333333
50.5,Control,1,Locomotion,270,240,5.066666666666666
50.5,Control,1,Locomotion,300,270,2.0
50.5,Control,1,Locomotion,330,300,3.6
50.5,Control,1,Locomotion,360,330,0.0
50.5,Control,1,Locomotion,390,360,4.533333333333333
50.5,Control,1,Locomotion,420,390,2.1333333333333333
50.5,Control,1,Locomotion,450,420,2.4
50.5,Control,1,Climb,30,0,0.0
50.5,Control,1,Climb,60,30,0.0
50.5,Control,1,Climb,90,60,0.0
50.5,Control,1,Climb,120,90,6.266666666666667
50.5,Control,1,Climb,150,120,12.8
50.5,Control,1,Climb,180,150,13.866666666666664
50.5,Control,1,Climb,210,180,4.533333333333333
50.5,Control,1,Climb,240,210,0.0
50.5,Control,1,Climb,270,240,0.0
50.5,Control,1,Climb,300,270,7.466666666666668
50.5,Control,1,Climb,330,300,0.0
50.5,Control,1,Climb,360,330,0.0
50.5,Control,1,Climb,390,360,0.0
50.5,Control,1,Climb,420,390,6.133333333333333
50.5,Control,1,Climb,450,420,0.0
50.5,Control,1,Jump,30,0,0.0
50.5,Control,1,Jump,60,30,0.0
50.5,Control,1,Jump,90,60,0.0
50.5,Control,1,Jump,120,90,0.0
50.5,Control,1,Jump,150,120,0.0
50.5,Control,1,Jump,180,150,0.0
50.5,Control,1,Jump,210,180,2.2666666666666666
50.5,Control,1,Jump,240,210,2.666666666666667
50.5,Control,1,Jump,270,240,0.0
50.5,Control,1,Jump,300,270,0.0
50.5,Control,1,Jump,330,300,0.0
50.5,Control,1,Jump,360,330,0.0
50.5,Control,1,Jump,390,360,1.7333333333333336
50.5,Control,1,Jump,420,390,0.0
50.5,Control,1,Jump,450,420,0.0
53.5,Control,1,Freeze,30,0,9.2
53.5,Control,1,Freeze,60,30,0.0
53.5,Control,1,Freeze,90,60,4.533333333333333
53.5,Control,1,Freeze,120,90,4.933333333333334
53.5,Control,1,Freeze,150,120,4.533333333333333
53.5,Control,1,Freeze,180,150,4.933333333333334
53.5,Control,1,Freeze,210,180,8.133333333333333
53.5,Control,1,Freeze,240,210,36.93333333333334
53.5,Control,1,Freeze,270,240,6.533333333333332
53.5,Control,1,Freeze,300,270,15.733333333333333
53.5,Control,1,Freeze,330,300,47.866666666666674
53.5,Control,1,Freeze,360,330,58.4
53.5,Control,1,Freeze,390,360,56.13333333333334
53.5,Control,1,Freeze,420,390,68.26666666666667
53.5,Control,1,Freeze,450,420,72.53333333333333
53.5,Control,1,Sniff,30,0,0.0
53.5,Control,1,Sniff,60,30,0.0
53.5,Control,1,Sniff,90,60,0.0
53.5,Control,1,Sniff,120,90,0.0
53.5,Control,1,Sniff,150,120,0.0
53.5,Control,1,Sniff,180,150,3.2
53.5,Control,1,Sniff,210,180,12.266666666666666
53.5,Control,1,Sniff,240,210,0.0
53.5,Control,1,Sniff,270,240,6.533333333333332
53.5,Control,1,Sniff,300,270,0.0
53.5,Control,1,Sniff,330,300,1.866666666666667
53.5,Control,1,Sniff,360,330,0.0
53.5,Control,1,Sniff,390,360,0.0
53.5,Control,1,Sniff,420,390,3.733333333333334
53.5,Control,1,Sniff,450,420,4.8
53.5,Control,1,Groom,30,0,0.0
53.5,Control,1,Groom,60,30,0.0
53.5,Control,1,Groom,90,60,0.0
53.5,Control,1,Groom,120,90,0.0
53.5,Control,1,Groom,150,120,0.0
53.5,Control,1,Groom,180,150,0.0
53.5,Control,1,Groom,210,180,0.0
53.5,Control,1,Groom,240,210,0.8
53.5,Control,1,Groom,270,240,0.0
53.5,Control,1,Groom,300,270,0.0
53.5,Control,1,Groom,330,300,0.0
53.5,Control,1,Groom,360,330,0.0
53.5,Control,1,Groom,390,360,0.0
53.5,Control,1,Groom,420,390,0.0
53.5,Control,1,Groom,450,420,0.0
53.5,Control,1,Turn,30,0,33.2
53.5,Control,1,Turn,60,30,46.66666666666667
53.5,Control,1,Turn,90,60,59.46666666666666
53.5,Control,1,Turn,120,90,32.666666666666664
53.5,Control,1,Turn,150,120,43.199999999999996
53.5,Control,1,Turn,180,150,28.266666666666666
53.5,Control,1,Turn,210,180,38.800000000000004
53.5,Control,1,Turn,240,210,20.933333333333334
53.5,Control,1,Turn,270,240,46.93333333333334
53.5,Control,1,Turn,300,270,57.86666666666667
53.5,Control,1,Turn,330,300,14.533333333333333
53.5,Control,1,Turn,360,330,41.6
53.5,Control,1,Turn,390,360,26.93333333333333
53.5,Control,1,Turn,420,390,12.533333333333333
53.5,Control,1,Turn,450,420,15.599999999999998
53.5,Control,1,Locomotion,30,0,21.466666666666665
53.5,Control,1,Locomotion,60,30,8.533333333333333
53.5,Control,1,Locomotion,90,60,5.866666666666666
53.5,Control,1,Locomotion,120,90,9.466666666666667
53.5,Control,1,Locomotion,150,120,14.133333333333335
53.5,Control,1,Locomotion,180,150,17.733333333333334
53.5,Control,1,Locomotion,210,180,19.6
53.5,Control,1,Locomotion,240,210,5.466666666666667
53.5,Control,1,Locomotion,270,240,5.6
53.5,Control,1,Locomotion,300,270,8.0
53.5,Control,1,Locomotion,330,300,0.9333333333333333
53.5,Control,1,Locomotion,360,330,0.0
53.5,Control,1,Locomotion,390,360,0.6666666666666667
53.5,Control,1,Locomotion,420,390,3.5999999999999996
53.5,Control,1,Locomotion,450,420,0.0
53.5,Control,1,Climb,30,0,0.0
53.5,Control,1,Climb,60,30,4.266666666666667
53.5,Control,1,Climb,90,60,9.333333333333334
53.5,Control,1,Climb,120,90,9.066666666666666
53.5,Control,1,Climb,150,120,10.933333333333334
53.5,Control,1,Climb,180,150,8.133333333333333
53.5,Control,1,Climb,210,180,3.733333333333334
53.5,Control,1,Climb,240,210,0.0
53.5,Control,1,Climb,270,240,6.533333333333332
53.5,Control,1,Climb,300,270,0.0
53.5,Control,1,Climb,330,300,8.266666666666666
53.5,Control,1,Climb,360,330,0.0
53.5,Control,1,Climb,390,360,0.0
53.5,Control,1,Climb,420,390,0.0
53.5,Control,1,Climb,450,420,0.0
53.5,Control,1,Jump,30,0,0.0
53.5,Control,1,Jump,60,30,0.2666666666666666
53.5,Control,1,Jump,90,60,0.0
53.5,Control,1,Jump,120,90,0.8
53.5,Control,1,Jump,150,120,0.0
53.5,Control,1,Jump,180,150,0.0
53.5,Control,1,Jump,210,180,1.7333333333333334
53.5,Control,1,Jump,240,210,0.0
53.5,Control,1,Jump,270,240,0.0
53.5,Control,1,Jump,300,270,2.533333333333333
53.5,Control,1,Jump,330,300,1.7333333333333332
53.5,Control,1,Jump,360,330,0.0
53.5,Control,1,Jump,390,360,5.066666666666666
53.5,Control,1,Jump,420,390,0.0
53.5,Control,1,Jump,450,420,0.0
54.3,Control,1,Freeze,30,0,0.0
54.3,Control,1,Freeze,60,30,2.666666666666667
54.3,Control,1,Freeze,90,60,1.6
54.3,Control,1,Freeze,120,90,1.866666666666667
54.3,Control,1,Freeze,150,120,5.333333333333334
54.3,Control,1,Freeze,180,150,0.0
54.3,Control,1,Freeze,210,180,4.266666666666667
54.3,Control,1,Freeze,240,210,31.066666666666666
54.3,Control,1,Freeze,270,240,18.53333333333333
54.3,Control,1,Freeze,300,270,46.13333333333333
54.3,Control,1,Freeze,330,300,20.0
54.3,Control,1,Freeze,360,330,36.66666666666666
54.3,Control,1,Freeze,390,360,7.466666666666668
54.3,Control,1,Freeze,420,390,39.46666666666667
54.3,Control,1,Freeze,450,420,46.93333333333333
54.3,Control,1,Sniff,30,0,0.0
54.3,Control,1,Sniff,60,30,0.0
54.3,Control,1,Sniff,90,60,0.0
54.3,Control,1,Sniff,120,90,0.0
54.3,Control,1,Sniff,150,120,0.0
54.3,Control,1,Sniff,180,150,0.0
54.3,Control,1,Sniff,210,180,0.0
54.3,Control,1,Sniff,240,210,9.733333333333333
54.3,Control,1,Sniff,270,240,0.0
54.3,Control,1,Sniff,300,270,0.0
54.3,Control,1,Sniff,330,300,22.933333333333334
54.3,Control,1,Sniff,360,330,9.333333333333334
54.3,Control,1,Sniff,390,360,0.0
54.3,Control,1,Sniff,420,390,0.0
54.3,Control,1,Sniff,450,420,0.0
54.3,Control,1,Groom,30,0,0.0
54.3,Control,1,Groom,60,30,0.0
54.3,Control,1,Groom,90,60,0.0
54.3,Control,1,Groom,120,90,2.533333333333333
54.3,Control,1,Groom,150,120,0.1333333333333333
54.3,Control,1,Groom,180,150,0.0
54.3,Control,1,Groom,210,180,0.0
54.3,Control,1,Groom,240,210,0.0
54.3,Control,1,Groom,270,240,0.0
54.3,Control,1,Groom,300,270,0.0
54.3,Control,1,Groom,330,300,0.0
54.3,Control,1,Groom,360,330,0.0
54.3,Control,1,Groom,390,360,0.0
54.3,Control,1,Groom,420,390,0.0
54.3,Control,1,Groom,450,420,0.0
54.3,Control,1,Turn,30,0,11.6
54.3,Control,1,Turn,60,30,58.266666666666666
54.3,Control,1,Turn,90,60,30.133333333333333
54.3,Control,1,Turn,120,90,31.066666666666666
54.3,Control,1,Turn,150,120,28.26666666666667
54.3,Control,1,Turn,180,150,26.4
54.3,Control,1,Turn,210,180,63.199999999999996
54.3,Control,1,Turn,240,210,52.4
54.3,Control,1,Turn,270,240,72.4
54.3,Control,1,Turn,300,270,28.0
54.3,Control,1,Turn,330,300,28.266666666666666
54.3,Control,1,Turn,360,330,26.266666666666666
54.3,Control,1,Turn,390,360,51.599999999999994
54.3,Control,1,Turn,420,390,39.06666666666666
54.3,Control,1,Turn,450,420,40.13333333333333
54.3,Control,1,Locomotion,30,0,6.666666666666667
54.3,Control,1,Locomotion,60,30,6.666666666666667
54.3,Control,1,Locomotion,90,60,10.266666666666666
54.3,Control,1,Locomotion,120,90,11.200000000000001
54.3,Control,1,Locomotion,150,120,15.466666666666665
54.3,Control,1,Locomotion,180,150,16.666666666666668
54.3,Control,1,Locomotion,210,180,12.133333333333333
54.3,Control,1,Locomotion,240,210,2.933333333333333
54.3,Control,1,Locomotion,270,240,2.2666666666666666
54.3,Control,1,Locomotion,300,270,15.866666666666665
54.3,Control,1,Locomotion,330,300,1.7333333333333334
54.3,Control,1,Locomotion,360,330,3.733333333333334
54.3,Control,1,Locomotion,390,360,4.4
54.3,Control,1,Locomotion,420,390,5.466666666666667
54.3,Control,1,Locomotion,450,420,0.0
54.3,Control,1,Climb,30,0,8.0
54.3,Control,1,Climb,60,30,3.4666666666666663
54.3,Control,1,Climb,90,60,9.6
54.3,Control,1,Climb,120,90,11.2
54.3,Control,1,Climb,150,120,10.933333333333334
54.3,Control,1,Climb,180,150,24.0
54.3,Control,1,Climb,210,180,2.8000000000000003
54.3,Control,1,Climb,240,210,0.0
54.3,Control,1,Climb,270,240,0.0
54.3,Control,1,Climb,300,270,0.0
54.3,Control,1,Climb,330,300,0.0
54.3,Control,1,Climb,360,330,0.0
54.3,Control,1,Climb,390,360,0.0
54.3,Control,1,Climb,420,390,4.266666666666667
54.3,Control,1,Climb,450,420,0.0
54.3,Control,1,Jump,30,0,0.0
54.3,Control,1,Jump,60,30,0.0
54.3,Control,1,Jump,90,60,0.0
54.3,Control,1,Jump,120,90,0.2666666666666666
54.3,Control,1,Jump,150,120,1.0666666666666669
54.3,Control,1,Jump,180,150,0.0
54.3,Control,1,Jump,210,180,1.7333333333333334
54.3,Control,1,Jump,240,210,3.333333333333334
54.3,Control,1,Jump,270,240,0.0
54.3,Control,1,Jump,300,270,0.8
54.3,Control,1,Jump,330,300,0.0
54.3,Control,1,Jump,360,330,0.0
54.3,Control,1,Jump,390,360,0.1333333333333333
54.3,Control,1,Jump,420,390,0.9333333333333336
54.3,Control,1,Jump,450,420,0.0
54.4,Control,1,Freeze,30,0,6.266666666666667
54.4,Control,1,Freeze,60,30,5.733333333333333
54.4,Control,1,Freeze,90,60,10.533333333333331
54.4,Control,1,Freeze,120,90,9.6
54.4,Control,1,Freeze,150,120,3.7333333333333334
54.4,Control,1,Freeze,180,150,43.333333333333336
54.4,Control,1,Freeze,210,180,21.066666666666663
54.4,Control,1,Freeze,240,210,48.8
54.4,Control,1,Freeze,270,240,62.66666666666667
54.4,Control,1,Freeze,300,270,41.333333333333336
54.4,Control,1,Freeze,330,300,50.4
54.4,Control,1,Freeze,360,330,22.8
54.4,Control,1,Freeze,390,360,45.2
54.4,Control,1,Freeze,420,390,37.73333333333333
54.4,Control,1,Freeze,450,420,74.4
54.4,Control,1,Sniff,30,0,1.6
54.4,Control,1,Sniff,60,30,0.0
54.4,Control,1,Sniff,90,60,3.8666666666666663
54.4,Control,1,Sniff,120,90,0.0
54.4,Control,1,Sniff,150,120,0.0
54.4,Control,1,Sniff,180,150,4.933333333333334
54.4,Control,1,Sniff,210,180,0.0
54.4,Control,1,Sniff,240,210,1.2
54.4,Control,1,Sniff,270,240,0.0
54.4,Control,1,Sniff,300,270,0.0
54.4,Control,1,Sniff,330,300,2.4
54.4,Control,1,Sniff,360,330,0.0
54.4,Control,1,Sniff,390,360,0.0
54.4,Control,1,Sniff,420,390,0.0
54.4,Control,1,Sniff,450,420,0.0
54.4,Control,1,Groom,30,0,0.0
54.4,Control,1,Groom,60,30,0.0
54.4,Control,1,Groom,90,60,0.0
54.4,Control,1,Groom,120,90,0.0
54.4,Control,1,Groom,150,120,0.0
54.4,Control,1,Groom,180,150,0.0
54.4,Control,1,Groom,210,180,0.0
54.4,Control,1,Groom,240,210,0.0
54.4,Control,1,Groom,270,240,0.0
54.4,Control,1,Groom,300,270,0.0
54.4,Control,1,Groom,330,300,0.0
54.4,Control,1,Groom,360,330,0.0
54.4,Control,1,Groom,390,360,0.0
54.4,Control,1,Groom,420,390,0.0
54.4,Control,1,Groom,450,420,0.0
54.4,Control,1,Turn,30,0,62.93333333333333
54.4,Control,1,Turn,60,30,57.6
54.4,Control,1,Turn,90,60,57.6
54.4,Control,1,Turn,120,90,78.53333333333333
54.4,Control,1,Turn,150,120,42.53333333333333
54.4,Control,1,Turn,180,150,51.46666666666667
54.4,Control,1,Turn,210,180,54.93333333333333
54.4,Control,1,Turn,240,210,38.800000000000004
54.4,Control,1,Turn,270,240,33.333333333333336
54.4,Control,1,Turn,300,270,40.0
54.4,Control,1,Turn,330,300,42.93333333333334
54.4,Control,1,Turn,360,330,53.733333333333334
54.4,Control,1,Turn,390,360,33.06666666666667
54.4,Control,1,Turn,420,390,32.4
54.4,Control,1,Turn,450,420,23.2
54.4,Control,1,Locomotion,30,0,0.4
54.4,Control,1,Locomotion,60,30,5.6000000000000005
54.4,Control,1,Locomotion,90,60,0.0
54.4,Control,1,Locomotion,120,90,1.7333333333333332
54.4,Control,1,Locomotion,150,120,12.533333333333333
54.4,Control,1,Locomotion,180,150,0.0
54.4,Control,1,Locomotion,210,180,6.533333333333333
54.4,Control,1,Locomotion,240,210,0.4
54.4,Control,1,Locomotion,270,240,0.0
54.4,Control,1,Locomotion,300,270,0.0
54.4,Control,1,Locomotion,330,300,0.8
54.4,Control,1,Locomotion,360,330,0.0
54.4,Control,1,Locomotion,390,360,1.6
54.4,Control,1,Locomotion,420,390,3.1999999999999997
54.4,Control,1,Locomotion,450,420,0.0
54.4,Control,1,Climb,30,0,0.0
54.4,Control,1,Climb,60,30,0.0
54.4,Control,1,Climb,90,60,0.0
54.4,Control,1,Climb,120,90,4.666666666666667
54.4,Control,1,Climb,150,120,9.733333333333333
54.4,Control,1,Climb,180,150,0.0
54.4,Control,1,Climb,210,180,0.0
54.4,Control,1,Climb,240,210,4.4
54.4,Control,1,Climb,270,240,0.0
54.4,Control,1,Climb,300,270,0.0
54.4,Control,1,Climb,330,300,0.0
54.4,Control,1,Climb,360,330,0.0
54.4,Control,1,Climb,390,360,0.0
54.4,Control,1,Climb,420,390,5.733333333333333
54.4,Control,1,Climb,450,420,0.0
54.4,Control,1,Jump,30,0,0.0
54.4,Control,1,Jump,60,30,0.0
54.4,Control,1,Jump,90,60,0.0
54.4,Control,1,Jump,120,90,0.0
54.4,Control,1,Jump,150,120,0.0
54.4,Control,1,Jump,180,150,0.0
54.4,Control,1,Jump,210,180,0.4
54.4,Control,1,Jump,240,210,0.0
54.4,Control,1,Jump,270,240,0.0
54.4,Control,1,Jump,300,270,0.6666666666666667
54.4,Control,1,Jump,330,300,2.0000000000000004
54.4,Control,1,Jump,360,330,0.0
54.4,Control,1,Jump,390,360,0.0
54.4,Control,1,Jump,420,390,0.0
54.4,Control,1,Jump,450,420,0.0
54.6,Control,1,Freeze,30,0,0.0
54.6,Control,1,Freeze,60,30,9.733333333333333
54.6,Control,1,Freeze,90,60,14.133333333333333
54.6,Control,1,Freeze,120,90,4.4
54.6,Control,1,Freeze,150,120,3.2
54.6,Control,1,Freeze,180,150,5.333333333333334
54.6,Control,1,Freeze,210,180,23.866666666666667
54.6,Control,1,Freeze,240,210,51.33333333333333
54.6,Control,1,Freeze,270,240,25.866666666666667
54.6,Control,1,Freeze,300,270,32.266666666666666
54.6,Control,1,Freeze,330,300,33.33333333333333
54.6,Control,1,Freeze,360,330,29.599999999999994
54.6,Control,1,Freeze,390,360,49.199999999999996
54.6,Control,1,Freeze,420,390,39.33333333333333
54.6,Control,1,Freeze,450,420,52.53333333333333
54.6,Control,1,Sniff,30,0,0.0
54.6,Control,1,Sniff,60,30,0.0
54.6,Control,1,Sniff,90,60,0.0
54.6,Control,1,Sniff,120,90,0.0
54.6,Control,1,Sniff,150,120,2.4
54.6,Control,1,Sniff,180,150,0.0
54.6,Control,1,Sniff,210,180,4.8
54.6,Control,1,Sniff,240,210,2.0
54.6,Control,1,Sniff,270,240,0.0
54.6,Control,1,Sniff,300,270,0.6666666666666667
54.6,Control,1,Sniff,330,300,0.0
54.6,Control,1,Sniff,360,330,0.0
54.6,Control,1,Sniff,390,360,0.0
54.6,Control,1,Sniff,420,390,3.2
54.6,Control,1,Sniff,450,420,3.333333333333333
54.6,Control,1,Groom,30,0,0.0
54.6,Control,1,Groom,60,30,0.0
54.6,Control,1,Groom,90,60,0.0
54.6,Control,1,Groom,120,90,0.0
54.6,Control,1,Groom,150,120,0.0
54.6,Control,1,Groom,180,150,0.0
54.6,Control,1,Groom,210,180,0.0
54.6,Control,1,Groom,240,210,0.0
54.6,Control,1,Groom,270,240,0.0
54.6,Control,1,Groom,300,270,0.0
54.6,Control,1,Groom,330,300,0.0
54.6,Control,1,Groom,360,330,0.0
54.6,Control,1,Groom,390,360,0.0
54.6,Control,1,Groom,420,390,0.0
54.6,Control,1,Groom,450,420,0.0
54.6,Control,1,Turn,30,0,74.0
54.6,Control,1,Turn,60,30,44.0
54.6,Control,1,Turn,90,60,53.46666666666667
54.6,Control,1,Turn,120,90,51.466666666666654
54.6,Control,1,Turn,150,120,85.6
54.6,Control,1,Turn,180,150,45.2
54.6,Control,1,Turn,210,180,51.599999999999994
54.6,Control,1,Turn,240,210,39.46666666666667
54.6,Control,1,Turn,270,240,58.666666666666664
54.6,Control,1,Turn,300,270,54.53333333333333
54.6,Control,1,Turn,330,300,45.6
54.6,Control,1,Turn,360,330,55.2
54.6,Control,1,Turn,390,360,39.2
54.6,Control,1,Turn,420,390,24.0
54.6,Control,1,Turn,450,420,23.46666666666667
54.6,Control,1,Locomotion,30,0,5.200000000000001
54.6,Control,1,Locomotion,60,30,16.0
54.6,Control,1,Locomotion,90,60,7.333333333333334
54.6,Control,1,Locomotion,120,90,17.733333333333334
54.6,Control,1,Locomotion,150,120,7.333333333333334
54.6,Control,1,Locomotion,180,150,10.399999999999999
54.6,Control,1,Locomotion,210,180,5.2
54.6,Control,1,Locomotion,240,210,3.2
54.6,Control,1,Locomotion,270,240,2.0
54.6,Control,1,Locomotion,300,270,0.0
54.6,Control,1,Locomotion,330,300,4.933333333333334
54.6,Control,1,Locomotion,360,330,3.466666666666667
54.6,Control,1,Locomotion,390,360,2.2666666666666666
54.6,Control,1,Locomotion,420,390,2.9333333333333336
54.6,Control,1,Locomotion,450,420,0.0
54.6,Control,1,Climb,30,0,0.0
54.6,Control,1,Climb,60,30,12.266666666666666
54.6,Control,1,Climb,90,60,7.733333333333333
54.6,Control,1,Climb,120,90,15.466666666666669
54.6,Control,1,Climb,150,120,0.0
54.6,Control,1,Climb,180,150,14.4
54.6,Control,1,Climb,210,180,0.0
54.6,Control,1,Climb,240,210,0.0
54.6,Control,1,Climb,270,240,0.0
54.6,Control,1,Climb,300,270,0.0
54.6,Control,1,Climb,330,300,0.0
54.6,Control,1,Climb,360,330,0.0
54.6,Control,1,Climb,390,360,0.0
54.6,Control,1,Climb,420,390,4.666666666666667
54.6,Control,1,Climb,450,420,0.0
54.6,Control,1,Jump,30,0,0.0
54.6,Control,1,Jump,60,30,0.0
54.6,Control,1,Jump,90,60,0.0
54.6,Control,1,Jump,120,90,0.0
54.6,Control,1,Jump,150,120,0.0
54.6,Control,1,Jump,180,150,0.0
54.6,Control,1,Jump,210,180,1.7333333333333332
54.6,Control,1,Jump,240,210,0.0
54.6,Control,1,Jump,270,240,0.0
54.6,Control,1,Jump,300,270,0.0
54.6,Control,1,Jump,330,300,0.8
54.6,Control,1,Jump,360,330,0.0
54.6,Control,1,Jump,390,360,2.4000000000000004
54.6,Control,1,Jump,420,390,0.5333333333333333
54.6,Control,1,Jump,450,420,0.0
55.3,ELS,1,Freeze,30,0,0.0
55.3,ELS,1,Freeze,60,30,0.0
55.3,ELS,1,Freeze,90,60,1.3333333333333337
55.3,ELS,1,Freeze,120,90,7.466666666666668
55.3,ELS,1,Freeze,150,120,10.266666666666667
55.3,ELS,1,Freeze,180,150,0.0
55.3,ELS,1,Freeze,210,180,23.200000000000003
55.3,ELS,1,Freeze,240,210,12.133333333333333
55.3,ELS,1,Freeze,270,240,13.6
55.3,ELS,1,Freeze,300,270,22.666666666666664
55.3,ELS,1,Freeze,330,300,23.46666666666667
55.3,ELS,1,Freeze,360,330,21.2
55.3,ELS,1,Freeze,390,360,31.466666666666665
55.3,ELS,1,Freeze,420,390,18.133333333333333
55.3,ELS,1,Freeze,450,420,15.066666666666668
55.3,ELS,1,Sniff,30,0,0.0
55.3,ELS,1,Sniff,60,30,0.0
55.3,ELS,1,Sniff,90,60,0.0
55.3,ELS,1,Sniff,120,90,2.4
55.3,ELS,1,Sniff,150,120,0.0
55.3,ELS,1,Sniff,180,150,1.2
55.3,ELS,1,Sniff,210,180,5.6000000000000005
55.3,ELS,1,Sniff,240,210,2.533333333333333
55.3,ELS,1,Sniff,270,240,0.0
55.3,ELS,1,Sniff,300,270,0.0
55.3,ELS,1,Sniff,330,300,1.866666666666667
55.3,ELS,1,Sniff,360,330,0.0
55.3,ELS,1,Sniff,390,360,2.533333333333333
55.3,ELS,1,Sniff,420,390,0.0
55.3,ELS,1,Sniff,450,420,0.0
55.3,ELS,1,Groom,30,0,0.0
55.3,ELS,1,Groom,60,30,0.5333333333333333
55.3,ELS,1,Groom,90,60,0.0
55.3,ELS,1,Groom,120,90,0.0
55.3,ELS,1,Groom,150,120,0.0
55.3,ELS,1,Groom,180,150,0.0
55.3,ELS,1,Groom,210,180,0.0
55.3,ELS,1,Groom,240,210,0.0
55.3,ELS,1,Groom,270,240,0.0
55.3,ELS,1,Groom,300,270,0.0
55.3,ELS,1,Groom,330,300,0.0
55.3,ELS,1,Groom,360,330,0.0
55.3,ELS,1,Groom,390,360,0.0
55.3,ELS,1,Groom,420,390,0.0
55.3,ELS,1,Groom,450,420,0.0
55.3,ELS,1,Turn,30,0,26.53333333333333
55.3,ELS,1,Turn,60,30,30.8
55.3,ELS,1,Turn,90,60,26.933333333333334
55.3,ELS,1,Turn,120,90,20.666666666666668
55.3,ELS,1,Turn,150,120,52.13333333333334
55.3,ELS,1,Turn,180,150,33.733333333333334
55.3,ELS,1,Turn,210,180,34.13333333333333
55.3,ELS,1,Turn,240,210,46.8
55.3,ELS,1,Turn,270,240,46.53333333333333
55.3,ELS,1,Turn,300,270,53.06666666666667
55.3,ELS,1,Turn,330,300,50.93333333333334
55.3,ELS,1,Turn,360,330,42.0
55.3,ELS,1,Turn,390,360,43.599999999999994
55.3,ELS,1,Turn,420,390,53.33333333333333
55.3,ELS,1,Turn,450,420,9.2
55.3,ELS,1,Locomotion,30,0,17.2
55.3,ELS,1,Locomotion,60,30,26.8
55.3,ELS,1,Locomotion,90,60,29.066666666666666
55.3,ELS,1,Locomotion,120,90,20.0
55.3,ELS,1,Locomotion,150,120,3.0666666666666664
55.3,ELS,1,Locomotion,180,150,20.133333333333333
55.3,ELS,1,Locomotion,210,180,11.333333333333334
55.3,ELS,1,Locomotion,240,210,2.933333333333333
55.3,ELS,1,Locomotion,270,240,4.533333333333333
55.3,ELS,1,Locomotion,300,270,3.866666666666667
55.3,ELS,1,Locomotion,330,300,8.533333333333333
55.3,ELS,1,Locomotion,360,330,1.4666666666666666
55.3,ELS,1,Locomotion,390,360,0.0
55.3,ELS,1,Locomotion,420,390,4.533333333333333
55.3,ELS,1,Locomotion,450,420,5.066666666666666
55.3,ELS,1,Climb,30,0,5.866666666666666
55.3,ELS,1,Climb,60,30,6.0
55.3,ELS,1,Climb,90,60,6.533333333333332
55.3,ELS,1,Climb,120,90,21.066666666666663
55.3,ELS,1,Climb,150,120,0.0
55.3,ELS,1,Climb,180,150,21.73333333333333
55.3,ELS,1,Climb,210,180,9.333333333333334
55.3,ELS,1,Climb,240,210,0.6666666666666667
55.3,ELS,1,Climb,270,240,6.800000000000001
55.3,ELS,1,Climb,300,270,0.0
55.3,ELS,1,Climb,330,300,0.0
55.3,ELS,1,Climb,360,330,0.0
55.3,ELS,1,Climb,390,360,0.0
55.3,ELS,1,Climb,420,390,4.8
55.3,ELS,1,Climb,450,420,0.0
55.3,ELS,1,Jump,30,0,1.7333333333333332
55.3,ELS,1,Jump,60,30,0.3999999999999999
55.3,ELS,1,Jump,90,60,1.6000000000000003
55.3,ELS,1,Jump,120,90,0.0
55.3,ELS,1,Jump,150,120,0.0
55.3,ELS,1,Jump,180,150,0.0
55.3,ELS,1,Jump,210,180,0.8
55.3,ELS,1,Jump,240,210,1.8666666666666667
55.3,ELS,1,Jump,270,240,0.0
55.3,ELS,1,Jump,300,270,3.3333333333333335
55.3,ELS,1,Jump,330,300,0.0
55.3,ELS,1,Jump,360,330,0.0
55.3,ELS,1,Jump,390,360,4.133333333333333
55.3,ELS,1,Jump,420,390,2.4
55.3,ELS,1,Jump,450,420,0.0
55.5,ELS,1,Freeze,30,0,0.0
55.5,ELS,1,Freeze,60,30,6.266666666666667
55.5,ELS,1,Freeze,90,60,0.0
55.5,ELS,1,Freeze,120,90,0.8
55.5,ELS,1,Freeze,150,120,0.0
55.5,ELS,1,Freeze,180,150,0.0
55.5,ELS,1,Freeze,210,180,1.0666666666666669
55.5,ELS,1,Freeze,240,210,12.533333333333331
55.5,ELS,1,Freeze,270,240,5.2
55.5,ELS,1,Freeze,300,270,10.933333333333334
55.5,ELS,1,Freeze,330,300,12.933333333333334
55.5,ELS,1,Freeze,360,330,18.0
55.5,ELS,1,Freeze,390,360,7.466666666666668
55.5,ELS,1,Freeze,420,390,7.866666666666666
55.5,ELS,1,Freeze,450,420,9.066666666666666
55.5,ELS,1,Sniff,30,0,0.0
55.5,ELS,1,Sniff,60,30,0.0
55.5,ELS,1,Sniff,90,60,0.0
55.5,ELS,1,Sniff,120,90,4.533333333333333
55.5,ELS,1,Sniff,150,120,0.0
55.5,ELS,1,Sniff,180,150,0.0
55.5,ELS,1,Sniff,210,180,0.0
55.5,ELS,1,Sniff,240,210,4.0
55.5,ELS,1,Sniff,270,240,3.6
55.5,ELS,1,Sniff,300,270,7.6
55.5,ELS,1,Sniff,330,300,0.0
55.5,ELS,1,Sniff,360,330,0.0
55.5,ELS,1,Sniff,390,360,6.800000000000001
55.5,ELS,1,Sniff,420,390,4.266666666666667
55.5,ELS,1,Sniff,450,420,0.0
55.5,ELS,1,Groom,30,0,0.0
55.5,ELS,1,Groom,60,30,0.0
55.5,ELS,1,Groom,90,60,0.0
55.5,ELS,1,Groom,120,90,0.0
55.5,ELS,1,Groom,150,120,0.0
55.5,ELS,1,Groom,180,150,0.0
55.5,ELS,1,Groom,210,180,0.0
55.5,ELS,1,Groom,240,210,0.0
55.5,ELS,1,Groom,270,240,0.0
55.5,ELS,1,Groom,300,270,0.0
55.5,ELS,1,Groom,330,300,0.0
55.5,ELS,1,Groom,360,330,0.0
55.5,ELS,1,Groom,390,360,0.0
55.5,ELS,1,Groom,420,390,0.0
55.5,ELS,1,Groom,450,420,0.1333333333333333
55.5,ELS,1,Turn,30,0,23.2
55.5,ELS,1,Turn,60,30,49.06666666666667
55.5,ELS,1,Turn,90,60,49.866666666666674
55.5,ELS,1,Turn,120,90,34.13333333333333
55.5,ELS,1,Turn,150,120,26.133333333333333
55.5,ELS,1,Turn,180,150,52.13333333333333
55.5,ELS,1,Turn,210,180,40.4
55.5,ELS,1,Turn,240,210,33.733333333333334
55.5,ELS,1,Turn,270,240,40.4
55.5,ELS,1,Turn,300,270,46.800000000000004
55.5,ELS,1,Turn,330,300,62.666666666666664
55.5,ELS,1,Turn,360,330,60.53333333333333
55.5,ELS,1,Turn,390,360,50.53333333333334
55.5,ELS,1,Turn,420,390,57.06666666666668
55.5,ELS,1,Turn,450,420,65.33333333333333
55.5,ELS,1,Locomotion,30,0,28.000000000000004
55.5,ELS,1,Locomotion,60,30,6.666666666666666
55.5,ELS,1,Locomotion,90,60,16.8
55.5,ELS,1,Locomotion,120,90,16.8
55.5,ELS,1,Locomotion,150,120,9.066666666666666
55.5,ELS,1,Locomotion,180,150,21.866666666666667
55.5,ELS,1,Locomotion,210,180,19.866666666666667
55.5,ELS,1,Locomotion,240,210,0.8
55.5,ELS,1,Locomotion,270,240,6.933333333333334
55.5,ELS,1,Locomotion,300,270,5.733333333333334
55.5,ELS,1,Locomotion,330,300,5.866666666666666
55.5,ELS,1,Locomotion,360,330,3.6
55.5,ELS,1,Locomotion,390,360,6.800000000000001
55.5,ELS,1,Locomotion,420,390,4.933333333333334
55.5,ELS,1,Locomotion,450,420,3.5999999999999996
55.5,ELS,1,Climb,30,0,3.4666666666666663
55.5,ELS,1,Climb,60,30,0.0
55.5,ELS,1,Climb,90,60,6.533333333333332
55.5,ELS,1,Climb,120,90,4.266666666666667
55.5,ELS,1,Climb,150,120,8.4
55.5,ELS,1,Climb,180,150,5.6000000000000005
55.5,ELS,1,Climb,210,180,7.199999999999999
55.5,ELS,1,Climb,240,210,0.0
55.5,ELS,1,Climb,270,240,3.733333333333334
55.5,ELS,1,Climb,300,270,0.0
55.5,ELS,1,Climb,330,300,5.066666666666666
55.5,ELS,1,Climb,360,330,0.0
55.5,ELS,1,Climb,390,360,0.0
55.5,ELS,1,Climb,420,390,9.333333333333334
55.5,ELS,1,Climb,450,420,0.0
55.5,ELS,1,Jump,30,0,0.0
55.5,ELS,1,Jump,60,30,0.0
55.5,ELS,1,Jump,90,60,0.0
55.5,ELS,1,Jump,120,90,0.0
55.5,ELS,1,Jump,150,120,1.4666666666666668
55.5,ELS,1,Jump,180,150,0.0
55.5,ELS,1,Jump,210,180,3.866666666666667
55.5,ELS,1,Jump,240,210,0.0
55.5,ELS,1,Jump,270,240,0.0
55.5,ELS,1,Jump,300,270,0.8
55.5,ELS,1,Jump,330,300,0.0
55.5,ELS,1,Jump,360,330,0.0
55.5,ELS,1,Jump,390,360,1.7333333333333336
55.5,ELS,1,Jump,420,390,0.0
55.5,ELS,1,Jump,450,420,0.0
56.3,ELS,1,Freeze,30,0,0.0
56.3,ELS,1,Freeze,60,30,0.0
56.3,ELS,1,Freeze,90,60,2.8000000000000003
56.3,ELS,1,Freeze,120,90,1.4666666666666666
56.3,ELS,1,Freeze,150,120,2.8000000000000003
56.3,ELS,1,Freeze,180,150,7.066666666666667
56.3,ELS,1,Freeze,210,180,31.73333333333333
56.3,ELS,1,Freeze,240,210,22.26666666666667
56.3,ELS,1,Freeze,270,240,11.733333333333333
56.3,ELS,1,Freeze,300,270,40.93333333333333
56.3,ELS,1,Freeze,330,300,31.333333333333336
56.3,ELS,1,Freeze,360,330,31.466666666666665
56.3,ELS,1,Freeze,390,360,43.73333333333333
56.3,ELS,1,Freeze,420,390,24.8
56.3,ELS,1,Freeze,450,420,58.0
56.3,ELS,1,Sniff,30,0,0.0
56.3,ELS,1,Sniff,60,30,0.0
56.3,ELS,1,Sniff,90,60,5.333333333333334
56.3,ELS,1,Sniff,120,90,0.0
56.3,ELS,1,Sniff,150,120,0.0
56.3,ELS,1,Sniff,180,150,0.0
56.3,ELS,1,Sniff,210,180,3.0666666666666664
56.3,ELS,1,Sniff,240,210,3.333333333333333
56.3,ELS,1,Sniff,270,240,0.0
56.3,ELS,1,Sniff,300,270,3.0666666666666664
56.3,ELS,1,Sniff,330,300,3.733333333333334
56.3,ELS,1,Sniff,360,330,0.0
56.3,ELS,1,Sniff,390,360,0.0
56.3,ELS,1,Sniff,420,390,0.0
56.3,ELS,1,Sniff,450,420,18.666666666666668
56.3,ELS,1,Groom,30,0,0.0
56.3,ELS,1,Groom,60,30,0.0
56.3,ELS,1,Groom,90,60,0.0
56.3,ELS,1,Groom,120,90,0.0
56.3,ELS,1,Groom,150,120,0.0
56.3,ELS,1,Groom,180,150,0.0
56.3,ELS,1,Groom,210,180,0.0
56.3,ELS,1,Groom,240,210,0.0
56.3,ELS,1,Groom,270,240,0.0
56.3,ELS,1,Groom,300,270,0.0
56.3,ELS,1,Groom,330,300,0.0
56.3,ELS,1,Groom,360,330,0.0
56.3,ELS,1,Groom,390,360,0.0
56.3,ELS,1,Groom,420,390,0.0
56.3,ELS,1,Groom,450,420,0.0
56.3,ELS,1,Turn,30,0,38.666666666666664
56.3,ELS,1,Turn,60,30,44.53333333333333
56.3,ELS,1,Turn,90,60,49.6
56.3,ELS,1,Turn,120,90,59.6
56.3,ELS,1,Turn,150,120,44.0
56.3,ELS,1,Turn,180,150,49.333333333333336
56.3,ELS,1,Turn,210,180,37.33333333333333
56.3,ELS,1,Turn,240,210,54.13333333333333
56.3,ELS,1,Turn,270,240,60.53333333333334
56.3,ELS,1,Turn,300,270,49.46666666666667
56.3,ELS,1,Turn,330,300,50.4
56.3,ELS,1,Turn,360,330,51.333333333333336
56.3,ELS,1,Turn,390,360,39.06666666666666
56.3,ELS,1,Turn,420,390,59.199999999999996
56.3,ELS,1,Turn,450,420,20.133333333333333
56.3,ELS,1,Locomotion,30,0,16.53333333333333
56.3,ELS,1,Locomotion,60,30,12.8
56.3,ELS,1,Locomotion,90,60,20.266666666666666
56.3,ELS,1,Locomotion,120,90,16.933333333333334
56.3,ELS,1,Locomotion,150,120,20.133333333333333
56.3,ELS,1,Locomotion,180,150,16.53333333333333
56.3,ELS,1,Locomotion,210,180,7.6000000000000005
56.3,ELS,1,Locomotion,240,210,5.733333333333333
56.3,ELS,1,Locomotion,270,240,5.2
56.3,ELS,1,Locomotion,300,270,3.0666666666666664
56.3,ELS,1,Locomotion,330,300,1.3333333333333335
56.3,ELS,1,Locomotion,360,330,3.8666666666666663
56.3,ELS,1,Locomotion,390,360,3.466666666666667
56.3,ELS,1,Locomotion,420,390,4.0
56.3,ELS,1,Locomotion,450,420,0.1333333333333333
56.3,ELS,1,Climb,30,0,0.0
56.3,ELS,1,Climb,60,30,10.0
56.3,ELS,1,Climb,90,60,4.8
56.3,ELS,1,Climb,120,90,9.066666666666666
56.3,ELS,1,Climb,150,120,10.933333333333334
56.3,ELS,1,Climb,180,150,18.0
56.3,ELS,1,Climb,210,180,2.933333333333333
56.3,ELS,1,Climb,240,210,0.0
56.3,ELS,1,Climb,270,240,6.933333333333333
56.3,ELS,1,Climb,300,270,0.0
56.3,ELS,1,Climb,330,300,0.0
56.3,ELS,1,Climb,360,330,13.066666666666665
56.3,ELS,1,Climb,390,360,0.0
56.3,ELS,1,Climb,420,390,7.066666666666667
56.3,ELS,1,Climb,450,420,0.0
56.3,ELS,1,Jump,30,0,0.0
56.3,ELS,1,Jump,60,30,0.0
56.3,ELS,1,Jump,90,60,0.1333333333333333
56.3,ELS,1,Jump,120,90,0.0
56.3,ELS,1,Jump,150,120,0.0
56.3,ELS,1,Jump,180,150,0.0
56.3,ELS,1,Jump,210,180,0.8
56.3,ELS,1,Jump,240,210,0.0
56.3,ELS,1,Jump,270,240,0.0
56.3,ELS,1,Jump,300,270,2.2666666666666666
56.3,ELS,1,Jump,330,300,2.5333333333333337
56.3,ELS,1,Jump,360,330,0.0
56.3,ELS,1,Jump,390,360,0.6666666666666667
56.3,ELS,1,Jump,420,390,0.0
56.3,ELS,1,Jump,450,420,0.0
58.5,Control,1,Freeze,30,0,0.0
58.5,Control,1,Freeze,60,30,0.9333333333333336
58.5,Control,1,Freeze,90,60,4.266666666666667
58.5,Control,1,Freeze,120,90,3.2
58.5,Control,1,Freeze,150,120,3.733333333333334
58.5,Control,1,Freeze,180,150,0.0
58.5,Control,1,Freeze,210,180,5.2
58.5,Control,1,Freeze,240,210,11.733333333333333
58.5,Control,1,Freeze,270,240,22.799999999999997
58.5,Control,1,Freeze,300,270,15.2
58.5,Control,1,Freeze,330,300,5.2
58.5,Control,1,Freeze,360,330,28.133333333333333
58.5,Control,1,Freeze,390,360,34.4
58.5,Control,1,Freeze,420,390,73.86666666666667
58.5,Control,1,Freeze,450,420,48.8
58.5,Control,1,Sniff,30,0,0.0
58.5,Control,1,Sniff,60,30,0.0
58.5,Control,1,Sniff,90,60,0.0
58.5,Control,1,Sniff,120,90,0.0
58.5,Control,1,Sniff,150,120,0.0
58.5,Control,1,Sniff,180,150,0.0
58.5,Control,1,Sniff,210,180,0.0
58.5,Control,1,Sniff,240,210,5.6000000000000005
58.5,Control,1,Sniff,270,240,5.733333333333333
58.5,Control,1,Sniff,300,270,0.0
58.5,Control,1,Sniff,330,300,0.0
58.5,Control,1,Sniff,360,330,0.0
58.5,Control,1,Sniff,390,360,0.0
58.5,Control,1,Sniff,420,390,0.0
58.5,Control,1,Sniff,450,420,0.0
58.5,Control,1,Groom,30,0,0.0
58.5,Control,1,Groom,60,30,0.0
58.5,Control,1,Groom,90,60,0.0
58.5,Control,1,Groom,120,90,0.0
58.5,Control,1,Groom,150,120,0.0
58.5,Control,1,Groom,180,150,0.0
58.5,Control,1,Groom,210,180,0.0
58.5,Control,1,Groom,240,210,0.0
58.5,Control,1,Groom,270,240,0.0
58.5,Control,1,Groom,300,270,0.0
58.5,Control,1,Groom,330,300,0.1333333333333333
58.5,Control,1,Groom,360,330,0.0
58.5,Control,1,Groom,390,360,0.0
58.5,Control,1,Groom,420,390,0.0
58.5,Control,1,Groom,450,420,0.0
58.5,Control,1,Turn,30,0,49.2
58.5,Control,1,Turn,60,30,22.8
58.5,Control,1,Turn,90,60,43.46666666666666
58.5,Control,1,Turn,120,90,36.93333333333334
58.5,Control,1,Turn,150,120,52.666666666666664
58.5,Control,1,Turn,180,150,40.39999999999999
58.5,Control,1,Turn,210,180,31.333333333333332
58.5,Control,1,Turn,240,210,59.2
58.5,Control,1,Turn,270,240,46.8
58.5,Control,1,Turn,300,270,37.33333333333333
58.5,Control,1,Turn,330,300,49.86666666666666
58.5,Control,1,Turn,360,330,45.2
58.5,Control,1,Turn,390,360,16.533333333333335
58.5,Control,1,Turn,420,390,17.333333333333336
58.5,Control,1,Turn,450,420,32.66666666666667
58.5,Control,1,Locomotion,30,0,21.2
58.5,Control,1,Locomotion,60,30,21.066666666666666
58.5,Control,1,Locomotion,90,60,20.133333333333333
58.5,Control,1,Locomotion,120,90,16.133333333333336
58.5,Control,1,Locomotion,150,120,16.133333333333333
58.5,Control,1,Locomotion,180,150,22.666666666666668
58.5,Control,1,Locomotion,210,180,16.266666666666666
58.5,Control,1,Locomotion,240,210,2.933333333333333
58.5,Control,1,Locomotion,270,240,4.800000000000001
58.5,Control,1,Locomotion,300,270,5.7333333333333325
58.5,Control,1,Locomotion,330,300,11.733333333333334
58.5,Control,1,Locomotion,360,330,2.6666666666666665
58.5,Control,1,Locomotion,390,360,5.866666666666667
58.5,Control,1,Locomotion,420,390,2.4000000000000004
58.5,Control,1,Locomotion,450,420,0.9333333333333336
58.5,Control,1,Climb,30,0,3.0666666666666664
58.5,Control,1,Climb,60,30,5.066666666666666
58.5,Control,1,Climb,90,60,12.666666666666668
58.5,Control,1,Climb,120,90,9.6
58.5,Control,1,Climb,150,120,14.000000000000002
58.5,Control,1,Climb,180,150,3.8666666666666663
58.5,Control,1,Climb,210,180,6.666666666666667
58.5,Control,1,Climb,240,210,0.0
58.5,Control,1,Climb,270,240,4.4
58.5,Control,1,Climb,300,270,0.0
58.5,Control,1,Climb,330,300,12.666666666666668
58.5,Control,1,Climb,360,330,0.0
58.5,Control,1,Climb,390,360,4.533333333333333
58.5,Control,1,Climb,420,390,0.0
58.5,Control,1,Climb,450,420,0.0
58.5,Control,1,Jump,30,0,2.266666666666667
58.5,Control,1,Jump,60,30,1.7333333333333336
58.5,Control,1,Jump,90,60,0.0
58.5,Control,1,Jump,120,90,0.2666666666666666
58.5,Control,1,Jump,150,120,0.1333333333333333
58.5,Control,1,Jump,180,150,2.9333333333333336
58.5,Control,1,Jump,210,180,0.4
58.5,Control,1,Jump,240,210,0.0
58.5,Control,1,Jump,270,240,0.0
58.5,Control,1,Jump,300,270,0.1333333333333333
58.5,Control,1,Jump,330,300,0.0
58.5,Control,1,Jump,360,330,0.0
58.5,Control,1,Jump,390,360,2.4
58.5,Control,1,Jump,420,390,0.2666666666666666
58.5,Control,1,Jump,450,420,0.0
62.1,Control,1,Freeze,30,0,0.0
62.1,Control,1,Freeze,60,30,0.0
62.1,Control,1,Freeze,90,60,0.0
62.1,Control,1,Freeze,120,90,0.0
62.1,Control,1,Freeze,150,120,0.0
62.1,Control,1,Freeze,180,150,2.1333333333333333
62.1,Control,1,Freeze,210,180,4.4
62.1,Control,1,Freeze,240,210,3.4666666666666663
62.1,Control,1,Freeze,270,240,8.933333333333334
62.1,Control,1,Freeze,300,270,11.066666666666666
62.1,Control,1,Freeze,330,300,12.266666666666666
62.1,Control,1,Freeze,360,330,22.666666666666664
62.1,Control,1,Freeze,390,360,14.533333333333337
62.1,Control,1,Freeze,420,390,42.66666666666667
62.1,Control,1,Freeze,450,420,38.666666666666664
62.1,Control,1,Sniff,30,0,0.0
62.1,Control,1,Sniff,60,30,0.0
62.1,Control,1,Sniff,90,60,0.8
62.1,Control,1,Sniff,120,90,0.8
62.1,Control,1,Sniff,150,120,0.0
62.1,Control,1,Sniff,180,150,0.0
62.1,Control,1,Sniff,210,180,6.0
62.1,Control,1,Sniff,240,210,0.0
62.1,Control,1,Sniff,270,240,2.666666666666667
62.1,Control,1,Sniff,300,270,5.466666666666667
62.1,Control,1,Sniff,330,300,0.0
62.1,Control,1,Sniff,360,330,0.0
62.1,Control,1,Sniff,390,360,1.2
62.1,Control,1,Sniff,420,390,0.0
62.1,Control,1,Sniff,450,420,0.0
62.1,Control,1,Groom,30,0,0.0
62.1,Control,1,Groom,60,30,0.0
62.1,Control,1,Groom,90,60,0.0
62.1,Control,1,Groom,120,90,0.1333333333333333
62.1,Control,1,Groom,150,120,0.0
62.1,Control,1,Groom,180,150,0.0
62.1,Control,1,Groom,210,180,0.0
62.1,Control,1,Groom,240,210,0.0
62.1,Control,1,Groom,270,240,0.0
62.1,Control,1,Groom,300,270,0.0
62.1,Control,1,Groom,330,300,0.5333333333333333
62.1,Control,1,Groom,360,330,0.0
62.1,Control,1,Groom,390,360,0.2666666666666666
62.1,Control,1,Groom,420,390,0.0
62.1,Control,1,Groom,450,420,0.4
62.1,Control,1,Turn,30,0,13.866666666666667
62.1,Control,1,Turn,60,30,30.133333333333333
62.1,Control,1,Turn,90,60,35.86666666666666
62.1,Control,1,Turn,120,90,24.133333333333333
62.1,Control,1,Turn,150,120,19.866666666666667
62.1,Control,1,Turn,180,150,35.06666666666667
62.1,Control,1,Turn,210,180,33.6
62.1,Control,1,Turn,240,210,54.0
62.1,Control,1,Turn,270,240,30.266666666666666
62.1,Control,1,Turn,300,270,48.266666666666666
62.1,Control,1,Turn,330,300,43.2
62.1,Control,1,Turn,360,330,34.800000000000004
62.1,Control,1,Turn,390,360,34.0
62.1,Control,1,Turn,420,390,54.53333333333333
62.1,Control,1,Turn,450,420,36.13333333333333
62.1,Control,1,Locomotion,30,0,19.733333333333334
62.1,Control,1,Locomotion,60,30,23.866666666666667
62.1,Control,1,Locomotion,90,60,5.200000000000001
62.1,Control,1,Locomotion,120,90,11.200000000000001
62.1,Control,1,Locomotion,150,120,14.533333333333335
62.1,Control,1,Locomotion,180,150,15.466666666666667
62.1,Control,1,Locomotion,210,180,9.066666666666666
62.1,Control,1,Locomotion,240,210,3.2000000000000006
62.1,Control,1,Locomotion,270,240,10.0
62.1,Control,1,Locomotion,300,270,3.333333333333334
62.1,Control,1,Locomotion,330,300,7.866666666666667
62.1,Control,1,Locomotion,360,330,1.6
62.1,Control,1,Locomotion,390,360,6.3999999999999995
62.1,Control,1,Locomotion,420,390,1.6
62.1,Control,1,Locomotion,450,420,0.4
62.1,Control,1,Climb,30,0,0.0
62.1,Control,1,Climb,60,30,7.466666666666668
62.1,Control,1,Climb,90,60,21.066666666666663
62.1,Control,1,Climb,120,90,16.266666666666666
62.1,Control,1,Climb,150,120,24.933333333333334
62.1,Control,1,Climb,180,150,4.133333333333333
62.1,Control,1,Climb,210,180,11.066666666666666
62.1,Control,1,Climb,240,210,6.266666666666667
62.1,Control,1,Climb,270,240,11.6
62.1,Control,1,Climb,300,270,4.8
62.1,Control,1,Climb,330,300,0.0
62.1,Control,1,Climb,360,330,7.466666666666668
62.1,Control,1,Climb,390,360,0.0
62.1,Control,1,Climb,420,390,0.0
62.1,Control,1,Climb,450,420,5.733333333333333
62.1,Control,1,Jump,30,0,0.0
62.1,Control,1,Jump,60,30,0.0
62.1,Control,1,Jump,90,60,0.0
62.1,Control,1,Jump,120,90,0.2666666666666666
62.1,Control,1,Jump,150,120,0.0
62.1,Control,1,Jump,180,150,0.6666666666666667
62.1,Control,1,Jump,210,180,3.7333333333333334
62.1,Control,1,Jump,240,210,0.0
62.1,Control,1,Jump,270,240,2.933333333333333
62.1,Control,1,Jump,300,270,4.8
62.1,Control,1,Jump,330,300,1.4666666666666666
62.1,Control,1,Jump,360,330,0.2666666666666666
62.1,Control,1,Jump,390,360,2.666666666666667
62.1,Control,1,Jump,420,390,0.2666666666666666
62.1,Control,1,Jump,450,420,0.0
62.2,Control,1,Freeze,30,0,1.3333333333333337
62.2,Control,1,Freeze,60,30,4.533333333333333
62.2,Control,1,Freeze,90,60,27.33333333333333
62.2,Control,1,Freeze,120,90,0.0
62.2,Control,1,Freeze,150,120,6.666666666666667
62.2,Control,1,Freeze,180,150,14.133333333333336
62.2,Control,1,Freeze,210,180,19.6
62.2,Control,1,Freeze,240,210,30.53333333333333
62.2,Control,1,Freeze,270,240,26.13333333333333
62.2,Control,1,Freeze,300,270,20.8
62.2,Control,1,Freeze,330,300,55.199999999999996
62.2,Control,1,Freeze,360,330,18.53333333333333
62.2,Control,1,Freeze,390,360,24.8
62.2,Control,1,Freeze,420,390,57.33333333333333
62.2,Control,1,Freeze,450,420,67.06666666666666
62.2,Control,1,Sniff,30,0,0.0
62.2,Control,1,Sniff,60,30,0.0
62.2,Control,1,Sniff,90,60,0.0
62.2,Control,1,Sniff,120,90,0.0
62.2,Control,1,Sniff,150,120,3.333333333333333
62.2,Control,1,Sniff,180,150,13.466666666666663
62.2,Control,1,Sniff,210,180,0.0
62.2,Control,1,Sniff,240,210,0.0
62.2,Control,1,Sniff,270,240,0.0
62.2,Control,1,Sniff,300,270,0.0
62.2,Control,1,Sniff,330,300,0.0
62.2,Control,1,Sniff,360,330,2.2666666666666666
62.2,Control,1,Sniff,390,360,0.0
62.2,Control,1,Sniff,420,390,0.0
62.2,Control,1,Sniff,450,420,0.0
62.2,Control,1,Groom,30,0,0.0
62.2,Control,1,Groom,60,30,0.0
62.2,Control,1,Groom,90,60,0.0
62.2,Control,1,Groom,120,90,0.0
62.2,Control,1,Groom,150,120,0.4
62.2,Control,1,Groom,180,150,0.0
62.2,Control,1,Groom,210,180,0.0
62.2,Control,1,Groom,240,210,0.0
62.2,Control,1,Groom,270,240,0.0
62.2,Control,1,Groom,300,270,0.0
62.2,Control,1,Groom,330,300,0.0
62.2,Control,1,Groom,360,330,0.0
62.2,Control,1,Groom,390,360,0.0
62.2,Control,1,Groom,420,390,0.0
62.2,Control,1,Groom,450,420,0.0
62.2,Control,1,Turn,30,0,53.2
62.2,Control,1,Turn,60,30,58.53333333333333
62.2,Control,1,Turn,90,60,48.133333333333326
62.2,Control,1,Turn,120,90,44.8
62.2,Control,1,Turn,150,120,71.73333333333332
62.2,Control,1,Turn,180,150,42.800000000000004
62.2,Control,1,Turn,210,180,64.93333333333332
62.2,Control,1,Turn,240,210,58.8
62.2,Control,1,Turn,270,240,62.66666666666667
62.2,Control,1,Turn,300,270,59.86666666666666
62.2,Control,1,Turn,330,300,32.53333333333333
62.2,Control,1,Turn,360,330,52.13333333333333
62.2,Control,1,Turn,390,360,59.46666666666667
62.2,Control,1,Turn,420,390,32.666666666666664
62.2,Control,1,Turn,450,420,17.333333333333332
62.2,Control,1,Locomotion,30,0,11.2
62.2,Control,1,Locomotion,60,30,2.4000000000000004
62.2,Control,1,Locomotion,90,60,0.1333333333333333
62.2,Control,1,Locomotion,120,90,1.0666666666666669
62.2,Control,1,Locomotion,150,120,3.4666666666666663
62.2,Control,1,Locomotion,180,150,6.3999999999999995
62.2,Control,1,Locomotion,210,180,3.1999999999999997
62.2,Control,1,Locomotion,240,210,3.0666666666666664
62.2,Control,1,Locomotion,270,240,0.8
62.2,Control,1,Locomotion,300,270,4.3999999999999995
62.2,Control,1,Locomotion,330,300,0.0
62.2,Control,1,Locomotion,360,330,3.066666666666667
62.2,Control,1,Locomotion,390,360,2.9333333333333336
62.2,Control,1,Locomotion,420,390,0.9333333333333333
62.2,Control,1,Locomotion,450,420,1.3333333333333337
62.2,Control,1,Climb,30,0,0.0
62.2,Control,1,Climb,60,30,0.0
62.2,Control,1,Climb,90,60,0.0
62.2,Control,1,Climb,120,90,14.133333333333336
62.2,Control,1,Climb,150,120,4.266666666666667
62.2,Control,1,Climb,180,150,13.733333333333334
62.2,Control,1,Climb,210,180,5.866666666666666
62.2,Control,1,Climb,240,210,0.0
62.2,Control,1,Climb,270,240,0.0
62.2,Control,1,Climb,300,270,3.733333333333334
62.2,Control,1,Climb,330,300,0.0
62.2,Control,1,Climb,360,330,0.0
62.2,Control,1,Climb,390,360,0.0
62.2,Control,1,Climb,420,390,0.0
62.2,Control,1,Climb,450,420,0.0
62.2,Control,1,Jump,30,0,0.0
62.2,Control,1,Jump,60,30,0.0
62.2,Control,1,Jump,90,60,0.0
62.2,Control,1,Jump,120,90,0.0
62.2,Control,1,Jump,150,120,0.0
62.2,Control,1,Jump,180,150,0.0
62.2,Control,1,Jump,210,180,3.466666666666667
62.2,Control,1,Jump,240,210,0.0
62.2,Control,1,Jump,270,240,0.0
62.2,Control,1,Jump,300,270,0.0
62.2,Control,1,Jump,330,300,0.0
62.2,Control,1,Jump,360,330,0.0
62.2,Control,1,Jump,390,360,0.6666666666666666
62.2,Control,1,Jump,420,390,0.5333333333333333
62.2,Control,1,Jump,450,420,0.0
62.3,Control,1,Freeze,30,0,0.0
62.3,Control,1,Freeze,60,30,0.0
62.3,Control,1,Freeze,90,60,4.8
62.3,Control,1,Freeze,120,90,7.6
62.3,Control,1,Freeze,150,120,2.666666666666667
62.3,Control,1,Freeze,180,150,6.533333333333333
62.3,Control,1,Freeze,210,180,26.133333333333333
62.3,Control,1,Freeze,240,210,20.266666666666666
62.3,Control,1,Freeze,270,240,25.6
62.3,Control,1,Freeze,300,270,39.86666666666667
62.3,Control,1,Freeze,330,300,62.133333333333326
62.3,Control,1,Freeze,360,330,57.99999999999999
62.3,Control,1,Freeze,390,360,51.866666666666674
62.3,Control,1,Freeze,420,390,49.73333333333333
62.3,Control,1,Freeze,450,420,74.26666666666667
62.3,Control,1,Sniff,30,0,0.0
62.3,Control,1,Sniff,60,30,0.0
62.3,Control,1,Sniff,90,60,0.0
62.3,Control,1,Sniff,120,90,0.0
62.3,Control,1,Sniff,150,120,0.0
62.3,Control,1,Sniff,180,150,0.0
62.3,Control,1,Sniff,210,180,0.0
62.3,Control,1,Sniff,240,210,5.066666666666666
62.3,Control,1,Sniff,270,240,0.0
62.3,Control,1,Sniff,300,270,0.0
62.3,Control,1,Sniff,330,300,0.0
62.3,Control,1,Sniff,360,330,0.0
62.3,Control,1,Sniff,390,360,0.0
62.3,Control,1,Sniff,420,390,0.0
62.3,Control,1,Sniff,450,420,0.0
62.3,Control,1,Groom,30,0,0.0
62.3,Control,1,Groom,60,30,0.0
62.3,Control,1,Groom,90,60,0.0
62.3,Control,1,Groom,120,90,0.0
62.3,Control,1,Groom,150,120,0.0
62.3,Control,1,Groom,180,150,0.0
62.3,Control,1,Groom,210,180,0.2666666666666666
62.3,Control,1,Groom,240,210,0.0
62.3,Control,1,Groom,270,240,0.0
62.3,Control,1,Groom,300,270,0.0
62.3,Control,1,Groom,330,300,0.0
62.3,Control,1,Groom,360,330,0.0
62.3,Control,1,Groom,390,360,0.4
62.3,Control,1,Groom,420,390,0.0
62.3,Control,1,Groom,450,420,0.0
62.3,Control,1,Turn,30,0,44.666666666666664
62.3,Control,1,Turn,60,30,39.2
62.3,Control,1,Turn,90,60,41.6
62.3,Control,1,Turn,120,90,51.06666666666666
62.3,Control,1,Turn,150,120,63.73333333333333
62.3,Control,1,Turn,180,150,39.06666666666667
62.3,Control,1,Turn,210,180,48.93333333333333
62.3,Control,1,Turn,240,210,50.66666666666667
62.3,Control,1,Turn,270,240,51.599999999999994
62.3,Control,1,Turn,300,270,36.8
62.3,Control,1,Turn,330,300,32.13333333333333
62.3,Control,1,Turn,360,330,34.93333333333333
62.3,Control,1,Turn,390,360,24.26666666666667
62.3,Control,1,Turn,420,390,37.199999999999996
62.3,Control,1,Turn,450,420,22.666666666666668
62.3,Control,1,Locomotion,30,0,19.2
62.3,Control,1,Locomotion,60,30,16.53333333333333
62.3,Control,1,Locomotion,90,60,12.133333333333333
62.3,Control,1,Locomotion,120,90,14.799999999999999
62.3,Control,1,Locomotion,150,120,11.333333333333332
62.3,Control,1,Locomotion,180,150,14.4
62.3,Control,1,Locomotion,210,180,7.199999999999999
62.3,Control,1,Locomotion,240,210,3.0666666666666664
62.3,Control,1,Locomotion,270,240,1.2
62.3,Control,1,Locomotion,300,270,4.666666666666666
62.3,Control,1,Locomotion,330,300,3.0666666666666664
62.3,Control,1,Locomotion,360,330,0.0
62.3,Control,1,Locomotion,390,360,3.333333333333333
62.3,Control,1,Locomotion,420,390,0.9333333333333336
62.3,Control,1,Locomotion,450,420,0.0
62.3,Control,1,Climb,30,0,7.466666666666668
62.3,Control,1,Climb,60,30,7.6
62.3,Control,1,Climb,90,60,17.466666666666665
62.3,Control,1,Climb,120,90,9.2
62.3,Control,1,Climb,150,120,7.866666666666666
62.3,Control,1,Climb,180,150,22.26666666666667
62.3,Control,1,Climb,210,180,3.733333333333334
62.3,Control,1,Climb,240,210,0.0
62.3,Control,1,Climb,270,240,6.0
62.3,Control,1,Climb,300,270,0.0
62.3,Control,1,Climb,330,300,0.0
62.3,Control,1,Climb,360,330,0.0
62.3,Control,1,Climb,390,360,0.0
62.3,Control,1,Climb,420,390,0.0
62.3,Control,1,Climb,450,420,0.0
62.3,Control,1,Jump,30,0,0.2666666666666666
62.3,Control,1,Jump,60,30,0.5333333333333333
62.3,Control,1,Jump,90,60,0.5333333333333333
62.3,Control,1,Jump,120,90,0.0
62.3,Control,1,Jump,150,120,0.0
62.3,Control,1,Jump,180,150,0.9333333333333336
62.3,Control,1,Jump,210,180,3.466666666666667
62.3,Control,1,Jump,240,210,0.0
62.3,Control,1,Jump,270,240,0.0
62.3,Control,1,Jump,300,270,4.533333333333333
62.3,Control,1,Jump,330,300,0.0
62.3,Control,1,Jump,360,330,0.0
62.3,Control,1,Jump,390,360,3.466666666666667
62.3,Control,1,Jump,420,390,0.0
62.3,Control,1,Jump,450,420,0.0
62.4,Control,1,Freeze,30,0,0.0
62.4,Control,1,Freeze,60,30,0.0
62.4,Control,1,Freeze,90,60,2.4
62.4,Control,1,Freeze,120,90,1.2
62.4,Control,1,Freeze,150,120,0.0
62.4,Control,1,Freeze,180,150,2.2666666666666666
62.4,Control,1,Freeze,210,180,4.266666666666667
62.4,Control,1,Freeze,240,210,26.0
62.4,Control,1,Freeze,270,240,27.46666666666667
62.4,Control,1,Freeze,300,270,18.8
62.4,Control,1,Freeze,330,300,66.4
62.4,Control,1,Freeze,360,330,65.86666666666666
62.4,Control,1,Freeze,390,360,44.8
62.4,Control,1,Freeze,420,390,55.06666666666666
62.4,Control,1,Freeze,450,420,55.86666666666667
62.4,Control,1,Sniff,30,0,0.0
62.4,Control,1,Sniff,60,30,0.0
62.4,Control,1,Sniff,90,60,0.0
62.4,Control,1,Sniff,120,90,0.0
62.4,Control,1,Sniff,150,120,0.0
62.4,Control,1,Sniff,180,150,2.2666666666666666
62.4,Control,1,Sniff,210,180,0.0
62.4,Control,1,Sniff,240,210,3.8666666666666663
62.4,Control,1,Sniff,270,240,0.0
62.4,Control,1,Sniff,300,270,0.0
62.4,Control,1,Sniff,330,300,0.0
62.4,Control,1,Sniff,360,330,0.0
62.4,Control,1,Sniff,390,360,0.0
62.4,Control,1,Sniff,420,390,0.0
62.4,Control,1,Sniff,450,420,0.0
62.4,Control,1,Groom,30,0,0.0
62.4,Control,1,Groom,60,30,0.0
62.4,Control,1,Groom,90,60,0.2666666666666666
62.4,Control,1,Groom,120,90,0.0
62.4,Control,1,Groom,150,120,0.0
62.4,Control,1,Groom,180,150,0.0
62.4,Control,1,Groom,210,180,0.0
62.4,Control,1,Groom,240,210,0.0
62.4,Control,1,Groom,270,240,0.0
62.4,Control,1,Groom,300,270,0.0
62.4,Control,1,Groom,330,300,0.0
62.4,Control,1,Groom,360,330,0.0
62.4,Control,1,Groom,390,360,0.0
62.4,Control,1,Groom,420,390,0.0
62.4,Control,1,Groom,450,420,0.0
62.4,Control,1,Turn,30,0,59.86666666666667
62.4,Control,1,Turn,60,30,32.666666666666664
62.4,Control,1,Turn,90,60,46.0
62.4,Control,1,Turn,120,90,43.46666666666667
62.4,Control,1,Turn,150,120,25.066666666666666
62.4,Control,1,Turn,180,150,19.733333333333334
62.4,Control,1,Turn,210,180,35.733333333333334
62.4,Control,1,Turn,240,210,47.46666666666666
62.4,Control,1,Turn,270,240,58.93333333333333
62.4,Control,1,Turn,300,270,50.53333333333333
62.4,Control,1,Turn,330,300,32.66666666666667
62.4,Control,1,Turn,360,330,25.599999999999998
62.4,Control,1,Turn,390,360,30.133333333333333
62.4,Control,1,Turn,420,390,31.866666666666667
62.4,Control,1,Turn,450,420,15.066666666666668
62.4,Control,1,Locomotion,30,0,8.666666666666666
62.4,Control,1,Locomotion,60,30,20.8
62.4,Control,1,Locomotion,90,60,17.066666666666666
62.4,Control,1,Locomotion,120,90,17.46666666666667
62.4,Control,1,Locomotion,150,120,20.933333333333334
62.4,Control,1,Locomotion,180,150,12.666666666666666
62.4,Control,1,Locomotion,210,180,15.200000000000001
62.4,Control,1,Locomotion,240,210,0.7999999999999999
62.4,Control,1,Locomotion,270,240,1.6
62.4,Control,1,Locomotion,300,270,0.8
62.4,Control,1,Locomotion,330,300,0.0
62.4,Control,1,Locomotion,360,330,0.0
62.4,Control,1,Locomotion,390,360,1.6
62.4,Control,1,Locomotion,420,390,1.0666666666666669
62.4,Control,1,Locomotion,450,420,0.4
62.4,Control,1,Climb,30,0,0.0
62.4,Control,1,Climb,60,30,8.133333333333333
62.4,Control,1,Climb,90,60,4.266666666666667
62.4,Control,1,Climb,120,90,17.866666666666667
62.4,Control,1,Climb,150,120,37.6
62.4,Control,1,Climb,180,150,4.266666666666667
62.4,Control,1,Climb,210,180,10.666666666666668
62.4,Control,1,Climb,240,210,0.0
62.4,Control,1,Climb,270,240,0.0
62.4,Control,1,Climb,300,270,11.333333333333332
62.4,Control,1,Climb,330,300,0.0
62.4,Control,1,Climb,360,330,0.0
62.4,Control,1,Climb,390,360,0.0
62.4,Control,1,Climb,420,390,0.0
62.4,Control,1,Climb,450,420,0.0
62.4,Control,1,Jump,30,0,0.0
62.4,Control,1,Jump,60,30,0.1333333333333333
62.4,Control,1,Jump,90,60,0.0
62.4,Control,1,Jump,120,90,0.0
62.4,Control,1,Jump,150,120,0.0
62.4,Control,1,Jump,180,150,0.0
62.4,Control,1,Jump,210,180,1.866666666666667
62.4,Control,1,Jump,240,210,1.6000000000000003
62.4,Control,1,Jump,270,240,0.0
62.4,Control,1,Jump,300,270,3.6000000000000005
62.4,Control,1,Jump,330,300,0.0
62.4,Control,1,Jump,360,330,0.0
62.4,Control,1,Jump,390,360,3.733333333333333
62.4,Control,1,Jump,420,390,2.4
62.4,Control,1,Jump,450,420,0.0
62.5,Control,1,Freeze,30,0,0.0
62.5,Control,1,Freeze,60,30,0.0
62.5,Control,1,Freeze,90,60,0.0
62.5,Control,1,Freeze,120,90,0.0
62.5,Control,1,Freeze,150,120,0.0
62.5,Control,1,Freeze,180,150,0.0
62.5,Control,1,Freeze,210,180,2.2666666666666666
62.5,Control,1,Freeze,240,210,18.400000000000002
62.5,Control,1,Freeze,270,240,4.8
62.5,Control,1,Freeze,300,270,18.8
62.5,Control,1,Freeze,330,300,13.333333333333334
62.5,Control,1,Freeze,360,330,27.333333333333336
62.5,Control,1,Freeze,390,360,18.4
62.5,Control,1,Freeze,420,390,23.866666666666667
62.5,Control,1,Freeze,450,420,24.4
62.5,Control,1,Sniff,30,0,0.0
62.5,Control,1,Sniff,60,30,0.0
62.5,Control,1,Sniff,90,60,0.0
62.5,Control,1,Sniff,120,90,0.0
62.5,Control,1,Sniff,150,120,0.0
62.5,Control,1,Sniff,180,150,2.533333333333333
62.5,Control,1,Sniff,210,180,0.0
62.5,Control,1,Sniff,240,210,0.0
62.5,Control,1,Sniff,270,240,0.0
62.5,Control,1,Sniff,300,270,0.0
62.5,Control,1,Sniff,330,300,5.2
62.5,Control,1,Sniff,360,330,4.533333333333333
62.5,Control,1,Sniff,390,360,0.0
62.5,Control,1,Sniff,420,390,0.0
62.5,Control,1,Sniff,450,420,0.0
62.5,Control,1,Groom,30,0,0.0
62.5,Control,1,Groom,60,30,0.0
62.5,Control,1,Groom,90,60,0.0
62.5,Control,1,Groom,120,90,0.0
62.5,Control,1,Groom,150,120,0.0
62.5,Control,1,Groom,180,150,0.0
62.5,Control,1,Groom,210,180,0.0
62.5,Control,1,Groom,240,210,0.0
62.5,Control,1,Groom,270,240,0.0
62.5,Control,1,Groom,300,270,0.0
62.5,Control,1,Groom,330,300,0.0
62.5,Control,1,Groom,360,330,0.0
62.5,Control,1,Groom,390,360,0.0
62.5,Control,1,Groom,420,390,0.0
62.5,Control,1,Groom,450,420,0.0
62.5,Control,1,Turn,30,0,35.86666666666667
62.5,Control,1,Turn,60,30,35.06666666666666
62.5,Control,1,Turn,90,60,35.333333333333336
62.5,Control,1,Turn,120,90,22.533333333333335
62.5,Control,1,Turn,150,120,36.800000000000004
62.5,Control,1,Turn,180,150,28.933333333333334
62.5,Control,1,Turn,210,180,41.46666666666667
62.5,Control,1,Turn,240,210,65.33333333333334
62.5,Control,1,Turn,270,240,65.46666666666667
62.5,Control,1,Turn,300,270,39.06666666666666
62.5,Control,1,Turn,330,300,72.0
62.5,Control,1,Turn,360,330,52.93333333333333
62.5,Control,1,Turn,390,360,57.333333333333336
62.5,Control,1,Turn,420,390,55.06666666666667
62.5,Control,1,Turn,450,420,34.66666666666667
62.5,Control,1,Locomotion,30,0,30.533333333333335
62.5,Control,1,Locomotion,60,30,28.666666666666664
62.5,Control,1,Locomotion,90,60,30.4
62.5,Control,1,Locomotion,120,90,31.46666666666667
62.5,Control,1,Locomotion,150,120,23.2
62.5,Control,1,Locomotion,180,150,23.06666666666667
62.5,Control,1,Locomotion,210,180,11.333333333333334
62.5,Control,1,Locomotion,240,210,0.8
62.5,Control,1,Locomotion,270,240,3.5999999999999996
62.5,Control,1,Locomotion,300,270,6.933333333333334
62.5,Control,1,Locomotion,330,300,1.7333333333333334
62.5,Control,1,Locomotion,360,330,0.0
62.5,Control,1,Locomotion,390,360,2.0
62.5,Control,1,Locomotion,420,390,2.666666666666667
62.5,Control,1,Locomotion,450,420,0.0
62.5,Control,1,Climb,30,0,0.0
62.5,Control,1,Climb,60,30,3.2
62.5,Control,1,Climb,90,60,13.333333333333334
62.5,Control,1,Climb,120,90,20.266666666666666
62.5,Control,1,Climb,150,120,12.266666666666666
62.5,Control,1,Climb,180,150,18.933333333333334
62.5,Control,1,Climb,210,180,10.8
62.5,Control,1,Climb,240,210,0.0
62.5,Control,1,Climb,270,240,0.0
62.5,Control,1,Climb,300,270,5.866666666666666
62.5,Control,1,Climb,330,300,0.0
62.5,Control,1,Climb,360,330,0.0
62.5,Control,1,Climb,390,360,7.733333333333333
62.5,Control,1,Climb,420,390,3.8666666666666663
62.5,Control,1,Climb,450,420,0.0
62.5,Control,1,Jump,30,0,0.0
62.5,Control,1,Jump,60,30,0.2666666666666666
62.5,Control,1,Jump,90,60,1.8666666666666667
62.5,Control,1,Jump,120,90,0.0
62.5,Control,1,Jump,150,120,0.0
62.5,Control,1,Jump,180,150,0.0
62.5,Control,1,Jump,210,180,4.133333333333334
62.5,Control,1,Jump,240,210,0.0
62.5,Control,1,Jump,270,240,0.0
62.5,Control,1,Jump,300,270,1.6
62.5,Control,1,Jump,330,300,0.0
62.5,Control,1,Jump,360,330,0.0
62.5,Control,1,Jump,390,360,2.2666666666666666
62.5,Control,1,Jump,420,390,0.4
62.5,Control,1,Jump,450,420,0.0
63.3,ELS,1,Freeze,30,0,0.0
63.3,ELS,1,Freeze,60,30,11.733333333333333
63.3,ELS,1,Freeze,90,60,0.0
63.3,ELS,1,Freeze,120,90,1.866666666666667
63.3,ELS,1,Freeze,150,120,6.800000000000001
63.3,ELS,1,Freeze,180,150,0.0
63.3,ELS,1,Freeze,210,180,5.466666666666667
63.3,ELS,1,Freeze,240,210,8.933333333333334
63.3,ELS,1,Freeze,270,240,5.6000000000000005
63.3,ELS,1,Freeze,300,270,23.733333333333334
63.3,ELS,1,Freeze,330,300,25.333333333333332
63.3,ELS,1,Freeze,360,330,45.86666666666667
63.3,ELS,1,Freeze,390,360,28.26666666666667
63.3,ELS,1,Freeze,420,390,69.46666666666667
63.3,ELS,1,Freeze,450,420,57.333333333333336
63.3,ELS,1,Sniff,30,0,0.0
63.3,ELS,1,Sniff,60,30,0.0
63.3,ELS,1,Sniff,90,60,0.0
63.3,ELS,1,Sniff,120,90,6.533333333333332
63.3,ELS,1,Sniff,150,120,4.266666666666667
63.3,ELS,1,Sniff,180,150,9.2
63.3,ELS,1,Sniff,210,180,2.666666666666667
63.3,ELS,1,Sniff,240,210,0.0
63.3,ELS,1,Sniff,270,240,0.0
63.3,ELS,1,Sniff,300,270,0.0
63.3,ELS,1,Sniff,330,300,0.0
63.3,ELS,1,Sniff,360,330,0.0
63.3,ELS,1,Sniff,390,360,0.0
63.3,ELS,1,Sniff,420,390,0.0
63.3,ELS,1,Sniff,450,420,0.0
63.3,ELS,1,Groom,30,0,0.0
63.3,ELS,1,Groom,60,30,0.0
63.3,ELS,1,Groom,90,60,0.0
63.3,ELS,1,Groom,120,90,0.0
63.3,ELS,1,Groom,150,120,0.0
63.3,ELS,1,Groom,180,150,0.0
63.3,ELS,1,Groom,210,180,0.0
63.3,ELS,1,Groom,240,210,0.0
63.3,ELS,1,Groom,270,240,0.0
63.3,ELS,1,Groom,300,270,0.0
63.3,ELS,1,Groom,330,300,0.0
63.3,ELS,1,Groom,360,330,0.0
63.3,ELS,1,Groom,390,360,0.0
63.3,ELS,1,Groom,420,390,0.0
63.3,ELS,1,Groom,450,420,0.0
63.3,ELS,1,Turn,30,0,39.733333333333334
63.3,ELS,1,Turn,60,30,61.6
63.3,ELS,1,Turn,90,60,52.4
63.3,ELS,1,Turn,120,90,14.8
63.3,ELS,1,Turn,150,120,36.0
63.3,ELS,1,Turn,180,150,52.26666666666667
63.3,ELS,1,Turn,210,180,51.06666666666666
63.3,ELS,1,Turn,240,210,68.53333333333332
63.3,ELS,1,Turn,270,240,54.4
63.3,ELS,1,Turn,300,270,54.266666666666666
63.3,ELS,1,Turn,330,300,69.06666666666666
63.3,ELS,1,Turn,360,330,54.13333333333334
63.3,ELS,1,Turn,390,360,37.733333333333334
63.3,ELS,1,Turn,420,390,23.066666666666666
63.3,ELS,1,Turn,450,420,32.93333333333333
63.3,ELS,1,Locomotion,30,0,7.333333333333333
63.3,ELS,1,Locomotion,60,30,0.9333333333333336
63.3,ELS,1,Locomotion,90,60,10.533333333333333
63.3,ELS,1,Locomotion,120,90,17.999999999999996
63.3,ELS,1,Locomotion,150,120,15.066666666666666
63.3,ELS,1,Locomotion,180,150,22.133333333333333
63.3,ELS,1,Locomotion,210,180,7.866666666666667
63.3,ELS,1,Locomotion,240,210,0.7999999999999999
63.3,ELS,1,Locomotion,270,240,7.333333333333333
63.3,ELS,1,Locomotion,300,270,10.4
63.3,ELS,1,Locomotion,330,300,0.0
63.3,ELS,1,Locomotion,360,330,0.0
63.3,ELS,1,Locomotion,390,360,8.0
63.3,ELS,1,Locomotion,420,390,0.6666666666666667
63.3,ELS,1,Locomotion,450,420,0.0
63.3,ELS,1,Climb,30,0,0.0
63.3,ELS,1,Climb,60,30,0.0
63.3,ELS,1,Climb,90,60,9.2
63.3,ELS,1,Climb,120,90,13.6
63.3,ELS,1,Climb,150,120,16.133333333333333
63.3,ELS,1,Climb,180,150,0.0
63.3,ELS,1,Climb,210,180,6.0
63.3,ELS,1,Climb,240,210,0.0
63.3,ELS,1,Climb,270,240,3.8666666666666663
63.3,ELS,1,Climb,300,270,3.0666666666666664
63.3,ELS,1,Climb,330,300,0.0
63.3,ELS,1,Climb,360,330,0.0
63.3,ELS,1,Climb,390,360,0.0
63.3,ELS,1,Climb,420,390,0.0
63.3,ELS,1,Climb,450,420,0.0
63.3,ELS,1,Jump,30,0,0.0
63.3,ELS,1,Jump,60,30,0.0
63.3,ELS,1,Jump,90,60,0.0
63.3,ELS,1,Jump,120,90,0.0
63.3,ELS,1,Jump,150,120,0.0
63.3,ELS,1,Jump,180,150,0.0
63.3,ELS,1,Jump,210,180,2.4
63.3,ELS,1,Jump,240,210,0.0
63.3,ELS,1,Jump,270,240,0.0
63.3,ELS,1,Jump,300,270,3.0666666666666664
63.3,ELS,1,Jump,330,300,0.4
63.3,ELS,1,Jump,360,330,0.0
63.3,ELS,1,Jump,390,360,4.666666666666667
63.3,ELS,1,Jump,420,390,0.0
63.3,ELS,1,Jump,450,420,0.0
68.1,Control,1,Freeze,30,0,0.0
68.1,Control,1,Freeze,60,30,1.3333333333333337
68.1,Control,1,Freeze,90,60,1.4666666666666666
68.1,Control,1,Freeze,120,90,1.4666666666666666
68.1,Control,1,Freeze,150,120,6.666666666666667
68.1,Control,1,Freeze,180,150,1.866666666666667
68.1,Control,1,Freeze,210,180,3.4666666666666663
68.1,Control,1,Freeze,240,210,48.0
68.1,Control,1,Freeze,270,240,19.73333333333333
68.1,Control,1,Freeze,300,270,16.400000000000002
68.1,Control,1,Freeze,330,300,42.93333333333334
68.1,Control,1,Freeze,360,330,50.93333333333333
68.1,Control,1,Freeze,390,360,27.066666666666663
68.1,Control,1,Freeze,420,390,38.266666666666666
68.1,Control,1,Freeze,450,420,25.73333333333333
68.1,Control,1,Sniff,30,0,4.133333333333333
68.1,Control,1,Sniff,60,30,0.0
68.1,Control,1,Sniff,90,60,0.0
68.1,Control,1,Sniff,120,90,1.866666666666667
68.1,Control,1,Sniff,150,120,0.0
68.1,Control,1,Sniff,180,150,0.0
68.1,Control,1,Sniff,210,180,0.0
68.1,Control,1,Sniff,240,210,0.0
68.1,Control,1,Sniff,270,240,2.4
68.1,Control,1,Sniff,300,270,0.8
68.1,Control,1,Sniff,330,300,3.6
68.1,Control,1,Sniff,360,330,0.0
68.1,Control,1,Sniff,390,360,0.0
68.1,Control,1,Sniff,420,390,0.0
68.1,Control,1,Sniff,450,420,0.0
68.1,Control,1,Groom,30,0,0.0
68.1,Control,1,Groom,60,30,0.0
68.1,Control,1,Groom,90,60,0.0
68.1,Control,1,Groom,120,90,0.0
68.1,Control,1,Groom,150,120,0.0
68.1,Control,1,Groom,180,150,0.0
68.1,Control,1,Groom,210,180,0.0
68.1,Control,1,Groom,240,210,0.0
68.1,Control,1,Groom,270,240,0.0
68.1,Control,1,Groom,300,270,0.0
68.1,Control,1,Groom,330,300,0.0
68.1,Control,1,Groom,360,330,0.0
68.1,Control,1,Groom,390,360,0.0
68.1,Control,1,Groom,420,390,0.0
68.1,Control,1,Groom,450,420,0.0
68.1,Control,1,Turn,30,0,50.66666666666667
68.1,Control,1,Turn,60,30,37.06666666666666
68.1,Control,1,Turn,90,60,46.93333333333333
68.1,Control,1,Turn,120,90,48.4
68.1,Control,1,Turn,150,120,66.26666666666667
68.1,Control,1,Turn,180,150,46.0
68.1,Control,1,Turn,210,180,63.733333333333334
68.1,Control,1,Turn,240,210,40.93333333333333
68.1,Control,1,Turn,270,240,60.4
68.1,Control,1,Turn,300,270,62.400000000000006
68.1,Control,1,Turn,330,300,41.6
68.1,Control,1,Turn,360,330,43.06666666666666
68.1,Control,1,Turn,390,360,31.199999999999996
68.1,Control,1,Turn,420,390,29.866666666666664
68.1,Control,1,Turn,450,420,32.133333333333326
68.1,Control,1,Locomotion,30,0,3.8666666666666667
68.1,Control,1,Locomotion,60,30,3.2
68.1,Control,1,Locomotion,90,60,9.066666666666666
68.1,Control,1,Locomotion,120,90,10.133333333333333
68.1,Control,1,Locomotion,150,120,4.933333333333334
68.1,Control,1,Locomotion,180,150,5.733333333333333
68.1,Control,1,Locomotion,210,180,6.933333333333333
68.1,Control,1,Locomotion,240,210,2.4000000000000004
68.1,Control,1,Locomotion,270,240,0.0
68.1,Control,1,Locomotion,300,270,0.6666666666666667
68.1,Control,1,Locomotion,330,300,1.6
68.1,Control,1,Locomotion,360,330,0.0
68.1,Control,1,Locomotion,390,360,2.1333333333333333
68.1,Control,1,Locomotion,420,390,2.1333333333333333
68.1,Control,1,Locomotion,450,420,0.2666666666666666
68.1,Control,1,Climb,30,0,7.6
68.1,Control,1,Climb,60,30,0.0
68.1,Control,1,Climb,90,60,12.666666666666668
68.1,Control,1,Climb,120,90,11.866666666666667
68.1,Control,1,Climb,150,120,10.533333333333331
68.1,Control,1,Climb,180,150,21.333333333333336
68.1,Control,1,Climb,210,180,9.6
68.1,Control,1,Climb,240,210,0.0
68.1,Control,1,Climb,270,240,0.0
68.1,Control,1,Climb,300,270,0.0
68.1,Control,1,Climb,330,300,0.0
68.1,Control,1,Climb,360,330,0.0
68.1,Control,1,Climb,390,360,0.0
68.1,Control,1,Climb,420,390,0.0
68.1,Control,1,Climb,450,420,0.0
68.1,Control,1,Jump,30,0,0.0
68.1,Control,1,Jump,60,30,0.0
68.1,Control,1,Jump,90,60,0.0
68.1,Control,1,Jump,120,90,0.0
68.1,Control,1,Jump,150,120,0.0
68.1,Control,1,Jump,180,150,0.0
68.1,Control,1,Jump,210,180,1.3333333333333337
68.1,Control,1,Jump,240,210,0.1333333333333333
68.1,Control,1,Jump,270,240,0.0
68.1,Control,1,Jump,300,270,0.8
68.1,Control,1,Jump,330,300,0.2666666666666666
68.1,Control,1,Jump,360,330,0.0
68.1,Control,1,Jump,390,360,1.4666666666666668
68.1,Control,1,Jump,420,390,1.4666666666666666
68.1,Control,1,Jump,450,420,0.0
69.1,ELS,1,Freeze,30,0,0.0
69.1,ELS,1,Freeze,60,30,0.0
69.1,ELS,1,Freeze,90,60,8.4
69.1,ELS,1,Freeze,120,90,20.0
69.1,ELS,1,Freeze,150,120,6.666666666666667
69.1,ELS,1,Freeze,180,150,9.6
69.1,ELS,1,Freeze,210,180,12.133333333333333
69.1,ELS,1,Freeze,240,210,13.2
69.1,ELS,1,Freeze,270,240,8.266666666666667
69.1,ELS,1,Freeze,300,270,6.533333333333332
69.1,ELS,1,Freeze,330,300,33.6
69.1,ELS,1,Freeze,360,330,8.799999999999999
69.1,ELS,1,Freeze,390,360,34.0
69.1,ELS,1,Freeze,420,390,35.2
69.1,ELS,1,Freeze,450,420,49.06666666666666
69.1,ELS,1,Sniff,30,0,1.0666666666666669
69.1,ELS,1,Sniff,60,30,0.0
69.1,ELS,1,Sniff,90,60,4.4
69.1,ELS,1,Sniff,120,90,3.333333333333333
69.1,ELS,1,Sniff,150,120,7.199999999999999
69.1,ELS,1,Sniff,180,150,6.666666666666667
69.1,ELS,1,Sniff,210,180,1.866666666666667
69.1,ELS,1,Sniff,240,210,0.0
69.1,ELS,1,Sniff,270,240,0.0
69.1,ELS,1,Sniff,300,270,2.933333333333333
69.1,ELS,1,Sniff,330,300,6.4
69.1,ELS,1,Sniff,360,330,0.0
69.1,ELS,1,Sniff,390,360,0.0
69.1,ELS,1,Sniff,420,390,0.0
69.1,ELS,1,Sniff,450,420,3.333333333333333
69.1,ELS,1,Groom,30,0,0.0
69.1,ELS,1,Groom,60,30,0.0
69.1,ELS,1,Groom,90,60,0.0
69.1,ELS,1,Groom,120,90,0.0
69.1,ELS,1,Groom,150,120,0.0
69.1,ELS,1,Groom,180,150,0.0
69.1,ELS,1,Groom,210,180,0.0
69.1,ELS,1,Groom,240,210,0.0
69.1,ELS,1,Groom,270,240,0.0
69.1,ELS,1,Groom,300,270,0.0
69.1,ELS,1,Groom,330,300,0.0
69.1,ELS,1,Groom,360,330,0.0
69.1,ELS,1,Groom,390,360,0.0
69.1,ELS,1,Groom,420,390,0.0
69.1,ELS,1,Groom,450,420,0.0
69.1,ELS,1,Turn,30,0,40.666666666666664
69.1,ELS,1,Turn,60,30,14.399999999999999
69.1,ELS,1,Turn,90,60,50.66666666666667
69.1,ELS,1,Turn,120,90,38.0
69.1,ELS,1,Turn,150,120,48.0
69.1,ELS,1,Turn,180,150,57.86666666666667
69.1,ELS,1,Turn,210,180,60.13333333333333
69.1,ELS,1,Turn,240,210,66.4
69.1,ELS,1,Turn,270,240,62.266666666666666
69.1,ELS,1,Turn,300,270,59.33333333333332
69.1,ELS,1,Turn,330,300,57.2
69.1,ELS,1,Turn,360,330,82.8
69.1,ELS,1,Turn,390,360,32.266666666666666
69.1,ELS,1,Turn,420,390,49.333333333333336
69.1,ELS,1,Turn,450,420,45.06666666666667
69.1,ELS,1,Locomotion,30,0,36.53333333333333
69.1,ELS,1,Locomotion,60,30,8.666666666666668
69.1,ELS,1,Locomotion,90,60,10.133333333333333
69.1,ELS,1,Locomotion,120,90,8.666666666666668
69.1,ELS,1,Locomotion,150,120,14.4
69.1,ELS,1,Locomotion,180,150,4.2666666666666675
69.1,ELS,1,Locomotion,210,180,2.2666666666666666
69.1,ELS,1,Locomotion,240,210,1.3333333333333337
69.1,ELS,1,Locomotion,270,240,4.4
69.1,ELS,1,Locomotion,300,270,5.466666666666667
69.1,ELS,1,Locomotion,330,300,0.4
69.1,ELS,1,Locomotion,360,330,1.4666666666666666
69.1,ELS,1,Locomotion,390,360,2.6666666666666665
69.1,ELS,1,Locomotion,420,390,0.9333333333333336
69.1,ELS,1,Locomotion,450,420,0.0
69.1,ELS,1,Climb,30,0,0.0
69.1,ELS,1,Climb,60,30,0.0
69.1,ELS,1,Climb,90,60,2.666666666666667
69.1,ELS,1,Climb,120,90,6.800000000000001
69.1,ELS,1,Climb,150,120,4.533333333333333
69.1,ELS,1,Climb,180,150,0.0
69.1,ELS,1,Climb,210,180,0.0
69.1,ELS,1,Climb,240,210,0.0
69.1,ELS,1,Climb,270,240,0.0
69.1,ELS,1,Climb,300,270,4.0
69.1,ELS,1,Climb,330,300,0.0
69.1,ELS,1,Climb,360,330,0.0
69.1,ELS,1,Climb,390,360,0.0
69.1,ELS,1,Climb,420,390,0.0
69.1,ELS,1,Climb,450,420,0.0
69.1,ELS,1,Jump,30,0,0.0
69.1,ELS,1,Jump,60,30,0.0
69.1,ELS,1,Jump,90,60,0.0
69.1,ELS,1,Jump,120,90,0.1333333333333333
69.1,ELS,1,Jump,150,120,0.0
69.1,ELS,1,Jump,180,150,0.0
69.1,ELS,1,Jump,210,180,3.866666666666667
69.1,ELS,1,Jump,240,210,0.9333333333333336
69.1,ELS,1,Jump,270,240,0.0
69.1,ELS,1,Jump,300,270,3.8666666666666667
69.1,ELS,1,Jump,330,300,0.0
69.1,ELS,1,Jump,360,330,0.0
69.1,ELS,1,Jump,390,360,3.1999999999999997
69.1,ELS,1,Jump,420,390,3.0666666666666664
69.1,ELS,1,Jump,450,420,0.0
69.2,ELS,1,Freeze,30,0,0.0
69.2,ELS,1,Freeze,60,30,0.0
69.2,ELS,1,Freeze,90,60,0.0
69.2,ELS,1,Freeze,120,90,6.933333333333333
69.2,ELS,1,Freeze,150,120,7.733333333333333
69.2,ELS,1,Freeze,180,150,0.1333333333333333
69.2,ELS,1,Freeze,210,180,6.666666666666667
69.2,ELS,1,Freeze,240,210,11.6
69.2,ELS,1,Freeze,270,240,10.533333333333331
69.2,ELS,1,Freeze,300,270,1.7333333333333332
69.2,ELS,1,Freeze,330,300,2.933333333333333
69.2,ELS,1,Freeze,360,330,4.4
69.2,ELS,1,Freeze,390,360,19.066666666666663
69.2,ELS,1,Freeze,420,390,25.066666666666663
69.2,ELS,1,Freeze,450,420,16.0
69.2,ELS,1,Sniff,30,0,0.0
69.2,ELS,1,Sniff,60,30,0.0
69.2,ELS,1,Sniff,90,60,0.0
69.2,ELS,1,Sniff,120,90,0.0
69.2,ELS,1,Sniff,150,120,0.0
69.2,ELS,1,Sniff,180,150,0.0
69.2,ELS,1,Sniff,210,180,0.0
69.2,ELS,1,Sniff,240,210,0.0
69.2,ELS,1,Sniff,270,240,0.0
69.2,ELS,1,Sniff,300,270,0.0
69.2,ELS,1,Sniff,330,300,0.0
69.2,ELS,1,Sniff,360,330,0.0
69.2,ELS,1,Sniff,390,360,1.866666666666667
69.2,ELS,1,Sniff,420,390,0.0
69.2,ELS,1,Sniff,450,420,1.4666666666666666
69.2,ELS,1,Groom,30,0,0.0
69.2,ELS,1,Groom,60,30,0.0
69.2,ELS,1,Groom,90,60,0.0
69.2,ELS,1,Groom,120,90,0.6666666666666667
69.2,ELS,1,Groom,150,120,0.5333333333333333
69.2,ELS,1,Groom,180,150,0.0
69.2,ELS,1,Groom,210,180,0.0
69.2,ELS,1,Groom,240,210,0.0
69.2,ELS,1,Groom,270,240,0.0
69.2,ELS,1,Groom,300,270,0.0
69.2,ELS,1,Groom,330,300,0.0
69.2,ELS,1,Groom,360,330,0.0
69.2,ELS,1,Groom,390,360,0.0
69.2,ELS,1,Groom,420,390,0.0
69.2,ELS,1,Groom,450,420,0.0
69.2,ELS,1,Turn,30,0,23.599999999999998
69.2,ELS,1,Turn,60,30,31.866666666666667
69.2,ELS,1,Turn,90,60,24.666666666666664
69.2,ELS,1,Turn,120,90,16.133333333333333
69.2,ELS,1,Turn,150,120,20.933333333333337
69.2,ELS,1,Turn,180,150,34.666666666666664
69.2,ELS,1,Turn,210,180,42.8
69.2,ELS,1,Turn,240,210,48.666666666666664
69.2,ELS,1,Turn,270,240,78.4
69.2,ELS,1,Turn,300,270,63.46666666666667
69.2,ELS,1,Turn,330,300,53.06666666666667
69.2,ELS,1,Turn,360,330,50.800000000000004
69.2,ELS,1,Turn,390,360,36.8
69.2,ELS,1,Turn,420,390,47.46666666666667
69.2,ELS,1,Turn,450,420,70.66666666666667
69.2,ELS,1,Locomotion,30,0,23.866666666666667
69.2,ELS,1,Locomotion,60,30,19.2
69.2,ELS,1,Locomotion,90,60,24.93333333333333
69.2,ELS,1,Locomotion,120,90,17.6
69.2,ELS,1,Locomotion,150,120,15.333333333333336
69.2,ELS,1,Locomotion,180,150,15.200000000000001
69.2,ELS,1,Locomotion,210,180,14.133333333333333
69.2,ELS,1,Locomotion,240,210,5.733333333333333
69.2,ELS,1,Locomotion,270,240,2.5333333333333337
69.2,ELS,1,Locomotion,300,270,13.866666666666667
69.2,ELS,1,Locomotion,330,300,4.4
69.2,ELS,1,Locomotion,360,330,9.466666666666667
69.2,ELS,1,Locomotion,390,360,2.1333333333333333
69.2,ELS,1,Locomotion,420,390,0.0
69.2,ELS,1,Locomotion,450,420,0.9333333333333336
69.2,ELS,1,Climb,30,0,14.000000000000002
69.2,ELS,1,Climb,60,30,26.53333333333333
69.2,ELS,1,Climb,90,60,14.266666666666666
69.2,ELS,1,Climb,120,90,12.266666666666666
69.2,ELS,1,Climb,150,120,12.666666666666668
69.2,ELS,1,Climb,180,150,8.933333333333334
69.2,ELS,1,Climb,210,180,14.666666666666666
69.2,ELS,1,Climb,240,210,0.0
69.2,ELS,1,Climb,270,240,0.0
69.2,ELS,1,Climb,300,270,11.2
69.2,ELS,1,Climb,330,300,7.333333333333333
69.2,ELS,1,Climb,360,330,7.199999999999999
69.2,ELS,1,Climb,390,360,4.933333333333334
69.2,ELS,1,Climb,420,390,0.0
69.2,ELS,1,Climb,450,420,0.0
69.2,ELS,1,Jump,30,0,0.0
69.2,ELS,1,Jump,60,30,0.0
69.2,ELS,1,Jump,90,60,0.1333333333333333
69.2,ELS,1,Jump,120,90,0.5333333333333333
69.2,ELS,1,Jump,150,120,0.0
69.2,ELS,1,Jump,180,150,0.0
69.2,ELS,1,Jump,210,180,3.6
69.2,ELS,1,Jump,240,210,0.8
69.2,ELS,1,Jump,270,240,0.0
69.2,ELS,1,Jump,300,270,2.933333333333333
69.2,ELS,1,Jump,330,300,1.0666666666666667
69.2,ELS,1,Jump,360,330,0.0
69.2,ELS,1,Jump,390,360,5.066666666666667
69.2,ELS,1,Jump,420,390,0.5333333333333333
69.2,ELS,1,Jump,450,420,0.0
69.3,ELS,1,Freeze,30,0,6.666666666666667
69.3,ELS,1,Freeze,60,30,1.3333333333333337
69.3,ELS,1,Freeze,90,60,1.2
69.3,ELS,1,Freeze,120,90,0.0
69.3,ELS,1,Freeze,150,120,0.0
69.3,ELS,1,Freeze,180,150,4.533333333333333
69.3,ELS,1,Freeze,210,180,13.066666666666665
69.3,ELS,1,Freeze,240,210,18.933333333333334
69.3,ELS,1,Freeze,270,240,12.266666666666666
69.3,ELS,1,Freeze,300,270,4.8
69.3,ELS,1,Freeze,330,300,19.866666666666667
69.3,ELS,1,Freeze,360,330,20.53333333333333
69.3,ELS,1,Freeze,390,360,34.13333333333333
69.3,ELS,1,Freeze,420,390,17.333333333333336
69.3,ELS,1,Freeze,450,420,17.2
69.3,ELS,1,Sniff,30,0,0.0
69.3,ELS,1,Sniff,60,30,0.0
69.3,ELS,1,Sniff,90,60,0.0
69.3,ELS,1,Sniff,120,90,0.0
69.3,ELS,1,Sniff,150,120,0.0
69.3,ELS,1,Sniff,180,150,6.800000000000001
69.3,ELS,1,Sniff,210,180,4.8
69.3,ELS,1,Sniff,240,210,4.8
69.3,ELS,1,Sniff,270,240,0.0
69.3,ELS,1,Sniff,300,270,0.0
69.3,ELS,1,Sniff,330,300,15.866666666666667
69.3,ELS,1,Sniff,360,330,0.0
69.3,ELS,1,Sniff,390,360,0.0
69.3,ELS,1,Sniff,420,390,0.0
69.3,ELS,1,Sniff,450,420,0.0
69.3,ELS,1,Groom,30,0,0.0
69.3,ELS,1,Groom,60,30,0.0
69.3,ELS,1,Groom,90,60,0.1333333333333333
69.3,ELS,1,Groom,120,90,0.0
69.3,ELS,1,Groom,150,120,0.5333333333333333
69.3,ELS,1,Groom,180,150,0.0
69.3,ELS,1,Groom,210,180,0.0
69.3,ELS,1,Groom,240,210,0.0
69.3,ELS,1,Groom,270,240,0.0
69.3,ELS,1,Groom,300,270,0.0
69.3,ELS,1,Groom,330,300,0.0
69.3,ELS,1,Groom,360,330,0.0
69.3,ELS,1,Groom,390,360,0.0
69.3,ELS,1,Groom,420,390,0.0
69.3,ELS,1,Groom,450,420,0.0
69.3,ELS,1,Turn,30,0,69.86666666666666
69.3,ELS,1,Turn,60,30,51.86666666666666
69.3,ELS,1,Turn,90,60,50.266666666666666
69.3,ELS,1,Turn,120,90,31.333333333333332
69.3,ELS,1,Turn,150,120,55.599999999999994
69.3,ELS,1,Turn,180,150,45.2
69.3,ELS,1,Turn,210,180,58.8
69.3,ELS,1,Turn,240,210,44.8
69.3,ELS,1,Turn,270,240,51.46666666666667
69.3,ELS,1,Turn,300,270,58.666666666666664
69.3,ELS,1,Turn,330,300,49.33333333333333
69.3,ELS,1,Turn,360,330,48.93333333333334
69.3,ELS,1,Turn,390,360,59.46666666666667
69.3,ELS,1,Turn,420,390,66.8
69.3,ELS,1,Turn,450,420,70.13333333333333
69.3,ELS,1,Locomotion,30,0,10.266666666666667
69.3,ELS,1,Locomotion,60,30,5.2
69.3,ELS,1,Locomotion,90,60,9.733333333333334
69.3,ELS,1,Locomotion,120,90,11.6
69.3,ELS,1,Locomotion,150,120,14.133333333333335
69.3,ELS,1,Locomotion,180,150,14.399999999999999
69.3,ELS,1,Locomotion,210,180,7.866666666666667
69.3,ELS,1,Locomotion,240,210,4.933333333333334
69.3,ELS,1,Locomotion,270,240,4.133333333333333
69.3,ELS,1,Locomotion,300,270,8.0
69.3,ELS,1,Locomotion,330,300,2.933333333333333
69.3,ELS,1,Locomotion,360,330,1.7333333333333332
69.3,ELS,1,Locomotion,390,360,1.6
69.3,ELS,1,Locomotion,420,390,2.666666666666667
69.3,ELS,1,Locomotion,450,420,2.8
69.3,ELS,1,Climb,30,0,0.0
69.3,ELS,1,Climb,60,30,0.0
69.3,ELS,1,Climb,90,60,0.0
69.3,ELS,1,Climb,120,90,3.2
69.3,ELS,1,Climb,150,120,0.0
69.3,ELS,1,Climb,180,150,13.066666666666665
69.3,ELS,1,Climb,210,180,0.0
69.3,ELS,1,Climb,240,210,0.0
69.3,ELS,1,Climb,270,240,0.0
69.3,ELS,1,Climb,300,270,0.0
69.3,ELS,1,Climb,330,300,0.0
69.3,ELS,1,Climb,360,330,0.0
69.3,ELS,1,Climb,390,360,0.0
69.3,ELS,1,Climb,420,390,4.266666666666667
69.3,ELS,1,Climb,450,420,0.0
69.3,ELS,1,Jump,30,0,0.0
69.3,ELS,1,Jump,60,30,0.0
69.3,ELS,1,Jump,90,60,0.0
69.3,ELS,1,Jump,120,90,0.0
69.3,ELS,1,Jump,150,120,0.0
69.3,ELS,1,Jump,180,150,0.0
69.3,ELS,1,Jump,210,180,3.8666666666666663
69.3,ELS,1,Jump,240,210,0.6666666666666666
69.3,ELS,1,Jump,270,240,0.0
69.3,ELS,1,Jump,300,270,4.4
69.3,ELS,1,Jump,330,300,0.0
69.3,ELS,1,Jump,360,330,0.0
69.3,ELS,1,Jump,390,360,2.666666666666667
69.3,ELS,1,Jump,420,390,0.8
69.3,ELS,1,Jump,450,420,0.0
69.5,ELS,1,Freeze,30,0,3.333333333333333
69.5,ELS,1,Freeze,60,30,2.4
69.5,ELS,1,Freeze,90,60,3.0666666666666664
69.5,ELS,1,Freeze,120,90,4.0
69.5,ELS,1,Freeze,150,120,0.0
69.5,ELS,1,Freeze,180,150,10.133333333333333
69.5,ELS,1,Freeze,210,180,14.666666666666666
69.5,ELS,1,Freeze,240,210,14.133333333333333
69.5,ELS,1,Freeze,270,240,29.33333333333333
69.5,ELS,1,Freeze,300,270,25.466666666666665
69.5,ELS,1,Freeze,330,300,3.733333333333334
69.5,ELS,1,Freeze,360,330,17.2
69.5,ELS,1,Freeze,390,360,45.2
69.5,ELS,1,Freeze,420,390,20.53333333333333
69.5,ELS,1,Freeze,450,420,52.26666666666666
69.5,ELS,1,Sniff,30,0,0.0
69.5,ELS,1,Sniff,60,30,0.0
69.5,ELS,1,Sniff,90,60,2.533333333333333
69.5,ELS,1,Sniff,120,90,2.2666666666666666
69.5,ELS,1,Sniff,150,120,0.0
69.5,ELS,1,Sniff,180,150,0.0
69.5,ELS,1,Sniff,210,180,0.0
69.5,ELS,1,Sniff,240,210,13.066666666666665
69.5,ELS,1,Sniff,270,240,0.0
69.5,ELS,1,Sniff,300,270,0.0
69.5,ELS,1,Sniff,330,300,0.0
69.5,ELS,1,Sniff,360,330,0.0
69.5,ELS,1,Sniff,390,360,0.0
69.5,ELS,1,Sniff,420,390,0.0
69.5,ELS,1,Sniff,450,420,0.0
69.5,ELS,1,Groom,30,0,0.0
69.5,ELS,1,Groom,60,30,0.0
69.5,ELS,1,Groom,90,60,0.0
69.5,ELS,1,Groom,120,90,0.0
69.5,ELS,1,Groom,150,120,0.0
69.5,ELS,1,Groom,180,150,0.0
69.5,ELS,1,Groom,210,180,0.0
69.5,ELS,1,Groom,240,210,0.0
69.5,ELS,1,Groom,270,240,0.4
69.5,ELS,1,Groom,300,270,0.0
69.5,ELS,1,Groom,330,300,0.0
69.5,ELS,1,Groom,360,330,0.0
69.5,ELS,1,Groom,390,360,0.0
69.5,ELS,1,Groom,420,390,0.0
69.5,ELS,1,Groom,450,420,0.0
69.5,ELS,1,Turn,30,0,62.93333333333333
69.5,ELS,1,Turn,60,30,48.0
69.5,ELS,1,Turn,90,60,59.333333333333336
69.5,ELS,1,Turn,120,90,28.933333333333334
69.5,ELS,1,Turn,150,120,24.000000000000004
69.5,ELS,1,Turn,180,150,64.93333333333334
69.5,ELS,1,Turn,210,180,63.599999999999994
69.5,ELS,1,Turn,240,210,68.26666666666667
69.5,ELS,1,Turn,270,240,55.333333333333336
69.5,ELS,1,Turn,300,270,47.73333333333333
69.5,ELS,1,Turn,330,300,93.73333333333333
69.5,ELS,1,Turn,360,330,27.599999999999994
69.5,ELS,1,Turn,390,360,36.93333333333334
69.5,ELS,1,Turn,420,390,43.333333333333336
69.5,ELS,1,Turn,450,420,45.86666666666667
69.5,ELS,1,Locomotion,30,0,13.733333333333333
69.5,ELS,1,Locomotion,60,30,5.7333333333333325
69.5,ELS,1,Locomotion,90,60,16.53333333333333
69.5,ELS,1,Locomotion,120,90,21.066666666666666
69.5,ELS,1,Locomotion,150,120,20.266666666666666
69.5,ELS,1,Locomotion,180,150,6.2666666666666675
69.5,ELS,1,Locomotion,210,180,7.333333333333334
69.5,ELS,1,Locomotion,240,210,1.7333333333333336
69.5,ELS,1,Locomotion,270,240,0.5333333333333333
69.5,ELS,1,Locomotion,300,270,5.066666666666666
69.5,ELS,1,Locomotion,330,300,1.0666666666666669
69.5,ELS,1,Locomotion,360,330,0.0
69.5,ELS,1,Locomotion,390,360,2.2666666666666666
69.5,ELS,1,Locomotion,420,390,4.666666666666667
69.5,ELS,1,Locomotion,450,420,0.0
69.5,ELS,1,Climb,30,0,4.0
69.5,ELS,1,Climb,60,30,8.533333333333333
69.5,ELS,1,Climb,90,60,4.266666666666667
69.5,ELS,1,Climb,120,90,14.666666666666666
69.5,ELS,1,Climb,150,120,28.26666666666667
69.5,ELS,1,Climb,180,150,4.0
69.5,ELS,1,Climb,210,180,0.0
69.5,ELS,1,Climb,240,210,0.0
69.5,ELS,1,Climb,270,240,0.0
69.5,ELS,1,Climb,300,270,5.6000000000000005
69.5,ELS,1,Climb,330,300,0.0
69.5,ELS,1,Climb,360,330,0.0
69.5,ELS,1,Climb,390,360,0.0
69.5,ELS,1,Climb,420,390,0.0
69.5,ELS,1,Climb,450,420,0.0
69.5,ELS,1,Jump,30,0,0.0
69.5,ELS,1,Jump,60,30,1.0666666666666669
69.5,ELS,1,Jump,90,60,0.0
69.5,ELS,1,Jump,120,90,0.0
69.5,ELS,1,Jump,150,120,0.0
69.5,ELS,1,Jump,180,150,0.0
69.5,ELS,1,Jump,210,180,0.1333333333333333
69.5,ELS,1,Jump,240,210,0.0
69.5,ELS,1,Jump,270,240,0.0
69.5,ELS,1,Jump,300,270,0.6666666666666667
69.5,ELS,1,Jump,330,300,0.0
69.5,ELS,1,Jump,360,330,0.0
69.5,ELS,1,Jump,390,360,1.6
69.5,ELS,1,Jump,420,390,1.6
69.5,ELS,1,Jump,450,420,0.0
73.1,ELS,1,Freeze,30,0,6.666666666666667
73.1,ELS,1,Freeze,60,30,0.0
73.1,ELS,1,Freeze,90,60,1.4666666666666666
73.1,ELS,1,Freeze,120,90,0.0
73.1,ELS,1,Freeze,150,120,9.2
73.1,ELS,1,Freeze,180,150,2.533333333333333
73.1,ELS,1,Freeze,210,180,14.133333333333336
73.1,ELS,1,Freeze,240,210,2.0
73.1,ELS,1,Freeze,270,240,7.733333333333333
73.1,ELS,1,Freeze,300,270,17.333333333333336
73.1,ELS,1,Freeze,330,300,26.8
73.1,ELS,1,Freeze,360,330,25.2
73.1,ELS,1,Freeze,390,360,24.666666666666668
73.1,ELS,1,Freeze,420,390,41.86666666666667
73.1,ELS,1,Freeze,450,420,55.06666666666666
73.1,ELS,1,Sniff,30,0,45.06666666666667
73.1,ELS,1,Sniff,60,30,9.866666666666667
73.1,ELS,1,Sniff,90,60,14.000000000000002
73.1,ELS,1,Sniff,120,90,20.0
73.1,ELS,1,Sniff,150,120,27.066666666666663
73.1,ELS,1,Sniff,180,150,13.066666666666665
73.1,ELS,1,Sniff,210,180,18.666666666666668
73.1,ELS,1,Sniff,240,210,19.2
73.1,ELS,1,Sniff,270,240,0.0
73.1,ELS,1,Sniff,300,270,8.0
73.1,ELS,1,Sniff,330,300,7.333333333333334
73.1,ELS,1,Sniff,360,330,0.0
73.1,ELS,1,Sniff,390,360,11.6
73.1,ELS,1,Sniff,420,390,0.0
73.1,ELS,1,Sniff,450,420,0.0
73.1,ELS,1,Groom,30,0,0.0
73.1,ELS,1,Groom,60,30,0.0
73.1,ELS,1,Groom,90,60,0.0
73.1,ELS,1,Groom,120,90,0.0
73.1,ELS,1,Groom,150,120,0.0
73.1,ELS,1,Groom,180,150,0.0
73.1,ELS,1,Groom,210,180,0.0
73.1,ELS,1,Groom,240,210,0.0
73.1,ELS,1,Groom,270,240,0.0
73.1,ELS,1,Groom,300,270,0.0
73.1,ELS,1,Groom,330,300,0.0
73.1,ELS,1,Groom,360,330,0.0
73.1,ELS,1,Groom,390,360,0.0
73.1,ELS,1,Groom,420,390,0.0
73.1,ELS,1,Groom,450,420,0.0
73.1,ELS,1,Turn,30,0,35.333333333333336
73.1,ELS,1,Turn,60,30,82.26666666666667
73.1,ELS,1,Turn,90,60,73.06666666666666
73.1,ELS,1,Turn,120,90,54.53333333333333
73.1,ELS,1,Turn,150,120,39.733333333333334
73.1,ELS,1,Turn,180,150,54.93333333333334
73.1,ELS,1,Turn,210,180,40.8
73.1,ELS,1,Turn,240,210,62.53333333333334
73.1,ELS,1,Turn,270,240,82.53333333333333
73.1,ELS,1,Turn,300,270,58.8
73.1,ELS,1,Turn,330,300,58.8
73.1,ELS,1,Turn,360,330,51.733333333333334
73.1,ELS,1,Turn,390,360,34.266666666666666
73.1,ELS,1,Turn,420,390,44.26666666666667
73.1,ELS,1,Turn,450,420,36.66666666666667
73.1,ELS,1,Locomotion,30,0,3.2
73.1,ELS,1,Locomotion,60,30,1.7333333333333336
73.1,ELS,1,Locomotion,90,60,1.4666666666666668
73.1,ELS,1,Locomotion,120,90,0.0
73.1,ELS,1,Locomotion,150,120,7.333333333333334
73.1,ELS,1,Locomotion,180,150,3.733333333333334
73.1,ELS,1,Locomotion,210,180,3.6
73.1,ELS,1,Locomotion,240,210,4.133333333333333
73.1,ELS,1,Locomotion,270,240,1.4666666666666666
73.1,ELS,1,Locomotion,300,270,4.0
73.1,ELS,1,Locomotion,330,300,1.4666666666666666
73.1,ELS,1,Locomotion,360,330,0.0
73.1,ELS,1,Locomotion,390,360,3.066666666666667
73.1,ELS,1,Locomotion,420,390,1.866666666666667
73.1,ELS,1,Locomotion,450,420,0.0
73.1,ELS,1,Climb,30,0,0.0
73.1,ELS,1,Climb,60,30,0.0
73.1,ELS,1,Climb,90,60,0.0
73.1,ELS,1,Climb,120,90,14.133333333333336
73.1,ELS,1,Climb,150,120,4.133333333333333
73.1,ELS,1,Climb,180,150,15.333333333333332
73.1,ELS,1,Climb,210,180,6.133333333333333
73.1,ELS,1,Climb,240,210,3.2
73.1,ELS,1,Climb,270,240,0.0
73.1,ELS,1,Climb,300,270,0.0
73.1,ELS,1,Climb,330,300,5.6000000000000005
73.1,ELS,1,Climb,360,330,0.0
73.1,ELS,1,Climb,390,360,0.0
73.1,ELS,1,Climb,420,390,0.0
73.1,ELS,1,Climb,450,420,0.0
73.1,ELS,1,Jump,30,0,0.0
73.1,ELS,1,Jump,60,30,0.0
73.1,ELS,1,Jump,90,60,0.0
73.1,ELS,1,Jump,120,90,0.0
73.1,ELS,1,Jump,150,120,0.0
73.1,ELS,1,Jump,180,150,0.0
73.1,ELS,1,Jump,210,180,0.0
73.1,ELS,1,Jump,240,210,0.4
73.1,ELS,1,Jump,270,240,0.0
73.1,ELS,1,Jump,300,270,2.1333333333333333
73.1,ELS,1,Jump,330,300,0.0
73.1,ELS,1,Jump,360,330,0.0
73.1,ELS,1,Jump,390,360,0.0
73.1,ELS,1,Jump,420,390,0.0
73.1,ELS,1,Jump,450,420,0.0
73.4,ELS,1,Freeze,30,0,10.8
73.4,ELS,1,Freeze,60,30,7.333333333333333
73.4,ELS,1,Freeze,90,60,0.0
73.4,ELS,1,Freeze,120,90,0.0
73.4,ELS,1,Freeze,150,120,20.8
73.4,ELS,1,Freeze,180,150,1.866666666666667
73.4,ELS,1,Freeze,210,180,4.266666666666667
73.4,ELS,1,Freeze,240,210,14.4
73.4,ELS,1,Freeze,270,240,6.266666666666667
73.4,ELS,1,Freeze,300,270,8.799999999999999
73.4,ELS,1,Freeze,330,300,6.266666666666667
73.4,ELS,1,Freeze,360,330,24.666666666666668
73.4,ELS,1,Freeze,390,360,32.13333333333333
73.4,ELS,1,Freeze,420,390,18.53333333333333
73.4,ELS,1,Freeze,450,420,56.66666666666666
73.4,ELS,1,Sniff,30,0,20.933333333333334
73.4,ELS,1,Sniff,60,30,15.6
73.4,ELS,1,Sniff,90,60,21.066666666666663
73.4,ELS,1,Sniff,120,90,8.533333333333333
73.4,ELS,1,Sniff,150,120,6.666666666666667
73.4,ELS,1,Sniff,180,150,34.13333333333333
73.4,ELS,1,Sniff,210,180,29.6
73.4,ELS,1,Sniff,240,210,8.266666666666666
73.4,ELS,1,Sniff,270,240,0.0
73.4,ELS,1,Sniff,300,270,35.333333333333336
73.4,ELS,1,Sniff,330,300,19.6
73.4,ELS,1,Sniff,360,330,0.0
73.4,ELS,1,Sniff,390,360,0.0
73.4,ELS,1,Sniff,420,390,0.0
73.4,ELS,1,Sniff,450,420,14.000000000000002
73.4,ELS,1,Groom,30,0,0.0
73.4,ELS,1,Groom,60,30,0.0
73.4,ELS,1,Groom,90,60,0.0
73.4,ELS,1,Groom,120,90,0.0
73.4,ELS,1,Groom,150,120,0.5333333333333333
73.4,ELS,1,Groom,180,150,0.0
73.4,ELS,1,Groom,210,180,0.0
73.4,ELS,1,Groom,240,210,0.0
73.4,ELS,1,Groom,270,240,0.0
73.4,ELS,1,Groom,300,270,0.0
73.4,ELS,1,Groom,330,300,0.0
73.4,ELS,1,Groom,360,330,0.0
73.4,ELS,1,Groom,390,360,0.0
73.4,ELS,1,Groom,420,390,0.0
73.4,ELS,1,Groom,450,420,0.0
73.4,ELS,1,Turn,30,0,48.4
73.4,ELS,1,Turn,60,30,60.53333333333333
73.4,ELS,1,Turn,90,60,29.333333333333336
73.4,ELS,1,Turn,120,90,54.666666666666664
73.4,ELS,1,Turn,150,120,34.66666666666667
73.4,ELS,1,Turn,180,150,30.400000000000002
73.4,ELS,1,Turn,210,180,35.46666666666667
73.4,ELS,1,Turn,240,210,73.6
73.4,ELS,1,Turn,270,240,92.13333333333333
73.4,ELS,1,Turn,300,270,22.266666666666666
73.4,ELS,1,Turn,330,300,39.6
73.4,ELS,1,Turn,360,330,57.6
73.4,ELS,1,Turn,390,360,60.93333333333334
73.4,ELS,1,Turn,420,390,77.73333333333333
73.4,ELS,1,Turn,450,420,29.333333333333332
73.4,ELS,1,Locomotion,30,0,0.0
73.4,ELS,1,Locomotion,60,30,4.4
73.4,ELS,1,Locomotion,90,60,6.2666666666666675
73.4,ELS,1,Locomotion,120,90,5.2
73.4,ELS,1,Locomotion,150,120,2.5333333333333337
73.4,ELS,1,Locomotion,180,150,0.0
73.4,ELS,1,Locomotion,210,180,0.6666666666666667
73.4,ELS,1,Locomotion,240,210,0.0
73.4,ELS,1,Locomotion,270,240,1.6
73.4,ELS,1,Locomotion,300,270,2.1333333333333333
73.4,ELS,1,Locomotion,330,300,0.0
73.4,ELS,1,Locomotion,360,330,0.0
73.4,ELS,1,Locomotion,390,360,0.1333333333333333
73.4,ELS,1,Locomotion,420,390,1.0666666666666669
73.4,ELS,1,Locomotion,450,420,0.0
73.4,ELS,1,Climb,30,0,5.333333333333334
73.4,ELS,1,Climb,60,30,5.6000000000000005
73.4,ELS,1,Climb,90,60,12.933333333333334
73.4,ELS,1,Climb,120,90,17.2
73.4,ELS,1,Climb,150,120,17.2
73.4,ELS,1,Climb,180,150,16.666666666666664
73.4,ELS,1,Climb,210,180,17.733333333333334
73.4,ELS,1,Climb,240,210,3.2
73.4,ELS,1,Climb,270,240,0.0
73.4,ELS,1,Climb,300,270,0.0
73.4,ELS,1,Climb,330,300,3.4666666666666663
73.4,ELS,1,Climb,360,330,0.0
73.4,ELS,1,Climb,390,360,0.0
73.4,ELS,1,Climb,420,390,0.0
73.4,ELS,1,Climb,450,420,0.0
73.4,ELS,1,Jump,30,0,0.0
73.4,ELS,1,Jump,60,30,0.0
73.4,ELS,1,Jump,90,60,0.0
73.4,ELS,1,Jump,120,90,0.0
73.4,ELS,1,Jump,150,120,0.0
73.4,ELS,1,Jump,180,150,0.0
73.4,ELS,1,Jump,210,180,5.066666666666666
73.4,ELS,1,Jump,240,210,0.0
73.4,ELS,1,Jump,270,240,0.0
73.4,ELS,1,Jump,300,270,4.0
73.4,ELS,1,Jump,330,300,0.0
73.4,ELS,1,Jump,360,330,0.0
73.4,ELS,1,Jump,390,360,6.133333333333334
73.4,ELS,1,Jump,420,390,0.0
73.4,ELS,1,Jump,450,420,0.0
74.1,Control,1,Freeze,30,0,0.0
74.1,Control,1,Freeze,60,30,0.0
74.1,Control,1,Freeze,90,60,5.333333333333334
74.1,Control,1,Freeze,120,90,0.0
74.1,Control,1,Freeze,150,120,4.0
74.1,Control,1,Freeze,180,150,1.4666666666666666
74.1,Control,1,Freeze,210,180,5.2
74.1,Control,1,Freeze,240,210,34.0
74.1,Control,1,Freeze,270,240,10.266666666666667
74.1,Control,1,Freeze,300,270,18.4
74.1,Control,1,Freeze,330,300,30.53333333333333
74.1,Control,1,Freeze,360,330,19.866666666666667
74.1,Control,1,Freeze,390,360,34.266666666666666
74.1,Control,1,Freeze,420,390,57.73333333333333
74.1,Control,1,Freeze,450,420,31.333333333333336
74.1,Control,1,Sniff,30,0,29.73333333333333
74.1,Control,1,Sniff,60,30,21.46666666666667
74.1,Control,1,Sniff,90,60,10.933333333333334
74.1,Control,1,Sniff,120,90,51.73333333333333
74.1,Control,1,Sniff,150,120,20.53333333333333
74.1,Control,1,Sniff,180,150,0.0
74.1,Control,1,Sniff,210,180,0.0
74.1,Control,1,Sniff,240,210,0.0
74.1,Control,1,Sniff,270,240,0.0
74.1,Control,1,Sniff,300,270,9.333333333333334
74.1,Control,1,Sniff,330,300,2.666666666666667
74.1,Control,1,Sniff,360,330,10.266666666666667
74.1,Control,1,Sniff,390,360,1.0666666666666669
74.1,Control,1,Sniff,420,390,0.0
74.1,Control,1,Sniff,450,420,3.733333333333334
74.1,Control,1,Groom,30,0,0.0
74.1,Control,1,Groom,60,30,0.0
74.1,Control,1,Groom,90,60,0.0
74.1,Control,1,Groom,120,90,0.0
74.1,Control,1,Groom,150,120,0.0
74.1,Control,1,Groom,180,150,0.0
74.1,Control,1,Groom,210,180,0.0
74.1,Control,1,Groom,240,210,0.0
74.1,Control,1,Groom,270,240,0.0
74.1,Control,1,Groom,300,270,0.0
74.1,Control,1,Groom,330,300,0.0
74.1,Control,1,Groom,360,330,0.0
74.1,Control,1,Groom,390,360,0.0
74.1,Control,1,Groom,420,390,0.0
74.1,Control,1,Groom,450,420,0.0
74.1,Control,1,Turn,30,0,58.8
74.1,Control,1,Turn,60,30,47.86666666666666
74.1,Control,1,Turn,90,60,59.733333333333334
74.1,Control,1,Turn,120,90,20.4
74.1,Control,1,Turn,150,120,47.33333333333333
74.1,Control,1,Turn,180,150,59.733333333333334
74.1,Control,1,Turn,210,180,42.93333333333334
74.1,Control,1,Turn,240,210,64.93333333333334
74.1,Control,1,Turn,270,240,85.73333333333333
74.1,Control,1,Turn,300,270,46.266666666666666
74.1,Control,1,Turn,330,300,55.599999999999994
74.1,Control,1,Turn,360,330,50.8
74.1,Control,1,Turn,390,360,55.46666666666667
74.1,Control,1,Turn,420,390,35.33333333333333
74.1,Control,1,Turn,450,420,60.66666666666667
74.1,Control,1,Locomotion,30,0,0.0
74.1,Control,1,Locomotion,60,30,0.0
74.1,Control,1,Locomotion,90,60,3.8666666666666667
74.1,Control,1,Locomotion,120,90,2.8000000000000007
74.1,Control,1,Locomotion,150,120,0.0
74.1,Control,1,Locomotion,180,150,1.2000000000000002
74.1,Control,1,Locomotion,210,180,5.066666666666667
74.1,Control,1,Locomotion,240,210,0.4
74.1,Control,1,Locomotion,270,240,3.333333333333333
74.1,Control,1,Locomotion,300,270,0.0
74.1,Control,1,Locomotion,330,300,0.4
74.1,Control,1,Locomotion,360,330,0.0
74.1,Control,1,Locomotion,390,360,4.133333333333333
74.1,Control,1,Locomotion,420,390,0.8
74.1,Control,1,Locomotion,450,420,0.3999999999999999
74.1,Control,1,Climb,30,0,0.6666666666666667
74.1,Control,1,Climb,60,30,2.8000000000000003
74.1,Control,1,Climb,90,60,3.6
74.1,Control,1,Climb,120,90,15.466666666666669
74.1,Control,1,Climb,150,120,0.0
74.1,Control,1,Climb,180,150,22.53333333333333
74.1,Control,1,Climb,210,180,4.8
74.1,Control,1,Climb,240,210,0.0
74.1,Control,1,Climb,270,240,0.0
74.1,Control,1,Climb,300,270,0.0
74.1,Control,1,Climb,330,300,0.0
74.1,Control,1,Climb,360,330,0.0
74.1,Control,1,Climb,390,360,1.866666666666667
74.1,Control,1,Climb,420,390,0.2666666666666666
74.1,Control,1,Climb,450,420,0.0
74.1,Control,1,Jump,30,0,0.0
74.1,Control,1,Jump,60,30,0.0
74.1,Control,1,Jump,90,60,0.0
74.1,Control,1,Jump,120,90,0.0
74.1,Control,1,Jump,150,120,0.0
74.1,Control,1,Jump,180,150,0.0
74.1,Control,1,Jump,210,180,3.866666666666667
74.1,Control,1,Jump,240,210,0.0
74.1,Control,1,Jump,270,240,0.0
74.1,Control,1,Jump,300,270,4.000000000000001
74.1,Control,1,Jump,330,300,1.3333333333333337
74.1,Control,1,Jump,360,330,0.0
74.1,Control,1,Jump,390,360,0.0
74.1,Control,1,Jump,420,390,0.0
74.1,Control,1,Jump,450,420,0.0
75.1,ELS,1,Freeze,30,0,0.0
75.1,ELS,1,Freeze,60,30,0.0
75.1,ELS,1,Freeze,90,60,0.5333333333333333
75.1,ELS,1,Freeze,120,90,2.933333333333333
75.1,ELS,1,Freeze,150,120,0.0
75.1,ELS,1,Freeze,180,150,0.0
75.1,ELS,1,Freeze,210,180,5.6000000000000005
75.1,ELS,1,Freeze,240,210,10.933333333333334
75.1,ELS,1,Freeze,270,240,8.0
75.1,ELS,1,Freeze,300,270,12.133333333333333
75.1,ELS,1,Freeze,330,300,16.53333333333333
75.1,ELS,1,Freeze,360,330,13.066666666666665
75.1,ELS,1,Freeze,390,360,18.4
75.1,ELS,1,Freeze,420,390,24.4
75.1,ELS,1,Freeze,450,420,20.933333333333334
75.1,ELS,1,Sniff,30,0,31.86666666666667
75.1,ELS,1,Sniff,60,30,0.0
75.1,ELS,1,Sniff,90,60,2.0
75.1,ELS,1,Sniff,120,90,0.0
75.1,ELS,1,Sniff,150,120,12.0
75.1,ELS,1,Sniff,180,150,3.333333333333333
75.1,ELS,1,Sniff,210,180,7.866666666666666
75.1,ELS,1,Sniff,240,210,0.0
75.1,ELS,1,Sniff,270,240,0.0
75.1,ELS,1,Sniff,300,270,0.0
75.1,ELS,1,Sniff,330,300,0.0
75.1,ELS,1,Sniff,360,330,10.266666666666667
75.1,ELS,1,Sniff,390,360,8.133333333333333
75.1,ELS,1,Sniff,420,390,0.0
75.1,ELS,1,Sniff,450,420,0.0
75.1,ELS,1,Groom,30,0,0.0
75.1,ELS,1,Groom,60,30,0.0
75.1,ELS,1,Groom,90,60,0.0
75.1,ELS,1,Groom,120,90,0.0
75.1,ELS,1,Groom,150,120,0.0
75.1,ELS,1,Groom,180,150,0.0
75.1,ELS,1,Groom,210,180,0.0
75.1,ELS,1,Groom,240,210,0.0
75.1,ELS,1,Groom,270,240,0.0
75.1,ELS,1,Groom,300,270,0.0
75.1,ELS,1,Groom,330,300,0.0
75.1,ELS,1,Groom,360,330,0.0
75.1,ELS,1,Groom,390,360,0.2666666666666666
75.1,ELS,1,Groom,420,390,0.0
75.1,ELS,1,Groom,450,420,0.0
75.1,ELS,1,Turn,30,0,32.13333333333333
75.1,ELS,1,Turn,60,30,37.46666666666667
75.1,ELS,1,Turn,90,60,28.266666666666666
75.1,ELS,1,Turn,120,90,24.666666666666668
75.1,ELS,1,Turn,150,120,22.800000000000004
75.1,ELS,1,Turn,180,150,30.0
75.1,ELS,1,Turn,210,180,37.733333333333334
75.1,ELS,1,Turn,240,210,68.66666666666666
75.1,ELS,1,Turn,270,240,62.39999999999999
75.1,ELS,1,Turn,300,270,55.6
75.1,ELS,1,Turn,330,300,59.733333333333334
75.1,ELS,1,Turn,360,330,59.33333333333333
75.1,ELS,1,Turn,390,360,54.8
75.1,ELS,1,Turn,420,390,41.86666666666667
75.1,ELS,1,Turn,450,420,47.86666666666667
75.1,ELS,1,Locomotion,30,0,8.133333333333333
75.1,ELS,1,Locomotion,60,30,10.8
75.1,ELS,1,Locomotion,90,60,22.53333333333333
75.1,ELS,1,Locomotion,120,90,22.666666666666668
75.1,ELS,1,Locomotion,150,120,19.733333333333334
75.1,ELS,1,Locomotion,180,150,9.466666666666667
75.1,ELS,1,Locomotion,210,180,1.6
75.1,ELS,1,Locomotion,240,210,1.4666666666666666
75.1,ELS,1,Locomotion,270,240,4.933333333333334
75.1,ELS,1,Locomotion,300,270,6.533333333333333
75.1,ELS,1,Locomotion,330,300,2.8
75.1,ELS,1,Locomotion,360,330,0.8
75.1,ELS,1,Locomotion,390,360,6.933333333333334
75.1,ELS,1,Locomotion,420,390,2.533333333333333
75.1,ELS,1,Locomotion,450,420,1.7333333333333334
75.1,ELS,1,Climb,30,0,6.133333333333333
75.1,ELS,1,Climb,60,30,18.4
75.1,ELS,1,Climb,90,60,13.866666666666664
75.1,ELS,1,Climb,120,90,20.53333333333333
75.1,ELS,1,Climb,150,120,17.2
75.1,ELS,1,Climb,180,150,18.266666666666666
75.1,ELS,1,Climb,210,180,7.733333333333333
75.1,ELS,1,Climb,240,210,5.2
75.1,ELS,1,Climb,270,240,5.6000000000000005
75.1,ELS,1,Climb,300,270,14.000000000000002
75.1,ELS,1,Climb,330,300,5.2
75.1,ELS,1,Climb,360,330,13.733333333333334
75.1,ELS,1,Climb,390,360,4.133333333333333
75.1,ELS,1,Climb,420,390,18.666666666666668
75.1,ELS,1,Climb,450,420,2.933333333333333
75.1,ELS,1,Jump,30,0,0.0
75.1,ELS,1,Jump,60,30,0.0
75.1,ELS,1,Jump,90,60,0.3999999999999999
75.1,ELS,1,Jump,120,90,1.6
75.1,ELS,1,Jump,150,120,0.1333333333333333
75.1,ELS,1,Jump,180,150,1.4666666666666666
75.1,ELS,1,Jump,210,180,2.2666666666666666
75.1,ELS,1,Jump,240,210,0.0
75.1,ELS,1,Jump,270,240,0.0
75.1,ELS,1,Jump,300,270,1.6
75.1,ELS,1,Jump,330,300,0.0
75.1,ELS,1,Jump,360,330,0.0
75.1,ELS,1,Jump,390,360,0.1333333333333333
75.1,ELS,1,Jump,420,390,0.0
75.1,ELS,1,Jump,450,420,0.0
80.3,Control,1,Freeze,30,0,2.533333333333333
80.3,Control,1,Freeze,60,30,0.0
80.3,Control,1,Freeze,90,60,1.3333333333333337
80.3,Control,1,Freeze,120,90,8.133333333333333
80.3,Control,1,Freeze,150,120,6.800000000000001
80.3,Control,1,Freeze,180,150,4.533333333333333
80.3,Control,1,Freeze,210,180,25.2
80.3,Control,1,Freeze,240,210,9.866666666666667
80.3,Control,1,Freeze,270,240,0.0
80.3,Control,1,Freeze,300,270,10.133333333333333
80.3,Control,1,Freeze,330,300,5.466666666666667
80.3,Control,1,Freeze,360,330,0.0
80.3,Control,1,Freeze,390,360,5.466666666666667
80.3,Control,1,Freeze,420,390,0.0
80.3,Control,1,Freeze,450,420,9.066666666666666
80.3,Control,1,Sniff,30,0,0.0
80.3,Control,1,Sniff,60,30,0.0
80.3,Control,1,Sniff,90,60,0.0
80.3,Control,1,Sniff,120,90,4.266666666666667
80.3,Control,1,Sniff,150,120,4.933333333333334
80.3,Control,1,Sniff,180,150,0.0
80.3,Control,1,Sniff,210,180,0.0
80.3,Control,1,Sniff,240,210,0.0
80.3,Control,1,Sniff,270,240,0.0
80.3,Control,1,Sniff,300,270,15.333333333333332
80.3,Control,1,Sniff,330,300,0.0
80.3,Control,1,Sniff,360,330,0.0
80.3,Control,1,Sniff,390,360,0.0
80.3,Control,1,Sniff,420,390,37.2
80.3,Control,1,Sniff,450,420,0.0
80.3,Control,1,Groom,30,0,0.0
80.3,Control,1,Groom,60,30,0.0
80.3,Control,1,Groom,90,60,0.0
80.3,Control,1,Groom,120,90,0.0
80.3,Control,1,Groom,150,120,0.0
80.3,Control,1,Groom,180,150,0.0
80.3,Control,1,Groom,210,180,0.0
80.3,Control,1,Groom,240,210,0.0
80.3,Control,1,Groom,270,240,0.0
80.3,Control,1,Groom,300,270,0.0
80.3,Control,1,Groom,330,300,0.0
80.3,Control,1,Groom,360,330,0.0
80.3,Control,1,Groom,390,360,0.0
80.3,Control,1,Groom,420,390,0.0
80.3,Control,1,Groom,450,420,0.0
80.3,Control,1,Turn,30,0,80.26666666666667
80.3,Control,1,Turn,60,30,88.4
80.3,Control,1,Turn,90,60,55.06666666666667
80.3,Control,1,Turn,120,90,47.599999999999994
80.3,Control,1,Turn,150,120,52.93333333333334
80.3,Control,1,Turn,180,150,67.06666666666666
80.3,Control,1,Turn,210,180,43.733333333333334
80.3,Control,1,Turn,240,210,68.66666666666667
80.3,Control,1,Turn,270,240,62.8
80.3,Control,1,Turn,300,270,67.06666666666666
80.3,Control,1,Turn,330,300,74.13333333333334
80.3,Control,1,Turn,360,330,4.933333333333334
80.3,Control,1,Turn,390,360,80.4
80.3,Control,1,Turn,420,390,38.26666666666667
80.3,Control,1,Turn,450,420,57.06666666666666
80.3,Control,1,Locomotion,30,0,2.4
80.3,Control,1,Locomotion,60,30,4.4
80.3,Control,1,Locomotion,90,60,11.333333333333334
80.3,Control,1,Locomotion,120,90,8.799999999999999
80.3,Control,1,Locomotion,150,120,11.066666666666666
80.3,Control,1,Locomotion,180,150,5.333333333333333
80.3,Control,1,Locomotion,210,180,1.0666666666666669
80.3,Control,1,Locomotion,240,210,2.1333333333333333
80.3,Control,1,Locomotion,270,240,0.0
80.3,Control,1,Locomotion,300,270,2.0
80.3,Control,1,Locomotion,330,300,2.9333333333333336
80.3,Control,1,Locomotion,360,330,0.0
80.3,Control,1,Locomotion,390,360,2.6666666666666674
80.3,Control,1,Locomotion,420,390,2.0
80.3,Control,1,Locomotion,450,420,0.0
80.3,Control,1,Climb,30,0,0.0
80.3,Control,1,Climb,60,30,6.666666666666667
80.3,Control,1,Climb,90,60,18.266666666666666
80.3,Control,1,Climb,120,90,13.6
80.3,Control,1,Climb,150,120,0.0
80.3,Control,1,Climb,180,150,14.4
80.3,Control,1,Climb,210,180,3.0666666666666664
80.3,Control,1,Climb,240,210,10.133333333333333
80.3,Control,1,Climb,270,240,5.2
80.3,Control,1,Climb,300,270,0.0
80.3,Control,1,Climb,330,300,0.0
80.3,Control,1,Climb,360,330,0.0
80.3,Control,1,Climb,390,360,0.0
80.3,Control,1,Climb,420,390,0.0
80.3,Control,1,Climb,450,420,0.0
80.3,Control,1,Jump,30,0,0.0
80.3,Control,1,Jump,60,30,0.0
80.3,Control,1,Jump,90,60,0.0
80.3,Control,1,Jump,120,90,0.0
80.3,Control,1,Jump,150,120,0.0
80.3,Control,1,Jump,180,150,0.0
80.3,Control,1,Jump,210,180,2.0
80.3,Control,1,Jump,240,210,0.2666666666666666
80.3,Control,1,Jump,270,240,0.0
80.3,Control,1,Jump,300,270,5.466666666666667
80.3,Control,1,Jump,330,300,0.0
80.3,Control,1,Jump,360,330,0.0
80.3,Control,1,Jump,390,360,2.8000000000000007
80.3,Control,1,Jump,420,390,1.0666666666666669
80.3,Control,1,Jump,450,420,0.0
88.2,ELS,1,Freeze,30,0,1.4666666666666666
88.2,ELS,1,Freeze,60,30,14.4
88.2,ELS,1,Freeze,90,60,0.0
88.2,ELS,1,Freeze,120,90,2.4
88.2,ELS,1,Freeze,150,120,4.266666666666667
88.2,ELS,1,Freeze,180,150,0.0
88.2,ELS,1,Freeze,210,180,4.933333333333334
88.2,ELS,1,Freeze,240,210,12.933333333333334
88.2,ELS,1,Freeze,270,240,12.133333333333333
88.2,ELS,1,Freeze,300,270,13.466666666666663
88.2,ELS,1,Freeze,330,300,14.266666666666666
88.2,ELS,1,Freeze,360,330,20.133333333333333
88.2,ELS,1,Freeze,390,360,28.133333333333333
88.2,ELS,1,Freeze,420,390,19.2
88.2,ELS,1,Freeze,450,420,55.06666666666666
88.2,ELS,1,Sniff,30,0,0.0
88.2,ELS,1,Sniff,60,30,26.53333333333333
88.2,ELS,1,Sniff,90,60,5.2
88.2,ELS,1,Sniff,120,90,1.4666666666666666
88.2,ELS,1,Sniff,150,120,0.8
88.2,ELS,1,Sniff,180,150,0.0
88.2,ELS,1,Sniff,210,180,0.0
88.2,ELS,1,Sniff,240,210,0.0
88.2,ELS,1,Sniff,270,240,0.0
88.2,ELS,1,Sniff,300,270,3.8666666666666663
88.2,ELS,1,Sniff,330,300,1.2
88.2,ELS,1,Sniff,360,330,0.0
88.2,ELS,1,Sniff,390,360,7.066666666666666
88.2,ELS,1,Sniff,420,390,21.999999999999996
88.2,ELS,1,Sniff,450,420,0.0
88.2,ELS,1,Groom,30,0,0.0
88.2,ELS,1,Groom,60,30,0.0
88.2,ELS,1,Groom,90,60,0.0
88.2,ELS,1,Groom,120,90,0.0
88.2,ELS,1,Groom,150,120,0.0
88.2,ELS,1,Groom,180,150,0.0
88.2,ELS,1,Groom,210,180,0.0
88.2,ELS,1,Groom,240,210,0.0
88.2,ELS,1,Groom,270,240,0.0
88.2,ELS,1,Groom,300,270,0.0
88.2,ELS,1,Groom,330,300,0.0
88.2,ELS,1,Groom,360,330,0.0
88.2,ELS,1,Groom,390,360,0.0
88.2,ELS,1,Groom,420,390,0.0
88.2,ELS,1,Groom,450,420,0.0
88.2,ELS,1,Turn,30,0,70.53333333333333
88.2,ELS,1,Turn,60,30,14.666666666666666
88.2,ELS,1,Turn,90,60,53.06666666666666
88.2,ELS,1,Turn,120,90,48.4
88.2,ELS,1,Turn,150,120,28.800000000000004
88.2,ELS,1,Turn,180,150,37.199999999999996
88.2,ELS,1,Turn,210,180,45.6
88.2,ELS,1,Turn,240,210,49.6
88.2,ELS,1,Turn,270,240,60.53333333333333
88.2,ELS,1,Turn,300,270,50.666666666666664
88.2,ELS,1,Turn,330,300,70.13333333333333
88.2,ELS,1,Turn,360,330,59.599999999999994
88.2,ELS,1,Turn,390,360,54.666666666666664
88.2,ELS,1,Turn,420,390,38.8
88.2,ELS,1,Turn,450,420,31.733333333333334
88.2,ELS,1,Locomotion,30,0,2.1333333333333337
88.2,ELS,1,Locomotion,60,30,1.0666666666666669
88.2,ELS,1,Locomotion,90,60,3.733333333333334
88.2,ELS,1,Locomotion,120,90,7.066666666666667
88.2,ELS,1,Locomotion,150,120,4.8
88.2,ELS,1,Locomotion,180,150,7.466666666666667
88.2,ELS,1,Locomotion,210,180,5.333333333333334
88.2,ELS,1,Locomotion,240,210,4.133333333333334
88.2,ELS,1,Locomotion,270,240,0.0
88.2,ELS,1,Locomotion,300,270,11.866666666666667
88.2,ELS,1,Locomotion,330,300,2.666666666666667
88.2,ELS,1,Locomotion,360,330,1.0666666666666669
88.2,ELS,1,Locomotion,390,360,4.533333333333333
88.2,ELS,1,Locomotion,420,390,2.533333333333333
88.2,ELS,1,Locomotion,450,420,0.0
88.2,ELS,1,Climb,30,0,0.0
88.2,ELS,1,Climb,60,30,8.4
88.2,ELS,1,Climb,90,60,16.933333333333334
88.2,ELS,1,Climb,120,90,14.933333333333335
88.2,ELS,1,Climb,150,120,13.2
88.2,ELS,1,Climb,180,150,13.2
88.2,ELS,1,Climb,210,180,9.066666666666666
88.2,ELS,1,Climb,240,210,5.333333333333334
88.2,ELS,1,Climb,270,240,15.733333333333333
88.2,ELS,1,Climb,300,270,9.733333333333333
88.2,ELS,1,Climb,330,300,3.733333333333334
88.2,ELS,1,Climb,360,330,14.666666666666666
88.2,ELS,1,Climb,390,360,0.0
88.2,ELS,1,Climb,420,390,3.2
88.2,ELS,1,Climb,450,420,5.333333333333334
88.2,ELS,1,Jump,30,0,0.0
88.2,ELS,1,Jump,60,30,0.0
88.2,ELS,1,Jump,90,60,0.0
88.2,ELS,1,Jump,120,90,1.866666666666667
88.2,ELS,1,Jump,150,120,0.0
88.2,ELS,1,Jump,180,150,0.0
88.2,ELS,1,Jump,210,180,2.533333333333333
88.2,ELS,1,Jump,240,210,0.0
88.2,ELS,1,Jump,270,240,0.0
88.2,ELS,1,Jump,300,270,0.0
88.2,ELS,1,Jump,330,300,0.0
88.2,ELS,1,Jump,360,330,0.0
88.2,ELS,1,Jump,390,360,0.0
88.2,ELS,1,Jump,420,390,0.0
88.2,ELS,1,Jump,450,420,0.0
88.3,ELS,1,Freeze,30,0,0.6666666666666667
88.3,ELS,1,Freeze,60,30,0.0
88.3,ELS,1,Freeze,90,60,0.0
88.3,ELS,1,Freeze,120,90,6.800000000000001
88.3,ELS,1,Freeze,150,120,0.0
88.3,ELS,1,Freeze,180,150,0.0
88.3,ELS,1,Freeze,210,180,8.266666666666666
88.3,ELS,1,Freeze,240,210,5.6000000000000005
88.3,ELS,1,Freeze,270,240,0.0
88.3,ELS,1,Freeze,300,270,8.933333333333334
88.3,ELS,1,Freeze,330,300,16.133333333333333
88.3,ELS,1,Freeze,360,330,6.800000000000001
88.3,ELS,1,Freeze,390,360,27.200000000000003
88.3,ELS,1,Freeze,420,390,56.266666666666666
88.3,ELS,1,Freeze,450,420,51.33333333333333
88.3,ELS,1,Sniff,30,0,0.0
88.3,ELS,1,Sniff,60,30,7.466666666666668
88.3,ELS,1,Sniff,90,60,1.4666666666666666
88.3,ELS,1,Sniff,120,90,0.0
88.3,ELS,1,Sniff,150,120,0.0
88.3,ELS,1,Sniff,180,150,0.0
88.3,ELS,1,Sniff,210,180,1.866666666666667
88.3,ELS,1,Sniff,240,210,1.7333333333333332
88.3,ELS,1,Sniff,270,240,22.266666666666666
88.3,ELS,1,Sniff,300,270,0.0
88.3,ELS,1,Sniff,330,300,2.0
88.3,ELS,1,Sniff,360,330,0.0
88.3,ELS,1,Sniff,390,360,0.0
88.3,ELS,1,Sniff,420,390,0.0
88.3,ELS,1,Sniff,450,420,0.0
88.3,ELS,1,Groom,30,0,0.0
88.3,ELS,1,Groom,60,30,0.0
88.3,ELS,1,Groom,90,60,0.0
88.3,ELS,1,Groom,120,90,0.0
88.3,ELS,1,Groom,150,120,0.4
88.3,ELS,1,Groom,180,150,0.0
88.3,ELS,1,Groom,210,180,0.0
88.3,ELS,1,Groom,240,210,0.4
88.3,ELS,1,Groom,270,240,0.0
88.3,ELS,1,Groom,300,270,0.0
88.3,ELS,1,Groom,330,300,0.0
88.3,ELS,1,Groom,360,330,0.0
88.3,ELS,1,Groom,390,360,0.0
88.3,ELS,1,Groom,420,390,0.0
88.3,ELS,1,Groom,450,420,0.0
88.3,ELS,1,Turn,30,0,81.33333333333334
88.3,ELS,1,Turn,60,30,47.333333333333336
88.3,ELS,1,Turn,90,60,39.86666666666667
88.3,ELS,1,Turn,120,90,53.599999999999994
88.3,ELS,1,Turn,150,120,53.46666666666667
88.3,ELS,1,Turn,180,150,52.0
88.3,ELS,1,Turn,210,180,58.26666666666666
88.3,ELS,1,Turn,240,210,78.26666666666665
88.3,ELS,1,Turn,270,240,55.06666666666666
88.3,ELS,1,Turn,300,270,48.4
88.3,ELS,1,Turn,330,300,68.53333333333333
88.3,ELS,1,Turn,360,330,76.13333333333333
88.3,ELS,1,Turn,390,360,64.53333333333333
88.3,ELS,1,Turn,420,390,26.0
88.3,ELS,1,Turn,450,420,48.666666666666664
88.3,ELS,1,Locomotion,30,0,6.666666666666666
88.3,ELS,1,Locomotion,60,30,6.933333333333334
88.3,ELS,1,Locomotion,90,60,22.4
88.3,ELS,1,Locomotion,120,90,17.733333333333334
88.3,ELS,1,Locomotion,150,120,16.133333333333333
88.3,ELS,1,Locomotion,180,150,11.6
88.3,ELS,1,Locomotion,210,180,13.066666666666666
88.3,ELS,1,Locomotion,240,210,4.533333333333333
88.3,ELS,1,Locomotion,270,240,4.4
88.3,ELS,1,Locomotion,300,270,8.266666666666666
88.3,ELS,1,Locomotion,330,300,2.6666666666666665
88.3,ELS,1,Locomotion,360,330,0.4
88.3,ELS,1,Locomotion,390,360,5.333333333333334
88.3,ELS,1,Locomotion,420,390,1.2
88.3,ELS,1,Locomotion,450,420,0.0
88.3,ELS,1,Climb,30,0,0.0
88.3,ELS,1,Climb,60,30,0.0
88.3,ELS,1,Climb,90,60,12.0
88.3,ELS,1,Climb,120,90,3.333333333333333
88.3,ELS,1,Climb,150,120,12.933333333333334
88.3,ELS,1,Climb,180,150,15.866666666666667
88.3,ELS,1,Climb,210,180,4.533333333333333
88.3,ELS,1,Climb,240,210,0.0
88.3,ELS,1,Climb,270,240,10.0
88.3,ELS,1,Climb,300,270,0.0
88.3,ELS,1,Climb,330,300,0.0
88.3,ELS,1,Climb,360,330,4.533333333333333
88.3,ELS,1,Climb,390,360,0.0
88.3,ELS,1,Climb,420,390,0.0
88.3,ELS,1,Climb,450,420,0.0
88.3,ELS,1,Jump,30,0,0.0
88.3,ELS,1,Jump,60,30,0.6666666666666667
88.3,ELS,1,Jump,90,60,0.0
88.3,ELS,1,Jump,120,90,0.0
88.3,ELS,1,Jump,150,120,0.0
88.3,ELS,1,Jump,180,150,0.0
88.3,ELS,1,Jump,210,180,3.2000000000000006
88.3,ELS,1,Jump,240,210,0.4
88.3,ELS,1,Jump,270,240,0.0
88.3,ELS,1,Jump,300,270,2.8000000000000007
88.3,ELS,1,Jump,330,300,0.0
88.3,ELS,1,Jump,360,330,0.0
88.3,ELS,1,Jump,390,360,2.9333333333333336
88.3,ELS,1,Jump,420,390,1.8666666666666665
88.3,ELS,1,Jump,450,420,0.0
